24	287699	351.0	217.0
36	287699	353.0	218.0
48	287699	356.0	218.0
60	287699	362.0	220.0
72	287699	368.0	220.0
84	287699	377.0	220.0
96	287699	388.0	220.0
108	287699	399.0	222.0
120	287699	409.0	223.0
132	287699	421.0	224.0
144	287699	430.0	226.0
156	287699	441.0	227.0
168	287699	449.0	229.0
180	287699	460.0	231.0
192	287699	470.0	234.0
204	287699	483.0	236.0
216	287699	499.0	240.0
228	287699	522.0	245.0
240	287699	551.0	251.0
252	287699	593.0	258.0
264	287699	654.0	267.0
276	287699	746.0	281.0
288	287699	890.0	303.0
96	287713	371.0	217.0
108	287713	378.0	217.0
120	287713	385.0	219.0
132	287713	393.0	219.33333333333334
144	287713	401.0	221.0
156	287713	406.0	221.0
168	287713	410.0	222.0
180	287713	413.0	223.0
192	287713	416.0	224.0
204	287713	420.0	225.0
216	287713	424.0	228.0
228	287713	428.0	230.0
240	287713	436.0	233.0
252	287713	447.0	235.0
264	287713	462.0	238.0
276	287713	481.0	241.0
288	287713	504.0	246.0
300	287713	535.0	249.0
312	287713	574.0	254.0
324	287713	626.0	261.0
336	287713	698.0	270.0
348	287713	806.0	283.0
360	287713	966.0	304.0
168	287730	342.6666666666667	221.0
180	287730	340.9	221.1
192	287730	338.0	223.0
204	287730	335.7142857142857	223.28571428571428
216	287730	331.0	224.0
228	287730	329.0	227.0
240	287730	327.0	229.0
252	287730	328.0	232.0
264	287730	330.0	233.0
276	287730	331.0	235.0
288	287730	337.0	237.0
300	287730	342.0	238.0
312	287730	349.0	241.0
324	287730	355.0	243.0
336	287730	363.0	247.0
348	287730	373.0	250.0
360	287730	386.0	254.0
372	287730	404.0	261.0
384	287730	431.0	268.0
396	287730	469.0	276.0
408	287730	524.0	289.0
420	287730	614.0	309.0
432	287730	772.0	348.0
444	287730	1022.0	432.0
252	287786	290.0	224.0
264	287786	288.0	224.0
276	287786	287.0	225.0
288	287786	286.0	226.0
300	287786	286.0	225.0
312	287786	285.0	226.0
324	287786	284.0	227.0
336	287786	282.0	229.0
348	287786	281.0	229.0
360	287786	278.0	229.0
372	287786	275.0	230.0
384	287786	277.0	231.0
396	287786	279.0	231.0
408	287786	282.0	232.0
420	287786	287.0	232.0
432	287786	295.0	232.0
444	287786	304.0	234.0
456	287786	316.0	235.0
468	287786	330.0	236.0
480	287786	345.0	237.0
492	287786	362.0	238.0
504	287786	376.0	240.0
516	287786	393.0	243.0
528	287786	407.0	247.0
540	287786	424.0	252.0
552	287786	441.0	258.0
564	287786	462.0	265.0
576	287786	488.0	276.0
588	287786	524.0	291.0
600	287786	584.0	311.0
612	287786	692.0	345.0
624	287786	919.0	412.0
336	287836	303.0	226.0
348	287836	302.0	225.0
360	287836	300.0	225.0
372	287836	298.0	227.0
384	287836	300.0	228.0
396	287836	303.0	227.0
408	287836	307.0	229.0
420	287836	314.0	228.0
432	287836	322.0	227.0
444	287836	332.0	230.0
456	287836	345.0	229.0
468	287836	359.0	231.0
480	287836	376.0	231.0
492	287836	392.0	232.0
504	287836	409.0	234.0
516	287836	425.0	235.0
528	287836	441.0	238.0
540	287836	459.0	242.0
552	287836	477.0	245.0
564	287836	498.0	249.0
576	287836	522.0	256.0
588	287836	553.0	264.0
600	287836	598.0	274.0
612	287836	670.0	287.0
624	287836	788.0	299.0
636	287836	988.0	350.0
516	287945	311.0	220.0
528	287945	315.0	222.0
540	287945	316.0	222.0
552	287945	315.0	222.0
564	287945	311.0	223.0
576	287945	304.0	224.0
588	287945	291.0	226.0
600	287945	279.0	226.0
612	287945	265.0	228.0
624	287945	252.0	230.0
636	287945	237.0	231.0
648	287945	219.0	232.0
660	287945	197.0	233.0
672	287945	175.0	235.0
684	287945	173.0	237.0
696	287945	211.0	238.0
708	287945	263.0	239.0
720	287945	304.0	240.0
732	287945	334.0	240.0
744	287945	353.0	241.0
756	287945	364.0	244.0
768	287945	368.0	247.0
780	287945	373.0	253.0
792	287945	382.0	259.0
804	287945	397.0	266.0
816	287945	424.0	275.0
828	287945	465.0	287.0
840	287945	527.0	303.0
852	287945	625.0	325.0
864	287945	792.0	364.0
876	287945	1009.0	436.0
720	288132	272.0	229.0
732	288132	298.0	229.0
744	288132	311.0	230.0
756	288132	314.0	230.0
768	288132	309.0	231.0
780	288132	300.0	232.0
792	288132	293.0	235.0
804	288132	290.0	238.0
816	288132	290.0	242.0
828	288132	294.0	244.0
840	288132	303.0	248.0
852	288132	316.0	250.0
864	288132	333.0	255.0
876	288132	354.0	258.0
888	288132	374.0	262.0
900	288132	398.0	268.0
912	288132	427.0	274.0
924	288132	466.0	283.0
936	288132	515.0	293.0
948	288132	585.0	308.0
960	288132	690.0	328.0
972	288132	862.0	360.0
720	288139	255.0	226.0
732	288139	280.0	226.0
744	288139	292.0	226.0
756	288139	292.0	226.0
768	288139	285.0	227.0
780	288139	274.0	229.0
792	288139	264.0	232.0
804	288139	256.0	233.0
816	288139	252.0	236.0
828	288139	251.0	238.0
840	288139	254.0	240.0
852	288139	261.0	243.0
864	288139	270.0	245.0
876	288139	279.0	247.0
888	288139	289.0	251.0
900	288139	298.0	254.0
912	288139	308.0	258.0
924	288139	321.0	262.0
936	288139	337.0	268.0
948	288139	355.0	274.0
960	288139	381.0	283.0
972	288139	417.0	293.0
984	288139	472.0	306.0
996	288139	556.0	327.0
1008	288139	699.0	360.0
1020	288139	962.0	421.0
804	288203	234.2	226.2
816	288203	227.8	226.8
828	288203	224.0	229.0
840	288203	223.0	231.0
852	288203	225.66666666666666	231.66666666666666
864	288203	231.0	232.0
876	288203	235.0	234.0
888	288203	237.0	235.0
900	288203	240.0	237.0
912	288203	240.0	238.0
924	288203	241.0	239.0
936	288203	240.0	242.0
948	288203	237.0	244.0
960	288203	236.0	246.0
972	288203	235.0	247.0
984	288203	236.0	248.0
996	288203	239.0	250.0
1008	288203	244.0	251.0
1020	288203	249.0	252.0
1032	288203	258.0	253.0
1044	288203	271.0	253.0
1056	288203	287.0	254.0
1068	288203	305.0	255.0
1080	288203	326.0	256.0
1092	288203	353.0	256.0
1104	288203	383.0	260.0
1116	288203	417.0	264.0
1128	288203	460.0	268.0
1140	288203	510.0	275.0
1152	288203	574.0	283.0
1164	288203	660.0	295.0
1176	288203	777.0	311.0
1188	288203	956.0	337.0
816	288213	209.65	229.15
828	288213	205.45	230.95
840	288213	202.0	232.0
852	288213	204.0	234.0
864	288213	208.0	235.0
876	288213	211.0	236.0
888	288213	213.0	237.0
900	288213	213.0	239.0
912	288213	213.0	241.0
924	288213	213.0	242.0
936	288213	210.0	243.0
948	288213	209.0	246.0
960	288213	205.0	249.0
972	288213	203.0	251.0
984	288213	202.0	251.0
996	288213	202.0	254.0
1008	288213	205.0	254.0
1020	288213	210.0	256.0
1032	288213	216.0	258.0
1044	288213	226.0	256.0
1056	288213	239.0	259.0
1068	288213	252.0	260.0
1080	288213	271.0	262.0
1092	288213	292.0	261.0
1104	288213	317.0	265.0
1116	288213	346.0	271.0
1128	288213	378.0	276.0
1140	288213	415.0	282.0
1152	288213	464.0	291.0
1164	288213	523.0	302.0
1176	288213	601.0	319.0
1188	288213	714.0	344.0
1200	288213	894.0	383.0
1212	288213	991.0	425.0
1224	288213	967.0	388.0
1236	288213	982.0	371.0
1248	288213	1044.0	416.0
828	288217	164.0	234.0
840	288217	161.0	236.0
852	288217	164.0	237.0
864	288217	167.0	239.0
876	288217	171.0	240.0
888	288217	171.0	242.0
900	288217	172.0	245.0
912	288217	171.0	246.0
924	288217	170.0	248.0
936	288217	168.0	250.0
948	288217	166.0	253.0
960	288217	163.0	256.0
972	288217	160.0	259.0
984	288217	159.0	260.0
996	288217	161.0	264.0
1008	288217	168.0	266.0
1020	288217	173.0	269.0
1032	288217	184.0	272.0
1044	288217	199.0	274.0
1056	288217	217.0	279.0
1068	288217	239.0	284.0
1080	288217	271.0	292.0
1092	288217	311.0	302.0
1104	288217	364.0	318.0
1116	288217	440.0	343.0
1128	288217	562.0	385.0
1140	288217	801.0	472.0
1152	288217	1000.0	541.0
888	288238	133.0	233.0
900	288238	131.0	235.0
912	288238	127.0	235.0
924	288238	122.0	237.0
936	288238	119.0	238.0
948	288238	113.0	239.0
960	288238	107.0	242.0
972	288238	100.0	242.0
984	288238	95.0	243.0
996	288238	91.13333333333334	243.46666666666667
1008	288238	87.85714285714286	244.0
1020	288238	86.0	244.0
1032	288238	85.0	245.0
1044	288238	88.0	242.0
1056	288238	92.0	242.0
1068	288238	97.0	241.0
1080	288238	104.0	241.0
1092	288238	112.0	239.0
1104	288238	122.0	239.0
1116	288238	134.0	241.0
1128	288238	144.0	242.0
1140	288238	156.0	241.0
1152	288238	168.0	241.0
1164	288238	180.0	243.0
1176	288238	191.0	244.0
1188	288238	200.0	244.0
1200	288238	211.0	246.0
1212	288238	220.0	247.0
1224	288238	231.0	249.0
1236	288238	244.0	250.0
1248	288238	257.0	251.0
1260	288238	271.0	253.0
1272	288238	289.0	256.0
1284	288238	307.0	258.0
1296	288238	327.0	261.0
1308	288238	346.0	265.0
1320	288238	367.0	271.0
1332	288238	390.0	277.0
1344	288238	414.0	285.0
1356	288238	442.0	296.0
1368	288238	478.0	312.0
1380	288238	531.0	336.0
1392	288238	616.0	377.0
1404	288238	784.0	457.0
1416	288238	971.0	542.0
996	288277	110.0	247.0
1008	288277	108.0	247.0
1020	288277	106.0	247.0
1032	288277	107.0	247.0
1044	288277	113.0	245.0
1056	288277	116.0	244.0
1068	288277	122.0	244.0
1080	288277	130.0	244.0
1092	288277	141.0	244.0
1104	288277	152.0	244.0
1116	288277	165.0	245.0
1128	288277	178.0	246.0
1140	288277	191.0	247.0
1152	288277	205.0	249.0
1164	288277	220.0	250.0
1176	288277	237.0	252.0
1188	288277	253.0	254.0
1200	288277	270.0	256.0
1212	288277	287.0	259.0
1224	288277	306.0	264.0
1236	288277	329.0	268.0
1248	288277	356.0	274.0
1260	288277	386.0	280.0
1272	288277	425.0	289.0
1284	288277	474.0	301.0
1296	288277	538.0	319.0
1308	288277	632.0	348.0
1320	288277	793.0	400.0
1332	288277	1016.0	510.0
1008	288282	145.0	250.0
1020	288282	148.0	251.0
1032	288282	151.0	251.0
1044	288282	159.0	251.0
1056	288282	164.0	252.0
1068	288282	173.0	252.0
1080	288282	184.0	253.0
1092	288282	198.0	253.0
1104	288282	214.0	256.0
1116	288282	231.0	259.0
1128	288282	250.0	262.0
1140	288282	272.0	266.0
1152	288282	297.0	271.0
1164	288282	325.0	278.0
1176	288282	359.0	286.0
1188	288282	402.0	297.0
1200	288282	458.0	313.0
1212	288282	540.0	338.0
1224	288282	674.0	381.0
1236	288282	945.0	471.0
1068	288310	141.0	235.0
1080	288310	145.0	235.0
1092	288310	155.0	234.0
1104	288310	164.54545454545453	234.0
1116	288310	174.0	234.0
1128	288310	184.81132075471697	233.66037735849056
1140	288310	195.22641509433961	233.20754716981133
1152	288310	205.64150943396226	232.75471698113208
1164	288310	216.0566037735849	232.30188679245282
1176	288310	226.71428571428572	232.85714285714286
1188	288310	237.0	236.0
1200	288310	247.0	238.0
1212	288310	256.0	238.0
1224	288310	265.0	238.0
1236	288310	277.0	239.0
1248	288310	290.0	240.0
1260	288310	304.0	240.0
1272	288310	319.0	242.0
1284	288310	336.0	242.0
1296	288310	353.0	244.0
1308	288310	370.0	244.0
1320	288310	386.0	246.0
1332	288310	403.0	247.0
1344	288310	420.0	250.0
1356	288310	436.0	251.0
1368	288310	454.0	252.0
1380	288310	476.0	259.0
1392	288310	497.0	263.0
1404	288310	525.0	270.0
1416	288310	561.0	277.0
1428	288310	603.0	273.0
1440	288310	656.0	264.0
1104	288321	189.0	239.0
1116	288321	203.0	241.0
1128	288321	215.0	243.0
1140	288321	228.0	244.0
1152	288321	242.0	245.0
1164	288321	257.0	247.0
1176	288321	272.0	248.0
1188	288321	288.0	250.0
1200	288321	305.0	252.0
1212	288321	322.0	255.0
1224	288321	341.0	258.0
1236	288321	365.0	262.0
1248	288321	391.0	265.0
1260	288321	424.0	270.0
1272	288321	460.0	276.0
1284	288321	505.0	283.0
1296	288321	560.0	293.0
1308	288321	627.0	306.0
1320	288321	703.0	302.0
1332	288321	873.0	351.0
1344	288321	1008.0	410.0
1284	288438	246.0	232.0
1296	288438	258.0	233.0
1308	288438	268.0	233.0
1320	288438	277.5	234.0
1332	288438	287.0	233.0
1344	288438	293.0	234.0
1356	288438	300.0	234.0
1368	288438	306.0	234.0
1380	288438	311.0	234.0
1392	288438	313.0	235.0
1404	288438	319.0	237.0
1416	288438	326.0	237.0
1428	288438	335.0	237.0
1440	288438	343.0	238.0
1452	288438	351.0	240.0
1464	288438	361.0	241.0
1476	288438	369.0	241.0
1488	288438	376.0	243.0
1500	288438	382.0	246.0
1512	288438	384.0	248.0
1524	288438	389.0	249.0
1536	288438	391.0	252.0
1548	288438	391.0	256.0
1560	288438	393.0	259.0
1572	288438	400.0	264.0
1584	288438	406.0	270.0
1596	288438	418.0	277.0
1608	288438	436.0	286.0
1620	288438	460.0	296.0
1632	288438	492.0	310.0
1644	288438	541.0	333.0
1656	288438	609.0	364.0
1668	288438	737.0	424.0
1680	288438	970.0	541.0
1692	288438	1001.0	540.0
1320	288469	316.0	237.0
1332	288469	328.0	238.0
1344	288469	336.0	238.0
1356	288469	344.0	238.0
1368	288469	351.0	240.0
1380	288469	358.0	241.0
1392	288469	364.0	242.0
1404	288469	372.0	244.0
1416	288469	381.0	245.0
1428	288469	394.0	247.0
1440	288469	405.0	249.0
1452	288469	419.0	252.0
1464	288469	434.0	255.0
1476	288469	448.0	258.0
1488	288469	464.0	262.0
1500	288469	478.0	267.0
1512	288469	495.0	273.0
1524	288469	516.0	279.0
1536	288469	539.0	289.0
1548	288469	571.0	303.0
1560	288469	616.0	320.0
1572	288469	688.0	345.0
1584	288469	802.0	386.0
1596	288469	981.0	462.0
1380	288498	344.25	235.75
1392	288498	348.625	236.875
1404	288498	356.85714285714283	238.57142857142858
1416	288498	363.0	239.0
1428	288498	375.0	239.0
1440	288498	384.0	241.0
1452	288498	397.0	244.0
1464	288498	408.0	245.0
1476	288498	421.0	247.0
1488	288498	433.0	248.0
1500	288498	443.0	251.0
1512	288498	454.0	255.0
1524	288498	467.0	258.0
1536	288498	480.0	263.0
1548	288498	496.0	269.0
1560	288498	518.0	277.0
1572	288498	549.0	284.0
1584	288498	592.0	297.0
1596	288498	654.0	313.0
1608	288498	748.0	337.0
1620	288498	896.0	373.0
1632	288498	1005.0	424.0
1404	288517	343.0	234.0
1416	288517	349.0	233.0
1428	288517	359.0	234.0
1440	288517	368.0	235.0
1452	288517	377.0	236.0
1464	288517	385.0	236.0
1476	288517	395.0	238.0
1488	288517	401.0	238.0
1500	288517	407.0	240.0
1512	288517	410.0	241.0
1524	288517	415.0	243.0
1536	288517	417.0	244.0
1548	288517	419.0	247.0
1560	288517	422.0	250.0
1572	288517	427.0	252.0
1584	288517	435.0	256.0
1596	288517	445.0	260.0
1608	288517	458.0	264.0
1620	288517	477.0	269.0
1632	288517	500.0	276.0
1644	288517	529.0	282.0
1656	288517	553.0	270.0
1668	288517	624.0	298.0
1680	288517	699.0	331.0
1692	288517	800.0	364.0
1704	288517	968.0	423.0
1716	288517	1008.0	461.0
1500	288605	363.0	236.0
1512	288605	365.0	238.0
1524	288605	364.0	239.0
1536	288605	364.0	240.0
1548	288605	363.0	243.0
1560	288605	364.0	245.0
1572	288605	365.0	247.0
1584	288605	369.0	249.0
1596	288605	374.0	252.0
1608	288605	381.0	254.0
1620	288605	392.0	258.0
1632	288605	404.0	261.0
1644	288605	418.0	266.0
1656	288605	435.0	271.0
1668	288605	454.0	278.0
1680	288605	477.0	287.0
1692	288605	505.0	298.0
1704	288605	543.0	315.0
1716	288605	596.0	339.0
1728	288605	679.0	379.0
1740	288605	827.0	453.0
1752	288605	981.0	542.0
1572	288663	347.0	235.0
1584	288663	345.0	236.0
1596	288663	347.0	237.0
1608	288663	350.0	238.0
1620	288663	354.0	239.0
1632	288663	362.0	239.0
1644	288663	367.0	241.0
1656	288663	376.0	242.0
1668	288663	384.0	244.0
1680	288663	393.0	246.0
1692	288663	399.0	248.0
1704	288663	409.0	250.0
1716	288663	416.0	254.0
1728	288663	424.0	258.0
1740	288663	431.0	263.0
1752	288663	439.0	268.0
1764	288663	448.0	274.0
1776	288663	462.0	281.0
1788	288663	479.0	290.0
1800	288663	500.0	302.0
1812	288663	533.0	317.0
1824	288663	579.0	336.0
1836	288663	646.0	368.0
1848	288663	761.0	422.0
1860	288663	973.0	530.0
1872	288663	994.0	540.0
1668	288719	347.0	227.0
1680	288719	352.0	228.0
1692	288719	358.0	228.0
1704	288719	361.8	230.0
1716	288719	365.0	231.0
1728	288719	367.0	232.0
1740	288719	367.0	234.0
1752	288719	368.0	236.0
1764	288719	368.0	238.0
1776	288719	368.0	238.0
1788	288719	369.0	240.0
1800	288719	370.0	243.0
1812	288719	373.0	244.0
1824	288719	379.0	245.0
1836	288719	385.0	248.0
1848	288719	392.0	250.0
1860	288719	401.0	252.0
1872	288719	411.0	253.0
1884	288719	419.0	254.0
1896	288719	426.0	258.0
1908	288719	430.0	258.0
1920	288719	434.0	260.0
1932	288719	436.0	263.0
1944	288719	439.0	264.0
1956	288719	436.0	263.0
1968	288719	426.0	262.0
1980	288719	405.0	265.0
1992	288719	373.0	269.0
2004	288719	450.0	275.0
2016	288719	520.0	282.0
2028	288719	562.0	291.0
2040	288719	602.0	306.0
2052	288719	654.0	329.0
2064	288719	745.0	366.0
2076	288719	931.0	432.0
2088	288719	1013.0	490.0
1680	288723	422.0	229.0
1692	288723	430.0	229.0
1704	288723	439.5	231.5
1716	288723	444.3333333333333	232.0
1728	288723	452.0	234.0
1740	288723	457.0	237.0
1752	288723	462.0	238.0
1764	288723	469.0	242.0
1776	288723	477.0	244.0
1788	288723	486.0	246.0
1800	288723	495.0	248.0
1812	288723	509.0	252.0
1824	288723	527.0	256.0
1836	288723	547.0	261.0
1848	288723	572.0	265.0
1860	288723	604.0	271.0
1872	288723	642.0	277.0
1884	288723	687.0	285.0
1896	288723	746.0	298.0
1908	288723	825.0	311.0
1920	288723	938.0	331.0
1716	288762	404.0	235.5
1728	288762	408.0	238.0
1740	288762	411.0	239.0
1752	288762	413.0	243.0
1764	288762	416.0	245.0
1776	288762	420.0	247.0
1788	288762	423.0	249.0
1800	288762	429.0	253.0
1812	288762	435.0	256.0
1824	288762	446.0	258.0
1836	288762	457.0	264.0
1848	288762	469.0	268.0
1860	288762	487.0	272.0
1872	288762	506.0	277.0
1884	288762	527.0	283.0
1896	288762	550.0	292.0
1908	288762	577.0	301.0
1920	288762	611.0	313.0
1932	288762	661.0	331.0
1944	288762	734.0	355.0
1956	288762	853.0	392.0
1968	288762	994.0	461.0
1776	288801	399.46153846153845	229.53846153846155
1788	288801	402.0	230.0
1800	288801	402.0	232.0
1812	288801	404.0	234.0
1824	288801	409.0	234.0
1836	288801	414.0	237.0
1848	288801	421.0	238.0
1860	288801	429.0	239.0
1872	288801	438.0	240.0
1884	288801	444.0	242.0
1896	288801	450.0	244.0
1908	288801	454.0	243.0
1920	288801	454.5	243.5
1932	288801	456.0	244.0
1944	288801	454.0	245.0
1956	288801	450.0	243.0
1968	288801	436.0	239.0
1980	288801	411.0	239.0
1992	288801	374.0	238.0
2004	288801	345.8181818181818	236.1818181818182
2016	288801	378.0	235.0
2028	288801	389.0	235.0
2040	288801	383.0	236.0
2052	288801	365.0	238.0
2064	288801	346.0	239.0
2076	288801	334.0	243.0
2088	288801	329.0	247.0
2100	288801	329.0	249.0
2112	288801	334.0	252.0
2124	288801	343.0	256.0
2136	288801	359.0	259.0
2148	288801	379.0	264.0
2160	288801	405.0	270.0
2172	288801	435.0	276.0
2184	288801	466.0	284.0
2196	288801	503.0	293.0
2208	288801	547.0	305.0
2220	288801	604.0	324.0
2232	288801	687.0	350.0
2244	288801	811.0	392.0
2256	288801	986.0	464.0
1920	288886	410.0	250.0
1932	288886	411.0	251.0
1944	288886	409.0	252.0
1956	288886	403.0	248.0
1968	288886	386.0	245.0
1980	288886	356.0	246.0
1992	288886	313.0	247.0
2004	288886	378.0	250.0
2016	288886	429.0	251.0
2028	288886	444.0	252.0
2040	288886	446.0	256.0
2052	288886	438.0	262.0
2064	288886	432.0	267.0
2076	288886	437.0	276.0
2088	288886	454.0	287.0
2100	288886	483.0	300.0
2112	288886	529.0	318.0
2124	288886	600.0	342.0
2136	288886	717.0	381.0
2148	288886	928.0	453.0
2160	288886	1012.0	505.0
2004	288984	297.0	233.0
2016	288984	341.0	231.0
2028	288984	348.0	231.0
2040	288984	338.0	232.0
2052	288984	318.0	232.0
2064	288984	294.0	234.0
2076	288984	278.0	236.0
2088	288984	269.0	239.0
2100	288984	264.0	241.0
2112	288984	263.0	242.0
2124	288984	264.0	244.0
2136	288984	273.0	246.0
2148	288984	285.0	247.0
2160	288984	302.0	250.0
2172	288984	320.0	252.0
2184	288984	337.0	255.0
2196	288984	353.0	257.0
2208	288984	370.0	260.0
2220	288984	387.0	266.0
2232	288984	406.0	272.0
2244	288984	427.0	279.0
2256	288984	452.0	287.0
2268	288984	481.0	297.0
2280	288984	516.0	310.0
2292	288984	563.0	327.0
2304	288984	627.0	350.0
2316	288984	722.0	385.0
2328	288984	884.0	441.0
2340	288984	1013.0	535.0
2064	289094	354.3333333333333	226.0
2076	289094	342.0	228.0
2088	289094	335.0	230.0
2100	289094	332.0	232.0
2112	289094	333.0	232.0
2124	289094	341.0	232.0
2136	289094	351.0	233.0
2148	289094	367.0	234.0
2160	289094	387.0	237.0
2172	289094	407.0	238.0
2184	289094	427.0	240.0
2196	289094	447.0	242.0
2208	289094	468.0	245.0
2220	289094	491.0	249.0
2232	289094	518.0	254.0
2244	289094	548.0	259.0
2256	289094	585.0	266.0
2268	289094	631.0	273.0
2280	289094	693.0	284.0
2292	289094	778.0	298.0
2304	289094	908.0	319.0
2064	289096	274.0	225.0
2076	289096	254.0	227.0
2088	289096	244.0	228.0
2100	289096	236.0	229.0
2112	289096	233.0	230.0
2124	289096	233.0	230.0
2136	289096	237.5	232.0
2148	289096	247.0	232.0
2160	289096	259.0	232.0
2172	289096	271.0	232.0
2184	289096	282.0	233.0
2196	289096	290.0	233.0
2208	289096	299.0	235.0
2220	289096	304.0	236.0
2232	289096	310.0	237.0
2244	289096	317.0	240.0
2256	289096	321.0	243.0
2268	289096	326.0	245.0
2280	289096	331.0	247.0
2292	289096	335.0	250.0
2304	289096	340.0	252.0
2316	289096	345.0	255.0
2328	289096	349.0	256.0
2340	289096	353.0	258.0
2352	289096	356.0	259.0
2364	289096	359.0	262.0
2376	289096	361.0	264.0
2388	289096	364.0	268.0
2400	289096	367.0	274.0
2412	289096	372.0	279.0
2424	289096	381.0	286.0
2436	289096	395.0	295.0
2448	289096	417.0	307.0
2460	289096	449.0	324.0
2472	289096	494.0	350.0
2484	289096	569.0	388.0
2496	289096	707.0	459.0
2508	289096	947.0	541.0
2172	289153	291.0	229.0
2184	289153	303.0	230.0
2196	289153	311.0	230.0
2208	289153	318.0	230.0
2220	289153	327.0	233.0
2232	289153	333.0	234.0
2244	289153	338.0	236.0
2256	289153	344.0	238.0
2268	289153	350.0	240.0
2280	289153	355.0	242.0
2292	289153	359.0	245.0
2304	289153	363.0	246.0
2316	289153	367.0	248.0
2328	289153	373.0	248.0
2340	289153	376.0	249.0
2352	289153	379.0	249.0
2364	289153	380.0	251.0
2376	289153	382.0	251.0
2388	289153	383.0	253.0
2400	289153	383.0	256.0
2412	289153	385.0	258.0
2424	289153	388.0	260.0
2436	289153	394.0	265.0
2448	289153	401.0	265.0
2460	289153	416.0	267.0
2472	289153	436.0	281.0
2484	289153	459.0	290.0
2496	289153	490.0	302.0
2508	289153	534.0	315.0
2520	289153	596.0	336.0
2532	289153	689.0	366.0
2544	289153	841.0	417.0
2556	289153	1010.0	510.0
2196	289165	341.0	227.0
2208	289165	350.0	228.0
2220	289165	358.0	229.0
2232	289165	366.0	231.0
2244	289165	375.0	234.0
2256	289165	383.0	236.0
2268	289165	392.0	238.0
2280	289165	400.0	240.0
2292	289165	409.0	243.0
2304	289165	418.0	244.0
2316	289165	427.0	248.0
2328	289165	439.0	248.0
2340	289165	450.0	250.0
2352	289165	462.0	252.0
2364	289165	475.0	255.0
2376	289165	492.0	256.0
2388	289165	511.0	261.0
2400	289165	536.0	268.0
2412	289165	572.0	273.0
2424	289165	621.0	284.0
2436	289165	696.0	298.0
2448	289165	816.0	320.0
2460	289165	985.0	360.0
2316	289194	323.0	243.0
2328	289194	328.0	241.0
2340	289194	330.0	241.0
2352	289194	331.0	242.0
2364	289194	330.0	243.0
2376	289194	330.0	242.0
2388	289194	326.0	243.0
2400	289194	323.0	245.0
2412	289194	321.0	245.0
2424	289194	319.0	246.0
2436	289194	318.0	247.0
2448	289194	320.0	249.0
2460	289194	323.0	251.0
2472	289194	326.0	254.0
2484	289194	334.0	256.0
2496	289194	342.0	260.0
2508	289194	353.0	262.0
2520	289194	365.0	266.0
2532	289194	381.0	270.0
2544	289194	397.0	275.0
2556	289194	414.0	281.0
2568	289194	436.0	290.0
2580	289194	463.0	301.0
2592	289194	500.0	313.0
2604	289194	551.0	330.0
2616	289194	625.0	360.0
2628	289194	744.0	407.0
2640	289194	949.0	490.5
2652	289194	993.0	532.0
2340	289202	314.0	237.0
2352	289202	313.0	237.0
2364	289202	309.0	237.0
2376	289202	305.0	235.0
2388	289202	298.0	236.0
2400	289202	293.0	238.0
2412	289202	288.0	237.0
2424	289202	281.0	237.0
2436	289202	277.0	239.0
2448	289202	274.0	238.0
2460	289202	271.0	238.0
2472	289202	269.0	241.0
2484	289202	270.0	242.0
2496	289202	271.0	244.0
2508	289202	275.0	244.0
2520	289202	276.0	246.0
2532	289202	280.0	247.0
2544	289202	283.0	248.0
2556	289202	285.0	250.0
2568	289202	287.0	253.0
2580	289202	290.0	257.0
2592	289202	293.0	259.0
2604	289202	299.0	262.0
2616	289202	306.0	267.0
2628	289202	315.0	274.0
2640	289202	325.0	283.0
2652	289202	345.0	293.0
2664	289202	370.0	306.0
2676	289202	406.0	323.0
2688	289202	454.0	343.0
2700	289202	528.0	373.0
2712	289202	649.0	425.0
2724	289202	874.0	520.0
2736	289202	987.0	540.0
2352	289205	359.0	237.0
2364	289205	358.0	237.0
2376	289205	357.0	236.0
2388	289205	354.0	237.0
2400	289205	351.0	238.0
2412	289205	349.0	238.0
2424	289205	348.0	238.0
2436	289205	347.0	240.0
2448	289205	350.0	241.0
2460	289205	354.0	243.0
2472	289205	358.0	246.0
2484	289205	367.0	247.0
2496	289205	375.0	250.0
2508	289205	388.0	251.0
2520	289205	402.0	255.0
2532	289205	420.0	258.0
2544	289205	439.0	263.0
2556	289205	462.0	269.0
2568	289205	491.0	275.0
2580	289205	528.0	285.0
2592	289205	581.0	297.0
2604	289205	657.0	315.0
2616	289205	775.0	346.0
2628	289205	969.0	400.0
2508	289270	321.0	229.0
2520	289270	325.0	230.0
2532	289270	329.0	231.0
2544	289270	332.0	231.0
2556	289270	335.0	232.0
2568	289270	337.0	232.0
2580	289270	339.0	234.0
2592	289270	341.0	234.0
2604	289270	346.0	234.0
2616	289270	348.0	236.0
2628	289270	353.0	238.0
2640	289270	358.0	242.0
2652	289270	366.0	244.0
2664	289270	376.0	248.0
2676	289270	388.0	250.0
2688	289270	404.0	253.0
2700	289270	425.0	257.0
2712	289270	451.0	264.0
2724	289270	487.0	269.0
2736	289270	534.0	278.0
2748	289270	595.0	289.0
2760	289270	681.0	305.0
2772	289270	812.0	328.0
2784	289270	986.0	370.0
2556	289298	250.64285714285714	231.71428571428572
2568	289298	249.0	232.0
2580	289298	245.25	233.75
2592	289298	242.0	233.0
2604	289298	238.0	233.0
2616	289298	235.0	234.0
2628	289298	230.0	235.0
2640	289298	227.0	238.0
2652	289298	226.0	239.0
2664	289298	222.0	241.0
2676	289298	221.0	242.0
2688	289298	220.0	242.0
2700	289298	221.0	244.0
2712	289298	223.0	246.0
2724	289298	229.0	247.0
2736	289298	234.0	249.0
2748	289298	242.0	250.0
2760	289298	253.0	253.0
2772	289298	264.0	254.0
2784	289298	277.0	257.0
2796	289298	291.0	260.0
2808	289298	306.0	262.0
2820	289298	316.0	266.0
2832	289298	330.0	271.0
2844	289298	344.0	276.0
2856	289298	357.0	282.0
2868	289298	372.0	290.0
2880	289298	391.0	300.0
2892	289298	414.0	313.0
2904	289298	442.0	330.0
2916	289298	481.0	353.0
2928	289298	537.0	388.0
2940	289298	625.0	445.0
2952	289298	782.0	541.0
2964	289298	899.0	539.0
2580	289321	265.0	233.0
2592	289321	266.0	233.0
2604	289321	265.0	234.0
2616	289321	263.0	235.0
2628	289321	263.0	236.0
2640	289321	263.0	239.0
2652	289321	261.0	240.0
2664	289321	260.0	243.0
2676	289321	260.0	245.0
2688	289321	264.0	245.0
2700	289321	265.0	247.0
2712	289321	270.0	249.0
2724	289321	276.0	251.0
2736	289321	288.0	253.0
2748	289321	301.0	255.0
2760	289321	312.0	258.0
2772	289321	329.0	261.0
2784	289321	346.0	265.0
2796	289321	366.0	269.0
2808	289321	388.0	273.0
2820	289321	410.0	279.0
2832	289321	434.0	287.0
2844	289321	462.0	295.0
2856	289321	494.0	307.0
2868	289321	532.0	322.0
2880	289321	583.0	344.0
2892	289321	672.0	375.0
2904	289321	796.0	426.0
2916	289321	981.0	517.0
2928	289321	997.0	540.0
2604	289333	308.4166666666667	233.0
2616	289333	307.0	233.33333333333334
2628	289333	310.0	237.0
2640	289333	308.0	240.0
2652	289333	313.0	242.5
2664	289333	315.0	247.0
2676	289333	317.0	244.0
2688	289333	321.0	241.0
2700	289333	342.0	254.0
2712	289333	348.0	259.0
2724	289333	364.0	261.0
2736	289333	384.0	265.0
2748	289333	409.0	269.0
2760	289333	440.0	276.0
2772	289333	479.0	285.0
2784	289333	513.0	292.0
2796	289333	576.0	304.0
2808	289333	652.0	315.0
2820	289333	767.0	340.0
2832	289333	960.0	404.0
2844	289333	982.0	426.0
2856	289333	996.0	447.0
2868	289333	1006.0	457.0
2640	289346	180.0	225.0
2652	289346	178.77777777777777	225.0
2664	289346	177.0	226.0
2676	289346	174.5	226.0
2688	289346	175.0	226.0
2700	289346	175.0	225.0
2712	289346	177.33333333333334	225.77777777777777
2724	289346	181.33333333333334	226.66666666666666
2736	289346	186.66666666666666	226.0
2748	289346	193.0	227.0
2760	289346	203.0	226.0
2772	289346	212.0	226.0
2784	289346	221.0	226.0
2796	289346	230.0	226.0
2808	289346	240.0	225.0
2820	289346	248.0	225.0
2832	289346	254.75	225.0
2844	289346	261.0	225.0
2856	289346	266.0	225.0
2868	289346	271.7142857142857	224.71428571428572
2880	289346	276.6666666666667	225.88888888888889
2892	289346	280.0	227.0
2904	289346	287.0	226.5
2916	289346	290.0	228.0
2928	289346	294.0	228.0
2940	289346	300.0	228.0
2952	289346	304.6666666666667	229.0
2964	289346	311.0	231.0
2976	289346	317.0	228.0
2988	289346	323.0	231.0
3000	289346	327.0	231.0
3012	289346	332.0	231.0
3024	289346	336.0	232.0
3036	289346	340.0	232.0
3048	289346	343.0	233.0
3060	289346	347.0	232.0
3072	289346	350.0	234.0
3084	289346	355.0	236.0
3096	289346	358.0	237.0
3108	289346	361.0	239.0
3120	289346	367.0	242.0
3132	289346	370.0	244.0
3144	289346	374.0	247.0
3156	289346	381.0	251.0
3168	289346	387.0	255.0
3180	289346	395.0	259.0
3192	289346	405.0	265.0
3204	289346	417.0	271.0
3216	289346	434.0	279.0
3228	289346	454.0	289.0
3240	289346	480.0	303.0
3252	289346	518.0	320.0
3264	289346	571.0	346.0
3276	289346	656.0	387.0
3288	289346	812.0	462.0
3300	289346	972.0	542.0
2688	289373	239.0	237.0
2700	289373	238.0	237.8
2712	289373	242.0	239.33333333333334
2724	289373	246.0	241.0
2736	289373	253.66666666666666	240.0
2748	289373	261.0	243.0
2760	289373	271.0	244.0
2772	289373	283.0	246.0
2784	289373	295.0	247.0
2796	289373	308.0	248.0
2808	289373	322.0	249.0
2820	289373	334.0	252.0
2832	289373	346.0	253.0
2844	289373	357.0	256.0
2856	289373	369.0	259.0
2868	289373	381.0	263.0
2880	289373	394.0	267.0
2892	289373	411.0	271.0
2904	289373	430.0	278.0
2916	289373	454.0	285.0
2928	289373	481.0	295.0
2940	289373	517.0	306.0
2952	289373	564.0	322.0
2964	289373	628.0	344.0
2976	289373	719.0	373.0
2988	289373	859.0	421.0
3000	289373	1002.0	499.0
2712	289379	203.0	234.0
2724	289379	207.0	234.0
2736	289379	213.0	235.0
2748	289379	216.0	235.0
2760	289379	227.0	236.0
2772	289379	235.0	237.0
2784	289379	244.0	237.0
2796	289379	254.0	238.0
2808	289379	265.0	238.0
2820	289379	273.0	238.0
2832	289379	281.0	239.0
2844	289379	289.0	240.0
2856	289379	295.0	241.0
2868	289379	301.0	243.0
2880	289379	309.0	245.0
2892	289379	316.0	246.0
2904	289379	324.0	247.0
2916	289379	332.0	250.0
2928	289379	342.0	253.0
2940	289379	352.0	255.0
2952	289379	361.0	258.0
2964	289379	372.0	262.0
2976	289379	385.0	265.0
2988	289379	397.0	268.0
3000	289379	410.0	271.0
3012	289379	424.0	277.0
3024	289379	439.0	282.0
3036	289379	457.0	288.0
3048	289379	477.0	296.0
3060	289379	501.0	307.0
3072	289379	533.0	320.0
3084	289379	574.0	337.0
3096	289379	627.0	361.0
3108	289379	703.0	395.0
3120	289379	820.0	449.0
3132	289379	982.0	539.0
2772	289417	264.0	236.0
2784	289417	274.0	237.0
2796	289417	286.0	237.0
2808	289417	297.0	237.0
2820	289417	307.0	239.0
2832	289417	316.0	241.0
2844	289417	324.0	241.0
2856	289417	331.0	243.0
2868	289417	338.0	244.0
2880	289417	345.0	246.0
2892	289417	356.0	248.0
2904	289417	365.0	251.0
2916	289417	373.0	254.0
2928	289417	386.0	257.0
2940	289417	397.0	261.0
2952	289417	411.0	265.0
2964	289417	427.0	271.0
2976	289417	446.0	275.0
2988	289417	465.0	281.0
3000	289417	489.0	289.0
3012	289417	516.0	299.0
3024	289417	551.0	312.0
3036	289417	597.0	330.0
3048	289417	663.0	356.0
3060	289417	760.0	397.0
3072	289417	926.0	467.0
3084	289417	1001.0	538.0
2772	289420	287.0	230.0
2784	289420	299.0	232.0
2796	289420	312.3333333333333	232.16666666666666
2808	289420	325.0	234.0
2820	289420	337.0	234.0
2832	289420	350.0	236.0
2844	289420	359.0	235.0
2856	289420	370.0	237.0
2868	289420	380.0	238.0
2880	289420	391.0	240.0
2892	289420	405.0	244.0
2904	289420	418.0	246.0
2916	289420	434.0	249.0
2928	289420	452.0	252.0
2940	289420	474.0	257.0
2952	289420	498.0	262.0
2964	289420	527.0	268.0
2976	289420	562.0	274.0
2988	289420	606.0	283.0
3000	289420	663.0	296.0
3012	289420	741.0	314.0
3024	289420	856.0	340.0
3036	289420	987.0	382.0
3012	289553	353.0	231.0
3024	289553	358.3333333333333	232.0
3036	289553	363.0	232.0
3048	289553	368.0	233.0
3060	289553	372.0	233.0
3072	289553	377.0	235.0
3084	289553	382.0	237.0
3096	289553	389.0	238.0
3108	289553	396.0	241.0
3120	289553	403.0	244.0
3132	289553	411.0	247.0
3144	289553	421.0	252.0
3156	289553	432.0	256.0
3168	289553	444.0	262.0
3180	289553	462.0	269.0
3192	289553	482.0	277.0
3204	289553	510.0	288.0
3216	289553	545.0	303.0
3228	289553	596.0	325.0
3240	289553	676.0	357.0
3252	289553	810.0	413.0
3264	289553	1004.0	529.0
3108	289581	368.5	224.0
3120	289581	371.0	224.6
3132	289581	375.0	227.0
3144	289581	377.0	227.0
3156	289581	381.0	228.0
3168	289581	385.0	231.0
3180	289581	389.0	233.0
3192	289581	393.0	233.0
3204	289581	398.0	234.0
3216	289581	404.0	237.0
3228	289581	411.0	238.0
3240	289581	419.0	241.0
3252	289581	426.0	243.0
3264	289581	438.0	246.0
3276	289581	448.0	250.0
3288	289581	462.0	253.0
3300	289581	477.0	258.0
3312	289581	497.0	264.0
3324	289581	521.0	272.0
3336	289581	552.0	281.0
3348	289581	594.0	294.0
3360	289581	653.0	313.0
3372	289581	741.0	340.0
3384	289581	885.0	384.0
3120	289583	350.0	224.0
3132	289583	352.0	226.0
3144	289583	354.5	227.5
3156	289583	357.0	229.0
3168	289583	358.0	230.0
3180	289583	360.0	231.0
3192	289583	363.0	233.0
3204	289583	366.0	234.0
3216	289583	370.0	235.0
3228	289583	374.0	237.0
3240	289583	378.0	238.0
3252	289583	383.0	240.0
3264	289583	389.0	243.0
3276	289583	395.0	245.0
3288	289583	402.0	247.0
3300	289583	410.0	251.0
3312	289583	420.0	255.0
3324	289583	430.0	259.0
3336	289583	444.0	265.0
3348	289583	460.0	272.0
3360	289583	479.0	280.0
3372	289583	504.0	290.0
3384	289583	537.0	304.0
3396	289583	583.0	324.0
3408	289583	650.0	352.0
3420	289583	761.0	399.0
3432	289583	960.0	487.0
3180	289597	374.3157894736842	223.05263157894737
3192	289597	378.10526315789474	223.68421052631578
3204	289597	381.6	224.6
3216	289597	385.0	226.0
3228	289597	389.0	226.0
3240	289597	392.0	228.0
3252	289597	396.0	229.0
3264	289597	401.0	229.0
3276	289597	406.0	231.0
3288	289597	411.0	233.0
3300	289597	417.0	234.0
3312	289597	423.0	236.0
3324	289597	430.0	235.0
3336	289597	440.0	238.0
3348	289597	447.0	238.0
3360	289597	460.0	242.0
3372	289597	474.0	246.0
3384	289597	489.0	250.0
3396	289597	507.0	255.0
3408	289597	528.0	260.0
3420	289597	555.0	267.0
3432	289597	588.0	275.0
3444	289597	629.0	286.0
3456	289597	687.0	300.0
3468	289597	770.0	321.0
3480	289597	894.0	349.0
3492	289597	997.0	394.0
3192	289601	348.0	227.0
3204	289601	351.0	228.0
3216	289601	352.0	228.0
3228	289601	356.0	229.0
3240	289601	359.0	231.0
3252	289601	363.0	232.0
3264	289601	365.0	233.0
3276	289601	368.0	235.0
3288	289601	372.0	237.0
3300	289601	377.0	238.0
3312	289601	382.0	240.0
3324	289601	388.0	243.0
3336	289601	394.0	245.0
3348	289601	403.0	249.0
3360	289601	411.0	252.0
3372	289601	421.0	256.0
3384	289601	432.0	261.0
3396	289601	448.0	267.0
3408	289601	465.0	275.0
3420	289601	488.0	285.0
3432	289601	518.0	298.0
3444	289601	558.0	316.0
3456	289601	619.0	343.0
3468	289601	716.0	386.0
3480	289601	898.0	468.0
3312	289608	391.0	228.0
3324	289608	395.0	227.0
3336	289608	400.0	229.0
3348	289608	404.0	232.0
3360	289608	410.0	233.0
3372	289608	416.0	233.0
3384	289608	422.0	235.0
3396	289608	430.0	237.0
3408	289608	439.0	238.0
3420	289608	448.0	242.0
3432	289608	460.0	244.0
3444	289608	473.0	247.0
3456	289608	487.0	251.0
3468	289608	504.0	255.0
3480	289608	525.0	261.0
3492	289608	551.0	267.0
3504	289608	582.0	274.0
3516	289608	620.0	284.0
3528	289608	672.0	296.0
3540	289608	740.0909090909091	307.1818181818182
3552	289608	829.0	328.0
3564	289608	982.0	383.0
3384	289627	358.0	224.0
3396	289627	359.0	224.0
3408	289627	363.0	225.0
3420	289627	366.8	225.45
3432	289627	368.0	226.0
3444	289627	371.3333333333333	229.0
3456	289627	374.0	230.0
3468	289627	377.0	231.0
3480	289627	382.0	233.0
3492	289627	387.0	235.0
3504	289627	391.0	237.0
3516	289627	397.0	237.0
3528	289627	403.0	239.0
3540	289627	410.0	242.0
3552	289627	416.0	244.0
3564	289627	425.0	246.0
3576	289627	434.0	249.0
3588	289627	447.0	253.0
3600	289627	460.0	258.0
3612	289627	477.0	262.0
3624	289627	496.0	268.0
3636	289627	521.0	277.0
3648	289627	553.0	286.0
3660	289627	598.0	299.0
3672	289627	664.0	318.0
3684	289627	760.0	345.0
3696	289627	916.0	392.0
3384	289631	338.0	223.0
3396	289631	339.57142857142856	223.0
3408	289631	342.0	224.0
3420	289631	342.25	223.0
3432	289631	345.0	225.0
3444	289631	347.0	226.0
3456	289631	348.0	227.0
3468	289631	352.0	229.0
3480	289631	354.0	230.0
3492	289631	356.0	231.0
3504	289631	359.0	233.0
3516	289631	363.0	234.0
3528	289631	367.0	236.0
3540	289631	371.0	237.0
3552	289631	376.0	239.0
3564	289631	381.0	241.0
3576	289631	387.0	244.0
3588	289631	394.0	246.0
3600	289631	402.0	249.0
3612	289631	411.0	253.0
3624	289631	421.0	258.0
3636	289631	434.0	264.0
3648	289631	451.0	270.0
3660	289631	474.0	278.0
3672	289631	504.0	288.0
3684	289631	544.0	302.0
3696	289631	599.0	323.0
3708	289631	686.0	357.0
3720	289631	837.0	416.0
3732	289631	1017.0	533.0
3396	289633	384.0	226.0
3408	289633	387.25	226.25
3420	289633	393.0	229.0
3432	289633	398.0	230.0
3444	289633	402.0	230.0
3456	289633	406.0	233.0
3468	289633	412.0	235.0
3480	289633	418.0	236.0
3492	289633	424.0	238.0
3504	289633	432.0	241.0
3516	289633	439.0	243.0
3528	289633	449.0	245.0
3540	289633	458.0	249.0
3552	289633	470.0	253.0
3564	289633	484.0	257.0
3576	289633	501.0	262.0
3588	289633	523.0	269.0
3600	289633	550.0	278.0
3612	289633	586.0	288.0
3624	289633	638.0	304.0
3636	289633	715.0	329.0
3648	289633	842.0	367.0
3660	289633	1000.0	436.0
3624	289721	366.0	228.5
3636	289721	367.0	230.0
3648	289721	372.2	230.4
3660	289721	380.0	231.0
3672	289721	390.0	232.0
3684	289721	400.0	232.0
3696	289721	410.0	234.0
3708	289721	424.0	235.0
3720	289721	445.0	236.0
3732	289721	478.0	237.0
3744	289721	523.0	237.0
3756	289721	561.0	235.0
3768	289721	572.0	237.0
3780	289721	567.0	239.0
3792	289721	558.0	244.0
3804	289721	558.0	249.0
3816	289721	569.0	254.0
3828	289721	588.0	261.0
3840	289721	617.0	271.0
3852	289721	657.0	284.0
3864	289721	710.0	301.0
3876	289721	790.0	328.0
3888	289721	919.0	367.0
3636	289732	392.0	226.0
3648	289732	397.0	227.0
3660	289732	405.0	228.0
3672	289732	416.0	228.0
3684	289732	427.0	230.0
3696	289732	439.0	230.0
3708	289732	454.0	231.0
3720	289732	475.0	232.0
3732	289732	509.0	232.0
3744	289732	556.0	232.0
3756	289732	594.0	230.0
3768	289732	609.0	230.0
3780	289732	604.0	233.0
3792	289732	595.0	236.0
3804	289732	595.0	239.0
3816	289732	605.0	243.0
3828	289732	624.0	247.0
3840	289732	652.0	254.0
3852	289732	686.0	261.0
3864	289732	731.0	273.0
3876	289732	790.0	285.0
3888	289732	873.0	303.0
3900	289732	974.0	328.0
3756	289813	488.0	218.0
3768	289813	493.0	217.0
3780	289813	480.0	218.0
3792	289813	461.6666666666667	219.0
3804	289813	448.0	220.5
3816	289813	442.0	221.0
3828	289813	441.0	223.0
3840	289813	444.0	223.0
3852	289813	448.0	226.0
3864	289813	452.0	229.0
3876	289813	456.0	232.0
3888	289813	460.0	234.0
3900	289813	466.0	236.0
3912	289813	471.0	238.0
3924	289813	475.0	240.0
3936	289813	483.0	243.0
3948	289813	488.0	246.0
3960	289813	496.0	249.0
3972	289813	504.0	252.0
3984	289813	514.0	256.0
3996	289813	525.0	261.0
4008	289813	540.0	267.0
4020	289813	556.0	275.0
4032	289813	577.0	284.0
4044	289813	605.0	296.0
4056	289813	641.0	312.0
4068	289813	694.0	335.0
4080	289813	773.0	370.0
4092	289813	914.0	431.0
4104	289813	1011.0	527.0
3816	289840	469.0	214.0
3828	289840	469.0	215.0
3840	289840	472.0	217.0
3852	289840	478.0	219.0
3864	289840	481.0	221.0
3876	289840	488.0	223.0
3888	289840	493.0	225.0
3900	289840	498.0	227.0
3912	289840	505.0	228.0
3924	289840	511.0	229.0
3936	289840	517.0	232.0
3948	289840	525.0	233.0
3960	289840	532.0	235.0
3972	289840	541.0	237.0
3984	289840	551.0	238.0
3996	289840	562.0	242.0
4008	289840	575.0	244.0
4020	289840	590.0	247.0
4032	289840	608.0	250.0
4044	289840	629.0	255.0
4056	289840	656.0	261.0
4068	289840	687.0	269.0
4080	289840	728.0	278.0
4092	289840	782.0	289.0
4104	289840	857.0	306.0
4116	289840	963.0	330.0
3924	289883	433.0	223.0
3936	289883	433.0	223.0
3948	289883	435.0	225.0
3960	289883	436.0	226.0
3972	289883	436.0	226.0
3984	289883	438.2857142857143	227.0
3996	289883	442.0	227.0
4008	289883	442.6666666666667	228.33333333333334
4020	289883	445.625	229.0
4032	289883	449.0	231.0
4044	289883	449.5882352941176	232.05882352941177
4056	289883	451.4	234.0
4068	289883	452.0	236.0
4080	289883	453.0	237.0
4092	289883	453.0	238.0
4104	289883	453.0	241.0
4116	289883	453.0	243.0
4128	289883	454.0	245.0
4140	289883	454.0	248.0
4152	289883	456.0	251.0
4164	289883	459.0	254.0
4176	289883	463.0	258.0
4188	289883	469.0	263.0
4200	289883	480.0	269.0
4212	289883	495.0	278.0
4224	289883	517.0	289.0
4236	289883	548.0	304.0
4248	289883	587.0	322.0
4260	289883	650.0	351.0
4272	289883	755.0	399.0
4284	289883	956.0	493.0
3960	289894	456.0	225.0
3972	289894	457.55555555555554	225.55555555555554
3984	289894	459.0	226.0
3996	289894	461.0	227.0
4008	289894	463.0	228.0
4020	289894	467.0	228.0
4032	289894	470.5	229.0
4044	289894	471.0	231.0
4056	289894	473.0	232.0
4068	289894	478.0	234.0
4080	289894	479.0	235.0
4092	289894	480.0	237.0
4104	289894	479.0	238.0
4116	289894	482.0	240.0
4128	289894	482.0	242.0
4140	289894	483.0	243.0
4152	289894	486.0	247.0
4164	289894	489.0	250.0
4176	289894	495.0	252.0
4188	289894	502.0	257.0
4200	289894	513.0	262.0
4212	289894	528.0	267.0
4224	289894	548.0	275.0
4236	289894	572.0	281.0
4248	289894	606.0	293.0
4260	289894	649.0	305.0
4272	289894	709.0	324.0
4284	289894	796.0	354.0
4296	289894	937.0	397.0
4308	289894	966.0	420.0
4320	289894	982.0	439.0
4332	289894	978.0	403.0
3984	289904	490.0	226.0
3996	289904	493.875	227.625
4008	289904	499.0	229.0
4020	289904	502.0	230.0
4032	289904	507.0	232.0
4044	289904	512.0	234.0
4056	289904	517.0	235.0
4068	289904	523.0	237.0
4080	289904	528.0	240.0
4092	289904	534.0	242.0
4104	289904	541.0	245.0
4116	289904	549.0	248.0
4128	289904	559.0	252.0
4140	289904	574.0	256.0
4152	289904	592.0	263.0
4164	289904	619.0	270.0
4176	289904	656.0	280.0
4188	289904	710.0	294.0
4200	289904	793.0	315.0
4212	289904	931.0	350.0
4128	289932	441.0	229.0
4140	289932	439.0	231.0
4152	289932	437.0	233.0
4164	289932	434.0	233.0
4176	289932	433.0	234.0
4188	289932	433.0	236.0
4200	289932	434.0	237.0
4212	289932	437.0	240.0
4224	289932	441.0	243.0
4236	289932	447.0	245.0
4248	289932	454.0	247.0
4260	289932	462.0	250.0
4272	289932	471.0	253.0
4284	289932	481.0	257.0
4296	289932	493.0	261.0
4308	289932	506.0	265.0
4320	289932	521.0	270.0
4332	289932	540.0	276.0
4344	289932	562.0	284.0
4356	289932	593.0	293.0
4368	289932	632.0	306.0
4380	289932	689.0	324.0
4392	289932	770.0	350.0
4404	289932	901.0	391.0
4416	289932	1000.0	447.0
4164	289944	415.85714285714283	226.28571428571428
4176	289944	412.0	227.5
4188	289944	409.42857142857144	228.57142857142858
4200	289944	409.0	230.3
4212	289944	409.14285714285717	231.14285714285714
4224	289944	410.0	234.0
4236	289944	412.0	235.0
4248	289944	416.0	237.0
4260	289944	420.0	239.0
4272	289944	424.0	241.0
4284	289944	428.0	242.0
4296	289944	432.0	243.0
4308	289944	436.0	245.0
4320	289944	441.0	246.0
4332	289944	447.0	249.0
4344	289944	452.0	251.0
4356	289944	457.0	253.0
4368	289944	465.0	256.0
4380	289944	474.0	259.0
4392	289944	485.0	264.0
4404	289944	498.0	269.0
4416	289944	517.0	277.0
4428	289944	541.0	286.0
4440	289944	574.0	299.0
4452	289944	619.0	314.0
4464	289944	686.0	337.0
4476	289944	788.0	371.0
4488	289944	959.0	428.0
4260	289977	385.0	234.0
4272	289977	386.0	236.0
4284	289977	387.0	237.0
4296	289977	389.0	237.0
4308	289977	390.6363636363636	237.8181818181818
4320	289977	392.0	239.0
4332	289977	394.0	240.0
4344	289977	394.0	241.0
4356	289977	395.0	242.0
4368	289977	396.0	243.0
4380	289977	398.0	245.0
4392	289977	399.0	247.0
4404	289977	402.0	249.0
4416	289977	405.0	253.0
4428	289977	409.0	257.0
4440	289977	415.0	262.0
4452	289977	425.0	268.0
4464	289977	438.0	275.0
4476	289977	452.0	283.0
4488	289977	472.0	294.0
4500	289977	501.0	307.0
4512	289977	542.0	326.0
4524	289977	604.0	353.0
4536	289977	707.0	398.0
4548	289977	904.0	484.0
4272	289988	404.0	234.0
4284	289988	407.0	235.0
4296	289988	410.0	236.0
4308	289988	410.0	237.0
4320	289988	413.0	238.0
4332	289988	415.0	238.0
4344	289988	418.0	238.0
4356	289988	420.0	240.0
4368	289988	422.0	241.0
4380	289988	423.0	242.0
4392	289988	427.0	244.0
4404	289988	430.0	247.0
4416	289988	434.0	249.0
4428	289988	441.0	253.0
4440	289988	449.0	257.0
4452	289988	460.0	262.0
4464	289988	475.0	268.0
4476	289988	492.0	274.0
4488	289988	513.0	282.0
4500	289988	543.0	293.0
4512	289988	584.0	305.0
4524	289988	642.0	322.0
4536	289988	727.0	348.0
4548	289988	863.0	387.0
4560	289988	1003.0	448.0
4344	290009	372.0	230.0
4356	290009	369.7391304347826	230.08695652173913
4368	290009	368.17391304347825	230.6086956521739
4380	290009	366.8235294117647	231.1764705882353
4392	290009	366.11764705882354	231.88235294117646
4404	290009	363.0	234.0
4416	290009	361.0	235.0
4428	290009	359.0	238.0
4440	290009	359.0	238.0
4452	290009	359.0	240.0
4464	290009	359.0	243.0
4476	290009	360.0	245.0
4488	290009	361.0	248.0
4500	290009	364.0	250.0
4512	290009	366.0	252.0
4524	290009	372.0	255.0
4536	290009	377.0	259.0
4548	290009	384.0	262.0
4560	290009	393.0	268.0
4572	290009	405.0	271.0
4584	290009	420.0	278.0
4596	290009	439.0	286.0
4608	290009	464.0	297.0
4620	290009	498.0	312.0
4632	290009	549.0	332.0
4644	290009	626.0	365.0
4656	290009	756.0	422.0
4668	290009	984.0	537.0
4416	290036	388.0	236.0
4428	290036	388.0	237.0
4440	290036	389.0	239.0
4452	290036	392.0	240.0
4464	290036	395.0	245.0
4476	290036	397.0	246.0
4488	290036	402.0	249.0
4500	290036	409.0	252.0
4512	290036	416.0	255.0
4524	290036	425.0	257.0
4536	290036	436.0	261.0
4548	290036	451.0	266.0
4560	290036	469.0	271.0
4572	290036	492.0	277.0
4584	290036	521.0	286.0
4596	290036	559.0	297.0
4608	290036	611.0	312.0
4620	290036	686.0	334.0
4632	290036	802.0	368.0
4644	290036	977.0	429.0
4452	290056	369.75	234.25
4464	290056	369.5	237.0
4476	290056	369.0	238.0
4488	290056	369.0	239.0
4500	290056	371.0	241.0
4512	290056	373.6666666666667	241.66666666666666
4524	290056	376.0	244.0
4536	290056	377.0	243.0
4548	290056	380.45454545454544	242.36363636363637
4560	290056	390.0	246.0
4572	290056	393.0	246.0
4584	290056	405.0	253.0
4596	290056	415.0	256.0
4608	290056	427.0	260.0
4620	290056	443.0	265.0
4632	290056	460.0	270.0
4644	290056	483.0	277.0
4656	290056	512.0	285.0
4668	290056	550.0	297.0
4680	290056	600.0	313.0
4692	290056	673.0	335.0
4704	290056	784.0	369.0
4716	290056	965.0	430.0
4488	290075	339.0	237.0
4500	290075	341.0	238.0
4512	290075	340.0	240.0
4524	290075	341.0	240.0
4536	290075	341.0	241.0
4548	290075	342.0	243.0
4560	290075	345.0	245.0
4572	290075	348.0	246.0
4584	290075	353.0	248.0
4596	290075	359.0	250.0
4608	290075	365.0	252.0
4620	290075	373.0	254.0
4632	290075	381.0	258.0
4644	290075	392.0	262.0
4656	290075	405.0	267.0
4668	290075	421.0	273.0
4680	290075	440.0	281.0
4692	290075	464.0	291.0
4704	290075	496.0	304.0
4716	290075	540.0	322.0
4728	290075	603.0	348.0
4740	290075	704.0	390.0
4752	290075	887.0	466.0
4764	290075	1007.0	541.0
4512	290086	327.0	236.0
4524	290086	327.0	237.0
4536	290086	327.0	237.0
4548	290086	327.0	238.0
4560	290086	328.0	239.0
4572	290086	330.0	240.0
4584	290086	333.0	240.0
4596	290086	335.0	241.0
4608	290086	338.0	243.0
4620	290086	343.0	244.0
4632	290086	347.0	246.0
4644	290086	353.0	247.0
4656	290086	361.0	250.0
4668	290086	368.0	253.0
4680	290086	376.0	256.0
4692	290086	387.0	261.0
4704	290086	398.0	265.0
4716	290086	413.0	271.0
4728	290086	430.0	279.0
4740	290086	451.0	289.0
4752	290086	478.0	300.0
4764	290086	513.0	315.0
4776	290086	563.0	336.0
4788	290086	639.0	368.0
4800	290086	762.0	420.0
4812	290086	978.0	524.0
4524	290088	350.0	236.66666666666666
4536	290088	350.9	236.0
4548	290088	352.0	236.33333333333334
4560	290088	355.0	237.0
4572	290088	358.0	238.0
4584	290088	362.3333333333333	239.83333333333334
4596	290088	367.0	241.0
4608	290088	372.0	242.0
4620	290088	378.0	244.0
4632	290088	384.0	244.0
4644	290088	393.0	247.0
4656	290088	401.0	245.0
4668	290088	413.0	247.0
4680	290088	427.0	253.0
4692	290088	444.0	262.0
4704	290088	463.0	268.0
4716	290088	486.0	276.0
4728	290088	517.0	286.0
4740	290088	556.0	299.0
4752	290088	608.0	315.0
4764	290088	687.0	339.0
4776	290088	808.0	376.0
4788	290088	983.0	440.0
4608	290141	311.0	233.0
4620	290141	313.0	233.0
4632	290141	313.0	233.0
4644	290141	316.0	235.0
4656	290141	320.0	236.0
4668	290141	323.0	237.0
4680	290141	327.0	238.0
4692	290141	330.0	240.0
4704	290141	334.0	243.0
4716	290141	341.0	244.0
4728	290141	346.0	246.0
4740	290141	353.0	249.0
4752	290141	360.0	253.0
4764	290141	369.0	257.0
4776	290141	379.0	260.0
4788	290141	391.0	266.0
4800	290141	405.0	272.0
4812	290141	424.0	281.0
4824	290141	447.0	290.0
4836	290141	477.0	303.0
4848	290141	520.0	322.0
4860	290141	581.0	350.0
4872	290141	683.0	396.0
4884	290141	873.0	483.0
4896	290141	986.0	541.0
4620	290148	351.0	230.0
4632	290148	355.0	231.0
4644	290148	361.0	232.0
4656	290148	364.0	232.0
4668	290148	369.5	234.0
4680	290148	377.0	236.0
4692	290148	383.0	237.0
4704	290148	390.0	239.0
4716	290148	398.0	242.0
4728	290148	407.0	244.0
4740	290148	418.0	247.0
4752	290148	430.0	249.0
4764	290148	445.0	254.0
4776	290148	462.0	257.0
4788	290148	483.0	262.0
4800	290148	507.0	268.0
4812	290148	538.0	276.0
4824	290148	580.0	286.0
4836	290148	636.0	300.0
4848	290148	715.0	319.0
4860	290148	835.0	349.0
4872	290148	988.0	397.0
4656	290170	347.0	234.0
4668	290170	349.0	236.0
4680	290170	353.0	237.0
4692	290170	358.0	238.0
4704	290170	363.0	239.0
4716	290170	369.0	242.0
4728	290170	374.0	243.0
4740	290170	381.0	246.0
4752	290170	388.0	249.0
4764	290170	396.0	250.0
4776	290170	406.0	254.0
4788	290170	418.0	257.0
4800	290170	430.0	262.0
4812	290170	446.0	267.0
4824	290170	465.0	272.0
4836	290170	487.0	280.0
4848	290170	515.0	289.0
4860	290170	548.0	295.0
4872	290170	600.0	313.0
4884	290170	666.0	334.0
4896	290170	766.0	365.0
4908	290170	931.0	417.0
4668	290177	309.375	229.0
4680	290177	314.0	230.0
4692	290177	316.0	232.0
4704	290177	319.0	233.0
4716	290177	322.0	234.0
4728	290177	325.0	235.0
4740	290177	328.0	238.0
4752	290177	332.0	239.0
4764	290177	337.0	241.0
4776	290177	341.0	243.0
4788	290177	347.0	246.0
4800	290177	353.0	248.0
4812	290177	361.0	250.0
4824	290177	369.0	254.0
4836	290177	378.0	258.0
4848	290177	389.0	263.0
4860	290177	404.0	268.0
4872	290177	421.0	276.0
4884	290177	442.0	284.0
4896	290177	471.0	296.0
4908	290177	509.0	312.0
4920	290177	565.0	335.0
4932	290177	653.0	372.0
4944	290177	810.0	438.0
4956	290177	1000.0	543.0
4788	290231	335.7142857142857	226.0
4800	290231	338.0	228.0
4812	290231	339.0	229.0
4824	290231	343.0	230.0
4836	290231	347.0	230.0
4848	290231	350.0	231.0
4860	290231	355.0	233.0
4872	290231	360.0	233.0
4884	290231	364.0	234.0
4896	290231	371.0	236.0
4908	290231	376.0	236.0
4920	290231	384.0	238.0
4932	290231	392.0	240.0
4944	290231	402.0	244.0
4956	290231	412.0	245.0
4968	290231	423.0	248.0
4980	290231	437.0	251.0
4992	290231	453.0	255.0
5004	290231	472.0	260.0
5016	290231	496.0	265.0
5028	290231	525.0	272.0
5040	290231	562.0	281.0
5052	290231	612.0	293.0
5064	290231	684.0	310.0
5076	290231	789.0	336.0
5088	290231	958.0	377.0
4812	290242	320.0	228.0
4824	290242	322.0	229.0
4836	290242	325.0	230.0
4848	290242	329.0	232.0
4860	290242	330.0	232.0
4872	290242	336.0	233.0
4884	290242	339.0	234.0
4896	290242	342.0	236.0
4908	290242	348.0	236.0
4920	290242	354.0	238.0
4932	290242	359.0	240.0
4944	290242	366.0	241.0
4956	290242	373.0	245.0
4968	290242	383.0	247.0
4980	290242	389.0	250.0
4992	290242	402.0	253.0
5004	290242	416.0	257.0
5016	290242	432.0	263.0
5028	290242	451.0	268.0
5040	290242	476.0	275.0
5052	290242	510.0	285.0
5064	290242	551.0	299.0
5076	290242	612.0	318.0
5088	290242	706.0	347.0
5100	290242	861.0	395.0
4824	290244	43.0	211.0
4836	290244	44.0	211.0
4848	290244	44.0	211.0
4860	290244	44.61538461538461	211.0
4872	290244	44.0	211.0
4884	290244	45.0	211.0
4896	290244	46.0	211.0
4908	290244	45.125	211.0
4920	290244	44.375	211.0
4932	290244	44.12	211.0
4944	290244	44.36	211.0
4956	290244	44.6	211.0
4968	290244	44.84	211.0
4980	290244	45.0	211.0
4992	290244	44.666666666666664	211.0
5004	290244	44.0	211.0
5016	290244	44.0	211.0
5028	290244	44.25	211.0
5040	290244	44.52272727272727	211.0
5052	290244	44.79545454545455	211.0
5064	290244	45.0	211.0
5076	290244	45.57142857142857	211.0
5088	290244	46.42857142857143	211.0
5100	290244	45.0	211.0
5112	290244	44.0	211.0
5124	290244	45.0	211.0
5136	290244	45.0	211.0
5148	290244	45.0	211.0
5160	290244	45.0	211.0
5172	290244	45.0	211.0
5184	290244	44.0	211.0
5196	290244	45.0	211.0
5208	290244	45.0	211.0
5220	290244	45.0	212.0
5232	290244	44.8	211.0
5244	290244	45.666666666666664	211.66666666666666
5256	290244	45.0	211.0
5268	290244	45.0	211.0
5280	290244	45.0	211.0
5292	290244	45.0	211.0
5304	290244	45.0	212.0
5316	290244	45.0	211.0
5328	290244	44.0	211.0
5340	290244	45.0	211.0
5352	290244	45.0	211.0
4860	290256	299.0	227.0
4872	290256	300.0	227.0
4884	290256	301.0	226.0
4896	290256	303.0	228.0
4908	290256	303.0	228.0
4920	290256	304.6	228.6
4932	290256	307.0	229.0
4944	290256	307.0	229.0
4956	290256	310.0	231.0
4968	290256	313.0	232.0
4980	290256	314.0	233.0
4992	290256	317.0	234.0
5004	290256	320.0	235.0
5016	290256	322.0	236.0
5028	290256	327.0	237.0
5040	290256	330.0	239.0
5052	290256	334.0	240.0
5064	290256	338.0	243.0
5076	290256	343.0	244.0
5088	290256	349.0	247.0
5100	290256	355.0	249.0
5112	290256	362.0	252.0
5124	290256	371.0	256.0
5136	290256	378.0	260.0
5148	290256	390.0	265.0
5160	290256	403.0	271.0
5172	290256	419.0	279.0
5184	290256	439.0	288.0
5196	290256	464.0	300.0
5208	290256	498.0	317.0
5220	290256	550.0	342.0
5232	290256	630.0	382.0
5244	290256	780.0	457.0
5256	290256	965.0	542.0
4908	290274	324.75	230.0
4920	290274	329.0	230.0
4932	290274	332.0	232.0
4944	290274	336.0	233.0
4956	290274	338.0	234.0
4968	290274	341.0	235.0
4980	290274	347.0	236.0
4992	290274	353.0	237.0
5004	290274	358.0	238.0
5016	290274	364.0	240.0
5028	290274	370.0	243.0
5040	290274	378.0	245.0
5052	290274	387.0	248.0
5064	290274	398.0	250.0
5076	290274	409.0	254.0
5088	290274	422.0	258.0
5100	290274	439.0	262.0
5112	290274	458.0	269.0
5124	290274	483.0	276.0
5136	290274	515.0	286.0
5148	290274	558.0	299.0
5160	290274	618.0	317.0
5172	290274	709.0	346.0
5184	290274	862.0	392.0
4980	290297	334.14285714285717	231.14285714285714
4992	290297	337.0	233.0
5004	290297	340.0	234.0
5016	290297	345.0	235.0
5028	290297	349.0	237.0
5040	290297	354.0	238.0
5052	290297	360.0	239.0
5064	290297	368.0	241.0
5076	290297	375.0	244.0
5088	290297	384.0	247.0
5100	290297	394.0	249.0
5112	290297	405.0	253.0
5124	290297	418.0	256.0
5136	290297	435.0	262.0
5148	290297	456.0	268.0
5160	290297	480.0	275.0
5172	290297	512.0	285.0
5184	290297	555.0	298.0
5196	290297	617.0	318.0
5208	290297	712.0	347.0
5220	290297	872.0	395.0
5232	290297	1005.0	457.0
5064	290312	345.0	227.0
5076	290312	348.0	228.0
5088	290312	351.5	227.75
5100	290312	354.0	230.0
5112	290312	358.0	230.0
5124	290312	362.0	232.0
5136	290312	366.0	232.0
5148	290312	371.0	233.0
5160	290312	375.0	234.0
5172	290312	382.0	235.0
5184	290312	387.0	237.0
5196	290312	395.0	238.0
5208	290312	402.0	242.0
5220	290312	411.0	244.0
5232	290312	421.0	246.0
5244	290312	434.0	248.0
5256	290312	447.0	252.0
5268	290312	464.0	256.0
5280	290312	483.0	260.0
5292	290312	507.0	265.0
5304	290312	537.0	272.0
5316	290312	574.0	281.0
5328	290312	623.0	292.0
5340	290312	693.0	310.0
5352	290312	793.0	333.0
5364	290312	948.0	369.0
5064	290314	320.0	223.0
5076	290314	321.0	224.0
5088	290314	324.0	224.0
5100	290314	326.0	225.0
5112	290314	328.75	225.25
5124	290314	332.0	226.0
5136	290314	335.0	227.0
5148	290314	337.0	227.0
5160	290314	340.0	228.0
5172	290314	344.0	229.0
5184	290314	347.0	230.0
5196	290314	351.0	231.0
5208	290314	356.0	232.0
5220	290314	360.0	234.0
5232	290314	365.0	235.0
5244	290314	371.0	236.0
5256	290314	378.0	238.0
5268	290314	385.0	240.0
5280	290314	394.0	243.0
5292	290314	403.0	246.0
5304	290314	415.0	249.0
5316	290314	428.0	253.0
5328	290314	444.0	256.0
5340	290314	464.0	264.0
5352	290314	489.0	270.0
5364	290314	522.0	280.0
5376	290314	568.0	294.0
5388	290314	635.0	314.0
5400	290314	746.0	347.0
5412	290314	954.0	410.0
5112	290338	286.0	228.0
5124	290338	285.76119402985074	227.9402985074627
5136	290338	285.04477611940297	227.76119402985074
5148	290338	284.32835820895525	227.5820895522388
5160	290338	283.6119402985075	227.40298507462686
5172	290338	282.8955223880597	227.22388059701493
5184	290338	282.17910447761193	227.044776119403
5196	290338	283.0	227.0
5208	290338	285.0	228.0
5220	290338	286.0	229.0
5232	290338	287.0	228.0
5244	290338	287.0	229.0
5256	290338	288.0	230.0
5268	290338	289.3333333333333	230.16666666666666
5280	290338	290.2352941176471	231.23529411764707
5292	290338	291.6470588235294	232.64705882352942
5304	290338	294.0	233.0
5316	290338	296.0	235.0
5328	290338	299.0	235.0
5340	290338	301.0	236.0
5352	290338	305.0	236.0
5364	290338	306.0	237.0
5376	290338	311.0	239.0
5388	290338	316.0	240.0
5400	290338	320.0	242.0
5412	290338	325.0	243.0
5424	290338	330.0	245.0
5436	290338	336.0	246.0
5448	290338	343.0	249.0
5460	290338	350.0	251.0
5472	290338	359.0	255.0
5484	290338	368.0	258.0
5496	290338	379.0	262.0
5508	290338	391.0	267.0
5520	290338	405.0	272.0
5532	290338	421.0	279.0
5544	290338	441.0	287.0
5556	290338	466.0	298.0
5568	290338	500.0	312.0
5580	290338	546.0	332.0
5592	290338	613.0	361.0
5604	290338	725.0	411.0
5616	290338	934.0	503.0
5160	290367	292.2142857142857	229.21428571428572
5172	290367	293.0	231.0
5184	290367	295.0	231.0
5196	290367	298.0	232.0
5208	290367	300.0	232.0
5220	290367	303.0	234.0
5232	290367	304.0	235.0
5244	290367	308.0	236.0
5256	290367	310.0	237.0
5268	290367	313.0	238.0
5280	290367	316.0	240.0
5292	290367	319.0	240.0
5304	290367	323.0	241.0
5316	290367	327.0	244.0
5328	290367	332.0	246.0
5340	290367	337.0	248.0
5352	290367	343.0	249.0
5364	290367	350.0	252.0
5376	290367	356.0	255.0
5388	290367	366.0	258.0
5400	290367	374.0	262.0
5412	290367	385.0	267.0
5424	290367	397.0	273.0
5436	290367	415.0	280.0
5448	290367	431.0	288.0
5460	290367	457.0	299.0
5472	290367	487.0	314.0
5484	290367	530.0	334.0
5496	290367	593.0	364.0
5508	290367	696.0	413.0
5520	290367	889.0	507.0
5532	290367	975.0	540.0
5172	290375	321.38461538461536	228.0
5184	290375	323.90909090909093	228.0
5196	290375	327.5	229.5
5208	290375	329.8666666666667	229.46666666666667
5220	290375	334.0	230.0
5232	290375	338.0	232.0
5244	290375	339.0	232.0
5256	290375	343.0	233.0
5268	290375	348.0	235.0
5280	290375	352.0	237.0
5292	290375	358.0	238.0
5304	290375	363.0	239.0
5316	290375	369.0	241.0
5328	290375	376.0	243.0
5340	290375	383.0	245.0
5352	290375	391.0	248.0
5364	290375	400.0	249.0
5376	290375	413.0	253.0
5388	290375	425.0	258.0
5400	290375	440.0	262.0
5412	290375	459.0	268.0
5424	290375	481.0	274.0
5436	290375	507.0	282.0
5448	290375	544.0	293.0
5460	290375	593.0	308.0
5472	290375	662.0	329.0
5484	290375	769.0	362.0
5496	290375	945.0	416.0
5508	290375	973.0	439.0
5520	290375	1000.0	466.0
5532	290375	998.0	450.0
5400	290445	369.0	230.0
5412	290445	376.0	232.0
5424	290445	382.3333333333333	233.66666666666666
5436	290445	388.0	235.0
5448	290445	395.0	235.0
5460	290445	402.0	238.0
5472	290445	410.0	239.0
5484	290445	419.0	242.0
5496	290445	430.0	244.0
5508	290445	441.0	246.0
5520	290445	453.0	246.0
5532	290445	470.0	249.0
5544	290445	490.0	255.0
5556	290445	512.0	259.0
5568	290445	538.0	265.0
5580	290445	572.0	271.0
5592	290445	615.0	280.0
5604	290445	671.0	291.0
5616	290445	748.0	306.0
5628	290445	858.0	328.0
5640	290445	985.0	362.0
5436	290454	322.0	237.0
5448	290454	323.0	240.0
5460	290454	326.0	241.0
5472	290454	329.0	244.0
5484	290454	333.0	246.0
5496	290454	335.0	248.0
5508	290454	336.0	250.0
5520	290454	342.0	254.0
5532	290454	346.0	257.0
5544	290454	352.0	261.0
5556	290454	357.0	266.0
5568	290454	366.0	272.0
5580	290454	376.0	279.0
5592	290454	391.0	288.0
5604	290454	409.0	300.0
5616	290454	433.0	316.0
5628	290454	466.0	337.0
5640	290454	517.0	370.0
5652	290454	601.0	426.0
5664	290454	774.0	537.0
5676	290454	931.0	540.0
5472	290463	337.0	233.0
5484	290463	341.0	234.0
5496	290463	344.0	235.0
5508	290463	350.0	237.0
5520	290463	355.0	239.0
5532	290463	360.0	239.0
5544	290463	367.0	241.0
5556	290463	373.0	243.0
5568	290463	380.0	246.0
5580	290463	388.0	247.0
5592	290463	399.0	251.0
5604	290463	409.0	255.0
5616	290463	423.0	258.0
5628	290463	439.0	263.0
5640	290463	455.0	268.0
5652	290463	479.0	275.0
5664	290463	508.0	284.0
5676	290463	545.0	296.0
5688	290463	597.0	312.0
5700	290463	672.0	335.0
5712	290463	790.0	372.0
5724	290463	976.0	436.0
5508	290475	291.0	234.0
5520	290475	294.0	234.0
5532	290475	295.0	236.0
5544	290475	296.0	236.0
5556	290475	298.0	237.0
5568	290475	299.0	239.0
5580	290475	304.0	240.0
5592	290475	306.0	242.0
5604	290475	309.0	243.0
5616	290475	312.0	244.0
5628	290475	315.0	246.0
5640	290475	319.0	249.0
5652	290475	322.0	251.0
5664	290475	328.0	254.0
5676	290475	332.0	257.0
5688	290475	339.0	259.0
5700	290475	345.0	264.0
5712	290475	354.0	269.0
5724	290475	362.0	274.0
5736	290475	373.0	281.0
5748	290475	387.0	289.0
5760	290475	403.0	299.0
5772	290475	424.0	313.0
5784	290475	452.0	330.0
5796	290475	492.0	356.0
5808	290475	554.0	396.0
5820	290475	662.0	466.0
5832	290475	847.0	542.0
5520	290483	317.0	228.0
5532	290483	319.0	229.0
5544	290483	322.0	230.0
5556	290483	326.0	230.0
5568	290483	328.0	231.0
5580	290483	331.0	233.0
5592	290483	335.0	233.0
5604	290483	337.0	235.0
5616	290483	342.0	235.0
5628	290483	347.0	236.0
5640	290483	351.0	237.0
5652	290483	356.0	239.0
5664	290483	360.0	239.0
5676	290483	366.0	242.0
5688	290483	372.0	243.0
5700	290483	378.0	245.0
5712	290483	385.0	248.0
5724	290483	394.0	249.0
5736	290483	403.0	251.0
5748	290483	414.0	255.0
5760	290483	427.0	259.0
5772	290483	439.0	263.0
5784	290483	456.0	268.0
5796	290483	476.0	274.0
5808	290483	500.0	281.0
5820	290483	530.0	290.0
5832	290483	572.0	303.0
5844	290483	626.0	320.0
5856	290483	703.0	344.0
5868	290483	827.0	381.0
5880	290483	988.0	445.0
5556	290491	286.0	231.0
5568	290491	286.0	231.0
5580	290491	289.0	232.0
5592	290491	291.0	233.0
5604	290491	292.0	233.0
5616	290491	294.0	235.0
5628	290491	295.0	236.0
5640	290491	297.0	237.0
5652	290491	300.0	238.0
5664	290491	301.0	240.0
5676	290491	303.0	241.0
5688	290491	306.0	243.0
5700	290491	309.0	245.0
5712	290491	312.0	246.0
5724	290491	315.0	248.0
5736	290491	319.0	250.0
5748	290491	323.0	253.0
5760	290491	328.0	256.0
5772	290491	334.0	259.0
5784	290491	340.0	263.0
5796	290491	347.0	268.0
5808	290491	356.0	274.0
5820	290491	366.0	281.0
5832	290491	378.0	289.0
5844	290491	395.0	299.0
5856	290491	416.0	313.0
5868	290491	445.0	332.0
5880	290491	485.0	359.0
5892	290491	548.0	402.0
5904	290491	667.0	480.0
5916	290491	880.0	541.0
5892	290629	313.0	225.0
5904	290629	313.25	225.25
5916	290629	314.3333333333333	226.0
5928	290629	316.5652173913044	226.2608695652174
5940	290629	319.69565217391306	226.7826086956522
5952	290629	321.0	228.0
5964	290629	323.0	229.0
5976	290629	324.0	230.0
5988	290629	327.0	230.0
6000	290629	331.0	231.0
6012	290629	333.0	232.0
6024	290629	337.0	232.0
6036	290629	340.0	234.0
6048	290629	344.0	235.0
6060	290629	347.0	236.0
6072	290629	352.0	237.0
6084	290629	357.0	239.0
6096	290629	362.0	240.0
6108	290629	368.0	241.0
6120	290629	375.0	244.0
6132	290629	383.0	246.0
6144	290629	390.0	249.0
6156	290629	401.0	251.0
6168	290629	412.0	254.0
6180	290629	425.0	259.0
6192	290629	439.0	263.0
6204	290629	457.0	267.0
6216	290629	480.0	273.0
6228	290629	510.0	284.0
6240	290629	546.0	296.0
6252	290629	597.0	312.0
6264	290629	670.0	335.0
6276	290629	783.0	369.0
6288	290629	966.0	430.0
5916	290638	250.0	220.0
5928	290638	251.13333333333333	219.0222222222222
5940	290638	252.73333333333332	219.2888888888889
5952	290638	254.33333333333334	219.55555555555554
5964	290638	255.93333333333334	219.82222222222222
5976	290638	258.375	221.0
5988	290638	259.3	221.0
6000	290638	260.8333333333333	221.20833333333334
6012	290638	262.8333333333333	221.70833333333334
6024	290638	265.0	222.0
6036	290638	265.0	222.0
6048	290638	266.0	222.0
6060	290638	267.6666666666667	222.0
6072	290638	269.0	223.0
6084	290638	270.0	223.0
6096	290638	272.0	224.0
6108	290638	273.0	223.0
6120	290638	273.0	224.0
6132	290638	274.0	224.0
6144	290638	274.0	223.0
6156	290638	275.0	224.0
6168	290638	275.0	224.0
6180	290638	276.0	225.0
6192	290638	276.0	225.0
6204	290638	277.0	225.0
6216	290638	278.0	225.0
6228	290638	278.0	226.0
6240	290638	279.0	226.0
6252	290638	280.17391304347825	226.0
6264	290638	281.2173913043478	226.0
6276	290638	282.0	226.0
6288	290638	283.0	226.0
6300	290638	283.0	227.0
6312	290638	283.0	228.0
6324	290638	284.0	227.0
6336	290638	285.0	228.0
6348	290638	286.0	229.0
6360	290638	285.0	229.0
6372	290638	285.0	229.0
6384	290638	286.0	230.0
6396	290638	288.0	231.0
6408	290638	288.0	231.0
6420	290638	290.0	232.0
6432	290638	290.0	232.0
6444	290638	292.0	233.0
6456	290638	292.0	234.0
6468	290638	293.0	234.0
6480	290638	294.0	236.0
6492	290638	296.0	236.0
6504	290638	298.0	237.0
6516	290638	299.0	238.0
6528	290638	300.0	238.0
6540	290638	303.0	240.0
6552	290638	304.0	240.0
6564	290638	307.0	241.0
6576	290638	309.0	242.0
6588	290638	312.0	244.0
6600	290638	315.0	246.0
6612	290638	318.0	247.0
6624	290638	321.0	249.0
6636	290638	325.0	250.0
6648	290638	330.0	253.0
6660	290638	334.0	256.0
6672	290638	339.0	258.0
6684	290638	345.0	261.0
6696	290638	351.0	265.0
6708	290638	358.0	268.0
6720	290638	366.0	272.0
6732	290638	375.0	278.0
6744	290638	385.0	283.0
6756	290638	398.0	291.0
6768	290638	413.0	299.0
6780	290638	432.0	310.0
6792	290638	455.0	324.0
6804	290638	486.0	341.0
6816	290638	527.0	364.0
6828	290638	590.0	399.0
6840	290638	688.0	455.0
6852	290638	857.0	541.0
6864	290638	954.0	539.0
5928	290641	298.0	227.0
5940	290641	299.0	227.0
5952	290641	300.0	228.0
5964	290641	303.0	229.0
5976	290641	304.0	230.0
5988	290641	308.0	231.0
6000	290641	308.0	232.0
6012	290641	311.0	232.0
6024	290641	313.0	233.0
6036	290641	317.0	234.0
6048	290641	320.0	236.0
6060	290641	324.0	237.0
6072	290641	328.0	238.0
6084	290641	332.0	240.0
6096	290641	338.0	243.0
6108	290641	343.0	244.0
6120	290641	352.0	248.0
6132	290641	359.0	250.0
6144	290641	371.0	255.0
6156	290641	382.0	258.0
6168	290641	397.0	265.0
6180	290641	413.0	270.0
6192	290641	436.0	280.0
6204	290641	464.0	291.0
6216	290641	504.0	307.0
6228	290641	561.0	330.0
6240	290641	656.0	369.0
6252	290641	836.0	444.0
6264	290641	1002.0	542.0
5952	290650	337.0	228.0
5964	290650	339.25	228.0
5976	290650	342.0	229.0
5988	290650	346.0	230.0
6000	290650	349.0	230.0
6012	290650	353.0	232.0
6024	290650	358.0	232.0
6036	290650	362.0	234.0
6048	290650	367.0	235.0
6060	290650	373.0	236.0
6072	290650	379.0	237.0
6084	290650	385.0	239.0
6096	290650	393.0	241.0
6108	290650	401.0	243.0
6120	290650	412.0	246.0
6132	290650	422.0	248.0
6144	290650	435.0	251.0
6156	290650	449.0	255.0
6168	290650	468.0	259.0
6180	290650	489.0	264.0
6192	290650	515.0	270.0
6204	290650	546.0	278.0
6216	290650	589.0	288.0
6228	290650	646.0	302.0
6240	290650	725.0	322.0
6252	290650	847.0	351.0
6264	290650	992.0	400.0
6120	290702	336.0	227.0
6132	290702	339.0	228.0
6144	290702	341.0	228.0
6156	290702	345.0	230.0
6168	290702	349.0	231.0
6180	290702	353.0	231.0
6192	290702	357.0	232.0
6204	290702	361.0	234.0
6216	290702	367.0	234.0
6228	290702	373.0	235.0
6240	290702	380.0	237.0
6252	290702	387.0	239.0
6264	290702	397.0	242.0
6276	290702	405.0	243.0
6288	290702	416.0	246.0
6300	290702	428.0	249.0
6312	290702	443.0	252.0
6324	290702	460.0	256.0
6336	290702	480.0	261.0
6348	290702	506.0	267.0
6360	290702	536.0	274.0
6372	290702	578.0	284.0
6384	290702	633.0	298.0
6396	290702	713.0	317.0
6408	290702	835.0	347.0
6420	290702	991.0	398.0
6216	290726	339.0	227.0
6228	290726	340.0	227.0
6240	290726	346.0	230.0
6252	290726	350.0	230.0
6264	290726	354.0	231.0
6276	290726	357.0	233.0
6288	290726	363.0	233.0
6300	290726	369.0	235.0
6312	290726	376.0	236.0
6324	290726	381.6666666666667	238.33333333333334
6336	290726	390.0	240.0
6348	290726	400.0	242.0
6360	290726	410.0	244.0
6372	290726	421.0	247.0
6384	290726	436.0	250.0
6396	290726	453.0	255.0
6408	290726	473.0	260.0
6420	290726	498.0	265.0
6432	290726	528.0	273.0
6444	290726	568.0	282.0
6456	290726	622.0	295.0
6468	290726	700.0	314.0
6480	290726	820.0	342.0
6492	290726	983.0	392.0
6228	290734	318.0	224.0
6240	290734	320.0	224.0
6252	290734	321.0	224.0
6264	290734	324.0	224.0
6276	290734	327.0	225.0
6288	290734	329.14285714285717	224.28571428571428
6300	290734	332.0	226.0
6312	290734	334.0	226.0
6324	290734	339.0	228.0
6336	290734	341.0	228.0
6348	290734	346.0	230.0
6360	290734	349.0	231.0
6372	290734	353.0	232.0
6384	290734	358.0	232.0
6396	290734	363.0	234.0
6408	290734	369.0	235.0
6420	290734	376.0	237.0
6432	290734	383.0	238.0
6444	290734	391.0	240.0
6456	290734	401.0	244.0
6468	290734	413.0	245.0
6480	290734	425.0	248.0
6492	290734	440.0	252.0
6504	290734	458.0	256.0
6516	290734	480.0	261.0
6528	290734	507.0	268.0
6540	290734	541.0	276.0
6552	290734	587.0	287.0
6564	290734	652.0	302.0
6576	290734	749.0	326.0
6588	290734	907.0	364.0
6276	290747	308.0	224.0
6288	290747	309.0	223.0
6300	290747	311.0	223.0
6312	290747	313.625	223.875
6324	290747	316.0	225.0
6336	290747	316.4	225.4
6348	290747	318.0	227.0
6360	290747	320.38461538461536	227.0
6372	290747	322.0	227.0
6384	290747	326.0	229.0
6396	290747	327.0	229.0
6408	290747	329.0	229.0
6420	290747	333.0	231.0
6432	290747	336.0	230.0
6444	290747	340.0	232.0
6456	290747	342.0	233.0
6468	290747	346.0	235.0
6480	290747	350.0	236.0
6492	290747	356.0	237.0
6504	290747	360.0	238.0
6516	290747	366.0	242.0
6528	290747	371.0	244.0
6540	290747	379.0	245.0
6552	290747	385.0	248.0
6564	290747	396.0	250.0
6576	290747	407.0	254.0
6588	290747	421.0	258.0
6600	290747	436.0	263.0
6612	290747	455.0	269.0
6624	290747	478.0	276.0
6636	290747	508.0	286.0
6648	290747	547.0	298.0
6660	290747	604.0	316.0
6672	290747	687.0	343.0
6684	290747	821.0	385.0
6696	290747	998.0	463.0
6516	290842	320.0	226.0
6528	290842	322.0	228.0
6540	290842	324.0	229.0
6552	290842	327.0	230.0
6564	290842	329.0	230.0
6576	290842	332.0	231.0
6588	290842	337.0	232.0
6600	290842	339.0	233.0
6612	290842	344.0	235.0
6624	290842	348.0	236.0
6636	290842	352.0	237.0
6648	290842	358.0	238.0
6660	290842	364.0	240.0
6672	290842	372.0	242.0
6684	290842	379.0	245.0
6696	290842	387.0	248.0
6708	290842	398.0	250.0
6720	290842	408.0	253.0
6732	290842	422.0	258.0
6744	290842	437.0	262.0
6756	290842	456.0	268.0
6768	290842	480.0	275.0
6780	290842	509.0	284.0
6792	290842	548.0	295.0
6804	290842	601.0	311.0
6816	290842	680.0	335.0
6828	290842	804.0	372.0
6840	290842	984.0	439.0
6672	290902	350.5882352941176	226.23529411764707
6684	290902	354.11764705882354	227.64705882352942
6696	290902	357.0	228.0
6708	290902	361.0	229.0
6720	290902	364.0	230.0
6732	290902	369.0	231.0
6744	290902	374.0	232.0
6756	290902	380.0	234.0
6768	290902	386.0	234.0
6780	290902	393.0	236.0
6792	290902	399.0	238.0
6804	290902	407.0	239.0
6816	290902	417.0	241.0
6828	290902	427.0	243.0
6840	290902	439.0	246.0
6852	290902	452.0	249.0
6864	290902	468.0	252.0
6876	290902	487.0	256.0
6888	290902	509.0	260.0
6900	290902	535.0	266.0
6912	290902	570.0	272.0
6924	290902	613.0	281.0
6936	290902	670.0	293.0
6948	290902	750.0	310.0
6960	290902	869.0	334.0
6972	290902	993.0	370.0
6720	290918	349.0	230.0
6732	290918	352.0	231.0
6744	290918	357.0	232.0
6756	290918	361.0	234.0
6768	290918	366.0	236.0
6780	290918	372.0	237.0
6792	290918	378.0	238.0
6804	290918	386.0	240.0
6816	290918	392.0	242.0
6828	290918	400.0	244.0
6840	290918	411.0	247.0
6852	290918	421.0	250.0
6864	290918	434.0	253.0
6876	290918	449.0	257.0
6888	290918	467.0	262.0
6900	290918	489.0	268.0
6912	290918	516.0	276.0
6924	290918	551.0	286.0
6936	290918	599.0	300.0
6948	290918	666.0	318.0
6960	290918	770.0	348.0
6972	290918	946.0	397.0
6720	290920	300.375	227.125
6732	290920	302.625	227.875
6744	290920	304.5217391304348	228.17391304347825
6756	290920	306.0869565217391	228.69565217391303
6768	290920	307.0	230.0
6780	290920	307.875	229.0
6792	290920	310.0	231.0
6804	290920	311.5	231.5
6816	290920	313.5	233.0
6828	290920	316.0	235.0
6840	290920	317.90909090909093	235.45454545454547
6852	290920	320.0	237.0
6864	290920	322.0	237.0
6876	290920	325.8	237.8
6888	290920	328.5	239.75
6900	290920	331.0	241.0
6912	290920	335.0	242.0
6924	290920	340.0	244.0
6936	290920	345.0	246.0
6948	290920	350.0	248.0
6960	290920	354.0	249.0
6972	290920	362.0	252.0
6984	290920	369.0	255.0
6996	290920	378.0	259.0
7008	290920	387.0	263.0
7020	290920	398.0	267.0
7032	290920	411.0	272.0
7044	290920	428.0	280.0
7056	290920	447.0	288.0
7068	290920	473.0	298.0
7080	290920	504.0	311.0
7092	290920	548.0	329.0
7104	290920	610.0	355.0
7116	290920	710.0	396.0
7128	290920	879.0	468.0
7140	290920	995.0	542.0
6732	290928	334.0	223.5
6744	290928	337.0	224.0
6756	290928	338.8333333333333	225.16666666666666
6768	290928	342.1666666666667	225.83333333333334
6780	290928	345.0	226.0
6792	290928	348.6	226.8
6804	290928	351.6666666666667	227.66666666666666
6816	290928	355.0	229.0
6828	290928	359.0	230.0
6840	290928	363.0	230.0
6852	290928	368.0	232.0
6864	290928	373.0	233.0
6876	290928	378.0	234.0
6888	290928	385.0	236.0
6900	290928	391.0	237.0
6912	290928	399.0	239.0
6924	290928	406.0	240.0
6936	290928	415.0	242.0
6948	290928	426.0	244.0
6960	290928	438.0	247.0
6972	290928	453.0	249.0
6984	290928	469.0	253.0
6996	290928	488.0	256.0
7008	290928	510.0	261.0
7020	290928	538.0	267.0
7032	290928	573.0	274.0
7044	290928	619.0	284.0
7056	290928	682.0	296.0
7068	290928	767.0	314.0
7080	290928	897.0	341.0
6840	290957	350.4	227.0
6852	290957	352.5	228.0
6864	290957	358.0	228.0
6876	290957	363.0	229.0
6888	290957	368.0	230.0
6900	290957	369.0	231.0
6912	290957	375.7692307692308	232.46153846153845
6924	290957	381.0	234.0
6936	290957	387.0	235.0
6948	290957	394.0	237.0
6960	290957	401.0	238.0
6972	290957	409.0	239.0
6984	290957	417.0	241.0
6996	290957	429.0	244.0
7008	290957	440.0	246.0
7020	290957	454.0	249.0
7032	290957	469.0	251.0
7044	290957	488.0	255.0
7056	290957	509.0	259.0
7068	290957	537.0	264.0
7080	290957	570.0	271.0
7092	290957	611.0	279.0
7104	290957	667.0	290.0
7116	290957	743.0	306.0
7128	290957	853.0	327.0
7140	290957	983.0	361.0
6888	290968	296.0	225.0
6900	290968	297.0	224.0
6912	290968	298.75	225.0
6924	290968	299.0	225.0
6936	290968	299.0	226.0
6948	290968	299.1111111111111	226.0
6960	290968	301.0	226.0
6972	290968	301.8	226.0
6984	290968	302.0	227.0
6996	290968	305.0	229.0
7008	290968	304.0	228.0
7020	290968	307.0	229.0
7032	290968	309.0	230.0
7044	290968	310.0	231.0
7056	290968	313.0	232.0
7068	290968	315.0	233.0
7080	290968	316.0	232.0
7092	290968	319.0	234.0
7104	290968	321.0	234.0
7116	290968	325.0	236.0
7128	290968	326.0	237.0
7140	290968	330.0	238.0
7152	290968	333.0	239.0
7164	290968	337.0	241.0
7176	290968	342.0	242.0
7188	290968	346.0	245.0
7200	290968	351.0	246.0
7212	290968	357.0	249.0
7224	290968	362.0	251.0
7236	290968	370.0	254.0
7248	290968	378.0	257.0
7260	290968	388.0	261.0
7272	290968	399.0	265.0
7284	290968	412.0	271.0
7296	290968	428.0	278.0
7308	290968	448.0	286.0
7320	290968	473.0	298.0
7332	290968	506.0	312.0
7344	290968	551.0	332.0
7356	290968	619.0	361.0
7368	290968	732.0	410.0
7380	290968	944.0	503.0
7392	290968	993.0	540.0
6924	290976	345.0	228.0
6936	290976	347.0	228.0
6948	290976	351.0	228.0
6960	290976	353.0	230.0
6972	290976	356.0	231.0
6984	290976	361.0	232.0
6996	290976	365.0	233.0
7008	290976	369.0	233.0
7020	290976	370.0	234.0
7032	290976	375.0	235.0
7044	290976	376.3125	234.8125
7056	290976	378.0625	234.5625
7068	290976	379.8125	234.3125
7080	290976	381.5625	234.0625
7092	290976	386.0	235.0
7104	290976	394.0	236.0
7116	290976	400.0	238.0
7128	290976	410.0	239.0
7140	290976	419.0	242.0
7152	290976	430.0	244.0
7164	290976	442.0	246.0
7176	290976	456.0	250.0
7188	290976	472.0	252.0
7200	290976	491.0	256.0
7212	290976	514.0	261.0
7224	290976	543.0	266.0
7236	290976	579.0	273.0
7248	290976	625.0	283.0
7260	290976	688.0	295.0
7272	290976	778.0	313.0
7284	290976	912.0	340.0
7008	290992	324.0	230.0
7020	290992	326.70588235294116	229.23529411764707
7032	290992	328.8235294117647	229.94117647058823
7044	290992	330.0	231.0
7056	290992	334.5833333333333	231.91666666666666
7068	290992	338.0	234.0
7080	290992	340.0	234.0
7092	290992	345.0	236.0
7104	290992	349.0	237.0
7116	290992	353.0	238.0
7128	290992	358.0	240.0
7140	290992	364.0	241.0
7152	290992	370.0	243.0
7164	290992	377.0	246.0
7176	290992	385.0	248.0
7188	290992	393.0	250.0
7200	290992	405.0	253.0
7212	290992	418.0	258.0
7224	290992	432.0	262.0
7236	290992	450.0	267.0
7248	290992	472.0	274.0
7260	290992	501.0	283.0
7272	290992	537.0	294.0
7284	290992	587.0	309.0
7296	290992	658.0	332.0
7308	290992	774.0	367.0
7320	290992	965.0	430.0
7068	291016	354.0	231.0
7080	291016	358.4871794871795	232.82051282051282
7092	291016	363.71794871794873	234.05128205128204
7104	291016	368.94871794871796	235.28205128205127
7116	291016	374.0	235.0
7128	291016	378.0	236.0
7140	291016	383.0	237.0
7152	291016	388.0	239.0
7164	291016	393.0	239.0
7176	291016	402.0	243.0
7188	291016	411.0	245.0
7200	291016	420.0	247.0
7212	291016	429.0	247.0
7224	291016	444.0	252.0
7236	291016	458.0	255.0
7248	291016	473.0	256.0
7260	291016	494.0	261.0
7272	291016	516.0	266.0
7284	291016	547.0	274.0
7296	291016	588.0	286.0
7308	291016	637.0	300.0
7320	291016	704.0	317.0
7332	291016	800.0	341.0
7344	291016	947.0	376.0
7356	291016	980.0	392.0
7368	291016	958.0	356.0
7380	291016	1011.0	400.0
7164	291049	350.0	230.33333333333334
7176	291049	353.0	231.0
7188	291049	359.4	232.2
7200	291049	363.0	235.0
7212	291049	367.0	234.0
7224	291049	372.0	235.0
7236	291049	377.0	237.0
7248	291049	383.5	238.5
7260	291049	390.0	239.0
7272	291049	396.0	240.0
7284	291049	404.0	242.0
7296	291049	415.0	245.0
7308	291049	426.0	247.0
7320	291049	438.0	250.0
7332	291049	451.0	254.0
7344	291049	467.0	257.0
7356	291049	486.0	262.0
7368	291049	510.0	267.0
7380	291049	537.0	274.0
7392	291049	573.0	282.0
7404	291049	619.0	293.0
7416	291049	683.0	308.0
7428	291049	773.0	329.0
7440	291049	909.0	360.0
7176	291053	301.0	229.0
7188	291053	303.6666666666667	229.66666666666666
7200	291053	306.6666666666667	230.0
7212	291053	308.0	230.0
7224	291053	310.0	231.0
7236	291053	313.0	232.0
7248	291053	315.0	233.0
7260	291053	317.0	234.0
7272	291053	319.0	235.0
7284	291053	323.0	236.0
7296	291053	325.0	237.0
7308	291053	329.0	238.0
7320	291053	334.0	240.0
7332	291053	336.0	242.0
7344	291053	341.0	243.0
7356	291053	348.0	245.0
7368	291053	353.0	248.0
7380	291053	361.0	250.0
7392	291053	368.0	254.0
7404	291053	375.0	256.0
7416	291053	387.0	261.0
7428	291053	398.0	266.0
7440	291053	412.0	272.0
7452	291053	430.0	279.0
7464	291053	453.0	289.0
7476	291053	483.0	301.0
7488	291053	524.0	318.0
7500	291053	582.0	344.0
7512	291053	678.0	384.0
7524	291053	853.0	457.0
7536	291053	992.0	543.0
7176	291054	338.0	228.0
7188	291054	341.0	229.0
7200	291054	344.1666666666667	231.16666666666666
7212	291054	350.0	234.0
7224	291054	352.0	234.0
7236	291054	358.0	237.0
7248	291054	363.0	239.0
7260	291054	369.0	240.0
7272	291054	375.0	242.0
7284	291054	383.0	244.0
7296	291054	390.0	247.0
7308	291054	402.0	250.0
7320	291054	412.0	253.0
7332	291054	424.0	256.0
7344	291054	438.0	261.0
7356	291054	456.0	266.0
7368	291054	476.0	272.0
7380	291054	501.0	280.0
7392	291054	531.0	290.0
7404	291054	571.0	301.0
7416	291054	628.0	319.0
7428	291054	711.0	343.0
7440	291054	837.0	383.0
7452	291054	987.0	454.0
7464	291054	1000.0	443.0
7296	291078	354.0	231.0
7308	291078	356.4	232.8
7320	291078	361.2	232.8
7332	291078	365.6666666666667	234.0
7344	291078	371.0	236.0
7356	291078	376.0	237.0
7368	291078	383.0	238.0
7380	291078	391.0	240.0
7392	291078	399.0	242.0
7404	291078	406.0	243.0
7416	291078	416.0	246.0
7428	291078	428.0	249.0
7440	291078	440.0	251.0
7452	291078	455.0	255.0
7464	291078	473.0	259.0
7476	291078	493.0	264.0
7488	291078	520.0	270.0
7500	291078	551.0	277.0
7512	291078	592.0	287.0
7524	291078	647.0	301.0
7536	291078	724.0	320.0
7548	291078	841.0	346.0
7560	291078	983.0	391.0
7356	291110	265.0	222.0
7368	291110	267.0	222.0
7380	291110	267.0	222.0
7392	291110	269.2	223.0
7404	291110	271.0	223.0
7416	291110	272.0	223.0
7428	291110	272.625	223.0
7440	291110	274.0	223.0
7452	291110	275.0	223.0
7464	291110	275.8	224.4
7476	291110	277.0	225.0
7488	291110	277.4	224.0
7500	291110	279.0	225.0
7512	291110	279.3529411764706	225.0
7524	291110	279.70588235294116	225.0
7536	291110	280.0	225.0
7548	291110	281.2	225.6
7560	291110	282.42105263157896	226.0
7572	291110	283.6842105263158	226.0
7584	291110	284.0	226.88888888888889
7596	291110	284.0833333333333	226.05555555555554
7608	291110	285.0833333333333	226.72222222222223
7620	291110	286.0833333333333	227.38888888888889
7632	291110	287.0	229.0
7644	291110	287.125	229.0
7656	291110	287.875	229.0
7668	291110	289.25	230.25
7680	291110	290.0	232.0
7692	291110	290.42105263157896	232.0
7704	291110	292.94736842105266	232.0
7716	291110	294.0	233.0
7728	291110	296.0	234.0
7740	291110	297.5	237.16666666666666
7752	291110	300.0	238.0
7764	291110	301.5	238.0
7776	291110	304.5	240.0
7788	291110	308.0	242.0
7800	291110	310.0	243.0
7812	291110	313.0	244.0
7824	291110	317.0	247.0
7836	291110	321.0	249.0
7848	291110	326.0	252.0
7860	291110	331.0	254.0
7872	291110	338.0	257.0
7884	291110	344.0	261.0
7896	291110	352.0	265.0
7908	291110	362.0	269.0
7920	291110	373.0	275.0
7932	291110	386.0	281.0
7944	291110	402.0	290.0
7956	291110	423.0	300.0
7968	291110	448.0	313.0
7980	291110	483.0	331.0
7992	291110	532.0	355.0
8004	291110	603.0	393.0
8016	291110	728.0	454.0
8028	291110	936.0	542.0
7392	291122	339.625	233.0
7404	291122	344.0	235.0
7416	291122	347.0	236.0
7428	291122	352.0	236.0
7440	291122	356.0	237.0
7452	291122	360.0	238.0
7464	291122	366.0	240.0
7476	291122	371.0	241.0
7488	291122	379.0	243.0
7500	291122	385.0	246.0
7512	291122	393.0	249.0
7524	291122	403.0	251.0
7536	291122	412.0	254.0
7548	291122	425.0	257.0
7560	291122	439.0	262.0
7572	291122	456.0	268.0
7584	291122	476.0	273.0
7596	291122	502.0	281.0
7608	291122	535.0	291.0
7620	291122	578.0	304.0
7632	291122	638.0	323.0
7644	291122	725.0	350.0
7656	291122	865.0	393.0
7668	291122	1004.0	461.0
7392	291127	353.6666666666667	232.0
7404	291127	356.4	230.6
7416	291127	362.0	232.0
7428	291127	365.0	232.0
7440	291127	370.0	234.0
7452	291127	376.0	235.0
7464	291127	381.0	237.0
7476	291127	388.0	238.0
7488	291127	396.0	239.0
7500	291127	403.0	241.0
7512	291127	412.0	245.0
7524	291127	423.0	247.0
7536	291127	435.0	249.0
7548	291127	448.0	251.0
7560	291127	464.0	255.0
7572	291127	481.0	260.0
7584	291127	504.0	264.0
7596	291127	531.0	270.0
7608	291127	564.0	278.0
7620	291127	606.0	288.0
7632	291127	663.0	302.0
7644	291127	744.0	321.0
7656	291127	861.0	345.0
7668	291127	967.0	348.0
7404	291135	320.0	235.0
7416	291135	323.0	235.0
7428	291135	326.0	236.0
7440	291135	329.0	237.0
7452	291135	334.0	238.0
7464	291135	336.0	239.0
7476	291135	341.0	241.0
7488	291135	345.0	242.0
7500	291135	351.0	246.0
7512	291135	357.0	249.0
7524	291135	365.0	251.0
7536	291135	372.0	253.0
7548	291135	381.0	256.0
7560	291135	392.0	261.0
7572	291135	404.0	266.0
7584	291135	419.0	272.0
7596	291135	437.0	279.0
7608	291135	460.0	288.0
7620	291135	489.0	301.0
7632	291135	528.0	317.0
7644	291135	584.0	340.0
7656	291135	670.0	376.0
7668	291135	820.0	440.0
7680	291135	999.0	543.0
7464	291158	322.0	234.0
7476	291158	324.0	235.0
7488	291158	327.0	236.0
7500	291158	330.0	237.0
7512	291158	333.0	239.0
7524	291158	338.0	241.0
7536	291158	343.0	242.0
7548	291158	348.0	244.0
7560	291158	352.0	247.0
7572	291158	358.0	249.0
7584	291158	366.0	251.0
7596	291158	373.0	254.0
7608	291158	382.0	257.0
7620	291158	393.0	262.0
7632	291158	406.0	268.0
7644	291158	421.0	273.0
7656	291158	441.0	281.0
7668	291158	465.0	291.0
7680	291158	495.0	304.0
7692	291158	538.0	321.0
7704	291158	599.0	346.0
7716	291158	695.0	386.0
7728	291158	864.0	457.0
7740	291158	998.0	542.0
7536	291183	316.125	232.375
7548	291183	318.0	234.0
7560	291183	322.0	235.0
7572	291183	323.0	237.0
7584	291183	328.0	238.0
7596	291183	332.0	239.0
7608	291183	335.0	240.0
7620	291183	340.0	242.0
7632	291183	345.0	244.0
7644	291183	351.0	247.0
7656	291183	356.0	248.0
7668	291183	365.0	252.0
7680	291183	372.0	255.0
7692	291183	383.0	259.0
7704	291183	393.0	263.0
7716	291183	408.0	269.0
7728	291183	424.0	276.0
7740	291183	445.0	285.0
7752	291183	470.0	295.0
7764	291183	504.0	309.0
7776	291183	552.0	330.0
7788	291183	622.0	359.0
7800	291183	737.0	408.0
7812	291183	953.0	502.0
7560	291191	342.3333333333333	231.66666666666666
7572	291191	345.0	234.0
7584	291191	349.0	234.0
7596	291191	352.0	235.0
7608	291191	357.0	236.0
7620	291191	363.0	238.0
7632	291191	367.0	239.0
7644	291191	373.0	241.0
7656	291191	381.0	243.0
7668	291191	387.0	246.0
7680	291191	396.0	249.0
7692	291191	406.0	252.0
7704	291191	418.0	255.0
7716	291191	432.0	259.0
7728	291191	450.0	265.0
7740	291191	470.0	271.0
7752	291191	495.0	279.0
7764	291191	525.0	288.0
7776	291191	568.0	300.0
7788	291191	626.0	318.0
7800	291191	713.0	343.0
7812	291191	843.0	365.0
7824	291191	1012.0	443.0
7632	291212	320.3333333333333	232.0
7644	291212	321.0	234.0
7656	291212	325.0	234.0
7668	291212	328.0	236.0
7680	291212	330.25	238.25
7692	291212	335.0	239.0
7704	291212	339.0	240.0
7716	291212	345.0	243.0
7728	291212	350.0	246.0
7740	291212	355.0	247.0
7752	291212	363.0	250.0
7764	291212	372.0	253.0
7776	291212	380.0	258.0
7788	291212	391.0	261.0
7800	291212	405.0	268.0
7812	291212	421.0	274.0
7824	291212	442.0	283.0
7836	291212	468.0	293.0
7848	291212	503.0	308.0
7860	291212	551.0	327.0
7872	291212	624.0	357.0
7884	291212	743.0	407.0
7896	291212	963.0	503.0
7656	291225	362.0	229.0
7668	291225	367.0	228.4
7680	291225	370.5	230.0
7692	291225	374.0	231.0
7704	291225	380.0	232.0
7716	291225	385.0	232.0
7728	291225	392.0	235.0
7740	291225	399.0	237.0
7752	291225	406.0	238.0
7764	291225	416.0	240.0
7776	291225	424.0	242.0
7788	291225	436.0	244.0
7800	291225	448.0	247.0
7812	291225	463.0	249.0
7824	291225	480.0	253.0
7836	291225	501.0	258.0
7848	291225	527.0	263.0
7860	291225	557.0	269.0
7872	291225	598.0	277.0
7884	291225	648.0	288.0
7896	291225	718.0	302.0
7656	291226	339.5	231.5
7668	291226	343.0	233.0
7680	291226	347.0	235.0
7692	291226	351.0	234.0
7704	291226	356.0	236.0
7716	291226	361.0	237.0
7728	291226	365.0	239.0
7740	291226	371.0	242.0
7752	291226	379.0	244.0
7764	291226	387.0	246.0
7776	291226	394.0	249.0
7788	291226	404.0	252.0
7800	291226	416.0	255.0
7812	291226	429.0	258.0
7824	291226	446.0	262.0
7836	291226	466.0	268.0
7848	291226	498.0	274.0
7860	291226	524.0	285.0
7872	291226	563.0	300.0
7884	291226	621.0	318.0
7896	291226	700.0	342.0
7908	291226	824.0	380.0
7920	291226	981.0	445.0
7932	291226	981.0	446.0
7944	291226	997.0	470.0
7956	291226	1009.0	454.0
7728	291277	328.0	232.0
7740	291277	333.0	234.0
7752	291277	335.0	235.0
7764	291277	339.0	236.0
7776	291277	343.0	237.0
7788	291277	350.0	238.0
7800	291277	354.0	240.0
7812	291277	360.0	241.0
7824	291277	366.0	243.0
7836	291277	373.0	246.0
7848	291277	381.0	248.0
7860	291277	389.0	251.0
7872	291277	402.0	255.0
7884	291277	415.0	258.0
7896	291277	430.0	262.0
7908	291277	447.0	268.0
7920	291277	469.0	274.0
7932	291277	495.0	283.0
7944	291277	529.0	293.0
7956	291277	575.0	308.0
7968	291277	640.0	328.0
7980	291277	735.0	357.0
7992	291277	888.0	406.0
8004	291277	1002.0	465.0
7956	291350	315.0	231.0
7968	291350	316.4	232.0
7980	291350	318.0	233.0
7992	291350	320.0	235.0
8004	291350	323.0	236.0
8016	291350	325.0	237.0
8028	291350	330.0	239.0
8040	291350	331.0	240.0
8052	291350	336.0	242.0
8064	291350	340.0	244.0
8076	291350	345.0	244.0
8088	291350	351.0	247.0
8100	291350	356.0	249.0
8112	291350	364.0	252.0
8124	291350	373.0	254.0
8136	291350	382.0	259.0
8148	291350	392.0	262.0
8160	291350	403.0	267.0
8172	291350	418.0	273.0
8184	291350	436.0	280.0
8196	291350	458.0	289.0
8208	291350	486.0	301.0
8220	291350	523.0	316.0
8232	291350	575.0	337.0
8244	291350	651.0	368.0
8256	291350	779.0	421.0
8268	291350	984.0	521.0
7956	291355	336.0	233.0
7968	291355	339.0	233.0
7980	291355	343.0	234.0
7992	291355	346.0	235.0
8004	291355	349.0	235.0
8016	291355	354.0	237.0
8028	291355	359.0	238.0
8040	291355	365.0	239.0
8052	291355	370.0	242.0
8064	291355	377.0	244.0
8076	291355	384.0	247.0
8088	291355	391.0	249.0
8100	291355	399.0	251.0
8112	291355	411.0	254.0
8124	291355	423.0	258.0
8136	291355	436.0	262.0
8148	291355	454.0	267.0
8160	291355	472.0	273.0
8172	291355	496.0	280.0
8184	291355	525.0	289.0
8196	291355	563.0	301.0
8208	291355	614.0	317.0
8220	291355	688.0	340.0
8232	291355	798.0	373.0
8244	291355	969.0	431.0
8016	291372	284.0	227.0
8028	291372	283.5	227.0
8040	291372	284.0	228.0
8052	291372	286.0	229.0
8064	291372	286.0	229.0
8076	291372	286.0	230.0
8088	291372	288.0	231.0
8100	291372	288.0	231.0
8112	291372	290.0	232.0
8124	291372	290.0	232.0
8136	291372	292.0	233.0
8148	291372	293.2307692307692	234.23076923076923
8160	291372	294.0	235.0
8172	291372	296.0	237.0
8184	291372	298.0	237.0
8196	291372	299.0	238.0
8208	291372	302.0	239.0
8220	291372	305.0	239.0
8232	291372	309.0	241.0
8244	291372	313.0	243.0
8256	291372	318.0	245.0
8268	291372	324.0	246.0
8280	291372	328.0	247.0
8292	291372	333.0	249.0
8304	291372	340.0	251.0
8316	291372	347.0	254.0
8328	291372	352.0	255.0
8340	291372	360.0	258.0
8352	291372	368.0	261.0
8364	291372	377.0	265.0
8376	291372	387.0	269.0
8388	291372	397.0	273.0
8400	291372	410.0	279.0
8412	291372	425.0	286.0
8424	291372	443.0	294.0
8436	291372	467.0	304.0
8448	291372	496.0	318.0
8460	291372	537.0	336.0
8472	291372	593.0	362.0
8484	291372	678.0	401.0
8496	291372	822.0	467.0
8508	291372	972.0	541.0
8064	291386	326.0	237.0
8076	291386	329.0	238.0
8088	291386	333.0	240.0
8100	291386	336.0	241.0
8112	291386	341.0	243.0
8124	291386	347.0	246.0
8136	291386	352.0	248.0
8148	291386	358.0	250.0
8160	291386	365.0	254.0
8172	291386	373.0	256.0
8184	291386	382.0	261.0
8196	291386	392.0	266.0
8208	291386	406.0	271.0
8220	291386	419.0	278.0
8232	291386	438.0	287.0
8244	291386	461.0	298.0
8256	291386	490.0	313.0
8268	291386	532.0	333.0
8280	291386	595.0	364.0
8292	291386	702.0	418.0
8304	291386	916.0	529.0
8064	291390	309.0	229.0
8076	291390	311.0	229.0
8088	291390	312.0	230.0
8100	291390	315.0	231.0
8112	291390	317.0	232.0
8124	291390	319.0	232.0
8136	291390	322.0	234.0
8148	291390	325.0	234.0
8160	291390	327.0	235.0
8172	291390	329.0	237.0
8184	291390	332.0	238.0
8196	291390	335.0	239.0
8208	291390	339.0	240.0
8220	291390	342.0	242.0
8232	291390	348.0	243.0
8244	291390	351.0	246.0
8256	291390	358.0	248.0
8268	291390	364.0	250.0
8280	291390	370.0	254.0
8292	291390	379.0	257.0
8304	291390	388.0	261.0
8316	291390	399.0	265.0
8328	291390	414.0	271.0
8340	291390	430.0	277.0
8352	291390	451.0	286.0
8364	291390	478.0	296.0
8376	291390	512.0	310.0
8388	291390	560.0	330.0
8400	291390	632.0	359.0
8412	291390	749.0	406.0
8424	291390	961.0	495.0
8148	291411	363.0	231.0
8160	291411	366.0	233.0
8172	291411	372.0	235.0
8184	291411	378.0	237.0
8196	291411	384.5	238.0
8208	291411	391.0	240.0
8220	291411	399.0	241.0
8232	291411	409.0	244.0
8244	291411	418.0	247.0
8256	291411	430.0	248.0
8268	291411	443.0	252.0
8280	291411	459.0	256.0
8292	291411	477.0	260.0
8304	291411	499.0	266.0
8316	291411	525.0	272.0
8328	291411	560.0	280.0
8340	291411	603.0	290.0
8352	291411	662.0	304.0
8364	291411	745.0	324.0
8376	291411	871.0	355.0
8388	291411	997.0	402.0
8196	291439	357.85714285714283	227.0
8208	291439	361.6666666666667	229.0
8220	291439	365.72727272727275	229.9090909090909
8232	291439	370.0	231.0
8244	291439	375.0	232.0
8256	291439	381.0	233.0
8268	291439	387.0	235.0
8280	291439	394.0	235.0
8292	291439	401.0	237.0
8304	291439	409.0	238.0
8316	291439	420.0	241.0
8328	291439	430.0	243.0
8340	291439	442.0	246.0
8352	291439	456.0	248.0
8364	291439	473.0	251.0
8376	291439	493.0	256.0
8388	291439	516.0	260.0
8400	291439	544.0	266.0
8412	291439	581.0	273.0
8424	291439	627.0	282.0
8436	291439	690.0	294.0
8448	291439	777.0	312.0
8460	291439	908.0	338.0
8316	291507	325.0	238.0
8328	291507	328.0	237.0
8340	291507	331.5	238.5
8352	291507	336.0	239.0
8364	291507	339.0	241.0
8376	291507	343.0	243.0
8388	291507	347.0	244.0
8400	291507	351.0	247.0
8412	291507	356.0	248.0
8424	291507	362.0	250.0
8436	291507	368.0	253.0
8448	291507	376.0	256.0
8460	291507	384.0	259.0
8472	291507	394.0	263.0
8484	291507	405.0	268.0
8496	291507	418.0	273.0
8508	291507	434.0	279.0
8520	291507	454.0	286.0
8532	291507	476.0	296.0
8544	291507	504.0	308.0
8556	291507	544.0	324.0
8568	291507	597.0	346.0
8580	291507	674.0	378.0
8592	291507	798.0	429.0
8604	291507	987.0	526.0
8352	291521	322.0	234.0
8364	291521	324.0	235.0
8376	291521	327.0	237.0
8388	291521	329.0	238.0
8400	291521	334.0	238.0
8412	291521	336.0	239.0
8424	291521	340.0	241.0
8436	291521	346.0	243.0
8448	291521	350.0	245.0
8460	291521	355.0	247.0
8472	291521	361.0	249.0
8484	291521	368.0	252.0
8496	291521	375.0	254.0
8508	291521	382.0	257.0
8520	291521	391.0	261.0
8532	291521	401.0	265.0
8544	291521	414.0	270.0
8556	291521	427.0	275.0
8568	291521	444.0	283.0
8580	291521	464.0	291.0
8592	291521	489.0	301.0
8604	291521	522.0	314.0
8616	291521	564.0	332.0
8628	291521	625.0	357.0
8640	291521	715.0	393.0
8652	291521	862.0	454.0
8664	291521	997.0	543.0
8352	291523	284.0	227.0
8364	291523	285.0	227.0
8376	291523	286.0	228.0
8388	291523	288.0	228.0
8400	291523	288.0	228.0
8412	291523	289.0	229.0
8424	291523	291.0	229.0
8436	291523	292.0	229.0
8448	291523	293.15384615384613	229.3846153846154
8460	291523	294.53846153846155	229.84615384615384
8472	291523	296.3333333333333	231.33333333333334
8484	291523	297.0	233.0
8496	291523	297.0	233.0
8508	291523	299.0	234.0
8520	291523	300.0	234.0
8532	291523	303.0	235.0
8544	291523	305.0	237.0
8556	291523	306.0	238.0
8568	291523	308.0	238.0
8580	291523	311.0	239.0
8592	291523	313.0	241.0
8604	291523	318.0	243.0
8616	291523	320.0	244.0
8628	291523	323.0	246.0
8640	291523	328.0	248.0
8652	291523	332.0	250.0
8664	291523	336.0	253.0
8676	291523	344.0	255.0
8688	291523	349.0	258.0
8700	291523	357.0	261.0
8712	291523	366.0	266.0
8724	291523	375.0	270.0
8736	291523	387.0	275.0
8748	291523	400.0	281.0
8760	291523	417.0	288.0
8772	291523	436.0	296.0
8784	291523	461.0	307.0
8796	291523	493.0	322.0
8808	291523	534.0	340.0
8820	291523	592.0	366.0
8832	291523	681.0	406.0
8844	291523	822.0	468.0
8856	291523	979.0	542.0
8424	291563	316.0	233.0
8436	291563	317.0	234.0
8448	291563	321.0	236.0
8460	291563	323.0	236.0
8472	291563	326.0	237.0
8484	291563	329.0	238.0
8496	291563	331.0	240.0
8508	291563	336.0	242.0
8520	291563	340.0	243.0
8532	291563	343.0	245.0
8544	291563	350.0	246.0
8556	291563	354.0	249.0
8568	291563	360.0	251.0
8580	291563	367.0	255.0
8592	291563	375.0	258.0
8604	291563	383.0	262.0
8616	291563	394.0	267.0
8628	291563	407.0	272.0
8640	291563	422.0	278.0
8652	291563	441.0	286.0
8664	291563	464.0	296.0
8676	291563	493.0	308.0
8688	291563	531.0	324.0
8700	291563	581.0	347.0
8712	291563	655.0	378.0
8724	291563	775.0	431.0
8736	291563	969.0	524.0
8748	291563	992.0	540.0
8508	291600	320.0	234.0
8520	291600	323.0	234.0
8532	291600	325.0	236.0
8544	291600	326.0	238.0
8556	291600	330.0	238.0
8568	291600	334.0	239.0
8580	291600	338.0	242.0
8592	291600	343.0	244.0
8604	291600	346.0	245.0
8616	291600	353.0	248.0
8628	291600	357.0	250.0
8640	291600	365.0	253.0
8652	291600	373.0	257.0
8664	291600	381.0	260.0
8676	291600	390.0	264.0
8688	291600	402.0	268.0
8700	291600	415.0	274.0
8712	291600	431.0	281.0
8724	291600	452.0	290.0
8736	291600	476.0	300.0
8748	291600	508.0	315.0
8760	291600	554.0	334.0
8772	291600	617.0	361.0
8784	291600	715.0	404.0
8796	291600	881.0	477.0
8808	291600	994.0	541.0
8568	291615	354.0	231.0
8580	291615	360.0	233.0
8592	291615	364.0	233.0
8604	291615	370.0	234.0
8616	291615	376.0	236.0
8628	291615	384.0	238.0
8640	291615	392.0	239.0
8652	291615	400.0	242.0
8664	291615	411.0	244.0
8676	291615	422.0	246.0
8688	291615	436.0	249.0
8700	291615	451.0	253.0
8712	291615	470.0	257.0
8724	291615	491.0	262.0
8736	291615	519.0	268.0
8748	291615	553.0	275.0
8760	291615	597.0	285.0
8772	291615	657.0	299.0
8784	291615	742.0	318.0
8796	291615	870.0	347.0
8808	291615	994.0	387.0
8604	291631	290.06666666666666	233.0
8616	291631	290.8666666666667	233.0
8628	291631	291.0	234.0
8640	291631	292.0	235.0
8652	291631	293.0	235.0
8664	291631	295.0	236.0
8676	291631	297.0	237.0
8688	291631	300.0	238.0
8700	291631	303.0	240.0
8712	291631	305.0	241.0
8724	291631	306.0	242.0
8736	291631	310.0	243.0
8748	291631	313.0	245.0
8760	291631	317.0	247.0
8772	291631	320.0	248.0
8784	291631	325.0	250.0
8796	291631	330.0	253.0
8808	291631	335.0	256.0
8820	291631	341.0	259.0
8832	291631	348.0	262.0
8844	291631	356.0	265.0
8856	291631	366.0	270.0
8868	291631	376.0	275.0
8880	291631	390.0	282.0
8892	291631	405.0	288.0
8904	291631	426.0	297.0
8916	291631	450.0	309.0
8928	291631	481.0	324.0
8940	291631	524.0	344.0
8952	291631	585.0	373.0
8964	291631	680.0	417.0
8976	291631	843.0	494.0
8988	291631	974.0	540.0
8628	291642	267.0	226.0
8640	291642	267.0	225.0
8652	291642	268.04761904761904	226.04761904761904
8664	291642	269.0	227.0
8676	291642	270.0	228.0
8688	291642	271.0	228.0
8700	291642	271.3333333333333	227.0
8712	291642	273.0	228.0
8724	291642	273.0	230.0
8736	291642	272.0	230.0
8748	291642	274.0	231.0
8760	291642	274.0	231.0
8772	291642	275.3333333333333	231.0
8784	291642	277.0	232.0
8796	291642	278.0	232.0
8808	291642	279.0	234.0
8820	291642	278.2	234.2
8832	291642	281.0	236.0
8844	291642	281.0	237.0
8856	291642	283.0	238.0
8868	291642	285.0	239.0
8880	291642	285.0	239.0
8892	291642	288.0	241.0
8904	291642	291.0	242.0
8916	291642	294.0	243.0
8928	291642	298.0	244.0
8940	291642	302.0	245.0
8952	291642	305.0	246.0
8964	291642	308.0	248.0
8976	291642	312.0	250.0
8988	291642	317.0	251.0
9000	291642	323.0	254.0
9012	291642	324.0	256.0
9024	291642	332.0	259.0
9036	291642	336.0	262.0
9048	291642	343.0	266.0
9060	291642	349.0	269.0
9072	291642	358.0	274.0
9084	291642	367.0	280.0
9096	291642	378.0	286.0
9108	291642	390.0	294.0
9120	291642	405.0	305.0
9132	291642	423.0	317.0
9144	291642	447.0	333.0
9156	291642	477.0	353.0
9168	291642	520.0	382.0
9180	291642	585.0	425.0
9192	291642	694.0	501.0
9204	291642	841.0	540.0
8652	291658	330.5	231.625
8664	291658	332.75	232.0
8676	291658	338.6	233.6
8688	291658	342.0	235.0
8700	291658	344.0	235.0
8712	291658	349.0	236.0
8724	291658	352.0	237.0
8736	291658	357.0	238.0
8748	291658	362.0	240.0
8760	291658	367.0	241.0
8772	291658	372.0	244.0
8784	291658	378.0	245.0
8796	291658	385.0	248.0
8808	291658	393.0	250.0
8820	291658	401.0	252.0
8832	291658	411.0	255.0
8844	291658	422.0	259.0
8856	291658	435.0	263.0
8868	291658	450.0	268.0
8880	291658	468.0	273.0
8892	291658	489.0	279.0
8904	291658	516.0	287.0
8916	291658	549.0	297.0
8928	291658	591.0	310.0
8940	291658	648.0	327.0
8952	291658	730.0	352.0
8964	291658	854.0	390.0
8976	291658	993.0	455.0
8724	291699	336.0	235.0
8736	291699	337.0	235.0
8748	291699	341.0	236.0
8760	291699	345.0	237.0
8772	291699	349.0	238.0
8784	291699	354.0	240.0
8796	291699	359.0	241.0
8808	291699	365.0	244.0
8820	291699	370.0	245.0
8832	291699	375.0	247.0
8844	291699	382.0	249.0
8856	291699	389.0	251.0
8868	291699	399.0	254.0
8880	291699	408.0	257.0
8892	291699	418.0	260.0
8904	291699	432.0	264.0
8916	291699	446.0	269.0
8928	291699	464.0	274.0
8940	291699	485.0	282.0
8952	291699	509.0	289.0
8964	291699	541.0	299.0
8976	291699	582.0	312.0
8988	291699	637.0	330.0
9000	291699	714.0	355.0
9012	291699	829.0	393.0
9024	291699	982.0	456.0
8760	291709	332.0	226.0
8772	291709	336.0	227.25
8784	291709	338.0	227.0
8796	291709	342.0	229.0
8808	291709	346.0	230.0
8820	291709	349.0	232.0
8832	291709	353.0	233.0
8844	291709	358.0	233.0
8856	291709	363.0	233.0
8868	291709	368.0	235.0
8880	291709	373.0	237.0
8892	291709	381.0	238.0
8904	291709	386.0	240.0
8916	291709	395.0	241.0
8928	291709	403.0	244.0
8940	291709	413.0	246.0
8952	291709	424.0	248.0
8964	291709	437.0	251.0
8976	291709	452.0	255.0
8988	291709	469.0	258.0
9000	291709	489.0	263.0
9012	291709	515.0	269.0
9024	291709	546.0	276.0
9036	291709	586.0	286.0
9048	291709	638.0	298.0
9060	291709	712.0	315.0
9072	291709	821.0	341.0
9084	291709	976.0	384.0
8760	291711	300.0	239.0
8772	291711	305.0	239.0
8784	291711	307.0	241.0
8796	291711	311.0	242.0
8808	291711	314.0	245.0
8820	291711	318.0	246.0
8832	291711	321.0	247.0
8844	291711	324.0	249.0
8856	291711	327.0	250.0
8868	291711	331.0	252.0
8880	291711	334.0	255.0
8892	291711	340.0	258.0
8904	291711	344.0	260.0
8916	291711	349.0	264.0
8928	291711	356.0	266.0
8940	291711	362.0	271.0
8952	291711	369.0	276.0
8964	291711	377.0	281.0
8976	291711	388.0	288.0
8988	291711	399.0	296.0
9000	291711	413.0	306.0
9012	291711	432.0	318.0
9024	291711	456.0	333.0
9036	291711	489.0	355.0
9048	291711	535.0	385.0
9060	291711	607.0	431.0
9072	291711	731.0	509.0
9084	291711	910.0	540.0
8904	291754	339.0	238.0
8916	291754	341.0	239.0
8928	291754	346.0	243.0
8940	291754	349.0	246.0
8952	291754	353.0	250.0
8964	291754	358.0	252.0
8976	291754	363.0	255.0
8988	291754	368.0	259.0
9000	291754	373.0	262.0
9012	291754	379.0	266.0
9024	291754	387.0	272.0
9036	291754	396.0	279.0
9048	291754	406.0	285.0
9060	291754	420.0	294.0
9072	291754	436.0	305.0
9084	291754	458.0	320.0
9096	291754	489.0	339.0
9108	291754	527.0	366.0
9120	291754	593.0	409.0
9132	291754	710.0	482.0
9144	291754	901.0	541.0
8940	291766	262.0	223.0
8952	291766	262.0	222.0
8964	291766	264.6666666666667	223.0
8976	291766	267.0	224.0
8988	291766	267.4054054054054	224.0
9000	291766	269.02702702702703	224.0
9012	291766	270.64864864864865	224.0
9024	291766	272.0	224.0
9036	291766	272.6923076923077	224.0
9048	291766	273.61538461538464	224.0
9060	291766	274.59322033898303	224.23728813559322
9072	291766	275.6101694915254	224.64406779661016
9084	291766	276.6271186440678	225.05084745762713
9096	291766	277.64406779661016	225.45762711864407
9108	291766	278.66101694915255	225.864406779661
9120	291766	278.0	226.0
9132	291766	278.0	226.0
9144	291766	279.0	227.0
9156	291766	280.0	227.0
9168	291766	281.125	227.375
9180	291766	282.25	227.75
9192	291766	284.0	228.0
9204	291766	286.0	229.0
9216	291766	287.0	230.0
9228	291766	287.0	230.0
9240	291766	288.0	230.0
9252	291766	289.0	231.0
9264	291766	289.6	231.0
9276	291766	293.0	233.0
9288	291766	294.0	233.0
9300	291766	296.0	234.0
9312	291766	300.0	234.0
9324	291766	303.0	235.0
9336	291766	305.0	236.0
9348	291766	309.0	237.0
9360	291766	313.0	238.0
9372	291766	318.0	239.0
9384	291766	323.0	241.0
9396	291766	329.0	242.0
9408	291766	336.0	243.0
9420	291766	343.0	246.0
9432	291766	351.0	248.0
9444	291766	359.0	250.0
9456	291766	370.0	252.0
9468	291766	381.0	255.0
9480	291766	393.0	258.0
9492	291766	408.0	262.0
9504	291766	424.0	268.0
9516	291766	443.0	272.0
9528	291766	466.0	280.0
9540	291766	495.0	287.0
9552	291766	530.0	298.0
9564	291766	574.0	311.0
9576	291766	633.0	328.0
9588	291766	717.0	354.0
9600	291766	841.0	392.0
9612	291766	991.0	456.0
8988	291791	44.0	211.0
9000	291791	44.0	211.0
9012	291791	44.0	211.0
9024	291791	44.0	212.0
9036	291791	45.0	212.0
9048	291791	44.0	212.0
9060	291791	44.0	211.0
9072	291791	45.0	211.0
9084	291791	45.0	211.0
9096	291791	45.0	212.0
9108	291791	46.0	212.0
9120	291791	44.0	211.0
9132	291791	45.0	212.0
9144	291791	45.0	211.0
9156	291791	45.0	211.0
9168	291791	44.0	211.0
9180	291791	44.0	212.0
9192	291791	45.0	211.0
9204	291791	44.0	211.0
9216	291791	45.0	211.0
9228	291791	45.0	211.0
9240	291791	45.0	212.0
9252	291791	45.0	212.0
9264	291791	45.0	211.0
9276	291791	45.0	211.0
9288	291791	45.0	211.0
9300	291791	45.0	212.0
9312	291791	44.0	212.0
9324	291791	44.0	212.0
9336	291791	45.0	211.0
9348	291791	45.0	212.0
9024	291810	305.0	241.0
9036	291810	309.0	243.0
9048	291810	314.0	244.0
9060	291810	318.0	246.0
9072	291810	322.0	247.0
9084	291810	329.0	249.0
9096	291810	332.0	250.0
9108	291810	338.0	253.0
9120	291810	345.0	256.0
9132	291810	351.0	258.0
9144	291810	360.0	261.0
9156	291810	370.0	265.0
9168	291810	378.0	268.0
9180	291810	388.0	272.0
9192	291810	402.0	278.0
9204	291810	417.0	283.0
9216	291810	434.0	291.0
9228	291810	455.0	299.0
9240	291810	480.0	310.0
9252	291810	511.0	323.0
9264	291810	552.0	341.0
9276	291810	608.0	365.0
9288	291810	690.0	401.0
9300	291810	816.0	460.0
9312	291810	979.0	542.0
9060	291816	301.0	236.0
9072	291816	303.0	237.0
9084	291816	307.0	238.0
9096	291816	310.0	239.0
9108	291816	313.0	240.0
9120	291816	317.0	242.0
9132	291816	322.0	243.0
9144	291816	327.0	245.0
9156	291816	331.0	246.0
9168	291816	336.0	247.0
9180	291816	343.0	249.0
9192	291816	349.0	252.0
9204	291816	355.0	253.0
9216	291816	363.0	257.0
9228	291816	370.0	259.0
9240	291816	380.0	262.0
9252	291816	389.0	266.0
9264	291816	400.0	270.0
9276	291816	413.0	275.0
9288	291816	426.0	281.0
9300	291816	443.0	288.0
9312	291816	463.0	296.0
9324	291816	488.0	306.0
9336	291816	520.0	319.0
9348	291816	560.0	337.0
9360	291816	616.0	361.0
9372	291816	697.0	396.0
9384	291816	823.0	450.0
9396	291816	988.0	541.0
9132	291848	254.30769230769232	221.15384615384616
9144	291848	256.15384615384613	222.07692307692307
9156	291848	258.0	223.0
9168	291848	260.0	222.0
9180	291848	262.4	222.0
9192	291848	265.0	223.0
9204	291848	267.0	223.0
9216	291848	268.76	223.0
9228	291848	270.68	223.0
9240	291848	272.2	224.0
9252	291848	274.0	223.0
9264	291848	275.0	223.75
9276	291848	276.0	226.0
9288	291848	276.0	225.0
9300	291848	279.0	226.0
9312	291848	280.0	226.0
9324	291848	279.0	226.0
9336	291848	281.0	227.0
9348	291848	282.0	226.0
9360	291848	282.7142857142857	226.28571428571428
9372	291848	283.0	227.0
9384	291848	284.0	227.0
9396	291848	285.0	228.0
9408	291848	287.0	228.0
9420	291848	289.0	229.0
9432	291848	289.0	230.0
9444	291848	291.0	229.0
9456	291848	292.0	231.0
9468	291848	293.0	232.0
9480	291848	295.0	232.0
9492	291848	297.0	232.0
9504	291848	297.0	233.0
9516	291848	299.0	234.0
9528	291848	301.0	234.0
9540	291848	303.0	235.0
9552	291848	305.0	237.0
9564	291848	308.0	237.0
9576	291848	311.0	238.0
9588	291848	314.0	240.0
9600	291848	318.0	242.0
9612	291848	319.0	242.0
9624	291848	325.0	243.0
9636	291848	329.0	245.0
9648	291848	333.0	247.0
9660	291848	338.0	249.0
9672	291848	344.0	250.0
9684	291848	349.0	252.0
9696	291848	356.0	255.0
9708	291848	363.0	257.0
9720	291848	370.0	259.0
9732	291848	380.0	263.0
9744	291848	389.0	267.0
9756	291848	399.0	271.0
9768	291848	413.0	276.0
9780	291848	426.0	282.0
9792	291848	443.0	289.0
9804	291848	463.0	298.0
9816	291848	488.0	308.0
9828	291848	520.0	321.0
9840	291848	561.0	338.0
9852	291848	618.0	363.0
9864	291848	702.0	400.0
9876	291848	836.0	458.0
9888	291848	984.0	542.0
9132	291853	292.0	232.0
9144	291853	293.0	232.9090909090909
9156	291853	293.0	234.0
9168	291853	294.92857142857144	234.64285714285714
9180	291853	296.0	235.0
9192	291853	298.0	236.0
9204	291853	300.0	236.0
9216	291853	304.0	236.0
9228	291853	307.0	238.0
9240	291853	308.0	238.0
9252	291853	312.0	240.0
9264	291853	315.0	241.0
9276	291853	319.0	243.0
9288	291853	321.0	244.0
9300	291853	327.0	245.0
9312	291853	330.0	248.0
9324	291853	336.0	249.0
9336	291853	341.0	250.0
9348	291853	346.0	254.0
9360	291853	353.0	255.0
9372	291853	361.0	258.0
9384	291853	368.0	262.0
9396	291853	378.0	266.0
9408	291853	390.0	269.0
9420	291853	403.0	275.0
9432	291853	418.0	281.0
9444	291853	436.0	289.0
9456	291853	458.0	298.0
9468	291853	486.0	310.0
9480	291853	521.0	323.0
9492	291853	570.0	344.0
9504	291853	636.0	370.0
9516	291853	738.0	413.0
9528	291853	909.0	485.0
9540	291853	994.0	542.0
9204	291896	345.0	230.0
9216	291896	349.0	231.0
9228	291896	353.0	231.0
9240	291896	356.0	232.0
9252	291896	361.0	234.0
9264	291896	365.0	234.0
9276	291896	372.0	235.0
9288	291896	377.0	237.0
9300	291896	384.0	239.0
9312	291896	392.0	241.0
9324	291896	400.0	243.0
9336	291896	411.0	245.0
9348	291896	421.0	247.0
9360	291896	435.0	250.0
9372	291896	449.0	255.0
9384	291896	468.0	259.0
9396	291896	490.0	264.0
9408	291896	516.0	270.0
9420	291896	549.0	278.0
9432	291896	592.0	289.0
9444	291896	651.0	303.0
9456	291896	735.0	324.0
9468	291896	862.0	352.0
9480	291896	997.0	403.0
9228	291908	319.0	222.0
9240	291908	320.0	223.0
9252	291908	322.0	224.0
9264	291908	324.45454545454544	224.0
9276	291908	326.0	224.0
9288	291908	327.9	224.0
9300	291908	331.0	225.0
9312	291908	334.0	226.0
9324	291908	335.3333333333333	226.0
9336	291908	338.6666666666667	226.66666666666666
9348	291908	342.0	227.0
9360	291908	347.0	230.0
9372	291908	349.0	230.0
9384	291908	353.0	232.0
9396	291908	358.0	231.0
9408	291908	362.0	232.0
9420	291908	368.0	233.0
9432	291908	373.0	236.0
9444	291908	380.0	236.0
9456	291908	387.0	238.0
9468	291908	395.0	239.0
9480	291908	405.0	243.0
9492	291908	416.0	245.0
9504	291908	427.0	248.0
9516	291908	441.0	250.0
9528	291908	454.0	247.0
9540	291908	474.0	251.0
9552	291908	499.0	260.0
9564	291908	529.0	270.0
9576	291908	564.0	277.0
9588	291908	614.0	291.0
9600	291908	682.0	308.0
9612	291908	781.0	331.0
9624	291908	939.0	367.0
9408	291951	314.18367346938777	235.44897959183675
9420	291951	314.42857142857144	234.71428571428572
9432	291951	314.6734693877551	233.9795918367347
9444	291951	314.9183673469388	233.24489795918367
9456	291951	315.0	232.0
9468	291951	320.0	234.0
9480	291951	321.0	234.0
9492	291951	323.0	235.0
9504	291951	325.0	236.0
9516	291951	327.0	236.0
9528	291951	330.0	238.0
9540	291951	332.0	239.0
9552	291951	335.0	239.0
9564	291951	338.0	241.0
9576	291951	341.0	243.0
9588	291951	344.0	244.0
9600	291951	348.0	246.0
9612	291951	352.0	248.0
9624	291951	356.0	249.0
9636	291951	362.0	252.0
9648	291951	368.0	254.0
9660	291951	374.0	256.0
9672	291951	381.0	259.0
9684	291951	390.0	263.0
9696	291951	399.0	267.0
9708	291951	411.0	272.0
9720	291951	424.0	278.0
9732	291951	440.0	284.0
9744	291951	460.0	293.0
9756	291951	484.0	303.0
9768	291951	515.0	316.0
9780	291951	557.0	333.0
9792	291951	614.0	357.0
9804	291951	699.0	393.0
9816	291951	837.0	452.0
9828	291951	993.0	542.0
9432	291959	327.0	240.0
9444	291959	334.0	242.0
9456	291959	339.0	243.0
9468	291959	345.0	245.0
9480	291959	350.0	248.0
9492	291959	356.0	249.0
9504	291959	364.0	251.0
9516	291959	371.0	253.0
9528	291959	380.0	257.0
9540	291959	389.0	261.0
9552	291959	398.0	265.0
9564	291959	411.0	269.0
9576	291959	425.0	275.0
9588	291959	441.0	281.0
9600	291959	464.0	291.0
9612	291959	491.0	302.0
9624	291959	526.0	317.0
9636	291959	574.0	337.0
9648	291959	648.0	369.0
9660	291959	770.0	421.0
9672	291959	979.0	524.0
9468	291972	353.0	232.0
9480	291972	357.0	232.0
9492	291972	361.0	233.0
9504	291972	366.0	234.0
9516	291972	370.0	235.0
9528	291972	376.0	236.0
9540	291972	384.0	238.0
9552	291972	390.0	239.0
9564	291972	398.0	241.0
9576	291972	406.0	243.0
9588	291972	415.0	245.0
9600	291972	426.0	248.0
9612	291972	439.0	251.0
9624	291972	455.0	254.0
9636	291972	471.0	258.0
9648	291972	490.0	263.0
9660	291972	516.0	270.0
9672	291972	545.0	276.0
9684	291972	582.0	283.0
9696	291972	631.0	289.0
9708	291972	702.0	305.0
9720	291972	810.0	332.0
9732	291972	965.0	375.0
9480	291974	336.0	240.0
9492	291974	340.0	241.0
9504	291974	344.0	243.0
9516	291974	348.0	244.0
9528	291974	353.0	245.0
9540	291974	355.0	248.0
9552	291974	360.0	250.0
9564	291974	366.0	252.0
9576	291974	370.0	253.0
9588	291974	377.0	256.0
9600	291974	384.0	259.0
9612	291974	391.0	263.0
9624	291974	400.0	266.0
9636	291974	410.0	270.0
9648	291974	422.0	275.0
9660	291974	436.0	281.0
9672	291974	453.0	288.0
9684	291974	474.0	297.0
9696	291974	498.0	308.0
9708	291974	531.0	322.0
9720	291974	575.0	340.0
9732	291974	639.0	368.0
9744	291974	734.0	409.0
9756	291974	889.0	474.0
9672	292038	319.0	223.0
9684	292038	321.0	225.0
9696	292038	324.0	225.0
9708	292038	326.0	226.0
9720	292038	329.11764705882354	226.0
9732	292038	331.0	225.0
9744	292038	333.0	226.0
9756	292038	337.0	229.0
9768	292038	341.0	229.0
9780	292038	344.0	229.0
9792	292038	349.0	230.0
9804	292038	354.0	232.0
9816	292038	358.0	232.0
9828	292038	364.0	233.0
9840	292038	371.0	235.0
9852	292038	377.0	237.0
9864	292038	385.0	239.0
9876	292038	393.0	241.0
9888	292038	403.0	244.0
9900	292038	415.0	246.0
9912	292038	428.0	249.0
9924	292038	444.0	253.0
9936	292038	463.0	257.0
9948	292038	486.0	263.0
9960	292038	515.0	270.0
9972	292038	551.0	279.0
9984	292038	601.0	291.0
9996	292038	673.0	308.0
10008	292038	782.0	336.0
10020	292038	958.0	381.0
9708	292055	299.0	234.0
9720	292055	301.0	234.0
9732	292055	303.0	235.0
9744	292055	306.0	236.0
9756	292055	309.0	237.0
9768	292055	313.0	238.0
9780	292055	317.0	239.0
9792	292055	320.0	240.0
9804	292055	325.0	242.0
9816	292055	329.0	243.0
9828	292055	332.0	245.0
9840	292055	338.0	246.0
9852	292055	342.0	249.0
9864	292055	349.0	250.0
9876	292055	355.0	253.0
9888	292055	363.0	256.0
9900	292055	369.0	259.0
9912	292055	380.0	264.0
9924	292055	389.0	268.0
9936	292055	400.0	272.0
9948	292055	416.0	278.0
9960	292055	431.0	286.0
9972	292055	453.0	295.0
9984	292055	478.0	307.0
9996	292055	510.0	321.0
10008	292055	557.0	343.0
10020	292055	622.0	373.0
10032	292055	728.0	421.0
10044	292055	916.0	509.0
10056	292055	977.0	540.0
9744	292073	285.0	227.0
9756	292073	285.0	228.0
9768	292073	285.0	229.0
9780	292073	287.0	229.0
9792	292073	287.85714285714283	229.0
9804	292073	289.125	231.125
9816	292073	290.0	232.0
9828	292073	291.0	232.0
9840	292073	293.0	233.0
9852	292073	295.0	235.0
9864	292073	296.0	236.0
9876	292073	297.0	236.0
9888	292073	301.0	237.0
9900	292073	304.0	238.0
9912	292073	306.0	240.0
9924	292073	308.0	241.0
9936	292073	312.0	243.0
9948	292073	314.0	244.0
9960	292073	319.0	246.0
9972	292073	324.0	249.0
9984	292073	328.0	250.0
9996	292073	335.0	252.0
10008	292073	341.0	256.0
10020	292073	347.0	260.0
10032	292073	356.0	264.0
10044	292073	366.0	267.0
10056	292073	377.0	273.0
10068	292073	391.0	281.0
10080	292073	407.0	288.0
10092	292073	427.0	298.0
10104	292073	453.0	311.0
10116	292073	487.0	327.0
10128	292073	535.0	352.0
10140	292073	608.0	388.0
10152	292073	732.0	452.0
10164	292073	945.0	542.0
9888	292128	340.0	233.0
9900	292128	344.0	235.0
9912	292128	347.0	236.0
9924	292128	351.0	237.0
9936	292128	356.0	238.0
9948	292128	361.0	240.0
9960	292128	368.0	242.0
9972	292128	375.0	244.0
9984	292128	383.0	247.0
9996	292128	392.0	248.0
10008	292128	402.0	251.0
10020	292128	416.0	255.0
10032	292128	429.0	259.0
10044	292128	444.0	264.0
10056	292128	465.0	270.0
10068	292128	489.0	278.0
10080	292128	520.0	287.0
10092	292128	560.0	299.0
10104	292128	616.0	316.0
10116	292128	699.0	342.0
10128	292128	829.0	382.0
10140	292128	998.0	456.0
10008	292159	289.0	234.0
10020	292159	292.0	236.0
10032	292159	292.0	237.0
10044	292159	295.0	238.0
10056	292159	296.0	239.0
10068	292159	298.0	240.0
10080	292159	300.0	242.0
10092	292159	302.0	243.0
10104	292159	306.0	245.0
10116	292159	308.0	248.0
10128	292159	312.0	250.0
10140	292159	316.0	252.0
10152	292159	321.0	255.0
10164	292159	325.0	259.0
10176	292159	332.0	263.0
10188	292159	341.0	268.0
10200	292159	349.0	273.0
10212	292159	360.0	280.0
10224	292159	374.0	288.0
10236	292159	391.0	299.0
10248	292159	414.0	313.0
10260	292159	446.0	333.0
10272	292159	487.0	360.0
10284	292159	554.0	405.0
10296	292159	676.0	485.0
10308	292159	857.0	540.0
10056	292187	365.0	237.0
10068	292187	372.0	240.0
10080	292187	379.0	241.0
10092	292187	385.0	244.0
10104	292187	393.0	245.0
10116	292187	403.0	250.0
10128	292187	416.0	255.0
10140	292187	429.0	258.0
10152	292187	444.0	262.0
10164	292187	464.0	268.0
10176	292187	483.0	274.0
10188	292187	510.0	282.0
10200	292187	544.0	292.0
10212	292187	590.0	306.0
10224	292187	652.0	325.0
10236	292187	746.0	354.0
10248	292187	896.0	397.0
10260	292187	969.0	418.0
10272	292187	997.0	458.0
10284	292187	979.0	414.0
10068	292190	281.1904761904762	227.0
10080	292190	281.76190476190476	227.0
10092	292190	282.0	227.0
10104	292190	283.0	228.0
10116	292190	283.0	229.0
10128	292190	284.0	230.0
10140	292190	285.0	230.0
10152	292190	285.0	230.0
10164	292190	287.0	232.0
10176	292190	290.0	234.0
10188	292190	289.0	234.0
10200	292190	291.0	235.0
10212	292190	292.0	235.0
10224	292190	293.0	237.0
10236	292190	295.0	238.0
10248	292190	297.0	240.0
10260	292190	298.0	242.0
10272	292190	301.0	243.0
10284	292190	305.0	246.0
10296	292190	308.0	248.0
10308	292190	310.0	249.0
10320	292190	314.0	252.0
10332	292190	319.0	255.0
10344	292190	325.0	259.0
10356	292190	331.0	262.0
10368	292190	340.0	267.0
10380	292190	351.0	273.0
10392	292190	363.0	280.0
10404	292190	380.0	289.0
10416	292190	401.0	300.0
10428	292190	429.0	315.0
10440	292190	469.0	336.0
10452	292190	530.0	368.0
10464	292190	631.0	422.0
10476	292190	839.0	533.0
10488	292190	943.0	539.0
10104	292200	341.0	232.0
10116	292200	343.0	234.0
10128	292200	346.0	235.0
10140	292200	350.0	235.0
10152	292200	353.0	237.0
10164	292200	357.0	237.0
10176	292200	361.0	240.0
10188	292200	367.0	242.0
10200	292200	372.0	244.0
10212	292200	380.0	247.0
10224	292200	387.0	248.0
10236	292200	396.0	250.0
10248	292200	407.0	254.0
10260	292200	417.0	257.0
10272	292200	429.0	261.0
10284	292200	445.0	267.0
10296	292200	464.0	272.0
10308	292200	486.0	279.0
10320	292200	514.0	287.0
10332	292200	550.0	299.0
10344	292200	597.0	314.0
10356	292200	664.0	335.0
10368	292200	766.0	367.0
10380	292200	930.0	419.0
10152	292225	340.0	233.0
10164	292225	342.6	235.0
10176	292225	346.0	236.0
10188	292225	350.0	237.0
10200	292225	353.0	237.0
10212	292225	358.0	238.0
10224	292225	365.0	240.0
10236	292225	370.0	242.0
10248	292225	376.0	244.0
10260	292225	384.0	246.0
10272	292225	391.0	249.0
10284	292225	401.0	251.0
10296	292225	412.0	255.0
10308	292225	424.0	258.0
10320	292225	438.0	262.0
10332	292225	455.0	267.0
10344	292225	475.0	274.0
10356	292225	499.0	281.0
10368	292225	531.0	289.0
10380	292225	571.0	302.0
10392	292225	624.0	314.0
10404	292225	703.0	341.0
10416	292225	821.0	376.0
10428	292225	984.0	438.0
10152	292227	317.8918918918919	234.0
10164	292227	317.2432432432432	234.0
10176	292227	316.5945945945946	234.0
10188	292227	316.0	234.0
10200	292227	317.0	233.5
10212	292227	320.0	235.0
10224	292227	323.0	237.0
10236	292227	327.0	239.0
10248	292227	332.0	240.0
10260	292227	335.0	242.0
10272	292227	341.0	244.0
10284	292227	346.0	246.0
10296	292227	352.0	249.0
10308	292227	359.0	251.0
10320	292227	368.0	255.0
10332	292227	376.0	259.0
10344	292227	388.0	265.0
10356	292227	402.0	270.0
10368	292227	419.0	277.0
10380	292227	440.0	286.0
10392	292227	468.0	298.0
10404	292227	503.0	314.0
10416	292227	554.0	337.0
10428	292227	633.0	374.0
10440	292227	773.0	441.0
10452	292227	974.0	542.0
10176	292237	326.6666666666667	237.66666666666666
10188	292237	328.0	239.0
10200	292237	332.0	240.0
10212	292237	335.0	242.0
10224	292237	340.0	243.0
10236	292237	346.0	246.0
10248	292237	351.0	248.0
10260	292237	358.0	251.0
10272	292237	367.0	255.0
10284	292237	376.0	258.0
10296	292237	385.0	262.0
10308	292237	398.0	267.0
10320	292237	412.0	273.0
10332	292237	430.0	281.0
10344	292237	454.0	292.0
10356	292237	483.0	304.0
10368	292237	524.0	322.0
10380	292237	582.0	349.0
10392	292237	677.0	389.0
10404	292237	847.0	466.0
10416	292237	988.0	542.0
10224	292248	345.0	229.0
10236	292248	348.0	230.0
10248	292248	352.0	231.0
10260	292248	356.0	232.0
10272	292248	361.0	233.0
10284	292248	365.0	234.0
10296	292248	370.0	235.0
10308	292248	375.0	236.0
10320	292248	382.0	238.0
10332	292248	387.0	239.0
10344	292248	396.0	242.0
10356	292248	404.0	244.0
10368	292248	414.0	246.0
10380	292248	424.0	248.0
10392	292248	438.0	251.0
10404	292248	453.0	255.0
10416	292248	470.0	259.0
10428	292248	491.0	264.0
10440	292248	517.0	270.0
10452	292248	550.0	279.0
10464	292248	592.0	288.0
10476	292248	649.0	302.0
10488	292248	730.0	322.0
10500	292248	855.0	352.0
10512	292248	994.0	403.0
10272	292260	318.0	233.0
10284	292260	319.0	234.0
10296	292260	322.0	235.0
10308	292260	325.0	236.0
10320	292260	329.0	237.0
10332	292260	331.0	238.0
10344	292260	336.0	241.0
10356	292260	340.0	244.0
10368	292260	345.0	244.0
10380	292260	349.0	247.0
10392	292260	356.0	249.0
10404	292260	364.0	251.0
10416	292260	372.0	255.0
10428	292260	381.0	259.0
10440	292260	392.0	264.0
10452	292260	405.0	269.0
10464	292260	422.0	277.0
10476	292260	445.0	284.0
10488	292260	467.0	296.0
10500	292260	501.0	310.0
10512	292260	547.0	329.0
10524	292260	616.0	359.0
10536	292260	734.0	408.0
10548	292260	948.0	500.0
10560	292260	1001.0	541.0
10320	292284	354.0	232.0
10332	292284	357.0	232.0
10344	292284	362.0	233.0
10356	292284	367.0	233.0
10368	292284	372.0	235.0
10380	292284	377.0	236.0
10392	292284	384.0	239.0
10404	292284	390.0	240.0
10416	292284	398.0	241.0
10428	292284	407.0	243.0
10440	292284	418.0	246.0
10452	292284	429.0	249.0
10464	292284	442.0	252.0
10476	292284	456.0	255.0
10488	292284	474.0	260.0
10500	292284	497.0	265.0
10512	292284	524.0	271.0
10524	292284	557.0	277.0
10536	292284	600.0	289.0
10548	292284	662.0	304.0
10560	292284	744.0	324.0
10572	292284	871.0	345.0
10584	292284	977.0	357.0
10320	292288	309.0	228.0
10332	292288	310.6363636363636	228.95454545454547
10344	292288	311.72727272727275	230.5909090909091
10356	292288	317.0	231.0
10368	292288	314.6666666666667	231.66666666666666
10380	292288	317.0	232.0
10392	292288	319.0	234.0
10404	292288	321.0	236.0
10416	292288	324.0	237.0
10428	292288	328.0	237.0
10440	292288	331.0	239.0
10452	292288	335.0	242.0
10464	292288	340.0	243.0
10476	292288	345.0	245.0
10488	292288	351.0	248.0
10500	292288	358.0	249.0
10512	292288	365.0	253.0
10524	292288	373.0	256.0
10536	292288	383.0	260.0
10548	292288	395.0	265.0
10560	292288	411.0	271.0
10572	292288	429.0	279.0
10584	292288	451.0	287.0
10596	292288	480.0	300.0
10608	292288	519.0	316.0
10620	292288	575.0	340.0
10632	292288	666.0	377.0
10644	292288	826.0	445.0
10656	292288	1000.0	543.0
10344	292294	349.0	235.0
10356	292294	353.0	236.0
10368	292294	357.0	238.0
10380	292294	364.0	239.0
10392	292294	369.0	241.0
10404	292294	376.0	243.0
10416	292294	385.0	245.0
10428	292294	393.0	248.0
10440	292294	402.0	251.0
10452	292294	413.0	254.0
10464	292294	425.0	258.0
10476	292294	438.3333333333333	259.0
10488	292294	452.0	257.0
10500	292294	474.5	262.5
10512	292294	510.0	279.0
10524	292294	543.0	292.0
10536	292294	586.0	307.0
10548	292294	649.0	327.0
10560	292294	744.0	357.0
10572	292294	893.0	402.0
10584	292294	1008.0	467.0
10392	292305	328.90909090909093	229.63636363636363
10404	292305	332.0	230.0
10416	292305	335.0	232.0
10428	292305	340.0	232.0
10440	292305	343.0	234.0
10452	292305	348.0	235.0
10464	292305	352.0	235.0
10476	292305	357.0	237.0
10488	292305	364.0	239.0
10500	292305	369.0	241.0
10512	292305	376.0	242.0
10524	292305	385.0	246.0
10536	292305	393.0	248.0
10548	292305	403.0	251.0
10560	292305	416.0	255.0
10572	292305	430.0	259.0
10584	292305	447.0	262.0
10596	292305	468.0	266.0
10608	292305	496.0	274.0
10620	292305	529.0	285.0
10632	292305	573.0	300.0
10644	292305	634.0	319.0
10656	292305	726.0	347.0
10668	292305	874.0	391.0
10680	292305	1006.0	460.0
10500	292364	322.0	227.0
10512	292364	324.0	228.0
10524	292364	327.4	228.0
10536	292364	329.0	230.0
10548	292364	331.0	230.0
10560	292364	334.25	232.0
10572	292364	337.0	233.0
10584	292364	340.0	233.0
10596	292364	344.0	235.0
10608	292364	348.0	236.0
10620	292364	353.0	237.0
10632	292364	359.0	239.0
10644	292364	365.0	240.0
10656	292364	371.0	243.0
10668	292364	378.0	245.0
10680	292364	386.0	248.0
10692	292364	396.0	250.0
10704	292364	407.0	253.0
10716	292364	419.0	257.0
10728	292364	434.0	261.0
10740	292364	452.0	267.0
10752	292364	474.0	274.0
10764	292364	502.0	282.0
10776	292364	537.0	292.0
10788	292364	583.0	307.0
10800	292364	651.0	328.0
10812	292364	753.0	359.0
10824	292364	923.0	411.0
10524	292378	294.0	224.0
10536	292378	295.2	224.0
10548	292378	296.0	224.0
10560	292378	296.0	224.0
10572	292378	297.0	225.0
10584	292378	299.0	225.0
10596	292378	299.0	227.0
10608	292378	299.0	227.0
10620	292378	300.0	226.0
10632	292378	303.0	228.0
10644	292378	305.0	229.0
10656	292378	305.0	230.0
10668	292378	307.0	230.0
10680	292378	309.0	231.0
10692	292378	312.0	231.0
10704	292378	314.0	232.0
10716	292378	316.0	233.0
10728	292378	319.0	234.0
10740	292378	323.0	235.0
10752	292378	324.0	236.0
10764	292378	328.0	238.0
10776	292378	332.0	239.0
10788	292378	337.0	240.0
10800	292378	341.0	243.0
10812	292378	347.0	244.0
10824	292378	353.0	247.0
10836	292378	358.0	249.0
10848	292378	367.0	252.0
10860	292378	375.0	255.0
10872	292378	385.0	259.0
10884	292378	395.0	263.0
10896	292378	409.0	269.0
10908	292378	426.0	275.0
10920	292378	446.0	284.0
10932	292378	471.0	294.0
10944	292378	504.0	308.0
10956	292378	549.0	326.0
10968	292378	613.0	354.0
10980	292378	718.0	399.5
10992	292378	916.0	484.0
10524	292381	347.0	235.0
10536	292381	352.0	237.0
10548	292381	356.0	239.0
10560	292381	362.0	239.0
10572	292381	368.0	241.0
10584	292381	375.0	244.0
10596	292381	384.0	247.0
10608	292381	391.0	250.0
10620	292381	402.0	251.0
10632	292381	414.0	255.0
10644	292381	428.0	259.0
10656	292381	444.0	264.0
10668	292381	465.0	270.0
10680	292381	487.0	277.0
10692	292381	518.0	286.0
10704	292381	556.0	297.0
10716	292381	607.0	313.0
10728	292381	679.0	335.0
10740	292381	789.0	367.0
10752	292381	963.0	422.0
10536	292388	311.0	225.0
10548	292388	313.0	225.0
10560	292388	314.0	225.0
10572	292388	316.0	226.0
10584	292388	317.8	227.0
10596	292388	321.0	227.0
10608	292388	322.0	228.0
10620	292388	325.0	229.0
10632	292388	328.0	230.0
10644	292388	331.0	231.0
10656	292388	334.0	232.0
10668	292388	337.0	232.0
10680	292388	341.0	234.0
10692	292388	344.0	235.0
10704	292388	350.0	236.0
10716	292388	354.0	238.0
10728	292388	360.0	239.0
10740	292388	367.0	242.0
10752	292388	373.0	244.0
10764	292388	382.0	246.0
10776	292388	391.0	249.0
10788	292388	402.0	252.0
10800	292388	415.0	256.0
10812	292388	430.0	260.0
10824	292388	448.0	266.0
10836	292388	471.0	273.0
10848	292388	499.0	281.0
10860	292388	536.0	293.0
10872	292388	586.0	308.0
10884	292388	659.0	331.0
10896	292388	775.0	366.0
10908	292388	967.0	432.0
10548	292394	362.5	228.21428571428572
10560	292394	368.0	229.0
10572	292394	371.14285714285717	230.71428571428572
10584	292394	377.0	232.0
10596	292394	383.6	233.2
10608	292394	391.3333333333333	235.0
10620	292394	398.6	235.4
10632	292394	407.3333333333333	237.0
10644	292394	415.0	239.0
10656	292394	428.0	242.0
10668	292394	440.0	245.0
10680	292394	455.0	248.0
10692	292394	472.0	251.0
10704	292394	492.0	255.0
10716	292394	517.0	260.0
10728	292394	546.0	266.0
10740	292394	586.0	273.0
10752	292394	637.0	284.0
10764	292394	706.0	298.0
10776	292394	808.0	318.0
10788	292394	961.0	349.0
10596	292420	357.0	232.0
10608	292420	363.0	234.0
10620	292420	367.0	234.0
10632	292420	372.0	235.0
10644	292420	379.0	237.0
10656	292420	385.0	239.0
10668	292420	393.0	241.0
10680	292420	401.0	244.0
10692	292420	412.0	245.0
10704	292420	422.0	247.0
10716	292420	434.0	250.0
10728	292420	448.0	253.0
10740	292420	466.0	258.0
10752	292420	486.0	262.0
10764	292420	510.0	268.0
10776	292420	540.0	275.0
10788	292420	577.0	279.0
10800	292420	627.0	286.0
10812	292420	699.0	306.0
10824	292420	807.0	333.0
10836	292420	969.0	378.0
10764	292507	315.0	232.0
10776	292507	317.0	232.0
10788	292507	320.0	233.0
10800	292507	322.0	235.0
10812	292507	326.0	237.0
10824	292507	328.0	238.0
10836	292507	331.0	239.0
10848	292507	336.0	241.0
10860	292507	339.0	243.0
10872	292507	345.0	244.0
10884	292507	351.0	248.0
10896	292507	356.0	249.0
10908	292507	364.0	252.0
10920	292507	371.0	255.0
10932	292507	381.0	259.0
10944	292507	392.0	264.0
10956	292507	404.0	269.0
10968	292507	420.0	276.0
10980	292507	439.0	284.0
10992	292507	463.0	294.0
11004	292507	495.0	308.0
11016	292507	540.0	326.0
11028	292507	604.0	353.0
11040	292507	709.0	398.0
11052	292507	901.0	479.0
10824	292531	309.0	225.0
10836	292531	310.125	225.0
10848	292531	310.625	225.0
10860	292531	312.0	226.0
10872	292531	312.7	226.7
10884	292531	313.9	227.9
10896	292531	314.0	228.0
10908	292531	317.0	229.0
10920	292531	317.64285714285717	230.64285714285714
10932	292531	319.0	231.0
10944	292531	320.85714285714283	231.85714285714286
10956	292531	322.5	232.5
10968	292531	326.0	234.0
10980	292531	327.0	236.0
10992	292531	332.0	237.0
11004	292531	335.0	238.0
11016	292531	339.0	240.0
11028	292531	344.0	242.0
11040	292531	349.0	244.0
11052	292531	357.0	247.0
11064	292531	365.0	251.0
11076	292531	375.0	254.0
11088	292531	385.0	259.0
11100	292531	399.0	264.0
11112	292531	417.0	271.0
11124	292531	439.0	280.0
11136	292531	468.0	292.0
11148	292531	507.0	307.0
11160	292531	565.0	330.0
11172	292531	658.0	367.0
11184	292531	831.0	438.0
11196	292531	1005.0	540.0
10884	292567	333.4	227.7
10896	292567	335.0	228.0
10908	292567	339.0	229.0
10920	292567	341.0	231.0
10932	292567	345.0	232.0
10944	292567	349.0	233.0
10956	292567	353.0	234.0
10968	292567	358.0	235.0
10980	292567	362.0	236.0
10992	292567	368.0	237.0
11004	292567	375.0	239.0
11016	292567	382.0	241.0
11028	292567	390.0	243.0
11040	292567	399.0	246.0
11052	292567	409.0	248.0
11064	292567	421.0	251.0
11076	292567	436.0	255.0
11088	292567	452.0	259.0
11100	292567	473.0	265.0
11112	292567	497.0	270.0
11124	292567	527.0	278.0
11136	292567	567.0	288.0
11148	292567	620.0	302.0
11160	292567	696.0	321.0
11172	292567	813.0	351.0
11184	292567	978.0	401.0
11016	292630	327.0	230.0
11028	292630	332.0	231.0
11040	292630	335.0	233.0
11052	292630	340.0	234.0
11064	292630	344.0	235.0
11076	292630	348.0	237.0
11088	292630	354.0	238.0
11100	292630	360.0	239.0
11112	292630	367.0	242.0
11124	292630	374.0	244.0
11136	292630	383.0	246.0
11148	292630	392.0	250.0
11160	292630	404.0	252.0
11172	292630	419.0	256.0
11184	292630	435.0	261.0
11196	292630	456.0	268.0
11208	292630	482.0	275.0
11220	292630	516.0	285.0
11232	292630	561.0	298.0
11244	292630	625.0	318.0
11256	292630	723.0	347.0
11268	292630	893.0	396.0
11028	292632	309.0	225.0
11040	292632	311.0	226.0
11052	292632	312.0	225.0
11064	292632	316.0	226.0
11076	292632	318.45454545454544	227.0
11088	292632	319.0	227.0
11100	292632	322.0	228.0
11112	292632	325.0	228.0
11124	292632	328.0	230.0
11136	292632	331.0	231.0
11148	292632	335.0	232.0
11160	292632	338.0	234.0
11172	292632	343.0	235.0
11184	292632	347.0	236.0
11196	292632	352.0	237.0
11208	292632	357.0	239.0
11220	292632	364.0	242.0
11232	292632	371.0	244.0
11244	292632	380.0	247.0
11256	292632	389.0	250.0
11268	292632	401.0	253.0
11280	292632	416.0	257.0
11292	292632	434.0	264.0
11304	292632	455.0	270.0
11316	292632	483.0	279.0
11328	292632	519.0	289.0
11340	292632	568.0	305.0
11352	292632	644.0	329.0
11364	292632	766.0	369.0
11376	292632	978.0	445.0
11124	292657	348.0	227.0
11136	292657	351.0	227.0
11148	292657	355.0	229.0
11160	292657	357.0	229.0
11172	292657	361.0	229.0
11184	292657	365.0	231.0
11196	292657	369.7142857142857	231.85714285714286
11208	292657	375.0	232.0
11220	292657	380.0	234.0
11232	292657	386.0	235.0
11244	292657	392.0	237.0
11256	292657	401.0	238.0
11268	292657	407.0	240.0
11280	292657	416.0	240.0
11292	292657	426.0	243.0
11304	292657	439.0	246.0
11316	292657	453.0	249.0
11328	292657	469.0	253.0
11340	292657	486.0	256.0
11352	292657	509.0	260.0
11364	292657	535.0	266.0
11376	292657	567.0	271.0
11388	292657	610.0	281.0
11400	292657	663.0	292.0
11412	292657	737.0	306.0
11424	292657	843.0	328.0
11436	292657	978.0	360.0
11244	292710	318.0	224.0
11256	292710	319.5	223.5
11268	292710	323.0	224.0
11280	292710	324.0	225.0
11292	292710	326.0	225.0
11304	292710	328.85714285714283	226.0
11316	292710	332.0	226.0
11328	292710	334.0	226.0
11340	292710	338.0	228.0
11352	292710	341.0	229.0
11364	292710	345.0	229.0
11376	292710	349.0	231.0
11388	292710	354.0	232.0
11400	292710	358.0	234.0
11412	292710	364.0	235.0
11424	292710	372.0	235.0
11436	292710	379.0	238.0
11448	292710	388.0	240.0
11460	292710	397.0	242.0
11472	292710	408.0	244.0
11484	292710	421.0	247.0
11496	292710	438.0	252.0
11508	292710	456.0	257.0
11520	292710	480.0	262.0
11532	292710	510.0	268.0
11544	292710	548.0	278.0
11556	292710	602.0	290.0
11568	292710	680.0	309.0
11580	292710	797.0	336.0
11592	292710	979.0	387.0
11304	292729	308.0	228.0
11316	292729	309.3333333333333	228.33333333333334
11328	292729	310.7878787878788	228.6969696969697
11340	292729	313.0	230.0
11352	292729	316.0	231.0
11364	292729	318.5	232.0
11376	292729	319.0	232.0
11388	292729	322.0	233.0
11400	292729	326.0	235.0
11412	292729	327.0	235.0
11424	292729	332.0	236.0
11436	292729	335.0	238.0
11448	292729	339.0	240.0
11460	292729	343.0	242.0
11472	292729	347.0	242.0
11484	292729	354.0	246.0
11496	292729	359.0	248.0
11508	292729	368.0	251.0
11520	292729	375.0	254.0
11532	292729	386.0	257.0
11544	292729	397.0	262.0
11556	292729	410.0	267.0
11568	292729	427.0	274.0
11580	292729	448.0	283.0
11592	292729	476.0	293.0
11604	292729	512.0	307.0
11616	292729	561.0	328.0
11628	292729	636.0	358.0
11640	292729	762.0	408.0
11652	292729	968.0	498.0
11664	292729	999.0	535.0
11676	292729	996.0	539.0
11688	292729	1014.0	538.0
11436	292770	307.85714285714283	231.0
11448	292770	312.0	231.0
11460	292770	310.8333333333333	232.5
11472	292770	313.3333333333333	234.0
11484	292770	315.0	235.0
11496	292770	319.0	237.0
11508	292770	323.0	238.0
11520	292770	326.0	239.0
11532	292770	330.0	240.0
11544	292770	335.0	243.0
11556	292770	339.0	244.0
11568	292770	343.0	247.0
11580	292770	348.0	249.0
11592	292770	355.0	252.0
11604	292770	364.0	256.0
11616	292770	372.0	260.0
11628	292770	384.0	264.0
11640	292770	395.0	269.0
11652	292770	411.0	276.0
11664	292770	429.0	284.0
11676	292770	454.0	295.0
11688	292770	487.0	309.0
11700	292770	531.0	328.0
11712	292770	598.0	359.0
11724	292770	712.0	410.0
11736	292770	934.0	509.0
11520	292782	309.0	230.0
11532	292782	310.0	232.0
11544	292782	313.0	232.0
11556	292782	315.0	232.0
11568	292782	317.0	234.0
11580	292782	319.0	235.0
11592	292782	323.0	236.0
11604	292782	326.0	237.0
11616	292782	329.0	238.0
11628	292782	333.0	240.0
11640	292782	336.0	241.0
11652	292782	342.0	244.0
11664	292782	347.0	246.0
11676	292782	353.0	248.0
11688	292782	359.0	250.0
11700	292782	367.0	254.0
11712	292782	377.0	258.0
11724	292782	388.0	263.0
11736	292782	400.0	268.0
11748	292782	417.0	274.0
11760	292782	437.0	282.0
11772	292782	462.0	293.0
11784	292782	495.0	305.0
11796	292782	542.0	324.0
11808	292782	611.0	352.0
11820	292782	722.0	397.0
11832	292782	935.0	481.0
11604	292810	341.5652173913044	228.2608695652174
11616	292810	344.69565217391306	228.7826086956522
11628	292810	350.0	231.0
11640	292810	354.0	232.0
11652	292810	358.0	231.0
11664	292810	366.0	235.0
11676	292810	373.0	235.0
11688	292810	380.0	238.0
11700	292810	390.0	240.0
11712	292810	400.0	243.0
11724	292810	412.0	246.0
11736	292810	423.0	248.0
11748	292810	440.0	252.0
11760	292810	461.0	257.0
11772	292810	484.0	263.0
11784	292810	515.0	270.0
11796	292810	553.0	280.0
11808	292810	609.0	293.0
11820	292810	690.0	313.0
11832	292810	815.0	344.0
11844	292810	991.0	400.0
11688	292835	336.0	224.0
11700	292835	339.0	224.0
11712	292835	342.1	225.7
11724	292835	346.0	226.0
11736	292835	349.0	227.0
11748	292835	352.0	226.0
11760	292835	355.0	227.0
11772	292835	360.0	229.0
11784	292835	364.0	229.0
11796	292835	369.0	231.0
11808	292835	375.0	232.0
11820	292835	380.0	233.0
11832	292835	386.0	235.0
11844	292835	394.0	235.0
11856	292835	402.0	238.0
11868	292835	411.0	239.0
11880	292835	420.0	242.0
11892	292835	432.0	244.0
11904	292835	445.0	247.0
11916	292835	460.0	249.0
11928	292835	477.0	253.0
11940	292835	499.0	256.0
11952	292835	525.0	262.0
11964	292835	556.0	268.0
11976	292835	597.0	276.0
11988	292835	649.0	286.0
12000	292835	721.0	301.0
12012	292835	824.0	322.0
12024	292835	970.0	353.0
11748	292852	318.0	223.0
11760	292852	320.25	224.0
11772	292852	323.0	224.0
11784	292852	324.5	224.0
11796	292852	326.0	225.0
11808	292852	329.05882352941177	225.0
11820	292852	331.0	225.0
11832	292852	332.0	226.0
11844	292852	335.0	226.0
11856	292852	338.0	227.0
11868	292852	339.6666666666667	228.0
11880	292852	343.0	229.0
11892	292852	346.0	229.0
11904	292852	350.0	230.0
11916	292852	352.0	231.0
11928	292852	358.0	233.0
11940	292852	361.0	234.0
11952	292852	367.0	234.0
11964	292852	372.0	236.0
11976	292852	377.0	237.0
11988	292852	383.0	239.0
12000	292852	390.0	240.0
12012	292852	398.0	243.0
12024	292852	406.0	245.0
12036	292852	416.0	247.0
12048	292852	428.0	249.0
12060	292852	442.0	253.0
12072	292852	457.0	256.0
12084	292852	475.0	261.0
12096	292852	496.0	266.0
12108	292852	523.0	272.0
12120	292852	556.0	280.0
12132	292852	600.0	290.0
12144	292852	658.0	304.0
12156	292852	741.0	324.0
12168	292852	864.0	354.0
12180	292852	996.0	404.0
11904	292914	317.0	234.0
11916	292914	320.0	235.0
11928	292914	323.0	236.0
11940	292914	327.0	237.0
11952	292914	330.0	238.0
11964	292914	334.0	240.0
11976	292914	337.0	242.0
11988	292914	343.0	244.0
12000	292914	348.0	246.0
12012	292914	355.0	249.0
12024	292914	363.0	252.0
12036	292914	371.0	255.0
12048	292914	381.0	259.0
12060	292914	392.0	263.0
12072	292914	406.0	269.0
12084	292914	422.0	276.0
12096	292914	443.0	285.0
12108	292914	469.0	296.0
12120	292914	503.0	311.0
12132	292914	554.0	333.0
12144	292914	630.0	366.0
12156	292914	758.0	422.0
12168	292914	982.0	537.0
12012	292952	303.0	229.0
12024	292952	305.0	229.0
12036	292952	307.0	230.0
12048	292952	308.0	230.0
12060	292952	312.0	231.0
12072	292952	313.0	232.0
12084	292952	316.0	232.0
12096	292952	318.0	234.0
12108	292952	321.0	236.0
12120	292952	325.0	237.0
12132	292952	328.0	238.0
12144	292952	332.0	240.0
12156	292952	336.0	241.0
12168	292952	341.0	243.0
12180	292952	346.0	246.0
12192	292952	352.0	249.0
12204	292952	359.0	251.0
12216	292952	367.0	255.0
12228	292952	377.0	259.0
12240	292952	389.0	264.0
12252	292952	403.0	270.0
12264	292952	420.0	277.0
12276	292952	443.0	287.0
12288	292952	472.0	299.0
12300	292952	512.0	317.0
12312	292952	573.0	343.0
12324	292952	671.0	385.0
12336	292952	860.0	466.0
12348	292952	1002.0	542.0
12024	292953	318.0	235.33333333333334
12036	292953	321.0	237.0
12048	292953	324.0	237.0
12060	292953	330.0	239.0
12072	292953	334.0	242.0
12084	292953	340.0	243.0
12096	292953	344.0	245.0
12108	292953	351.0	249.0
12120	292953	357.0	251.0
12132	292953	368.0	255.0
12144	292953	380.0	259.0
12156	292953	391.0	265.0
12168	292953	407.0	271.0
12180	292953	427.0	280.0
12192	292953	451.0	290.0
12204	292953	485.0	304.0
12216	292953	533.0	325.0
12228	292953	608.0	359.0
12240	292953	743.0	419.0
12252	292953	983.0	540.0
12084	292978	365.0	235.0
12096	292978	370.0	235.0
12108	292978	374.0	236.0
12120	292978	381.0	237.0
12132	292978	388.0	239.0
12144	292978	395.0	241.0
12156	292978	402.0	244.0
12168	292978	412.0	245.0
12180	292978	421.0	248.0
12192	292978	433.0	250.0
12204	292978	446.0	254.0
12216	292978	462.0	257.0
12228	292978	481.0	262.0
12240	292978	503.0	267.0
12252	292978	530.0	274.0
12264	292978	565.0	281.0
12276	292978	609.0	293.0
12288	292978	668.0	307.0
12300	292978	753.0	327.0
12312	292978	880.0	358.0
12324	292978	997.0	405.0
12180	293005	350.0	227.44444444444446
12192	293005	350.0	228.11111111111111
12204	293005	350.0	228.77777777777777
12216	293005	351.0	231.0
12228	293005	355.6	231.9
12240	293005	359.2857142857143	232.28571428571428
12252	293005	365.0	234.0
12264	293005	370.0	235.0
12276	293005	374.0	236.0
12288	293005	381.0	238.0
12300	293005	388.0	240.0
12312	293005	396.0	242.0
12324	293005	403.0	244.0
12336	293005	413.0	246.0
12348	293005	425.0	249.0
12360	293005	438.0	252.0
12372	293005	453.0	256.0
12384	293005	471.0	260.0
12396	293005	492.0	266.0
12408	293005	519.0	271.0
12420	293005	552.0	279.0
12432	293005	595.0	290.0
12444	293005	654.0	303.0
12456	293005	739.0	325.0
12468	293005	866.0	355.0
12480	293005	998.0	406.0
12216	293015	302.0	226.0
12228	293015	302.6666666666667	226.66666666666666
12240	293015	305.0	229.0
12252	293015	306.0	228.0
12264	293015	308.0	231.0
12276	293015	310.0	229.33333333333334
12288	293015	313.0	231.0
12300	293015	315.0	232.0
12312	293015	317.0	233.0
12324	293015	320.0	234.0
12336	293015	323.0	236.0
12348	293015	326.0	237.0
12360	293015	330.0	238.0
12372	293015	333.0	240.0
12384	293015	339.0	241.0
12396	293015	344.0	243.0
12408	293015	350.0	246.0
12420	293015	357.0	248.0
12432	293015	364.0	251.0
12444	293015	374.0	254.0
12456	293015	384.0	258.0
12468	293015	396.0	264.0
12480	293015	412.0	270.0
12492	293015	430.0	278.0
12504	293015	454.0	287.0
12516	293015	485.0	300.0
12528	293015	528.0	318.0
12540	293015	593.0	345.0
12552	293015	698.0	389.0
12564	293015	904.0	475.0
12300	293060	43.857142857142854	211.0
12312	293060	43.22857142857143	211.0
12324	293060	43.91428571428571	211.0
12336	293060	44.6	211.0
12348	293060	44.0	211.0
12360	293060	45.0	211.0
12372	293060	45.0	211.0
12384	293060	45.0	211.0
12396	293060	45.0	211.0
12408	293060	45.0	211.0
12420	293060	45.0	212.0
12432	293060	44.8125	211.0
12444	293060	44.4375	211.0
12456	293060	44.0625	211.0
12468	293060	46.0	211.0
12480	293060	46.0	211.0
12492	293060	45.0	211.0
12504	293060	45.0	211.0
12516	293060	45.0	212.0
12528	293060	45.0	212.0
12540	293060	45.0	212.0
12552	293060	45.0	212.0
12564	293060	44.0	211.0
12576	293060	45.0	211.0
12588	293060	45.0	211.0
12600	293060	45.0	211.0
12612	293060	46.0	211.0
12624	293060	44.0	212.0
12636	293060	44.0	211.0
12648	293060	45.0	211.0
12660	293060	45.0	211.0
12672	293060	43.0	211.0
12684	293060	45.0	212.0
12696	293060	45.0	211.0
12708	293060	43.5	211.0
12720	293060	44.0	212.0
12732	293060	43.0	211.0
12744	293060	45.0	211.0
12756	293060	44.2	211.0
12768	293060	45.0	211.0
12780	293060	44.0	211.0
12792	293060	45.0	212.0
12804	293060	46.0	211.0
12816	293060	46.0	211.0
12828	293060	46.0	212.0
12840	293060	45.0	211.0
12852	293060	45.0	212.0
12864	293060	45.0	212.0
12876	293060	44.0	211.0
12888	293060	44.06666666666667	211.0
12900	293060	44.86666666666667	211.0
12912	293060	46.0	211.0
12924	293060	46.0	211.0
12936	293060	45.52173913043478	211.0
12948	293060	45.0	211.0
12960	293060	46.0	212.0
12972	293060	46.0	211.0
12984	293060	46.0	212.0
12996	293060	45.0	211.0
13008	293060	45.0	211.0
13020	293060	45.5	211.5
13032	293060	45.0	211.0
13044	293060	45.0	211.0
13056	293060	45.0	211.0
13068	293060	44.0	211.0
13080	293060	44.77777777777778	211.0
13092	293060	44.44444444444444	211.0
13104	293060	44.111111111111114	211.0
13116	293060	46.0	211.0
13128	293060	45.0	211.88235294117646
13140	293060	45.0	211.52941176470588
13152	293060	45.0	211.1764705882353
13164	293060	46.0	211.0
13176	293060	45.0	211.0
13188	293060	44.0	211.0
13200	293060	44.0	211.0
13212	293060	44.0	211.0
13224	293060	45.0	211.0
13236	293060	45.07692307692308	211.0
13248	293060	45.38461538461539	211.0
13260	293060	45.69230769230769	211.0
13272	293060	46.0	211.0
13284	293060	45.0	211.0
13296	293060	45.0	211.0
13308	293060	45.0	211.0
13320	293060	45.0	211.0
13332	293060	45.0	211.0
13344	293060	44.05714285714286	211.0
13356	293060	44.4	211.0
13368	293060	44.74285714285714	211.0
13380	293060	46.0	211.0
13392	293060	45.0	211.0
13404	293060	44.74193548387097	211.0
13416	293060	44.354838709677416	211.0
13428	293060	45.0	211.0
13440	293060	45.0	211.0
13452	293060	44.0	211.0
13464	293060	44.0	211.0
13476	293060	44.0	211.0
13488	293060	44.0	211.0
13500	293060	44.0	211.0
13512	293060	43.5	211.0
13524	293060	44.0	211.0
13536	293060	44.0	211.0
13548	293060	44.0	211.0
13560	293060	44.0	211.0
13572	293060	44.0	211.0
13584	293060	44.0	211.0
13596	293060	45.0	211.0
13608	293060	46.0	211.0
13620	293060	46.0	211.0
13632	293060	46.0	211.0
13644	293060	46.0	211.0
13656	293060	46.0	211.0
13668	293060	44.0	211.0
13680	293060	43.583333333333336	211.0
13692	293060	43.083333333333336	211.0
13704	293060	46.0	211.0
13716	293060	46.0	211.0
13728	293060	44.333333333333336	211.0
13740	293060	44.5	211.0
13752	293060	45.0	211.0
13764	293060	45.0	211.0
13776	293060	45.0	211.0
13788	293060	45.333333333333336	211.0
13800	293060	46.0	211.0
13812	293060	45.0	211.0
13824	293060	45.0	212.0
13836	293060	46.0	211.0
13848	293060	45.0	211.0
13860	293060	45.0	211.0
13872	293060	45.0	211.0
13884	293060	44.0	211.0
13896	293060	44.0	211.0
13908	293060	44.0	211.0
13920	293060	44.0	211.0
13932	293060	45.0	211.0
13944	293060	45.0	211.0
13956	293060	45.0	211.0
13968	293060	46.0	211.0
13980	293060	45.43478260869565	211.0
13992	293060	45.95652173913044	211.0
14004	293060	45.0	211.0
14016	293060	46.0	211.0
14028	293060	45.0	211.0
14040	293060	45.0	211.0
14052	293060	43.22222222222222	211.0
14064	293060	44.0	211.0
14076	293060	45.0	211.0
14088	293060	44.0	211.0
14100	293060	43.0	211.0
14112	293060	44.0	212.0
14124	293060	45.0	212.0
14136	293060	45.0	211.0
14148	293060	45.0	211.0
14160	293060	45.0	212.0
14172	293060	45.0	212.0
14184	293060	46.0	211.0
12324	293065	356.1818181818182	227.0909090909091
12336	293065	359.0	228.0
12348	293065	364.0	230.0
12360	293065	369.0	231.0
12372	293065	373.0	232.0
12384	293065	377.0	233.0
12396	293065	385.0	235.0
12408	293065	391.0	236.0
12420	293065	399.0	237.0
12432	293065	407.0	238.0
12444	293065	416.0	241.0
12456	293065	428.0	243.0
12468	293065	439.0	246.0
12480	293065	454.0	249.0
12492	293065	472.0	252.0
12504	293065	491.0	256.0
12516	293065	515.0	260.0
12528	293065	546.0	267.0
12540	293065	586.0	275.0
12552	293065	638.0	285.0
12564	293065	711.0	300.0
12576	293065	817.0	321.0
12588	293065	971.0	355.0
12444	293110	325.0	228.0
12456	293110	328.0	229.0
12468	293110	331.27272727272725	229.8181818181818
12480	293110	335.0	231.5
12492	293110	338.0	233.0
12504	293110	340.0	234.0
12516	293110	344.0	234.0
12528	293110	349.0	235.0
12540	293110	354.0	237.0
12552	293110	359.0	238.0
12564	293110	364.0	240.0
12576	293110	371.0	243.0
12588	293110	378.0	244.0
12600	293110	386.0	248.0
12612	293110	394.0	250.0
12624	293110	405.0	253.0
12636	293110	418.0	257.0
12648	293110	433.0	262.0
12660	293110	450.0	268.0
12672	293110	473.0	275.0
12684	293110	501.0	284.0
12696	293110	539.0	295.0
12708	293110	590.0	312.0
12720	293110	667.0	336.0
12732	293110	789.0	375.0
12744	293110	983.0	448.0
12468	293112	312.0	231.0
12480	293112	314.0	232.0
12492	293112	316.375	232.375
12504	293112	318.0	234.0
12516	293112	319.0	236.0
12528	293112	323.0	236.0
12540	293112	326.0	237.0
12552	293112	330.0	240.0
12564	293112	333.0	240.0
12576	293112	338.0	243.0
12588	293112	342.0	244.0
12600	293112	350.0	247.0
12612	293112	354.0	249.0
12624	293112	361.0	252.0
12636	293112	371.0	256.0
12648	293112	380.0	260.0
12660	293112	392.0	265.0
12672	293112	406.0	270.0
12684	293112	422.0	278.0
12696	293112	444.0	287.0
12708	293112	471.0	299.0
12720	293112	507.0	314.0
12732	293112	559.0	338.0
12744	293112	641.0	374.0
12756	293112	784.0	439.0
12768	293112	982.0	543.0
12516	293122	362.0	234.0
12528	293122	364.0	234.0
12540	293122	370.0	235.0
12552	293122	376.0	236.0
12564	293122	382.0	238.0
12576	293122	388.0	240.0
12588	293122	394.0	241.0
12600	293122	402.0	244.0
12612	293122	412.0	246.0
12624	293122	421.0	248.0
12636	293122	433.0	250.0
12648	293122	445.0	254.0
12660	293122	460.0	259.0
12672	293122	477.0	261.0
12684	293122	495.0	259.0
12696	293122	520.0	263.0
12708	293122	556.0	277.0
12720	293122	596.0	289.0
12732	293122	650.0	303.0
12744	293122	724.0	321.0
12756	293122	830.0	347.0
12768	293122	976.0	388.0
12612	293153	317.0	234.0
12624	293153	320.0	236.0
12636	293153	323.0	237.0
12648	293153	326.0	239.0
12660	293153	329.0	240.0
12672	293153	333.0	242.0
12684	293153	338.0	243.0
12696	293153	343.0	245.0
12708	293153	348.0	248.0
12720	293153	355.0	251.0
12732	293153	363.0	254.0
12744	293153	372.0	257.0
12756	293153	383.0	262.0
12768	293153	395.0	267.0
12780	293153	411.0	273.0
12792	293153	429.0	281.0
12804	293153	455.0	292.0
12816	293153	488.0	306.0
12828	293153	535.0	326.0
12840	293153	606.0	356.0
12852	293153	727.0	409.0
12864	293153	963.0	518.0
12684	293174	313.0	230.0
12696	293174	315.0	231.0
12708	293174	317.0	232.0
12720	293174	320.0	234.0
12732	293174	323.0	235.0
12744	293174	325.0	236.0
12756	293174	328.0	237.0
12768	293174	333.0	239.0
12780	293174	337.0	241.0
12792	293174	342.0	243.0
12804	293174	348.0	244.0
12816	293174	354.0	247.0
12828	293174	361.0	250.0
12840	293174	368.0	252.0
12852	293174	378.0	256.0
12864	293174	389.0	261.0
12876	293174	401.0	266.0
12888	293174	416.0	272.0
12900	293174	436.0	280.0
12912	293174	460.0	290.0
12924	293174	492.0	304.0
12936	293174	536.0	323.0
12948	293174	602.0	352.0
12960	293174	713.0	399.0
12972	293174	931.0	495.0
12684	293175	350.6	228.6
12696	293175	354.5	229.0
12708	293175	360.84615384615387	230.3846153846154
12720	293175	364.5	231.5
12732	293175	370.0	232.33333333333334
12744	293175	377.0	235.0
12756	293175	384.0	235.0
12768	293175	392.0	237.0
12780	293175	399.0	238.0
12792	293175	407.0	240.0
12804	293175	418.0	242.0
12816	293175	429.0	245.0
12828	293175	442.0	247.0
12840	293175	457.0	250.0
12852	293175	474.0	253.0
12864	293175	492.0	257.0
12876	293175	518.0	262.0
12888	293175	547.0	268.0
12900	293175	587.0	276.0
12912	293175	637.0	286.0
12924	293175	705.0	300.0
12936	293175	804.0	320.0
12948	293175	955.0	351.0
12756	293198	297.09090909090907	224.0
12768	293198	297.0	225.0
12780	293198	297.0	225.0
12792	293198	298.0	226.0
12804	293198	299.0	226.0
12816	293198	299.0	227.0
12828	293198	300.0	227.0
12840	293198	303.0	228.0
12852	293198	304.22222222222223	228.0
12864	293198	305.0	228.0
12876	293198	307.0	229.0
12888	293198	311.0	229.0
12900	293198	311.0	230.0
12912	293198	312.0	231.0
12924	293198	315.0	233.0
12936	293198	316.1666666666667	233.0
12948	293198	319.0	234.0
12960	293198	321.0	236.0
12972	293198	326.0	237.0
12984	293198	328.0	239.0
12996	293198	333.0	240.0
13008	293198	337.0	241.0
13020	293198	340.0	243.0
13032	293198	346.0	246.0
13044	293198	352.0	248.0
13056	293198	358.0	250.0
13068	293198	365.0	254.0
13080	293198	374.0	257.0
13092	293198	385.0	261.0
13104	293198	397.0	267.0
13116	293198	413.0	273.0
13128	293198	431.0	281.0
13140	293198	456.0	291.0
13152	293198	487.0	305.0
13164	293198	532.0	325.0
13176	293198	599.0	354.0
13188	293198	711.0	402.0
13200	293198	935.0	500.0
12780	293212	330.5	229.0
12792	293212	332.0	230.0
12804	293212	336.0	232.0
12816	293212	339.0	233.0
12828	293212	342.0	234.0
12840	293212	347.0	235.0
12852	293212	350.0	236.0
12864	293212	355.0	237.0
12876	293212	360.0	238.0
12888	293212	366.0	241.0
12900	293212	373.0	243.0
12912	293212	380.0	245.0
12924	293212	389.0	248.0
12936	293212	398.0	250.0
12948	293212	410.0	254.0
12960	293212	423.0	257.0
12972	293212	438.0	263.0
12984	293212	459.0	269.0
12996	293212	484.0	276.0
13008	293212	514.0	285.0
13020	293212	554.0	298.0
13032	293212	612.0	315.0
13044	293212	696.0	340.0
13056	293212	832.0	381.0
13068	293212	1002.0	458.0
12936	293249	336.0	234.0
12948	293249	339.0	234.0
12960	293249	343.0	235.0
12972	293249	347.0	236.0
12984	293249	353.0	238.0
12996	293249	358.0	240.0
13008	293249	366.0	242.0
13020	293249	372.0	244.0
13032	293249	381.0	246.0
13044	293249	390.0	249.0
13056	293249	402.0	252.0
13068	293249	415.0	256.0
13080	293249	429.0	260.0
13092	293249	449.0	265.0
13104	293249	471.0	273.0
13116	293249	501.0	283.0
13128	293249	540.0	294.0
13140	293249	593.0	311.0
13152	293249	675.0	336.0
13164	293249	807.0	379.0
13176	293249	995.0	457.0
12984	293275	313.0	225.0
12996	293275	314.0	225.0
13008	293275	316.0	226.0
13020	293275	318.0	227.0
13032	293275	321.0	228.0
13044	293275	323.0	228.0
13056	293275	326.0	230.0
13068	293275	329.0	230.0
13080	293275	332.0	231.0
13092	293275	336.0	232.0
13104	293275	340.0	233.0
13116	293275	344.0	235.0
13128	293275	349.0	236.0
13140	293275	354.0	237.0
13152	293275	360.0	238.0
13164	293275	368.0	241.0
13176	293275	376.0	244.0
13188	293275	385.0	246.0
13200	293275	395.0	249.0
13212	293275	408.0	253.0
13224	293275	424.0	258.0
13236	293275	441.0	263.0
13248	293275	465.0	270.0
13260	293275	494.0	278.0
13272	293275	534.0	291.0
13284	293275	590.0	308.0
13296	293275	674.0	333.0
13308	293275	818.0	376.0
13320	293275	1006.0	460.0
13152	293342	320.0	222.0
13164	293342	321.2857142857143	223.42857142857142
13176	293342	323.5853658536585	224.0
13188	293342	325.9268292682927	224.0
13200	293342	328.2682926829268	224.0
13212	293342	330.609756097561	224.0
13224	293342	333.0	226.0
13236	293342	334.61538461538464	226.30769230769232
13248	293342	336.6666666666667	227.0
13260	293342	340.0	228.0
13272	293342	344.0	229.0
13284	293342	346.9	229.3
13296	293342	351.0	230.0
13308	293342	355.0	231.0
13320	293342	359.5	232.0
13332	293342	364.0	234.0
13344	293342	371.0	235.0
13356	293342	376.0	235.0
13368	293342	384.0	237.0
13380	293342	391.0	239.0
13392	293342	400.0	242.0
13404	293342	409.0	244.0
13416	293342	420.0	245.0
13428	293342	433.0	249.0
13440	293342	448.0	253.0
13452	293342	466.0	257.0
13464	293342	487.0	262.0
13476	293342	514.0	267.0
13488	293342	541.0	266.0
13500	293342	590.0	277.0
13512	293342	651.0	295.0
13524	293342	735.0	314.0
13536	293342	877.0	354.0
13548	293342	1002.0	401.0
13212	293361	310.0	230.0
13224	293361	314.0	231.0
13236	293361	315.5	231.0
13248	293361	316.0	232.0
13260	293361	319.0	233.0
13272	293361	322.0	236.0
13284	293361	324.0	237.0
13296	293361	330.0	237.0
13308	293361	334.0	238.0
13320	293361	338.0	241.0
13332	293361	343.0	243.0
13344	293361	349.0	246.0
13356	293361	356.0	247.0
13368	293361	362.0	250.0
13380	293361	372.0	254.0
13392	293361	383.0	259.0
13404	293361	397.0	262.0
13416	293361	412.0	269.0
13428	293361	430.0	277.0
13440	293361	454.0	287.0
13452	293361	485.0	299.0
13464	293361	527.0	316.0
13476	293361	588.0	341.0
13488	293361	688.0	382.0
13500	293361	872.0	457.0
13512	293361	1001.0	541.0
13368	293395	318.3333333333333	226.66666666666666
13380	293395	321.0	228.0
13392	293395	322.0	228.0
13404	293395	326.0	229.0
13416	293395	328.0	229.0
13428	293395	332.0	231.0
13440	293395	336.0	234.0
13452	293395	339.0	233.0
13464	293395	343.0	234.0
13476	293395	347.0	236.0
13488	293395	351.0	237.0
13500	293395	357.0	238.0
13512	293395	362.0	240.0
13524	293395	369.0	242.0
13536	293395	375.0	243.0
13548	293395	384.0	246.0
13560	293395	392.0	250.0
13572	293395	403.0	252.0
13584	293395	416.0	255.0
13596	293395	430.0	260.0
13608	293395	447.0	265.0
13620	293395	470.0	271.0
13632	293395	497.0	280.0
13644	293395	534.0	292.0
13656	293395	584.0	307.0
13668	293395	656.0	329.0
13680	293395	772.0	364.0
13692	293395	964.0	424.0
13452	293413	319.0	235.0
13464	293413	324.0	235.0
13476	293413	326.0	236.0
13488	293413	329.0	239.0
13500	293413	332.0	240.0
13512	293413	336.0	242.0
13524	293413	340.0	244.0
13536	293413	346.0	247.0
13548	293413	351.0	249.0
13560	293413	357.0	252.0
13572	293413	367.0	256.0
13584	293413	377.0	261.0
13596	293413	389.0	267.0
13608	293413	403.0	273.0
13620	293413	423.0	282.0
13632	293413	449.0	293.0
13644	293413	483.0	309.0
13656	293413	534.0	332.0
13668	293413	613.0	368.0
13680	293413	759.0	434.0
13692	293413	981.0	542.0
13536	293439	319.5	235.0
13548	293439	322.0	236.0
13560	293439	325.0	237.0
13572	293439	329.0	239.0
13584	293439	332.0	240.0
13596	293439	337.0	242.0
13608	293439	342.0	244.0
13620	293439	347.0	246.0
13632	293439	354.0	248.0
13644	293439	361.0	251.0
13656	293439	370.0	255.0
13668	293439	380.0	259.0
13680	293439	391.0	263.0
13692	293439	405.0	269.0
13704	293439	423.0	277.0
13716	293439	444.0	285.0
13728	293439	472.0	296.0
13740	293439	511.0	313.0
13752	293439	567.0	335.0
13764	293439	655.0	372.0
13776	293439	814.0	439.0
13788	293439	997.0	543.0
13548	293441	335.0	231.0
13560	293441	337.0	231.0
13572	293441	340.0	232.0
13584	293441	343.0	233.0
13596	293441	347.0	235.0
13608	293441	352.0	237.0
13620	293441	356.0	237.0
13632	293441	362.0	238.0
13644	293441	368.0	241.0
13656	293441	372.0	241.0
13668	293441	380.3333333333333	243.0
13680	293441	386.0	243.0
13692	293441	397.0	247.0
13704	293441	410.0	253.0
13716	293441	422.0	257.0
13728	293441	437.0	262.0
13740	293441	457.0	268.0
13752	293441	479.0	276.0
13764	293441	510.0	285.0
13776	293441	548.0	297.0
13788	293441	602.0	313.0
13800	293441	681.0	337.0
13812	293441	805.0	375.0
13824	293441	986.0	444.0
13620	293453	323.0	234.0
13632	293453	328.0	235.0
13644	293453	329.0	237.0
13656	293453	331.0	238.0
13668	293453	336.0	240.0
13680	293453	339.0	242.0
13692	293453	344.0	243.0
13704	293453	348.0	246.0
13716	293453	351.0	248.0
13728	293453	360.0	250.0
13740	293453	368.0	254.0
13752	293453	375.0	258.0
13764	293453	385.0	262.0
13776	293453	396.0	268.0
13788	293453	411.0	274.0
13800	293453	427.0	282.0
13812	293453	451.0	293.0
13824	293453	473.0	306.0
13836	293453	530.0	326.0
13848	293453	584.0	354.0
13860	293453	700.0	402.0
13872	293453	895.0	495.0
13728	293468	300.75	223.0
13740	293468	302.0	223.0
13752	293468	302.0	222.0
13764	293468	303.3	223.0
13776	293468	304.5	223.0
13788	293468	305.7	223.0
13800	293468	307.0	224.0
13812	293468	309.0	224.0
13824	293468	311.0	225.0
13836	293468	312.0	224.0
13848	293468	314.0	226.0
13860	293468	316.0	227.0
13872	293468	319.0	227.0
13884	293468	321.0	228.0
13896	293468	322.0	228.0
13908	293468	326.0	230.0
13920	293468	329.0	230.0
13932	293468	333.0	232.0
13944	293468	337.0	233.0
13956	293468	340.0	233.0
13968	293468	345.0	234.0
13980	293468	349.0	235.0
13992	293468	353.0	237.0
14004	293468	358.0	238.0
14016	293468	363.0	239.0
14028	293468	371.0	243.0
14040	293468	378.0	244.0
14052	293468	387.0	248.0
14064	293468	397.0	250.0
14076	293468	408.0	254.0
14088	293468	422.0	258.0
14100	293468	438.0	262.0
14112	293468	458.0	268.0
14124	293468	482.0	277.0
14136	293468	513.0	286.0
14148	293468	554.0	299.0
14160	293468	614.0	318.0
14172	293468	704.0	345.0
14184	293468	854.0	392.0
14196	293468	1006.0	464.0
13956	293558	301.0	226.0
13968	293558	302.0	227.0
13980	293558	302.0	227.0
13992	293558	305.0	228.0
14004	293558	306.0	228.0
14016	293558	308.0	229.0
14028	293558	310.0	231.0
14040	293558	311.6666666666667	231.0
14052	293558	316.0	231.0
14064	293558	318.0	232.0
14076	293558	320.0	234.0
14088	293558	324.0	236.0
14100	293558	326.0	236.0
14112	293558	329.0	237.0
14124	293558	334.0	239.0
14136	293558	339.0	241.0
14148	293558	345.0	243.0
14160	293558	349.0	245.0
14172	293558	357.0	248.0
14184	293558	365.0	250.0
14196	293558	375.0	255.0
14208	293558	386.0	259.0
14220	293558	398.0	264.0
14232	293558	415.0	270.0
14244	293558	435.0	278.0
14256	293558	460.0	288.0
14268	293558	493.0	301.0
14280	293558	541.0	320.0
14292	293558	610.0	347.0
14304	293558	728.0	395.0
14316	293558	952.0	487.0
13968	293559	245.0	222.0
13980	293559	247.625	222.875
13992	293559	249.0	222.0
14004	293559	251.0	223.0
14016	293559	251.0	222.0
14028	293559	252.33333333333334	223.0
14040	293559	253.0	223.0
14052	293559	254.0	223.0
14064	293559	255.0	224.0
14076	293559	256.6363636363636	225.0
14088	293559	257.72727272727275	225.0
14100	293559	258.8	225.0
14112	293559	260.0	226.0
14124	293559	261.0	226.0
14136	293559	262.0	225.0
14148	293559	264.0	225.0
14160	293559	265.0	225.0
14172	293559	266.0	226.0
14184	293559	266.0	227.0
14196	293559	267.0	227.0
14208	293559	269.0	226.0
14220	293559	269.0	227.0
14232	293559	271.0	228.0
14244	293559	271.0	228.0
14256	293559	272.0	229.0
14268	293559	274.0	230.0
14280	293559	275.0	230.0
14292	293559	275.0	230.0
14304	293559	277.0	232.0
14316	293559	278.0	231.0
14328	293559	281.0	232.0
14340	293559	282.0	233.0
14352	293559	282.0	233.0
14364	293559	284.0	234.0
14376	293559	285.0	235.0
14388	293559	286.0	236.0
14400	293559	288.0	236.0
14412	293559	289.0	237.0
14424	293559	291.0	237.0
14436	293559	292.0	238.0
14448	293559	293.0	238.0
14460	293559	295.0	240.0
14472	293559	297.0	241.0
14484	293559	298.0	242.0
14496	293559	300.0	243.0
14508	293559	303.0	245.0
14520	293559	305.0	246.0
14532	293559	308.0	247.0
14544	293559	311.0	248.0
14556	293559	313.0	250.0
14568	293559	316.0	252.0
14580	293559	320.0	253.0
14592	293559	323.0	256.0
14604	293559	329.0	259.0
14616	293559	333.0	261.0
14628	293559	340.0	265.0
14640	293559	346.0	268.0
14652	293559	353.0	272.0
14664	293559	362.0	277.0
14676	293559	371.0	283.0
14688	293559	383.0	290.0
14700	293559	397.0	299.0
14712	293559	414.0	309.0
14724	293559	436.0	322.0
14736	293559	464.0	340.0
14748	293559	501.0	363.0
14760	293559	556.0	399.0
14772	293559	640.0	451.0
14784	293559	788.0	539.0
14796	293559	930.0	539.0
14028	293582	358.0	227.0
14040	293582	363.0	229.0
14052	293582	370.0	230.0
14064	293582	372.0	232.0
14076	293582	378.0	232.0
14088	293582	384.0	234.0
14100	293582	390.0	235.0
14112	293582	397.0	237.0
14124	293582	404.0	238.0
14136	293582	413.0	239.0
14148	293582	421.0	242.0
14160	293582	433.0	244.0
14172	293582	443.0	246.0
14184	293582	456.0	249.0
14196	293582	471.0	251.0
14208	293582	488.0	255.0
14220	293582	510.0	259.0
14232	293582	535.0	265.0
14244	293582	566.0	270.0
14256	293582	605.0	279.0
14268	293582	655.0	289.0
14280	293582	725.0	302.0
14292	293582	821.0	322.0
14304	293582	960.0	350.0
14196	293639	355.0	232.0
14208	293639	360.5	233.0
14220	293639	364.0	235.0
14232	293639	372.0	237.0
14244	293639	376.0	238.0
14256	293639	383.0	239.0
14268	293639	391.0	242.0
14280	293639	400.0	244.0
14292	293639	408.0	247.0
14304	293639	420.0	250.0
14316	293639	432.0	253.0
14328	293639	447.0	257.0
14340	293639	465.0	260.0
14352	293639	486.0	266.0
14364	293639	512.0	272.0
14376	293639	545.0	280.0
14388	293639	588.0	290.0
14400	293639	647.0	304.0
14412	293639	730.0	325.0
14424	293639	858.0	356.0
14436	293639	998.0	408.0
14196	293642	327.0	231.0
14208	293642	331.0	232.0
14220	293642	332.3333333333333	232.66666666666666
14232	293642	337.0	234.0
14244	293642	341.0	235.0
14256	293642	345.0	237.0
14268	293642	350.0	238.0
14280	293642	356.0	240.0
14292	293642	362.0	242.0
14304	293642	368.0	245.0
14316	293642	378.0	246.0
14328	293642	387.0	250.0
14340	293642	398.0	253.0
14352	293642	410.0	257.0
14364	293642	426.0	261.0
14376	293642	444.0	267.0
14388	293642	466.0	274.0
14400	293642	495.0	283.0
14412	293642	533.0	294.0
14424	293642	586.0	311.0
14436	293642	665.0	336.0
14448	293642	793.0	375.0
14460	293642	987.0	449.0
14268	293660	338.3333333333333	230.66666666666666
14280	293660	342.0	231.0
14292	293660	348.0	233.0
14304	293660	354.0	234.0
14316	293660	360.0	236.0
14328	293660	369.0	238.0
14340	293660	376.0	240.0
14352	293660	385.0	243.0
14364	293660	394.0	245.0
14376	293660	404.0	247.0
14388	293660	415.0	250.0
14400	293660	430.0	252.0
14412	293660	446.0	256.0
14424	293660	465.0	261.0
14436	293660	488.0	266.0
14448	293660	517.0	273.0
14460	293660	553.0	281.0
14472	293660	603.0	293.0
14484	293660	671.0	309.0
14496	293660	774.0	334.0
14508	293660	941.0	372.0
14280	293665	321.0	226.0
14292	293665	323.0	227.0
14304	293665	325.0	227.0
14316	293665	327.0	226.0
14328	293665	330.0	228.0
14340	293665	332.0	228.0
14352	293665	334.0	229.0
14364	293665	337.0	230.0
14376	293665	340.0	230.0
14388	293665	343.0	231.0
14400	293665	346.0	231.0
14412	293665	349.0	232.0
14424	293665	354.0	233.0
14436	293665	358.0	235.0
14448	293665	363.0	235.0
14460	293665	368.0	237.0
14472	293665	373.0	237.0
14484	293665	379.0	238.0
14496	293665	386.0	241.0
14508	293665	395.0	243.0
14520	293665	402.0	244.0
14532	293665	413.0	247.0
14544	293665	423.0	249.0
14556	293665	436.0	252.0
14568	293665	450.0	256.0
14580	293665	468.0	259.0
14592	293665	489.0	264.0
14604	293665	514.0	270.0
14616	293665	546.0	278.0
14628	293665	586.0	288.0
14640	293665	641.0	301.0
14652	293665	718.0	319.0
14664	293665	831.0	347.0
14676	293665	982.0	392.0
14292	293673	301.0	229.0
14304	293673	301.0	229.0
14316	293673	304.0	230.0
14328	293673	305.0	229.0
14340	293673	309.0	231.0
14352	293673	309.0	230.0
14364	293673	312.0	232.0
14376	293673	313.6666666666667	233.0
14388	293673	316.0	234.0
14400	293673	319.0	236.0
14412	293673	322.0	236.0
14424	293673	324.0	237.0
14436	293673	328.0	238.0
14448	293673	332.0	240.0
14460	293673	336.0	242.0
14472	293673	341.0	243.0
14484	293673	347.0	245.0
14496	293673	352.0	247.0
14508	293673	359.0	250.0
14520	293673	367.0	254.0
14532	293673	376.0	257.0
14544	293673	387.0	262.0
14556	293673	398.0	267.0
14568	293673	414.0	273.0
14580	293673	433.0	282.0
14592	293673	458.0	293.0
14604	293673	491.0	308.0
14616	293673	541.0	330.0
14628	293673	618.0	364.0
14640	293673	758.0	427.0
14652	293673	984.0	542.0
14508	293756	319.0	229.0
14520	293756	321.05882352941177	229.0
14532	293756	324.0	230.0
14544	293756	326.5	230.0
14556	293756	329.0	231.0
14568	293756	332.0	231.0
14580	293756	335.0	233.0
14592	293756	340.0	233.0
14604	293756	342.0	235.0
14616	293756	346.0	235.0
14628	293756	352.0	237.0
14640	293756	357.0	238.0
14652	293756	362.0	240.0
14664	293756	370.0	243.0
14676	293756	377.0	244.0
14688	293756	386.0	248.0
14700	293756	396.0	250.0
14712	293756	407.0	254.0
14724	293756	420.0	257.0
14736	293756	435.0	262.0
14748	293756	455.0	269.0
14760	293756	480.0	276.0
14772	293756	512.0	286.0
14784	293756	553.0	300.0
14796	293756	611.0	317.0
14808	293756	702.0	345.0
14820	293756	849.0	383.0
14832	293756	1015.0	465.0
14604	293791	309.0	232.0
14616	293791	310.0	232.0
14628	293791	313.0	232.0
14640	293791	314.0	233.0
14652	293791	317.0	235.0
14664	293791	321.0	236.0
14676	293791	324.0	237.0
14688	293791	328.0	239.0
14700	293791	332.0	241.0
14712	293791	337.0	243.0
14724	293791	342.0	245.0
14736	293791	348.0	247.0
14748	293791	354.0	250.0
14760	293791	363.0	253.0
14772	293791	372.0	258.0
14784	293791	385.0	262.0
14796	293791	397.0	268.0
14808	293791	415.0	275.0
14820	293791	434.0	284.0
14832	293791	462.0	296.0
14844	293791	500.0	312.0
14856	293791	554.0	334.0
14868	293791	638.0	371.0
14880	293791	793.0	437.0
14892	293791	995.0	543.0
14628	293798	43.0	211.0
14640	293798	43.166666666666664	211.0
14652	293798	43.45238095238095	211.0
14664	293798	43.73809523809524	211.0
14676	293798	43.0	211.0
14688	293798	44.0	211.0
14700	293798	44.0	211.0
14712	293798	44.0	211.0
14724	293798	44.0	211.0
14736	293798	44.0	211.0
14748	293798	44.0	211.0
14760	293798	44.0	211.0
14772	293798	44.0	211.0
14784	293798	44.0	211.0
14796	293798	43.0	211.0
14808	293798	44.0	211.0
14820	293798	44.0	211.0
14832	293798	44.0	211.0
14844	293798	44.0	211.0
14856	293798	45.0	211.0
14868	293798	46.0	211.0
14880	293798	46.0	211.0
14892	293798	46.0	211.0
14904	293798	45.0	211.0
14916	293798	44.0	211.0
14928	293798	44.5	211.0
14940	293798	44.25	211.0
14952	293798	45.666666666666664	211.0
14964	293798	43.78378378378378	211.0
14976	293798	43.45945945945946	211.0
14988	293798	43.13513513513514	211.0
15000	293798	45.0	211.0
15012	293798	44.0	211.0
15024	293798	44.0	211.0
15036	293798	44.0	211.0
15048	293798	44.0	211.0
15060	293798	44.0	211.0
15072	293798	44.25	211.0
15084	293798	44.52272727272727	211.0
15096	293798	44.79545454545455	211.0
15108	293798	44.25	211.0
14652	293801	301.0	226.0
14664	293801	300.09090909090907	226.0
14676	293801	303.27272727272725	227.0
14688	293801	306.0	228.0
14700	293801	306.0	229.0
14712	293801	309.0	230.0
14724	293801	310.0	230.0
14736	293801	312.0	231.0
14748	293801	315.0	232.0
14760	293801	317.7	232.9
14772	293801	319.0	235.0
14784	293801	322.0	236.0
14796	293801	326.0	237.0
14808	293801	330.0	239.0
14820	293801	335.0	241.0
14832	293801	338.0	243.0
14844	293801	343.0	245.0
14856	293801	351.0	248.0
14868	293801	358.0	250.0
14880	293801	367.0	254.0
14892	293801	377.0	258.0
14904	293801	389.0	263.0
14916	293801	404.0	269.0
14928	293801	422.0	277.0
14940	293801	446.0	286.0
14952	293801	478.0	300.0
14964	293801	522.0	318.0
14976	293801	590.0	346.0
14988	293801	704.0	395.0
15000	293801	937.0	493.0
14712	293814	343.8333333333333	228.0
14724	293814	347.3	229.05
14736	293814	350.9	229.65
14748	293814	356.0	231.0
14760	293814	359.0	231.0
14772	293814	364.0	233.0
14784	293814	371.0	234.0
14796	293814	376.0	235.0
14808	293814	385.0	237.0
14820	293814	389.0	238.0
14832	293814	394.0	239.0
14844	293814	403.0	242.0
14856	293814	413.0	244.0
14868	293814	424.0	246.0
14880	293814	436.0	249.0
14892	293814	453.0	254.0
14904	293814	470.0	258.0
14916	293814	491.0	262.0
14928	293814	515.0	269.0
14940	293814	546.0	276.0
14952	293814	586.0	286.0
14964	293814	639.0	299.0
14976	293814	711.0	317.0
14988	293814	818.0	342.0
15000	293814	967.0	382.0
15012	293814	983.0	389.0
15024	293814	987.0	390.0
15036	293814	1015.0	401.0
14760	293826	303.0	228.0
14772	293826	305.0	229.0
14784	293826	306.0	230.0
14796	293826	308.0	230.0
14808	293826	310.0	232.0
14820	293826	311.0	232.0
14832	293826	312.0	233.0
14844	293826	316.0	235.0
14856	293826	321.0	236.0
14868	293826	323.0	237.0
14880	293826	326.0	239.0
14892	293826	330.0	240.0
14904	293826	336.0	243.0
14916	293826	342.0	245.0
14928	293826	346.0	247.0
14940	293826	353.0	249.0
14952	293826	361.0	253.0
14964	293826	370.0	256.0
14976	293826	382.0	261.0
14988	293826	396.0	267.0
15000	293826	412.0	275.0
15012	293826	433.0	284.0
15024	293826	462.0	296.0
15036	293826	501.0	314.0
15048	293826	560.0	340.0
15060	293826	657.0	383.0
15072	293826	844.0	468.0
15084	293826	991.0	541.0
14760	293828	233.5	219.25
14772	293828	236.0909090909091	220.0
14784	293828	238.72727272727272	220.1818181818182
14796	293828	242.0	221.0
14808	293828	244.3	222.0
14820	293828	247.0	223.0
14832	293828	251.0	223.0
14844	293828	254.0	224.0
14856	293828	255.0	225.0
14868	293828	257.0	225.0
14880	293828	259.0	225.0
14892	293828	261.0	225.0
14904	293828	264.0	226.0
14916	293828	265.0	225.0
14928	293828	268.0	225.0
14940	293828	269.0	226.0
14952	293828	271.0	227.0
14964	293828	272.0	227.0
14976	293828	273.0	227.0
14988	293828	273.0	229.0
15000	293828	275.0	230.0
15012	293828	277.0	230.0
15024	293828	280.0	231.0
15036	293828	282.0	232.0
15048	293828	283.0	233.0
15060	293828	286.0	234.0
15072	293828	288.0	236.0
15084	293828	290.0	237.0
15096	293828	294.0	239.0
15108	293828	298.0	241.0
15120	293828	302.0	244.0
15132	293828	308.0	246.0
15144	293828	314.0	250.0
15156	293828	321.0	254.0
15168	293828	330.0	259.0
15180	293828	340.0	265.0
15192	293828	352.0	272.0
15204	293828	368.0	283.0
15216	293828	391.0	298.0
15228	293828	426.0	320.0
15240	293828	482.0	357.0
15252	293828	592.0	431.0
15264	293828	840.0	543.0
14844	293859	229.25	216.0
14856	293859	231.2	216.6
14868	293859	234.0	217.0
14880	293859	238.0	217.0
14892	293859	239.5	218.5
14904	293859	243.0	218.0
14916	293859	244.2	219.0
14928	293859	248.0	220.0
14940	293859	251.0	220.0
14952	293859	252.0	221.0
14964	293859	254.0	221.0
14976	293859	259.0	222.0
14988	293859	261.4	221.2
15000	293859	263.8	222.4
15012	293859	265.0	223.0
15024	293859	266.0	223.0
15036	293859	268.44444444444446	223.40740740740742
15048	293859	271.1111111111111	223.85185185185185
15060	293859	273.04347826086956	224.0
15072	293859	275.1304347826087	224.0
15084	293859	276.0	223.0
15096	293859	278.0	225.0
15108	293859	280.0	226.0
15120	293859	281.0	226.0
15132	293859	283.0	226.0
15144	293859	283.0	226.0
15156	293859	285.0	226.0
15168	293859	286.0	227.0
15180	293859	287.0	228.0
15192	293859	287.0	228.0
15204	293859	290.0	229.0
15216	293859	291.0	231.0
15228	293859	293.0	231.0
15240	293859	294.0	232.0
15252	293859	297.0	232.0
15264	293859	298.0	234.0
15276	293859	300.0	235.0
15288	293859	303.0	237.0
15300	293859	304.0	238.0
15312	293859	307.0	239.0
15324	293859	309.0	241.0
15336	293859	315.0	244.0
15348	293859	319.0	246.0
15360	293859	323.0	249.0
15372	293859	329.0	252.0
15384	293859	335.0	256.0
15396	293859	343.0	260.0
15408	293859	352.0	265.0
15420	293859	364.0	271.0
15432	293859	379.0	279.0
15444	293859	398.0	289.0
15456	293859	422.0	303.0
15468	293859	459.0	323.0
15480	293859	515.0	354.0
15492	293859	613.5	410.5
15504	293859	829.0	532.0
15516	293859	944.0	539.0
14904	293879	352.0	227.0
14916	293879	355.0	227.0
14928	293879	359.0	228.0
14940	293879	363.72727272727275	229.1818181818182
14952	293879	368.0	230.0
14964	293879	373.0	231.0
14976	293879	377.0	231.0
14988	293879	385.0	233.0
15000	293879	391.0	235.0
15012	293879	398.0	237.0
15024	293879	405.0	238.0
15036	293879	414.0	238.0
15048	293879	425.0	242.0
15060	293879	437.0	244.0
15072	293879	451.0	247.0
15084	293879	467.0	250.0
15096	293879	486.0	255.0
15108	293879	508.0	259.0
15120	293879	538.0	266.0
15132	293879	574.0	273.0
15144	293879	622.0	283.0
15156	293879	689.0	297.0
15168	293879	783.0	316.0
15180	293879	932.0	347.0
14928	293883	296.0	227.0
14940	293883	297.06666666666666	227.0
14952	293883	297.8666666666667	227.0
14964	293883	299.0	228.0
14976	293883	301.0	228.5
14988	293883	302.2	229.0
15000	293883	304.0	230.0
15012	293883	307.0	230.0
15024	293883	308.0	231.0
15036	293883	310.0	231.0
15048	293883	313.0	232.0
15060	293883	316.0	234.0
15072	293883	318.0	235.0
15084	293883	320.0	236.0
15096	293883	325.0	237.0
15108	293883	329.0	239.0
15120	293883	334.0	241.0
15132	293883	338.0	242.0
15144	293883	344.0	246.0
15156	293883	351.0	249.0
15168	293883	359.0	252.0
15180	293883	367.0	255.0
15192	293883	379.0	259.0
15204	293883	392.0	265.0
15216	293883	408.0	271.0
15228	293883	429.0	280.0
15240	293883	456.0	291.0
15252	293883	491.0	306.0
15264	293883	543.0	328.0
15276	293883	626.0	363.0
15288	293883	775.0	426.0
15300	293883	993.0	543.0
14952	293892	337.0	224.0
14964	293892	340.0	226.0
14976	293892	343.0	225.0
14988	293892	346.0	226.0
15000	293892	349.0	227.0
15012	293892	352.0	228.0
15024	293892	356.0	228.0
15036	293892	360.0	229.0
15048	293892	364.0	230.0
15060	293892	370.0	232.0
15072	293892	375.0	232.0
15084	293892	381.0	234.0
15096	293892	386.0	235.0
15108	293892	395.0	235.0
15120	293892	402.0	238.0
15132	293892	412.0	239.0
15144	293892	421.0	242.0
15156	293892	433.0	244.0
15168	293892	446.0	247.0
15180	293892	461.0	250.0
15192	293892	480.0	254.0
15204	293892	502.0	257.0
15216	293892	530.0	264.0
15228	293892	563.0	270.0
15240	293892	608.0	280.0
15252	293892	668.0	291.0
15264	293892	754.0	309.0
15276	293892	882.0	335.0
15324	294007	343.4	225.2
15336	294007	346.3333333333333	226.33333333333334
15348	294007	349.0	226.0
15360	294007	352.0	228.0
15372	294007	356.0	229.0
15384	294007	360.03333333333336	230.1
15396	294007	364.43333333333334	231.3
15408	294007	368.0	230.0
15420	294007	373.0	232.0
15432	294007	377.0	233.0
15444	294007	385.0	234.0
15456	294007	391.0	236.0
15468	294007	399.0	237.0
15480	294007	407.0	238.0
15492	294007	415.0	241.0
15504	294007	426.0	243.0
15516	294007	438.0	245.0
15528	294007	451.0	248.0
15540	294007	468.0	251.0
15552	294007	485.0	255.0
15564	294007	507.0	259.0
15576	294007	534.0	265.0
15588	294007	568.0	272.0
15600	294007	612.0	281.0
15612	294007	670.0	292.0
15624	294007	753.0	309.0
15636	294007	875.0	334.0
15648	294007	993.0	368.0
15372	294020	308.0	225.0
15384	294020	309.0	226.0
15396	294020	310.0	225.0
15408	294020	312.0	226.0
15420	294020	314.0	227.0
15432	294020	315.89473684210526	227.0
15444	294020	319.0	228.0
15456	294020	320.7692307692308	229.0
15468	294020	323.4	229.8
15480	294020	326.0	231.0
15492	294020	330.0	232.0
15504	294020	334.0	232.0
15516	294020	338.0	232.0
15528	294020	341.0	234.0
15540	294020	346.0	236.0
15552	294020	352.0	237.0
15564	294020	358.0	238.0
15576	294020	364.0	240.0
15588	294020	370.0	243.0
15600	294020	378.0	245.0
15612	294020	387.0	247.0
15624	294020	398.0	250.0
15636	294020	411.0	254.0
15648	294020	426.0	259.0
15660	294020	444.0	265.0
15672	294020	466.0	271.0
15684	294020	494.0	280.0
15696	294020	530.0	292.0
15708	294020	583.0	307.0
15720	294020	657.0	331.0
15732	294020	779.0	368.0
15744	294020	977.0	438.0
15456	294037	282.625	225.625
15468	294037	283.0	226.0
15480	294037	284.0	227.0
15492	294037	285.0	228.0
15504	294037	286.0	228.0
15516	294037	287.0	229.0
15528	294037	289.1333333333333	229.06666666666666
15540	294037	290.73333333333335	229.86666666666667
15552	294037	291.0	231.0
15564	294037	292.0	232.0
15576	294037	294.0	233.0
15588	294037	295.0	234.0
15600	294037	297.0	234.0
15612	294037	299.0	235.0
15624	294037	301.0	237.0
15636	294037	302.0	238.0
15648	294037	305.0	240.0
15660	294037	307.0	241.0
15672	294037	312.0	243.0
15684	294037	314.0	244.0
15696	294037	320.0	247.0
15708	294037	325.0	249.0
15720	294037	332.0	252.0
15732	294037	339.0	255.0
15744	294037	349.0	259.0
15756	294037	359.0	263.0
15768	294037	371.0	269.0
15780	294037	387.0	274.0
15792	294037	403.0	282.0
15804	294037	426.0	292.0
15816	294037	456.0	304.0
15828	294037	494.0	321.0
15840	294037	550.0	346.0
15852	294037	636.0	385.0
15864	294037	790.0	455.0
15876	294037	981.0	542.0
15468	294040	367.0	230.0
15480	294040	372.1666666666667	229.83333333333334
15492	294040	376.2	230.0
15504	294040	382.5	232.0
15516	294040	390.0	233.0
15528	294040	397.0	236.0
15540	294040	404.3333333333333	237.66666666666666
15552	294040	413.0	240.0
15564	294040	421.0	242.0
15576	294040	433.0	245.0
15588	294040	445.0	247.0
15600	294040	460.0	250.0
15612	294040	477.0	254.0
15624	294040	496.0	257.0
15636	294040	521.0	262.0
15648	294040	552.0	268.0
15660	294040	590.0	276.0
15672	294040	638.0	286.0
15684	294040	707.0	301.0
15696	294040	804.0	320.0
15708	294040	953.0	351.0
15480	294042	350.0	231.0
15492	294042	353.0	232.0
15504	294042	358.0	233.0
15516	294042	362.0	233.0
15528	294042	366.0	234.0
15540	294042	370.0	235.0
15552	294042	376.0	236.0
15564	294042	382.0	238.0
15576	294042	389.0	240.0
15588	294042	396.0	241.0
15600	294042	404.0	243.0
15612	294042	413.0	245.0
15624	294042	423.0	247.0
15636	294042	434.0	250.0
15648	294042	448.0	253.0
15660	294042	463.0	257.0
15672	294042	480.0	262.0
15684	294042	503.0	266.0
15696	294042	525.0	265.0
15708	294042	562.0	276.0
15720	294042	606.0	290.0
15732	294042	661.0	305.0
15744	294042	737.0	324.0
15756	294042	852.0	351.0
15768	294042	986.0	396.0
15480	294043	310.0	225.0
15492	294043	311.0	224.0
15504	294043	314.0	226.0
15516	294043	316.0	227.0
15528	294043	317.7	227.7
15540	294043	321.0	228.0
15552	294043	323.0	229.0
15564	294043	327.0	230.0
15576	294043	329.0	232.0
15588	294043	332.0	232.0
15600	294043	336.0	233.0
15612	294043	340.0	234.0
15624	294043	344.0	236.0
15636	294043	349.0	237.0
15648	294043	355.0	239.0
15660	294043	363.0	241.0
15672	294043	369.0	243.0
15684	294043	378.0	246.0
15696	294043	388.0	249.0
15708	294043	399.0	252.0
15720	294043	413.0	256.0
15732	294043	430.0	262.0
15744	294043	450.0	268.0
15756	294043	476.0	276.0
15768	294043	509.0	287.0
15780	294043	555.0	301.0
15792	294043	623.0	323.0
15804	294043	732.0	358.0
15816	294043	936.0	423.0
15684	294077	355.75	232.0
15696	294077	360.0	234.0
15708	294077	365.0	235.0
15720	294077	371.0	236.0
15732	294077	376.0	237.0
15744	294077	382.0	239.0
15756	294077	389.0	240.0
15768	294077	397.0	243.0
15780	294077	404.0	244.0
15792	294077	414.0	246.0
15804	294077	424.0	249.0
15816	294077	436.0	250.0
15828	294077	449.0	255.0
15840	294077	466.0	259.0
15852	294077	485.0	263.0
15864	294077	509.0	269.0
15876	294077	537.0	275.0
15888	294077	574.0	284.0
15900	294077	619.0	295.0
15912	294077	683.0	310.0
15924	294077	773.0	332.0
15936	294077	909.0	364.0
15696	294082	300.0	234.0
15708	294082	303.0	236.0
15720	294082	305.0	236.0
15732	294082	310.0	237.0
15744	294082	313.0	239.0
15756	294082	315.0	240.0
15768	294082	320.0	242.0
15780	294082	323.0	243.0
15792	294082	327.0	245.0
15804	294082	331.0	247.0
15816	294082	336.0	248.0
15828	294082	343.0	250.0
15840	294082	350.0	253.0
15852	294082	356.0	256.0
15864	294082	364.0	260.0
15876	294082	374.0	264.0
15888	294082	386.0	269.0
15900	294082	401.0	276.0
15912	294082	416.0	283.0
15924	294082	436.0	293.0
15936	294082	463.0	305.0
15948	294082	497.0	322.0
15960	294082	547.0	345.0
15972	294082	623.0	380.0
15984	294082	757.0	441.0
15996	294082	970.0	542.0
15720	294088	290.0	230.0
15732	294088	293.61538461538464	231.0
15744	294088	295.0	232.0
15756	294088	298.0	232.0
15768	294088	298.6666666666667	232.66666666666666
15780	294088	302.0	234.0
15792	294088	305.0	235.0
15804	294088	307.0	236.0
15816	294088	311.0	237.0
15828	294088	314.0	238.0
15840	294088	317.0	240.0
15852	294088	322.0	242.0
15864	294088	327.0	243.0
15876	294088	332.0	245.0
15888	294088	339.0	247.0
15900	294088	345.0	250.0
15912	294088	353.0	252.0
15924	294088	362.0	255.0
15936	294088	372.0	259.0
15948	294088	383.0	264.0
15960	294088	396.0	269.0
15972	294088	412.0	275.0
15984	294088	431.0	283.0
15996	294088	456.0	292.0
16008	294088	486.0	304.0
16020	294088	526.0	321.0
16032	294088	585.0	345.0
16044	294088	671.0	381.0
16056	294088	822.0	443.0
16068	294088	995.0	542.0
15744	294097	362.0	234.0
15756	294097	368.0	235.0
15768	294097	373.0	237.0
15780	294097	380.0	238.0
15792	294097	386.0	240.0
15804	294097	394.0	242.0
15816	294097	401.0	244.0
15828	294097	412.0	245.0
15840	294097	421.0	248.0
15852	294097	433.0	251.0
15864	294097	449.0	255.0
15876	294097	463.0	257.0
15888	294097	482.0	262.0
15900	294097	504.0	268.0
15912	294097	531.0	274.0
15924	294097	566.0	283.0
15936	294097	611.0	294.0
15948	294097	670.0	309.0
15960	294097	755.0	327.0
15972	294097	865.6923076923077	350.2307692307692
15984	294097	976.0	383.0
15780	294108	336.0769230769231	233.0
15792	294108	340.38461538461536	234.23076923076923
15804	294108	345.0	235.0
15816	294108	348.0	236.0
15828	294108	353.6666666666667	237.83333333333334
15840	294108	358.0	240.0
15852	294108	363.5	241.0
15864	294108	370.0	244.0
15876	294108	375.0	244.0
15888	294108	384.0	247.0
15900	294108	394.2	249.8
15912	294108	403.0	251.0
15924	294108	419.0	258.0
15936	294108	433.0	261.0
15948	294108	452.0	268.0
15960	294108	474.0	275.0
15972	294108	502.0	283.0
15984	294108	537.0	294.0
15996	294108	585.0	309.0
16008	294108	653.0	330.0
16020	294108	758.0	363.0
16032	294108	936.0	419.0
15864	294136	353.5	231.0
15876	294136	357.0	232.0
15888	294136	361.0	232.0
15900	294136	366.0	234.0
15912	294136	371.0	235.0
15924	294136	376.0	235.0
15936	294136	382.0	237.0
15948	294136	390.0	240.0
15960	294136	397.0	242.0
15972	294136	407.0	244.0
15984	294136	415.0	246.0
15996	294136	426.0	248.0
16008	294136	438.0	250.0
16020	294136	454.0	254.0
16032	294136	471.0	258.0
16044	294136	492.0	263.0
16056	294136	516.0	269.0
16068	294136	547.0	276.0
16080	294136	587.0	285.0
16092	294136	638.0	297.0
16104	294136	712.0	315.0
16116	294136	818.0	340.0
16128	294136	971.0	380.0
15876	294139	301.5	233.0
15888	294139	305.0	234.0
15900	294139	309.0	236.0
15912	294139	312.0	236.0
15924	294139	317.0	237.0
15936	294139	319.0	238.0
15948	294139	323.0	240.0
15960	294139	328.0	242.0
15972	294139	334.0	243.0
15984	294139	340.0	245.0
15996	294139	344.0	248.0
16008	294139	352.0	251.0
16020	294139	360.0	254.0
16032	294139	369.0	256.0
16044	294139	379.0	261.0
16056	294139	390.0	266.0
16068	294139	404.0	271.0
16080	294139	420.0	277.0
16092	294139	441.0	286.0
16104	294139	466.0	297.0
16116	294139	497.0	311.0
16128	294139	542.0	330.0
16140	294139	608.0	358.0
16152	294139	714.0	405.0
16164	294139	913.0	494.0
16176	294139	988.0	540.0
15888	294145	285.15	227.05
15900	294145	286.95	227.65
15912	294145	288.3076923076923	228.0
15924	294145	290.0	228.0
15936	294145	289.75	229.375
15948	294145	292.0	231.0
15960	294145	294.8333333333333	231.0
15972	294145	296.0	232.0
15984	294145	299.0	232.0
15996	294145	302.0	234.0
16008	294145	304.0	236.0
16020	294145	308.0	236.0
16032	294145	312.0	237.0
16044	294145	316.0	238.0
16056	294145	320.0	241.0
16068	294145	325.0	242.0
16080	294145	329.0	244.0
16092	294145	336.0	246.0
16104	294145	341.0	249.0
16116	294145	349.0	251.0
16128	294145	356.0	254.0
16140	294145	367.0	257.0
16152	294145	377.0	261.0
16164	294145	390.0	267.0
16176	294145	405.0	272.0
16188	294145	423.0	279.0
16200	294145	445.0	288.0
16212	294145	473.0	299.0
16224	294145	509.0	314.0
16236	294145	559.0	333.0
16248	294145	633.0	364.0
16260	294145	752.0	414.0
16272	294145	965.0	510.0
15936	294155	276.0	228.0
15948	294155	275.0	229.0
15960	294155	277.0	230.0
15972	294155	277.0	230.0
15984	294155	278.0	229.0
15996	294155	281.0	231.0
16008	294155	282.0	232.0
16020	294155	283.0	231.0
16032	294155	285.0	233.0
16044	294155	286.0	233.0
16056	294155	288.0	234.0
16068	294155	289.0	236.0
16080	294155	291.0	235.0
16092	294155	292.0	236.0
16104	294155	295.0	238.0
16116	294155	297.0	239.0
16128	294155	300.0	240.0
16140	294155	301.0	241.0
16152	294155	305.0	243.0
16164	294155	307.0	245.0
16176	294155	311.0	247.0
16188	294155	314.0	247.0
16200	294155	319.0	250.0
16212	294155	321.0	252.0
16224	294155	326.0	256.0
16236	294155	332.0	258.0
16248	294155	337.0	262.0
16260	294155	344.0	266.0
16272	294155	351.0	271.0
16284	294155	362.0	276.0
16296	294155	372.0	283.0
16308	294155	386.0	292.0
16320	294155	402.0	302.0
16332	294155	424.0	316.0
16344	294155	453.0	334.0
16356	294155	494.0	360.0
16368	294155	556.0	400.0
16380	294155	662.0	468.0
16392	294155	847.0	541.0
16404	294155	940.0	539.0
15960	294165	355.0	230.0
15972	294165	360.0	232.0
15984	294165	365.0	233.0
15996	294165	370.0	235.0
16008	294165	375.0	236.0
16020	294165	383.0	238.0
16032	294165	391.0	239.0
16044	294165	399.0	241.0
16056	294165	407.0	244.0
16068	294165	418.0	246.0
16080	294165	430.0	249.0
16092	294165	445.0	253.0
16104	294165	462.0	256.0
16116	294165	482.0	261.0
16128	294165	507.0	268.0
16140	294165	538.0	275.0
16152	294165	578.0	284.0
16164	294165	632.0	297.0
16176	294165	708.0	316.0
16188	294165	824.0	343.0
16200	294165	982.0	390.0
16044	294219	354.3333333333333	230.66666666666666
16056	294219	358.45454545454544	230.72727272727272
16068	294219	363.0	233.0
16080	294219	369.0	235.0
16092	294219	375.0	236.5
16104	294219	381.0	238.0
16116	294219	388.0	239.0
16128	294219	397.0	242.0
16140	294219	405.0	244.0
16152	294219	416.0	246.0
16164	294219	428.0	250.0
16176	294219	442.0	253.0
16188	294219	458.0	257.0
16200	294219	478.0	262.0
16212	294219	503.0	268.0
16224	294219	533.0	275.0
16236	294219	571.0	284.0
16248	294219	622.0	296.0
16260	294219	694.0	314.0
16272	294219	800.0	339.0
16284	294219	963.0	381.0
16080	294241	307.0	226.0
16092	294241	309.0	228.0
16104	294241	311.0	228.0
16116	294241	313.0	229.0
16128	294241	315.0	229.0
16140	294241	318.0	231.0
16152	294241	321.0	232.0
16164	294241	324.0	233.0
16176	294241	329.0	234.0
16188	294241	332.0	234.0
16200	294241	337.0	236.0
16212	294241	342.0	237.0
16224	294241	348.0	238.0
16236	294241	354.0	239.0
16248	294241	361.0	241.0
16260	294241	366.0	243.0
16272	294241	374.0	245.0
16284	294241	383.0	248.0
16296	294241	393.0	250.0
16308	294241	403.0	253.0
16320	294241	416.0	257.0
16332	294241	431.0	261.0
16344	294241	447.0	266.0
16356	294241	468.0	271.0
16368	294241	493.0	280.0
16380	294241	525.0	289.0
16392	294241	566.0	301.0
16404	294241	624.0	319.0
16416	294241	709.0	345.0
16428	294241	842.0	386.0
16440	294241	1004.0	463.0
16080	294243	348.0	235.0
16092	294243	351.0	236.0
16104	294243	357.0	239.0
16116	294243	362.0	240.0
16128	294243	366.0	241.0
16140	294243	375.0	243.0
16152	294243	381.0	243.0
16164	294243	388.0	244.0
16176	294243	397.0	247.0
16188	294243	408.0	251.0
16200	294243	418.0	256.0
16212	294243	430.0	260.0
16224	294243	447.0	265.0
16236	294243	464.0	270.0
16248	294243	487.0	277.0
16260	294243	516.0	286.0
16272	294243	552.0	296.0
16284	294243	599.0	311.0
16296	294243	667.0	331.0
16308	294243	766.0	361.0
16320	294243	926.0	410.0
16116	294250	345.84615384615387	234.53846153846155
16128	294250	351.0	236.0
16140	294250	356.0	236.0
16152	294250	360.0	239.0
16164	294250	367.0	243.0
16176	294250	371.0	243.0
16188	294250	379.0	245.0
16200	294250	384.0	247.0
16212	294250	392.0	250.0
16224	294250	402.0	252.0
16236	294250	413.0	255.0
16248	294250	426.0	259.0
16260	294250	440.0	263.0
16272	294250	456.0	268.0
16284	294250	476.0	274.0
16296	294250	501.0	282.0
16308	294250	531.0	292.0
16320	294250	571.0	305.0
16332	294250	627.0	322.0
16344	294250	706.0	348.0
16356	294250	829.0	386.0
16368	294250	988.0	452.0
16128	294258	283.0	229.0
16140	294258	284.89473684210526	229.6315789473684
16152	294258	286.125	230.125
16164	294258	287.0	231.0
16176	294258	288.57142857142856	232.57142857142858
16188	294258	290.8421052631579	234.42105263157896
16200	294258	293.0	235.0
16212	294258	293.2608695652174	234.8695652173913
16224	294258	294.30434782608694	234.34782608695653
16236	294258	296.6666666666667	234.66666666666666
16248	294258	301.0	236.0
16260	294258	303.0	239.0
16272	294258	306.0	240.0
16284	294258	310.0	241.0
16296	294258	314.0	243.0
16308	294258	320.0	245.0
16320	294258	325.0	246.0
16332	294258	330.0	248.0
16344	294258	339.0	250.0
16356	294258	345.0	252.0
16368	294258	355.0	257.0
16380	294258	366.0	261.0
16392	294258	377.0	265.0
16404	294258	390.0	270.0
16416	294258	405.0	277.0
16428	294258	423.0	284.0
16440	294258	444.0	293.0
16452	294258	473.0	305.0
16464	294258	510.0	321.0
16476	294258	560.0	344.0
16488	294258	637.0	378.0
16500	294258	763.0	435.0
16512	294258	976.0	540.0
16236	294291	313.0	244.0
16248	294291	314.0	246.0
16260	294291	317.0	247.0
16272	294291	320.0	250.0
16284	294291	325.0	252.0
16296	294291	329.0	255.0
16308	294291	333.0	258.0
16320	294291	338.0	262.0
16332	294291	345.0	266.0
16344	294291	352.0	271.0
16356	294291	361.0	277.0
16368	294291	371.0	284.0
16380	294291	384.0	292.0
16392	294291	399.0	303.0
16404	294291	421.0	316.0
16416	294291	449.0	335.0
16428	294291	489.0	360.0
16440	294291	548.0	399.0
16452	294291	647.0	462.0
16464	294291	815.0	542.0
16248	294296	333.0	226.0
16260	294296	335.6	226.6
16272	294296	339.0	229.0
16284	294296	342.0	229.0
16296	294296	345.0	230.0
16308	294296	350.0	232.0
16320	294296	355.0	232.0
16332	294296	360.0	233.0
16344	294296	366.0	234.0
16356	294296	373.0	236.0
16368	294296	379.0	237.0
16380	294296	388.0	240.0
16392	294296	397.0	242.0
16404	294296	406.0	245.0
16416	294296	419.0	248.0
16428	294296	433.0	250.0
16440	294296	451.0	255.0
16452	294296	470.0	259.0
16464	294296	495.0	265.0
16476	294296	527.0	273.0
16488	294296	569.0	283.0
16500	294296	625.0	298.0
16512	294296	708.0	318.0
16524	294296	839.0	350.0
16536	294296	1000.0	409.0
16272	294300	290.6666666666667	231.16666666666666
16284	294300	293.3333333333333	231.83333333333334
16296	294300	295.0	232.0
16308	294300	296.0	234.0
16320	294300	298.0	235.0
16332	294300	300.0	235.0
16344	294300	302.0	237.0
16356	294300	304.0	238.0
16368	294300	306.0	240.0
16380	294300	309.0	240.0
16392	294300	312.0	242.0
16404	294300	315.0	243.0
16416	294300	318.0	245.0
16428	294300	322.0	248.0
16440	294300	325.0	249.0
16452	294300	330.0	251.0
16464	294300	334.0	254.0
16476	294300	338.0	258.0
16488	294300	343.0	261.0
16500	294300	351.0	264.0
16512	294300	359.0	269.0
16524	294300	367.0	274.0
16536	294300	379.0	280.0
16548	294300	392.0	288.0
16560	294300	409.0	298.0
16572	294300	429.0	311.0
16584	294300	453.0	326.0
16596	294300	490.0	347.0
16608	294300	543.0	380.0
16620	294300	630.0	431.0
16632	294300	787.0	529.0
16644	294300	933.0	540.0
16296	294311	323.4516129032258	227.1290322580645
16308	294311	326.16129032258067	227.90322580645162
16320	294311	328.8709677419355	228.67741935483872
16332	294311	331.5806451612903	229.4516129032258
16344	294311	334.2903225806452	230.2258064516129
16356	294311	337.0	231.0
16368	294311	339.0	232.0
16380	294311	344.0	235.0
16392	294311	346.0	236.0
16404	294311	351.0	236.0
16416	294311	356.0	238.0
16428	294311	361.0	239.0
16440	294311	367.0	241.0
16452	294311	373.0	243.0
16464	294311	380.0	245.0
16476	294311	388.0	248.0
16488	294311	397.0	250.0
16500	294311	406.0	252.0
16512	294311	419.0	256.0
16524	294311	433.0	261.0
16536	294311	449.0	265.0
16548	294311	469.0	271.0
16560	294311	493.0	278.0
16572	294311	524.0	288.0
16584	294311	565.0	300.0
16596	294311	621.0	317.0
16608	294311	703.0	342.0
16620	294311	831.0	380.0
16632	294311	997.0	451.0
16356	294335	287.0	230.0
16368	294335	286.0	230.0
16380	294335	288.0	232.0
16392	294335	291.0	232.0
16404	294335	292.0	233.0
16416	294335	293.0	234.0
16428	294335	294.0	235.0
16440	294335	296.0	237.0
16452	294335	298.0	238.0
16464	294335	301.0	239.0
16476	294335	303.0	241.0
16488	294335	305.0	243.0
16500	294335	310.0	244.0
16512	294335	311.0	246.0
16524	294335	315.0	248.0
16536	294335	320.0	250.0
16548	294335	323.0	253.0
16560	294335	329.0	256.0
16572	294335	336.0	260.0
16584	294335	343.0	265.0
16596	294335	354.0	270.0
16608	294335	364.0	276.0
16620	294335	377.0	284.0
16632	294335	392.0	293.0
16644	294335	412.0	305.0
16656	294335	438.0	320.0
16668	294335	474.0	343.0
16680	294335	525.0	375.0
16692	294335	610.0	428.0
16704	294335	768.0	528.0
16716	294335	935.0	540.0
16380	294339	321.0	226.0
16392	294339	323.0	227.0
16404	294339	324.0	229.0
16416	294339	327.0	228.0
16428	294339	330.0	230.0
16440	294339	333.0	230.0
16452	294339	336.2857142857143	232.71428571428572
16464	294339	338.0	232.0
16476	294339	342.0	234.0
16488	294339	347.0	234.0
16500	294339	349.0	234.0
16512	294339	355.0	236.0
16524	294339	359.0	238.0
16536	294339	366.0	239.0
16548	294339	372.0	242.0
16560	294339	379.0	244.0
16572	294339	387.0	246.0
16584	294339	395.0	249.0
16596	294339	405.0	251.0
16608	294339	418.0	255.0
16620	294339	431.0	258.0
16632	294339	447.0	264.0
16644	294339	467.0	269.0
16656	294339	491.0	276.0
16668	294339	523.0	285.0
16680	294339	562.0	297.0
16692	294339	617.0	313.0
16704	294339	697.0	336.0
16716	294339	819.0	372.0
16728	294339	989.0	437.0
16404	294349	360.0	228.0
16416	294349	365.0	230.0
16428	294349	370.0	230.0
16440	294349	376.0	232.0
16452	294349	383.0	233.0
16464	294349	390.0	235.0
16476	294349	397.0	237.0
16488	294349	404.0	238.0
16500	294349	416.0	241.0
16512	294349	425.0	242.0
16524	294349	437.0	246.0
16536	294349	451.0	248.0
16548	294349	468.0	250.0
16560	294349	490.0	255.0
16572	294349	513.0	258.0
16584	294349	548.0	263.0
16596	294349	587.0	271.0
16608	294349	641.0	283.0
16620	294349	717.0	299.0
16632	294349	823.0	322.0
16644	294349	972.0	355.0
16584	294423	331.7894736842105	238.8421052631579
16596	294423	329.2631578947368	236.94736842105263
16608	294423	329.0	237.0
16620	294423	331.0	240.0
16632	294423	335.0	241.0
16644	294423	339.0	243.0
16656	294423	344.0	244.0
16668	294423	349.0	246.0
16680	294423	352.0	248.0
16692	294423	359.0	250.0
16704	294423	366.0	253.0
16716	294423	372.0	255.0
16728	294423	381.0	258.0
16740	294423	391.0	263.0
16752	294423	401.0	267.0
16764	294423	414.0	272.0
16776	294423	429.0	278.0
16788	294423	447.0	286.0
16800	294423	469.0	294.0
16812	294423	496.0	305.0
16824	294423	531.0	319.0
16836	294423	579.0	340.0
16848	294423	646.0	368.0
16860	294423	752.0	412.0
16872	294423	933.0	488.0
16884	294423	999.0	540.0
16632	294446	319.25	233.25
16644	294446	322.0	235.0
16656	294446	325.0	236.0
16668	294446	327.0	237.0
16680	294446	330.0	238.0
16692	294446	334.0	240.0
16704	294446	337.0	241.0
16716	294446	341.0	243.0
16728	294446	345.0	244.0
16740	294446	350.0	247.0
16752	294446	355.0	249.0
16764	294446	361.0	251.0
16776	294446	366.0	253.0
16788	294446	375.0	256.0
16800	294446	383.0	260.0
16812	294446	391.0	264.0
16824	294446	403.0	268.0
16836	294446	416.0	274.0
16848	294446	430.0	280.0
16860	294446	449.0	287.0
16872	294446	472.0	297.0
16884	294446	500.0	309.0
16896	294446	538.0	325.0
16908	294446	592.0	348.0
16920	294446	668.0	379.0
16932	294446	792.0	432.0
16944	294446	984.0	532.0
16644	294455	283.0	226.0
16656	294455	284.0	227.0
16668	294455	285.0	228.0
16680	294455	285.3333333333333	228.0
16692	294455	286.0	229.0
16704	294455	287.3	229.3
16716	294455	288.63157894736844	230.42105263157896
16728	294455	290.5263157894737	231.68421052631578
16740	294455	292.45454545454544	232.72727272727272
16752	294455	293.5882352941176	233.0
16764	294455	295.0	233.0
16776	294455	296.0	236.0
16788	294455	299.0	237.0
16800	294455	298.0	237.0
16812	294455	301.6666666666667	238.83333333333334
16824	294455	304.0	240.0
16836	294455	306.0	241.0
16848	294455	308.0	243.0
16860	294455	311.0	244.0
16872	294455	313.0	246.0
16884	294455	317.0	248.0
16896	294455	321.0	250.0
16908	294455	325.0	253.0
16920	294455	331.0	256.0
16932	294455	337.0	260.0
16944	294455	344.0	264.0
16956	294455	352.0	269.0
16968	294455	363.0	275.0
16980	294455	375.0	283.0
16992	294455	391.0	292.0
17004	294455	410.0	304.0
17016	294455	436.0	319.0
17028	294455	471.0	342.0
17040	294455	525.0	376.0
17052	294455	615.0	434.0
17064	294455	792.0	540.0
16692	294473	312.0	224.0
16704	294473	314.18518518518516	225.07407407407408
16716	294473	316.4074074074074	225.96296296296296
16728	294473	318.6296296296296	226.85185185185185
16740	294473	319.0	227.0
16752	294473	320.75	227.75
16764	294473	322.2857142857143	228.14285714285714
16776	294473	326.0	230.0
16788	294473	327.0	230.0
16800	294473	331.0	231.0
16812	294473	334.0	232.0
16824	294473	338.0	233.0
16836	294473	340.0	234.0
16848	294473	344.0	236.0
16860	294473	348.0	236.0
16872	294473	353.0	237.0
16884	294473	358.0	239.0
16896	294473	364.0	241.0
16908	294473	371.0	243.0
16920	294473	380.0	245.0
16932	294473	388.0	248.0
16944	294473	398.0	251.0
16956	294473	410.0	254.0
16968	294473	425.0	259.0
16980	294473	442.0	264.0
16992	294473	463.0	270.0
17004	294473	489.0	278.0
17016	294473	523.0	288.0
17028	294473	569.0	302.0
17040	294473	634.0	322.0
17052	294473	734.0	353.0
17064	294473	900.0	402.0
16908	294545	294.0	233.0
16920	294545	295.3333333333333	232.0
16932	294545	296.0	234.0
16944	294545	297.0	235.0
16956	294545	301.0	236.0
16968	294545	302.0	237.0
16980	294545	304.0	237.0
16992	294545	306.0	238.0
17004	294545	308.0	240.0
17016	294545	311.0	242.0
17028	294545	313.0	243.0
17040	294545	317.0	245.0
17052	294545	320.0	247.0
17064	294545	324.0	249.0
17076	294545	328.0	251.0
17088	294545	332.0	253.0
17100	294545	337.0	256.0
17112	294545	345.0	260.0
17124	294545	351.0	264.0
17136	294545	361.0	268.0
17148	294545	372.0	274.0
17160	294545	385.0	280.0
17172	294545	401.0	289.0
17184	294545	421.0	300.0
17196	294545	446.0	314.0
17208	294545	481.0	333.0
17220	294545	530.0	359.0
17232	294545	604.0	399.0
17244	294545	737.0	468.0
17256	294545	942.0	541.0
16968	294560	323.0	223.0
16980	294560	324.0	224.0
16992	294560	326.75	225.0
17004	294560	329.75	225.0
17016	294560	331.0	224.0
17028	294560	334.0	227.0
17040	294560	337.0	227.0
17052	294560	339.0	228.0
17064	294560	343.0	228.0
17076	294560	346.0	230.0
17088	294560	350.0	231.0
17100	294560	354.0	232.0
17112	294560	359.0	232.0
17124	294560	364.0	233.0
17136	294560	370.0	235.0
17148	294560	375.0	236.0
17160	294560	383.0	238.0
17172	294560	390.0	240.0
17184	294560	400.0	244.0
17196	294560	410.0	246.0
17208	294560	421.0	250.0
17220	294560	436.0	253.0
17232	294560	451.0	256.0
17244	294560	471.0	260.0
17256	294560	494.0	266.0
17268	294560	523.0	273.0
17280	294560	560.0	281.0
17292	294560	610.0	293.0
17304	294560	680.0	309.0
17316	294560	784.0	334.0
17328	294560	953.0	373.0
17004	294564	353.0	227.0
17016	294564	355.0	227.0
17028	294564	360.0	228.0
17040	294564	364.0	229.0
17052	294564	369.0	231.0
17064	294564	375.0	232.0
17076	294564	380.0	233.0
17088	294564	387.0	234.0
17100	294564	393.0	235.0
17112	294564	400.0	238.0
17124	294564	409.0	238.0
17136	294564	419.0	241.0
17148	294564	430.0	243.0
17160	294564	441.0	245.0
17172	294564	457.0	250.0
17184	294564	473.0	253.0
17196	294564	493.0	257.0
17208	294564	517.0	263.0
17220	294564	546.0	269.0
17232	294564	583.0	276.0
17244	294564	633.0	285.0
17256	294564	698.0	298.0
17268	294564	790.0	316.0
17280	294564	933.0	344.0
17016	294569	282.0	228.0
17028	294569	282.8181818181818	228.0
17040	294569	284.0	228.0
17052	294569	286.0	229.0
17064	294569	285.0	228.0
17076	294569	287.0	230.0
17088	294569	290.0	231.0
17100	294569	291.0	232.0
17112	294569	292.0	232.0
17124	294569	295.0	233.0
17136	294569	297.0	234.0
17148	294569	299.0	235.0
17160	294569	301.0	236.0
17172	294569	306.0	237.0
17184	294569	309.0	240.0
17196	294569	313.0	241.0
17208	294569	318.6666666666667	243.0
17220	294569	322.0	245.0
17232	294569	329.0	246.0
17244	294569	334.0	247.0
17256	294569	340.0	249.0
17268	294569	345.0	252.0
17280	294569	352.0	253.0
17292	294569	359.0	256.0
17304	294569	367.0	259.0
17316	294569	377.0	263.0
17328	294569	389.0	268.0
17340	294569	400.0	272.0
17352	294569	416.0	278.0
17364	294569	434.0	286.0
17376	294569	457.0	295.0
17388	294569	487.0	307.0
17400	294569	525.0	323.0
17412	294569	580.0	347.0
17424	294569	663.0	384.0
17436	294569	804.0	445.0
17448	294569	987.0	543.0
17052	294573	321.0	227.0
17064	294573	321.9032258064516	227.38709677419354
17076	294573	324.61290322580646	228.5483870967742
17088	294573	327.3225806451613	229.70967741935485
17100	294573	330.0	231.0
17112	294573	332.8421052631579	231.31578947368422
17124	294573	335.6842105263158	231.6315789473684
17136	294573	338.5263157894737	231.94736842105263
17148	294573	342.27272727272725	232.0
17160	294573	346.22222222222223	233.0
17172	294573	351.0	235.0
17184	294573	356.0	237.0
17196	294573	362.0	240.0
17208	294573	369.0	245.0
17220	294573	375.0	247.0
17232	294573	384.0	250.0
17244	294573	395.0	254.0
17256	294573	405.0	256.0
17268	294573	419.0	260.0
17280	294573	434.0	264.0
17292	294573	453.0	270.0
17304	294573	476.0	277.0
17316	294573	505.0	286.0
17328	294573	542.0	297.0
17340	294573	593.0	312.0
17352	294573	666.0	335.0
17364	294573	778.0	369.0
17376	294573	961.0	429.0
17220	294602	344.0	229.0
17232	294602	346.0	227.0
17244	294602	350.0	229.0
17256	294602	354.0	230.0
17268	294602	357.0	230.0
17280	294602	361.0	231.0
17292	294602	367.0	231.0
17304	294602	370.0	233.0
17316	294602	377.0	233.0
17328	294602	382.0	234.0
17340	294602	388.0	235.0
17352	294602	395.0	237.0
17364	294602	402.0	238.0
17376	294602	412.0	240.0
17388	294602	421.0	242.0
17400	294602	433.0	244.0
17412	294602	446.0	247.0
17424	294602	461.0	249.0
17436	294602	480.0	253.0
17448	294602	501.0	257.0
17460	294602	528.0	263.0
17472	294602	560.0	270.0
17484	294602	603.0	278.0
17496	294602	658.0	286.0
17508	294602	730.0	293.0
17520	294602	853.0	317.0
17532	294602	990.0	356.0
17340	294656	315.0	226.0
17352	294656	317.0	227.0
17364	294656	319.0	228.0
17376	294656	324.0	228.0
17388	294656	327.0	230.0
17400	294656	329.0	230.0
17412	294656	332.0	232.0
17424	294656	336.0	233.0
17436	294656	340.0	234.0
17448	294656	345.0	236.0
17460	294656	350.0	237.0
17472	294656	357.0	239.0
17484	294656	363.0	239.0
17496	294656	370.0	243.0
17508	294656	378.0	245.0
17520	294656	387.0	248.0
17532	294656	400.0	251.0
17544	294656	413.0	256.0
17556	294656	429.0	260.0
17568	294656	449.0	266.0
17580	294656	475.0	274.0
17592	294656	507.0	284.0
17604	294656	550.0	298.0
17616	294656	614.0	318.0
17628	294656	709.0	347.0
17640	294656	872.0	397.0
17352	294664	296.0	224.0
17364	294664	296.7692307692308	224.0
17376	294664	297.22222222222223	225.0
17388	294664	299.0	224.0
17400	294664	303.0	225.0
17412	294664	304.0	226.0
17424	294664	306.3333333333333	226.0
17436	294664	302.0	227.0
17448	294664	304.0	229.0
17460	294664	304.0	229.0
17472	294664	306.0	229.0
17484	294664	309.0	230.0
17496	294664	310.0	231.0
17508	294664	313.0	231.0
17520	294664	315.0	232.0
17532	294664	318.0	233.0
17544	294664	320.0	235.0
17556	294664	323.0	235.0
17568	294664	327.0	237.0
17580	294664	330.0	239.0
17592	294664	336.0	241.0
17604	294664	340.0	243.0
17616	294664	344.0	245.0
17628	294664	353.0	247.0
17640	294664	358.0	250.0
17652	294664	367.0	254.0
17664	294664	376.0	258.0
17676	294664	386.0	263.0
17688	294664	400.0	269.0
17700	294664	415.0	275.0
17712	294664	436.0	284.0
17724	294664	462.0	295.0
17736	294664	499.0	310.0
17748	294664	550.0	332.0
17760	294664	630.0	366.0
17772	294664	774.0	427.0
17784	294664	993.0	542.0
17364	294665	339.0	234.0
17376	294665	343.0	236.0
17388	294665	349.0	237.0
17400	294665	355.0	239.0
17412	294665	360.0	240.0
17424	294665	366.0	241.0
17436	294665	373.0	244.0
17448	294665	382.0	246.0
17460	294665	390.0	249.0
17472	294665	401.0	252.0
17484	294665	415.0	256.0
17496	294665	428.0	260.0
17508	294665	446.0	265.0
17520	294665	469.0	272.0
17532	294665	495.0	281.0
17544	294665	530.0	292.0
17556	294665	578.0	306.0
17568	294665	647.0	328.0
17580	294665	755.0	362.0
17592	294665	942.0	420.0
17472	294705	318.0	226.0
17484	294705	321.0	228.0
17496	294705	323.0	228.0
17508	294705	326.0	229.0
17520	294705	329.0	229.0
17532	294705	334.0	231.0
17544	294705	338.0	233.0
17556	294705	340.0	234.0
17568	294705	345.0	234.0
17580	294705	349.0	236.0
17592	294705	354.0	237.0
17604	294705	359.0	238.0
17616	294705	365.0	241.0
17628	294705	372.0	243.0
17640	294705	380.0	245.0
17652	294705	389.0	248.0
17664	294705	400.0	251.0
17676	294705	411.0	255.0
17688	294705	425.0	259.0
17700	294705	443.0	265.0
17712	294705	465.0	271.0
17724	294705	490.0	279.0
17736	294705	526.0	289.0
17748	294705	572.0	303.0
17760	294705	638.0	323.0
17772	294705	744.0	354.0
17784	294705	908.0	379.0
17616	294764	327.0	226.0
17628	294764	329.0	226.0
17640	294764	332.0	227.0
17652	294764	334.0	228.0
17664	294764	337.0	229.0
17676	294764	342.0	230.0
17688	294764	344.0	231.0
17700	294764	347.0	232.0
17712	294764	353.0	234.0
17724	294764	357.0	235.0
17736	294764	363.0	236.0
17748	294764	369.0	238.0
17760	294764	374.0	239.0
17772	294764	382.0	241.0
17784	294764	389.0	243.0
17796	294764	399.0	245.0
17808	294764	409.0	247.0
17820	294764	421.0	250.0
17832	294764	436.0	253.0
17844	294764	453.0	257.0
17856	294764	474.0	262.0
17868	294764	499.0	268.0
17880	294764	532.0	276.0
17892	294764	577.0	287.0
17904	294764	637.0	301.0
17916	294764	726.0	323.0
17928	294764	868.0	358.0
17820	294820	327.0	229.0
17832	294820	329.0	230.0
17844	294820	332.0	231.0
17856	294820	334.0	231.0
17868	294820	337.0	233.0
17880	294820	340.0	233.66666666666666
17892	294820	344.0	235.0
17904	294820	347.0	236.0
17916	294820	352.0	237.0
17928	294820	358.0	239.0
17940	294820	363.0	239.0
17952	294820	370.0	243.0
17964	294820	378.0	245.0
17976	294820	385.0	248.0
17988	294820	398.0	251.0
18000	294820	412.0	255.0
18012	294820	426.0	259.0
18024	294820	445.0	265.0
18036	294820	470.0	273.0
18048	294820	502.0	282.0
18060	294820	544.0	296.0
18072	294820	607.0	316.0
18084	294820	706.0	346.0
18096	294820	884.0	401.0
17904	294841	319.0	229.0
17916	294841	320.0	229.0
17928	294841	323.0	230.0
17940	294841	325.875	230.0
17952	294841	328.0	231.0
17964	294841	331.0	231.0
17976	294841	333.6666666666667	232.0
17988	294841	339.0	234.0
18000	294841	342.0	235.0
18012	294841	345.0	236.0
18024	294841	350.0	237.0
18036	294841	355.0	238.0
18048	294841	361.0	240.0
18060	294841	367.0	241.0
18072	294841	373.0	244.0
18084	294841	381.0	246.0
18096	294841	389.0	249.0
18108	294841	398.0	250.0
18120	294841	411.0	255.0
18132	294841	424.0	259.0
18144	294841	440.0	262.0
18156	294841	461.0	268.0
18168	294841	485.0	277.0
18180	294841	516.0	287.0
18192	294841	557.0	299.0
18204	294841	613.0	317.0
18216	294841	697.0	342.0
18228	294841	834.0	384.0
18240	294841	1001.0	459.0
17952	294855	316.0	235.0
17964	294855	318.0	236.0
17976	294855	320.0	237.0
17988	294855	322.0	237.0
18000	294855	329.0	238.0
18012	294855	331.0	240.0
18024	294855	335.0	243.0
18036	294855	341.0	244.0
18048	294855	346.0	247.0
18060	294855	353.0	249.0
18072	294855	360.0	252.0
18084	294855	370.0	255.0
18096	294855	378.0	259.0
18108	294855	391.0	264.0
18120	294855	405.0	270.0
18132	294855	422.0	277.0
18144	294855	445.0	287.0
18156	294855	473.0	299.0
18168	294855	512.0	316.0
18180	294855	568.0	340.0
18192	294855	657.0	377.0
18204	294855	820.0	448.0
18216	294855	992.0	543.0
18024	294886	313.0	233.0
18036	294886	318.0	234.0
18048	294886	319.0	235.0
18060	294886	322.0	236.0
18072	294886	325.0	237.0
18084	294886	328.0	239.0
18096	294886	332.0	240.0
18108	294886	336.0	242.0
18120	294886	342.0	244.0
18132	294886	346.0	247.0
18144	294886	353.0	249.0
18156	294886	359.0	251.0
18168	294886	368.0	255.0
18180	294886	377.0	258.0
18192	294886	387.0	262.0
18204	294886	401.0	267.0
18216	294886	417.0	274.0
18228	294886	435.0	282.0
18240	294886	458.0	291.0
18252	294886	490.0	304.0
18264	294886	534.0	323.0
18276	294886	597.0	349.0
18288	294886	699.0	390.0
18300	294886	885.0	469.0
18312	294886	996.0	542.0
18084	294927	307.25	232.25
18096	294927	310.0	235.0
18108	294927	311.0	235.0
18120	294927	312.0	236.0
18132	294927	314.0	237.0
18144	294927	316.0	239.0
18156	294927	318.0	240.0
18168	294927	320.0	242.0
18180	294927	323.0	245.0
18192	294927	325.0	246.0
18204	294927	329.0	249.0
18216	294927	333.0	251.0
18228	294927	338.0	255.0
18240	294927	344.0	258.0
18252	294927	351.0	262.0
18264	294927	360.0	268.0
18276	294927	371.0	275.0
18288	294927	384.0	281.0
18300	294927	401.0	292.0
18312	294927	424.0	305.0
18324	294927	457.0	326.0
18336	294927	506.0	354.0
18348	294927	586.0	403.0
18360	294927	748.0	503.0
18372	294927	931.0	540.0
18180	294973	362.0	230.0
18192	294973	367.0	230.0
18204	294973	372.0	232.66666666666666
18216	294973	376.0	234.0
18228	294973	382.0	236.0
18240	294973	388.0	235.0
18252	294973	396.0	237.0
18264	294973	404.0	239.0
18276	294973	413.0	242.0
18288	294973	423.0	243.0
18300	294973	433.0	245.0
18312	294973	445.0	248.0
18324	294973	460.0	250.0
18336	294973	477.0	254.0
18348	294973	498.0	258.0
18360	294973	524.0	264.0
18372	294973	553.0	269.0
18384	294973	592.0	278.0
18396	294973	643.0	289.0
18408	294973	712.0	302.0
18420	294973	811.0	323.0
18432	294973	957.0	353.0
18192	294977	308.57142857142856	231.0
18204	294977	310.0	232.0
18216	294977	315.0	233.0
18228	294977	314.0	234.0
18240	294977	319.0	233.0
18252	294977	322.0	235.0
18264	294977	325.0	237.0
18276	294977	327.0	239.0
18288	294977	333.0	240.0
18300	294977	337.0	242.0
18312	294977	342.0	243.0
18324	294977	349.0	246.0
18336	294977	355.0	248.0
18348	294977	363.0	251.0
18360	294977	372.0	255.0
18372	294977	384.0	259.0
18384	294977	396.0	264.0
18396	294977	411.0	270.0
18408	294977	430.0	277.0
18420	294977	453.0	287.0
18432	294977	485.0	299.0
18444	294977	529.0	317.0
18456	294977	593.0	343.0
18468	294977	699.0	386.0
18480	294977	903.0	467.0
18192	294979	350.0	227.0
18204	294979	352.0	227.0
18216	294979	356.0	229.0
18228	294979	361.0	230.0
18240	294979	364.0	230.0
18252	294979	370.0	232.0
18264	294979	374.0	233.0
18276	294979	379.0	234.0
18288	294979	386.0	235.0
18300	294979	393.0	235.0
18312	294979	400.0	237.0
18324	294979	409.0	239.0
18336	294979	419.0	241.0
18348	294979	429.0	243.0
18360	294979	441.0	246.0
18372	294979	455.0	248.0
18384	294979	470.0	251.0
18396	294979	491.0	255.0
18408	294979	513.0	259.0
18420	294979	541.0	265.0
18432	294979	577.0	272.0
18444	294979	620.0	281.0
18456	294979	680.0	292.0
18468	294979	764.0	309.0
18480	294979	885.0	333.0
18492	294979	992.0	364.0
18240	294993	296.0	227.0
18252	294993	297.0	227.0
18264	294993	298.0	228.0
18276	294993	299.5	228.0
18288	294993	300.0	228.0
18300	294993	304.0	230.0
18312	294993	305.0	230.0
18324	294993	308.0	232.0
18336	294993	309.0	232.0
18348	294993	313.0	232.0
18360	294993	314.0	235.0
18372	294993	317.0	237.0
18384	294993	322.0	237.0
18396	294993	325.0	239.0
18408	294993	329.0	241.0
18420	294993	334.0	243.0
18432	294993	339.0	246.0
18444	294993	344.0	249.0
18456	294993	353.0	251.0
18468	294993	361.0	255.0
18480	294993	370.0	259.0
18492	294993	384.0	265.0
18504	294993	398.0	272.0
18516	294993	418.0	281.0
18528	294993	443.0	292.0
18540	294993	479.0	310.0
18552	294993	531.0	333.0
18564	294993	617.0	373.0
18576	294993	782.0	451.0
18588	294993	977.0	542.0
18396	295028	347.6	230.0
18408	295028	352.0	232.0
18420	295028	357.0	234.0
18432	295028	361.0	234.0
18444	295028	367.0	235.0
18456	295028	373.0	237.0
18468	295028	380.0	238.0
18480	295028	388.0	241.0
18492	295028	398.0	243.0
18504	295028	408.0	246.0
18516	295028	420.0	249.0
18528	295028	435.0	252.0
18540	295028	451.0	256.0
18552	295028	471.0	261.0
18564	295028	495.0	267.0
18576	295028	527.0	274.0
18588	295028	568.0	284.0
18600	295028	625.0	298.0
18612	295028	710.0	319.0
18624	295028	833.0	349.0
18636	295028	996.0	406.0
18432	295036	301.0	228.0
18444	295036	302.94594594594594	228.97297297297297
18456	295036	304.8918918918919	229.94594594594594
18468	295036	306.8378378378378	230.9189189189189
18480	295036	308.1111111111111	232.0
18492	295036	309.0	233.0
18504	295036	314.0	234.0
18516	295036	316.0	236.0
18528	295036	319.0	237.0
18540	295036	322.0	238.0
18552	295036	327.0	240.0
18564	295036	331.0	242.0
18576	295036	336.0	244.0
18588	295036	342.0	246.0
18600	295036	351.0	249.0
18612	295036	358.0	252.0
18624	295036	368.0	256.0
18636	295036	379.0	260.0
18648	295036	393.0	267.0
18660	295036	409.0	273.0
18672	295036	432.0	282.0
18684	295036	460.0	294.0
18696	295036	498.0	311.0
18708	295036	557.0	337.0
18720	295036	654.0	379.0
18732	295036	847.0	463.0
18744	295036	995.0	542.0
18456	295042	345.0	227.0
18468	295042	347.0	227.0
18480	295042	350.0	228.0
18492	295042	355.0	229.0
18504	295042	358.0	230.0
18516	295042	362.0	232.0
18528	295042	367.0	232.0
18540	295042	373.0	233.0
18552	295042	378.0	234.0
18564	295042	385.0	236.0
18576	295042	392.0	237.0
18588	295042	400.0	239.0
18600	295042	408.0	240.0
18612	295042	418.0	243.0
18624	295042	431.0	245.0
18636	295042	443.0	248.0
18648	295042	458.0	250.0
18660	295042	476.0	254.0
18672	295042	498.0	259.0
18684	295042	523.0	264.0
18696	295042	556.0	271.0
18708	295042	598.0	280.0
18720	295042	653.0	291.0
18732	295042	730.0	306.0
18744	295042	842.0	328.0
18756	295042	984.0	367.0
18480	295052	329.0	231.0
18492	295052	332.0	232.0
18504	295052	334.3333333333333	233.44444444444446
18516	295052	338.0	234.0
18528	295052	341.0	236.0
18540	295052	344.0	235.0
18552	295052	349.0	237.0
18564	295052	354.0	238.0
18576	295052	359.0	240.0
18588	295052	364.0	242.0
18600	295052	371.0	243.0
18612	295052	378.0	246.0
18624	295052	387.0	248.0
18636	295052	395.0	251.0
18648	295052	406.0	254.0
18660	295052	418.0	258.0
18672	295052	433.0	263.0
18684	295052	446.0	263.0
18696	295052	470.0	272.0
18708	295052	496.0	281.0
18720	295052	529.0	292.0
18732	295052	572.0	305.0
18744	295052	634.0	326.0
18756	295052	725.0	355.0
18768	295052	875.0	403.0
18780	295052	1003.0	469.0
18540	295066	300.0	228.0
18552	295066	301.0	228.0
18564	295066	302.57142857142856	228.1904761904762
18576	295066	304.2857142857143	228.76190476190476
18588	295066	306.6666666666667	229.83333333333334
18600	295066	308.0	231.0
18612	295066	310.0	233.0
18624	295066	312.0	232.0
18636	295066	314.0	234.0
18648	295066	316.0	235.0
18660	295066	319.0	236.0
18672	295066	322.0	237.0
18684	295066	326.0	238.0
18696	295066	330.0	240.0
18708	295066	335.0	241.0
18720	295066	340.0	244.0
18732	295066	344.0	246.0
18744	295066	350.0	249.0
18756	295066	358.0	250.0
18768	295066	365.0	253.0
18780	295066	374.0	257.0
18792	295066	384.0	262.0
18804	295066	397.0	267.0
18816	295066	412.0	272.0
18828	295066	430.0	280.0
18840	295066	454.0	290.0
18852	295066	484.0	303.0
18864	295066	525.0	321.0
18876	295066	587.0	347.0
18888	295066	687.0	390.0
18900	295066	871.0	469.0
18912	295066	995.0	540.0
18612	295091	336.0	235.0
18624	295091	341.8	236.0
18636	295091	345.0	237.0
18648	295091	351.0	238.0
18660	295091	356.0	240.0
18672	295091	363.0	241.0
18684	295091	368.0	244.0
18696	295091	377.0	245.0
18708	295091	384.0	249.0
18720	295091	392.0	250.0
18732	295091	406.0	255.0
18744	295091	419.0	258.0
18756	295091	434.0	263.0
18768	295091	454.0	268.0
18780	295091	478.0	276.0
18792	295091	508.0	285.0
18804	295091	548.0	297.0
18816	295091	601.0	314.0
18828	295091	681.0	338.0
18840	295091	809.0	377.0
18852	295091	990.0	450.0
18648	295094	336.0	234.0
18660	295094	340.0	236.0
18672	295094	346.0	236.0
18684	295094	351.0	238.0
18696	295094	356.0	239.0
18708	295094	361.0	240.0
18720	295094	368.0	243.0
18732	295094	373.0	244.0
18744	295094	383.0	248.0
18756	295094	391.0	250.0
18768	295094	403.0	253.0
18780	295094	415.0	256.0
18792	295094	429.0	261.0
18804	295094	448.0	267.0
18816	295094	470.0	274.0
18828	295094	497.0	281.0
18840	295094	534.0	293.0
18852	295094	583.0	308.0
18864	295094	654.0	330.0
18876	295094	766.0	365.0
18888	295094	957.0	425.0
18696	295117	310.0	231.0
18708	295117	313.0	232.0
18720	295117	315.0	232.0
18732	295117	319.0	234.0
18744	295117	321.0	235.0
18756	295117	325.0	236.0
18768	295117	327.0	237.0
18780	295117	332.0	239.0
18792	295117	336.0	240.0
18804	295117	342.0	242.0
18816	295117	348.0	244.0
18828	295117	354.0	247.0
18840	295117	361.0	249.0
18852	295117	369.0	253.0
18864	295117	379.0	256.0
18876	295117	390.0	261.0
18888	295117	403.0	266.0
18900	295117	420.0	272.0
18912	295117	440.0	281.0
18924	295117	467.0	292.0
18936	295117	502.0	306.0
18948	295117	551.0	326.0
18960	295117	627.0	357.0
18972	295117	759.0	412.0
18984	295117	987.0	526.0
18768	295140	351.0	227.0
18780	295140	353.0	228.0
18792	295140	358.0	229.0
18804	295140	362.0	229.0
18816	295140	368.0	231.0
18828	295140	373.0	233.0
18840	295140	377.0	233.0
18852	295140	385.0	234.0
18864	295140	391.0	236.0
18876	295140	398.0	237.0
18888	295140	405.0	239.0
18900	295140	415.0	240.0
18912	295140	429.0	243.0
18924	295140	438.0	245.0
18936	295140	455.0	248.0
18948	295140	470.0	251.0
18960	295140	490.0	255.0
18972	295140	514.0	260.0
18984	295140	542.0	266.0
18996	295140	580.0	273.0
19008	295140	629.0	284.0
19020	295140	695.0	296.0
19032	295140	790.0	316.0
19044	295140	937.0	345.0
18804	295147	45.0	211.0
18816	295147	46.0	211.0
18828	295147	45.0	211.0
18840	295147	44.0	211.0
18852	295147	45.0	211.0
18864	295147	45.0	212.0
18876	295147	45.0	212.0
18888	295147	45.0	211.0
18900	295147	45.833333333333336	211.0
18912	295147	44.0	211.0
18924	295147	44.0	211.0
18936	295147	43.77142857142857	211.0
18948	295147	43.42857142857143	211.0
18960	295147	43.08571428571429	211.0
18972	295147	43.45	211.0
18984	295147	44.05	211.0
18996	295147	44.65	211.0
19008	295147	45.0	211.0
19020	295147	46.0	212.0
19032	295147	45.0	211.0
19044	295147	45.0	211.0
19056	295147	45.0	211.0
19068	295147	45.0	211.0
19080	295147	45.0	211.0
19092	295147	45.0	211.0
19104	295147	45.25	211.0
19116	295147	47.0	211.0
19128	295147	45.0	211.0
19140	295147	44.275862068965516	211.0
19152	295147	44.689655172413794	211.0
19164	295147	45.0	211.0
19176	295147	45.0	211.0
19188	295147	45.0	211.1764705882353
19200	295147	45.0	211.52941176470588
19212	295147	45.0	211.88235294117646
19224	295147	45.0	211.0
19236	295147	45.0	211.0
19248	295147	45.0	211.0
19260	295147	45.0	211.0
19272	295147	46.0	212.0
19284	295147	46.0	212.0
19296	295147	44.0	211.0
19308	295147	45.333333333333336	211.0
19320	295147	46.0	211.0
19332	295147	44.666666666666664	211.0
19344	295147	44.095238095238095	211.0
19356	295147	45.0	212.0
18804	295149	289.19354838709677	222.03225806451613
18816	295149	290.35483870967744	222.2258064516129
18828	295149	291.51612903225805	222.41935483870967
18840	295149	292.6774193548387	222.61290322580646
18852	295149	293.83870967741933	222.80645161290323
18864	295149	295.0	223.0
18876	295149	295.0	224.0
18888	295149	295.0	223.0
18900	295149	297.0	225.0
18912	295149	299.0	225.0
18924	295149	300.0	226.0
18936	295149	301.0	226.0
18948	295149	302.0	227.0
18960	295149	303.0	226.0
18972	295149	305.75	227.75
18984	295149	308.0	228.0
18996	295149	309.0	229.0
19008	295149	311.0	229.0
19020	295149	313.0	230.0
19032	295149	316.0	231.0
19044	295149	318.0	232.0
19056	295149	320.0	233.0
19068	295149	324.0	235.0
19080	295149	326.0	235.0
19092	295149	331.0	237.0
19104	295149	335.0	238.0
19116	295149	340.0	240.0
19128	295149	344.0	242.0
19140	295149	350.0	244.0
19152	295149	356.0	246.0
19164	295149	364.0	250.0
19176	295149	371.0	253.0
19188	295149	381.0	256.0
19200	295149	392.0	261.0
19212	295149	405.0	267.0
19224	295149	422.0	274.0
19236	295149	443.0	281.0
19248	295149	470.0	292.0
19260	295149	507.0	308.0
19272	295149	560.0	329.0
19284	295149	643.0	362.0
19296	295149	789.0	419.0
19308	295149	1003.0	540.0
18852	295171	308.0	223.0
18864	295171	309.0	224.0
18876	295171	310.0	224.0
18888	295171	312.0	225.0
18900	295171	314.0	225.0
18912	295171	316.0	225.0
18924	295171	319.0	226.0
18936	295171	320.0	227.0
18948	295171	322.0	228.0
18960	295171	324.0	228.0
18972	295171	326.0	230.0
18984	295171	330.0	230.0
18996	295171	332.0	232.0
19008	295171	336.0	232.0
19020	295171	339.0	233.0
19032	295171	343.0	234.0
19044	295171	348.0	236.0
19056	295171	352.0	237.0
19068	295171	358.0	239.0
19080	295171	363.0	241.0
19092	295171	371.0	243.0
19104	295171	380.0	246.0
19116	295171	389.0	249.0
19128	295171	401.0	252.0
19140	295171	415.0	256.0
19152	295171	430.0	261.0
19164	295171	450.0	267.0
19176	295171	475.0	275.0
19188	295171	508.0	285.0
19200	295171	550.0	298.0
19212	295171	612.0	318.0
19224	295171	708.0	347.0
19236	295171	874.0	399.0
19092	295263	301.0	226.0
19104	295263	301.0	228.0
19116	295263	303.0	228.0
19128	295263	304.0	228.57142857142858
19140	295263	305.5	228.5
19152	295263	308.0	230.0
19164	295263	310.0	231.0
19176	295263	311.0	231.0
19188	295263	313.0	232.0
19200	295263	317.0	232.0
19212	295263	319.0	234.0
19224	295263	321.0	236.0
19236	295263	325.0	236.0
19248	295263	328.0	237.0
19260	295263	330.0	239.0
19272	295263	335.0	242.0
19284	295263	339.0	243.0
19296	295263	344.0	244.0
19308	295263	349.0	247.0
19320	295263	355.0	249.0
19332	295263	361.0	253.0
19344	295263	369.0	256.0
19356	295263	379.0	259.0
19368	295263	391.0	266.0
19380	295263	404.0	271.0
19392	295263	421.0	278.0
19404	295263	441.0	287.0
19416	295263	469.0	298.0
19428	295263	505.0	314.0
19440	295263	558.0	337.0
19452	295263	640.0	372.0
19464	295263	781.0	434.0
19476	295263	987.0	542.0
19188	295296	339.0	227.0
19200	295296	343.0	229.0
19212	295296	348.3333333333333	230.0
19224	295296	354.0	231.0
19236	295296	360.0	233.0
19248	295296	367.0	234.0
19260	295296	375.0	236.0
19272	295296	384.0	238.0
19284	295296	394.0	239.0
19296	295296	406.0	241.0
19308	295296	420.0	245.0
19320	295296	437.0	248.0
19332	295296	455.0	252.0
19344	295296	478.0	257.0
19356	295296	508.0	264.0
19368	295296	544.0	271.0
19380	295296	592.0	281.0
19392	295296	662.0	296.0
19404	295296	762.0	316.0
19416	295296	924.0	349.0
19236	295309	253.0	221.0
19248	295309	254.0	221.0
19260	295309	257.85714285714283	221.0
19272	295309	260.0	223.0
19284	295309	262.0	223.0
19296	295309	263.6	222.6
19308	295309	265.0	223.0
19320	295309	267.0	223.0
19332	295309	269.0	224.0
19344	295309	271.0	224.0
19356	295309	271.0	224.0
19368	295309	274.0	225.0
19380	295309	274.0	226.0
19392	295309	275.0	226.0
19404	295309	276.0	226.0
19416	295309	277.0	226.0
19428	295309	278.0	227.0
19440	295309	279.0	228.0
19452	295309	280.0	229.0
19464	295309	280.0	229.0
19476	295309	280.0	230.0
19488	295309	282.0	230.0
19500	295309	283.0	231.0
19512	295309	285.0	232.0
19524	295309	285.0	232.0
19536	295309	287.0	233.0
19548	295309	288.0	234.0
19560	295309	290.0	235.0
19572	295309	292.0	235.0
19584	295309	294.0	237.0
19596	295309	297.0	238.0
19608	295309	300.0	240.0
19620	295309	302.0	241.0
19632	295309	307.0	243.0
19644	295309	310.0	246.0
19656	295309	314.0	247.0
19668	295309	320.0	250.0
19680	295309	326.0	253.0
19692	295309	333.0	256.0
19704	295309	340.0	259.0
19716	295309	350.0	264.0
19728	295309	362.0	269.0
19740	295309	376.0	275.0
19752	295309	392.0	283.0
19764	295309	413.0	291.0
19776	295309	439.0	303.0
19788	295309	476.0	320.0
19800	295309	527.0	343.0
19812	295309	606.0	380.0
19824	295309	748.0	447.0
19836	295309	968.0	542.0
19248	295312	295.0	225.0
19260	295312	297.0	226.0
19272	295312	297.0	227.0
19284	295312	299.0	227.0
19296	295312	301.0	227.0
19308	295312	302.0	230.0
19320	295312	303.0	229.0
19332	295312	307.0	230.0
19344	295312	308.0	230.0
19356	295312	309.0	231.0
19368	295312	313.0	233.0
19380	295312	316.0	235.0
19392	295312	319.0	236.0
19404	295312	321.0	236.0
19416	295312	324.0	237.0
19428	295312	328.0	239.0
19440	295312	333.0	241.0
19452	295312	337.0	243.0
19464	295312	342.0	245.0
19476	295312	349.0	248.0
19488	295312	356.0	250.0
19500	295312	365.0	254.0
19512	295312	374.0	258.0
19524	295312	385.0	262.0
19536	295312	398.0	268.0
19548	295312	415.0	275.0
19560	295312	437.0	283.0
19572	295312	464.0	294.0
19584	295312	501.0	310.0
19596	295312	556.0	333.0
19608	295312	641.0	369.0
19620	295312	795.0	435.0
19632	295312	995.0	543.0
19272	295327	324.0	229.0
19284	295327	326.0	230.0
19296	295327	329.6666666666667	231.0
19308	295327	332.0	233.0
19320	295327	336.0	234.0
19332	295327	339.0	236.0
19344	295327	345.0	235.0
19356	295327	349.0	237.0
19368	295327	353.0	239.0
19380	295327	360.0	241.0
19392	295327	366.0	243.0
19404	295327	372.0	245.0
19416	295327	382.0	248.0
19428	295327	391.0	251.0
19440	295327	403.0	254.0
19452	295327	415.0	258.0
19464	295327	431.0	263.0
19476	295327	451.0	269.0
19488	295327	475.0	276.0
19500	295327	506.0	286.0
19512	295327	548.0	299.0
19524	295327	607.0	316.0
19536	295327	696.0	344.0
19548	295327	842.0	388.0
19560	295327	1007.0	465.0
19392	295371	352.0	228.0
19404	295371	356.3333333333333	229.0
19416	295371	361.0	230.0
19428	295371	366.0	231.0
19440	295371	371.0	233.0
19452	295371	377.0	234.0
19464	295371	382.0	235.0
19476	295371	390.0	237.0
19488	295371	398.0	238.0
19500	295371	408.0	241.0
19512	295371	418.0	243.0
19524	295371	430.0	245.0
19536	295371	443.0	248.0
19548	295371	459.0	250.0
19560	295371	479.0	255.0
19572	295371	501.0	259.0
19584	295371	528.0	264.0
19596	295371	562.0	271.0
19608	295371	608.0	281.0
19620	295371	669.0	293.0
19632	295371	753.0	310.0
19644	295371	883.0	336.0
19656	295371	995.0	368.0
19452	295387	311.0	223.0
19464	295387	311.3333333333333	222.0
19476	295387	314.0	222.0
19488	295387	315.0	223.0
19500	295387	315.7142857142857	224.0
19512	295387	318.0	224.0
19524	295387	319.0	224.0
19536	295387	320.0	225.0
19548	295387	322.0	225.0
19560	295387	326.0	225.0
19572	295387	327.0	226.0
19584	295387	329.0	226.0
19596	295387	331.0	227.0
19608	295387	334.0	228.0
19620	295387	337.0	228.0
19632	295387	339.0	230.0
19644	295387	343.0	231.0
19656	295387	345.0	232.0
19668	295387	349.0	232.0
19680	295387	353.0	234.0
19692	295387	358.0	236.0
19704	295387	362.0	236.0
19716	295387	368.0	238.0
19728	295387	374.0	240.0
19740	295387	380.0	241.0
19752	295387	388.0	244.0
19764	295387	396.0	245.0
19776	295387	405.0	248.0
19788	295387	417.0	251.0
19800	295387	430.0	254.0
19812	295387	445.0	257.0
19824	295387	464.0	261.0
19836	295387	486.0	267.0
19848	295387	513.0	273.0
19860	295387	548.0	281.0
19872	295387	595.0	291.0
19884	295387	661.0	307.0
19896	295387	758.0	330.0
19908	295387	912.0	366.0
19752	295498	332.0	230.0
19764	295498	335.0	230.0
19776	295498	338.0	231.0
19788	295498	341.0	232.0
19800	295498	344.0	232.0
19812	295498	348.0	234.0
19824	295498	351.0	234.0
19836	295498	356.0	235.0
19848	295498	360.0	236.0
19860	295498	366.0	237.0
19872	295498	371.0	238.0
19884	295498	377.0	240.0
19896	295498	384.0	242.0
19908	295498	392.0	243.0
19920	295498	401.0	246.0
19932	295498	412.0	247.0
19944	295498	423.0	250.0
19956	295498	437.0	254.0
19968	295498	453.0	258.0
19980	295498	472.0	262.0
19992	295498	495.0	268.0
20004	295498	524.0	274.0
20016	295498	562.0	284.0
20028	295498	612.0	295.0
20040	295498	682.0	312.0
20052	295498	787.0	336.0
20064	295498	956.0	376.0
19764	295508	321.0	231.0
19776	295508	322.3333333333333	231.66666666666666
19788	295508	325.2	233.0
19800	295508	328.0	234.0
19812	295508	331.0	234.0
19824	295508	334.0	236.0
19836	295508	338.0	237.0
19848	295508	343.0	238.0
19860	295508	347.0	238.0
19872	295508	352.0	239.0
19884	295508	357.0	241.0
19896	295508	363.0	242.0
19908	295508	370.0	244.0
19920	295508	377.0	247.0
19932	295508	387.0	250.0
19944	295508	397.0	252.0
19956	295508	409.0	256.0
19968	295508	423.0	259.0
19980	295508	440.0	264.0
19992	295508	460.0	271.0
20004	295508	484.0	278.0
20016	295508	516.0	287.0
20028	295508	558.0	300.0
20040	295508	618.0	318.0
20052	295508	705.0	344.0
20064	295508	852.0	388.0
20076	295508	1007.0	461.0
19848	295525	248.0	224.0
19860	295525	250.0	225.0
19872	295525	252.0	224.0
19884	295525	253.0	225.0
19896	295525	253.625	225.0
19908	295525	255.0	225.0
19920	295525	257.0	226.0
19932	295525	258.0	226.0
19944	295525	258.0	226.0
19956	295525	260.0	226.0
19968	295525	262.0	227.0
19980	295525	263.0	227.0
19992	295525	264.0	228.0
20004	295525	265.0	228.0
20016	295525	267.0	229.0
20028	295525	267.0	228.0
20040	295525	267.0	228.0
20052	295525	269.0	230.0
20064	295525	270.0	230.0
20076	295525	271.0	230.0
20088	295525	273.0	230.0
20100	295525	273.0	231.0
20112	295525	274.0	231.0
20124	295525	275.0	231.0
20136	295525	276.0	232.0
20148	295525	277.0	232.0
20160	295525	278.0	232.0
20172	295525	279.0	232.0
20184	295525	281.0	232.0
20196	295525	281.0	232.0
20208	295525	281.0	233.0
20220	295525	282.0	234.0
20232	295525	283.0	234.0
20244	295525	283.0	235.0
20256	295525	286.0	236.0
20268	295525	286.0	236.0
20280	295525	287.0	237.0
20292	295525	289.0	237.0
20304	295525	290.0	238.0
20316	295525	291.0	239.0
20328	295525	292.0	239.0
20340	295525	293.0	240.0
20352	295525	295.0	240.0
20364	295525	295.0	241.0
20376	295525	298.0	242.0
20388	295525	299.0	243.0
20400	295525	300.0	244.0
20412	295525	302.0	245.0
20424	295525	304.0	246.0
20436	295525	305.0	248.0
20448	295525	306.0	249.0
20460	295525	309.0	250.0
20472	295525	313.0	252.0
20484	295525	316.0	253.0
20496	295525	320.0	255.0
20508	295525	322.0	257.0
20520	295525	326.0	259.0
20532	295525	331.0	262.0
20544	295525	335.0	264.0
20556	295525	341.0	268.0
20568	295525	347.0	271.0
20580	295525	353.0	274.0
20592	295525	361.0	277.0
20604	295525	370.0	282.0
20616	295525	380.0	287.0
20628	295525	392.0	294.0
20640	295525	406.0	302.0
20652	295525	422.0	311.0
20664	295525	443.0	323.0
20676	295525	469.0	339.0
20688	295525	505.0	360.0
20700	295525	553.0	389.0
20712	295525	627.0	435.0
20724	295525	749.0	511.0
20736	295525	907.0	540.0
19872	295530	326.0	233.0
19884	295530	329.0	232.0
19896	295530	332.0	234.0
19908	295530	335.0	235.0
19920	295530	340.0	236.0
19932	295530	343.0	238.0
19944	295530	346.0	238.0
19956	295530	352.0	240.0
19968	295530	357.0	242.0
19980	295530	361.0	243.0
19992	295530	368.0	245.0
20004	295530	374.0	248.0
20016	295530	382.0	250.0
20028	295530	392.0	252.0
20040	295530	402.0	256.0
20052	295530	414.0	260.0
20064	295530	429.0	264.0
20076	295530	447.0	270.0
20088	295530	470.0	277.0
20100	295530	497.0	285.0
20112	295530	533.0	297.0
20124	295530	582.0	312.0
20136	295530	654.0	334.0
20148	295530	766.0	369.0
20160	295530	960.0	431.0
19872	295531	338.25	230.25
19884	295531	340.7142857142857	231.0
19896	295531	344.6	231.0
19908	295531	348.57142857142856	231.71428571428572
19920	295531	352.0	234.0
19932	295531	357.0	234.0
19944	295531	361.0	235.0
19956	295531	369.0	237.0
19968	295531	375.0	238.0
19980	295531	382.0	240.0
19992	295531	389.0	242.0
20004	295531	398.0	244.0
20016	295531	408.0	247.0
20028	295531	420.0	249.0
20040	295531	433.0	252.0
20052	295531	447.0	256.0
20064	295531	465.0	259.0
20076	295531	487.0	265.0
20088	295531	513.0	271.0
20100	295531	547.0	279.0
20112	295531	590.0	288.0
20124	295531	650.0	302.0
20136	295531	736.0	322.0
20148	295531	868.0	351.0
20160	295531	999.0	395.0
19980	295563	325.0	233.0
19992	295563	326.3333333333333	233.0
20004	295563	331.0	235.0
20016	295563	335.0	235.0
20028	295563	338.0	237.0
20040	295563	342.4	237.2
20052	295563	346.0	238.0
20064	295563	351.0	240.0
20076	295563	355.0	242.0
20088	295563	360.0	243.0
20100	295563	367.0	246.0
20112	295563	374.0	248.0
20124	295563	382.0	249.0
20136	295563	389.0	252.0
20148	295563	401.0	255.0
20160	295563	412.0	258.0
20172	295563	425.0	261.0
20184	295563	442.0	265.0
20196	295563	461.0	271.0
20208	295563	486.0	278.0
20220	295563	517.0	287.0
20232	295563	557.0	298.0
20244	295563	612.0	314.0
20256	295563	693.0	337.0
20268	295563	821.0	373.0
20280	295563	987.0	433.0
19992	295571	308.0	234.0
20004	295571	311.0	235.0
20016	295571	313.0	236.0
20028	295571	316.0	238.0
20040	295571	318.90909090909093	238.63636363636363
20052	295571	321.0	240.0
20064	295571	325.0	241.0
20076	295571	328.0	244.0
20088	295571	334.0	245.0
20100	295571	339.0	247.0
20112	295571	344.0	249.0
20124	295571	350.0	252.0
20136	295571	358.0	254.0
20148	295571	366.0	257.0
20160	295571	376.0	260.0
20172	295571	388.0	265.0
20184	295571	401.0	269.0
20196	295571	418.0	276.0
20208	295571	438.0	284.0
20220	295571	464.0	294.0
20232	295571	499.0	308.0
20244	295571	547.0	327.0
20256	295571	623.0	358.0
20268	295571	749.0	408.0
20280	295571	979.0	514.0
20076	295598	316.0	238.0
20088	295598	316.0	238.0
20100	295598	322.0	240.0
20112	295598	324.0	240.0
20124	295598	328.0	243.0
20136	295598	334.0	244.0
20148	295598	337.0	246.0
20160	295598	342.0	248.0
20172	295598	348.0	250.0
20184	295598	355.0	251.0
20196	295598	363.0	255.0
20208	295598	372.0	258.0
20220	295598	383.0	262.0
20232	295598	396.0	267.0
20244	295598	410.0	272.0
20256	295598	429.0	280.0
20268	295598	454.0	289.0
20280	295598	485.0	301.0
20292	295598	526.0	318.0
20304	295598	588.0	342.0
20316	295598	690.0	382.0
20328	295598	878.0	455.0
20340	295598	1014.0	539.0
20136	295614	307.0	234.0
20148	295614	309.0	235.0
20160	295614	311.0	236.0
20172	295614	313.0	237.0
20184	295614	317.0	238.0
20196	295614	319.0	239.0
20208	295614	322.0	240.0
20220	295614	325.0	242.0
20232	295614	329.0	244.0
20244	295614	334.0	244.0
20256	295614	338.0	247.0
20268	295614	343.0	248.0
20280	295614	350.0	250.0
20292	295614	356.0	253.0
20304	295614	365.0	256.0
20316	295614	374.0	260.0
20328	295614	386.0	264.0
20340	295614	399.0	270.0
20352	295614	415.0	276.0
20364	295614	437.0	284.0
20376	295614	464.0	294.0
20388	295614	501.0	309.0
20400	295614	553.0	329.0
20412	295614	633.0	361.0
20424	295614	777.0	417.0
20436	295614	1003.0	537.0
20232	295648	349.8	230.2
20244	295648	354.0	232.0
20256	295648	356.0	232.0
20268	295648	360.0	234.0
20280	295648	364.0	234.0
20292	295648	369.0	235.0
20304	295648	375.0	236.0
20316	295648	380.0	236.66666666666666
20328	295648	386.0	238.0
20340	295648	392.0	239.0
20352	295648	401.0	241.0
20364	295648	409.0	243.0
20376	295648	418.0	245.0
20388	295648	429.0	246.0
20400	295648	441.0	249.0
20412	295648	455.0	251.0
20424	295648	471.0	255.0
20436	295648	491.0	258.0
20448	295648	515.0	262.0
20460	295648	543.0	268.0
20472	295648	579.0	274.0
20484	295648	624.0	284.0
20496	295648	683.0	295.0
20508	295648	769.0	311.0
20520	295648	894.0	335.0
20532	295648	997.0	364.0
20232	295650	314.0	237.0
20244	295650	315.0	238.0
20256	295650	318.0	239.0
20268	295650	321.6666666666667	240.0
20280	295650	325.0	241.0
20292	295650	329.0	244.0
20304	295650	335.0	244.0
20316	295650	337.0	246.0
20328	295650	342.0	249.0
20340	295650	349.0	250.0
20352	295650	355.0	253.0
20364	295650	364.0	257.0
20376	295650	372.0	259.0
20388	295650	382.0	264.0
20400	295650	396.0	270.0
20412	295650	412.0	276.0
20424	295650	431.0	285.0
20436	295650	457.0	295.0
20448	295650	492.0	311.0
20460	295650	543.0	333.0
20472	295650	624.0	366.0
20484	295650	770.0	428.0
20496	295650	991.0	543.0
20232	295651	259.0	227.0
20244	295651	260.0	228.0
20256	295651	262.0	228.0
20268	295651	265.0	229.0
20280	295651	268.0	228.0
20292	295651	269.0	228.0
20304	295651	271.0	229.0
20316	295651	273.0	229.0
20328	295651	274.0	230.0
20340	295651	277.0	229.0
20352	295651	278.0	229.0
20364	295651	278.0	230.0
20376	295651	279.0	231.0
20388	295651	280.0	231.0
20400	295651	281.09090909090907	231.0
20412	295651	282.0	231.0
20424	295651	283.0	232.0
20436	295651	283.0	232.0
20448	295651	285.0	233.0
20460	295651	286.0	234.0
20472	295651	286.0	235.0
20484	295651	287.0	235.0
20496	295651	288.0	237.0
20508	295651	290.0	237.0
20520	295651	292.0	238.0
20532	295651	292.0	239.0
20544	295651	293.0	239.0
20556	295651	293.0	241.0
20568	295651	294.0	242.0
20580	295651	295.0	243.0
20592	295651	297.0	244.0
20604	295651	300.0	245.0
20616	295651	301.0	246.0
20628	295651	303.0	247.0
20640	295651	306.0	249.0
20652	295651	309.0	251.0
20664	295651	313.0	253.0
20676	295651	319.0	255.0
20688	295651	322.0	258.0
20700	295651	328.0	261.0
20712	295651	334.0	264.0
20724	295651	341.0	268.0
20736	295651	349.0	272.0
20748	295651	357.0	277.0
20760	295651	367.0	283.0
20772	295651	380.0	290.0
20784	295651	395.0	299.0
20796	295651	412.0	310.0
20808	295651	435.0	324.0
20820	295651	466.0	344.0
20832	295651	508.0	370.0
20844	295651	574.0	412.0
20856	295651	685.0	484.0
20868	295651	868.0	540.0
20328	295682	340.0	232.0
20340	295682	344.0	234.0
20352	295682	348.0	234.0
20364	295682	351.0	235.0
20376	295682	357.0	237.0
20388	295682	360.0	237.0
20400	295682	367.0	238.0
20412	295682	374.0	240.0
20424	295682	381.0	241.0
20436	295682	388.0	243.0
20448	295682	397.0	246.0
20460	295682	407.0	248.0
20472	295682	419.0	251.0
20484	295682	433.0	254.0
20496	295682	449.0	258.0
20508	295682	469.0	263.0
20520	295682	492.0	269.0
20532	295682	523.0	276.0
20544	295682	562.0	285.0
20556	295682	615.0	297.0
20568	295682	694.0	316.0
20580	295682	816.0	344.0
20592	295682	989.0	396.0
20424	295701	329.0	233.0
20436	295701	332.0	234.0
20448	295701	336.0	235.0
20460	295701	339.0	236.0
20472	295701	341.0	237.0
20484	295701	345.0	238.0
20496	295701	349.0	239.0
20508	295701	354.0	241.0
20520	295701	358.0	243.0
20532	295701	363.0	243.0
20544	295701	371.0	247.0
20556	295701	378.0	249.0
20568	295701	385.0	251.0
20580	295701	394.0	253.0
20592	295701	405.0	256.0
20604	295701	418.0	259.0
20616	295701	432.0	263.0
20628	295701	450.0	268.0
20640	295701	478.0	274.0
20652	295701	502.0	280.0
20664	295701	524.0	290.0
20676	295701	573.0	303.0
20688	295701	634.0	321.0
20700	295701	730.0	349.0
20712	295701	889.0	393.0
20724	295701	976.0	426.0
20736	295701	1052.0	473.0
20748	295701	984.0	448.0
20496	295723	245.0	225.0
20508	295723	248.0	226.0
20520	295723	249.0	226.0
20532	295723	253.0	226.0
20544	295723	255.0	227.0
20556	295723	256.0	227.0
20568	295723	259.0	228.0
20580	295723	260.0	228.0
20592	295723	262.0	229.0
20604	295723	265.0	229.0
20616	295723	267.0	228.0
20628	295723	268.0	228.0
20640	295723	269.0	228.0
20652	295723	271.0	229.0
20664	295723	272.0	228.0
20676	295723	274.0	228.0
20688	295723	275.0	230.0
20700	295723	276.0	230.0
20712	295723	277.0	230.0
20724	295723	278.0	230.0
20736	295723	278.0	230.0
20748	295723	280.0	231.0
20760	295723	281.0	231.0
20772	295723	282.0	231.0
20784	295723	283.0	231.0
20796	295723	285.0	231.0
20808	295723	286.0	231.0
20820	295723	288.0	232.0
20832	295723	288.0	232.0
20844	295723	290.0	232.0
20856	295723	292.0	232.0
20868	295723	294.0	232.0
20880	295723	296.0	233.0
20892	295723	298.0	234.0
20904	295723	301.0	234.0
20916	295723	304.0	235.0
20928	295723	307.0	236.0
20940	295723	310.0	237.0
20952	295723	314.0	238.0
20964	295723	317.0	238.0
20976	295723	322.0	240.0
20988	295723	326.0	241.0
21000	295723	331.0	243.0
21012	295723	336.0	246.0
21024	295723	343.0	247.0
21036	295723	351.0	250.0
21048	295723	359.0	253.0
21060	295723	368.0	256.0
21072	295723	378.0	260.0
21084	295723	390.0	265.0
21096	295723	404.0	271.0
21108	295723	421.0	277.0
21120	295723	442.0	286.0
21132	295723	468.0	298.0
21144	295723	503.0	312.0
21156	295723	551.0	334.0
21168	295723	622.0	364.0
21180	295723	744.0	417.0
21192	295723	970.0	525.0
20532	295754	308.0	235.0
20544	295754	308.0	235.0
20556	295754	312.0	237.0
20568	295754	314.0	238.0
20580	295754	317.0	239.0
20592	295754	320.0	240.0
20604	295754	323.0	240.0
20616	295754	328.0	241.0
20628	295754	331.0	243.0
20640	295754	336.0	245.0
20652	295754	341.0	246.0
20664	295754	347.0	249.0
20676	295754	354.0	251.0
20688	295754	364.0	254.0
20700	295754	372.0	258.0
20712	295754	384.0	262.0
20724	295754	397.0	268.0
20736	295754	413.0	274.0
20748	295754	436.0	283.0
20760	295754	463.0	293.0
20772	295754	502.0	309.0
20784	295754	559.0	332.0
20796	295754	651.0	369.0
20808	295754	827.0	440.0
20820	295754	1010.0	541.0
20628	295783	351.0	235.0
20640	295783	352.9	236.0
20652	295783	357.0	236.0
20664	295783	361.6666666666667	236.16666666666666
20676	295783	368.4	239.0
20688	295783	373.0	240.0
20700	295783	380.0	243.0
20712	295783	387.0	243.0
20724	295783	393.0	243.0
20736	295783	402.0	246.0
20748	295783	413.0	249.0
20760	295783	425.0	252.0
20772	295783	438.0	254.0
20784	295783	453.0	258.0
20796	295783	471.0	261.0
20808	295783	492.0	265.0
20820	295783	519.0	272.0
20832	295783	553.0	279.0
20844	295783	597.0	289.0
20856	295783	656.0	303.0
20868	295783	743.0	323.0
20880	295783	876.0	355.0
20892	295783	997.0	401.0
20652	295793	371.0	234.0
20664	295793	375.0	236.0
20676	295793	382.0	237.0
20688	295793	386.5	238.0
20700	295793	394.0	239.0
20712	295793	401.0	242.0
20724	295793	409.0	242.0
20736	295793	417.0	245.0
20748	295793	427.0	245.0
20760	295793	439.0	247.0
20772	295793	453.0	250.0
20784	295793	468.0	253.0
20796	295793	486.0	256.0
20808	295793	506.0	260.0
20820	295793	532.0	265.0
20832	295793	564.0	270.0
20844	295793	604.0	277.0
20856	295793	655.0	284.0
20868	295793	726.0	291.0
20880	295793	826.0	305.0
20892	295793	971.0	337.0
20664	295794	333.0	235.0
20676	295794	334.0	236.0
20688	295794	337.0	237.0
20700	295794	339.0	236.0
20712	295794	344.0	238.0
20724	295794	348.0	240.0
20736	295794	352.0	241.0
20748	295794	359.0	243.0
20760	295794	364.0	244.0
20772	295794	370.0	246.0
20784	295794	377.0	248.0
20796	295794	384.0	249.0
20808	295794	394.0	251.0
20820	295794	405.0	254.0
20832	295794	417.0	257.0
20844	295794	430.0	262.0
20856	295794	447.0	266.0
20868	295794	466.0	272.0
20880	295794	491.0	279.0
20892	295794	524.0	289.0
20904	295794	565.0	301.0
20916	295794	626.0	320.0
20928	295794	716.0	347.0
20940	295794	863.0	392.0
20952	295794	1005.0	461.0
20688	295803	307.0	232.0
20700	295803	308.0	232.0
20712	295803	311.0	234.0
20724	295803	312.0	235.0
20736	295803	313.0	235.0
20748	295803	316.0	237.0
20760	295803	318.3333333333333	237.0
20772	295803	322.0	239.0
20784	295803	323.0	239.0
20796	295803	328.0	240.0
20808	295803	331.0	242.0
20820	295803	337.0	243.0
20832	295803	341.0	244.0
20844	295803	346.0	246.0
20856	295803	351.0	249.0
20868	295803	358.0	250.0
20880	295803	366.0	253.0
20892	295803	374.0	257.0
20904	295803	385.0	262.0
20916	295803	397.0	266.0
20928	295803	413.0	273.0
20940	295803	433.0	280.0
20952	295803	458.0	291.0
20964	295803	491.0	304.0
20976	295803	538.0	324.0
20988	295803	609.0	354.0
21000	295803	728.0	404.0
21012	295803	960.0	508.0
20856	295869	329.42857142857144	232.0
20868	295869	331.0	232.0
20880	295869	334.0	233.0
20892	295869	338.0	234.0
20904	295869	341.0	235.0
20916	295869	343.0	236.0
20928	295869	347.0	236.0
20940	295869	352.0	236.0
20952	295869	356.0	239.0
20964	295869	361.0	240.0
20976	295869	367.0	242.0
20988	295869	371.0	243.0
21000	295869	380.0	245.0
21012	295869	386.0	248.0
21024	295869	395.0	250.0
21036	295869	406.0	254.0
21048	295869	417.0	256.0
21060	295869	430.0	261.0
21072	295869	447.0	266.0
21084	295869	467.0	272.0
21096	295869	492.0	280.0
21108	295869	524.0	290.0
21120	295869	566.0	303.0
21132	295869	625.0	321.0
21144	295869	710.0	348.0
21156	295869	847.0	391.0
21168	295869	1001.0	464.0
20916	295894	332.0	233.0
20928	295894	334.0	232.0
20940	295894	338.38461538461536	232.84615384615384
20952	295894	340.0	234.0
20964	295894	344.0	234.0
20976	295894	349.0	235.0
20988	295894	352.0	237.0
21000	295894	357.0	238.0
21012	295894	363.0	239.0
21024	295894	369.0	241.0
21036	295894	376.0	243.0
21048	295894	383.0	245.0
21060	295894	391.0	247.0
21072	295894	402.0	250.0
21084	295894	413.0	253.0
21096	295894	424.0	256.0
21108	295894	438.0	261.0
21120	295894	457.0	267.0
21132	295894	475.0	271.0
21144	295894	501.0	278.0
21156	295894	530.0	282.0
21168	295894	575.0	294.0
21180	295894	634.0	316.0
21192	295894	713.0	341.0
21204	295894	836.0	378.0
21216	295894	994.0	441.0
21048	295945	322.0	229.0
21060	295945	325.0	229.0
21072	295945	327.0	230.0
21084	295945	331.0	231.0
21096	295945	334.0	232.0
21108	295945	338.0	234.0
21120	295945	342.0	235.0
21132	295945	346.0	236.0
21144	295945	350.0	237.0
21156	295945	355.0	239.0
21168	295945	362.0	240.0
21180	295945	368.0	242.0
21192	295945	375.0	244.0
21204	295945	385.0	247.0
21216	295945	393.0	250.0
21228	295945	404.0	252.0
21240	295945	415.0	256.0
21252	295945	431.0	260.0
21264	295945	449.0	265.0
21276	295945	472.0	271.0
21288	295945	500.0	280.0
21300	295945	535.0	291.0
21312	295945	584.0	306.0
21324	295945	655.0	328.0
21336	295945	764.0	362.0
21348	295945	952.0	421.0
21048	295946	340.0	228.0
21060	295946	343.0	228.0
21072	295946	346.0	229.0
21084	295946	350.0	230.0
21096	295946	355.0	231.0
21108	295946	360.0	232.0
21120	295946	366.0	234.0
21132	295946	373.0	235.0
21144	295946	378.0	237.0
21156	295946	386.0	238.0
21168	295946	394.0	240.0
21180	295946	403.0	243.0
21192	295946	413.0	245.0
21204	295946	426.0	248.0
21216	295946	441.0	252.0
21228	295946	457.0	255.0
21240	295946	481.0	261.0
21252	295946	506.0	266.0
21264	295946	539.0	274.0
21276	295946	585.0	285.0
21288	295946	649.0	300.0
21300	295946	745.0	323.0
21312	295946	901.0	360.0
21060	295950	310.0	224.0
21072	295950	311.0	225.0
21084	295950	313.0	225.0
21096	295950	315.0	226.0
21108	295950	317.0	227.0
21120	295950	319.0	227.0
21132	295950	322.0	228.0
21144	295950	322.0	228.0
21156	295950	327.0	231.0
21168	295950	329.0	231.0
21180	295950	333.0	231.0
21192	295950	336.0	233.0
21204	295950	340.0	233.0
21216	295950	342.0	234.0
21228	295950	346.0	235.0
21240	295950	352.0	236.0
21252	295950	356.0	237.0
21264	295950	363.0	238.0
21276	295950	368.0	240.0
21288	295950	375.0	241.0
21300	295950	384.0	244.0
21312	295950	392.0	247.0
21324	295950	403.0	250.0
21336	295950	415.0	253.0
21348	295950	429.0	258.0
21360	295950	447.0	263.0
21372	295950	469.0	270.0
21384	295950	497.0	278.0
21396	295950	533.0	290.0
21408	295950	582.0	305.0
21420	295950	655.0	327.0
21432	295950	770.0	362.0
21444	295950	965.0	426.0
21276	296007	295.0	223.0
21288	296007	296.0	224.0
21300	296007	297.0	225.0
21312	296007	298.0	225.0
21324	296007	300.0	224.0
21336	296007	300.0	225.0
21348	296007	303.0	226.0
21360	296007	304.0	226.0
21372	296007	305.0	226.0
21384	296007	306.0	228.0
21396	296007	308.0	228.0
21408	296007	311.0	230.0
21420	296007	313.0	229.0
21432	296007	315.0	231.0
21444	296007	317.0	232.0
21456	296007	318.0	232.0
21468	296007	322.0	234.0
21480	296007	324.0	236.0
21492	296007	329.0	236.0
21504	296007	333.0	237.0
21516	296007	338.0	239.0
21528	296007	343.0	241.0
21540	296007	348.0	243.0
21552	296007	354.0	245.0
21564	296007	361.0	247.0
21576	296007	370.0	252.0
21588	296007	379.0	254.0
21600	296007	389.0	259.0
21612	296007	403.0	265.0
21624	296007	419.0	271.0
21636	296007	437.0	279.0
21648	296007	461.0	289.0
21660	296007	492.0	302.0
21672	296007	535.0	320.0
21684	296007	598.0	347.0
21696	296007	699.0	389.0
21708	296007	885.0	467.0
21720	296007	1006.0	542.0
21336	296027	346.0	224.0
21348	296027	349.0	225.0
21360	296027	349.0	225.0
21372	296027	348.5	225.0
21384	296027	348.0	225.0
21396	296027	351.0	226.0
21408	296027	354.7647058823529	226.2941176470588
21420	296027	359.0	227.0
21432	296027	363.0	228.0
21444	296027	365.0	229.0
21456	296027	370.0	230.0
21468	296027	375.0	231.0
21480	296027	380.0	232.0
21492	296027	386.0	234.0
21504	296027	392.0	235.0
21516	296027	400.0	237.0
21528	296027	408.0	238.0
21540	296027	419.0	242.0
21552	296027	430.0	244.0
21564	296027	444.0	248.0
21576	296027	460.0	252.0
21588	296027	479.0	256.0
21600	296027	505.0	263.0
21612	296027	536.0	271.0
21624	296027	578.0	282.0
21636	296027	637.0	297.0
21648	296027	727.0	319.0
21660	296027	874.0	355.0
21372	296046	355.0	226.0
21384	296046	359.0	227.0
21396	296046	362.5	228.0
21408	296046	368.0	229.0
21420	296046	373.0	230.0
21432	296046	379.0	231.0
21444	296046	385.0	232.0
21456	296046	392.0	234.0
21468	296046	398.0	235.0
21480	296046	406.0	236.0
21492	296046	416.0	238.0
21504	296046	426.0	241.0
21516	296046	437.0	243.0
21528	296046	453.0	246.0
21540	296046	470.0	249.0
21552	296046	488.0	252.0
21564	296046	511.0	257.0
21576	296046	540.0	263.0
21588	296046	576.0	270.0
21600	296046	623.0	279.0
21612	296046	685.0	292.0
21624	296046	775.0	310.0
21636	296046	910.0	337.0
21432	296056	333.0	225.0
21444	296056	334.0	225.0
21456	296056	336.0	225.0
21468	296056	340.52941176470586	226.0
21480	296056	343.0	226.0
21492	296056	346.0	228.0
21504	296056	350.0	228.0
21516	296056	355.0	229.0
21528	296056	359.0	230.0
21540	296056	364.0	231.0
21552	296056	369.0	232.0
21564	296056	374.0	234.0
21576	296056	380.0	235.0
21588	296056	388.0	237.0
21600	296056	395.0	238.0
21612	296056	403.0	240.0
21624	296056	414.0	243.0
21636	296056	424.0	246.0
21648	296056	437.0	248.0
21660	296056	452.0	252.0
21672	296056	469.0	256.0
21684	296056	490.0	261.0
21696	296056	516.0	267.0
21708	296056	548.0	275.0
21720	296056	589.0	285.0
21732	296056	644.0	298.0
21744	296056	722.0	317.0
21756	296056	840.0	344.0
21768	296056	987.0	391.0
21576	296097	356.0	228.0
21588	296097	360.0	231.0
21600	296097	365.0	232.0
21612	296097	370.0	232.0
21624	296097	376.0	234.0
21636	296097	382.0	236.0
21648	296097	389.0	237.0
21660	296097	397.0	240.0
21672	296097	405.0	241.0
21684	296097	416.0	245.0
21696	296097	427.0	247.0
21708	296097	442.0	251.0
21720	296097	456.0	253.0
21732	296097	475.0	258.0
21744	296097	497.0	263.0
21756	296097	524.0	270.0
21768	296097	557.0	278.0
21780	296097	601.0	289.0
21792	296097	659.0	303.0
21804	296097	743.0	323.0
21816	296097	869.0	353.0
21828	296097	995.0	399.0
21600	296107	325.0	222.0
21612	296107	326.0	222.0
21624	296107	328.60869565217394	222.52173913043478
21636	296107	331.0	223.0
21648	296107	333.0	224.0
21660	296107	336.0	225.0
21672	296107	338.0	225.0
21684	296107	341.6666666666667	226.0
21696	296107	345.0	226.0
21708	296107	349.0	228.0
21720	296107	352.0	229.0
21732	296107	357.0	230.0
21744	296107	361.0	231.0
21756	296107	365.0	232.0
21768	296107	370.0	233.0
21780	296107	376.0	234.0
21792	296107	382.0	236.0
21804	296107	388.0	238.0
21816	296107	397.0	240.0
21828	296107	405.0	242.0
21840	296107	416.0	245.0
21852	296107	427.0	247.0
21864	296107	439.0	250.0
21876	296107	456.0	254.0
21888	296107	475.0	258.0
21900	296107	497.0	264.0
21912	296107	524.0	270.0
21924	296107	556.0	277.0
21936	296107	600.0	288.0
21948	296107	658.0	302.0
21960	296107	739.0	321.0
21972	296107	863.0	350.0
21984	296107	993.0	395.0
21636	296121	359.0	226.0
21648	296121	364.0	226.0
21660	296121	369.0	228.0
21672	296121	373.0	229.0
21684	296121	379.0	230.0
21696	296121	385.0	232.0
21708	296121	392.0	233.0
21720	296121	399.0	235.0
21732	296121	407.0	237.0
21744	296121	417.0	238.0
21756	296121	427.0	240.0
21768	296121	439.0	244.0
21780	296121	453.0	246.0
21792	296121	470.0	250.0
21804	296121	489.0	253.0
21816	296121	512.0	257.0
21828	296121	540.0	263.0
21840	296121	575.0	271.0
21852	296121	621.0	280.0
21864	296121	684.0	293.0
21876	296121	772.0	311.0
21888	296121	905.0	337.0
21672	296144	358.0	225.0
21684	296144	363.0	226.0
21696	296144	367.5	227.0
21708	296144	371.0	229.0
21720	296144	377.0	230.0
21732	296144	382.0	231.0
21744	296144	387.0	233.0
21756	296144	395.0	235.0
21768	296144	402.0	236.0
21780	296144	410.0	238.0
21792	296144	419.0	240.0
21804	296144	431.0	243.0
21816	296144	445.0	245.0
21828	296144	460.0	248.0
21840	296144	478.0	252.0
21852	296144	498.0	256.0
21864	296144	525.0	262.0
21876	296144	557.0	268.0
21888	296144	597.0	277.0
21900	296144	652.0	287.0
21912	296144	727.0	303.0
21924	296144	836.0	325.0
21936	296144	977.0	360.0
21708	296154	319.0	222.0
21720	296154	320.8	223.0
21732	296154	322.0	224.0
21744	296154	323.0	223.0
21756	296154	325.0	225.0
21768	296154	327.0	225.0
21780	296154	328.6666666666667	226.22222222222223
21792	296154	333.0	227.0
21804	296154	335.25	228.75
21816	296154	338.0	229.0
21828	296154	341.4	230.4
21840	296154	344.0	233.0
21852	296154	349.0	232.0
21864	296154	353.0	235.0
21876	296154	358.0	236.0
21888	296154	365.0	238.0
21900	296154	370.0	240.0
21912	296154	377.0	243.0
21924	296154	386.0	246.0
21936	296154	397.0	249.0
21948	296154	409.0	252.0
21960	296154	423.0	257.0
21972	296154	441.0	262.0
21984	296154	463.0	269.0
21996	296154	490.0	277.0
22008	296154	527.0	289.0
22020	296154	578.0	304.0
22032	296154	654.0	327.0
22044	296154	776.0	364.0
22056	296154	976.0	433.0
21720	296157	334.0	224.0
21732	296157	337.0	224.0
21744	296157	339.0	226.0
21756	296157	344.0	226.0
21768	296157	346.0	228.0
21780	296157	350.0	229.0
21792	296157	353.0	230.0
21804	296157	357.0	231.0
21816	296157	363.0	232.0
21828	296157	367.0	233.0
21840	296157	373.0	235.0
21852	296157	379.0	236.0
21864	296157	385.0	237.0
21876	296157	394.0	239.0
21888	296157	402.0	242.0
21900	296157	412.0	244.0
21912	296157	423.0	247.0
21924	296157	436.0	249.0
21936	296157	451.0	253.0
21948	296157	469.0	257.0
21960	296157	491.0	262.0
21972	296157	517.0	268.0
21984	296157	548.0	276.0
21996	296157	589.0	286.0
22008	296157	645.0	300.0
22020	296157	723.0	319.0
22032	296157	841.0	346.0
22044	296157	988.0	394.0
21828	296210	321.0	227.0
21840	296210	323.25	227.0
21852	296210	326.0	228.0
21864	296210	328.57142857142856	228.85714285714286
21876	296210	333.0	230.0
21888	296210	337.0	231.0
21900	296210	340.0	233.0
21912	296210	344.0	233.0
21924	296210	348.0	234.0
21936	296210	352.0	237.0
21948	296210	357.0	238.0
21960	296210	365.0	240.0
21972	296210	371.0	242.0
21984	296210	380.0	244.0
21996	296210	389.0	247.0
22008	296210	400.0	250.0
22020	296210	413.0	253.0
22032	296210	426.0	258.0
22044	296210	444.0	263.0
22056	296210	466.0	269.0
22068	296210	493.0	277.0
22080	296210	529.0	288.0
22092	296210	578.0	301.0
22104	296210	647.0	321.0
22116	296210	752.0	353.0
22128	296210	939.0	407.0
21900	296239	325.0	226.0
21912	296239	326.0	227.0
21924	296239	328.0	228.0
21936	296239	330.0	229.0
21948	296239	333.0	230.0
21960	296239	336.0	231.0
21972	296239	340.0	233.0
21984	296239	343.0	233.0
21996	296239	348.0	234.0
22008	296239	352.0	235.0
22020	296239	358.0	237.0
22032	296239	363.0	238.0
22044	296239	370.0	241.0
22056	296239	377.0	242.0
22068	296239	386.0	245.0
22080	296239	394.0	248.0
22092	296239	404.0	250.0
22104	296239	418.0	254.0
22116	296239	433.0	259.0
22128	296239	451.0	264.0
22140	296239	474.0	271.0
22152	296239	502.0	280.0
22164	296239	539.0	290.0
22176	296239	589.0	305.0
22188	296239	660.0	327.0
22200	296239	774.0	361.0
22212	296239	962.0	419.0
21912	296249	308.0	225.0
21924	296249	308.0	225.0
21936	296249	310.0	226.0
21948	296249	310.0	227.0
21960	296249	313.0	228.0
21972	296249	315.0	229.0
21984	296249	316.0	230.0
21996	296249	319.0	231.0
22008	296249	321.0	232.0
22020	296249	323.0	233.0
22032	296249	326.0	234.0
22044	296249	330.0	236.0
22056	296249	334.0	237.0
22068	296249	338.0	238.0
22080	296249	343.0	241.0
22092	296249	350.0	243.0
22104	296249	356.0	246.0
22116	296249	365.0	249.0
22128	296249	373.0	252.0
22140	296249	385.0	256.0
22152	296249	398.0	261.0
22164	296249	415.0	268.0
22176	296249	435.0	276.0
22188	296249	461.0	286.0
22200	296249	496.0	301.0
22212	296249	547.0	321.0
22224	296249	624.0	353.0
22236	296249	761.0	410.0
22248	296249	999.0	534.0
21972	296267	301.0	226.0
21984	296267	300.0	226.0
21996	296267	301.0	226.0
22008	296267	302.0	227.0
22020	296267	303.0	227.0
22032	296267	305.0	228.0
22044	296267	305.0	229.0
22056	296267	305.5833333333333	229.41666666666666
22068	296267	305.0	231.0
22080	296267	307.0	230.0
22092	296267	307.0	232.0
22104	296267	308.0	233.0
22116	296267	308.0	233.0
22128	296267	310.0	235.0
22140	296267	311.0	236.0
22152	296267	313.0	237.0
22164	296267	315.0	237.0
22176	296267	318.0	239.0
22188	296267	320.0	241.0
22200	296267	323.0	243.0
22212	296267	328.0	246.0
22224	296267	332.0	247.0
22236	296267	337.0	250.0
22248	296267	342.0	254.0
22260	296267	348.0	258.0
22272	296267	356.0	262.0
22284	296267	366.0	267.0
22296	296267	376.0	274.0
22308	296267	390.0	281.0
22320	296267	406.0	290.0
22332	296267	427.0	302.0
22344	296267	454.0	319.0
22356	296267	493.0	342.0
22368	296267	551.0	377.0
22380	296267	648.0	436.0
22392	296267	834.0	541.0
22128	296346	335.0	231.0
22140	296346	337.0	232.0
22152	296346	341.0	233.0
22164	296346	346.0	234.0
22176	296346	349.0	236.0
22188	296346	355.0	236.0
22200	296346	361.0	238.0
22212	296346	368.0	240.0
22224	296346	373.0	242.0
22236	296346	383.0	245.0
22248	296346	391.0	247.0
22260	296346	402.0	250.0
22272	296346	415.0	255.0
22284	296346	429.0	259.0
22296	296346	446.0	264.0
22308	296346	468.0	270.0
22320	296346	494.0	278.0
22332	296346	528.0	288.0
22344	296346	572.0	301.0
22356	296346	634.0	320.0
22368	296346	727.0	349.0
22380	296346	880.0	396.0
22188	296378	240.0	216.0
22200	296378	242.63636363636363	216.27272727272728
22212	296378	244.8181818181818	216.63636363636363
22224	296378	247.0	217.0
22236	296378	247.85714285714286	217.0
22248	296378	249.0	219.0
22260	296378	251.52631578947367	219.6315789473684
22272	296378	253.0	220.0
22284	296378	254.74074074074073	220.0
22296	296378	256.51851851851853	220.0
22308	296378	258.5	221.0
22320	296378	260.0	220.0
22332	296378	261.5238095238095	220.38095238095238
22344	296378	263.8095238095238	220.95238095238096
22356	296378	265.0	221.0
22368	296378	265.0	222.0
22380	296378	267.5652173913044	222.0
22392	296378	269.6521739130435	222.0
22404	296378	271.0	223.0
22416	296378	273.0	223.0
22428	296378	275.0	223.0
22440	296378	276.0	223.0
22452	296378	278.0	223.0
22464	296378	275.0	223.0
22476	296378	278.51724137931035	224.0
22488	296378	280.58620689655174	224.0
22500	296378	282.6551724137931	224.0
22512	296378	283.0	224.0
22524	296378	283.0	225.0
22536	296378	286.0	227.0
22548	296378	286.0	226.0
22560	296378	288.0	227.0
22572	296378	289.0	227.0
22584	296378	290.5	228.0
22596	296378	293.6666666666667	228.83333333333334
22608	296378	295.0	229.5
22620	296378	297.0	231.0
22632	296378	300.0	232.0
22644	296378	303.0	232.0
22656	296378	307.0	234.0
22668	296378	310.0	236.0
22680	296378	314.0	237.0
22692	296378	317.0	237.0
22704	296378	322.0	238.0
22716	296378	325.0	240.0
22728	296378	330.0	243.0
22740	296378	336.0	245.0
22752	296378	342.0	246.0
22764	296378	349.0	249.0
22776	296378	356.0	252.0
22788	296378	365.0	255.0
22800	296378	374.0	258.0
22812	296378	385.0	262.0
22824	296378	398.0	268.0
22836	296378	414.0	274.0
22848	296378	432.0	281.0
22860	296378	457.0	290.0
22872	296378	488.0	303.0
22884	296378	531.0	321.0
22896	296378	592.0	346.0
22908	296378	688.0	386.0
22920	296378	865.0	461.0
22932	296378	996.0	542.0
22212	296386	343.0	232.0
22224	296386	347.0	233.0
22236	296386	352.0	236.0
22248	296386	358.0	237.0
22260	296386	363.0	238.0
22272	296386	370.0	240.0
22284	296386	378.0	243.0
22296	296386	386.0	246.0
22308	296386	395.0	248.0
22320	296386	406.0	251.0
22332	296386	419.0	255.0
22344	296386	434.0	259.0
22356	296386	452.0	264.0
22368	296386	474.0	271.0
22380	296386	500.0	279.0
22392	296386	536.0	290.0
22404	296386	581.0	304.0
22416	296386	646.0	325.0
22428	296386	745.0	355.0
22440	296386	908.0	404.0
22380	296424	311.0	230.0
22392	296424	314.0	229.5
22404	296424	316.4	231.2
22416	296424	320.0	233.0
22428	296424	322.0	234.0
22440	296424	325.0	235.0
22452	296424	329.0	235.0
22464	296424	333.0	239.0
22476	296424	337.0	240.0
22488	296424	342.0	241.0
22500	296424	348.0	244.0
22512	296424	355.0	246.0
22524	296424	361.0	249.0
22536	296424	370.0	253.0
22548	296424	380.0	256.0
22560	296424	392.0	262.0
22572	296424	408.0	268.0
22584	296424	425.0	275.0
22596	296424	448.0	284.0
22608	296424	478.0	297.0
22620	296424	520.0	314.0
22632	296424	581.0	339.0
22644	296424	679.0	378.0
22656	296424	862.0	454.0
22668	296424	1008.0	541.0
22428	296439	349.0	228.0
22440	296439	353.0	229.0
22452	296439	358.0	230.0
22464	296439	365.0	232.0
22476	296439	370.0	234.0
22488	296439	376.0	234.0
22500	296439	382.0	235.0
22512	296439	391.0	238.0
22524	296439	400.0	240.0
22536	296439	410.0	243.0
22548	296439	422.0	246.0
22560	296439	436.0	248.0
22572	296439	452.0	252.0
22584	296439	472.0	257.0
22596	296439	496.0	263.0
22608	296439	527.0	270.0
22620	296439	568.0	280.0
22632	296439	621.0	293.0
22644	296439	700.0	312.0
22656	296439	822.0	342.0
22668	296439	986.0	390.0
22440	296444	302.0	229.0
22452	296444	304.0	229.0
22464	296444	305.75	231.25
22476	296444	306.0	232.0
22488	296444	307.0	233.0
22500	296444	309.0	235.0
22512	296444	311.0	237.0
22524	296444	312.0	239.0
22536	296444	314.0	240.0
22548	296444	317.0	242.0
22560	296444	320.0	245.0
22572	296444	323.0	247.0
22584	296444	329.0	250.0
22596	296444	333.0	254.0
22608	296444	339.0	259.0
22620	296444	347.0	265.0
22632	296444	356.0	271.0
22644	296444	369.0	278.0
22656	296444	386.0	289.0
22668	296444	408.0	304.0
22680	296444	441.0	325.0
22692	296444	492.0	357.0
22704	296444	580.0	414.0
22716	296444	773.0	538.0
22644	296549	284.0	227.0
22656	296549	285.0	228.0
22668	296549	286.0	230.0
22680	296549	286.0	230.0
22692	296549	288.0	230.0
22704	296549	289.0	231.0
22716	296549	289.0	232.0
22728	296549	290.0	233.0
22740	296549	293.0	233.0
22752	296549	295.0	235.0
22764	296549	296.0	236.0
22776	296549	298.0	237.0
22788	296549	299.0	237.0
22800	296549	301.0	238.0
22812	296549	302.0	239.0
22824	296549	305.0	242.0
22836	296549	307.0	243.0
22848	296549	310.0	245.0
22860	296549	313.0	246.0
22872	296549	315.0	248.0
22884	296549	318.0	250.0
22896	296549	322.0	252.0
22908	296549	327.0	254.0
22920	296549	331.0	257.0
22932	296549	336.0	261.0
22944	296549	343.0	265.0
22956	296549	350.0	268.0
22968	296549	358.0	273.0
22980	296549	366.0	279.0
22992	296549	376.0	287.0
23004	296549	390.0	295.0
23016	296549	404.0	304.0
23028	296549	424.0	317.0
23040	296549	449.0	335.0
23052	296549	484.0	357.0
23064	296549	533.0	389.0
23076	296549	610.0	440.0
23088	296549	745.0	532.0
23100	296549	879.0	540.0
22788	296613	323.0	228.0
22800	296613	325.0	227.0
22812	296613	327.0	229.0
22824	296613	329.0	230.0
22836	296613	332.0	231.0
22848	296613	335.0	232.0
22860	296613	338.0	233.0
22872	296613	340.0	234.0
22884	296613	343.0	235.0
22896	296613	347.0	235.0
22908	296613	352.0	236.0
22920	296613	357.0	238.0
22932	296613	361.0	239.0
22944	296613	367.0	242.0
22956	296613	373.0	243.0
22968	296613	380.0	245.0
22980	296613	388.0	248.0
22992	296613	397.0	251.0
23004	296613	407.0	254.0
23016	296613	420.0	257.0
23028	296613	435.0	262.0
23040	296613	451.0	269.0
23052	296613	472.0	274.0
23064	296613	499.0	282.0
23076	296613	532.0	292.0
23088	296613	576.0	307.0
23100	296613	640.0	326.0
23112	296613	734.0	355.0
23124	296613	886.0	402.0
23136	296613	1001.0	466.0
22872	296661	266.14285714285717	228.0
22884	296661	266.0	228.0
22896	296661	267.0	229.0
22908	296661	268.0	228.0
22920	296661	270.0	229.0
22932	296661	270.0	231.0
22944	296661	273.0	232.0
22956	296661	274.0	232.0
22968	296661	276.0	232.0
22980	296661	280.0	233.0
22992	296661	281.0	234.0
23004	296661	285.2352941176471	234.7058823529412
23016	296661	287.0	235.0
23028	296661	288.0	235.0
23040	296661	293.0	237.0
23052	296661	296.0	238.0
23064	296661	298.0	237.0
23076	296661	300.0	240.0
23088	296661	305.0	242.0
23100	296661	306.0	242.0
23112	296661	309.0	244.0
23124	296661	314.0	244.0
23136	296661	320.0	247.0
23148	296661	326.0	248.0
23160	296661	332.0	249.5
23172	296661	338.0	249.0
22872	296664	303.6	238.4
22884	296664	307.0	239.0
22896	296664	306.0	241.0
22908	296664	311.0	243.0
22920	296664	315.0	245.0
22932	296664	317.0	247.0
22944	296664	319.0	249.0
22956	296664	323.0	250.0
22968	296664	330.0	253.0
22980	296664	334.0	256.0
22992	296664	340.0	260.0
23004	296664	347.0	263.0
23016	296664	355.0	267.0
23028	296664	362.0	272.0
23040	296664	371.0	279.0
23052	296664	382.0	285.0
23064	296664	395.0	293.0
23076	296664	410.0	302.0
23088	296664	430.0	315.0
23100	296664	455.0	332.0
23112	296664	490.0	352.0
23124	296664	539.0	382.0
23136	296664	613.0	429.0
23148	296664	738.0	508.0
23160	296664	896.0	540.0
22896	296669	287.0	232.0
22908	296669	289.6666666666667	233.0
22920	296669	292.0	234.0
22932	296669	292.0	236.0
22944	296669	296.0	236.0
22956	296669	299.0	236.0
22968	296669	301.0	238.0
22980	296669	304.0	240.0
22992	296669	306.0	241.0
23004	296669	310.0	242.0
23016	296669	314.0	243.0
23028	296669	319.0	245.0
23040	296669	322.0	248.0
23052	296669	328.0	250.0
23064	296669	333.0	252.0
23076	296669	339.0	255.0
23088	296669	345.0	258.0
23100	296669	354.0	262.0
23112	296669	363.0	266.0
23124	296669	375.0	270.0
23136	296669	389.0	278.0
23148	296669	406.0	285.0
23160	296669	426.0	294.0
23172	296669	454.0	305.0
23184	296669	489.0	319.0
23196	296669	537.0	341.0
23208	296669	608.0	372.0
23220	296669	721.0	421.0
23232	296669	929.0	511.0
23244	296669	985.0	540.0
23004	296721	343.6666666666667	234.66666666666666
23016	296721	346.75	234.0
23028	296721	351.0	237.0
23040	296721	357.0	239.0
23052	296721	362.0	239.0
23064	296721	368.0	241.0
23076	296721	374.0	243.0
23088	296721	382.0	246.0
23100	296721	389.0	248.0
23112	296721	398.0	250.0
23124	296721	410.0	253.0
23136	296721	421.0	257.0
23148	296721	436.0	262.0
23160	296721	453.0	267.0
23172	296721	473.0	273.0
23184	296721	498.0	280.0
23196	296721	530.0	290.0
23208	296721	572.0	303.0
23220	296721	628.0	320.0
23232	296721	709.0	344.0
23244	296721	834.0	381.0
23256	296721	992.0	447.0
23040	296740	304.5	240.25
23052	296740	307.875	241.375
23064	296740	312.0	243.0
23076	296740	316.0	244.0
23088	296740	319.0	246.0
23100	296740	322.0	248.0
23112	296740	325.0	249.0
23124	296740	331.0	251.0
23136	296740	334.0	254.0
23148	296740	340.0	257.0
23160	296740	345.0	260.0
23172	296740	350.0	263.0
23184	296740	356.0	267.0
23196	296740	364.0	272.0
23208	296740	373.0	277.0
23220	296740	379.0	283.0
23232	296740	391.0	291.0
23244	296740	406.0	300.0
23256	296740	425.0	313.0
23268	296740	449.0	327.0
23280	296740	482.0	348.0
23292	296740	530.0	376.0
23304	296740	605.0	423.0
23316	296740	737.0	506.0
23328	296740	907.0	540.0
23076	296784	338.0	226.0
23088	296784	341.0	227.0
23100	296784	343.0	228.0
23112	296784	347.0	228.0
23124	296784	351.0	230.0
23136	296784	353.0	230.0
23148	296784	358.0	232.0
23160	296784	362.0	232.0
23172	296784	367.0	233.0
23184	296784	371.0	234.0
23196	296784	377.0	236.0
23208	296784	383.0	238.0
23220	296784	390.0	238.0
23232	296784	398.0	241.0
23244	296784	406.0	243.0
23256	296784	415.0	245.0
23268	296784	427.0	247.0
23280	296784	439.0	250.0
23292	296784	453.0	253.0
23304	296784	470.0	258.0
23316	296784	490.0	263.0
23328	296784	516.0	268.0
23340	296784	546.0	275.0
23352	296784	587.0	285.0
23364	296784	639.0	298.0
23376	296784	713.0	316.0
23388	296784	823.0	341.0
23400	296784	976.0	384.0
23100	296807	291.0	231.0
23112	296807	293.0	231.0
23124	296807	293.0	232.0
23136	296807	294.0	232.0
23148	296807	297.0	235.0
23160	296807	297.0	234.0
23172	296807	300.0	235.0
23184	296807	301.0	235.0
23196	296807	305.0	236.0
23208	296807	306.0	238.0
23220	296807	306.0	239.0
23232	296807	309.0	240.0
23244	296807	311.0	241.0
23256	296807	315.0	245.0
23268	296807	317.0	246.0
23280	296807	321.0	246.0
23292	296807	323.0	248.0
23304	296807	328.0	251.0
23316	296807	333.0	254.0
23328	296807	337.0	257.0
23340	296807	342.0	259.0
23352	296807	349.0	265.0
23364	296807	356.0	270.0
23376	296807	366.0	275.0
23388	296807	376.0	281.0
23400	296807	389.0	289.0
23412	296807	406.0	300.0
23424	296807	426.0	312.0
23436	296807	453.0	329.0
23448	296807	490.0	352.0
23460	296807	543.0	386.0
23472	296807	631.0	441.0
23484	296807	792.0	540.0
23496	296807	934.0	539.0
23208	296882	343.0	234.5
23220	296882	345.0	237.0
23232	296882	351.0	236.0
23244	296882	355.0	237.0
23256	296882	360.0	239.0
23268	296882	367.0	241.0
23280	296882	374.0	241.0
23292	296882	383.0	245.0
23304	296882	389.0	248.0
23316	296882	400.0	250.0
23328	296882	412.0	253.0
23340	296882	425.0	257.0
23352	296882	442.0	263.0
23364	296882	461.0	269.0
23376	296882	486.0	277.0
23388	296882	516.0	285.0
23400	296882	557.0	298.0
23412	296882	614.0	316.0
23424	296882	696.0	341.0
23436	296882	829.0	381.0
23448	296882	1003.0	460.0
23232	296896	333.0	225.0
23244	296896	336.0	226.0
23256	296896	339.5	227.5
23268	296896	342.0	228.0
23280	296896	347.0	228.0
23292	296896	351.0	229.0
23304	296896	355.0	231.0
23316	296896	359.0	232.0
23328	296896	363.0	233.0
23340	296896	370.0	233.0
23352	296896	377.0	235.0
23364	296896	382.0	237.0
23376	296896	389.5	237.5
23388	296896	398.0	240.0
23400	296896	406.0	243.0
23412	296896	416.0	246.0
23424	296896	428.0	248.0
23436	296896	442.0	251.0
23448	296896	458.0	255.0
23460	296896	476.0	260.0
23472	296896	498.0	265.0
23484	296896	526.0	271.0
23496	296896	560.0	280.0
23508	296896	607.0	291.0
23520	296896	670.0	306.0
23532	296896	760.0	328.0
23544	296896	899.0	361.0
23244	296900	320.0	237.0
23256	296900	324.0	238.0
23268	296900	330.0	241.0
23280	296900	333.0	240.0
23292	296900	338.0	241.0
23304	296900	343.0	244.0
23316	296900	349.0	247.0
23328	296900	356.0	248.0
23340	296900	362.0	250.0
23352	296900	371.0	254.0
23364	296900	379.0	257.0
23376	296900	390.0	261.0
23388	296900	401.0	265.0
23400	296900	416.0	270.0
23412	296900	435.0	277.0
23424	296900	457.0	284.0
23436	296900	485.0	293.0
23448	296900	522.0	306.0
23460	296900	570.0	322.0
23472	296900	638.0	345.0
23484	296900	742.0	379.0
23496	296900	911.0	435.0
23508	296900	1002.0	497.0
23292	296942	304.0	234.0
23304	296942	308.0	236.0
23316	296942	309.0	237.0
23328	296942	311.0	238.0
23340	296942	316.0	238.0
23352	296942	319.0	240.0
23364	296942	323.0	243.0
23376	296942	327.0	244.0
23388	296942	333.0	246.0
23400	296942	338.0	247.0
23412	296942	345.0	251.0
23424	296942	352.0	253.0
23436	296942	361.0	256.0
23448	296942	370.0	259.0
23460	296942	381.0	263.0
23472	296942	392.0	268.0
23484	296942	405.0	273.0
23496	296942	422.0	281.0
23508	296942	442.0	288.0
23520	296942	466.0	298.0
23532	296942	498.0	310.0
23544	296942	541.0	328.0
23556	296942	600.0	351.0
23568	296942	692.0	388.0
23580	296942	848.0	451.0
23592	296942	995.0	542.0
23340	296959	298.0	234.0
23352	296959	301.0	235.0
23364	296959	304.0	238.0
23376	296959	306.0	239.0
23388	296959	311.0	239.0
23400	296959	316.0	241.0
23412	296959	321.0	243.0
23424	296959	327.0	245.0
23436	296959	331.0	246.0
23448	296959	337.0	249.0
23460	296959	341.0	250.0
23472	296959	350.0	253.0
23484	296959	359.0	256.0
23496	296959	368.0	260.0
23508	296959	379.0	264.0
23520	296959	390.0	269.0
23532	296959	404.0	274.0
23544	296959	420.0	281.0
23556	296959	440.0	289.0
23568	296959	463.0	298.0
23580	296959	491.0	310.0
23592	296959	531.0	327.0
23604	296959	584.0	350.0
23616	296959	663.0	384.0
23628	296959	794.0	440.0
23640	296959	984.0	539.0
23364	296966	336.0	231.0
23376	296966	339.0	232.0
23388	296966	343.0	232.0
23400	296966	347.0	233.0
23412	296966	353.0	235.0
23424	296966	358.0	236.0
23436	296966	363.0	237.0
23448	296966	368.0	238.0
23460	296966	376.0	240.0
23472	296966	385.0	242.0
23484	296966	391.0	247.0
23496	296966	400.0	250.0
23508	296966	414.0	253.0
23520	296966	428.0	257.0
23532	296966	443.0	262.0
23544	296966	461.0	268.0
23556	296966	487.0	275.0
23568	296966	518.0	283.0
23580	296966	558.0	295.0
23592	296966	614.0	312.0
23604	296966	694.0	335.0
23616	296966	820.0	372.0
23628	296966	989.0	438.0
23400	296989	294.0	232.0
23412	296989	294.0	234.0
23424	296989	296.0	236.0
23436	296989	297.0	236.0
23448	296989	299.0	237.0
23460	296989	301.0	237.0
23472	296989	302.0	238.0
23484	296989	305.0	240.0
23496	296989	307.0	241.0
23508	296989	310.0	243.0
23520	296989	312.0	244.0
23532	296989	314.0	246.0
23544	296989	317.0	247.0
23556	296989	319.0	249.0
23568	296989	325.0	252.0
23580	296989	329.0	254.0
23592	296989	333.0	256.0
23604	296989	338.0	259.0
23616	296989	344.0	263.0
23628	296989	350.0	267.0
23640	296989	358.0	271.0
23652	296989	368.0	277.0
23664	296989	379.0	283.0
23676	296989	392.0	290.0
23688	296989	409.0	301.0
23700	296989	430.0	313.0
23712	296989	456.0	329.0
23724	296989	492.0	352.0
23736	296989	545.0	385.0
23748	296989	630.0	439.0
23760	296989	786.0	538.0
23772	296989	918.0	539.0
23472	297007	337.0	241.0
23484	297007	341.0	243.0
23496	297007	346.0	245.0
23508	297007	352.0	247.0
23520	297007	356.0	249.0
23532	297007	362.0	251.0
23544	297007	368.0	253.0
23556	297007	376.0	256.0
23568	297007	384.0	260.0
23580	297007	395.0	264.0
23592	297007	406.0	268.0
23604	297007	418.0	274.0
23616	297007	435.0	280.0
23628	297007	455.0	289.0
23640	297007	479.0	299.0
23652	297007	509.0	312.0
23664	297007	552.0	330.0
23676	297007	611.0	356.0
23688	297007	705.0	396.0
23700	297007	862.0	464.0
23712	297007	991.0	542.0
23520	297013	284.0	231.16666666666666
23532	297013	284.0	231.83333333333334
23544	297013	285.0	233.0
23556	297013	285.0	234.0
23568	297013	285.0	234.0
23580	297013	287.0	235.0
23592	297013	288.0	235.0
23604	297013	291.0	236.0
23616	297013	290.0	236.0
23628	297013	292.0	238.0
23640	297013	295.0	238.0
23652	297013	296.94736842105266	239.94736842105263
23664	297013	299.0	242.0
23676	297013	302.0	242.0
23688	297013	303.0	244.0
23700	297013	305.0	246.0
23712	297013	308.0	248.0
23724	297013	310.0	249.0
23736	297013	312.0	250.0
23748	297013	317.0	253.0
23760	297013	322.0	255.0
23772	297013	327.0	258.0
23784	297013	332.0	261.0
23796	297013	340.0	265.0
23808	297013	346.0	268.0
23820	297013	357.0	272.0
23832	297013	368.0	278.0
23844	297013	382.0	284.0
23856	297013	399.0	292.0
23868	297013	419.0	301.0
23880	297013	442.0	312.0
23892	297013	475.0	328.0
23904	297013	519.0	349.0
23916	297013	579.0	379.0
23928	297013	673.0	424.0
23940	297013	833.0	501.0
23952	297013	957.0	541.0
23544	297019	296.5	235.0
23556	297019	297.0	235.0
23568	297019	299.0	236.0
23580	297019	300.0	237.0
23592	297019	301.0	238.0
23604	297019	304.0	239.0
23616	297019	306.0	240.0
23628	297019	310.0	241.0
23640	297019	310.0	243.0
23652	297019	312.0	244.0
23664	297019	316.0	246.0
23676	297019	319.0	247.0
23688	297019	321.0	249.0
23700	297019	322.0	250.0
23712	297019	327.0	252.0
23724	297019	332.0	255.0
23736	297019	335.0	258.0
23748	297019	340.0	260.0
23760	297019	345.0	263.0
23772	297019	351.0	267.0
23784	297019	358.0	271.0
23796	297019	364.0	276.0
23808	297019	373.0	282.0
23820	297019	384.0	289.0
23832	297019	396.0	297.0
23844	297019	410.0	307.0
23856	297019	429.0	319.0
23868	297019	453.0	337.0
23880	297019	484.0	358.0
23892	297019	531.0	390.0
23904	297019	599.0	439.0
23916	297019	716.0	522.0
23928	297019	848.0	540.0
23556	297020	314.25	232.75
23568	297020	317.3333333333333	234.33333333333334
23580	297020	320.0	234.0
23592	297020	324.5	235.75
23604	297020	327.0	236.0
23616	297020	333.0	236.0
23628	297020	337.0	237.0
23640	297020	340.0	238.0
23652	297020	346.0	239.0
23664	297020	349.0	240.0
23676	297020	356.0	242.0
23688	297020	361.0	243.0
23700	297020	367.0	245.0
23712	297020	374.0	247.0
23724	297020	383.0	249.0
23736	297020	389.0	250.0
23748	297020	400.0	253.0
23760	297020	409.0	255.0
23772	297020	419.0	258.0
23784	297020	432.0	262.0
23796	297020	445.0	266.0
23808	297020	462.0	271.0
23820	297020	480.0	276.0
23832	297020	503.0	283.0
23844	297020	531.0	292.0
23856	297020	566.0	302.0
23868	297020	612.0	317.0
23880	297020	675.0	336.0
23892	297020	764.0	363.0
23904	297020	902.0	405.0
23916	297020	998.0	459.0
23652	297052	260.0	222.0
23664	297052	262.07142857142856	222.0
23676	297052	265.0	222.0
23688	297052	266.0	223.0
23700	297052	270.0	224.0
23712	297052	271.0	224.0
23724	297052	273.0	224.0
23736	297052	274.0	224.0
23748	297052	276.0	225.0
23760	297052	276.0	225.0
23772	297052	278.0	225.0
23784	297052	280.0	226.0
23796	297052	281.0	227.0
23808	297052	282.0	227.0
23820	297052	283.0	228.0
23832	297052	284.0	228.0
23844	297052	285.0	229.0
23856	297052	287.0	230.0
23868	297052	289.0	231.0
23880	297052	291.0	231.0
23892	297052	292.0	232.0
23904	297052	294.0	235.0
23916	297052	296.0	234.0
23928	297052	298.0	235.0
23940	297052	300.0	237.0
23952	297052	303.0	238.0
23964	297052	306.0	240.0
23976	297052	311.0	241.0
23988	297052	314.0	244.0
24000	297052	316.0	245.0
24012	297052	321.0	248.0
24024	297052	327.0	252.0
24036	297052	334.0	256.0
24048	297052	341.0	260.0
24060	297052	349.0	264.0
24072	297052	359.0	270.0
24084	297052	371.0	278.0
24096	297052	385.0	286.0
24108	297052	404.0	297.0
24120	297052	430.0	312.0
24132	297052	465.0	334.0
24144	297052	518.0	366.0
24156	297052	606.0	420.0
24168	297052	787.0	534.0
24180	297052	921.0	539.0
23700	297071	355.0	228.0
23712	297071	359.0	229.0
23724	297071	364.0	230.0
23736	297071	371.0	232.0
23748	297071	376.0	232.0
23760	297071	382.0	234.0
23772	297071	391.0	235.0
23784	297071	397.0	237.0
23796	297071	407.0	238.0
23808	297071	418.0	241.0
23820	297071	430.0	243.0
23832	297071	444.0	247.0
23844	297071	461.0	250.0
23856	297071	481.0	254.0
23868	297071	505.0	258.0
23880	297071	534.0	264.0
23892	297071	573.0	272.0
23904	297071	624.0	282.0
23916	297071	695.0	297.0
23928	297071	801.0	318.0
23940	297071	961.0	351.0
23736	297089	305.0	228.0
23748	297089	307.0	231.0
23760	297089	308.0	229.0
23772	297089	309.0	231.0
23784	297089	310.0	232.0
23796	297089	314.0	232.0
23808	297089	316.0	232.0
23820	297089	318.0	233.0
23832	297089	321.0	235.0
23844	297089	323.0	235.0
23856	297089	326.0	237.0
23868	297089	330.0	238.0
23880	297089	334.0	240.0
23892	297089	338.0	241.0
23904	297089	342.0	243.0
23916	297089	346.0	245.0
23928	297089	352.0	247.0
23940	297089	358.0	248.0
23952	297089	367.0	252.0
23964	297089	374.0	254.0
23976	297089	382.0	258.0
23988	297089	393.0	262.0
24000	297089	406.0	267.0
24012	297089	420.0	273.0
24024	297089	438.0	281.0
24036	297089	463.0	291.0
24048	297089	492.0	303.0
24060	297089	532.0	319.0
24072	297089	590.0	343.0
24084	297089	681.0	381.0
24096	297089	836.0	445.0
24108	297089	1001.0	543.0
23772	297107	348.0	232.0
23784	297107	351.0	231.0
23796	297107	354.0	233.0
23808	297107	359.0	233.0
23820	297107	363.0	235.0
23832	297107	368.0	236.0
23844	297107	374.0	237.0
23856	297107	381.0	238.0
23868	297107	388.0	240.0
23880	297107	395.0	242.0
23892	297107	403.0	244.0
23904	297107	413.0	246.0
23916	297107	424.0	248.0
23928	297107	436.0	251.0
23940	297107	451.0	255.0
23952	297107	468.0	258.0
23964	297107	488.0	264.0
23976	297107	513.0	269.0
23988	297107	542.0	277.0
24000	297107	581.0	285.0
24012	297107	632.0	297.0
24024	297107	701.0	314.0
24036	297107	803.0	339.0
24048	297107	958.0	377.0
23832	297129	342.0	229.0
23844	297129	344.07142857142856	229.21428571428572
23856	297129	348.0	230.0
23868	297129	352.0	231.0
23880	297129	356.0	233.0
23892	297129	360.0	232.0
23904	297129	368.0	234.0
23916	297129	371.0	235.0
23928	297129	378.0	237.0
23940	297129	384.0	238.0
23952	297129	394.0	240.0
23964	297129	400.0	241.0
23976	297129	412.0	244.0
23988	297129	422.0	247.0
24000	297129	436.0	250.0
24012	297129	450.0	254.0
24024	297129	467.0	258.0
24036	297129	488.0	263.0
24048	297129	513.0	269.0
24060	297129	542.0	275.0
24072	297129	584.0	285.0
24084	297129	637.0	299.0
24096	297129	712.0	318.0
24108	297129	823.0	344.0
24120	297129	978.0	388.0
23952	297217	325.0	224.0
23964	297217	327.0	224.0
23976	297217	329.3636363636364	225.45454545454547
23988	297217	331.0	226.0
24000	297217	334.0	226.0
24012	297217	337.0	226.0
24024	297217	339.0	228.0
24036	297217	342.0	229.0
24048	297217	345.0	230.0
24060	297217	348.0	229.0
24072	297217	352.0	232.0
24084	297217	356.0	232.0
24096	297217	361.0	233.0
24108	297217	365.0	234.0
24120	297217	370.0	235.0
24132	297217	376.0	236.0
24144	297217	383.0	238.0
24156	297217	389.0	239.0
24168	297217	396.0	241.0
24180	297217	405.0	243.0
24192	297217	413.0	246.0
24204	297217	423.0	248.0
24216	297217	436.0	252.0
24228	297217	450.0	256.0
24240	297217	467.0	261.0
24252	297217	486.0	267.0
24264	297217	510.0	275.0
24276	297217	539.0	282.0
24288	297217	581.0	296.0
24300	297217	635.0	312.0
24312	297217	715.0	336.0
24324	297217	846.0	375.0
24336	297217	1002.0	449.0
23952	297218	352.0	229.0
23964	297218	357.0	231.0
23976	297218	361.0	232.0
23988	297218	365.0	234.0
24000	297218	370.0	234.0
24012	297218	376.0	235.0
24024	297218	383.0	237.0
24036	297218	390.0	240.0
24048	297218	397.0	242.0
24060	297218	406.0	243.0
24072	297218	415.0	245.0
24084	297218	426.0	248.0
24096	297218	439.0	252.0
24108	297218	454.0	254.0
24120	297218	471.0	258.0
24132	297218	492.0	264.0
24144	297218	517.0	269.0
24156	297218	549.0	277.0
24168	297218	590.0	287.0
24180	297218	646.0	300.0
24192	297218	725.0	319.0
24204	297218	842.0	347.0
24216	297218	988.0	395.0
23988	297234	347.0	230.0
24000	297234	350.0	230.0
24012	297234	355.0	231.0
24024	297234	359.0	233.0
24036	297234	364.0	234.0
24048	297234	368.0	235.0
24060	297234	374.0	236.0
24072	297234	381.0	237.0
24084	297234	388.0	240.0
24096	297234	396.0	242.0
24108	297234	404.0	244.0
24120	297234	414.0	245.0
24132	297234	424.0	248.0
24144	297234	438.0	251.0
24156	297234	453.0	254.0
24168	297234	471.0	258.0
24180	297234	491.0	264.0
24192	297234	518.0	270.0
24204	297234	551.0	279.0
24216	297234	595.0	289.0
24228	297234	653.0	303.0
24240	297234	736.0	324.0
24252	297234	865.0	355.0
24264	297234	998.0	406.0
24012	297247	316.0	231.16666666666666
24024	297247	318.0	232.0
24036	297247	321.0	235.0
24048	297247	324.0	236.0
24060	297247	328.0	237.0
24072	297247	331.0	238.0
24084	297247	336.0	241.0
24096	297247	342.0	243.0
24108	297247	347.0	246.0
24120	297247	353.0	247.0
24132	297247	361.0	250.0
24144	297247	369.0	254.0
24156	297247	379.0	258.0
24168	297247	391.0	263.0
24180	297247	405.0	269.0
24192	297247	423.0	277.0
24204	297247	446.0	286.0
24216	297247	475.0	298.0
24228	297247	516.0	315.0
24240	297247	575.0	341.0
24252	297247	671.0	382.0
24264	297247	849.0	458.0
24276	297247	1001.0	542.0
24084	297292	309.0	224.0
24096	297292	310.0	225.0
24108	297292	312.0	224.0
24120	297292	314.0	224.0
24132	297292	316.4	225.0
24144	297292	319.0	225.0
24156	297292	321.0	226.0
24168	297292	323.0	226.0
24180	297292	326.0	227.0
24192	297292	329.0	229.0
24204	297292	331.0	229.0
24216	297292	335.0	229.0
24228	297292	340.0	231.0
24240	297292	343.0	233.0
24252	297292	348.0	234.0
24264	297292	352.0	235.0
24276	297292	357.0	237.0
24288	297292	363.0	238.0
24300	297292	369.0	241.0
24312	297292	376.0	243.0
24324	297292	385.0	246.0
24336	297292	394.0	248.0
24348	297292	405.0	252.0
24360	297292	419.0	256.0
24372	297292	435.0	261.0
24384	297292	455.0	267.0
24396	297292	480.0	275.0
24408	297292	513.0	284.0
24420	297292	557.0	298.0
24432	297292	619.0	318.0
24444	297292	717.0	348.0
24456	297292	885.0	399.0
24108	297295	295.0	224.0
24120	297295	297.0	225.0
24132	297295	298.0	225.33333333333334
24144	297295	299.0	225.0
24156	297295	301.0	226.0
24168	297295	302.0	226.0
24180	297295	304.0	227.0
24192	297295	306.0	228.0
24204	297295	307.0	228.0
24216	297295	310.0	229.0
24228	297295	311.0	231.0
24240	297295	316.0	232.0
24252	297295	318.0	232.0
24264	297295	319.0	234.0
24276	297295	324.0	235.0
24288	297295	327.0	237.0
24300	297295	330.0	238.0
24312	297295	336.0	240.0
24324	297295	341.0	243.0
24336	297295	346.0	244.0
24348	297295	352.0	248.0
24360	297295	359.0	251.0
24372	297295	368.0	255.0
24384	297295	378.0	258.0
24396	297295	390.0	264.0
24408	297295	405.0	270.0
24420	297295	424.0	279.0
24432	297295	447.0	288.0
24444	297295	478.0	301.0
24456	297295	521.0	319.0
24468	297295	584.0	347.0
24480	297295	690.0	392.0
24492	297295	893.0	480.0
24336	297342	327.0	228.0
24348	297342	331.0	228.0
24360	297342	333.0	230.0
24372	297342	336.0	232.0
24384	297342	339.0	232.0
24396	297342	344.0	233.0
24408	297342	348.0	235.0
24420	297342	353.0	236.0
24432	297342	359.0	238.0
24444	297342	364.0	240.0
24456	297342	372.0	242.0
24468	297342	380.0	244.0
24480	297342	389.0	247.0
24492	297342	398.0	249.0
24504	297342	411.0	254.0
24516	297342	425.0	257.0
24528	297342	442.0	263.0
24540	297342	463.0	270.0
24552	297342	491.0	278.0
24564	297342	527.0	289.0
24576	297342	575.0	304.0
24588	297342	645.0	325.0
24600	297342	756.0	359.0
24612	297342	953.0	419.0
24420	297372	300.0	225.0
24432	297372	300.53333333333336	225.0
24444	297372	302.0	226.0
24456	297372	302.0	225.0
24468	297372	304.3636363636364	226.45454545454547
24480	297372	306.0	227.0
24492	297372	307.0	228.0
24504	297372	309.0	229.0
24516	297372	312.0	230.0
24528	297372	315.0	231.0
24540	297372	318.0	232.0
24552	297372	320.0	233.0
24564	297372	323.0	235.0
24576	297372	327.0	237.0
24588	297372	331.0	238.0
24600	297372	336.0	240.0
24612	297372	340.0	242.0
24624	297372	346.0	244.0
24636	297372	353.0	247.0
24648	297372	360.0	250.0
24660	297372	369.0	253.0
24672	297372	379.0	257.0
24684	297372	392.0	263.0
24696	297372	408.0	269.0
24708	297372	428.0	278.0
24720	297372	454.0	289.0
24732	297372	490.0	304.0
24744	297372	543.0	325.0
24756	297372	627.0	359.0
24768	297372	782.0	424.0
24780	297372	1003.0	541.0
24636	297438	309.0	230.0
24648	297438	310.0	231.0
24660	297438	312.0	230.0
24672	297438	315.0	231.0
24684	297438	318.0	232.0
24696	297438	320.0	234.0
24708	297438	323.0	236.0
24720	297438	325.0	237.0
24732	297438	330.0	239.0
24744	297438	334.0	239.0
24756	297438	339.0	242.0
24768	297438	344.0	244.0
24780	297438	351.0	246.0
24792	297438	356.0	248.0
24804	297438	365.0	251.0
24816	297438	374.0	255.0
24828	297438	384.0	259.0
24840	297438	397.0	265.0
24852	297438	414.0	271.0
24864	297438	433.0	279.0
24876	297438	459.0	290.0
24888	297438	493.0	304.0
24900	297438	542.0	325.0
24912	297438	617.0	356.0
24924	297438	748.0	410.0
24936	297438	987.0	528.0
24684	297445	302.6666666666667	229.0
24696	297445	305.53846153846155	230.69230769230768
24708	297445	308.0	231.0
24720	297445	311.0	232.0
24732	297445	312.0	232.0
24744	297445	315.0	234.0
24756	297445	317.0	235.0
24768	297445	321.0	237.0
24780	297445	324.0	238.0
24792	297445	327.0	238.0
24804	297445	333.0	240.0
24816	297445	336.0	243.0
24828	297445	341.0	244.0
24840	297445	347.0	248.0
24852	297445	355.0	250.0
24864	297445	363.0	254.0
24876	297445	373.0	257.0
24888	297445	384.0	262.0
24900	297445	397.0	267.0
24912	297445	413.0	274.0
24924	297445	435.0	282.0
24936	297445	462.0	294.0
24948	297445	498.0	310.0
24960	297445	552.0	332.0
24972	297445	635.0	368.0
24984	297445	785.0	434.0
24996	297445	992.0	543.0
24744	297460	341.6	231.0
24756	297460	344.0	231.0
24768	297460	346.1666666666667	230.83333333333334
24780	297460	350.1111111111111	230.0
24792	297460	355.27272727272725	232.45454545454547
24804	297460	360.8666666666667	234.13333333333333
24816	297460	366.5	237.5
24828	297460	371.0	241.0
24840	297460	376.0	241.0
24852	297460	385.0	244.0
24864	297460	391.0	247.0
24876	297460	402.0	248.0
24888	297460	414.0	254.0
24900	297460	426.0	257.0
24912	297460	441.0	262.0
24924	297460	457.0	266.0
24936	297460	476.0	269.0
24948	297460	498.0	275.0
24960	297460	528.0	281.0
24972	297460	567.0	296.0
24984	297460	616.0	312.0
24996	297460	684.0	332.0
25008	297460	788.0	362.0
25020	297460	947.0	410.0
25032	297460	959.0	409.0
25044	297460	983.0	436.0
25056	297460	998.0	457.0
25068	297460	1009.0	453.0
24840	297481	298.0	232.0
24852	297481	300.0	231.0
24864	297481	302.0	232.0
24876	297481	304.0	232.0
24888	297481	306.0	232.0
24900	297481	308.0	233.0
24912	297481	311.0	234.0
24924	297481	314.0	235.0
24936	297481	315.0	235.0
24948	297481	319.0	237.0
24960	297481	323.0	238.0
24972	297481	326.0	239.0
24984	297481	331.0	241.0
24996	297481	336.0	243.0
25008	297481	340.0	245.0
25020	297481	344.0	246.0
25032	297481	348.0	246.0
25044	297481	354.0	249.0
25056	297481	362.0	253.0
25068	297481	369.0	255.0
25080	297481	376.0	257.0
25092	297481	384.0	261.0
25104	297481	393.0	265.0
25116	297481	403.0	268.0
25128	297481	416.0	275.0
25140	297481	430.0	281.0
25152	297481	446.0	289.0
25164	297481	466.0	296.0
25176	297481	494.0	308.0
25188	297481	525.0	320.0
25200	297481	568.0	338.0
25212	297481	627.0	363.0
25224	297481	715.0	399.0
25236	297481	857.0	457.0
25248	297481	983.0	541.0
25260	297481	951.0	525.0
25272	297481	975.0	536.0
25284	297481	971.0	508.0
25296	297481	1004.0	538.0
24852	297483	340.0	228.0
24864	297483	341.0	228.0
24876	297483	345.0	230.0
24888	297483	349.0	230.0
24900	297483	353.0	231.0
24912	297483	357.0	232.0
24924	297483	362.0	233.0
24936	297483	367.0	234.0
24948	297483	373.0	236.0
24960	297483	380.0	237.0
24972	297483	386.0	238.0
24984	297483	395.0	241.0
24996	297483	404.0	243.0
25008	297483	415.0	246.0
25020	297483	427.0	248.0
25032	297483	442.0	252.0
25044	297483	458.0	255.0
25056	297483	478.0	261.0
25068	297483	502.0	266.0
25080	297483	532.0	274.0
25092	297483	571.0	283.0
25104	297483	621.0	295.0
25116	297483	695.0	313.0
25128	297483	802.0	339.0
25140	297483	967.0	381.0
24864	297489	275.0	226.0
24876	297489	276.0	226.0
24888	297489	277.0	226.0
24900	297489	278.0	226.0
24912	297489	279.0	226.0
24924	297489	280.0	226.0
24936	297489	280.0	226.0
24948	297489	281.0	228.0
24960	297489	283.0	228.0
24972	297489	283.0	228.0
24984	297489	284.0	228.0
24996	297489	285.0	230.0
25008	297489	287.0	230.0
25020	297489	288.0	231.0
25032	297489	288.0	231.0
25044	297489	289.0	232.0
25056	297489	290.0	232.0
25068	297489	292.0	233.0
25080	297489	293.0	234.0
25092	297489	295.0	235.0
25104	297489	298.0	237.0
25116	297489	300.0	238.0
25128	297489	302.0	238.0
25140	297489	303.0	240.0
25152	297489	307.0	241.0
25164	297489	310.0	243.0
25176	297489	314.0	245.0
25188	297489	317.0	247.0
25200	297489	322.0	249.0
25212	297489	326.0	251.0
25224	297489	331.0	253.0
25236	297489	335.0	256.0
25248	297489	343.0	260.0
25260	297489	349.0	263.0
25272	297489	358.0	268.0
25284	297489	366.0	272.0
25296	297489	377.0	278.0
25308	297489	388.0	286.0
25320	297489	402.0	294.0
25332	297489	421.0	305.0
25344	297489	442.0	319.0
25356	297489	471.0	338.0
25368	297489	510.0	364.0
25380	297489	568.0	404.0
25392	297489	668.0	473.0
25404	297489	836.0	542.0
25416	297489	937.0	539.0
25116	297539	330.0	230.0
25128	297539	335.0	231.0
25140	297539	339.0	231.0
25152	297539	344.0	233.0
25164	297539	349.0	235.0
25176	297539	354.0	237.0
25188	297539	359.0	238.0
25200	297539	365.0	240.0
25212	297539	373.0	242.0
25224	297539	380.0	244.0
25236	297539	388.0	247.0
25248	297539	396.0	250.0
25260	297539	408.0	253.0
25272	297539	419.0	256.0
25284	297539	434.0	261.0
25296	297539	452.0	266.0
25308	297539	474.0	273.0
25320	297539	501.0	281.0
25332	297539	537.0	292.0
25344	297539	584.0	307.0
25356	297539	652.0	328.0
25368	297539	758.0	360.0
25380	297539	939.0	414.0
25392	297539	975.0	424.0
25404	297539	1005.0	466.0
25416	297539	997.0	451.0
25152	297548	292.0	232.0
25164	297548	295.0	234.0
25176	297548	296.0	234.0
25188	297548	300.0	235.0
25200	297548	298.8	237.0
25212	297548	300.0	238.0
25224	297548	302.0	238.0
25236	297548	304.0	240.0
25248	297548	306.0	241.0
25260	297548	309.0	243.0
25272	297548	311.0	244.0
25284	297548	313.0	246.0
25296	297548	316.0	247.0
25308	297548	320.0	249.0
25320	297548	323.0	250.0
25332	297548	327.0	253.0
25344	297548	331.0	255.0
25356	297548	335.0	258.0
25368	297548	342.0	261.0
25380	297548	347.0	264.0
25392	297548	353.0	268.0
25404	297548	361.0	273.0
25416	297548	369.0	278.0
25428	297548	379.0	285.0
25440	297548	391.0	293.0
25452	297548	405.0	303.0
25464	297548	424.0	315.0
25476	297548	449.0	331.0
25488	297548	482.0	353.0
25500	297548	528.0	386.0
25512	297548	602.0	436.0
25524	297548	737.0	527.0
25536	297548	912.0	540.0
25260	297559	352.0	233.0
25272	297559	357.0	233.0
25284	297559	365.0	235.0
25296	297559	372.0	237.0
25308	297559	380.0	239.0
25320	297559	387.0	240.0
25332	297559	395.0	242.0
25344	297559	404.0	244.0
25356	297559	415.0	247.0
25368	297559	428.0	250.0
25380	297559	442.0	253.0
25392	297559	459.0	257.0
25404	297559	479.0	261.0
25416	297559	504.0	267.0
25428	297559	534.0	274.0
25440	297559	572.0	283.0
25452	297559	624.0	296.0
25464	297559	696.0	313.0
25476	297559	804.0	339.0
25488	297559	966.0	381.0
25260	297561	317.0	232.0
25272	297561	321.0	235.0
25284	297561	325.0	237.0
25296	297561	329.0	237.0
25308	297561	335.0	240.0
25320	297561	340.0	243.0
25332	297561	344.0	244.0
25344	297561	351.0	247.0
25356	297561	358.0	249.0
25368	297561	366.0	252.0
25380	297561	374.0	255.0
25392	297561	386.0	259.0
25404	297561	398.0	265.0
25416	297561	415.0	271.0
25428	297561	433.0	278.0
25440	297561	458.0	287.0
25452	297561	492.0	300.0
25464	297561	536.0	317.0
25476	297561	603.0	343.0
25488	297561	710.0	383.0
25500	297561	911.0	458.0
25308	297572	301.0	226.0
25320	297572	303.0	228.0
25332	297572	304.5	227.5
25344	297572	305.0	229.0
25356	297572	308.0	230.0
25368	297572	309.0	231.0
25380	297572	310.0	232.0
25392	297572	311.75	232.125
25404	297572	315.0	232.0
25416	297572	318.0	234.0
25428	297572	320.0	235.0
25440	297572	322.0	237.0
25452	297572	326.0	238.0
25464	297572	329.0	239.0
25476	297572	334.0	241.0
25488	297572	338.0	243.0
25500	297572	343.0	245.0
25512	297572	348.0	248.0
25524	297572	355.0	249.0
25536	297572	364.0	252.0
25548	297572	372.0	256.0
25560	297572	382.0	260.0
25572	297572	395.0	265.0
25584	297572	409.0	271.0
25596	297572	428.0	279.0
25608	297572	451.0	289.0
25620	297572	482.0	302.0
25632	297572	525.0	320.0
25644	297572	589.0	347.0
25656	297572	696.0	392.0
25668	297572	901.0	480.0
25332	297577	328.5	230.0
25344	297577	330.5	230.5
25356	297577	334.0	231.0
25368	297577	338.0	232.0
25380	297577	340.0	233.0
25392	297577	343.0	234.0
25404	297577	346.0	236.0
25416	297577	353.0	237.0
25428	297577	357.0	239.0
25440	297577	361.0	240.0
25452	297577	366.0	243.0
25464	297577	374.0	245.0
25476	297577	383.0	247.0
25488	297577	391.0	249.0
25500	297577	401.0	252.0
25512	297577	413.0	256.0
25524	297577	427.0	260.0
25536	297577	443.0	264.0
25548	297577	463.0	271.0
25560	297577	487.0	278.0
25572	297577	518.0	287.0
25584	297577	558.0	299.0
25596	297577	615.0	318.0
25608	297577	696.0	343.0
25620	297577	828.0	385.0
25632	297577	998.0	459.0
25512	297621	336.0	228.0
25524	297621	339.0	228.0
25536	297621	343.0	229.0
25548	297621	346.0	230.0
25560	297621	350.0	231.0
25572	297621	357.0	233.0
25584	297621	361.0	234.0
25596	297621	368.0	236.0
25608	297621	374.0	237.0
25620	297621	382.0	238.0
25632	297621	390.0	240.0
25644	297621	401.0	244.0
25656	297621	413.0	247.0
25668	297621	426.0	250.0
25680	297621	443.0	254.0
25692	297621	463.0	258.0
25704	297621	487.0	264.0
25716	297621	518.0	271.0
25728	297621	558.0	280.0
25740	297621	613.0	294.0
25752	297621	696.0	314.0
25764	297621	824.0	345.0
25776	297621	993.0	401.0
25536	297630	300.0	226.33333333333334
25548	297630	301.0	228.0
25560	297630	303.0	228.11111111111111
25572	297630	305.0	230.0
25584	297630	306.0	229.0
25596	297630	309.0	231.0
25608	297630	310.5	232.5
25620	297630	315.0	231.0
25632	297630	317.0	234.0
25644	297630	319.0	236.0
25656	297630	324.0	237.0
25668	297630	327.0	238.0
25680	297630	330.0	240.0
25692	297630	335.0	242.0
25704	297630	342.0	244.0
25716	297630	348.0	247.0
25728	297630	355.0	249.0
25740	297630	365.0	253.0
25752	297630	375.0	256.0
25764	297630	387.0	261.0
25776	297630	401.0	266.0
25788	297630	418.0	274.0
25800	297630	441.0	283.0
25812	297630	470.0	294.0
25824	297630	510.0	311.0
25836	297630	571.0	336.0
25848	297630	667.0	374.0
25860	297630	845.0	448.0
25632	297652	327.42857142857144	229.0
25644	297652	330.0	230.0
25656	297652	334.1	231.7
25668	297652	339.0	233.0
25680	297652	341.0	233.0
25692	297652	347.0	234.0
25704	297652	350.0	236.0
25716	297652	356.0	238.0
25728	297652	363.0	240.0
25740	297652	370.2	240.8
25752	297652	377.0	242.5
25764	297652	385.4	243.9
25776	297652	395.0	243.0
25788	297652	410.0	251.0
25800	297652	426.0	256.0
25812	297652	443.0	263.0
25824	297652	466.0	270.0
25836	297652	492.0	278.0
25848	297652	529.0	290.0
25860	297652	578.0	304.0
25872	297652	652.0	327.0
25884	297652	770.0	363.0
25896	297652	969.0	429.0
25704	297670	320.0	224.0
25716	297670	322.0	225.0
25728	297670	324.0	225.0
25740	297670	324.0	226.0
25752	297670	327.0	227.0
25764	297670	329.0	227.0
25776	297670	331.0	228.0
25788	297670	334.0	228.0
25800	297670	337.0	230.0
25812	297670	340.0	231.0
25824	297670	343.0	231.0
25836	297670	348.0	232.0
25848	297670	351.0	233.0
25860	297670	357.0	234.0
25872	297670	362.0	236.0
25884	297670	370.0	237.0
25896	297670	377.0	239.0
25908	297670	385.0	241.0
25920	297670	395.0	243.0
25932	297670	405.0	247.0
25944	297670	417.0	249.0
25956	297670	431.0	253.0
25968	297670	446.0	256.0
25980	297670	467.0	261.0
25992	297670	492.0	267.0
26004	297670	521.0	275.0
26016	297670	561.0	284.0
26028	297670	614.0	299.0
26040	297670	691.0	318.0
26052	297670	809.0	348.0
26064	297670	984.0	403.0
25752	297698	360.0	228.0
25764	297698	363.0	229.0
25776	297698	369.0	231.0
25788	297698	373.0	232.0
25800	297698	378.5	232.5
25812	297698	385.0	234.0
25824	297698	392.0	235.0
25836	297698	400.0	237.0
25848	297698	407.0	238.0
25860	297698	417.0	241.0
25872	297698	429.0	243.0
25884	297698	440.0	245.0
25896	297698	455.0	248.0
25908	297698	471.0	251.0
25920	297698	492.0	255.0
25932	297698	515.0	260.0
25944	297698	545.0	266.0
25956	297698	582.0	273.0
25968	297698	629.0	283.0
25980	297698	695.0	296.0
25992	297698	788.0	314.0
26004	297698	933.0	344.0
25788	297707	294.0	225.0
25800	297707	295.0	225.0
25812	297707	295.5	224.0
25824	297707	297.0	226.0
25836	297707	298.0	226.0
25848	297707	299.0	226.0
25860	297707	300.0	227.0
25872	297707	302.0	229.0
25884	297707	303.0	229.0
25896	297707	306.0	229.0
25908	297707	308.0	229.0
25920	297707	310.0	231.0
25932	297707	313.0	231.0
25944	297707	314.0	232.0
25956	297707	317.0	233.0
25968	297707	320.0	234.0
25980	297707	323.0	235.0
25992	297707	325.0	237.0
26004	297707	329.0	238.0
26016	297707	333.0	239.0
26028	297707	338.0	241.0
26040	297707	342.0	243.0
26052	297707	348.0	245.0
26064	297707	354.0	248.0
26076	297707	359.0	251.0
26088	297707	369.0	254.0
26100	297707	379.0	257.0
26112	297707	390.0	263.0
26124	297707	403.0	268.0
26136	297707	420.0	275.0
26148	297707	440.0	284.0
26160	297707	468.0	294.0
26172	297707	503.0	309.0
26184	297707	554.0	331.0
26196	297707	632.0	363.0
26208	297707	768.0	420.0
26220	297707	990.0	536.0
26004	297814	311.0	226.0
26016	297814	312.0	225.0
26028	297814	314.0	226.0
26040	297814	315.8181818181818	226.0
26052	297814	318.0	227.0
26064	297814	320.0	229.0
26076	297814	324.0	229.0
26088	297814	327.0	230.0
26100	297814	329.0	231.0
26112	297814	333.0	232.0
26124	297814	337.0	234.0
26136	297814	341.0	235.0
26148	297814	347.0	235.0
26160	297814	351.0	238.0
26172	297814	358.0	239.0
26184	297814	365.0	242.0
26196	297814	373.0	243.0
26208	297814	383.0	247.0
26220	297814	392.0	250.0
26232	297814	406.0	254.0
26244	297814	422.0	258.0
26256	297814	441.0	264.0
26268	297814	465.0	271.0
26280	297814	496.0	281.0
26292	297814	537.0	294.0
26304	297814	596.0	312.0
26316	297814	688.0	341.0
26328	297814	846.0	390.0
26340	297814	1005.0	463.0
26136	297873	307.0	227.0
26148	297873	309.0	229.0
26160	297873	311.61538461538464	230.30769230769232
26172	297873	314.0	231.0
26184	297873	316.0	231.0
26196	297873	320.0	232.0
26208	297873	323.0	234.0
26220	297873	325.0	236.0
26232	297873	329.0	238.0
26244	297873	335.0	239.0
26256	297873	339.0	241.0
26268	297873	344.0	243.0
26280	297873	351.0	246.0
26292	297873	358.0	249.0
26304	297873	365.0	251.0
26316	297873	378.0	256.0
26328	297873	390.0	262.0
26340	297873	406.0	268.0
26352	297873	426.0	276.0
26364	297873	452.0	286.0
26376	297873	487.0	301.0
26388	297873	536.0	322.0
26400	297873	615.0	355.0
26412	297873	756.0	414.0
26424	297873	995.0	539.0
26196	297890	298.0	227.0
26208	297890	299.0	226.0
26220	297890	301.0	228.0
26232	297890	301.0	230.0
26244	297890	304.0	231.0
26256	297890	307.0	230.0
26268	297890	309.3076923076923	231.30769230769232
26280	297890	311.0	233.0
26292	297890	314.0	235.0
26304	297890	315.0	235.0
26316	297890	319.3333333333333	236.0
26328	297890	322.0	237.0
26340	297890	326.0	240.0
26352	297890	330.0	241.0
26364	297890	335.0	243.0
26376	297890	340.0	245.0
26388	297890	346.0	249.0
26400	297890	354.0	251.0
26412	297890	364.0	256.0
26424	297890	373.0	259.0
26436	297890	387.0	266.0
26448	297890	401.0	272.0
26460	297890	422.0	281.0
26472	297890	448.0	292.0
26484	297890	484.0	308.0
26496	297890	537.0	332.0
26508	297890	621.0	370.0
26520	297890	778.0	441.0
26532	297890	983.0	543.0
26328	297926	309.0	230.0
26340	297926	311.25	231.9
26352	297926	314.0	233.0
26364	297926	317.8095238095238	234.42857142857142
26376	297926	322.0	236.0
26388	297926	325.0	237.0
26400	297926	326.0	237.0
26412	297926	332.0	239.0
26424	297926	336.0	241.0
26436	297926	341.0	243.0
26448	297926	347.0	246.0
26460	297926	353.0	247.0
26472	297926	361.0	250.0
26484	297926	370.0	255.0
26496	297926	380.0	259.0
26508	297926	392.0	264.0
26520	297926	408.0	270.0
26532	297926	425.0	278.0
26544	297926	451.0	289.0
26556	297926	483.0	303.0
26568	297926	530.0	322.0
26580	297926	601.0	353.0
26592	297926	727.0	409.0
26604	297926	971.0	525.0
26376	297933	302.375	229.125
26388	297933	304.625	229.875
26400	297933	307.0	231.0
26412	297933	307.0	231.0
26424	297933	310.0	232.0
26436	297933	312.0	234.0
26448	297933	312.0	235.0
26460	297933	314.0	236.0
26472	297933	318.0	237.0
26484	297933	320.0	240.0
26496	297933	323.0	242.0
26508	297933	325.0	244.0
26520	297933	331.0	247.0
26532	297933	336.0	249.0
26544	297933	343.0	254.0
26556	297933	348.0	257.0
26568	297933	357.0	262.0
26580	297933	368.0	268.0
26592	297933	383.0	277.0
26604	297933	402.0	288.0
26616	297933	428.0	303.0
26628	297933	465.0	323.0
26640	297933	522.0	357.0
26652	297933	626.0	418.0
26664	297933	865.0	541.0
26388	297936	339.3333333333333	228.11111111111111
26400	297936	343.0	230.0
26412	297936	348.0	229.0
26424	297936	351.0	231.0
26436	297936	355.0	232.0
26448	297936	360.0	232.0
26460	297936	365.0	233.0
26472	297936	370.0	234.0
26484	297936	377.0	237.0
26496	297936	384.0	239.0
26508	297936	392.0	239.0
26520	297936	400.0	241.0
26532	297936	410.0	245.0
26544	297936	420.0	247.0
26556	297936	434.0	250.0
26568	297936	449.0	253.0
26580	297936	466.0	257.0
26592	297936	487.0	263.0
26604	297936	515.0	269.0
26616	297936	548.0	277.0
26628	297936	592.0	287.0
26640	297936	652.0	302.0
26652	297936	738.0	323.0
26664	297936	872.0	355.0
26460	297952	332.0	223.0
26472	297952	334.0	222.0
26484	297952	335.0	223.0
26496	297952	338.0	224.0
26508	297952	339.89473684210526	224.0
26520	297952	343.0	224.0
26532	297952	345.0	225.0
26544	297952	348.0	226.0
26556	297952	350.0	226.0
26568	297952	354.3333333333333	226.0
26580	297952	358.0	227.0
26592	297952	361.0	229.0
26604	297952	365.0	230.0
26616	297952	369.0	231.0
26628	297952	374.0	231.0
26640	297952	379.0	232.0
26652	297952	385.0	234.0
26664	297952	392.0	235.0
26676	297952	397.0	235.0
26688	297952	405.0	237.0
26700	297952	413.0	238.0
26712	297952	423.0	241.0
26724	297952	433.0	243.0
26736	297952	443.0	245.0
26748	297952	456.0	247.0
26760	297952	471.0	250.0
26772	297952	490.0	254.0
26784	297952	510.0	258.0
26796	297952	535.0	264.0
26808	297952	565.0	269.0
26820	297952	603.0	278.0
26832	297952	652.0	288.0
26844	297952	717.0	301.0
26856	297952	810.0	320.0
26868	297952	946.0	347.0
26496	297967	264.0	222.0
26508	297967	266.0	223.0
26520	297967	270.0	223.0
26532	297967	272.0	222.0
26544	297967	274.0	224.0
26556	297967	276.0	223.0
26568	297967	277.0	223.0
26580	297967	279.0	223.0
26592	297967	280.0	225.0
26604	297967	280.0	226.0
26616	297967	284.0	226.0
26628	297967	284.0	226.0
26640	297967	285.0	227.0
26652	297967	285.0	228.0
26664	297967	287.0	230.0
26676	297967	288.0	230.0
26688	297967	290.0	231.0
26700	297967	292.0	232.0
26712	297967	294.0	233.0
26724	297967	296.0	235.0
26736	297967	298.0	236.0
26748	297967	301.0	238.0
26760	297967	305.0	240.0
26772	297967	306.0	243.0
26784	297967	311.0	246.0
26796	297967	316.0	249.0
26808	297967	322.0	254.0
26820	297967	329.0	259.0
26832	297967	339.0	265.0
26844	297967	351.0	273.0
26856	297967	367.0	283.0
26868	297967	390.0	296.0
26880	297967	423.0	316.0
26892	297967	473.0	347.0
26904	297967	564.0	402.0
26916	297967	774.0	529.0
26508	297973	306.0	229.0
26520	297973	311.875	230.0
26532	297973	316.0	231.75
26544	297973	316.2857142857143	232.0
26556	297973	319.0	233.0
26568	297973	323.0	234.0
26580	297973	325.0	235.0
26592	297973	328.0	238.0
26604	297973	334.0	240.0
26616	297973	338.0	241.0
26628	297973	343.0	244.0
26640	297973	351.0	246.0
26652	297973	358.0	249.0
26664	297973	368.0	253.0
26676	297973	377.0	256.0
26688	297973	389.0	261.0
26700	297973	404.0	268.0
26712	297973	422.0	275.0
26724	297973	446.0	285.0
26736	297973	478.0	298.0
26748	297973	524.0	317.0
26760	297973	593.0	345.0
26772	297973	712.0	394.0
26784	297973	951.0	497.0
26640	298003	331.0	225.0
26652	298003	332.0	226.0
26664	298003	336.0	226.0
26676	298003	339.0	227.0
26688	298003	342.0	228.0
26700	298003	346.0	228.0
26712	298003	348.0	230.0
26724	298003	353.0	231.0
26736	298003	357.0	231.0
26748	298003	362.0	232.0
26760	298003	368.0	234.0
26772	298003	374.0	235.0
26784	298003	381.0	237.0
26796	298003	389.0	240.0
26808	298003	398.0	242.0
26820	298003	408.0	244.0
26832	298003	420.0	247.0
26844	298003	434.0	250.0
26856	298003	449.0	254.0
26868	298003	470.0	259.0
26880	298003	493.0	264.0
26892	298003	522.0	272.0
26904	298003	561.0	281.0
26916	298003	612.0	293.0
26928	298003	684.0	310.0
26940	298003	795.0	338.0
26952	298003	968.0	382.0
26712	298061	319.0	226.0
26724	298061	320.0	226.0
26736	298061	323.0	227.0
26748	298061	325.0	229.0
26760	298061	328.0	229.0
26772	298061	331.0	230.0
26784	298061	334.0	231.0
26796	298061	338.0	232.0
26808	298061	341.0	233.0
26820	298061	344.0	234.0
26832	298061	349.0	235.0
26844	298061	354.0	237.0
26856	298061	359.0	238.0
26868	298061	364.0	240.0
26880	298061	370.0	241.0
26892	298061	377.0	244.0
26904	298061	385.0	247.0
26916	298061	394.0	249.0
26928	298061	405.0	252.0
26940	298061	417.0	255.0
26952	298061	430.0	259.0
26964	298061	447.0	264.0
26976	298061	468.0	271.0
26988	298061	493.0	279.0
27000	298061	524.0	288.0
27012	298061	566.0	301.0
27024	298061	625.0	318.0
27036	298061	711.0	344.0
27048	298061	850.0	386.0
27060	298061	1000.5	456.0
26808	298118	314.0	225.0
26820	298118	314.42857142857144	225.0
26832	298118	316.0	226.0
26844	298118	318.875	227.25
26856	298118	321.54545454545456	228.27272727272728
26868	298118	323.0	228.0
26880	298118	325.0	229.0
26892	298118	328.0	231.0
26904	298118	331.0	231.0
26916	298118	332.0	233.0
26928	298118	339.0	233.0
26940	298118	342.0	234.0
26952	298118	345.0	236.0
26964	298118	350.0	237.0
26976	298118	355.0	238.0
26988	298118	362.0	240.0
27000	298118	369.0	243.0
27012	298118	376.0	244.0
27024	298118	384.0	246.0
27036	298118	392.0	249.0
27048	298118	403.0	252.0
27060	298118	416.0	255.0
27072	298118	431.0	259.0
27084	298118	447.0	265.0
27096	298118	469.0	272.0
27108	298118	496.0	280.0
27120	298118	530.0	291.0
27132	298118	577.0	305.0
27144	298118	644.0	326.0
27156	298118	745.0	357.0
27168	298118	915.0	410.0
27180	298118	990.0	455.0
26868	298153	341.0	232.0
26880	298153	346.0	235.0
26892	298153	349.0	236.0
26904	298153	353.0	238.0
26916	298153	357.0	238.0
26928	298153	364.0	240.0
26940	298153	369.0	242.0
26952	298153	375.0	243.0
26964	298153	384.0	246.0
26976	298153	393.0	248.0
26988	298153	403.0	251.0
27000	298153	414.0	255.0
27012	298153	428.0	259.0
27024	298153	444.0	262.0
27036	298153	464.0	269.0
27048	298153	487.0	276.0
27060	298153	519.0	286.0
27072	298153	560.0	298.0
27084	298153	616.0	315.0
27096	298153	697.0	341.0
27108	298153	830.0	382.0
27120	298153	1000.0	454.0
26952	298189	316.1764705882353	233.11764705882354
26964	298189	318.29411764705884	234.52941176470588
26976	298189	320.57142857142856	235.57142857142858
26988	298189	324.0	236.0
27000	298189	328.0	238.0
27012	298189	333.0	239.0
27024	298189	337.0	240.0
27036	298189	341.0	241.0
27048	298189	346.0	243.0
27060	298189	353.0	246.0
27072	298189	359.0	248.0
27084	298189	367.0	252.0
27096	298189	376.0	255.0
27108	298189	389.0	260.0
27120	298189	401.0	266.0
27132	298189	418.0	272.0
27144	298189	439.0	281.0
27156	298189	465.0	292.0
27168	298189	502.0	307.0
27180	298189	552.0	328.0
27192	298189	630.0	360.0
27204	298189	765.0	417.0
27216	298189	993.0	534.0
26976	298199	286.2857142857143	228.14285714285714
26988	298199	288.0	229.0
27000	298199	288.6	229.0
27012	298199	290.0	229.0
27024	298199	292.0	231.0
27036	298199	295.0	232.0
27048	298199	297.0	232.0
27060	298199	302.0	232.0
27072	298199	306.0	233.0
27084	298199	309.0	235.0
27096	298199	313.0	236.0
27108	298199	316.0	237.0
27120	298199	319.0	239.0
27132	298199	325.0	242.0
27144	298199	331.0	243.0
27156	298199	337.0	245.0
27168	298199	343.0	248.0
27180	298199	350.0	250.0
27192	298199	358.0	253.0
27204	298199	367.0	256.0
27216	298199	377.0	260.0
27228	298199	388.0	265.0
27240	298199	402.0	271.0
27252	298199	419.0	279.0
27264	298199	439.0	286.0
27276	298199	467.0	297.0
27288	298199	502.0	313.0
27300	298199	554.0	335.0
27312	298199	630.0	367.0
27324	298199	762.0	423.0
27336	298199	984.0	535.0
27024	298207	326.0	228.0
27036	298207	328.0	227.0
27048	298207	333.0	230.0
27060	298207	335.0	230.5
27072	298207	339.5	232.0
27084	298207	343.0	233.0
27096	298207	349.0	235.0
27108	298207	355.0	237.0
27120	298207	363.0	238.0
27132	298207	370.0	242.0
27144	298207	376.0	244.0
27156	298207	387.0	247.0
27168	298207	399.0	250.0
27180	298207	412.0	254.0
27192	298207	428.0	259.0
27204	298207	449.0	265.0
27216	298207	474.0	272.0
27228	298207	508.0	282.0
27240	298207	553.0	296.0
27252	298207	620.0	315.0
27264	298207	726.0	347.0
27276	298207	917.0	403.0
27120	298247	346.0	228.0
27132	298247	349.0	230.0
27144	298247	355.0	231.0
27156	298247	359.0	233.0
27168	298247	363.0	233.0
27180	298247	370.0	236.0
27192	298247	375.0	236.0
27204	298247	381.0	237.0
27216	298247	388.0	238.0
27228	298247	398.0	241.0
27240	298247	404.0	244.0
27252	298247	416.0	245.0
27264	298247	427.0	248.0
27276	298247	442.0	251.0
27288	298247	458.0	255.0
27300	298247	477.0	260.0
27312	298247	500.0	265.0
27324	298247	528.0	271.0
27336	298247	564.0	280.0
27348	298247	612.0	292.0
27360	298247	678.0	308.0
27372	298247	773.0	331.0
27384	298247	924.0	366.0
27144	298260	320.0	233.0
27156	298260	321.0	234.0
27168	298260	324.0	237.0
27180	298260	328.0	239.0
27192	298260	332.0	241.0
27204	298260	337.0	242.0
27216	298260	342.0	244.0
27228	298260	346.0	246.0
27240	298260	353.0	249.0
27252	298260	359.0	251.0
27264	298260	368.0	255.0
27276	298260	375.0	257.0
27288	298260	386.0	262.0
27300	298260	398.0	267.0
27312	298260	413.0	273.0
27324	298260	430.0	280.0
27336	298260	452.0	289.0
27348	298260	480.0	301.0
27360	298260	519.0	319.0
27372	298260	574.0	341.0
27384	298260	659.0	378.0
27396	298260	807.0	442.0
27408	298260	993.0	543.0
27192	298278	307.0	223.0
27204	298278	308.3333333333333	223.0
27216	298278	310.0	223.0
27228	298278	312.0	224.0
27240	298278	313.0	224.0
27252	298278	316.39130434782606	224.34782608695653
27264	298278	318.4782608695652	224.8695652173913
27276	298278	320.0	225.0
27288	298278	322.0	226.0
27300	298278	325.0	228.0
27312	298278	326.5	226.5
27324	298278	330.0	228.0
27336	298278	333.0	229.0
27348	298278	339.0	232.0
27360	298278	341.0	234.0
27372	298278	346.0	235.0
27384	298278	351.0	235.0
27396	298278	356.0	238.0
27408	298278	362.0	239.0
27420	298278	368.0	240.0
27432	298278	375.0	242.0
27444	298278	383.0	245.0
27456	298278	392.0	249.0
27468	298278	403.0	252.0
27480	298278	416.0	256.0
27492	298278	432.0	261.0
27504	298278	451.0	267.0
27516	298278	475.0	275.0
27528	298278	508.0	285.0
27540	298278	552.0	299.0
27552	298278	615.0	319.0
27564	298278	712.0	349.0
27576	298278	882.0	402.0
27216	298284	295.0	224.0
27228	298284	296.0	225.0
27240	298284	297.0	226.0
27252	298284	298.0	226.0
27264	298284	301.0	225.0
27276	298284	301.0	225.0
27288	298284	303.0	227.0
27300	298284	304.0	227.0
27312	298284	306.0	228.0
27324	298284	307.0	228.0
27336	298284	308.0	227.0
27348	298284	310.0	229.0
27360	298284	313.0	230.0
27372	298284	315.0	230.0
27384	298284	315.0	231.0
27396	298284	319.0	232.0
27408	298284	321.0	234.0
27420	298284	323.0	235.0
27432	298284	327.0	235.0
27444	298284	330.0	237.0
27456	298284	333.0	238.0
27468	298284	337.0	240.0
27480	298284	341.0	241.0
27492	298284	345.0	243.0
27504	298284	351.0	245.0
27516	298284	356.0	247.0
27528	298284	363.0	251.0
27540	298284	370.0	253.0
27552	298284	377.0	256.0
27564	298284	387.0	260.0
27576	298284	398.0	265.0
27588	298284	412.0	270.0
27600	298284	427.0	277.0
27612	298284	446.0	285.0
27624	298284	471.0	295.0
27636	298284	503.0	308.0
27648	298284	543.0	325.0
27660	298284	603.0	351.0
27672	298284	697.0	390.0
27684	298284	861.0	461.0
27696	298284	995.0	542.0
27384	298318	338.0	226.0
27396	298318	342.6666666666667	228.0
27408	298318	346.0	229.0
27420	298318	351.0	229.0
27432	298318	355.0	231.0
27444	298318	360.0	233.0
27456	298318	365.0	233.0
27468	298318	371.0	235.0
27480	298318	377.0	236.0
27492	298318	385.0	238.0
27504	298318	393.0	240.0
27516	298318	402.0	242.0
27528	298318	412.0	244.0
27540	298318	424.0	247.0
27552	298318	437.0	250.0
27564	298318	453.0	254.0
27576	298318	472.0	258.0
27588	298318	494.0	264.0
27600	298318	522.0	270.0
27612	298318	556.0	278.0
27624	298318	603.0	290.0
27636	298318	668.0	305.0
27648	298318	760.0	327.0
27660	298318	907.0	362.0
27672	298318	996.0	393.0
27492	298346	320.0	235.0
27504	298346	324.0	237.0
27516	298346	327.0	238.0
27528	298346	330.0	240.0
27540	298346	335.0	242.0
27552	298346	339.0	243.0
27564	298346	344.0	246.0
27576	298346	348.0	248.0
27588	298346	355.0	250.0
27600	298346	363.0	254.0
27612	298346	370.0	257.0
27624	298346	379.0	261.0
27636	298346	390.0	266.0
27648	298346	402.0	270.0
27660	298346	417.0	277.0
27672	298346	436.0	285.0
27684	298346	458.0	296.0
27696	298346	488.0	309.0
27708	298346	530.0	327.0
27720	298346	588.0	352.0
27732	298346	677.0	393.0
27744	298346	830.0	462.0
27756	298346	982.0	542.0
27516	298358	301.25	228.25
27528	298358	303.1111111111111	229.0
27540	298358	305.3333333333333	229.0
27552	298358	308.0	230.0
27564	298358	311.25	232.0
27576	298358	313.0	233.0
27588	298358	314.0	233.0
27600	298358	317.5	234.83333333333334
27612	298358	321.0	235.0
27624	298358	323.0	237.0
27636	298358	326.0	238.0
27648	298358	330.0	239.0
27660	298358	333.0	240.0
27672	298358	338.0	244.0
27684	298358	344.0	244.0
27696	298358	348.0	246.0
27708	298358	355.0	249.0
27720	298358	362.0	252.0
27732	298358	368.0	256.0
27744	298358	377.0	258.0
27756	298358	387.0	263.0
27768	298358	399.0	267.0
27780	298358	413.0	273.0
27792	298358	428.0	280.0
27804	298358	447.0	287.0
27816	298358	471.0	297.0
27828	298358	501.0	310.0
27840	298358	540.0	326.0
27852	298358	594.0	348.0
27864	298358	674.0	381.0
27876	298358	799.0	435.0
27888	298358	986.0	532.0
27528	298363	315.0	234.0
27540	298363	320.0	234.0
27552	298363	323.0	236.0
27564	298363	324.0	237.0
27576	298363	330.0	238.0
27588	298363	332.0	240.0
27600	298363	336.0	241.0
27612	298363	341.0	243.0
27624	298363	344.0	244.0
27636	298363	350.0	247.0
27648	298363	355.0	249.0
27660	298363	363.0	251.0
27672	298363	370.0	255.0
27684	298363	379.0	258.0
27696	298363	388.0	262.0
27708	298363	399.0	267.0
27720	298363	413.0	273.0
27732	298363	430.0	280.0
27744	298363	450.0	288.0
27756	298363	475.0	299.0
27768	298363	508.0	313.0
27780	298363	553.0	333.0
27792	298363	618.0	361.0
27804	298363	721.0	405.0
27816	298363	901.0	484.0
27828	298363	990.0	541.0
27624	298403	310.0	231.0
27636	298403	311.6363636363636	230.1818181818182
27648	298403	315.0	231.0
27660	298403	317.5	232.5
27672	298403	321.0	234.0
27684	298403	325.0	235.0
27696	298403	329.0	236.0
27708	298403	330.0	238.0
27720	298403	335.0	239.0
27732	298403	339.0	241.0
27744	298403	345.0	243.0
27756	298403	349.0	244.0
27768	298403	354.0	248.0
27780	298403	362.0	250.0
27792	298403	369.0	253.0
27804	298403	377.0	255.0
27816	298403	387.0	259.0
27828	298403	398.0	264.0
27840	298403	411.0	270.0
27852	298403	425.0	275.0
27864	298403	444.0	283.0
27876	298403	466.0	292.0
27888	298403	493.0	303.0
27900	298403	527.0	318.0
27912	298403	573.0	337.0
27924	298403	637.0	364.0
27936	298403	733.0	404.0
27948	298403	896.0	472.0
27960	298403	996.0	541.0
27660	298419	353.0	229.0
27672	298419	356.0	231.0
27684	298419	361.25	230.5
27696	298419	364.0	232.0
27708	298419	369.0	233.0
27720	298419	374.0	235.0
27732	298419	380.0	237.0
27744	298419	386.0	238.0
27756	298419	393.0	239.0
27768	298419	401.0	240.0
27780	298419	410.0	244.0
27792	298419	420.0	247.0
27804	298419	432.0	249.0
27816	298419	446.0	253.0
27828	298419	464.0	257.0
27840	298419	483.0	262.0
27852	298419	507.0	268.0
27864	298419	537.0	275.0
27876	298419	576.0	285.0
27888	298419	627.0	298.0
27900	298419	701.0	315.0
27912	298419	811.0	342.0
27924	298419	971.0	387.0
27744	298476	330.5	229.0
27756	298476	334.6666666666667	230.375
27768	298476	338.6666666666667	231.875
27780	298476	343.0	235.0
27792	298476	346.0	235.0
27804	298476	349.0	235.0
27816	298476	354.0	237.0
27828	298476	359.0	239.0
27840	298476	365.0	241.0
27852	298476	371.0	243.0
27864	298476	376.0	244.0
27876	298476	384.0	247.0
27888	298476	392.0	249.0
27900	298476	403.0	252.0
27912	298476	414.0	255.0
27924	298476	427.0	259.0
27936	298476	442.0	264.0
27948	298476	461.0	269.0
27960	298476	483.0	276.0
27972	298476	511.0	285.0
27984	298476	545.0	295.0
27996	298476	594.0	310.0
28008	298476	661.0	331.0
28020	298476	762.0	361.0
28032	298476	928.0	412.0
27816	298525	315.0	235.0
27828	298525	318.0	236.0
27840	298525	321.0	237.0
27852	298525	326.0	238.0
27864	298525	331.0	242.0
27876	298525	335.0	244.0
27888	298525	342.0	246.0
27900	298525	349.0	249.0
27912	298525	357.0	253.0
27924	298525	367.0	257.0
27936	298525	379.0	262.0
27948	298525	392.0	268.0
27960	298525	409.0	276.0
27972	298525	429.0	285.0
27984	298525	455.0	297.0
27996	298525	489.0	313.0
28008	298525	538.0	336.0
28020	298525	612.0	371.0
28032	298525	740.0	434.0
28044	298525	964.0	541.0
27852	298541	301.0	227.0
27864	298541	303.5	227.0
27876	298541	307.0	229.0
27888	298541	311.0	231.0
27900	298541	312.0	231.0
27912	298541	316.0	232.0
27924	298541	319.0	234.0
27936	298541	322.0	236.0
27948	298541	326.0	238.0
27960	298541	331.0	240.0
27972	298541	337.0	242.0
27984	298541	342.0	244.0
27996	298541	350.0	248.0
28008	298541	357.0	250.0
28020	298541	366.0	255.0
28032	298541	378.0	259.0
28044	298541	390.0	266.0
28056	298541	406.0	272.0
28068	298541	427.0	281.0
28080	298541	452.0	291.0
28092	298541	487.0	307.0
28104	298541	538.0	330.0
28116	298541	615.0	364.0
28128	298541	753.0	426.0
28140	298541	981.0	541.0
27888	298554	343.3333333333333	230.66666666666666
27900	298554	348.0	232.0
27912	298554	354.0	235.0
27924	298554	358.0	236.0
27936	298554	363.0	238.0
27948	298554	368.0	240.0
27960	298554	376.0	242.0
27972	298554	384.0	245.0
27984	298554	390.0	246.0
27996	298554	401.0	251.0
28008	298554	414.0	256.0
28020	298554	428.0	259.0
28032	298554	443.0	262.0
28044	298554	463.0	270.0
28056	298554	487.0	278.0
28068	298554	516.0	286.0
28080	298554	557.0	298.0
28092	298554	608.0	314.0
28104	298554	685.0	338.0
28116	298554	805.0	373.0
28128	298554	970.0	434.0
28140	298554	961.0	417.0
28152	298554	1007.0	468.0
28164	298554	1006.0	458.0
27912	298570	296.8	232.6
27924	298570	297.0	234.0
27936	298570	298.6363636363636	234.63636363636363
27948	298570	300.6666666666667	235.66666666666666
27960	298570	302.0	236.0
27972	298570	304.0	238.0
27984	298570	307.0	238.0
27996	298570	310.0	239.0
28008	298570	310.0	238.0
28020	298570	316.0	243.0
28032	298570	320.0	243.0
28044	298570	324.0	246.0
28056	298570	330.0	249.0
28068	298570	335.0	250.0
28080	298570	341.0	252.0
28092	298570	347.0	254.0
28104	298570	355.0	258.0
28116	298570	364.0	261.0
28128	298570	373.0	265.0
28140	298570	383.0	268.0
28152	298570	396.0	275.0
28164	298570	410.0	281.0
28176	298570	433.0	288.0
28188	298570	447.0	297.0
28200	298570	473.0	310.0
28212	298570	507.0	324.0
28224	298570	554.0	343.0
28236	298570	617.0	371.0
28248	298570	719.0	416.0
28260	298570	893.0	495.0
28272	298570	970.0	542.0
28284	298570	972.0	540.0
28296	298570	979.0	540.0
28308	298570	985.0	530.0
28320	298570	1014.0	538.0
27960	298599	337.0	229.0
27972	298599	339.0	230.0
27984	298599	340.0	230.0
27996	298599	343.0	231.0
28008	298599	348.0	233.0
28020	298599	350.0	233.0
28032	298599	357.0	236.0
28044	298599	361.0	238.0
28056	298599	367.0	240.0
28068	298599	374.0	243.0
28080	298599	380.0	243.0
28092	298599	388.0	247.0
28104	298599	396.0	249.0
28116	298599	406.0	252.0
28128	298599	419.0	256.0
28140	298599	432.0	259.0
28152	298599	447.0	265.0
28164	298599	468.0	271.0
28176	298599	492.0	276.0
28188	298599	520.0	286.0
28200	298599	558.0	297.0
28212	298599	612.0	313.0
28224	298599	688.0	334.0
28236	298599	800.0	368.0
28248	298599	968.0	425.0
28260	298599	993.0	433.0
28044	298632	284.0	231.0
28056	298632	286.0	231.0
28068	298632	289.0	232.0
28080	298632	290.0	232.0
28092	298632	293.0	233.0
28104	298632	294.0	234.0
28116	298632	296.0	236.0
28128	298632	297.0	236.0
28140	298632	299.0	237.0
28152	298632	300.0	238.0
28164	298632	303.0	240.0
28176	298632	306.0	241.0
28188	298632	307.0	242.0
28200	298632	310.0	244.0
28212	298632	313.0	246.0
28224	298632	317.0	247.0
28236	298632	321.0	249.0
28248	298632	327.0	252.0
28260	298632	332.0	254.0
28272	298632	339.0	257.0
28284	298632	348.0	261.0
28296	298632	357.0	266.0
28308	298632	368.0	270.0
28320	298632	381.0	275.0
28332	298632	393.0	281.0
28344	298632	412.0	289.0
28356	298632	434.0	300.0
28368	298632	462.0	313.0
28380	298632	499.0	329.0
28392	298632	552.0	353.0
28404	298632	626.0	388.0
28416	298632	749.0	447.0
28428	298632	957.0	542.0
28440	298632	990.0	539.0
28128	298679	305.0	232.0
28140	298679	308.14285714285717	232.57142857142858
28152	298679	314.0	232.0
28164	298679	317.0	235.0
28176	298679	320.0	235.0
28188	298679	324.0	237.0
28200	298679	327.0	238.0
28212	298679	330.0	239.0
28224	298679	333.0	240.0
28236	298679	338.0	241.0
28248	298679	341.0	243.0
28260	298679	346.0	246.0
28272	298679	351.0	248.0
28284	298679	356.0	249.0
28296	298679	365.0	251.0
28308	298679	369.78723404255317	253.91489361702128
28320	298679	376.17021276595744	256.468085106383
28332	298679	382.5531914893617	259.02127659574467
28344	298679	388.93617021276594	261.5744680851064
28356	298679	402.0	266.0
28368	298679	416.0	274.0
28380	298679	430.0	280.0
28392	298679	449.0	287.0
28404	298679	471.0	297.0
28416	298679	498.0	310.0
28428	298679	535.0	326.0
28440	298679	586.0	349.0
28452	298679	663.0	383.0
28464	298679	787.0	438.0
28476	298679	980.0	539.0
28152	298685	281.0	227.0
28164	298685	282.55555555555554	226.0
28176	298685	284.0	226.0
28188	298685	285.0	226.0
28200	298685	286.0	228.0
28212	298685	286.0	228.0
28224	298685	288.0	228.0
28236	298685	287.0	228.0
28248	298685	288.0	229.0
28260	298685	290.0	230.0
28272	298685	290.0	230.0
28284	298685	291.0	231.0
28296	298685	292.0	231.0
28308	298685	292.0	232.0
28320	298685	294.0	233.0
28332	298685	294.0	232.0
28344	298685	295.0	233.0
28356	298685	296.0	234.0
28368	298685	297.0	235.0
28380	298685	299.0	236.0
28392	298685	300.0	237.0
28404	298685	302.0	238.0
28416	298685	303.0	240.0
28428	298685	305.0	241.0
28440	298685	307.0	241.0
28452	298685	310.0	243.0
28464	298685	312.0	244.0
28476	298685	314.0	246.0
28488	298685	317.0	247.0
28500	298685	319.0	249.0
28512	298685	323.0	252.0
28524	298685	326.0	254.0
28536	298685	332.0	256.0
28548	298685	336.0	259.0
28560	298685	343.0	263.0
28572	298685	349.0	267.0
28584	298685	356.0	271.0
28596	298685	365.0	276.0
28608	298685	376.0	282.0
28620	298685	387.0	290.0
28632	298685	402.0	299.0
28644	298685	421.0	310.0
28656	298685	445.0	325.0
28668	298685	476.0	343.0
28680	298685	519.0	371.0
28692	298685	584.0	413.0
28704	298685	695.0	483.0
28716	298685	877.0	542.0
28260	298714	318.0	226.0
28272	298714	320.0	228.0
28284	298714	322.875	228.0
28296	298714	325.0	229.0
28308	298714	327.0	230.0
28320	298714	330.0	231.0
28332	298714	334.0	232.0
28344	298714	338.0	232.0
28356	298714	341.0	235.0
28368	298714	345.0	235.0
28380	298714	351.0	236.0
28392	298714	355.0	238.0
28404	298714	361.0	238.0
28416	298714	366.0	242.0
28428	298714	372.0	243.0
28440	298714	381.0	246.0
28452	298714	388.0	248.0
28464	298714	398.0	250.0
28476	298714	410.0	255.0
28488	298714	423.0	258.0
28500	298714	440.0	263.0
28512	298714	459.0	269.0
28524	298714	484.0	278.0
28536	298714	515.0	287.0
28548	298714	556.0	299.0
28560	298714	615.0	319.0
28572	298714	701.0	346.0
28584	298714	843.0	390.0
28596	298714	1002.0	464.0
28272	298716	342.0	234.0
28284	298716	345.0	234.0
28296	298716	351.0	235.0
28308	298716	356.0	237.0
28320	298716	358.0	238.0
28332	298716	366.0	239.0
28344	298716	373.0	242.0
28356	298716	379.0	244.0
28368	298716	387.0	247.0
28380	298716	397.0	249.0
28392	298716	407.0	251.0
28404	298716	419.0	255.0
28416	298716	433.0	260.0
28428	298716	450.0	265.0
28440	298716	470.0	270.0
28452	298716	496.0	278.0
28464	298716	529.0	288.0
28476	298716	573.0	301.0
28488	298716	636.0	320.0
28500	298716	728.0	347.0
28512	298716	880.0	393.0
28524	298716	1001.0	456.0
28392	298768	322.0	234.0
28404	298768	325.0	236.0
28416	298768	328.0	237.0
28428	298768	331.0	239.0
28440	298768	335.0	238.0
28452	298768	339.0	240.0
28464	298768	344.0	243.0
28476	298768	349.0	245.0
28488	298768	355.0	246.0
28500	298768	362.0	248.0
28512	298768	370.0	251.0
28524	298768	376.0	255.0
28536	298768	386.0	259.0
28548	298768	397.0	263.0
28560	298768	409.0	268.0
28572	298768	426.0	275.0
28584	298768	445.0	283.0
28596	298768	470.0	292.0
28608	298768	502.0	305.0
28620	298768	547.0	324.0
28632	298768	611.0	351.0
28644	298768	716.0	393.0
28656	298768	906.0	472.0
28668	298768	1001.0	541.0
28560	298824	317.0	234.0
28572	298824	320.0	235.0
28584	298824	321.0	237.0
28596	298824	325.0	238.0
28608	298824	328.0	240.0
28620	298824	332.0	241.0
28632	298824	336.0	244.0
28644	298824	340.0	246.0
28656	298824	344.0	248.0
28668	298824	350.0	250.0
28680	298824	354.0	253.0
28692	298824	361.0	258.0
28704	298824	370.0	262.0
28716	298824	379.0	267.0
28728	298824	390.0	273.0
28740	298824	403.0	281.0
28752	298824	419.0	290.0
28764	298824	441.0	304.0
28776	298824	470.0	321.0
28788	298824	513.0	347.0
28800	298824	578.0	386.0
28812	298824	698.0	458.0
28824	298824	923.0	542.0
28704	298865	314.0	233.0
28716	298865	317.0	235.0
28728	298865	319.0	235.0
28740	298865	322.0	237.0
28752	298865	325.0	238.0
28764	298865	329.0	239.0
28776	298865	334.0	242.0
28788	298865	339.0	243.0
28800	298865	344.0	244.0
28812	298865	349.0	248.0
28824	298865	356.0	249.0
28836	298865	366.0	253.0
28848	298865	373.0	256.0
28860	298865	385.0	261.0
28872	298865	396.0	265.0
28884	298865	413.0	272.0
28896	298865	432.0	280.0
28908	298865	457.0	290.0
28920	298865	489.0	302.0
28932	298865	533.0	320.0
28944	298865	600.0	348.0
28956	298865	706.0	392.0
28968	298865	908.0	476.0
28716	298869	348.0	230.0
28728	298869	351.5	231.0
28740	298869	357.0	233.0
28752	298869	360.0	233.0
28764	298869	364.5	234.0
28776	298869	371.0	236.0
28788	298869	380.0	238.0
28800	298869	384.0	239.0
28812	298869	392.0	241.0
28824	298869	401.0	243.0
28836	298869	413.0	245.0
28848	298869	422.0	247.0
28860	298869	436.0	250.0
28872	298869	451.0	255.0
28884	298869	470.0	259.0
28896	298869	491.0	264.0
28908	298869	518.0	270.0
28920	298869	552.0	279.0
28932	298869	597.0	290.0
28944	298869	657.0	304.0
28956	298869	746.0	326.0
28968	298869	882.0	357.0
29016	299004	323.45454545454544	228.0
29028	299004	326.0	230.0
29040	299004	328.5	230.0
29052	299004	332.0	231.0
29064	299004	335.0	233.0
29076	299004	338.0	233.0
29088	299004	342.0	234.0
29100	299004	346.0	236.0
29112	299004	350.0	237.0
29124	299004	355.0	238.0
29136	299004	360.0	238.0
29148	299004	366.0	240.0
29160	299004	372.0	243.0
29172	299004	380.0	246.0
29184	299004	387.0	248.0
29196	299004	397.0	250.0
29208	299004	407.0	253.0
29220	299004	419.0	257.0
29232	299004	433.0	261.0
29244	299004	450.0	266.0
29256	299004	471.0	272.0
29268	299004	496.0	279.0
29280	299004	528.0	289.0
29292	299004	572.0	303.0
29304	299004	630.0	321.0
29316	299004	719.0	349.0
29328	299004	859.0	391.0
29340	299004	1003.0	458.0
29076	299027	311.42857142857144	233.0
29088	299027	313.0	233.0
29100	299027	316.0	235.0
29112	299027	319.3333333333333	236.33333333333334
29124	299027	322.0	237.0
29136	299027	326.0	238.0
29148	299027	331.0	240.0
29160	299027	336.0	242.0
29172	299027	340.0	245.0
29184	299027	346.0	247.0
29196	299027	353.0	249.0
29208	299027	359.0	251.0
29220	299027	368.0	256.0
29232	299027	378.0	260.0
29244	299027	389.0	265.0
29256	299027	404.0	271.0
29268	299027	421.0	278.0
29280	299027	443.0	288.0
29292	299027	472.0	301.0
29304	299027	513.0	319.0
29316	299027	573.0	347.0
29328	299027	669.0	390.0
29340	299027	853.0	473.0
29352	299027	986.0	541.0
29136	299042	309.7142857142857	230.71428571428572
29148	299042	309.95238095238096	230.95238095238096
29160	299042	312.23809523809524	233.23809523809524
29172	299042	314.3333333333333	235.0
29184	299042	318.0	236.5
29196	299042	322.0	237.0
29208	299042	325.0	239.0
29220	299042	329.0	241.0
29232	299042	333.0	242.0
29244	299042	339.0	243.0
29256	299042	343.0	244.0
29268	299042	349.0	248.0
29280	299042	356.0	250.0
29292	299042	366.0	254.0
29304	299042	374.0	257.0
29316	299042	385.0	262.0
29328	299042	398.0	267.0
29340	299042	413.0	274.0
29352	299042	434.0	282.0
29364	299042	459.0	292.0
29376	299042	493.0	306.0
29388	299042	540.0	326.0
29400	299042	612.0	356.0
29412	299042	734.0	407.0
29424	299042	966.0	509.0
29184	299065	304.0	233.0
29196	299065	306.57142857142856	233.57142857142858
29208	299065	307.0	233.0
29220	299065	309.0	236.0
29232	299065	311.0	237.0
29244	299065	313.0	237.0
29256	299065	314.0	239.0
29268	299065	318.0	240.0
29280	299065	320.0	243.0
29292	299065	321.0	245.0
29304	299065	324.0	248.0
29316	299065	329.0	250.0
29328	299065	333.0	253.0
29340	299065	337.0	256.0
29352	299065	344.0	261.0
29364	299065	351.0	266.0
29376	299065	360.0	271.0
29388	299065	372.0	279.0
29400	299065	386.0	288.0
29412	299065	404.0	301.0
29424	299065	430.0	318.0
29436	299065	469.0	343.0
29448	299065	530.0	384.0
29460	299065	646.0	463.0
29472	299065	852.0	541.0
29268	299098	332.0	232.0
29280	299098	333.875	232.0
29292	299098	339.0	234.0
29304	299098	342.0	236.0
29316	299098	346.0	237.0
29328	299098	350.0	238.0
29340	299098	356.0	240.0
29352	299098	360.0	241.0
29364	299098	367.0	243.0
29376	299098	372.0	244.0
29388	299098	380.0	246.0
29400	299098	388.0	248.0
29412	299098	398.0	252.0
29424	299098	407.0	255.0
29436	299098	419.0	259.0
29448	299098	433.0	262.0
29460	299098	447.0	263.0
29472	299098	473.0	270.0
29484	299098	499.0	282.0
29496	299098	533.0	293.0
29508	299098	577.0	307.0
29520	299098	641.0	327.0
29532	299098	735.0	356.0
29544	299098	892.0	404.0
29556	299098	1003.0	459.0
29376	299132	320.0	230.0
29388	299132	322.5	229.0
29400	299132	325.0	231.0
29412	299132	328.0	231.0
29424	299132	330.0	232.0
29436	299132	334.0	234.0
29448	299132	336.0	235.0
29460	299132	340.0	236.0
29472	299132	345.0	237.0
29484	299132	349.0	238.0
29496	299132	354.0	240.0
29508	299132	360.0	241.0
29520	299132	367.0	245.0
29532	299132	373.0	246.0
29544	299132	382.0	249.0
29556	299132	393.0	252.0
29568	299132	405.0	256.0
29580	299132	420.0	260.0
29592	299132	438.0	266.0
29604	299132	460.0	272.0
29616	299132	488.0	282.0
29628	299132	525.0	292.0
29640	299132	578.0	309.0
29652	299132	656.0	333.0
29664	299132	784.0	372.0
29676	299132	984.0	445.0
29460	299163	249.33333333333334	221.0
29472	299163	252.0	221.0
29484	299163	252.0	223.0
29496	299163	254.66666666666666	223.0
29508	299163	257.7142857142857	223.0
29520	299163	259.0	223.0
29532	299163	260.0	224.0
29544	299163	262.0	224.0
29556	299163	264.0	223.0
29568	299163	264.25	223.0
29580	299163	263.6	224.0
29592	299163	265.57142857142856	225.0
29604	299163	268.2307692307692	225.03846153846155
29616	299163	271.0	225.5
29628	299163	273.7692307692308	225.96153846153845
29640	299163	274.1111111111111	226.0
29652	299163	274.0	226.0
29664	299163	276.0	226.0
29676	299163	277.4237288135593	227.16949152542372
29688	299163	278.4406779661017	227.57627118644066
29700	299163	279.45762711864404	227.98305084745763
29712	299163	280.47457627118644	228.38983050847457
29724	299163	281.49152542372883	228.79661016949152
29736	299163	282.27777777777777	230.0
29748	299163	282.94444444444446	230.0
29760	299163	284.28	230.28
29772	299163	284.76	230.76
29784	299163	285.0	232.0
29796	299163	286.0	233.0
29808	299163	287.0	234.0
29820	299163	288.0	234.0
29832	299163	290.0	235.0
29844	299163	291.0	235.0
29856	299163	293.0	236.0
29868	299163	295.0	237.0
29880	299163	297.0	237.0
29892	299163	299.0	238.0
29904	299163	302.0	240.0
29916	299163	305.0	240.0
29928	299163	308.0	241.0
29940	299163	312.0	243.0
29952	299163	316.0	244.0
29964	299163	320.0	246.0
29976	299163	325.0	247.0
29988	299163	330.0	248.0
30000	299163	336.0	251.0
30012	299163	342.0	252.0
30024	299163	349.0	255.0
30036	299163	357.0	258.0
30048	299163	367.0	261.0
30060	299163	377.0	265.0
30072	299163	388.0	269.0
30084	299163	401.0	274.0
30096	299163	417.0	281.0
30108	299163	435.0	289.0
30120	299163	459.0	299.0
30132	299163	490.0	311.0
30144	299163	533.0	329.0
30156	299163	593.0	354.0
30168	299163	682.0	392.0
30180	299163	834.0	458.0
30192	299163	987.0	542.0
29640	299216	304.0	229.0
29652	299216	304.0	229.0
29664	299216	307.5	230.33333333333334
29676	299216	309.5	231.66666666666666
29688	299216	311.0	232.0
29700	299216	312.84615384615387	232.92307692307693
29712	299216	315.0	234.0
29724	299216	317.0	236.0
29736	299216	319.5	235.75
29748	299216	322.0	237.0
29760	299216	325.0	238.0
29772	299216	328.0	239.0
29784	299216	332.3333333333333	241.33333333333334
29796	299216	336.57142857142856	243.0
29808	299216	340.4	244.4
29820	299216	344.0	247.0
29832	299216	350.3333333333333	249.0
29844	299216	355.0	250.0
29856	299216	362.0	253.0
29868	299216	369.0	255.0
29880	299216	377.2	259.2
29892	299216	386.0	262.0
29904	299216	398.0	268.0
29916	299216	414.0	273.0
29928	299216	428.0	278.0
29940	299216	447.0	286.0
29952	299216	472.0	296.0
29964	299216	504.0	310.0
29976	299216	549.0	328.0
29988	299216	613.0	353.0
30000	299216	715.0	393.0
30012	299216	876.0	447.0
30024	299216	968.0	498.0
30036	299216	952.0	470.0
30048	299216	1012.0	522.0
29676	299229	332.0	235.0
29688	299229	335.85714285714283	234.42857142857142
29700	299229	340.0	236.0
29712	299229	344.0	237.0
29724	299229	347.0	238.0
29736	299229	352.0	240.0
29748	299229	357.0	242.0
29760	299229	363.0	243.0
29772	299229	370.0	246.0
29784	299229	377.0	248.0
29796	299229	386.0	251.0
29808	299229	395.0	253.0
29820	299229	408.0	257.0
29832	299229	420.0	261.0
29844	299229	436.0	266.0
29856	299229	456.0	272.0
29868	299229	481.0	280.0
29880	299229	513.0	289.0
29892	299229	554.0	302.0
29904	299229	614.0	320.0
29916	299229	703.0	348.0
29928	299229	851.0	393.0
29940	299229	1003.0	465.0
29688	299231	229.0	216.0
29700	299231	231.33333333333334	216.0
29712	299231	234.0	218.0
29724	299231	236.0	218.0
29736	299231	239.0	219.0
29748	299231	241.66666666666666	219.83333333333334
29760	299231	244.0	221.0
29772	299231	245.0	222.0
29784	299231	248.0	222.0
29796	299231	251.0	222.0
29808	299231	253.0	223.0
29820	299231	255.0	224.0
29832	299231	257.0	224.0
29844	299231	259.0	225.0
29856	299231	262.0	226.0
29868	299231	263.0	226.0
29880	299231	265.0	226.0
29892	299231	266.0	226.0
29904	299231	267.0	226.0
29916	299231	269.5	226.0
29928	299231	272.0	226.0
29940	299231	273.0	227.0
29952	299231	275.0	227.0
29964	299231	276.0	227.0
29976	299231	278.0	227.0
29988	299231	279.0	228.0
30000	299231	280.0	228.0
30012	299231	280.0	228.0
30024	299231	281.0	229.0
30036	299231	283.0	228.0
30048	299231	285.0	229.0
30060	299231	285.1666666666667	230.0
30072	299231	286.7	230.0
30084	299231	289.0	231.0
30096	299231	290.0	231.0
30108	299231	292.0	231.0
30120	299231	294.0	232.0
30132	299231	297.0	233.0
30144	299231	298.0	234.0
30156	299231	301.0	234.0
30168	299231	304.0	235.0
30180	299231	306.0	235.0
30192	299231	309.0	238.0
30204	299231	312.0	238.0
30216	299231	316.0	239.0
30228	299231	319.0	240.0
30240	299231	324.0	242.0
30252	299231	329.0	242.0
30264	299231	332.0	245.0
30276	299231	339.0	246.0
30288	299231	343.0	248.0
30300	299231	350.0	250.0
30312	299231	357.0	252.0
30324	299231	365.0	256.0
30336	299231	373.0	259.0
30348	299231	383.0	263.0
30360	299231	395.0	268.0
30372	299231	406.0	273.0
30384	299231	424.0	280.0
30396	299231	444.0	288.0
30408	299231	470.0	298.0
30420	299231	501.0	311.0
30432	299231	545.0	329.0
30444	299231	607.0	354.0
30456	299231	704.0	394.0
30468	299231	873.0	464.0
30480	299231	996.0	541.0
29700	299233	353.0	233.0
29712	299233	356.0	234.0
29724	299233	361.0	235.0
29736	299233	365.0	237.0
29748	299233	371.0	238.0
29760	299233	378.0	240.0
29772	299233	385.0	241.0
29784	299233	392.0	244.0
29796	299233	400.0	246.0
29808	299233	411.0	248.0
29820	299233	421.0	251.0
29832	299233	435.0	254.0
29844	299233	450.0	258.0
29856	299233	467.0	262.0
29868	299233	487.0	267.0
29880	299233	513.0	272.0
29892	299233	541.0	273.0
29904	299233	587.0	286.0
29916	299233	643.0	300.0
29928	299233	724.0	323.0
29940	299233	843.0	352.0
29952	299233	988.0	399.0
29760	299246	346.0	232.0
29772	299246	350.0	234.0
29784	299246	353.0	235.0
29796	299246	358.0	236.0
29808	299246	363.0	237.0
29820	299246	368.0	238.0
29832	299246	374.0	240.0
29844	299246	380.0	242.0
29856	299246	387.0	244.0
29868	299246	396.0	245.0
29880	299246	403.0	248.0
29892	299246	415.0	250.0
29904	299246	427.0	253.0
29916	299246	441.0	256.0
29928	299246	458.0	260.0
29940	299246	478.0	265.0
29952	299246	501.0	270.0
29964	299246	532.0	278.0
29976	299246	572.0	286.0
29988	299246	624.0	299.0
29856	299271	322.0	242.0
29868	299271	327.0	243.0
29880	299271	333.0	244.0
29892	299271	336.0	246.0
29904	299271	340.0	247.0
29916	299271	345.0	249.0
29928	299271	350.0	252.0
29940	299271	355.0	254.0
29952	299271	363.0	257.0
29964	299271	370.0	261.0
29976	299271	379.0	265.0
29988	299271	390.0	270.0
30000	299271	403.0	275.0
30012	299271	419.0	283.0
30024	299271	438.0	292.0
30036	299271	463.0	303.0
30048	299271	495.0	318.0
30060	299271	542.0	340.0
30072	299271	612.0	374.0
30084	299271	732.0	430.0
30096	299271	959.0	540.0
29916	299302	287.0	234.0
29928	299302	288.0	235.0
29940	299302	289.0	236.0
29952	299302	290.0	237.0
29964	299302	291.0	236.0
29976	299302	291.0	237.0
29988	299302	293.0	238.0
30000	299302	294.0	239.0
30012	299302	297.0	238.0
30024	299302	299.0	240.0
30036	299302	301.0	241.0
30048	299302	303.0	243.0
30060	299302	305.0	244.0
30072	299302	308.0	245.0
30084	299302	311.0	248.0
30096	299302	316.0	249.0
30108	299302	319.0	251.0
30120	299302	324.0	253.0
30132	299302	330.0	257.0
30144	299302	336.0	260.0
30156	299302	342.0	263.0
30168	299302	350.0	267.0
30180	299302	359.0	272.0
30192	299302	370.0	279.0
30204	299302	383.0	286.0
30216	299302	398.0	296.0
30228	299302	418.0	308.0
30240	299302	446.0	325.0
30252	299302	483.0	349.0
30264	299302	539.0	384.0
30276	299302	637.0	447.0
30288	299302	815.0	542.0
30000	299329	318.0	243.0
30012	299329	323.0	244.0
30024	299329	330.0	247.0
30036	299329	334.0	249.0
30048	299329	342.0	250.0
30060	299329	350.0	253.0
30072	299329	358.0	256.0
30084	299329	368.0	260.0
30096	299329	378.0	262.0
30108	299329	393.0	267.0
30120	299329	406.0	272.0
30132	299329	422.0	278.0
30144	299329	442.0	286.0
30156	299329	465.0	295.0
30168	299329	495.0	307.0
30180	299329	535.0	323.0
30192	299329	591.0	347.0
30204	299329	676.0	382.0
30216	299329	821.0	443.0
30228	299329	997.0	543.0
30072	299365	341.0	237.0
30084	299365	344.0	236.0
30096	299365	348.0	238.0
30108	299365	354.0	240.0
30120	299365	359.0	242.0
30132	299365	366.0	244.0
30144	299365	373.0	246.0
30156	299365	381.0	248.0
30168	299365	389.0	250.0
30180	299365	400.0	253.0
30192	299365	411.0	257.0
30204	299365	424.0	261.0
30216	299365	441.0	266.0
30228	299365	461.0	272.0
30240	299365	486.0	280.0
30252	299365	517.0	289.0
30264	299365	558.0	303.0
30276	299365	616.0	320.0
30288	299365	701.0	347.0
30300	299365	840.0	390.0
30312	299365	1002.0	468.0
30144	299397	321.0	237.0
30156	299397	323.0	238.0
30168	299397	326.0	239.0
30180	299397	330.0	241.0
30192	299397	332.0	243.0
30204	299397	337.0	245.0
30216	299397	342.0	245.0
30228	299397	346.0	247.0
30240	299397	353.0	250.0
30252	299397	358.0	252.0
30264	299397	365.0	255.0
30276	299397	374.0	259.0
30288	299397	384.0	263.0
30300	299397	395.0	268.0
30312	299397	410.0	273.0
30324	299397	426.0	280.0
30336	299397	447.0	289.0
30348	299397	474.0	300.0
30360	299397	508.0	314.0
30372	299397	559.0	335.0
30384	299397	632.0	366.0
30396	299397	756.0	417.0
30408	299397	971.0	517.0
30144	299402	330.0	233.0
30156	299402	332.0	233.0
30168	299402	336.0	235.0
30180	299402	340.0	236.0
30192	299402	343.0	237.0
30204	299402	347.0	239.0
30216	299402	353.0	240.0
30228	299402	358.0	242.0
30240	299402	365.0	243.0
30252	299402	372.0	245.0
30264	299402	379.0	247.0
30276	299402	389.0	250.0
30288	299402	400.0	253.0
30300	299402	411.0	257.0
30312	299402	426.0	261.0
30324	299402	444.0	267.0
30336	299402	466.0	273.0
30348	299402	493.0	282.0
30360	299402	529.0	293.0
30372	299402	578.0	307.0
30384	299402	651.0	330.0
30396	299402	766.0	364.0
30408	299402	947.0	415.0
30180	299420	367.0	232.0
30192	299420	370.0	233.0
30204	299420	377.0	234.0
30216	299420	383.0	236.0
30228	299420	387.0	237.0
30240	299420	395.0	238.0
30252	299420	405.0	240.0
30264	299420	414.0	243.0
30276	299420	425.0	245.0
30288	299420	437.0	247.0
30300	299420	450.0	249.0
30312	299420	466.0	253.0
30324	299420	484.0	256.0
30336	299420	505.0	261.0
30348	299420	532.0	266.0
30360	299420	564.0	272.0
30372	299420	605.0	281.0
30384	299420	659.0	292.0
30396	299420	734.0	306.0
30408	299420	842.0	328.0
30420	299420	980.0	363.0
30240	299437	276.0	226.0
30252	299437	277.0	227.0
30264	299437	279.0	228.0
30276	299437	279.0	229.0
30288	299437	279.0	228.0
30300	299437	281.0	228.0
30312	299437	281.0	229.0
30324	299437	283.0	229.0
30336	299437	286.0	231.0
30348	299437	286.0	231.0
30360	299437	286.0	232.0
30372	299437	286.5	232.0
30384	299437	290.0	234.0
30396	299437	291.0	234.0
30408	299437	292.0	235.0
30420	299437	294.0	237.0
30432	299437	296.0	239.0
30444	299437	298.0	239.0
30456	299437	300.0	240.0
30468	299437	301.0	242.0
30480	299437	304.0	244.0
30492	299437	307.0	246.0
30504	299437	310.0	248.0
30516	299437	314.0	250.0
30528	299437	319.0	252.0
30540	299437	324.0	256.0
30552	299437	330.0	260.0
30564	299437	337.0	264.0
30576	299437	346.0	269.0
30588	299437	357.0	275.0
30600	299437	371.0	284.0
30612	299437	388.0	295.0
30624	299437	413.0	310.0
30636	299437	445.0	329.0
30648	299437	495.0	361.0
30660	299437	578.0	413.0
30672	299437	748.0	521.0
30684	299437	935.0	540.0
30264	299440	311.0	233.5
30276	299440	313.0	236.0
30288	299440	314.0	236.0
30300	299440	316.0	238.0
30312	299440	319.0	239.0
30324	299440	320.0	240.0
30336	299440	323.0	242.0
30348	299440	325.0	243.0
30360	299440	327.0	245.0
30372	299440	330.0	248.0
30384	299440	332.0	250.0
30396	299440	334.0	253.0
30408	299440	340.0	256.0
30420	299440	344.0	260.0
30432	299440	350.0	264.0
30444	299440	357.0	270.0
30456	299440	367.0	277.0
30468	299440	379.0	284.0
30480	299440	393.0	295.0
30492	299440	415.0	310.0
30504	299440	445.0	330.0
30516	299440	490.0	359.0
30528	299440	566.0	411.0
30540	299440	718.0	513.0
30552	299440	896.0	539.0
30324	299454	296.0	235.0
30336	299454	296.0	235.0
30348	299454	299.0	236.0
30360	299454	302.0	237.0
30372	299454	306.0	238.0
30384	299454	308.0	239.0
30396	299454	311.0	242.0
30408	299454	315.0	243.0
30420	299454	321.0	245.0
30432	299454	324.0	247.0
30444	299454	330.0	248.0
30456	299454	336.0	252.0
30468	299454	343.0	255.0
30480	299454	353.0	257.0
30492	299454	364.0	262.0
30504	299454	377.0	267.0
30516	299454	392.0	272.0
30528	299454	410.0	280.0
30540	299454	433.0	290.0
30552	299454	464.0	302.0
30564	299454	504.0	318.0
30576	299454	560.0	342.0
30588	299454	648.0	379.0
30600	299454	798.0	443.0
30612	299454	992.0	543.0
30336	299464	334.0	234.0
30348	299464	337.0	234.0
30360	299464	341.0	236.0
30372	299464	346.0	238.0
30384	299464	350.0	238.0
30396	299464	356.0	240.0
30408	299464	361.0	241.0
30420	299464	367.0	243.0
30432	299464	374.0	246.0
30444	299464	383.0	248.0
30456	299464	393.0	250.0
30468	299464	403.0	253.0
30480	299464	417.0	257.0
30492	299464	431.0	262.0
30504	299464	449.0	268.0
30516	299464	472.0	273.0
30528	299464	500.0	282.0
30540	299464	536.0	293.0
30552	299464	586.0	307.0
30564	299464	657.0	330.0
30576	299464	768.0	362.0
30588	299464	955.0	419.0
30420	299501	351.0	228.0
30432	299501	352.0	228.0
30444	299501	354.0	229.0
30456	299501	358.0	230.0
30468	299501	362.3333333333333	231.0
30480	299501	367.0	232.0
30492	299501	369.6666666666667	233.0
30504	299501	376.0	233.0
30516	299501	381.0	235.0
30528	299501	387.0	235.0
30540	299501	394.0	237.0
30552	299501	401.0	238.0
30564	299501	410.0	240.0
30576	299501	418.0	242.0
30588	299501	430.0	245.0
30600	299501	442.0	248.0
30612	299501	455.0	250.0
30624	299501	471.0	251.0
30636	299501	490.0	256.0
30648	299501	514.0	260.0
30660	299501	540.0	267.0
30672	299501	576.0	274.0
30684	299501	620.0	284.0
30696	299501	681.0	296.0
30708	299501	766.0	313.0
30720	299501	892.0	339.0
30480	299528	332.0	243.0
30492	299528	338.0	245.0
30504	299528	342.0	245.0
30516	299528	348.0	248.0
30528	299528	354.0	250.0
30540	299528	360.0	252.0
30552	299528	367.0	255.0
30564	299528	374.0	257.0
30576	299528	385.0	261.0
30588	299528	394.0	266.0
30600	299528	406.0	270.0
30612	299528	422.0	277.0
30624	299528	440.0	283.0
30636	299528	461.0	293.0
30648	299528	489.0	307.0
30660	299528	516.0	303.0
30672	299528	580.0	338.0
30684	299528	653.0	372.0
30696	299528	770.0	423.0
30708	299528	973.0	519.0
30528	299551	279.0	232.0
30540	299551	280.0	233.0
30552	299551	282.0	232.45454545454547
30564	299551	283.0	233.0
30576	299551	286.0	234.0
30588	299551	287.0	235.0
30600	299551	290.0	236.0
30612	299551	291.0	236.0
30624	299551	292.0	236.0
30636	299551	295.0	238.0
30648	299551	298.0	239.0
30660	299551	301.0	239.0
30672	299551	303.0	240.0
30684	299551	307.0	242.0
30696	299551	310.0	244.0
30708	299551	313.0	244.0
30720	299551	315.0	244.0
30732	299551	321.0	248.0
30744	299551	326.0	252.0
30756	299551	331.0	256.0
30768	299551	334.0	254.0
30780	299551	345.0	263.0
30792	299551	351.0	268.0
30804	299551	358.0	271.0
30816	299551	367.0	277.0
30828	299551	378.0	284.0
30840	299551	391.0	292.0
30852	299551	406.0	301.0
30864	299551	427.0	314.0
30876	299551	451.0	330.0
30888	299551	486.0	352.0
30900	299551	537.0	384.0
30912	299551	617.0	436.0
30924	299551	771.0	532.0
30936	299551	916.75	539.0
30948	299551	940.0	538.0
30960	299551	961.2	536.2
30972	299551	970.0	537.0
30540	299563	360.0	233.0
30552	299563	364.0	233.0
30564	299563	369.0	234.0
30576	299563	376.0	236.0
30588	299563	380.0	236.0
30600	299563	386.0	239.0
30612	299563	392.0	239.0
30624	299563	400.0	241.0
30636	299563	410.0	245.0
30648	299563	418.0	245.0
30660	299563	428.0	246.0
30672	299563	445.0	252.0
30684	299563	460.0	256.0
30696	299563	478.0	260.0
30708	299563	498.0	265.0
30720	299563	522.0	270.0
30732	299563	554.0	277.0
30744	299563	596.0	287.0
30756	299563	650.0	300.0
30768	299563	722.0	318.0
30780	299563	829.0	344.0
30792	299563	968.0	382.0
30804	299563	989.0	393.0
30816	299563	997.0	390.0
30828	299563	1016.0	398.0
30588	299582	340.1818181818182	241.0909090909091
30600	299582	342.0	243.0
30612	299582	346.0	246.0
30624	299582	351.0	249.0
30636	299582	355.0	250.0
30648	299582	364.0	253.0
30660	299582	370.0	256.0
30672	299582	378.0	259.0
30684	299582	388.0	264.0
30696	299582	399.0	268.0
30708	299582	412.0	273.0
30720	299582	428.0	280.0
30732	299582	448.0	288.0
30744	299582	472.0	298.0
30756	299582	504.0	310.0
30768	299582	545.0	328.0
30780	299582	601.0	351.0
30792	299582	690.0	388.0
30804	299582	829.0	446.0
30816	299582	996.0	542.0
30612	299595	326.0	230.71428571428572
30624	299595	329.1818181818182	231.54545454545453
30636	299595	331.0	232.0
30648	299595	333.57142857142856	233.0
30660	299595	337.0	234.0
30672	299595	341.0	235.0
30684	299595	344.0	236.0
30696	299595	348.0	237.0
30708	299595	354.0	238.0
30720	299595	358.0	239.0
30732	299595	364.0	241.0
30744	299595	370.0	243.0
30756	299595	376.0	244.0
30768	299595	385.0	247.0
30780	299595	392.0	249.0
30792	299595	400.0	251.0
30804	299595	413.0	254.0
30816	299595	426.0	259.0
30828	299595	441.0	263.0
30840	299595	460.0	269.0
30852	299595	481.0	275.0
30864	299595	508.0	283.0
30876	299595	541.0	293.0
30888	299595	586.0	306.0
30900	299595	648.0	325.0
30912	299595	736.0	351.0
30924	299595	880.0	394.0
30792	299651	292.0	237.0
30804	299651	295.3333333333333	237.33333333333334
30816	299651	298.0	237.0
30828	299651	301.0	240.0
30840	299651	303.0	242.0
30852	299651	308.0	243.0
30864	299651	310.0	245.0
30876	299651	312.0	246.0
30888	299651	315.0	248.0
30900	299651	318.0	250.0
30912	299651	322.0	252.0
30924	299651	328.0	255.0
30936	299651	332.0	257.0
30948	299651	338.0	261.0
30960	299651	346.0	265.0
30972	299651	354.0	269.0
30984	299651	363.0	275.0
30996	299651	375.0	281.0
31008	299651	387.0	288.0
31020	299651	404.0	299.0
31032	299651	423.0	310.0
31044	299651	449.0	326.0
31056	299651	484.0	348.0
31068	299651	533.0	379.0
31080	299651	614.0	428.0
31092	299651	759.0	520.0
31104	299651	921.0	540.0
30888	299680	329.0	241.0
30900	299680	336.0	243.0
30912	299680	344.0	245.0
30924	299680	351.0	246.0
30936	299680	355.0	247.0
30948	299680	362.0	250.0
30960	299680	368.0	252.0
30972	299680	375.0	255.0
30984	299680	383.0	258.0
30996	299680	391.0	262.0
31008	299680	402.0	266.0
31020	299680	413.0	270.0
31032	299680	424.0	277.0
31044	299680	442.0	282.0
31056	299680	457.0	281.0
31068	299680	485.0	295.0
31080	299680	517.0	312.0
31092	299680	556.0	329.0
31104	299680	610.0	352.0
31116	299680	692.0	386.0
31128	299680	820.0	439.0
31140	299680	994.0	537.0
30900	299684	304.0	240.0
30912	299684	303.0	241.0
30924	299684	308.0	244.0
30936	299684	312.0	244.0
30948	299684	315.0	247.0
30960	299684	319.0	248.0
30972	299684	323.0	250.0
30984	299684	330.0	253.0
30996	299684	334.0	255.0
31008	299684	339.0	259.0
31020	299684	347.0	262.0
31032	299684	355.0	266.0
31044	299684	365.0	270.0
31056	299684	376.0	276.0
31068	299684	389.0	283.0
31080	299684	404.0	290.0
31092	299684	424.0	300.0
31104	299684	449.0	312.0
31116	299684	481.0	328.0
31128	299684	523.0	349.0
31140	299684	585.0	380.0
31152	299684	680.0	428.0
31164	299684	850.0	512.0
31176	299684	958.0	541.0
30936	299695	293.75	231.625
30948	299695	295.2142857142857	231.14285714285714
30960	299695	297.7857142857143	232.85714285714286
30972	299695	300.92857142857144	233.64285714285714
30984	299695	302.0	234.0
30996	299695	304.0	235.0
31008	299695	308.0	235.0
31020	299695	312.0	236.0
31032	299695	313.0	237.0
31044	299695	318.0	238.0
31056	299695	322.0	239.0
31068	299695	325.0	241.0
31080	299695	328.0	241.0
31092	299695	334.0	243.0
31104	299695	337.0	244.0
31116	299695	342.0	246.0
31128	299695	347.0	248.0
31140	299695	352.0	250.0
31152	299695	356.0	252.0
31164	299695	364.0	254.0
31176	299695	371.0	258.0
31188	299695	379.0	261.0
31200	299695	390.0	266.0
31212	299695	399.0	271.0
31224	299695	413.0	274.0
31236	299695	427.0	281.0
31248	299695	446.0	288.0
31260	299695	469.0	298.0
31272	299695	497.0	309.0
31284	299695	533.0	324.0
31296	299695	585.0	346.0
31308	299695	662.0	378.0
31320	299695	783.0	428.0
31332	299695	978.0	520.0
31344	299695	1000.0	540.0
30972	299709	282.0	229.0
30984	299709	282.0	228.0
30996	299709	284.0	230.0
31008	299709	287.0	231.0
31020	299709	286.64285714285717	231.64285714285714
31032	299709	290.0	232.0
31044	299709	290.0	233.5
31056	299709	293.0	234.0
31068	299709	294.0	236.0
31080	299709	295.0	236.0
31092	299709	299.0	237.0
31104	299709	301.0	238.0
31116	299709	303.0	239.0
31128	299709	306.0	240.0
31140	299709	307.0	240.0
31152	299709	311.0	241.0
31164	299709	314.0	243.0
31176	299709	318.0	245.0
31188	299709	321.0	247.0
31200	299709	326.0	249.0
31212	299709	332.0	250.0
31224	299709	337.0	253.0
31236	299709	343.0	255.0
31248	299709	351.0	258.0
31260	299709	359.0	261.0
31272	299709	367.0	265.0
31284	299709	377.0	269.0
31296	299709	389.0	274.0
31308	299709	403.0	280.0
31320	299709	419.0	287.0
31332	299709	439.0	296.0
31344	299709	462.0	306.0
31356	299709	493.0	321.0
31368	299709	535.0	339.0
31380	299709	593.0	366.0
31392	299709	681.0	406.0
31404	299709	832.0	476.0
31416	299709	970.0	541.0
31428	299709	991.0	539.0
30972	299714	350.0	231.0
30984	299714	356.0	232.0
30996	299714	359.0	234.0
31008	299714	365.0	235.0
31020	299714	370.0	237.0
31032	299714	376.0	238.0
31044	299714	383.0	240.0
31056	299714	391.0	241.0
31068	299714	400.0	244.0
31080	299714	410.0	246.0
31092	299714	421.0	249.0
31104	299714	435.0	252.0
31116	299714	450.0	255.0
31128	299714	467.0	259.0
31140	299714	484.0	256.0
31152	299714	516.0	270.0
31164	299714	553.0	281.0
31176	299714	601.0	292.0
31188	299714	666.0	308.0
31200	299714	761.0	332.0
31212	299714	916.0	369.0
31068	299760	361.5	231.0
31080	299760	366.0	231.0
31092	299760	369.0	233.0
31104	299760	374.6470588235294	234.41176470588235
31116	299760	379.0	234.0
31128	299760	387.0	235.0
31140	299760	393.0	237.0
31152	299760	400.0	238.0
31164	299760	409.0	240.0
31176	299760	417.0	242.0
31188	299760	427.0	244.0
31200	299760	439.0	246.0
31212	299760	454.0	250.0
31224	299760	470.0	253.0
31236	299760	489.0	256.0
31248	299760	511.0	260.0
31260	299760	540.0	266.0
31272	299760	573.0	272.0
31284	299760	618.0	282.0
31296	299760	678.0	294.0
31308	299760	761.0	310.0
31320	299760	886.0	335.0
31116	299769	285.0	233.0
31128	299769	286.14285714285717	232.28571428571428
31140	299769	288.0	234.0
31152	299769	287.0	235.0
31164	299769	289.0	236.0
31176	299769	290.0	237.0
31188	299769	290.0	238.0
31200	299769	293.0	239.0
31212	299769	296.0	240.0
31224	299769	297.0	242.0
31236	299769	301.0	243.0
31248	299769	303.0	244.0
31260	299769	307.0	246.0
31272	299769	309.0	248.0
31284	299769	313.0	250.0
31296	299769	316.0	252.0
31308	299769	321.0	255.0
31320	299769	324.0	258.0
31332	299769	330.0	262.0
31344	299769	335.0	265.0
31356	299769	343.0	270.0
31368	299769	352.0	276.0
31380	299769	363.0	283.0
31392	299769	377.0	291.0
31404	299769	395.0	302.0
31416	299769	418.0	316.0
31428	299769	453.0	336.0
31440	299769	499.0	362.0
31452	299769	573.0	405.0
31464	299769	704.0	481.0
31476	299769	910.0	541.0
31128	299781	262.0	227.0
31140	299781	263.0	227.0
31152	299781	264.0	227.0
31164	299781	265.0	228.0
31176	299781	267.0	229.0
31188	299781	266.0	227.0
31200	299781	267.0	229.0
31212	299781	268.0	230.0
31224	299781	268.0	229.0
31236	299781	269.0	230.0
31248	299781	270.0	231.0
31260	299781	269.0	232.0
31272	299781	272.0	232.0
31284	299781	272.0	232.0
31296	299781	275.0	234.0
31308	299781	277.0	235.0
31320	299781	277.0	235.0
31332	299781	279.0	237.0
31344	299781	281.0	239.0
31356	299781	284.5	239.0
31368	299781	286.0	241.0
31380	299781	290.0	242.0
31392	299781	294.0	244.0
31404	299781	298.0	246.0
31416	299781	301.0	248.0
31428	299781	306.0	249.0
31440	299781	312.0	251.0
31452	299781	317.0	255.0
31464	299781	324.0	258.0
31476	299781	330.0	262.0
31488	299781	337.0	265.0
31500	299781	347.0	270.0
31512	299781	356.0	276.0
31524	299781	367.0	283.0
31536	299781	381.0	292.0
31548	299781	398.0	303.0
31560	299781	419.0	316.0
31572	299781	448.0	336.0
31584	299781	489.0	362.0
31596	299781	551.0	403.0
31608	299781	659.0	473.0
31620	299781	836.0	541.0
31188	299822	341.1818181818182	229.0909090909091
31200	299822	343.5	231.0
31212	299822	346.45454545454544	231.36363636363637
31224	299822	351.0	232.0
31236	299822	354.0	232.0
31248	299822	360.0	233.0
31260	299822	365.0	235.0
31272	299822	370.0	236.0
31284	299822	376.0	237.0
31296	299822	384.0	239.0
31308	299822	391.0	241.0
31320	299822	400.0	243.0
31332	299822	411.0	246.0
31344	299822	421.0	248.0
31356	299822	436.0	251.0
31368	299822	452.0	255.0
31380	299822	471.0	259.0
31392	299822	493.0	264.0
31404	299822	522.0	271.0
31416	299822	557.0	279.0
31428	299822	605.0	291.0
31440	299822	670.0	306.0
31452	299822	766.0	329.0
31464	299822	918.0	364.0
31284	299896	331.0	226.0
31296	299896	335.0	227.0
31308	299896	338.0	229.0
31320	299896	341.0	230.0
31332	299896	345.0	230.0
31344	299896	348.0	231.0
31356	299896	353.0	232.0
31368	299896	357.0	232.0
31380	299896	362.0	234.0
31392	299896	368.0	235.0
31404	299896	373.0	236.0
31416	299896	381.0	238.0
31428	299896	388.0	240.0
31440	299896	396.0	242.0
31452	299896	404.0	244.0
31464	299896	416.0	246.0
31476	299896	428.0	249.0
31488	299896	442.0	252.0
31500	299896	459.0	256.0
31512	299896	480.0	262.0
31524	299896	505.0	267.0
31536	299896	536.0	275.0
31548	299896	577.0	285.0
31560	299896	632.0	298.0
31572	299896	709.0	316.0
31584	299896	824.0	343.0
31596	299896	982.0	390.0
31380	299961	322.0	227.0
31392	299961	324.8	228.0
31404	299961	327.0	229.0
31416	299961	331.0	229.0
31428	299961	334.0	231.0
31440	299961	337.0	231.5
31452	299961	340.0	232.0
31464	299961	343.0	232.0
31476	299961	348.0	235.0
31488	299961	355.0	237.0
31500	299961	358.0	238.0
31512	299961	364.0	239.0
31524	299961	370.0	242.0
31536	299961	378.0	244.0
31548	299961	387.0	247.0
31560	299961	394.0	249.0
31572	299961	405.0	252.0
31584	299961	418.0	256.0
31596	299961	432.0	260.0
31608	299961	450.0	265.0
31620	299961	471.0	272.0
31632	299961	497.0	280.0
31644	299961	531.0	290.0
31656	299961	576.0	304.0
31668	299961	640.0	323.0
31680	299961	737.0	352.0
31692	299961	902.0	402.0
31704	299961	967.0	430.0
31716	299961	991.0	449.0
31728	299961	992.0	441.0
31380	299965	261.0	222.0
31392	299965	263.0625	222.375
31404	299965	265.125	222.75
31416	299965	267.1875	223.125
31428	299965	269.25	223.5
31440	299965	271.3125	223.875
31452	299965	273.0	224.0
31464	299965	273.90909090909093	224.45454545454547
31476	299965	275.4	225.0
31488	299965	277.0	225.0
31500	299965	277.0	225.0
31512	299965	278.0	225.0
31524	299965	277.0	226.0
31536	299965	279.0	227.0
31548	299965	279.0	226.0
31560	299965	280.0	226.0
31572	299965	281.0	228.0
31584	299965	281.0	228.0
31596	299965	282.0	228.0
31608	299965	284.0	229.0
31620	299965	284.0	229.0
31632	299965	285.0	231.0
31644	299965	286.0	231.0
31656	299965	289.0	232.0
31668	299965	290.0	232.0
31680	299965	292.0	233.0
31692	299965	294.0	234.0
31704	299965	294.0	235.0
31716	299965	297.0	236.0
31728	299965	300.0	237.0
31740	299965	301.0	237.0
31752	299965	304.0	238.0
31764	299965	307.0	240.0
31776	299965	310.0	241.0
31788	299965	315.0	244.0
31800	299965	320.0	245.0
31812	299965	325.0	247.0
31824	299965	330.0	248.0
31836	299965	336.0	250.0
31848	299965	344.0	252.0
31860	299965	351.0	253.0
31872	299965	358.0	257.0
31884	299965	367.0	260.0
31896	299965	377.0	264.0
31908	299965	388.0	268.0
31920	299965	401.0	273.0
31932	299965	416.0	280.0
31944	299965	433.0	287.0
31956	299965	455.0	296.0
31968	299965	482.0	308.0
31980	299965	519.0	324.0
31992	299965	569.0	346.0
32004	299965	645.0	378.0
32016	299965	765.0	431.0
32028	299965	974.0	531.0
31392	299971	344.5	227.0
31404	299971	349.0	227.0
31416	299971	352.0	228.0
31428	299971	355.0	228.0
31440	299971	360.0	230.0
31452	299971	363.0	230.0
31464	299971	368.0	231.0
31476	299971	373.0	232.0
31488	299971	378.0	233.0
31500	299971	383.0	234.0
31512	299971	389.0	235.0
31524	299971	397.0	237.0
31536	299971	403.0	238.0
31548	299971	413.0	240.0
31560	299971	423.0	243.0
31572	299971	433.0	245.0
31584	299971	445.0	248.0
31596	299971	460.0	250.0
31608	299971	478.0	255.0
31620	299971	497.0	259.0
31632	299971	523.0	265.0
31644	299971	554.0	270.0
31656	299971	593.0	278.0
31452	299999	303.0	242.0
31464	299999	308.0	245.0
31476	299999	312.0	247.0
31488	299999	315.0	248.0
31500	299999	319.0	250.0
31512	299999	323.0	253.0
31524	299999	329.0	256.0
31536	299999	335.0	259.0
31548	299999	344.0	263.0
31560	299999	350.0	267.0
31572	299999	359.0	272.0
31584	299999	371.0	278.0
31596	299999	383.0	286.0
31608	299999	398.0	294.0
31620	299999	417.0	305.0
31632	299999	442.0	320.0
31644	299999	473.0	338.0
31656	299999	517.0	365.0
31668	299999	585.0	406.0
31680	299999	698.0	474.0
31692	299999	897.0	542.0
31488	300015	292.0	236.0
31500	300015	293.90909090909093	235.63636363636363
31512	300015	296.2	237.2
31524	300015	297.0	238.0
31536	300015	299.0	239.0
31548	300015	300.0	241.0
31560	300015	303.0	244.0
31572	300015	305.0	246.0
31584	300015	308.0	249.0
31596	300015	312.0	250.0
31608	300015	315.0	251.0
31620	300015	318.0	255.0
31632	300015	323.0	259.0
31644	300015	329.0	262.0
31656	300015	336.0	266.0
31668	300015	344.0	271.0
31680	300015	354.0	277.0
31692	300015	369.0	284.0
31704	300015	387.0	293.0
31716	300015	409.0	304.0
31728	300015	438.0	319.0
31740	300015	481.0	340.0
31752	300015	542.0	370.0
31764	300015	642.0	420.0
31776	300015	829.0	513.0
31788	300015	961.0	540.0
31608	300069	325.0	226.0
31620	300069	327.4	227.0
31632	300069	329.5	227.0
31644	300069	332.0	228.0
31656	300069	334.0	227.0
31668	300069	338.0	229.0
31680	300069	340.0	230.0
31692	300069	343.0	232.0
31704	300069	346.0	231.0
31716	300069	349.0	232.0
31728	300069	354.0	233.0
31740	300069	357.0	234.0
31752	300069	362.0	235.0
31764	300069	367.0	236.0
31776	300069	373.0	238.0
31788	300069	379.0	240.0
31800	300069	386.0	241.0
31812	300069	393.0	243.0
31824	300069	401.0	245.0
31836	300069	411.0	247.0
31848	300069	421.0	250.0
31860	300069	434.0	252.0
31872	300069	448.0	256.0
31884	300069	464.0	259.0
31896	300069	483.0	264.0
31908	300069	507.0	270.0
31920	300069	536.0	277.0
31932	300069	574.0	286.0
31944	300069	624.0	298.0
31956	300069	692.0	314.0
31968	300069	790.0	338.0
31980	300069	949.0	376.0
31644	300080	311.0	231.0
31656	300080	313.0	232.0
31668	300080	315.0	232.0
31680	300080	317.0	234.0
31692	300080	319.0	235.0
31704	300080	322.0	236.0
31716	300080	324.0	237.0
31728	300080	327.0	238.0
31740	300080	331.0	240.0
31752	300080	335.0	242.0
31764	300080	339.0	244.0
31776	300080	344.0	245.0
31788	300080	349.0	248.0
31800	300080	355.0	250.0
31812	300080	362.0	253.0
31824	300080	370.0	256.0
31836	300080	379.0	260.0
31848	300080	389.0	264.0
31860	300080	402.0	270.0
31872	300080	417.0	276.0
31884	300080	437.0	283.0
31896	300080	461.0	294.0
31908	300080	492.0	306.0
31920	300080	534.0	325.0
31932	300080	597.0	351.0
31944	300080	696.0	393.0
31956	300080	873.0	466.0
31968	300080	1002.0	541.0
31800	300132	336.0	236.0
31812	300132	342.0	238.0
31824	300132	347.0	238.0
31836	300132	352.0	240.0
31848	300132	357.0	240.0
31860	300132	363.0	243.0
31872	300132	370.0	245.0
31884	300132	376.0	247.0
31896	300132	386.0	249.0
31908	300132	394.0	252.0
31920	300132	404.0	256.0
31932	300132	417.0	259.0
31944	300132	431.0	263.0
31956	300132	448.0	268.0
31968	300132	469.0	274.0
31980	300132	496.0	283.0
31992	300132	530.0	293.0
32004	300132	574.0	308.0
32016	300132	638.0	327.0
32028	300132	734.0	357.0
32040	300132	891.0	405.0
31824	300141	313.0	237.0
31836	300141	317.0	238.0
31848	300141	321.0	239.0
31860	300141	325.0	240.0
31872	300141	327.0	241.0
31884	300141	332.0	244.0
31896	300141	336.0	246.0
31908	300141	342.0	247.0
31920	300141	346.0	250.0
31932	300141	354.0	252.0
31944	300141	361.0	256.0
31956	300141	369.0	259.0
31968	300141	378.0	262.0
31980	300141	390.0	268.0
31992	300141	401.0	273.0
32004	300141	419.0	280.0
32016	300141	437.0	287.0
32028	300141	461.0	297.0
32040	300141	492.0	311.0
32052	300141	534.0	329.0
32064	300141	593.0	354.0
32076	300141	687.0	395.0
32088	300141	850.0	465.0
32100	300141	994.0	542.0
31884	300149	359.6078431372549	234.19607843137254
31896	300149	359.1372549019608	234.4313725490196
31908	300149	358.6666666666667	234.66666666666666
31920	300149	358.19607843137254	234.90196078431373
31932	300149	363.0	237.0
31944	300149	367.0	238.0
31956	300149	373.0	238.0
31968	300149	378.0	240.0
31980	300149	386.0	243.0
31992	300149	394.0	244.0
32004	300149	401.0	247.0
32016	300149	414.0	249.0
32028	300149	423.0	250.0
32040	300149	438.0	255.0
32052	300149	453.0	258.0
32064	300149	472.0	262.0
32076	300149	495.0	268.0
32088	300149	524.0	274.0
32100	300149	561.0	284.0
32112	300149	611.0	295.0
32124	300149	680.0	313.0
32136	300149	782.0	338.0
32148	300149	948.0	377.0
31884	300152	299.2	230.0
31896	300152	300.8	230.0
31908	300152	302.0	231.0
31920	300152	304.0	231.0
31932	300152	305.3333333333333	233.0
31944	300152	309.0	234.0
31956	300152	310.0	235.0
31968	300152	313.0	236.0
31980	300152	315.0	237.0
31992	300152	318.0	239.0
32004	300152	320.0	240.0
32016	300152	325.0	241.0
32028	300152	329.0	243.0
32040	300152	333.0	244.0
32052	300152	338.0	247.0
32064	300152	343.0	249.0
32076	300152	350.0	252.0
32088	300152	356.0	255.0
32100	300152	366.0	259.0
32112	300152	376.0	263.0
32124	300152	389.0	269.0
32136	300152	404.0	275.0
32148	300152	422.0	284.0
32160	300152	447.0	294.0
32172	300152	480.0	309.0
32184	300152	526.0	329.0
32196	300152	597.0	360.0
32208	300152	722.0	417.0
32220	300152	968.0	535.0
31992	300191	334.0	235.0
32004	300191	338.0	237.0
32016	300191	344.0	239.0
32028	300191	348.0	240.0
32040	300191	355.0	241.0
32052	300191	361.0	243.0
32064	300191	368.0	245.0
32076	300191	376.0	247.0
32088	300191	386.0	249.0
32100	300191	396.0	251.0
32112	300191	409.0	255.0
32124	300191	423.0	259.0
32136	300191	440.0	263.0
32148	300191	461.0	269.0
32160	300191	487.0	277.0
32172	300191	522.0	286.0
32184	300191	567.0	298.0
32196	300191	627.0	314.0
32208	300191	723.0	341.0
32220	300191	872.0	376.0
32124	300259	351.0	232.0
32136	300259	355.0	233.0
32148	300259	360.0	235.0
32160	300259	367.0	236.0
32172	300259	373.0	237.0
32184	300259	381.0	240.0
32196	300259	388.0	241.0
32208	300259	397.0	244.0
32220	300259	407.0	246.0
32232	300259	418.0	249.0
32244	300259	432.0	252.0
32256	300259	447.0	255.0
32268	300259	466.0	260.0
32280	300259	489.0	265.0
32292	300259	517.0	272.0
32304	300259	553.0	280.0
32316	300259	601.0	292.0
32328	300259	669.0	309.0
32340	300259	769.0	333.0
32352	300259	929.0	372.0
32184	300288	367.0	231.0
32196	300288	370.0	232.0
32208	300288	376.0	233.0
32220	300288	382.0	235.0
32232	300288	388.0	236.0
32244	300288	394.0	237.0
32256	300288	401.0	238.0
32268	300288	409.0	240.0
32280	300288	417.0	242.0
32292	300288	428.0	245.0
32304	300288	438.0	246.0
32316	300288	451.0	250.0
32328	300288	467.0	252.0
32340	300288	484.0	256.0
32352	300288	505.0	259.0
32364	300288	529.0	265.0
32376	300288	559.0	270.0
32388	300288	598.0	278.0
32400	300288	648.0	288.0
32412	300288	716.0	302.0
32424	300288	811.0	321.0
32436	300288	956.0	350.0
32196	300294	316.0	234.0
32208	300294	319.0	235.0
32220	300294	321.0	236.0
32232	300294	325.0	237.0
32244	300294	329.0	238.0
32256	300294	332.0	240.0
32268	300294	336.0	241.0
32280	300294	341.0	243.0
32292	300294	346.0	246.0
32304	300294	353.0	248.0
32316	300294	360.0	251.0
32328	300294	368.0	253.0
32340	300294	378.0	258.0
32352	300294	389.0	262.0
32364	300294	403.0	268.0
32376	300294	419.0	274.0
32388	300294	440.0	283.0
32400	300294	468.0	294.0
32412	300294	503.0	309.0
32424	300294	556.0	331.0
32436	300294	638.0	365.0
32448	300294	785.0	427.0
32460	300294	997.0	542.0
32280	300338	546.0	243.0
32292	300338	537.0	241.0
32304	300338	530.0	241.0
32316	300338	524.0	240.0
32328	300338	514.6666666666666	239.0
32340	300338	513.6	239.4
32352	300338	511.0	239.0
32364	300338	497.0	238.0
32376	300338	484.0	237.0
32388	300338	469.8732394366197	237.0
32400	300338	456.1830985915493	237.0
32412	300338	442.49295774647885	237.0
32424	300338	428.80281690140845	237.0
32436	300338	415.11267605633805	237.0
32448	300338	401.4225352112676	237.0
32460	300338	400.0	239.0
32472	300338	410.0	240.0
32484	300338	419.0	243.0
32496	300338	431.0	246.0
32508	300338	444.0	248.0
32520	300338	458.0	251.0
32532	300338	474.0	255.0
32544	300338	494.0	259.0
32556	300338	519.0	264.0
32568	300338	547.0	269.0
32580	300338	586.0	277.0
32592	300338	633.0	287.0
32604	300338	700.0	301.0
32616	300338	793.0	320.0
32628	300338	936.0	349.0
32280	300340	315.0	234.0
32292	300340	316.0	235.0
32304	300340	320.0	236.0
32316	300340	325.0	236.0
32328	300340	328.0	239.0
32340	300340	333.0	240.0
32352	300340	337.0	241.0
32364	300340	342.0	245.0
32376	300340	347.0	246.0
32388	300340	354.0	249.0
32400	300340	362.0	251.0
32412	300340	371.0	255.0
32424	300340	380.0	260.0
32436	300340	392.0	264.0
32448	300340	408.0	271.0
32460	300340	426.0	278.0
32472	300340	451.0	289.0
32484	300340	482.0	302.0
32496	300340	527.0	322.0
32508	300340	595.0	351.0
32520	300340	713.0	401.0
32532	300340	950.0	505.0
32292	300344	304.7692307692308	229.76923076923077
32304	300344	307.0	231.0
32316	300344	310.0	232.0
32328	300344	310.0	232.0
32340	300344	314.0	232.0
32352	300344	316.0	234.0
32364	300344	318.0	234.0
32376	300344	321.0	236.0
32388	300344	325.0	237.0
32400	300344	328.0	238.0
32412	300344	331.0	240.0
32424	300344	337.0	242.0
32436	300344	341.0	244.0
32448	300344	347.0	246.0
32460	300344	352.0	248.0
32472	300344	359.0	251.0
32484	300344	367.0	254.0
32496	300344	378.0	258.0
32508	300344	388.0	263.0
32520	300344	401.0	269.0
32532	300344	418.0	275.0
32544	300344	438.0	283.0
32556	300344	464.0	294.0
32568	300344	499.0	309.0
32580	300344	548.0	330.0
32592	300344	624.0	361.0
32604	300344	752.0	415.0
32616	300344	982.0	530.0
32316	300350	346.0	231.0
32328	300350	349.0	232.0
32340	300350	352.0	232.0
32352	300350	357.0	234.0
32364	300350	363.0	235.0
32376	300350	367.3333333333333	235.66666666666666
32388	300350	373.0	237.0
32400	300350	380.0	238.8
32412	300350	386.0	240.0
32424	300350	394.0	243.0
32436	300350	402.0	245.0
32448	300350	412.0	247.0
32460	300350	424.0	249.0
32472	300350	438.0	253.0
32484	300350	453.0	256.0
32496	300350	472.0	261.0
32508	300350	494.0	267.0
32520	300350	523.0	274.0
32532	300350	558.0	283.0
32544	300350	604.0	294.0
32556	300350	670.0	311.0
32568	300350	765.0	333.0
32580	300350	917.0	370.0
32460	300409	334.0	228.0
32472	300409	335.0	228.0
32484	300409	339.0	229.0
32496	300409	342.0	230.0
32508	300409	346.0	231.0
32520	300409	349.0	232.0
32532	300409	353.0	232.0
32544	300409	358.0	234.0
32556	300409	363.0	235.0
32568	300409	370.0	236.0
32580	300409	375.0	238.0
32592	300409	382.0	239.0
32604	300409	390.0	241.0
32616	300409	399.0	243.0
32628	300409	408.0	246.0
32640	300409	420.0	249.0
32652	300409	435.0	251.0
32664	300409	450.0	255.0
32676	300409	469.0	259.0
32688	300409	492.0	265.0
32700	300409	520.0	272.0
32712	300409	557.0	281.0
32724	300409	606.0	293.0
32736	300409	676.0	310.0
32748	300409	778.0	335.0
32760	300409	947.0	374.0
32532	300439	303.25	227.5
32544	300439	305.0	230.0
32556	300439	305.8	230.0
32568	300439	308.72727272727275	230.9090909090909
32580	300439	311.0	231.0
32592	300439	313.0	232.0
32604	300439	315.0	233.0
32616	300439	317.0	234.0
32628	300439	321.0	235.0
32640	300439	322.0	236.0
32652	300439	327.0	236.0
32664	300439	329.0	238.0
32676	300439	334.0	240.0
32688	300439	337.0	240.0
32700	300439	340.0	240.0
32712	300439	346.0	243.0
32724	300439	353.0	246.0
32736	300439	363.0	250.0
32748	300439	371.0	253.0
32760	300439	382.0	257.0
32772	300439	392.0	263.0
32784	300439	406.0	269.0
32796	300439	421.0	273.0
32808	300439	443.0	283.0
32820	300439	470.0	295.0
32832	300439	507.0	310.0
32844	300439	557.0	332.0
32856	300439	637.0	365.0
32868	300439	773.0	422.0
32880	300439	980.0	531.0
32892	300439	991.0	537.0
32904	300439	986.0	528.0
32916	300439	1015.0	535.0
32616	300464	329.0	231.0
32628	300464	333.0	231.0
32640	300464	337.0	232.0
32652	300464	341.0	234.0
32664	300464	343.0	235.0
32676	300464	348.0	235.0
32688	300464	354.0	237.0
32700	300464	360.0	239.0
32712	300464	367.0	241.0
32724	300464	373.0	243.0
32736	300464	382.0	246.0
32748	300464	391.0	248.0
32760	300464	404.0	252.0
32772	300464	418.0	256.0
32784	300464	434.0	261.0
32796	300464	455.0	267.0
32808	300464	480.0	275.0
32820	300464	512.0	284.0
32832	300464	556.0	297.0
32844	300464	619.0	317.0
32856	300464	720.0	346.0
32868	300464	888.0	396.0
32748	300550	312.0	226.0
32760	300550	314.42857142857144	226.28571428571428
32772	300550	317.2857142857143	226.85714285714286
32784	300550	320.0	229.0
32796	300550	321.7	228.9
32808	300550	325.0	231.0
32820	300550	327.0	232.0
32832	300550	330.45454545454544	231.8181818181818
32844	300550	334.0	232.0
32856	300550	339.0	235.0
32868	300550	343.0	236.0
32880	300550	347.0	237.0
32892	300550	352.0	238.0
32904	300550	357.0	240.0
32916	300550	363.0	242.0
32928	300550	370.0	244.0
32940	300550	379.0	246.0
32952	300550	387.0	249.0
32964	300550	398.0	252.0
32976	300550	410.0	256.0
32988	300550	425.0	260.0
33000	300550	443.0	266.0
33012	300550	466.0	273.0
33024	300550	494.0	281.0
33036	300550	531.0	293.0
33048	300550	582.0	308.0
33060	300550	659.0	333.0
33072	300550	783.0	367.0
33084	300550	982.0	440.0
32892	300612	333.0	229.0
32904	300612	336.0	230.0
32916	300612	338.0	229.0
32928	300612	342.0	231.0
32940	300612	345.0	231.0
32952	300612	349.2352941176471	232.41176470588235
32964	300612	354.0	234.0
32976	300612	357.0	234.0
32988	300612	361.0	236.0
33000	300612	367.0	237.0
33012	300612	372.0	238.0
33024	300612	379.0	240.0
33036	300612	385.0	242.0
33048	300612	394.0	244.0
33060	300612	401.0	246.0
33072	300612	411.0	248.0
33084	300612	422.0	251.0
33096	300612	435.0	253.0
33108	300612	450.0	257.0
33120	300612	467.0	262.0
33132	300612	488.0	267.0
33144	300612	514.0	272.0
33156	300612	547.0	281.0
33168	300612	590.0	292.0
33180	300612	650.0	307.0
33192	300612	736.0	328.0
33204	300612	873.0	362.0
33216	300612	999.0	408.0
32904	300629	308.0	231.0
32916	300629	309.4	234.0
32928	300629	312.0	235.0
32940	300629	314.0	235.0
32952	300629	317.0	237.0
32964	300629	321.0	237.0
32976	300629	324.0	239.0
32988	300629	328.0	239.0
33000	300629	331.0	243.0
33012	300629	337.0	245.0
33024	300629	344.0	247.0
33036	300629	350.0	249.0
33048	300629	357.0	252.0
33060	300629	367.0	256.0
33072	300629	377.0	260.0
33084	300629	390.0	265.0
33096	300629	405.0	271.0
33108	300629	424.0	278.0
33120	300629	451.0	289.0
33132	300629	485.0	303.0
33144	300629	532.0	322.0
33156	300629	608.0	353.0
33168	300629	742.0	407.0
33180	300629	987.0	527.0
33036	300679	301.0	232.0
33048	300679	303.0	232.0
33060	300679	305.0	232.0
33072	300679	306.0	233.0
33084	300679	309.0	234.0
33096	300679	310.0	235.0
33108	300679	312.0	236.0
33120	300679	314.0	237.0
33132	300679	316.0	238.0
33144	300679	318.0	240.0
33156	300679	319.0	241.0
33168	300679	323.0	243.0
33180	300679	325.0	244.0
33192	300679	327.0	246.0
33204	300679	331.0	249.0
33216	300679	336.0	251.0
33228	300679	341.0	255.0
33240	300679	346.0	258.0
33252	300679	355.0	263.0
33264	300679	363.0	269.0
33276	300679	374.0	275.0
33288	300679	389.0	283.0
33300	300679	409.0	295.0
33312	300679	434.0	310.0
33324	300679	472.0	333.0
33336	300679	532.0	369.0
33348	300679	643.0	438.0
33360	300679	887.0	543.0
33048	300683	340.0	237.0
33060	300683	344.0	239.0
33072	300683	349.0	239.0
33084	300683	357.0	241.0
33096	300683	360.0	242.0
33108	300683	367.0	244.0
33120	300683	373.0	246.0
33132	300683	379.0	248.0
33144	300683	389.0	251.0
33156	300683	399.0	254.0
33168	300683	411.0	258.0
33180	300683	425.0	263.0
33192	300683	442.0	268.0
33204	300683	461.0	274.0
33216	300683	488.0	282.0
33228	300683	520.0	292.0
33240	300683	564.0	307.0
33252	300683	632.0	327.0
33264	300683	730.0	358.0
33276	300683	902.0	411.0
33288	300683	1008.0	471.0
33084	300701	338.0	232.0
33096	300701	344.0	232.0
33108	300701	346.0	234.0
33120	300701	350.0	234.0
33132	300701	356.0	236.0
33144	300701	360.0	237.0
33156	300701	365.0	238.0
33168	300701	371.0	239.0
33180	300701	377.0	241.0
33192	300701	384.0	243.0
33204	300701	392.0	244.0
33216	300701	400.0	247.0
33228	300701	410.0	249.0
33240	300701	423.0	252.0
33252	300701	435.0	256.0
33264	300701	451.0	259.0
33276	300701	470.0	264.0
33288	300701	492.0	269.0
33300	300701	522.0	277.0
33312	300701	558.0	286.0
33324	300701	607.0	298.0
33336	300701	675.0	315.0
33348	300701	777.0	340.0
33360	300701	942.0	380.0
33288	300767	308.0	235.0
33300	300767	311.0	235.0
33312	300767	314.0	236.0
33324	300767	316.0	238.0
33336	300767	320.0	238.0
33348	300767	323.0	239.0
33360	300767	326.0	241.0
33372	300767	331.0	243.0
33384	300767	336.0	244.0
33396	300767	342.0	247.0
33408	300767	350.0	250.0
33420	300767	358.0	253.0
33432	300767	367.0	258.0
33444	300767	378.0	262.0
33456	300767	391.0	268.0
33468	300767	409.0	276.0
33480	300767	432.0	286.0
33492	300767	463.0	299.0
33504	300767	506.0	318.0
33516	300767	571.0	348.0
33528	300767	688.0	401.0
33540	300767	936.0	513.0
33288	300768	328.1111111111111	232.44444444444446
33300	300768	331.44444444444446	233.77777777777777
33312	300768	334.0	233.0
33324	300768	337.0	235.0
33336	300768	341.0	236.0
33348	300768	345.0	237.0
33360	300768	349.0	237.0
33372	300768	354.0	238.0
33384	300768	359.0	240.0
33396	300768	365.0	241.0
33408	300768	372.0	244.0
33420	300768	380.0	246.0
33432	300768	388.0	248.0
33444	300768	399.0	252.0
33456	300768	408.0	255.0
33468	300768	422.0	260.0
33480	300768	436.0	264.0
33492	300768	457.0	269.0
33504	300768	481.0	276.0
33516	300768	510.0	286.0
33528	300768	548.0	298.0
33540	300768	601.0	314.0
33552	300768	679.0	338.0
33564	300768	802.0	376.0
33576	300768	984.0	444.0
33348	300782	379.9016393442623	226.78688524590163
33360	300782	379.7049180327869	228.36065573770492
33372	300782	379.5081967213115	229.9344262295082
33384	300782	379.3114754098361	231.50819672131146
33396	300782	379.11475409836066	233.08196721311475
33408	300782	381.0	235.0
33420	300782	387.0	235.0
33432	300782	394.0	238.0
33444	300782	401.8	240.4
33456	300782	409.22222222222223	241.11111111111111
33468	300782	418.0	239.5
33480	300782	428.0	242.0
33492	300782	441.0	247.0
33504	300782	455.0	250.0
33516	300782	472.0	254.0
33528	300782	491.0	258.0
33540	300782	514.0	262.0
33552	300782	542.0	269.0
33564	300782	577.0	275.0
33576	300782	622.0	285.0
33588	300782	681.0	297.0
33600	300782	767.0	315.0
33612	300782	892.0	340.0
33384	300801	326.0	231.0
33396	300801	329.0	232.0
33408	300801	333.0	233.0
33420	300801	334.0	234.0
33432	300801	338.0	235.0
33444	300801	341.0	236.0
33456	300801	346.0	237.0
33468	300801	350.0	238.0
33480	300801	355.0	240.0
33492	300801	361.0	242.0
33504	300801	367.0	244.0
33516	300801	374.0	247.0
33528	300801	383.0	249.0
33540	300801	391.0	252.0
33552	300801	402.0	255.0
33564	300801	414.0	259.0
33576	300801	429.0	263.0
33588	300801	447.0	269.0
33600	300801	469.0	276.0
33612	300801	497.0	285.0
33624	300801	532.0	296.0
33636	300801	580.0	311.0
33648	300801	650.0	333.0
33660	300801	758.0	366.0
33672	300801	948.0	424.0
33480	300839	315.0	234.0
33492	300839	317.0	236.0
33504	300839	320.0	237.0
33516	300839	324.0	239.0
33528	300839	328.0	239.0
33540	300839	332.0	241.0
33552	300839	336.0	243.0
33564	300839	341.0	245.0
33576	300839	346.0	247.0
33588	300839	354.0	251.0
33600	300839	361.0	253.0
33612	300839	368.0	257.0
33624	300839	380.0	262.0
33636	300839	392.0	268.0
33648	300839	407.0	274.0
33660	300839	427.0	283.0
33672	300839	452.0	293.0
33684	300839	485.0	307.0
33696	300839	533.0	327.0
33708	300839	606.0	358.0
33720	300839	740.0	413.0
33732	300839	979.0	527.0
33492	300843	299.0	227.0
33504	300843	300.8333333333333	227.0
33516	300843	302.0	229.0
33528	300843	302.75	229.58333333333334
33540	300843	305.0	231.0
33552	300843	308.0	232.0
33564	300843	310.0	232.0
33576	300843	312.0	234.0
33588	300843	314.0	234.0
33600	300843	318.0	236.0
33612	300843	321.0	237.0
33624	300843	324.0	238.0
33636	300843	328.0	241.0
33648	300843	331.0	243.0
33660	300843	336.0	245.0
33672	300843	342.0	247.0
33684	300843	347.0	250.0
33696	300843	354.0	253.0
33708	300843	361.0	256.0
33720	300843	370.0	259.0
33732	300843	380.0	264.0
33744	300843	394.0	269.0
33756	300843	410.0	276.0
33768	300843	430.0	283.0
33780	300843	456.0	293.0
33792	300843	493.0	308.0
33804	300843	545.0	328.0
33816	300843	629.0	362.0
33828	300843	784.0	424.0
33840	300843	1003.0	540.0
33552	300877	362.0	232.0
33564	300877	367.0	234.0
33576	300877	372.0	235.0
33588	300877	375.0	235.0
33600	300877	382.0	237.0
33612	300877	389.0	238.0
33624	300877	396.0	241.0
33636	300877	404.0	244.0
33648	300877	412.0	245.0
33660	300877	423.0	248.0
33672	300877	435.0	250.0
33684	300877	449.0	254.0
33696	300877	465.0	258.0
33708	300877	483.0	261.0
33720	300877	505.0	266.0
33732	300877	533.0	272.0
33744	300877	567.0	278.0
33756	300877	610.0	287.0
33768	300877	670.0	300.0
33780	300877	752.0	316.0
33792	300877	879.0	343.0
33804	300877	973.0	348.0
33588	300889	338.0	231.0
33600	300889	339.0	232.0
33612	300889	343.0	232.25
33624	300889	346.0	234.0
33636	300889	351.0	235.0
33648	300889	353.0	238.0
33660	300889	358.0	238.0
33672	300889	362.0	239.0
33684	300889	368.0	241.0
33696	300889	373.0	243.0
33708	300889	378.0	245.0
33720	300889	386.0	247.0
33732	300889	396.0	249.0
33744	300889	404.0	251.0
33756	300889	412.0	253.0
33768	300889	426.0	252.0
33780	300889	443.0	255.0
33792	300889	461.0	263.0
33804	300889	476.0	267.0
33816	300889	497.0	272.0
33828	300889	524.0	278.0
33840	300889	560.0	287.0
33852	300889	606.0	298.0
33864	300889	671.0	314.0
33876	300889	764.0	337.0
33888	300889	914.0	374.0
33660	300919	318.0	231.0
33672	300919	319.8888888888889	232.88888888888889
33684	300919	322.0	233.0
33696	300919	324.0	234.0
33708	300919	327.0	235.0
33720	300919	328.0	237.0
33732	300919	333.0	237.0
33744	300919	335.0	238.0
33756	300919	339.0	239.0
33768	300919	342.0	240.0
33780	300919	347.0	240.0
33792	300919	352.0	241.0
33804	300919	357.0	243.0
33816	300919	363.0	243.0
33828	300919	368.0	246.0
33840	300919	375.0	247.0
33852	300919	384.0	249.0
33864	300919	393.0	251.0
33876	300919	403.0	254.0
33888	300919	415.0	257.0
33900	300919	429.0	260.0
33912	300919	447.0	266.0
33924	300919	469.0	272.0
33936	300919	496.0	280.0
33948	300919	531.0	291.0
33960	300919	579.0	305.0
33972	300919	647.0	326.0
33984	300919	754.0	357.0
33996	300919	939.0	413.0
33708	300948	313.0	234.0
33720	300948	315.0	234.0
33732	300948	319.5833333333333	235.83333333333334
33744	300948	322.0	236.0
33756	300948	324.0	237.0
33768	300948	325.0	236.0
33780	300948	326.5806451612903	235.80645161290323
33792	300948	327.741935483871	235.41935483870967
33804	300948	328.9032258064516	235.03225806451613
33816	300948	331.2	235.0
33828	300948	333.0	235.0
33840	300948	336.0	236.0
33852	300948	339.0	238.0
33864	300948	344.0	237.0
33876	300948	348.0	239.0
33888	300948	351.0	239.0
33900	300948	356.0	240.0
33912	300948	362.0	241.0
33924	300948	368.0	243.0
33936	300948	373.0	245.0
33948	300948	380.0	247.0
33960	300948	387.0	249.0
33972	300948	398.0	252.0
33984	300948	408.0	254.0
33996	300948	420.0	259.0
34008	300948	434.0	263.0
34020	300948	452.0	268.0
34032	300948	472.0	275.0
34044	300948	497.0	282.0
34056	300948	528.0	292.0
34068	300948	571.0	304.0
34080	300948	630.0	322.0
34092	300948	715.0	349.0
34104	300948	853.0	390.0
34116	300948	1001.0	462.0
33792	300995	336.0	239.0
33804	300995	339.5	238.5
33816	300995	344.0	240.0
33828	300995	349.0	241.0
33840	300995	354.0	242.0
33852	300995	360.0	243.0
33864	300995	367.0	245.0
33876	300995	374.0	247.0
33888	300995	382.0	249.0
33900	300995	391.0	250.0
33912	300995	401.0	253.0
33924	300995	413.0	256.0
33936	300995	426.0	260.0
33948	300995	443.0	265.0
33960	300995	462.0	271.0
33972	300995	486.0	278.0
33984	300995	517.0	287.0
33996	300995	556.0	299.0
34008	300995	611.0	315.0
34020	300995	691.0	339.0
34032	300995	814.0	376.0
34044	300995	987.0	441.0
33816	301014	308.0	229.0
33828	301014	308.0	229.0
33840	301014	310.5	229.5
33852	301014	313.0	230.0
33864	301014	314.0	230.0
33876	301014	316.0	230.0
33888	301014	319.0	230.0
33900	301014	320.0	232.0
33912	301014	323.0	230.0
33924	301014	326.0	231.0
33936	301014	328.0	233.0
33948	301014	331.0	233.0
33960	301014	335.0	234.0
33972	301014	338.0	235.0
33984	301014	342.0	237.0
33996	301014	345.0	238.0
34008	301014	350.0	239.0
34020	301014	356.0	241.0
34032	301014	361.0	243.0
34044	301014	368.0	245.0
34056	301014	375.0	247.0
34068	301014	384.0	249.0
34080	301014	392.0	252.0
34092	301014	403.0	255.0
34104	301014	416.0	259.0
34116	301014	432.0	263.0
34128	301014	450.0	269.0
34140	301014	473.0	276.0
34152	301014	501.0	284.0
34164	301014	537.0	295.0
34176	301014	588.0	311.0
34188	301014	661.0	335.0
34200	301014	776.0	370.0
34212	301014	964.0	432.0
33900	301051	346.0	228.0
33912	301051	350.0	229.0
33924	301051	353.0	229.0
33936	301051	358.0	231.0
33948	301051	362.0	232.0
33960	301051	367.0	232.0
33972	301051	372.0	234.0
33984	301051	378.0	235.0
33996	301051	386.0	237.0
34008	301051	393.0	238.0
34020	301051	401.0	240.0
34032	301051	411.0	242.0
34044	301051	421.0	245.0
34056	301051	434.0	247.0
34068	301051	448.0	249.0
34080	301051	466.0	253.0
34092	301051	484.0	257.0
34104	301051	511.0	262.0
34116	301051	541.0	268.0
34128	301051	581.0	275.0
34140	301051	634.0	286.0
34152	301051	708.0	301.0
34164	301051	820.0	324.0
34176	301051	975.0	359.0
33972	301087	306.0	225.0
33984	301087	307.5	225.5
33996	301087	309.0	226.0
34008	301087	310.0	227.0
34020	301087	312.0	227.0
34032	301087	313.96153846153845	228.19230769230768
34044	301087	316.2692307692308	228.65384615384616
34056	301087	318.0	230.0
34068	301087	319.0	230.0
34080	301087	321.0	229.0
34092	301087	324.0	231.0
34104	301087	327.0	231.0
34116	301087	330.0	232.0
34128	301087	333.0	233.0
34140	301087	337.0	235.0
34152	301087	341.0	236.0
34164	301087	345.0	237.0
34176	301087	350.0	238.0
34188	301087	355.0	239.0
34200	301087	360.0	240.0
34212	301087	367.0	243.0
34224	301087	375.0	245.0
34236	301087	385.0	248.0
34248	301087	393.0	250.0
34260	301087	405.0	253.0
34272	301087	417.0	256.0
34284	301087	433.0	262.0
34296	301087	452.0	267.0
34308	301087	475.0	274.0
34320	301087	504.0	283.0
34332	301087	544.0	294.0
34344	301087	598.0	311.0
34356	301087	677.0	335.0
34368	301087	804.0	373.0
34380	301087	989.0	444.0
34104	301110	307.0	226.0
34116	301110	309.0	225.0
34128	301110	310.0	226.0
34140	301110	312.0	226.0
34152	301110	313.0	227.0
34164	301110	315.0	227.0
34176	301110	317.0	226.0
34188	301110	319.0	227.0
34200	301110	321.0	228.0
34212	301110	322.0	228.0
34224	301110	327.0	230.0
34236	301110	329.0	231.0
34248	301110	333.0	232.0
34260	301110	334.0	233.0
34272	301110	339.0	233.0
34284	301110	342.0	235.0
34296	301110	345.0	236.0
34308	301110	350.0	237.0
34320	301110	354.0	239.0
34332	301110	361.0	240.0
34344	301110	367.0	243.0
34356	301110	374.0	244.0
34368	301110	381.0	247.0
34380	301110	389.0	250.0
34392	301110	401.0	253.0
34404	301110	412.0	256.0
34416	301110	426.0	261.0
34428	301110	444.0	267.0
34440	301110	466.0	273.0
34452	301110	492.0	281.0
34464	301110	529.0	293.0
34476	301110	578.0	308.0
34488	301110	649.0	330.0
34500	301110	764.0	365.0
34512	301110	961.0	428.0
34164	301131	333.57142857142856	226.57142857142858
34176	301131	336.0	228.0
34188	301131	340.0	228.0
34200	301131	343.0	230.0
34212	301131	346.0	230.0
34224	301131	350.0	232.0
34236	301131	354.0	232.0
34248	301131	358.0	233.0
34260	301131	362.0	234.0
34272	301131	368.0	236.0
34284	301131	374.0	237.0
34296	301131	380.0	238.0
34308	301131	386.0	240.0
34320	301131	393.0	242.0
34332	301131	402.0	245.0
34344	301131	411.0	246.0
34356	301131	422.0	249.0
34368	301131	434.0	252.0
34380	301131	448.0	256.0
34392	301131	465.0	259.0
34404	301131	486.0	265.0
34416	301131	511.0	271.0
34428	301131	542.0	279.0
34440	301131	584.0	289.0
34452	301131	638.0	302.0
34464	301131	718.0	322.0
34476	301131	836.0	351.0
34488	301131	988.0	399.0
34344	301196	344.0	231.0
34356	301196	348.0	231.5
34368	301196	352.0	232.0
34380	301196	356.0	233.0
34392	301196	361.0	234.0
34404	301196	366.0	235.0
34416	301196	370.0	237.0
34428	301196	376.0	238.0
34440	301196	383.0	240.0
34452	301196	390.0	242.0
34464	301196	398.0	244.0
34476	301196	406.0	246.0
34488	301196	416.0	248.0
34500	301196	428.0	250.0
34512	301196	441.0	254.0
34524	301196	457.0	258.0
34536	301196	476.0	262.0
34548	301196	499.0	268.0
34560	301196	527.0	275.0
34572	301196	564.0	284.0
34584	301196	611.0	295.0
34596	301196	676.0	311.0
34608	301196	771.0	335.0
34620	301196	911.0	359.0
34356	301202	320.0	235.0
34368	301202	322.0	236.0
34380	301202	325.0	237.0
34392	301202	329.0	239.0
34404	301202	331.0	240.0
34416	301202	334.0	242.0
34428	301202	338.0	243.0
34440	301202	342.0	244.0
34452	301202	347.0	247.0
34464	301202	353.0	248.0
34476	301202	359.0	251.0
34488	301202	365.0	253.0
34500	301202	375.0	257.0
34512	301202	384.0	261.0
34524	301202	395.0	265.0
34536	301202	409.0	271.0
34548	301202	426.0	278.0
34560	301202	446.0	286.0
34572	301202	472.0	296.0
34584	301202	506.0	310.0
34596	301202	555.0	329.0
34608	301202	625.0	358.0
34620	301202	739.0	404.0
34632	301202	951.0	491.0
34368	301205	334.0	232.0
34380	301205	337.0	233.0
34392	301205	341.5	234.0
34404	301205	344.0	235.0
34416	301205	348.0	236.0
34428	301205	353.0	238.0
34440	301205	358.0	239.0
34452	301205	365.0	241.0
34464	301205	371.0	244.0
34476	301205	379.0	246.0
34488	301205	388.0	249.0
34500	301205	398.0	251.0
34512	301205	410.0	255.0
34524	301205	424.0	259.0
34536	301205	442.0	265.0
34548	301205	463.0	271.0
34560	301205	489.0	279.0
34572	301205	523.0	289.0
34584	301205	569.0	303.0
34596	301205	636.0	324.0
34608	301205	739.0	356.0
34620	301205	922.0	411.0
34428	301225	323.0	235.0
34440	301225	327.0	237.0
34452	301225	329.0	238.0
34464	301225	334.0	240.0
34476	301225	337.0	241.0
34488	301225	342.0	242.0
34500	301225	345.0	245.0
34512	301225	349.0	246.0
34524	301225	355.0	249.0
34536	301225	362.0	251.0
34548	301225	370.0	254.0
34560	301225	378.0	257.0
34572	301225	388.0	261.0
34584	301225	399.0	266.0
34596	301225	412.0	271.0
34608	301225	428.0	277.0
34620	301225	449.0	286.0
34632	301225	474.0	297.0
34644	301225	509.0	311.0
34656	301225	557.0	331.0
34668	301225	629.0	361.0
34680	301225	746.0	410.0
34692	301225	960.0	504.0
34440	301233	262.0	224.0
34452	301233	264.0	224.0
34464	301233	265.0	224.0
34476	301233	266.14285714285717	223.14285714285714
34488	301233	268.0	224.0
34500	301233	270.0	224.5
34512	301233	270.0	224.0
34524	301233	271.0	225.0
34536	301233	272.6923076923077	225.0
34548	301233	275.1818181818182	225.72727272727272
34560	301233	277.0	226.0
34572	301233	277.0	226.0
34584	301233	277.5217391304348	226.17391304347825
34596	301233	278.5652173913044	226.52173913043478
34608	301233	279.60869565217394	226.8695652173913
34620	301233	280.6521739130435	227.2173913043478
34632	301233	281.69565217391306	227.56521739130434
34644	301233	282.7391304347826	227.91304347826087
34656	301233	285.0	230.0
34668	301233	284.0	229.0
34680	301233	285.6	229.8
34692	301233	287.0	231.0
34704	301233	288.38461538461536	231.46153846153845
34716	301233	290.0	233.0
34728	301233	291.0	232.0
34740	301233	292.0	234.0
34752	301233	292.0	236.0
34764	301233	294.0	237.0
34776	301233	297.0	237.0
34788	301233	297.0	237.0
34800	301233	301.0	239.0
34812	301233	303.0	240.0
34824	301233	306.0	241.0
34836	301233	309.0	243.0
34848	301233	310.0	244.0
34860	301233	314.0	246.0
34872	301233	318.0	249.0
34884	301233	321.0	250.0
34896	301233	327.0	253.0
34908	301233	332.0	256.0
34920	301233	339.0	260.0
34932	301233	346.0	264.0
34944	301233	357.0	269.0
34956	301233	367.0	274.0
34968	301233	382.0	281.0
34980	301233	400.0	291.0
34992	301233	423.0	302.0
35004	301233	454.0	316.0
35016	301233	498.0	337.0
35028	301233	560.0	367.0
35040	301233	662.0	416.0
35052	301233	853.0	508.0
35064	301233	986.0	540.0
34452	301236	310.0	225.0
34464	301236	312.0	226.0
34476	301236	314.0	227.0
34488	301236	317.0	227.0
34500	301236	317.0	228.0
34512	301236	318.0	228.0
34524	301236	321.0	229.0
34536	301236	322.0	229.5
34548	301236	325.5	230.5
34560	301236	330.0	231.0
34572	301236	332.0	233.0
34584	301236	336.0	233.0
34596	301236	340.0	234.0
34608	301236	344.0	235.0
34620	301236	348.0	236.0
34632	301236	353.0	238.0
34644	301236	358.0	240.0
34656	301236	364.0	241.0
34668	301236	370.0	244.0
34680	301236	377.0	246.0
34692	301236	386.0	249.0
34704	301236	395.0	251.0
34716	301236	408.0	254.0
34728	301236	423.0	259.0
34740	301236	440.0	264.0
34752	301236	461.0	270.0
34764	301236	487.0	278.0
34776	301236	520.0	289.0
34788	301236	565.0	302.0
34800	301236	631.0	322.0
34812	301236	731.0	354.0
34824	301236	905.0	407.0
34572	301274	359.0	230.0
34584	301274	364.0	231.0
34596	301274	369.0	232.0
34608	301274	373.0	233.0
34620	301274	379.0	234.0
34632	301274	385.0	236.0
34644	301274	391.0	237.0
34656	301274	398.0	238.0
34668	301274	406.0	240.0
34680	301274	415.0	242.0
34692	301274	425.0	244.0
34704	301274	436.0	247.0
34716	301274	451.0	250.0
34728	301274	467.0	252.0
34740	301274	485.0	256.0
34752	301274	508.0	260.0
34764	301274	536.0	265.0
34776	301274	568.0	272.0
34788	301274	612.0	281.0
34800	301274	669.0	292.0
34812	301274	748.0	308.0
34824	301274	863.0	330.0
34836	301274	989.0	358.0
34632	301299	300.0	226.0
34644	301299	301.0	225.0
34656	301299	304.0	226.0
34668	301299	305.4	228.0
34680	301299	306.6	228.0
34692	301299	308.0	229.0
34704	301299	309.6666666666667	229.33333333333334
34716	301299	312.0	231.0
34728	301299	313.5	230.5
34740	301299	316.0	232.0
34752	301299	319.0	232.5
34764	301299	320.0	234.0
34776	301299	323.0	235.0
34788	301299	327.0	236.0
34800	301299	331.0	238.0
34812	301299	334.0	240.0
34824	301299	339.0	242.0
34836	301299	345.0	243.0
34848	301299	351.0	246.0
34860	301299	358.0	248.0
34872	301299	366.0	251.0
34884	301299	374.0	255.0
34896	301299	386.0	259.0
34908	301299	400.0	264.0
34920	301299	417.0	271.0
34932	301299	437.0	279.0
34944	301299	465.0	290.0
34956	301299	502.0	304.0
34968	301299	556.0	326.0
34980	301299	642.0	362.0
34992	301299	796.0	423.0
35004	301299	1007.0	541.0
34704	301339	331.0	224.0
34716	301339	334.42857142857144	224.71428571428572
34728	301339	335.6666666666667	226.0
34740	301339	338.0	225.0
34752	301339	340.1333333333333	225.53333333333333
34764	301339	343.5	227.0
34776	301339	346.0	226.0
34788	301339	349.0	227.0
34800	301339	352.0	228.0
34812	301339	357.0	229.0
34824	301339	360.0	230.0
34836	301339	365.0	231.0
34848	301339	369.0	232.0
34860	301339	374.6666666666667	232.0
34872	301339	380.0	234.0
34884	301339	386.0	235.0
34896	301339	394.0	237.0
34908	301339	401.0	238.0
34920	301339	411.0	240.0
34932	301339	420.0	242.0
34944	301339	432.0	244.0
34956	301339	444.0	246.0
34968	301339	459.0	250.0
34980	301339	478.0	254.0
34992	301339	498.0	258.0
35004	301339	525.0	263.0
35016	301339	556.0	268.0
35028	301339	598.0	277.0
35040	301339	652.0	288.0
35052	301339	729.0	303.0
35064	301339	838.0	325.0
35076	301339	964.0	341.0
34848	301403	289.0	232.0
34860	301403	290.0	233.0
34872	301403	292.0	234.0
34884	301403	294.0	235.0
34896	301403	295.0	235.0
34908	301403	298.0	236.0
34920	301403	299.0	237.0
34932	301403	302.0	238.0
34944	301403	304.0	240.0
34956	301403	306.0	241.0
34968	301403	308.0	243.0
34980	301403	311.0	244.0
34992	301403	315.0	247.0
35004	301403	320.0	249.0
35016	301403	324.0	251.0
35028	301403	329.0	253.0
35040	301403	335.0	257.0
35052	301403	341.0	261.0
35064	301403	349.0	265.0
35076	301403	358.0	270.0
35088	301403	370.0	277.0
35100	301403	383.0	285.0
35112	301403	400.0	295.0
35124	301403	424.0	308.0
35136	301403	453.0	326.0
35148	301403	497.0	353.0
35160	301403	563.0	395.0
35172	301403	687.0	471.0
35184	301403	910.0	542.0
34908	301424	284.0	232.0
34920	301424	285.1666666666667	233.0
34932	301424	286.0	234.0
34944	301424	287.55555555555554	234.77777777777777
34956	301424	291.0	235.0
34968	301424	289.0	235.0
34980	301424	292.0	239.0
34992	301424	297.0	238.0
35004	301424	298.0	238.0
35016	301424	301.0	241.0
35028	301424	304.0	242.0
35040	301424	309.0	244.0
35052	301424	313.0	246.0
35064	301424	319.0	248.0
35076	301424	325.0	251.0
35088	301424	333.0	254.0
35100	301424	340.0	257.0
35112	301424	351.0	261.0
35124	301424	361.0	266.0
35136	301424	376.0	272.0
35148	301424	392.0	279.0
35160	301424	412.0	287.0
35172	301424	438.0	297.0
35184	301424	472.0	311.0
35196	301424	518.0	330.0
35208	301424	587.0	359.0
35220	301424	699.0	407.0
35232	301424	906.0	498.0
34980	301445	358.0	233.0
34992	301445	361.0	234.0
35004	301445	368.0	236.0
35016	301445	373.0	237.0
35028	301445	379.0	238.0
35040	301445	387.0	239.0
35052	301445	395.0	242.0
35064	301445	403.0	244.0
35076	301445	414.0	246.0
35088	301445	425.0	249.0
35100	301445	438.0	252.0
35112	301445	454.0	256.0
35124	301445	469.45	258.4
35136	301445	485.65	260.8
35148	301445	516.0	270.0
35160	301445	550.0	278.0
35172	301445	596.0	290.0
35184	301445	653.0	304.0
35196	301445	735.0	324.0
35208	301445	858.0	354.0
35220	301445	993.0	400.0
35064	301476	322.12	224.0
35076	301476	324.04	224.0
35088	301476	325.0	225.0
35100	301476	327.3809523809524	225.0952380952381
35112	301476	329.6666666666667	225.66666666666666
35124	301476	331.0	226.0
35136	301476	333.0	227.0
35148	301476	337.0	228.0
35160	301476	339.0	228.0
35172	301476	342.0	230.0
35184	301476	346.0	230.0
35196	301476	349.0	231.0
35208	301476	354.0	232.0
35220	301476	359.0	234.0
35232	301476	363.0	235.0
35244	301476	368.0	236.0
35256	301476	375.0	237.0
35268	301476	381.0	238.0
35280	301476	386.0	239.0
35292	301476	396.0	242.0
35304	301476	404.0	244.0
35316	301476	415.0	247.0
35328	301476	426.0	249.0
35340	301476	440.0	252.0
35352	301476	457.0	256.0
35364	301476	475.0	260.0
35376	301476	498.0	266.0
35388	301476	527.0	273.0
35400	301476	564.0	282.0
35412	301476	611.0	293.0
35424	301476	678.0	309.0
35436	301476	776.0	333.0
35448	301476	935.0	371.0
35076	301486	344.0	229.0
35088	301486	347.0	230.0
35100	301486	352.0	231.0
35112	301486	355.0	233.0
35124	301486	361.0	234.0
35136	301486	366.0	235.0
35148	301486	372.0	237.0
35160	301486	380.0	238.0
35172	301486	387.0	240.0
35184	301486	396.0	241.0
35196	301486	404.0	244.0
35208	301486	416.0	246.0
35220	301486	428.0	250.0
35232	301486	443.0	254.0
35244	301486	459.0	257.0
35256	301486	479.0	262.0
35268	301486	504.0	267.0
35280	301486	533.0	274.0
35292	301486	572.0	283.0
35304	301486	623.0	296.0
35316	301486	696.0	313.0
35328	301486	805.0	339.0
35340	301486	972.0	384.0
35100	301497	310.6666666666667	230.66666666666666
35112	301497	315.0	233.0
35124	301497	317.0	235.0
35136	301497	320.0	236.0
35148	301497	324.0	237.0
35160	301497	328.0	238.0
35172	301497	331.0	240.0
35184	301497	336.0	242.0
35196	301497	340.0	243.0
35208	301497	348.0	247.0
35220	301497	354.0	249.0
35232	301497	363.0	252.0
35244	301497	373.0	256.0
35256	301497	384.0	261.0
35268	301497	398.0	266.0
35280	301497	415.0	273.0
35292	301497	437.0	281.0
35304	301497	465.0	292.0
35316	301497	502.0	308.0
35328	301497	558.0	331.0
35340	301497	648.0	368.0
35352	301497	813.0	436.0
35364	301497	1000.0	543.0
35220	301542	327.0	231.0
35232	301542	329.0	231.0
35244	301542	333.0	232.0
35256	301542	337.0	233.0
35268	301542	342.0	234.0
35280	301542	343.0	235.0
35292	301542	349.0	236.0
35304	301542	355.0	238.0
35316	301542	362.0	239.0
35328	301542	367.0	242.0
35340	301542	373.0	244.0
35352	301542	383.0	246.0
35364	301542	390.0	249.0
35376	301542	403.0	251.0
35388	301542	413.0	254.0
35400	301542	428.0	258.0
35412	301542	447.0	264.0
35424	301542	468.0	272.0
35436	301542	496.0	280.0
35448	301542	531.0	292.0
35460	301542	579.0	306.0
35472	301542	650.0	328.0
35484	301542	760.0	361.0
35496	301542	954.0	422.0
35268	301559	312.0	233.0
35280	301559	315.0	234.0
35292	301559	319.0	235.0
35304	301559	323.0	238.0
35316	301559	328.0	239.0
35328	301559	332.0	240.0
35340	301559	337.0	243.0
35352	301559	342.0	244.0
35364	301559	347.0	247.0
35376	301559	355.0	249.0
35388	301559	362.0	253.0
35400	301559	371.0	256.0
35412	301559	384.0	261.0
35424	301559	397.0	266.0
35436	301559	414.0	274.0
35448	301559	435.0	283.0
35460	301559	463.0	295.0
35472	301559	499.0	310.0
35484	301559	555.0	333.0
35496	301559	643.0	370.0
35508	301559	803.0	439.0
35520	301559	992.0	542.0
35292	301564	295.0	225.0
35304	301564	296.0	226.0
35316	301564	296.85714285714283	225.14285714285714
35328	301564	298.0	224.0
35340	301564	299.0	226.0
35352	301564	300.0	227.0
35364	301564	302.0	226.0
35376	301564	304.6363636363636	227.8181818181818
35388	301564	306.0	229.0
35400	301564	308.0	229.0
35412	301564	310.0	230.0
35424	301564	312.75	231.375
35436	301564	315.0	233.0
35448	301564	318.0	234.0
35460	301564	322.0	236.0
35472	301564	324.0	236.0
35484	301564	328.0	237.0
35496	301564	332.0	240.0
35508	301564	338.0	242.0
35520	301564	342.0	243.0
35532	301564	348.0	246.0
35544	301564	355.0	249.0
35556	301564	363.0	251.0
35568	301564	373.0	256.0
35580	301564	383.0	261.0
35592	301564	397.0	266.0
35604	301564	414.0	273.0
35616	301564	434.0	282.0
35628	301564	461.0	293.0
35640	301564	499.0	309.0
35652	301564	554.0	333.0
35664	301564	643.0	371.0
35676	301564	809.0	442.0
35688	301564	993.0	542.0
35352	301583	321.0	223.0
35364	301583	322.0	225.0
35376	301583	324.0	225.0
35388	301583	326.0	225.0
35400	301583	328.0	226.0
35412	301583	331.0	226.0
35424	301583	333.0	227.0
35436	301583	337.0	227.0
35448	301583	338.0	228.0
35460	301583	342.0	229.0
35472	301583	346.0	230.0
35484	301583	349.0	231.0
35496	301583	353.0	232.0
35508	301583	358.0	233.0
35520	301583	363.0	234.0
35532	301583	367.0	235.0
35544	301583	373.0	236.0
35556	301583	380.0	238.0
35568	301583	387.0	240.0
35580	301583	395.0	241.0
35592	301583	404.0	244.0
35604	301583	413.0	246.0
35616	301583	425.0	249.0
35628	301583	437.0	251.0
35640	301583	453.0	255.0
35652	301583	471.0	259.0
35664	301583	492.0	264.0
35676	301583	519.0	271.0
35688	301583	551.0	278.0
35700	301583	594.0	288.0
35712	301583	651.0	301.0
35724	301583	733.0	322.0
35736	301583	855.0	349.0
35748	301583	994.0	397.0
35508	301632	324.0	229.0
35520	301632	327.0	231.0
35532	301632	331.0	232.0
35544	301632	335.0	233.0
35556	301632	338.0	234.0
35568	301632	344.0	235.0
35580	301632	349.0	237.0
35592	301632	354.0	238.0
35604	301632	362.0	241.0
35616	301632	369.0	243.0
35628	301632	377.0	246.0
35640	301632	387.0	248.0
35652	301632	399.0	251.0
35664	301632	412.0	255.0
35676	301632	428.0	260.0
35688	301632	447.0	265.0
35700	301632	473.0	273.0
35712	301632	504.0	283.0
35724	301632	546.0	295.0
35736	301632	607.0	313.0
35748	301632	701.0	342.0
35760	301632	867.0	391.0
35520	301637	313.0	225.0
35532	301637	313.53846153846155	226.53846153846155
35544	301637	316.0	226.0
35556	301637	317.0	227.0
35568	301637	320.0	228.0
35580	301637	322.0	229.0
35592	301637	325.0	229.0
35604	301637	328.0	232.0
35616	301637	331.0	232.0
35628	301637	334.0	233.0
35640	301637	338.0	234.0
35652	301637	341.0	235.0
35664	301637	346.0	236.0
35676	301637	350.0	236.0
35688	301637	355.0	239.0
35700	301637	361.0	239.0
35712	301637	366.0	242.0
35724	301637	374.0	244.0
35736	301637	382.0	246.0
35748	301637	390.0	249.0
35760	301637	401.0	252.0
35772	301637	413.0	255.0
35784	301637	426.0	259.0
35796	301637	443.0	264.0
35808	301637	464.0	271.0
35820	301637	490.0	279.0
35832	301637	524.0	289.0
35844	301637	567.0	302.0
35856	301637	632.0	322.0
35868	301637	730.0	352.0
35880	301637	896.0	402.0
35616	301668	294.0	224.0
35628	301668	294.0	224.0
35640	301668	295.0	226.0
35652	301668	295.8181818181818	226.0
35664	301668	296.0	226.0
35676	301668	298.0	226.0
35688	301668	299.0	226.0
35700	301668	300.0	227.0
35712	301668	301.0	227.0
35724	301668	301.0	228.0
35736	301668	304.25	228.0
35748	301668	306.0	229.0
35760	301668	308.0	229.0
35772	301668	310.0	231.0
35784	301668	312.0	231.0
35796	301668	314.0	232.0
35808	301668	317.0	233.0
35820	301668	321.0	234.0
35832	301668	324.0	235.0
35844	301668	327.0	237.0
35856	301668	331.0	238.0
35868	301668	336.0	240.0
35880	301668	339.0	241.0
35892	301668	346.0	244.0
35904	301668	352.0	246.0
35916	301668	360.0	249.0
35928	301668	369.0	253.0
35940	301668	379.0	257.0
35952	301668	391.0	262.0
35964	301668	407.0	268.0
35976	301668	425.0	276.0
35988	301668	448.0	285.0
36000	301668	479.0	298.0
36012	301668	522.0	315.0
36024	301668	584.0	340.0
36036	301668	685.0	381.0
36048	301668	875.0	457.0
35712	301692	338.0	225.0
35724	301692	339.0	225.0
35736	301692	340.0	226.0
35748	301692	344.0	226.0
35760	301692	346.0	226.0
35772	301692	349.0	227.0
35784	301692	352.0	227.0
35796	301692	356.0	227.0
35808	301692	359.0	229.0
35820	301692	364.0	230.0
35832	301692	367.0	230.0
35844	301692	373.0	231.0
35856	301692	378.0	232.0
35868	301692	384.0	233.0
35880	301692	391.0	234.0
35892	301692	397.0	235.0
35904	301692	406.0	237.0
35916	301692	414.0	239.0
35928	301692	424.0	241.0
35940	301692	436.0	244.0
35952	301692	448.0	247.0
35964	301692	463.0	250.0
35976	301692	481.0	253.0
35988	301692	501.0	257.0
36000	301692	526.0	262.0
36012	301692	555.0	268.0
36024	301692	594.0	276.0
36036	301692	642.0	286.0
36048	301692	706.0	299.0
36060	301692	798.0	317.0
36072	301692	934.0	345.0
35916	301769	299.0	226.0
35928	301769	301.0	227.0
35940	301769	301.0	227.0
35952	301769	304.0	228.0
35964	301769	304.0	230.0
35976	301769	307.0	230.0
35988	301769	309.0	232.0
36000	301769	310.0	232.0
36012	301769	314.0	232.0
36024	301769	315.0	234.0
36036	301769	317.0	235.0
36048	301769	320.0	236.0
36060	301769	323.0	237.0
36072	301769	327.0	238.0
36084	301769	331.0	240.0
36096	301769	336.0	242.0
36108	301769	340.0	244.0
36120	301769	345.0	246.0
36132	301769	351.0	249.0
36144	301769	357.0	251.0
36156	301769	366.0	256.0
36168	301769	375.0	259.0
36180	301769	386.0	264.0
36192	301769	399.0	269.0
36204	301769	415.0	276.0
36216	301769	434.0	285.0
36228	301769	459.0	296.0
36240	301769	493.0	311.0
36252	301769	541.0	333.0
36264	301769	615.0	366.0
36276	301769	741.0	422.0
36288	301769	975.0	537.0
36012	301807	358.0	229.0
36024	301807	362.5	230.0
36036	301807	366.6	231.0
36048	301807	373.0	232.0
36060	301807	378.0	233.0
36072	301807	384.0	235.0
36084	301807	391.0	236.0
36096	301807	397.0	238.0
36108	301807	406.0	239.0
36120	301807	415.0	242.0
36132	301807	425.0	244.0
36144	301807	437.0	247.0
36156	301807	450.0	249.0
36168	301807	466.0	252.0
36180	301807	483.0	256.0
36192	301807	506.0	261.0
36204	301807	532.0	266.0
36216	301807	565.0	273.0
36228	301807	606.0	281.0
36240	301807	663.0	293.0
36252	301807	741.0	310.0
36264	301807	857.0	334.0
36276	301807	979.0	359.0
36132	301846	310.0	225.0
36144	301846	311.53846153846155	225.0
36156	301846	313.3333333333333	225.0
36168	301846	315.0	226.0
36180	301846	314.6666666666667	226.0
36192	301846	316.0769230769231	226.53846153846155
36204	301846	319.0	228.0
36216	301846	322.05882352941177	228.35294117647058
36228	301846	324.0	230.0
36240	301846	325.8888888888889	230.0
36252	301846	329.23809523809524	231.0952380952381
36264	301846	332.0952380952381	232.23809523809524
36276	301846	335.0	233.0
36288	301846	339.0	234.0
36300	301846	342.0	235.0
36312	301846	346.0	236.0
36324	301846	350.0	237.0
36336	301846	354.0	238.0
36348	301846	360.0	240.0
36360	301846	366.0	242.0
36372	301846	372.0	243.0
36384	301846	381.0	246.0
36396	301846	388.0	249.0
36408	301846	398.0	251.0
36420	301846	409.0	255.0
36432	301846	421.0	259.0
36444	301846	437.0	264.0
36456	301846	455.0	269.0
36468	301846	477.0	276.0
36480	301846	506.0	285.0
36492	301846	542.0	296.0
36504	301846	592.0	311.0
36516	301846	663.0	334.0
36528	301846	773.0	366.0
36540	301846	960.0	426.0
36168	301859	294.0	226.0
36180	301859	296.0	225.0
36192	301859	297.0	226.0
36204	301859	299.0	226.0
36216	301859	299.0	227.0
36228	301859	300.0	228.0
36240	301859	303.0	229.0
36252	301859	305.0	229.0
36264	301859	307.0	230.0
36276	301859	308.0	230.0
36288	301859	311.0	231.0
36300	301859	312.0	232.0
36312	301859	316.0	233.0
36324	301859	317.0	233.0
36336	301859	320.0	235.0
36348	301859	323.0	235.0
36360	301859	325.0	236.0
36372	301859	331.0	238.0
36384	301859	335.0	240.0
36396	301859	339.0	242.0
36408	301859	345.0	244.0
36420	301859	350.0	247.0
36432	301859	357.0	249.0
36444	301859	365.0	253.0
36456	301859	373.0	256.0
36468	301859	385.0	261.0
36480	301859	396.0	266.0
36492	301859	412.0	272.0
36504	301859	431.0	280.0
36516	301859	455.0	291.0
36528	301859	487.0	305.0
36540	301859	531.0	324.0
36552	301859	599.0	353.0
36564	301859	713.0	401.0
36576	301859	940.0	498.0
36588	301859	997.0	540.0
36336	301916	337.8	227.8
36348	301916	341.0	229.0
36360	301916	343.0	230.0
36372	301916	347.0	230.0
36384	301916	350.0	231.0
36396	301916	354.0	232.0
36408	301916	358.0	233.0
36420	301916	364.0	234.0
36432	301916	369.0	236.0
36444	301916	376.0	237.0
36456	301916	382.0	240.0
36468	301916	389.0	242.0
36480	301916	397.0	242.0
36492	301916	405.0	242.0
36504	301916	417.0	244.0
36516	301916	432.0	250.0
36528	301916	447.0	255.0
36540	301916	464.0	259.0
36552	301916	485.0	264.0
36564	301916	512.0	270.0
36576	301916	545.0	278.0
36588	301916	588.0	289.0
36600	301916	647.0	302.0
36612	301916	731.0	323.0
36624	301916	860.0	354.0
36636	301916	999.0	404.0
36408	301951	237.2	216.0
36420	301951	239.46153846153845	217.15384615384616
36432	301951	242.0	218.0
36444	301951	243.53846153846155	218.76923076923077
36456	301951	246.0	220.0
36468	301951	248.33333333333334	220.22222222222223
36480	301951	251.0	220.66666666666666
36492	301951	253.0	221.0
36504	301951	254.2	221.3
36516	301951	258.0	222.0
36528	301951	260.0	222.0
36540	301951	262.0	222.0
36552	301951	263.0	223.0
36564	301951	265.0	224.0
36576	301951	267.0	224.0
36588	301951	270.0	224.0
36600	301951	271.0	224.0
36612	301951	272.0	225.0
36624	301951	274.0	225.0
36636	301951	275.0	224.0
36648	301951	277.0	225.0
36660	301951	277.0	226.0
36672	301951	278.0	227.0
36684	301951	278.0	227.0
36696	301951	280.14285714285717	226.0
36708	301951	282.0	227.0
36720	301951	283.1	228.0
36732	301951	284.1333333333333	228.06666666666666
36744	301951	285.73333333333335	228.86666666666667
36756	301951	285.0	230.0
36768	301951	286.4	230.7
36780	301951	287.94736842105266	231.47368421052633
36792	301951	290.0	232.0
36804	301951	290.0	233.0
36816	301951	292.0	234.0
36828	301951	293.0	235.0
36840	301951	295.0	236.0
36852	301951	298.0	237.0
36864	301951	301.0	238.0
36876	301951	303.0	240.0
36888	301951	306.0	241.0
36900	301951	310.0	243.0
36912	301951	313.0	244.0
36924	301951	319.0	247.0
36936	301951	325.0	249.0
36948	301951	332.0	252.0
36960	301951	341.0	255.0
36972	301951	350.0	259.0
36984	301951	362.0	263.0
36996	301951	374.0	268.0
37008	301951	391.0	273.0
37020	301951	409.0	281.0
37032	301951	433.0	291.0
37044	301951	464.0	303.0
37056	301951	505.0	321.0
37068	301951	564.0	345.0
37080	301951	656.0	385.0
37092	301951	824.0	458.0
37104	301951	994.0	543.0
36420	301954	332.0	232.0
36432	301954	337.0	235.0
36444	301954	341.0	235.0
36456	301954	346.0	236.0
36468	301954	350.0	239.0
36480	301954	355.0	240.0
36492	301954	361.0	241.0
36504	301954	368.0	244.0
36516	301954	375.0	246.0
36528	301954	384.0	249.0
36540	301954	392.0	250.0
36552	301954	403.0	254.0
36564	301954	416.0	258.0
36576	301954	429.0	263.0
36588	301954	447.0	269.0
36600	301954	469.0	275.0
36612	301954	495.0	283.0
36624	301954	530.0	295.0
36636	301954	578.0	310.0
36648	301954	646.0	331.0
36660	301954	751.0	364.0
36672	301954	932.0	423.0
36444	301960	298.5833333333333	227.0
36456	301960	300.0	228.0
36468	301960	301.2142857142857	228.78571428571428
36480	301960	302.0	228.0
36492	301960	305.0	229.33333333333334
36504	301960	305.8333333333333	230.0
36516	301960	308.0	231.0
36528	301960	310.5	232.5
36540	301960	313.0	233.0
36552	301960	315.0	234.0
36564	301960	317.0	235.0
36576	301960	321.0	237.0
36588	301960	323.0	238.0
36600	301960	327.0	239.0
36612	301960	331.0	241.0
36624	301960	336.0	243.0
36636	301960	341.0	245.0
36648	301960	346.0	248.0
36660	301960	352.0	249.0
36672	301960	361.0	253.0
36684	301960	371.0	257.0
36696	301960	381.0	261.0
36708	301960	393.0	267.0
36720	301960	408.0	273.0
36732	301960	427.0	281.0
36744	301960	452.0	292.0
36756	301960	484.0	306.0
36768	301960	530.0	325.0
36780	301960	600.0	356.0
36792	301960	724.0	409.0
36804	301960	962.0	519.0
36480	301980	332.0	226.0
36492	301980	335.0	226.0
36504	301980	337.0	227.0
36516	301980	341.0	230.0
36528	301980	344.0	229.0
36540	301980	349.0	231.0
36552	301980	353.0	231.0
36564	301980	359.0	232.0
36576	301980	362.0	234.0
36588	301980	369.0	235.0
36600	301980	374.0	237.0
36612	301980	382.0	238.0
36624	301980	389.0	240.0
36636	301980	399.0	243.0
36648	301980	408.0	244.0
36660	301980	420.0	247.0
36672	301980	434.0	251.0
36684	301980	451.0	255.0
36696	301980	470.0	259.0
36708	301980	494.0	265.0
36720	301980	524.0	272.0
36732	301980	562.0	281.0
36744	301980	613.0	294.0
36756	301980	686.0	311.0
36768	301980	798.0	337.0
36780	301980	970.0	381.0
36516	302009	328.0	231.0
36528	302009	331.0	231.0
36540	302009	336.0	232.0
36552	302009	338.0	234.0
36564	302009	341.0	234.66666666666666
36576	302009	346.0	235.5
36588	302009	350.0	237.0
36600	302009	357.0	238.0
36612	302009	362.0	240.0
36624	302009	370.0	243.0
36636	302009	376.0	245.0
36648	302009	385.0	248.0
36660	302009	393.0	250.0
36672	302009	406.0	253.0
36684	302009	420.0	258.0
36696	302009	436.0	262.0
36708	302009	456.0	269.0
36720	302009	481.0	277.0
36732	302009	513.0	287.0
36744	302009	558.0	301.0
36756	302009	619.0	320.0
36768	302009	716.0	349.0
36780	302009	879.0	399.0
36792	302009	997.0	457.0
36576	302034	302.0	227.0
36588	302034	302.1666666666667	228.0
36600	302034	304.6	229.0
36612	302034	306.5	229.0
36624	302034	308.0	230.0
36636	302034	310.0	231.0
36648	302034	311.6666666666667	231.66666666666666
36660	302034	315.0	233.0
36672	302034	318.0	234.0
36684	302034	321.0	235.0
36696	302034	324.0	236.0
36708	302034	327.0	237.0
36720	302034	331.0	240.0
36732	302034	336.0	241.0
36744	302034	340.0	243.0
36756	302034	345.0	245.0
36768	302034	352.0	247.0
36780	302034	359.0	250.0
36792	302034	368.0	253.0
36804	302034	377.0	257.0
36816	302034	389.0	262.0
36828	302034	402.0	267.0
36840	302034	418.0	274.0
36852	302034	437.0	282.0
36864	302034	464.0	293.0
36876	302034	499.0	308.0
36888	302034	550.0	330.0
36900	302034	629.0	362.0
36912	302034	768.0	422.0
36924	302034	995.0	541.0
36648	302061	360.6666666666667	228.0
36660	302061	365.6666666666667	230.66666666666666
36672	302061	369.52941176470586	231.1764705882353
36684	302061	375.88235294117646	233.2941176470588
36696	302061	381.85714285714283	233.71428571428572
36708	302061	389.0	235.0
36720	302061	395.0	237.0
36732	302061	403.48	236.44
36744	302061	411.64	236.92
36756	302061	421.0	240.0
36768	302061	433.0	244.0
36780	302061	447.0	247.0
36792	302061	461.0	249.0
36804	302061	476.0	252.0
36816	302061	497.0	257.0
36828	302061	521.0	262.0
36840	302061	550.0	267.0
36852	302061	586.0	274.0
36864	302061	632.0	284.0
36876	302061	693.0	295.0
36888	302061	779.0	313.0
36900	302061	905.0	339.0
36744	302110	310.0	231.0
36756	302110	310.0	232.0
36768	302110	312.0	232.0
36780	302110	315.0	235.0
36792	302110	318.0	235.0
36804	302110	320.0	236.0
36816	302110	324.0	237.0
36828	302110	327.0	238.0
36840	302110	331.0	240.0
36852	302110	335.0	241.0
36864	302110	340.0	244.0
36876	302110	346.0	246.0
36888	302110	352.0	248.0
36900	302110	357.0	251.0
36912	302110	366.0	254.0
36924	302110	375.0	258.0
36936	302110	386.0	262.0
36948	302110	398.0	268.0
36960	302110	415.0	275.0
36972	302110	434.0	282.0
36984	302110	460.0	293.0
36996	302110	494.0	307.0
37008	302110	542.0	328.0
37020	302110	616.0	358.0
37032	302110	740.0	412.0
37044	302110	974.0	522.0
36840	302162	354.0	228.0
36852	302162	356.3333333333333	229.33333333333334
36864	302162	361.0	230.0
36876	302162	365.0	231.0
36888	302162	370.0	232.0
36900	302162	373.0	234.0
36912	302162	380.0	234.0
36924	302162	385.0	235.0
36936	302162	393.0	237.0
36948	302162	399.0	239.0
36960	302162	407.0	240.0
36972	302162	415.0	242.0
36984	302162	427.0	245.0
36996	302162	440.0	247.0
37008	302162	454.0	250.0
37020	302162	471.0	254.0
37032	302162	487.0	256.0
37044	302162	511.0	261.0
37056	302162	540.0	268.0
37068	302162	574.0	275.0
37080	302162	621.0	284.0
37092	302162	683.0	298.0
37104	302162	771.0	315.0
37116	302162	906.0	345.0
36924	302201	285.0	233.0
36936	302201	287.0	233.0
36948	302201	288.0	235.0
36960	302201	290.0	235.0
36972	302201	292.0	236.0
36984	302201	293.0	237.0
36996	302201	296.0	238.0
37008	302201	297.0	240.0
37020	302201	300.0	241.0
37032	302201	301.0	243.0
37044	302201	306.0	245.0
37056	302201	310.0	247.0
37068	302201	314.0	249.0
37080	302201	318.0	251.0
37092	302201	324.0	255.0
37104	302201	329.0	259.0
37116	302201	336.0	263.0
37128	302201	345.0	268.0
37140	302201	356.0	275.0
37152	302201	367.0	283.0
37164	302201	383.0	293.0
37176	302201	405.0	307.0
37188	302201	433.0	326.0
37200	302201	476.0	355.0
37212	302201	545.0	403.0
37224	302201	684.0	497.0
37236	302201	878.0	540.0
36924	302202	336.0	229.0
36936	302202	340.0	229.0
36948	302202	344.0	231.0
36960	302202	349.25	232.0
36972	302202	353.0	232.0
36984	302202	358.94117647058823	234.11764705882354
36996	302202	364.5882352941176	234.8235294117647
37008	302202	370.3333333333333	237.33333333333334
37020	302202	375.6666666666667	238.66666666666666
37032	302202	381.3636363636364	238.0
37044	302202	390.8333333333333	239.75
37056	302202	398.0	242.0
37068	302202	411.0	245.0
37080	302202	423.0	249.0
37092	302202	438.0	253.0
37104	302202	455.0	257.0
37116	302202	476.0	262.0
37128	302202	501.0	268.0
37140	302202	532.0	276.0
37152	302202	574.0	286.0
37164	302202	630.0	300.0
37176	302202	710.0	319.0
37188	302202	833.0	349.0
37200	302202	996.0	405.0
36948	302210	231.0	219.0
36960	302210	232.0	219.0
36972	302210	235.42857142857142	219.78571428571428
36984	302210	237.5	219.0
36996	302210	240.0	220.33333333333334
37008	302210	242.0	220.0
37020	302210	243.0	221.0
37032	302210	247.0	222.0
37044	302210	248.0	223.0
37056	302210	250.0	223.0
37068	302210	253.0	224.0
37080	302210	254.0	224.0
37092	302210	256.0	223.0
37104	302210	257.0	224.0
37116	302210	259.0	224.0
37128	302210	261.0	224.0
37140	302210	263.0	225.0
37152	302210	264.0	225.0
37164	302210	265.0	226.0
37176	302210	266.0	226.0
37188	302210	268.0	226.0
37200	302210	270.5	227.0
37212	302210	273.0	228.0
37224	302210	273.3333333333333	228.0
37236	302210	276.0	229.0
37248	302210	279.0	229.0
37260	302210	280.0	231.0
37272	302210	282.0	232.0
37284	302210	284.0	232.0
37296	302210	287.0	232.0
37308	302210	289.0	234.0
37320	302210	292.0	235.0
37332	302210	293.0	236.0
37344	302210	297.0	238.0
37356	302210	300.0	238.0
37368	302210	304.0	240.0
37380	302210	304.0	241.0
37392	302210	307.0	243.0
37404	302210	310.0	245.0
37416	302210	315.0	247.0
37428	302210	318.0	250.0
37440	302210	323.0	252.0
37452	302210	328.0	254.0
37464	302210	334.0	259.0
37476	302210	341.0	263.0
37488	302210	350.0	269.0
37500	302210	360.0	275.0
37512	302210	372.0	284.0
37524	302210	389.0	294.0
37536	302210	411.0	309.0
37548	302210	443.0	328.0
37560	302210	490.0	359.0
37572	302210	571.0	411.0
37584	302210	735.0	517.0
37596	302210	928.0	540.0
37056	302283	326.0	226.0
37068	302283	329.2	225.4
37080	302283	332.0	227.0
37092	302283	334.0	227.0
37104	302283	337.0	228.0
37116	302283	340.0	230.0
37128	302283	343.0	230.0
37140	302283	347.0	231.0
37152	302283	350.0	232.0
37164	302283	355.0	233.0
37176	302283	361.0	234.0
37188	302283	365.0	235.0
37200	302283	370.0	236.0
37212	302283	377.0	238.0
37224	302283	384.0	239.0
37236	302283	392.0	243.0
37248	302283	401.0	245.0
37260	302283	411.0	247.0
37272	302283	423.0	250.0
37284	302283	437.0	253.0
37296	302283	453.0	257.0
37308	302283	473.0	262.0
37320	302283	496.0	268.0
37332	302283	526.0	276.0
37344	302283	564.0	285.0
37356	302283	617.0	298.0
37368	302283	690.0	317.0
37380	302283	803.0	345.0
37392	302283	974.0	393.0
37068	302295	303.0	239.0
37080	302295	305.6	238.0
37092	302295	309.0	239.0
37104	302295	313.0	241.0
37116	302295	319.0	243.0
37128	302295	326.0	245.0
37140	302295	331.0	247.0
37152	302295	339.0	250.0
37164	302295	346.0	252.0
37176	302295	354.0	255.0
37188	302295	364.0	258.0
37200	302295	375.0	262.0
37212	302295	387.0	268.0
37224	302295	402.0	274.0
37236	302295	419.0	281.0
37248	302295	440.0	290.0
37260	302295	467.0	300.0
37272	302295	503.0	315.0
37284	302295	553.0	336.0
37296	302295	629.0	369.0
37308	302295	760.0	425.0
37320	302295	982.0	536.0
37116	302305	303.0	236.0
37128	302305	305.0	238.0
37140	302305	310.0	239.0
37152	302305	315.0	240.0
37164	302305	320.0	243.0
37176	302305	326.0	244.0
37188	302305	333.0	246.0
37200	302305	340.0	249.0
37212	302305	347.0	251.0
37224	302305	355.0	253.0
37236	302305	366.0	257.0
37248	302305	376.0	262.0
37260	302305	388.0	266.0
37272	302305	402.0	271.0
37284	302305	420.0	278.0
37296	302305	440.0	287.0
37308	302305	466.0	298.0
37320	302305	500.0	312.0
37332	302305	547.0	331.0
37344	302305	616.0	362.0
37356	302305	729.0	411.0
37368	302305	944.0	506.0
37380	302305	995.0	540.0
37128	302321	292.0	232.0
37140	302321	294.0	232.0
37152	302321	296.0	233.0
37164	302321	298.0	235.0
37176	302321	300.0	235.0
37188	302321	301.0	236.0
37200	302321	303.0	238.0
37212	302321	304.0	239.0
37224	302321	305.0	239.0
37236	302321	309.0	241.0
37248	302321	311.0	243.0
37260	302321	313.0	245.0
37272	302321	317.0	247.0
37284	302321	320.0	249.0
37296	302321	323.0	251.0
37308	302321	330.0	254.0
37320	302321	334.0	257.0
37332	302321	342.0	261.0
37344	302321	351.0	265.0
37356	302321	361.0	271.0
37368	302321	375.0	276.0
37380	302321	391.0	284.0
37392	302321	414.0	293.0
37404	302321	441.0	306.0
37416	302321	476.0	321.0
37428	302321	527.0	342.0
37440	302321	601.0	376.0
37452	302321	727.0	431.0
37464	302321	960.0	539.0
37476	302321	997.0	540.0
37200	302345	349.2	227.0
37212	302345	352.0	228.0
37224	302345	358.0	231.0
37236	302345	359.8	230.8
37248	302345	364.0	231.0
37260	302345	369.0	232.0
37272	302345	373.0	232.5
37284	302345	379.0	234.0
37296	302345	384.0	235.0
37308	302345	391.0	237.0
37320	302345	398.0	238.0
37332	302345	406.0	241.0
37344	302345	415.0	241.0
37356	302345	426.0	244.0
37368	302345	435.0	245.0
37380	302345	449.0	247.0
37392	302345	467.0	251.0
37404	302345	486.0	257.0
37416	302345	507.0	260.0
37428	302345	535.0	266.0
37440	302345	570.0	273.0
37452	302345	614.0	282.0
37464	302345	675.0	294.0
37476	302345	761.0	312.0
37488	302345	890.0	337.0
37200	302346	318.0	233.0
37212	302346	321.0	233.0
37224	302346	326.0	235.0
37236	302346	330.0	237.0
37248	302346	336.0	238.0
37260	302346	341.0	240.0
37272	302346	348.0	241.0
37284	302346	355.0	243.0
37296	302346	363.0	246.0
37308	302346	372.0	248.0
37320	302346	382.0	250.0
37332	302346	393.0	253.0
37344	302346	406.0	258.0
37356	302346	423.0	262.0
37368	302346	441.0	268.0
37380	302346	463.0	274.0
37392	302346	492.0	283.0
37404	302346	529.0	293.0
37416	302346	582.0	309.0
37428	302346	658.0	333.0
37440	302346	781.0	370.0
37452	302346	981.0	440.0
37380	302385	333.0	230.0
37392	302385	337.0	230.0
37404	302385	339.0	231.0
37416	302385	344.0	232.0
37428	302385	348.0	233.0
37440	302385	351.0	233.0
37452	302385	356.0	235.0
37464	302385	360.0	235.0
37476	302385	367.0	237.0
37488	302385	371.0	238.0
37500	302385	378.0	239.0
37512	302385	385.0	241.0
37524	302385	393.0	243.0
37536	302385	401.0	245.0
37548	302385	410.0	247.0
37560	302385	421.0	251.0
37572	302385	434.0	253.0
37584	302385	449.0	258.0
37596	302385	467.0	262.0
37608	302385	488.0	268.0
37620	302385	513.0	274.0
37632	302385	545.0	282.0
37644	302385	587.0	292.0
37656	302385	644.0	306.0
37668	302385	722.0	326.0
37680	302385	841.0	355.0
37692	302385	990.0	406.0
37380	302389	287.0	230.0
37392	302389	289.0	231.0
37404	302389	290.57142857142856	231.39285714285714
37416	302389	292.2857142857143	231.82142857142858
37428	302389	293.7142857142857	232.71428571428572
37440	302389	294.625	233.0
37452	302389	295.0	234.0
37464	302389	298.0	234.0
37476	302389	299.0	235.0
37488	302389	299.0	236.0
37500	302389	301.0	237.0
37512	302389	303.0	239.0
37524	302389	306.0	239.0
37536	302389	308.0	241.0
37548	302389	312.0	242.0
37560	302389	315.0	244.0
37572	302389	318.0	246.0
37584	302389	322.0	248.0
37596	302389	327.0	250.0
37608	302389	332.0	253.0
37620	302389	338.0	256.0
37632	302389	345.0	259.0
37644	302389	354.0	262.0
37656	302389	364.0	268.0
37668	302389	374.0	272.0
37680	302389	387.0	277.0
37692	302389	403.0	284.0
37704	302389	424.0	293.0
37716	302389	449.0	304.0
37728	302389	483.0	319.0
37740	302389	528.0	339.0
37752	302389	594.0	370.0
37764	302389	704.0	420.0
37776	302389	909.0	516.0
37788	302389	988.0	540.0
37560	302434	297.1764705882353	233.52941176470588
37572	302434	297.88235294117646	235.64705882352942
37584	302434	300.0	238.0
37596	302434	304.0	239.0
37608	302434	307.0	240.0
37620	302434	310.0	241.0
37632	302434	312.0	243.0
37644	302434	316.0	244.0
37656	302434	318.0	245.0
37668	302434	322.0	247.0
37680	302434	328.0	249.0
37692	302434	330.0	250.0
37704	302434	338.0	252.0
37716	302434	345.0	255.0
37728	302434	351.0	257.0
37740	302434	359.0	260.0
37752	302434	369.0	264.0
37764	302434	379.0	268.0
37776	302434	389.0	272.0
37788	302434	404.0	278.0
37800	302434	421.0	285.0
37812	302434	442.0	293.0
37824	302434	468.0	304.0
37836	302434	501.0	319.0
37848	302434	547.0	339.0
37860	302434	614.0	367.0
37872	302434	717.0	412.0
37884	302434	899.0	491.0
37896	302434	987.0	541.0
37560	302435	351.0	228.0
37572	302435	354.6666666666667	229.0
37584	302435	357.0	230.0
37596	302435	361.0	231.0
37608	302435	365.5	233.0
37620	302435	370.0	234.0
37632	302435	375.0	235.0
37644	302435	380.0	236.0
37656	302435	387.0	237.0
37668	302435	393.0	238.0
37680	302435	400.0	240.0
37692	302435	408.0	242.0
37704	302435	417.0	244.0
37716	302435	427.0	245.0
37728	302435	439.0	247.0
37740	302435	451.0	250.0
37752	302435	466.0	252.0
37764	302435	485.0	255.0
37776	302435	504.0	259.0
37788	302435	529.0	264.0
37800	302435	560.0	270.0
37812	302435	600.0	278.0
37824	302435	650.0	288.0
37836	302435	718.0	302.0
37848	302435	815.0	321.0
37860	302435	958.0	351.0
37620	302448	290.0	234.0
37632	302448	291.0	234.0
37644	302448	292.0	235.0
37656	302448	293.3333333333333	235.0
37668	302448	295.0	236.0
37680	302448	296.0	237.0
37692	302448	298.0	239.0
37704	302448	299.0	238.0
37716	302448	301.0	240.0
37728	302448	304.0	240.0
37740	302448	304.0	241.0
37752	302448	308.0	243.0
37764	302448	313.0	244.0
37776	302448	314.0	246.0
37788	302448	317.0	247.0
37800	302448	322.0	250.0
37812	302448	327.0	252.0
37824	302448	331.0	255.0
37836	302448	336.0	258.0
37848	302448	342.0	261.0
37860	302448	348.0	264.0
37872	302448	356.0	269.0
37884	302448	366.0	274.0
37896	302448	376.0	280.0
37908	302448	390.0	288.0
37920	302448	406.0	298.0
37932	302448	424.0	309.0
37944	302448	450.0	325.0
37956	302448	484.0	346.0
37968	302448	532.0	378.0
37980	302448	611.0	428.0
37992	302448	755.0	520.0
38004	302448	925.0	540.0
37740	302488	336.0	242.0
37752	302488	342.0	244.0
37764	302488	347.0	245.0
37776	302488	351.0	248.0
37788	302488	357.0	249.0
37800	302488	364.0	252.0
37812	302488	371.0	254.0
37824	302488	379.0	258.0
37836	302488	387.0	261.0
37848	302488	397.0	265.0
37860	302488	409.0	270.0
37872	302488	424.0	276.0
37884	302488	440.0	283.0
37896	302488	461.0	292.0
37908	302488	488.0	303.0
37920	302488	521.0	317.0
37932	302488	568.0	336.0
37944	302488	635.0	364.0
37956	302488	740.0	407.0
37968	302488	923.0	482.0
37980	302488	995.0	540.0
37752	302498	326.0	238.0
37764	302498	330.61538461538464	239.30769230769232
37776	302498	334.0	241.0
37788	302498	337.0	242.0
37800	302498	342.0	244.0
37812	302498	348.0	246.0
37824	302498	352.0	248.0
37836	302498	358.0	250.0
37848	302498	367.0	253.0
37860	302498	372.0	256.0
37872	302498	382.0	259.0
37884	302498	390.0	262.0
37896	302498	401.0	266.0
37908	302498	414.0	272.0
37920	302498	428.0	278.0
37932	302498	444.0	285.0
37944	302498	465.0	294.0
37956	302498	492.0	304.0
37968	302498	530.0	320.0
37980	302498	576.0	336.0
37992	302498	645.0	356.0
38004	302498	762.0	411.0
38016	302498	948.0	488.0
38028	302498	1009.0	541.0
37800	302512	305.0	240.0
37812	302512	308.0	242.0
37824	302512	312.0	243.0
37836	302512	316.0	246.0
37848	302512	321.0	246.0
37860	302512	329.0	248.0
37872	302512	332.0	251.0
37884	302512	340.0	254.0
37896	302512	346.0	256.0
37908	302512	354.0	260.0
37920	302512	362.0	263.0
37932	302512	372.0	268.0
37944	302512	381.0	273.0
37956	302512	392.0	279.0
37968	302512	403.0	286.0
37980	302512	418.0	295.0
37992	302512	435.0	306.0
38004	302512	458.0	320.0
38016	302512	489.0	339.0
38028	302512	534.0	367.0
38040	302512	602.0	409.0
38052	302512	721.0	482.0
38064	302512	918.0	541.0
38076	302512	962.0	539.0
37860	302529	303.0	237.0
37872	302529	306.0	238.0
37884	302529	310.0	240.0
37896	302529	313.0	240.0
37908	302529	319.0	241.0
37920	302529	324.0	244.0
37932	302529	330.0	246.0
37944	302529	335.0	247.0
37956	302529	340.0	249.0
37968	302529	348.0	251.0
37980	302529	356.0	254.0
37992	302529	365.0	257.0
38004	302529	375.0	261.0
38016	302529	387.0	265.0
38028	302529	400.0	271.0
38040	302529	415.0	276.0
38052	302529	433.0	284.0
38064	302529	455.0	292.0
38076	302529	482.0	303.0
38088	302529	518.0	317.0
38100	302529	564.0	336.0
38112	302529	633.0	364.0
38124	302529	741.0	408.0
38136	302529	923.0	483.0
38148	302529	993.0	541.0
37860	302531	287.0	234.0
37872	302531	285.0	234.16666666666666
37884	302531	287.0	235.0
37896	302531	289.0	236.0
37908	302531	291.0	237.0
37920	302531	294.0	238.0
37932	302531	295.0	239.0
37944	302531	299.0	241.0
37956	302531	299.0	241.0
37968	302531	302.0	243.0
37980	302531	306.0	246.0
37992	302531	309.0	247.0
38004	302531	313.0	249.0
38016	302531	318.0	250.0
38028	302531	322.0	253.0
38040	302531	327.0	256.0
38052	302531	333.0	260.0
38064	302531	338.0	262.0
38076	302531	346.0	266.0
38088	302531	353.0	271.0
38100	302531	362.0	277.0
38112	302531	373.0	285.0
38124	302531	386.0	293.0
38136	302531	403.0	304.0
38148	302531	423.0	317.0
38160	302531	453.0	337.0
38172	302531	493.0	363.0
38184	302531	555.0	405.0
38196	302531	663.0	477.0
38208	302531	847.0	541.0
38220	302531	936.0	539.0
37968	302613	322.0	240.0
37980	302613	328.0	241.0
37992	302613	334.0	243.0
38004	302613	340.0	244.0
38016	302613	344.0	245.5
38028	302613	354.0	248.0
38040	302613	358.55555555555554	247.55555555555554
38052	302613	361.8888888888889	244.88888888888889
38064	302613	368.0	243.0
38076	302613	375.0	244.0
38088	302613	382.0	248.0
38100	302613	390.0	249.0
38112	302613	399.0	252.0
38124	302613	409.0	255.0
38136	302613	420.0	258.0
38148	302613	432.0	262.0
38160	302613	446.0	266.0
38172	302613	465.0	271.0
38184	302613	485.0	277.0
38196	302613	512.0	285.0
38208	302613	543.0	295.0
38220	302613	585.0	307.0
38232	302613	640.0	324.0
38244	302613	718.0	347.0
38256	302613	833.0	382.0
38268	302613	988.0	441.0
38016	302638	301.0	239.0
38028	302638	302.0	241.0
38040	302638	304.0	241.0
38052	302638	307.0	242.0
38064	302638	310.0	245.0
38076	302638	311.0	245.0
38088	302638	313.0	248.0
38100	302638	317.0	250.0
38112	302638	320.0	251.0
38124	302638	324.0	254.0
38136	302638	328.0	258.0
38148	302638	335.0	261.0
38160	302638	340.0	264.0
38172	302638	348.0	268.0
38184	302638	355.0	273.0
38196	302638	365.0	278.0
38208	302638	376.0	285.0
38220	302638	390.0	293.0
38232	302638	407.0	302.0
38244	302638	427.0	315.0
38256	302638	455.0	331.0
38268	302638	492.0	353.0
38280	302638	545.0	385.0
38292	302638	629.0	436.0
38304	302638	782.0	530.0
38316	302638	932.0	540.0
38076	302655	324.2352941176471	230.11764705882354
38088	302655	325.6470588235294	230.8235294117647
38100	302655	328.25	231.9
38112	302655	332.0	233.0
38124	302655	334.0	233.0
38136	302655	337.0	234.0
38148	302655	341.0	235.0
38160	302655	344.0	235.0
38172	302655	350.0	237.0
38184	302655	354.0	239.0
38196	302655	359.0	239.0
38208	302655	365.0	242.0
38220	302655	371.0	243.0
38232	302655	378.0	244.0
38244	302655	386.0	248.0
38256	302655	392.0	250.0
38268	302655	404.0	252.0
38280	302655	415.0	255.0
38292	302655	428.0	259.0
38304	302655	442.0	264.0
38316	302655	460.0	270.0
38328	302655	481.0	275.0
38340	302655	508.0	283.0
38352	302655	541.0	294.0
38364	302655	587.0	308.0
38376	302655	648.0	326.0
38388	302655	741.0	354.0
38400	302655	891.0	398.0
38412	302655	1008.0	463.0
38076	302656	357.625	233.625
38088	302656	363.0	236.0
38100	302656	369.0	237.0
38112	302656	375.0	238.0
38124	302656	383.0	239.0
38136	302656	389.0	241.0
38148	302656	397.0	243.0
38160	302656	405.0	245.0
38172	302656	416.0	248.0
38184	302656	426.0	250.0
38196	302656	440.0	252.0
38208	302656	456.0	256.0
38220	302656	474.0	261.0
38232	302656	495.0	266.0
38244	302656	521.0	272.0
38256	302656	554.0	280.0
38268	302656	598.0	290.0
38280	302656	657.0	304.0
38292	302656	737.0	324.0
38304	302656	861.0	354.0
38316	302656	997.0	404.0
38088	302664	346.0	227.0
38100	302664	348.0	227.0
38112	302664	350.0	228.0
38124	302664	355.0	229.0
38136	302664	358.0	229.0
38148	302664	362.0	231.0
38160	302664	367.0	231.0
38172	302664	371.0	233.0
38184	302664	377.0	234.0
38196	302664	383.0	235.0
38208	302664	389.0	236.0
38220	302664	396.0	237.0
38232	302664	405.0	239.0
38244	302664	414.0	242.0
38256	302664	425.0	244.0
38268	302664	436.0	246.0
38280	302664	450.0	248.0
38292	302664	468.0	252.0
38304	302664	487.0	256.0
38316	302664	511.0	261.0
38328	302664	540.0	266.0
38340	302664	577.0	274.0
38352	302664	626.0	284.0
38364	302664	692.0	297.0
38376	302664	787.0	316.0
38388	302664	933.0	346.0
38124	302681	307.0	235.0
38136	302681	310.0	236.0
38148	302681	312.0	236.0
38160	302681	317.0	238.0
38172	302681	322.0	240.0
38184	302681	325.0	240.0
38196	302681	331.0	241.0
38208	302681	335.0	243.0
38220	302681	341.0	245.0
38232	302681	346.0	247.0
38244	302681	350.0	249.0
38256	302681	357.0	251.0
38268	302681	365.0	253.0
38280	302681	372.0	256.0
38292	302681	381.0	259.0
38304	302681	390.0	264.0
38316	302681	402.0	269.0
38328	302681	416.0	274.0
38340	302681	430.0	280.0
38352	302681	451.0	288.0
38364	302681	474.0	298.0
38376	302681	503.0	310.0
38388	302681	544.0	327.0
38400	302681	600.0	351.0
38412	302681	686.0	386.0
38424	302681	825.0	444.0
38436	302681	996.0	542.0
38124	302683	287.0	232.0
38136	302683	287.0	232.0
38148	302683	288.0	232.0
38160	302683	290.0	234.0
38172	302683	291.0	234.0
38184	302683	293.0	235.0
38196	302683	295.0	236.0
38208	302683	297.0	237.0
38220	302683	300.0	239.0
38232	302683	303.0	239.0
38244	302683	305.0	240.0
38256	302683	308.0	242.0
38268	302683	311.0	243.0
38280	302683	315.0	244.0
38292	302683	320.0	246.0
38304	302683	325.0	249.0
38316	302683	330.0	250.0
38328	302683	335.0	252.0
38340	302683	342.0	255.0
38352	302683	350.0	259.0
38364	302683	357.0	262.0
38376	302683	367.0	267.0
38388	302683	377.0	270.0
38400	302683	391.0	277.0
38412	302683	405.0	283.0
38424	302683	424.0	291.0
38436	302683	446.0	302.0
38448	302683	477.0	315.0
38460	302683	516.0	334.0
38472	302683	573.0	360.0
38484	302683	660.0	400.0
38496	302683	813.0	470.0
38508	302683	974.0	541.0
38256	302730	340.0	230.0
38268	302730	344.0	230.0
38280	302730	346.0	230.0
38292	302730	352.0	231.0
38304	302730	357.0	232.0
38316	302730	359.0	234.0
38328	302730	365.0	235.0
38340	302730	370.0	236.0
38352	302730	376.0	238.0
38364	302730	383.0	240.0
38376	302730	391.0	241.0
38388	302730	399.0	243.0
38400	302730	408.0	245.0
38412	302730	420.0	248.0
38424	302730	432.0	251.0
38436	302730	447.0	255.0
38448	302730	463.0	258.0
38460	302730	483.0	263.0
38472	302730	509.0	269.0
38484	302730	541.0	277.0
38496	302730	583.0	287.0
38508	302730	638.0	300.0
38520	302730	719.0	320.0
38532	302730	844.0	349.0
38544	302730	995.0	401.0
38292	302746	299.0	237.0
38304	302746	303.0	239.0
38316	302746	306.0	240.0
38328	302746	308.0	241.0
38340	302746	309.0	242.0
38352	302746	312.0	244.0
38364	302746	315.0	245.0
38376	302746	319.0	247.0
38388	302746	324.0	249.0
38400	302746	329.0	251.0
38412	302746	335.0	253.0
38424	302746	342.0	256.0
38436	302746	348.0	259.0
38448	302746	356.0	262.0
38460	302746	367.0	267.0
38472	302746	376.0	270.0
38484	302746	389.0	276.0
38496	302746	404.0	282.0
38508	302746	423.0	289.0
38520	302746	445.0	299.0
38532	302746	472.0	311.0
38544	302746	509.0	327.0
38556	302746	559.0	349.0
38568	302746	634.0	382.0
38580	302746	755.0	437.0
38592	302746	965.0	538.0
38604	302746	988.0	539.0
38340	302771	333.75	227.75
38352	302771	335.0	228.0
38364	302771	339.0	230.0
38376	302771	341.0	230.0
38388	302771	344.0	231.0
38400	302771	348.0	232.0
38412	302771	352.0	232.0
38424	302771	357.0	234.0
38436	302771	360.0	235.0
38448	302771	366.0	236.0
38460	302771	372.0	238.0
38472	302771	378.0	238.0
38484	302771	385.0	240.0
38496	302771	393.0	242.0
38508	302771	401.0	244.0
38520	302771	410.0	246.0
38532	302771	422.0	249.0
38544	302771	435.0	251.0
38556	302771	450.0	256.0
38568	302771	468.0	259.0
38580	302771	488.0	263.0
38592	302771	514.0	270.0
38604	302771	546.0	278.0
38616	302771	586.0	288.0
38628	302771	641.0	301.0
38640	302771	717.0	320.0
38652	302771	831.0	348.0
38664	302771	981.0	393.0
38352	302781	286.0	232.0
38364	302781	286.6470588235294	232.0
38376	302781	288.0	233.0
38388	302781	287.0	233.0
38400	302781	289.0	234.0
38412	302781	291.0	235.0
38424	302781	291.0	235.0
38436	302781	293.0	236.0
38448	302781	294.0	237.0
38460	302781	297.0	239.0
38472	302781	298.0	239.0
38484	302781	300.0	240.0
38496	302781	301.0	242.0
38508	302781	303.0	244.0
38520	302781	306.0	245.0
38532	302781	308.0	246.0
38544	302781	312.0	249.0
38556	302781	315.0	250.0
38568	302781	320.0	253.0
38580	302781	324.0	256.0
38592	302781	328.0	258.0
38604	302781	334.0	262.0
38616	302781	341.0	266.0
38628	302781	348.0	271.0
38640	302781	357.0	277.0
38652	302781	368.0	283.0
38664	302781	381.0	292.0
38676	302781	399.0	302.0
38688	302781	420.0	315.0
38700	302781	450.0	334.0
38712	302781	491.0	361.0
38724	302781	554.0	402.0
38736	302781	666.0	475.0
38748	302781	861.0	541.0
38412	302800	277.0	228.0
38424	302800	278.0	228.0
38436	302800	279.0	229.0
38448	302800	280.0	229.0
38460	302800	281.0	230.0
38472	302800	283.0	230.0
38484	302800	284.0	231.0
38496	302800	283.0	232.0
38508	302800	286.0	233.0
38520	302800	287.0	233.0
38532	302800	289.6666666666667	233.33333333333334
38544	302800	291.0	233.0
38556	302800	292.0	233.0
38568	302800	292.0	235.0
38580	302800	295.0	235.0
38592	302800	295.0	236.0
38604	302800	297.0	237.0
38616	302800	300.0	238.0
38628	302800	301.0	239.0
38640	302800	302.0	240.0
38652	302800	304.0	241.0
38664	302800	306.0	243.0
38676	302800	310.0	244.0
38688	302800	313.0	246.0
38700	302800	316.0	247.0
38712	302800	319.0	249.0
38724	302800	322.0	252.0
38736	302800	327.0	253.0
38748	302800	330.0	257.0
38760	302800	336.0	260.0
38772	302800	342.0	263.0
38784	302800	349.0	267.0
38796	302800	357.0	271.0
38808	302800	365.0	276.0
38820	302800	375.0	283.0
38832	302800	387.0	290.0
38844	302800	402.0	299.0
38856	302800	419.0	310.0
38868	302800	442.0	324.0
38880	302800	472.0	343.0
38892	302800	514.0	370.0
38904	302800	577.0	410.0
38916	302800	682.0	476.0
38928	302800	850.0	542.0
38940	302800	931.0	540.0
38436	302810	318.2	234.2
38448	302810	321.0	235.0
38460	302810	322.0	236.0
38472	302810	326.0	237.0
38484	302810	328.0	238.0
38496	302810	330.0	239.0
38508	302810	333.0	240.0
38520	302810	336.0	241.0
38532	302810	339.0	243.0
38544	302810	343.0	244.0
38556	302810	348.0	246.0
38568	302810	352.0	248.0
38580	302810	357.0	250.0
38592	302810	363.0	252.0
38604	302810	369.0	254.0
38616	302810	375.0	257.0
38628	302810	383.0	260.0
38640	302810	391.0	264.0
38652	302810	402.0	268.0
38664	302810	412.0	273.0
38676	302810	426.0	278.0
38688	302810	441.0	285.0
38700	302810	461.0	293.0
38712	302810	486.0	303.0
38724	302810	513.0	304.0
38736	302810	566.0	333.0
38748	302810	623.0	360.0
38760	302810	715.0	399.0
38772	302810	857.0	459.0
38784	302810	991.0	543.0
38484	302825	345.8	233.0
38496	302825	346.0	233.0
38508	302825	347.0	236.0
38520	302825	351.0	236.0
38532	302825	354.47058823529414	236.0
38544	302825	359.7142857142857	236.42857142857142
38556	302825	363.0	240.0
38568	302825	370.2	242.0
38580	302825	376.0	244.0
38592	302825	384.0	246.0
38604	302825	390.75	247.25
38616	302825	404.0	250.0
38628	302825	413.0	252.75
38640	302825	422.3333333333333	257.3333333333333
38652	302825	435.0	261.0
38664	302825	454.0	265.0
38676	302825	470.0	270.0
38688	302825	497.0	277.0
38700	302825	528.0	285.0
38712	302825	562.0	295.0
38724	302825	610.0	309.0
38736	302825	676.0	328.0
38748	302825	769.0	355.0
38760	302825	921.0	399.0
38568	302855	229.66666666666666	218.0
38580	302855	232.0	219.0
38592	302855	233.84615384615384	219.0
38604	302855	235.69230769230768	219.0
38616	302855	238.0	220.0
38628	302855	239.92	220.0
38640	302855	241.84	220.0
38652	302855	243.0	221.0
38664	302855	245.0	222.0
38676	302855	246.0	222.0
38688	302855	249.0	222.0
38700	302855	251.0	223.0
38712	302855	252.0	223.0
38724	302855	253.0	223.0
38736	302855	253.0	223.0
38748	302855	255.0	225.0
38760	302855	255.0	225.0
38772	302855	257.0	225.0
38784	302855	257.3333333333333	224.33333333333334
38796	302855	258.0	225.0
38808	302855	259.7142857142857	225.0
38820	302855	260.0	226.0
38832	302855	260.5	225.0
38844	302855	262.0	226.0
38856	302855	262.0	225.0
38868	302855	264.0	226.0
38880	302855	264.0	226.0
38892	302855	265.0	227.0
38904	302855	265.0	227.0
38916	302855	266.0	227.0
38928	302855	267.0	228.0
38940	302855	267.0	228.0
38952	302855	267.0	228.0
38964	302855	268.0	228.0
38976	302855	270.0	229.0
38988	302855	270.0	230.0
39000	302855	271.0	230.0
39012	302855	271.0	230.0
39024	302855	272.0	231.0
39036	302855	275.0	232.0
39048	302855	276.0	232.0
39060	302855	277.0	233.0
39072	302855	279.0	234.0
39084	302855	281.0	234.0
39096	302855	282.0	235.0
39108	302855	284.0	236.0
39120	302855	286.0	237.0
39132	302855	288.0	238.0
39144	302855	291.0	239.0
39156	302855	294.0	240.0
39168	302855	295.0	241.0
39180	302855	299.0	243.0
39192	302855	301.0	245.0
39204	302855	304.0	247.0
39216	302855	308.0	249.0
39228	302855	312.0	251.0
39240	302855	315.0	252.0
39252	302855	320.0	255.0
39264	302855	325.0	258.0
39276	302855	330.0	261.0
39288	302855	337.0	264.0
39300	302855	344.0	269.0
39312	302855	352.0	273.0
39324	302855	362.0	279.0
39336	302855	373.0	286.0
39348	302855	385.0	294.0
39360	302855	404.0	305.0
39372	302855	425.0	317.0
39384	302855	452.0	335.0
39396	302855	488.0	360.0
39408	302855	542.0	396.0
39420	302855	632.0	455.0
39432	302855	791.0	540.0
39444	302855	904.0	540.0
38616	302869	352.0	232.0
38628	302869	356.0	233.0
38640	302869	362.2857142857143	232.85714285714286
38652	302869	368.0	235.0
38664	302869	373.0	237.0
38676	302869	381.0	238.0
38688	302869	388.0	239.0
38700	302869	397.0	243.0
38712	302869	404.0	244.0
38724	302869	415.0	247.0
38736	302869	425.0	249.0
38748	302869	439.0	252.0
38760	302869	453.0	256.0
38772	302869	470.0	261.0
38784	302869	489.0	265.0
38796	302869	515.0	271.0
38808	302869	544.0	279.0
38820	302869	582.0	288.0
38832	302869	632.0	300.0
38844	302869	701.0	317.0
38856	302869	801.0	341.0
38868	302869	954.0	378.0
38628	302875	337.0	240.0
38640	302875	340.0	243.0
38652	302875	345.0	246.0
38664	302875	350.0	248.0
38676	302875	356.0	249.0
38688	302875	363.0	252.0
38700	302875	369.0	255.0
38712	302875	377.0	258.0
38724	302875	385.0	262.0
38736	302875	395.0	265.0
38748	302875	407.0	270.0
38760	302875	421.0	276.0
38772	302875	438.0	283.0
38784	302875	458.0	292.0
38796	302875	484.0	302.0
38808	302875	518.0	317.0
38820	302875	563.0	335.0
38832	302875	628.0	361.0
38844	302875	724.0	402.0
38856	302875	884.0	468.0
38868	302875	994.0	542.0
38676	302904	339.0	242.0
38688	302904	344.0	243.0
38700	302904	348.0	246.0
38712	302904	353.0	249.0
38724	302904	361.0	250.0
38736	302904	368.0	253.0
38748	302904	376.0	256.0
38760	302904	384.0	259.0
38772	302904	394.0	263.0
38784	302904	405.0	267.0
38796	302904	417.0	272.0
38808	302904	431.0	278.0
38820	302904	450.0	285.0
38832	302904	471.0	294.0
38844	302904	498.0	305.0
38856	302904	532.0	319.0
38868	302904	578.0	338.0
38880	302904	644.0	364.0
38892	302904	743.0	406.0
38904	302904	906.0	474.0
38916	302904	1000.0	541.0
38772	302964	309.61538461538464	233.15384615384616
38784	302964	313.0	234.0
38796	302964	315.0	234.0
38808	302964	318.0	236.0
38820	302964	321.0	237.0
38832	302964	324.0	238.0
38844	302964	328.0	239.0
38856	302964	332.0	241.0
38868	302964	335.0	243.0
38880	302964	341.0	245.0
38892	302964	347.0	248.0
38904	302964	353.0	250.0
38916	302964	361.0	254.0
38928	302964	369.0	257.0
38940	302964	379.0	261.0
38952	302964	391.0	267.0
38964	302964	405.0	272.0
38976	302964	422.0	279.0
38988	302964	445.0	288.0
39000	302964	472.0	300.0
39012	302964	509.0	315.0
39024	302964	558.0	337.0
39036	302964	632.0	368.0
39048	302964	749.0	420.0
39060	302964	957.0	514.0
38796	302982	332.0	231.0
38808	302982	335.0	232.0
38820	302982	338.0	233.0
38832	302982	342.0	234.0
38844	302982	345.0	236.0
38856	302982	348.0	236.0
38868	302982	352.0	238.0
38880	302982	357.0	239.0
38892	302982	363.0	240.0
38904	302982	368.0	242.0
38916	302982	374.0	245.0
38928	302982	381.0	247.0
38940	302982	389.0	250.0
38952	302982	397.0	252.0
38964	302982	407.0	257.0
38976	302982	418.0	256.0
38988	302982	431.0	260.0
39000	302982	449.0	266.0
39012	302982	468.0	273.0
39024	302982	490.0	280.0
39036	302982	518.0	289.0
39048	302982	554.0	300.0
39060	302982	604.0	316.0
39072	302982	673.0	338.0
39084	302982	777.0	370.0
39096	302982	946.0	423.0
38880	303034	305.56756756756755	227.24324324324326
38892	303034	307.8378378378378	228.21621621621622
38904	303034	310.1081081081081	229.1891891891892
38916	303034	312.0	230.0
38928	303034	313.3157894736842	230.52631578947367
38940	303034	314.89473684210526	231.1578947368421
38952	303034	316.4736842105263	231.78947368421052
38964	303034	320.0	233.0
38976	303034	322.0	233.0
38988	303034	325.0	236.0
39000	303034	329.0	235.0
39012	303034	331.0	236.0
39024	303034	334.0	237.0
39036	303034	340.0	241.0
39048	303034	342.0	241.0
39060	303034	347.0	243.0
39072	303034	353.0	245.0
39084	303034	362.0	250.0
39096	303034	369.0	252.0
39108	303034	376.0	256.0
39120	303034	386.0	260.0
39132	303034	396.0	265.0
39144	303034	409.0	270.0
39156	303034	424.0	276.0
39168	303034	442.0	284.0
39180	303034	466.0	294.0
39192	303034	496.0	307.0
39204	303034	536.0	324.0
39216	303034	595.0	349.0
39228	303034	685.0	385.0
39240	303034	839.0	449.0
39252	303034	978.0	535.0
39264	303034	982.0	539.0
39276	303034	969.0	503.0
39288	303034	1006.0	536.0
38904	303044	337.6666666666667	235.0
38916	303044	341.0	235.0
38928	303044	344.0	236.0
38940	303044	348.0	237.0
38952	303044	352.0	239.0
38964	303044	358.0	240.0
38976	303044	363.0	241.0
38988	303044	368.0	244.0
39000	303044	375.0	245.0
39012	303044	383.0	248.0
39024	303044	390.0	249.0
39036	303044	400.0	252.0
39048	303044	410.0	255.0
39060	303044	422.0	258.0
39072	303044	436.0	262.0
39084	303044	453.0	267.0
39096	303044	472.0	273.0
39108	303044	495.0	280.0
39120	303044	525.0	289.0
39132	303044	563.0	301.0
39144	303044	614.0	317.0
39156	303044	683.0	338.0
39168	303044	791.0	371.0
39180	303044	962.0	426.0
38940	303062	333.0	226.0
38952	303062	334.0	226.0
38964	303062	338.0	228.0
38976	303062	340.0	229.0
38988	303062	343.0	230.0
39000	303062	347.0	231.0
39012	303062	351.0	232.0
39024	303062	355.0	232.0
39036	303062	360.0	234.0
39048	303062	363.0	235.0
39060	303062	370.0	236.0
39072	303062	375.0	237.0
39084	303062	382.0	238.0
39096	303062	389.0	240.0
39108	303062	397.0	243.0
39120	303062	406.0	244.0
39132	303062	417.0	247.0
39144	303062	429.0	250.0
39156	303062	443.0	253.0
39168	303062	460.0	257.0
39180	303062	480.0	262.0
39192	303062	503.0	267.0
39012	303090	232.0	219.0
39024	303090	233.7826086956522	219.2608695652174
39036	303090	235.34782608695653	219.7826086956522
39048	303090	237.0	220.0
39060	303090	239.72727272727272	220.1818181818182
39072	303090	241.9090909090909	220.72727272727272
39084	303090	242.66666666666666	221.0
39096	303090	245.0	222.0
39108	303090	246.64705882352942	222.41176470588235
39120	303090	249.0	223.0
39132	303090	250.0	223.0
39144	303090	252.0	223.0
39156	303090	253.0	223.0
39168	303090	255.0	225.0
39180	303090	256.0	225.0
39192	303090	259.0	224.0
39204	303090	261.0	223.0
39216	303090	261.14285714285717	223.14285714285714
39228	303090	263.6666666666667	225.0
39240	303090	266.0	225.0
39252	303090	267.0	225.0
39264	303090	269.0	225.0
39276	303090	271.0	226.0
39288	303090	272.0	226.0
39300	303090	274.0	227.0
39312	303090	276.0	227.0
39324	303090	277.0	227.0
39336	303090	279.0	227.0
39348	303090	280.0	227.0
39360	303090	282.0	228.0
39372	303090	283.0	228.0
39384	303090	284.0	229.0
39396	303090	286.0	229.0
39408	303090	287.0	230.0
39420	303090	287.0	231.0
39432	303090	288.0	231.0
39444	303090	289.0	231.0
39456	303090	289.0	232.0
39468	303090	292.0	233.0
39480	303090	291.0	234.0
39492	303090	292.0	235.0
39504	303090	293.0	235.0
39516	303090	294.0	236.0
39528	303090	295.0	237.0
39540	303090	296.0	238.0
39552	303090	298.0	239.0
39564	303090	300.0	240.0
39576	303090	301.0	241.0
39588	303090	304.0	243.0
39600	303090	305.0	244.0
39612	303090	308.0	246.0
39624	303090	311.0	249.0
39636	303090	313.0	251.0
39648	303090	317.0	253.0
39660	303090	321.0	256.0
39672	303090	325.0	258.0
39684	303090	330.0	262.0
39696	303090	335.0	265.0
39708	303090	341.0	269.0
39720	303090	348.0	273.0
39732	303090	355.0	277.0
39744	303090	365.0	283.0
39756	303090	373.0	288.0
39768	303090	386.0	296.0
39780	303090	399.0	304.0
39792	303090	418.0	315.0
39804	303090	441.0	329.0
39816	303090	472.0	348.0
39828	303090	516.0	376.0
39840	303090	586.0	418.0
39852	303090	704.0	492.0
39864	303090	900.0	540.0
39096	303122	322.0	238.0
39108	303122	325.0	240.0
39120	303122	330.0	241.0
39132	303122	335.0	243.0
39144	303122	339.0	245.0
39156	303122	344.0	248.0
39168	303122	351.0	250.0
39180	303122	358.0	252.0
39192	303122	367.0	256.0
39204	303122	375.0	259.0
39216	303122	386.0	264.0
39228	303122	398.0	269.0
39240	303122	412.0	274.0
39252	303122	428.0	282.0
39264	303122	449.0	291.0
39276	303122	476.0	303.0
39288	303122	512.0	319.0
39300	303122	561.0	340.0
39312	303122	635.0	372.0
39324	303122	758.0	426.0
39336	303122	973.0	530.0
39144	303134	325.0	230.0
39156	303134	327.8	231.4
39168	303134	331.0	232.0
39180	303134	332.0	233.0
39192	303134	339.0	234.0
39204	303134	340.0	234.0
39216	303134	345.0	235.0
39228	303134	351.0	237.0
39240	303134	357.0	238.0
39252	303134	363.0	240.0
39264	303134	369.0	243.0
39276	303134	376.0	244.0
39288	303134	385.0	247.0
39300	303134	393.0	250.0
39312	303134	405.0	253.0
39324	303134	416.0	256.0
39336	303134	434.0	261.0
39348	303134	454.0	266.0
39360	303134	478.0	274.0
39372	303134	507.0	283.0
39384	303134	547.0	295.0
39396	303134	600.0	311.0
39408	303134	680.0	335.0
39420	303134	810.0	373.0
39432	303134	994.0	448.0
39168	303138	308.0	224.0
39180	303138	309.0	225.0
39192	303138	311.84615384615387	225.6153846153846
39204	303138	313.0	226.0
39216	303138	314.5	226.3
39228	303138	317.5	226.9
39240	303138	319.0	228.0
39252	303138	322.0	229.0
39264	303138	324.2857142857143	230.42857142857142
39276	303138	327.0	232.0
39288	303138	330.0	232.5
39300	303138	334.0	234.0
39312	303138	338.0	236.4
39324	303138	341.75	236.25
39336	303138	345.0	236.0
39348	303138	349.0	237.0
39360	303138	356.0	239.0
39372	303138	362.0	241.0
39384	303138	368.0	243.0
39396	303138	376.0	246.0
39408	303138	385.0	248.0
39420	303138	396.0	250.0
39432	303138	407.0	254.0
39444	303138	421.0	258.0
39456	303138	437.0	263.0
39468	303138	457.0	269.0
39480	303138	481.0	277.0
39492	303138	512.0	286.0
39504	303138	554.0	299.0
39516	303138	612.0	318.0
39528	303138	698.0	345.0
39540	303138	839.0	389.0
39552	303138	1003.0	466.0
39408	303278	340.0	227.0
39420	303278	341.0	228.0
39432	303278	345.0	229.0
39444	303278	351.0	229.0
39456	303278	357.0	230.0
39468	303278	361.0	232.0
39480	303278	366.0	233.0
39492	303278	373.0	235.0
39504	303278	379.0	236.0
39516	303278	388.0	238.0
39528	303278	398.0	241.0
39540	303278	410.0	244.0
39552	303278	423.0	246.0
39564	303278	439.0	250.0
39576	303278	457.0	253.0
39588	303278	480.0	258.0
39600	303278	508.0	264.0
39612	303278	543.0	271.0
39624	303278	591.0	281.0
39636	303278	655.0	295.0
39648	303278	750.0	315.0
39660	303278	904.0	348.0
39432	303288	318.0	225.0
39444	303288	321.0	226.0
39456	303288	322.0	225.0
39468	303288	324.0	226.0
39480	303288	328.0	227.0
39492	303288	330.0	227.0
39504	303288	333.0	228.0
39516	303288	335.0	229.0
39528	303288	338.0	229.0
39540	303288	341.0	231.0
39552	303288	347.0	232.0
39564	303288	349.0	232.0
39576	303288	354.0	233.0
39588	303288	360.0	235.0
39600	303288	365.0	236.0
39612	303288	370.0	238.0
39624	303288	377.0	240.0
39636	303288	385.0	242.0
39648	303288	394.0	245.0
39660	303288	404.0	248.0
39672	303288	416.0	251.0
39684	303288	428.0	254.0
39696	303288	444.0	258.0
39708	303288	463.0	263.0
39720	303288	485.0	269.0
39732	303288	512.0	275.0
39744	303288	547.0	284.0
39756	303288	595.0	295.0
39768	303288	661.0	311.0
39780	303288	760.0	335.0
39792	303288	924.0	374.0
39468	303306	307.0	229.0
39480	303306	309.0	230.0
39492	303306	310.0	231.0
39504	303306	312.0	232.0
39516	303306	315.0	233.0
39528	303306	316.0	233.0
39540	303306	317.0	234.0
39552	303306	320.0	235.0
39564	303306	323.0	236.0
39576	303306	326.0	237.0
39588	303306	329.0	238.0
39600	303306	333.0	240.0
39612	303306	336.0	242.0
39624	303306	341.0	244.0
39636	303306	346.0	246.0
39648	303306	351.0	248.0
39660	303306	357.0	250.0
39672	303306	363.0	253.0
39684	303306	370.0	257.0
39696	303306	379.0	261.0
39708	303306	388.0	264.0
39720	303306	399.0	269.0
39732	303306	412.0	274.0
39744	303306	426.0	280.0
39756	303306	445.0	286.0
39768	303306	467.0	296.0
39780	303306	496.0	307.0
39792	303306	535.0	323.0
39804	303306	592.0	346.0
39816	303306	678.0	379.0
39828	303306	824.0	437.0
39660	303358	333.0	229.0
39672	303358	334.7142857142857	230.71428571428572
39684	303358	338.0	232.0
39696	303358	341.0	235.0
39708	303358	344.0	235.0
39720	303358	347.0	236.0
39732	303358	350.38461538461536	237.07692307692307
39744	303358	355.0	238.0
39756	303358	360.0	238.0
39768	303358	366.0	239.0
39780	303358	372.0	241.0
39792	303358	378.0	243.0
39804	303358	386.0	245.0
39816	303358	394.0	246.0
39828	303358	403.0	248.0
39840	303358	414.0	250.0
39852	303358	427.0	252.0
39864	303358	440.0	256.0
39876	303358	458.0	259.0
39888	303358	479.0	264.0
39900	303358	504.0	269.0
39912	303358	536.0	277.0
39924	303358	577.0	286.0
39936	303358	632.0	299.0
39948	303358	712.0	318.0
39960	303358	833.0	348.0
39972	303358	989.0	397.0
39696	303379	332.0	245.0
39708	303379	336.0	246.0
39720	303379	338.0	250.0
39732	303379	344.0	253.0
39744	303379	345.0	251.0
39756	303379	352.0	253.0
39768	303379	357.0	255.0
39780	303379	364.0	257.0
39792	303379	370.0	259.0
39804	303379	378.0	262.0
39816	303379	388.0	266.0
39828	303379	398.0	270.0
39840	303379	410.0	275.0
39852	303379	427.0	281.0
39864	303379	443.0	288.0
39876	303379	465.0	297.0
39888	303379	493.0	309.0
39900	303379	531.0	324.0
39912	303379	583.0	346.0
39924	303379	660.0	378.0
39936	303379	782.0	429.0
39948	303379	979.0	528.0
39744	303393	308.0	235.0
39756	303393	309.5	234.0
39768	303393	312.0	235.0
39780	303393	316.0	236.0
39792	303393	319.0	236.0
39804	303393	323.0	237.0
39816	303393	327.0	237.0
39828	303393	331.0	239.0
39840	303393	333.0	239.0
39852	303393	338.0	240.0
39864	303393	343.0	242.0
39876	303393	349.0	243.0
39888	303393	355.0	244.0
39900	303393	362.0	246.0
39912	303393	369.0	248.0
39924	303393	378.0	250.0
39936	303393	388.0	253.0
39948	303393	400.0	256.0
39960	303393	414.0	261.0
39972	303393	431.0	266.0
39984	303393	451.0	272.0
39996	303393	476.0	281.0
40008	303393	509.0	291.0
40020	303393	552.0	304.0
40032	303393	614.0	324.0
40044	303393	706.0	352.0
40056	303393	862.0	401.0
40068	303393	1005.0	469.0
39852	303455	324.0	233.0
39864	303455	327.2857142857143	233.42857142857142
39876	303455	331.5	234.0
39888	303455	333.0	235.0
39900	303455	337.0	236.0
39912	303455	341.0	237.0
39924	303455	345.0	237.0
39936	303455	348.0	239.0
39948	303455	353.0	240.0
39960	303455	358.0	241.0
39972	303455	365.0	243.0
39984	303455	372.0	245.0
39996	303455	380.0	247.0
40008	303455	387.0	249.0
40020	303455	398.0	252.0
40032	303455	409.0	255.0
40044	303455	423.0	259.0
40056	303455	436.0	264.0
40068	303455	456.0	269.0
40080	303455	479.0	276.0
40092	303455	508.0	286.0
40104	303455	545.0	297.0
40116	303455	597.0	313.0
40128	303455	675.0	337.0
40140	303455	798.0	375.0
40152	303455	985.0	447.0
39912	303466	295.0	227.0
39924	303466	296.75	227.0
39936	303466	297.0	228.0
39948	303466	298.8	228.0
39960	303466	302.0	228.0
39972	303466	302.0	230.0
39984	303466	303.5	230.5
39996	303466	306.0	232.0
40008	303466	308.0	232.0
40020	303466	310.0	233.0
40032	303466	313.0	234.0
40044	303466	316.0	234.0
40056	303466	318.0	236.0
40068	303466	321.0	237.0
40080	303466	324.0	238.0
40092	303466	328.0	240.0
40104	303466	332.0	241.0
40116	303466	338.0	243.0
40128	303466	343.0	246.0
40140	303466	350.0	249.0
40152	303466	357.0	251.0
40164	303466	366.0	255.0
40176	303466	377.0	259.0
40188	303466	389.0	265.0
40200	303466	407.0	272.0
40212	303466	426.0	281.0
40224	303466	453.0	292.0
40236	303466	490.0	309.0
40248	303466	545.0	333.0
40260	303466	635.0	372.0
40272	303466	808.0	448.0
40284	303466	999.0	542.0
39960	303477	334.0	235.0
39972	303477	337.0	236.0
39984	303477	341.0	236.0
39996	303477	345.0	237.0
40008	303477	350.0	238.0
40020	303477	354.0	240.0
40032	303477	359.0	241.0
40044	303477	366.0	244.0
40056	303477	371.0	245.0
40068	303477	380.0	248.0
40080	303477	386.0	250.0
40092	303477	397.0	252.0
40104	303477	408.0	256.0
40116	303477	421.0	260.0
40128	303477	437.0	265.0
40140	303477	455.0	270.0
40152	303477	478.0	277.0
40164	303477	508.0	286.0
40176	303477	547.0	298.0
40188	303477	600.0	314.0
40200	303477	677.0	339.0
40212	303477	801.0	377.0
40224	303477	984.0	447.0
40008	303496	335.0	234.0
40020	303496	339.0	235.0
40032	303496	343.0	236.0
40044	303496	347.0	237.0
40056	303496	352.0	238.0
40068	303496	357.0	239.0
40080	303496	363.0	241.0
40092	303496	369.0	244.0
40104	303496	377.0	246.0
40116	303496	385.0	248.0
40128	303496	394.0	250.0
40140	303496	406.0	254.0
40152	303496	418.0	258.0
40164	303496	433.0	262.0
40176	303496	452.0	268.0
40188	303496	474.0	274.0
40200	303496	501.0	282.0
40212	303496	538.0	294.0
40224	303496	587.0	309.0
40236	303496	658.0	331.0
40248	303496	770.0	365.0
40260	303496	961.0	426.0
40092	303541	311.0	226.0
40104	303541	312.0	226.0
40116	303541	313.0	227.0
40128	303541	315.0	227.0
40140	303541	317.0	229.0
40152	303541	320.0	228.0
40164	303541	322.0	229.0
40176	303541	325.0	230.0
40188	303541	327.0	232.0
40200	303541	331.0	232.0
40212	303541	335.0	233.0
40224	303541	339.0	234.0
40236	303541	343.0	236.0
40248	303541	348.0	236.0
40260	303541	353.0	238.0
40272	303541	359.0	239.0
40284	303541	366.0	242.0
40296	303541	374.0	243.0
40308	303541	384.0	246.0
40320	303541	394.0	249.0
40332	303541	406.0	253.0
40344	303541	420.0	256.0
40356	303541	437.0	262.0
40368	303541	460.0	268.0
40380	303541	487.0	276.0
40392	303541	524.0	288.0
40404	303541	572.0	303.0
40416	303541	646.0	326.0
40428	303541	765.0	363.0
40440	303541	971.0	432.0
40164	303585	352.0	232.0
40176	303585	357.0	233.0
40188	303585	360.0	233.0
40200	303585	365.0	234.0
40212	303585	371.0	235.0
40224	303585	375.0	237.0
40236	303585	383.0	238.0
40248	303585	389.0	240.0
40260	303585	398.0	242.0
40272	303585	406.0	243.0
40284	303585	417.0	246.0
40296	303585	428.0	248.0
40308	303585	442.0	252.0
40320	303585	456.0	254.0
40332	303585	475.0	259.0
40344	303585	497.0	263.0
40356	303585	523.0	269.0
40368	303585	556.0	277.0
40380	303585	599.0	287.0
40392	303585	657.0	301.0
40404	303585	736.0	320.0
40416	303585	855.0	347.0
40428	303585	990.0	393.0
40188	303614	308.0	225.0
40200	303614	308.0	225.0
40212	303614	311.3333333333333	225.0
40224	303614	312.25	225.0
40236	303614	314.0	226.0
40248	303614	315.5	227.0
40260	303614	317.8333333333333	227.26190476190476
40272	303614	319.8333333333333	227.54761904761904
40284	303614	321.8333333333333	227.83333333333334
40296	303614	325.0	228.0
40308	303614	327.0	230.0
40320	303614	330.0	229.0
40332	303614	334.0	231.0
40344	303614	339.1666666666667	231.83333333333334
40356	303614	342.0	232.0
40368	303614	346.0	235.0
40380	303614	351.0	235.0
40392	303614	356.0	237.0
40404	303614	362.0	239.0
40416	303614	369.0	242.0
40428	303614	376.0	243.0
40440	303614	385.0	246.0
40452	303614	396.0	249.0
40464	303614	407.0	253.0
40476	303614	422.0	258.0
40488	303614	439.0	263.0
40500	303614	459.0	269.0
40512	303614	486.0	277.0
40524	303614	521.0	288.0
40536	303614	568.0	303.0
40548	303614	638.0	325.0
40560	303614	746.0	359.0
40572	303614	941.0	420.0
40284	303660	350.0	227.0
40296	303660	352.75	227.0
40308	303660	355.0	228.0
40320	303660	358.0	229.0
40332	303660	362.0	231.0
40344	303660	364.0	231.0
40356	303660	368.0	232.0
40368	303660	372.0	233.0
40380	303660	378.0	234.0
40392	303660	382.0	236.0
40404	303660	388.0	236.0
40416	303660	393.0	238.0
40428	303660	401.0	240.0
40440	303660	409.0	242.0
40452	303660	419.0	244.0
40464	303660	430.0	247.0
40476	303660	444.0	250.0
40488	303660	458.0	254.0
40500	303660	476.0	259.0
40512	303660	496.0	264.0
40524	303660	521.0	269.0
40536	303660	553.0	272.0
40548	303660	597.0	285.0
40560	303660	658.0	302.0
40572	303660	736.0	322.0
40584	303660	858.0	351.0
40596	303660	995.0	400.0
40296	303669	308.0	225.0
40308	303669	309.0	225.0
40320	303669	311.0	225.0
40332	303669	313.0	225.0
40344	303669	315.0	225.0
40356	303669	316.0	226.0
40368	303669	318.0	227.0
40380	303669	320.0	228.0
40392	303669	323.0	228.0
40404	303669	325.0	229.0
40416	303669	328.0	231.0
40428	303669	331.0	231.0
40440	303669	335.0	232.0
40452	303669	338.0	233.0
40464	303669	341.0	234.0
40476	303669	346.0	235.0
40488	303669	351.0	237.0
40500	303669	355.0	238.0
40512	303669	361.0	240.0
40524	303669	368.0	243.0
40536	303669	374.0	244.0
40548	303669	383.0	248.0
40560	303669	391.0	250.0
40572	303669	403.0	253.0
40584	303669	416.0	257.0
40596	303669	430.0	263.0
40608	303669	449.0	268.0
40620	303669	473.0	276.0
40632	303669	500.0	284.0
40644	303669	537.0	296.0
40656	303669	590.0	312.0
40668	303669	664.0	336.0
40680	303669	782.0	372.0
40692	303669	974.0	439.0
40296	303671	262.0	222.0
40308	303671	264.0	222.0
40320	303671	266.0	222.0
40332	303671	266.0	222.6
40344	303671	269.0	222.5
40356	303671	270.0	222.0
40368	303671	272.0	223.0
40380	303671	273.0	224.0
40392	303671	274.0	224.0
40404	303671	275.0	223.0
40416	303671	275.0	224.0
40428	303671	277.0	225.0
40440	303671	279.0	225.0
40452	303671	279.0	225.0
40464	303671	279.0	226.0
40476	303671	281.0	227.0
40488	303671	281.0	226.0
40500	303671	284.0	228.0
40512	303671	285.5	229.0
40524	303671	288.0	230.0
40536	303671	289.0	229.0
40548	303671	291.0	231.0
40560	303671	293.0	232.0
40572	303671	298.0	233.0
40584	303671	300.0	234.0
40596	303671	304.0	235.0
40608	303671	307.0	236.0
40620	303671	311.0	237.0
40632	303671	315.0	239.0
40644	303671	320.0	241.0
40656	303671	324.0	242.0
40668	303671	330.0	246.0
40680	303671	334.0	248.0
40692	303671	342.0	251.0
40704	303671	350.0	254.0
40716	303671	358.0	258.0
40728	303671	369.0	262.0
40740	303671	383.0	268.0
40752	303671	398.0	275.0
40764	303671	417.0	284.0
40776	303671	442.0	296.0
40788	303671	474.0	312.0
40800	303671	521.0	334.0
40812	303671	596.0	371.0
40824	303671	730.0	437.0
40836	303671	960.0	542.0
40452	303709	308.0	229.0
40464	303709	311.0	230.0
40476	303709	314.0	231.0
40488	303709	316.0	232.0
40500	303709	319.0	234.0
40512	303709	323.0	235.0
40524	303709	327.0	237.0
40536	303709	331.0	238.0
40548	303709	335.0	240.0
40560	303709	341.0	242.0
40572	303709	347.0	245.0
40584	303709	352.0	248.0
40596	303709	361.0	252.0
40608	303709	370.0	255.0
40620	303709	382.0	260.0
40632	303709	395.0	266.0
40644	303709	412.0	273.0
40656	303709	433.0	282.0
40668	303709	460.0	294.0
40680	303709	498.0	311.0
40692	303709	554.0	336.0
40704	303709	646.0	378.0
40716	303709	824.0	458.0
40728	303709	992.0	542.0
40644	303772	303.0	226.0
40656	303772	306.0	227.0
40668	303772	304.0	228.0
40680	303772	306.0	228.0
40692	303772	308.0	230.0
40704	303772	310.0	231.0
40716	303772	313.0	231.0
40728	303772	315.0	232.0
40740	303772	318.0	233.0
40752	303772	321.0	234.0
40764	303772	324.0	236.0
40776	303772	328.0	237.0
40788	303772	333.0	239.0
40800	303772	336.0	240.0
40812	303772	341.0	242.0
40824	303772	347.0	244.0
40836	303772	353.0	247.0
40848	303772	359.0	249.0
40860	303772	367.0	252.0
40872	303772	375.0	255.0
40884	303772	386.0	259.0
40896	303772	397.0	264.0
40908	303772	413.0	270.0
40920	303772	429.0	277.0
40932	303772	450.0	285.0
40944	303772	477.0	297.0
40956	303772	514.0	312.0
40968	303772	565.0	333.0
40980	303772	641.0	364.0
40992	303772	769.0	418.0
41004	303772	986.0	525.0
40680	303783	344.0	225.0
40692	303783	347.0	225.0
40704	303783	351.0	226.0
40716	303783	355.0	227.0
40728	303783	359.0	227.0
40740	303783	362.25	228.75
40752	303783	366.0	229.0
40764	303783	372.0	231.0
40776	303783	377.6666666666667	233.0
40788	303783	385.0	234.0
40800	303783	389.85714285714283	236.14285714285714
40812	303783	398.0	236.0
40824	303783	406.0	238.0
40836	303783	416.0	241.0
40848	303783	426.0	242.0
40860	303783	438.0	246.0
40872	303783	451.0	248.0
40884	303783	468.0	252.0
40896	303783	489.0	255.0
40908	303783	505.0	261.0
40872	303879	325.0833333333333	223.0
40884	303879	326.1	223.0
40896	303879	326.0	224.0
40908	303879	327.53333333333336	224.0
40920	303879	330.73333333333335	224.0
40932	303879	333.0	224.33333333333334
40944	303879	336.0	226.0
40956	303879	338.14285714285717	226.28571428571428
40968	303879	340.42857142857144	226.85714285714286
40980	303879	344.42857142857144	228.57142857142858
40992	303879	347.2857142857143	229.71428571428572
41004	303879	351.75	230.0
41016	303879	356.08	231.12
41028	303879	361.36	233.04
41040	303879	366.0	234.33333333333334
41052	303879	372.0	236.0
41064	303879	380.0	237.0
41076	303879	385.0	239.0
41088	303879	395.0	242.0
41100	303879	405.0	244.0
41112	303879	416.0	247.0
41124	303879	430.0	250.0
41136	303879	446.0	254.0
41148	303879	464.0	258.0
41160	303879	487.0	264.0
41172	303879	515.0	270.0
41184	303879	552.0	278.0
41196	303879	598.0	290.0
41208	303879	666.0	306.0
41220	303879	765.0	331.0
41232	303879	928.0	370.0
40896	303892	296.2142857142857	225.78571428571428
40908	303892	298.0	225.0
40920	303892	299.0	226.0
40932	303892	300.0	226.0
40944	303892	301.0	226.0
40956	303892	304.0	227.0
40968	303892	305.0	229.0
40980	303892	307.0	229.0
40992	303892	310.0	231.0
41004	303892	312.0	232.0
41016	303892	314.0	232.0
41028	303892	316.0	233.0
41040	303892	318.0	235.0
41052	303892	322.0	235.0
41064	303892	325.0	237.0
41076	303892	330.0	238.0
41088	303892	333.0	240.0
41100	303892	338.0	242.0
41112	303892	344.0	245.0
41124	303892	349.0	247.0
41136	303892	355.0	250.0
41148	303892	364.0	254.0
41160	303892	372.0	257.0
41172	303892	383.0	261.0
41184	303892	396.0	267.0
41196	303892	412.0	274.0
41208	303892	430.0	282.0
41220	303892	455.0	292.0
41232	303892	490.0	307.0
41244	303892	537.0	327.0
41256	303892	608.0	357.0
41268	303892	729.0	409.0
41280	303892	963.0	515.0
40968	303933	324.0	223.0
40980	303933	326.0	223.0
40992	303933	326.95238095238096	223.38095238095238
41004	303933	329.8095238095238	224.52380952380952
41016	303933	332.0	225.0
41028	303933	334.0	225.0
41040	303933	337.0	226.0
41052	303933	339.0	227.0
41064	303933	342.5	228.5
41076	303933	345.0	229.0
41088	303933	349.0	230.0
41100	303933	353.0	231.0
41112	303933	356.375	231.125
41124	303933	361.85714285714283	233.0
41136	303933	366.14285714285717	234.0
41148	303933	371.2857142857143	235.0
41160	303933	376.6	236.2
41172	303933	382.0	238.0
41184	303933	388.0	239.0
41196	303933	397.0	241.0
41208	303933	406.0	244.0
41220	303933	416.0	246.0
41232	303933	428.0	249.0
41244	303933	442.0	252.0
41256	303933	456.0	257.0
41268	303933	475.0	260.0
41280	303933	500.0	266.0
41292	303933	527.0	274.0
41304	303933	561.0	281.0
41316	303933	608.0	291.0
41328	303933	669.0	306.0
41340	303933	758.0	328.0
41352	303933	896.0	362.0
41004	303944	363.2	227.2
41016	303944	368.0	228.0
41028	303944	375.0	231.0
41040	303944	380.0	232.0
41052	303944	386.0	233.0
41064	303944	394.0	235.0
41076	303944	401.0	236.0
41088	303944	410.0	238.0
41100	303944	420.0	240.0
41112	303944	433.0	243.0
41124	303944	446.0	246.0
41136	303944	463.0	249.0
41148	303944	482.0	253.0
41160	303944	504.0	257.0
41172	303944	532.0	263.0
41184	303944	567.0	269.0
41196	303944	612.0	279.0
41208	303944	671.0	290.0
41220	303944	758.0	302.0
41232	303944	886.0	319.0
41064	303963	364.0	229.0
41076	303963	368.0	229.0
41088	303963	373.0	231.0
41100	303963	378.0	232.0
41112	303963	385.0	234.0
41124	303963	392.0	235.0
41136	303963	399.0	237.0
41148	303963	408.0	238.0
41160	303963	418.0	241.0
41172	303963	430.0	243.0
41184	303963	441.0	246.0
41196	303963	457.0	248.0
41208	303963	473.0	252.0
41220	303963	493.0	256.0
41232	303963	518.0	261.0
41244	303963	549.0	267.0
41256	303963	587.0	275.0
41268	303963	638.0	285.0
41280	303963	709.0	299.0
41292	303963	812.0	321.0
41304	303963	961.0	352.0
41124	303995	334.1666666666667	229.16666666666666
41136	303995	336.0	231.0
41148	303995	340.0	231.0
41160	303995	343.1111111111111	231.77777777777777
41172	303995	348.0	232.5
41184	303995	353.0	236.0
41196	303995	356.0	237.0
41208	303995	360.0	238.0
41220	303995	368.0	241.0
41232	303995	372.0	241.0
41244	303995	382.0	244.0
41256	303995	389.0	247.0
41268	303995	398.0	249.0
41280	303995	409.0	253.0
41292	303995	422.0	257.0
41304	303995	435.0	261.0
41316	303995	451.0	265.0
41328	303995	474.0	272.0
41340	303995	497.0	279.0
41352	303995	529.0	290.0
41364	303995	572.0	301.0
41376	303995	634.0	319.0
41388	303995	717.0	344.0
41400	303995	853.0	385.0
41412	303995	977.0	441.0
41424	303995	985.0	429.0
41436	303995	969.0	393.0
41448	303995	1026.0	458.0
41160	304001	314.8	233.2
41172	304001	319.0	234.0
41184	304001	320.0	236.0
41196	304001	324.0	237.0
41208	304001	327.0	237.0
41220	304001	330.0	239.0
41232	304001	336.0	241.0
41244	304001	339.0	243.0
41256	304001	346.0	246.0
41268	304001	351.0	248.0
41280	304001	358.0	251.0
41292	304001	367.0	255.0
41304	304001	378.0	259.0
41316	304001	390.0	263.0
41328	304001	404.0	269.0
41340	304001	422.0	277.0
41352	304001	445.0	287.0
41364	304001	475.0	298.0
41376	304001	514.0	315.0
41388	304001	575.0	341.0
41400	304001	670.0	382.0
41412	304001	849.0	459.0
41424	304001	997.0	542.0
41244	304040	297.0	226.0
41256	304040	297.0	227.0
41268	304040	298.0	227.0
41280	304040	301.0	227.0
41292	304040	302.0	228.0
41304	304040	304.0	227.0
41316	304040	306.0	229.0
41328	304040	307.0	229.0
41340	304040	311.0	231.0
41352	304040	313.0	232.0
41364	304040	315.0	232.0
41376	304040	317.0	232.0
41388	304040	320.0	235.0
41400	304040	324.0	236.0
41412	304040	327.0	238.0
41424	304040	331.0	238.0
41436	304040	336.0	241.0
41448	304040	340.0	243.0
41460	304040	344.0	244.0
41472	304040	351.0	247.0
41484	304040	358.0	249.0
41496	304040	367.0	252.0
41508	304040	375.0	256.0
41520	304040	385.0	260.0
41532	304040	397.0	265.0
41544	304040	413.0	271.0
41556	304040	430.0	278.0
41568	304040	454.0	288.0
41580	304040	484.0	300.0
41592	304040	525.0	318.0
41604	304040	585.0	343.0
41616	304040	681.0	383.0
41628	304040	857.0	457.0
41640	304040	1002.0	542.0
41280	304064	321.0	228.0
41292	304064	323.0	228.0
41304	304064	324.0	229.0
41316	304064	328.0	230.0
41328	304064	330.0	230.0
41340	304064	334.0	232.0
41352	304064	338.0	233.0
41364	304064	341.0	233.0
41376	304064	344.0	235.0
41388	304064	349.0	235.0
41400	304064	355.0	237.0
41412	304064	358.0	239.0
41424	304064	364.0	240.0
41436	304064	371.0	241.0
41448	304064	378.0	244.0
41460	304064	386.0	247.0
41472	304064	395.0	249.0
41484	304064	405.0	252.0
41496	304064	417.0	255.0
41508	304064	431.0	260.0
41520	304064	448.0	265.0
41532	304064	469.0	271.0
41544	304064	494.0	278.0
41556	304064	527.0	289.0
41568	304064	570.0	303.0
41580	304064	633.0	322.0
41592	304064	726.0	350.0
41604	304064	881.0	398.0
41388	304113	296.0	226.0
41400	304113	296.38461538461536	226.0
41412	304113	298.0	227.0
41424	304113	298.0	227.0
41436	304113	301.0	227.0
41448	304113	303.0	228.0
41460	304113	303.0	228.0
41472	304113	305.4	229.0
41484	304113	308.0	230.0
41496	304113	309.0	231.0
41508	304113	311.0	232.0
41520	304113	313.0	232.0
41532	304113	315.0	233.33333333333334
41544	304113	317.0	235.0
41556	304113	320.0	236.0
41568	304113	324.0	237.0
41580	304113	328.0	239.0
41592	304113	332.0	240.0
41604	304113	336.0	243.0
41616	304113	341.0	245.0
41628	304113	347.0	248.0
41640	304113	352.0	250.0
41652	304113	360.0	254.0
41664	304113	368.0	258.0
41676	304113	378.0	262.0
41688	304113	390.0	267.0
41700	304113	404.0	274.0
41712	304113	422.0	283.0
41724	304113	447.0	293.0
41736	304113	478.0	308.0
41748	304113	524.0	330.0
41760	304113	593.0	363.0
41772	304113	718.0	421.0
41784	304113	962.0	540.0
41472	304157	333.0	226.0
41484	304157	337.0	227.0
41496	304157	341.0	228.0
41508	304157	344.0	229.0
41520	304157	347.0	229.0
41532	304157	352.0	231.0
41544	304157	356.0	232.0
41556	304157	362.0	233.0
41568	304157	367.0	235.0
41580	304157	373.0	235.0
41592	304157	380.0	236.0
41604	304157	387.0	239.0
41616	304157	396.0	242.0
41628	304157	406.0	243.0
41640	304157	416.0	246.0
41652	304157	429.0	249.0
41664	304157	444.0	253.0
41676	304157	461.0	256.0
41688	304157	483.0	262.0
41700	304157	508.0	268.0
41712	304157	540.0	275.0
41724	304157	581.0	285.0
41736	304157	638.0	298.0
41748	304157	721.0	318.0
41760	304157	846.0	349.0
41772	304157	995.0	399.0
41544	304210	331.0	227.0
41556	304210	335.0	228.0
41568	304210	337.0	228.0
41580	304210	340.0	228.0
41592	304210	344.0	230.0
41604	304210	347.0	231.0
41616	304210	352.0	232.0
41628	304210	356.0	232.0
41640	304210	362.0	234.0
41652	304210	367.0	236.0
41664	304210	373.0	237.0
41676	304210	380.0	239.0
41688	304210	387.0	239.0
41700	304210	396.0	243.0
41712	304210	404.0	245.0
41724	304210	415.0	248.0
41736	304210	428.0	250.0
41748	304210	443.0	254.0
41760	304210	461.0	258.0
41772	304210	482.0	263.0
41784	304210	507.0	269.0
41796	304210	539.0	277.0
41808	304210	581.0	287.0
41820	304210	638.0	301.0
41832	304210	719.0	321.0
41844	304210	845.0	351.0
41856	304210	996.0	405.0
41580	304237	310.0	230.0
41592	304237	310.85714285714283	229.85714285714286
41604	304237	314.0	232.0
41616	304237	313.0	235.0
41628	304237	317.0	235.0
41640	304237	319.0	236.0
41652	304237	323.0	238.0
41664	304237	325.0	239.0
41676	304237	330.0	241.0
41688	304237	334.0	243.0
41700	304237	339.0	244.0
41712	304237	343.0	248.0
41724	304237	351.0	251.0
41736	304237	356.0	254.0
41748	304237	364.0	258.0
41760	304237	374.0	263.0
41772	304237	385.0	269.0
41784	304237	399.0	276.0
41796	304237	417.0	286.0
41808	304237	442.0	299.0
41820	304237	476.0	318.0
41832	304237	526.0	346.0
41844	304237	613.0	393.0
41856	304237	791.0	491.0
41868	304237	950.0	540.0
41628	304262	296.0	225.0
41640	304262	297.3333333333333	226.33333333333334
41652	304262	298.0	227.0
41664	304262	299.0	226.2
41676	304262	301.0	226.0
41688	304262	303.3333333333333	227.66666666666666
41700	304262	306.70588235294116	229.0
41712	304262	307.0	230.0
41724	304262	308.0	231.0
41736	304262	311.0	231.0
41748	304262	313.0	232.0
41760	304262	317.0	233.0
41772	304262	319.0	234.0
41784	304262	321.0	235.0
41796	304262	324.0	236.0
41808	304262	328.0	238.0
41820	304262	333.0	240.0
41832	304262	336.0	241.0
41844	304262	340.0	243.0
41856	304262	346.0	246.0
41868	304262	353.0	249.0
41880	304262	361.0	252.0
41892	304262	369.0	255.0
41904	304262	379.0	259.0
41916	304262	391.0	265.0
41928	304262	407.0	273.0
41940	304262	425.0	280.0
41952	304262	451.0	290.0
41964	304262	485.0	305.0
41976	304262	532.0	325.0
41988	304262	605.0	356.0
42000	304262	732.0	411.0
42012	304262	975.0	527.0
41664	304273	266.0	224.0
41676	304273	268.0	224.0
41688	304273	270.0	223.0
41700	304273	272.0	225.0
41712	304273	274.0	225.0
41724	304273	275.0	225.0
41736	304273	276.0	226.0
41748	304273	279.0	226.0
41760	304273	279.0	227.0
41772	304273	283.0	227.0
41784	304273	285.0	228.0
41796	304273	287.0	229.0
41808	304273	288.0	231.0
41820	304273	289.0	231.0
41832	304273	291.0	232.0
41844	304273	294.0	233.0
41856	304273	296.0	235.0
41868	304273	298.0	237.0
41880	304273	301.0	239.0
41892	304273	305.0	240.0
41904	304273	308.0	242.0
41916	304273	313.0	245.0
41928	304273	318.0	248.0
41940	304273	322.0	251.0
41952	304273	331.0	254.0
41964	304273	338.0	259.0
41976	304273	349.0	266.0
41988	304273	362.0	273.0
42000	304273	377.0	282.0
42012	304273	397.0	295.0
42024	304273	426.0	313.0
42036	304273	470.0	341.0
42048	304273	545.0	389.0
42060	304273	707.0	493.0
42072	304273	909.0	539.0
41664	304278	332.6666666666667	226.0
41676	304278	336.0	226.0
41688	304278	339.0	227.0
41700	304278	341.0	228.0
41712	304278	344.0	230.0
41724	304278	348.0	231.0
41736	304278	351.0	232.0
41748	304278	357.0	233.0
41760	304278	362.0	234.0
41772	304278	367.0	235.0
41784	304278	373.0	236.0
41796	304278	378.0	237.0
41808	304278	385.0	239.0
41820	304278	394.0	242.0
41832	304278	401.0	243.0
41844	304278	412.0	245.0
41856	304278	423.0	249.0
41868	304278	437.0	252.0
41880	304278	452.0	256.0
41892	304278	471.0	260.0
41904	304278	494.0	265.0
41916	304278	522.0	272.0
41928	304278	558.0	281.0
41940	304278	605.0	293.0
41952	304278	670.0	308.0
41964	304278	764.0	332.0
41976	304278	919.0	370.0
41928	304391	335.6666666666667	233.88888888888889
41940	304391	341.0	233.0
41952	304391	343.75	234.0
41964	304391	347.0	236.0
41976	304391	354.0	238.0
41988	304391	359.0	240.0
42000	304391	366.0	242.0
42012	304391	374.0	243.0
42024	304391	382.0	246.0
42036	304391	391.0	249.0
42048	304391	403.0	252.0
42060	304391	416.0	255.0
42072	304391	430.0	260.0
42084	304391	450.0	266.0
42096	304391	473.0	273.0
42108	304391	503.0	282.0
42120	304391	542.0	294.0
42132	304391	598.0	311.0
42144	304391	681.0	336.0
42156	304391	816.0	374.0
42168	304391	964.0	400.0
42024	304450	295.1666666666667	225.16666666666666
42036	304450	296.0	227.0
42048	304450	297.0	227.0
42060	304450	299.0	227.0
42072	304450	300.0	227.0
42084	304450	301.77777777777777	227.77777777777777
42096	304450	303.0	228.0
42108	304450	304.8888888888889	228.88888888888889
42120	304450	307.0	230.0
42132	304450	308.0	231.0
42144	304450	311.2	231.8
42156	304450	313.0	233.0
42168	304450	314.0	234.0
42180	304450	317.0	236.0
42192	304450	320.0	237.0
42204	304450	322.0	238.0
42216	304450	327.0	239.0
42228	304450	331.0	240.0
42240	304450	334.0	243.0
42252	304450	339.0	244.0
42264	304450	344.0	246.0
42276	304450	350.0	249.0
42288	304450	357.0	251.0
42300	304450	365.0	256.0
42312	304450	374.0	259.0
42324	304450	385.0	264.0
42336	304450	397.0	269.0
42348	304450	414.0	276.0
42360	304450	434.0	285.0
42372	304450	460.0	296.0
42384	304450	497.0	312.0
42396	304450	547.0	335.0
42408	304450	628.0	370.0
42420	304450	766.0	430.0
42432	304450	983.0	542.0
42060	304466	325.0	229.0
42072	304466	328.0	229.5
42084	304466	332.0	233.0
42096	304466	334.0	233.0
42108	304466	338.0	234.0
42120	304466	342.0	237.0
42132	304466	347.0	237.0
42144	304466	354.0	240.0
42156	304466	359.0	242.0
42168	304466	366.0	244.0
42180	304466	374.0	246.0
42192	304466	384.0	250.0
42204	304466	394.0	252.0
42216	304466	407.0	256.0
42228	304466	422.0	261.0
42240	304466	441.0	268.0
42252	304466	464.0	274.0
42264	304466	495.0	283.0
42276	304466	534.0	296.0
42288	304466	593.0	316.0
42300	304466	683.0	345.0
42312	304466	839.0	395.0
42144	304530	343.0	229.0
42156	304530	347.0	230.0
42168	304530	350.0	231.0
42180	304530	355.0	232.0
42192	304530	360.0	235.0
42204	304530	362.0	235.0
42216	304530	369.0	236.0
42228	304530	375.0	237.0
42240	304530	383.0	240.0
42252	304530	390.0	242.0
42264	304530	399.0	244.0
42276	304530	410.0	246.0
42288	304530	421.0	250.0
42300	304530	435.0	252.0
42312	304530	449.0	255.0
42324	304530	468.0	259.0
42336	304530	490.0	265.0
42348	304530	519.0	272.0
42360	304530	553.0	280.0
42372	304530	599.0	290.0
42384	304530	664.0	306.0
42396	304530	757.0	329.0
42408	304530	900.0	363.0
42192	304562	300.0	227.0
42204	304562	301.0	227.0
42216	304562	303.0	228.0
42228	304562	305.0	228.4
42240	304562	306.6	230.0
42252	304562	308.0	230.0
42264	304562	310.0	231.0
42276	304562	312.0	231.0
42288	304562	313.3333333333333	233.0
42300	304562	315.0	235.0
42312	304562	318.75	234.25
42324	304562	320.0	235.0
42336	304562	323.0	237.0
42348	304562	326.0	238.0
42360	304562	330.0	240.0
42372	304562	334.0	242.0
42384	304562	338.0	243.0
42396	304562	344.0	246.0
42408	304562	349.0	248.0
42420	304562	356.0	250.0
42432	304562	365.0	254.0
42444	304562	373.0	257.0
42456	304562	385.0	262.0
42468	304562	396.0	266.0
42480	304562	412.0	271.0
42492	304562	430.0	280.0
42504	304562	453.0	290.0
42516	304562	484.0	303.0
42528	304562	526.0	320.0
42540	304562	588.0	346.0
42552	304562	687.0	389.0
42564	304562	871.0	467.0
42576	304562	1005.0	541.0
42192	304566	331.0	226.0
42204	304566	333.0	227.0
42216	304566	336.0	228.0
42228	304566	337.0	228.0
42240	304566	342.0	229.0
42252	304566	345.0	230.0
42264	304566	350.0	232.0
42276	304566	354.0	232.0
42288	304566	359.0	234.0
42300	304566	364.0	236.0
42312	304566	369.0	236.0
42324	304566	376.0	238.0
42336	304566	383.0	239.0
42348	304566	391.0	242.0
42360	304566	400.0	244.0
42372	304566	411.0	246.0
42384	304566	422.0	249.0
42396	304566	437.0	253.0
42408	304566	452.0	257.0
42420	304566	473.0	261.0
42432	304566	497.0	266.0
42444	304566	529.0	275.0
42456	304566	568.0	284.0
42468	304566	623.0	297.0
42480	304566	700.0	316.0
42492	304566	818.0	345.0
42504	304566	985.0	396.0
42300	304627	331.0	226.0
42312	304627	332.0	226.0
42324	304627	335.0	226.0
42336	304627	339.0	228.0
42348	304627	341.0	229.0
42360	304627	345.0	229.0
42372	304627	347.0	230.0
42384	304627	352.0	232.0
42396	304627	357.0	232.0
42408	304627	361.0	234.0
42420	304627	366.0	234.0
42432	304627	371.0	235.0
42444	304627	377.0	238.0
42456	304627	385.0	238.0
42468	304627	393.0	240.0
42480	304627	402.0	243.0
42492	304627	413.0	246.0
42504	304627	424.0	249.0
42516	304627	438.0	252.0
42528	304627	456.0	255.0
42540	304627	476.0	260.0
42552	304627	501.0	266.0
42564	304627	530.0	273.0
42576	304627	570.0	282.0
42588	304627	622.0	294.0
42600	304627	695.0	311.0
42612	304627	805.0	338.0
42624	304627	970.0	380.0
42420	304655	323.0	229.0
42432	304655	325.0	230.0
42444	304655	329.0	232.0
42456	304655	331.0	233.0
42468	304655	333.0	232.0
42480	304655	338.0	233.0
42492	304655	341.0	235.0
42504	304655	346.0	237.0
42516	304655	350.0	237.0
42528	304655	355.0	239.0
42540	304655	359.0	240.0
42552	304655	367.0	243.0
42564	304655	373.0	244.0
42576	304655	382.0	246.0
42588	304655	391.0	249.0
42600	304655	401.0	252.0
42612	304655	412.0	256.0
42624	304655	426.0	260.0
42636	304655	443.0	266.0
42648	304655	463.0	271.0
42660	304655	489.0	280.0
42672	304655	521.0	290.0
42684	304655	564.0	303.0
42696	304655	625.0	322.0
42708	304655	717.0	351.0
42720	304655	866.0	398.0
42732	304655	1006.0	470.0
42456	304663	350.6666666666667	228.0
42468	304663	355.0	229.0
42480	304663	360.0	229.0
42492	304663	364.0	230.5
42504	304663	370.0	233.0
42516	304663	376.0	233.0
42528	304663	381.0	234.0
42540	304663	389.0	236.0
42552	304663	397.0	238.0
42564	304663	406.0	240.0
42576	304663	417.0	242.0
42588	304663	428.0	244.0
42600	304663	442.0	247.0
42612	304663	459.0	251.0
42624	304663	477.0	255.0
42636	304663	500.0	258.0
42648	304663	528.0	264.0
42660	304663	562.0	271.0
42672	304663	609.0	281.0
42684	304663	673.0	293.0
42696	304663	764.0	311.0
42708	304663	902.0	339.0
42480	304674	312.0	231.0
42492	304674	315.0	233.0
42504	304674	318.0	234.0
42516	304674	320.0	235.0
42528	304674	323.0	236.0
42540	304674	327.0	237.0
42552	304674	330.0	239.0
42564	304674	334.0	240.0
42576	304674	338.0	241.0
42588	304674	342.0	244.0
42600	304674	349.0	247.0
42612	304674	356.0	250.0
42624	304674	365.0	252.0
42636	304674	373.0	256.0
42648	304674	383.0	260.0
42660	304674	394.0	265.0
42672	304674	410.0	271.0
42684	304674	428.0	279.0
42696	304674	451.0	289.0
42708	304674	483.0	302.0
42720	304674	525.0	320.0
42732	304674	587.0	346.0
42744	304674	690.0	390.0
42756	304674	886.0	472.0
42504	304679	300.0	228.0
42516	304679	302.0	228.0
42528	304679	305.0	229.0
42540	304679	305.0	229.0
42552	304679	307.0	231.0
42564	304679	311.0	232.0
42576	304679	313.0	232.0
42588	304679	316.0	234.0
42600	304679	318.0	235.0
42612	304679	321.0	236.0
42624	304679	325.0	238.0
42636	304679	329.0	240.0
42648	304679	333.0	241.0
42660	304679	338.0	245.0
42672	304679	342.0	246.0
42684	304679	350.0	249.0
42696	304679	358.0	252.0
42708	304679	367.0	256.0
42720	304679	377.0	260.0
42732	304679	389.0	266.0
42744	304679	404.0	271.0
42756	304679	423.0	279.0
42768	304679	446.0	289.0
42780	304679	476.0	302.0
42792	304679	519.0	320.0
42804	304679	584.0	346.0
42816	304679	687.0	389.0
42828	304679	880.0	471.0
42840	304679	1008.0	541.0
42648	304716	313.0	225.0
42660	304716	314.0	226.0
42672	304716	316.0	226.0
42684	304716	320.0	226.0
42696	304716	322.0	227.0
42708	304716	324.0	228.0
42720	304716	327.0	230.0
42732	304716	329.0	230.0
42744	304716	333.0	230.0
42756	304716	336.0	232.0
42768	304716	340.0	233.0
42780	304716	344.0	234.0
42792	304716	347.0	236.0
42804	304716	353.0	236.0
42816	304716	358.0	239.0
42828	304716	364.0	239.0
42840	304716	371.0	242.0
42852	304716	378.0	244.0
42864	304716	388.0	248.0
42876	304716	399.0	250.0
42888	304716	410.0	253.0
42900	304716	425.0	258.0
42912	304716	442.0	263.0
42924	304716	464.0	271.0
42936	304716	492.0	279.0
42948	304716	529.0	290.0
42960	304716	580.0	305.0
42972	304716	655.0	329.0
42984	304716	779.0	367.0
42996	304716	979.0	440.0
42708	304727	344.0	226.0
42720	304727	348.85714285714283	226.0
42732	304727	352.0	227.0
42744	304727	355.0	228.0
42756	304727	359.0	229.0
42768	304727	364.0	231.0
42780	304727	368.0	232.0
42792	304727	373.0	232.0
42804	304727	379.0	234.0
42816	304727	386.0	235.0
42828	304727	392.0	236.0
42840	304727	399.0	238.0
42852	304727	408.0	239.0
42864	304727	418.0	242.0
42876	304727	430.0	245.0
42888	304727	442.0	247.0
42900	304727	458.0	250.0
42912	304727	476.0	253.0
42924	304727	497.0	258.0
42936	304727	523.0	263.0
42948	304727	557.0	270.0
42960	304727	599.0	278.0
42972	304727	653.0	289.0
42984	304727	712.0	291.0
42996	304727	845.0	323.0
43008	304727	991.0	367.0
42732	304736	306.0	230.0
42744	304736	308.0	230.0
42756	304736	310.0	232.0
42768	304736	312.0	232.0
42780	304736	314.0	233.0
42792	304736	317.0	235.0
42804	304736	320.0	236.0
42816	304736	323.0	237.0
42828	304736	326.0	239.0
42840	304736	331.0	240.0
42852	304736	337.0	242.0
42864	304736	341.0	245.0
42876	304736	348.0	248.0
42888	304736	354.0	250.0
42900	304736	364.0	254.0
42912	304736	374.0	257.0
42924	304736	387.0	262.0
42936	304736	402.0	268.0
42948	304736	420.0	277.0
42960	304736	445.0	286.0
42972	304736	477.0	299.0
42984	304736	523.0	319.0
42996	304736	593.0	347.0
43008	304736	715.0	398.0
43020	304736	957.0	504.0
42816	304759	297.0869565217391	226.08695652173913
42828	304759	297.60869565217394	226.6086956521739
42840	304759	298.2307692307692	227.0
42852	304759	300.0	228.0
42864	304759	303.0	228.0
42876	304759	305.0	228.0
42888	304759	307.0	229.0
42900	304759	309.0	231.0
42912	304759	311.0	232.0
42924	304759	314.0	233.0
42936	304759	317.0	234.0
42948	304759	321.0	235.0
42960	304759	324.0	237.0
42972	304759	327.0	238.0
42984	304759	332.0	240.0
42996	304759	338.0	242.0
43008	304759	342.0	244.0
43020	304759	349.0	248.0
43032	304759	355.0	250.0
43044	304759	364.0	253.0
43056	304759	374.0	258.0
43068	304759	387.0	263.0
43080	304759	403.0	270.0
43092	304759	421.0	279.0
43104	304759	448.0	289.0
43116	304759	484.0	305.0
43128	304759	537.0	327.0
43140	304759	623.0	364.0
43152	304759	785.0	434.0
43164	304759	997.0	543.0
42864	304772	355.0	232.0
42876	304772	362.0	234.0
42888	304772	366.0	236.0
42900	304772	371.0	236.0
42912	304772	377.0	237.0
42924	304772	383.0	239.0
42936	304772	390.5	242.25
42948	304772	398.0	243.0
42960	304772	407.0	244.0
42972	304772	417.0	247.0
42984	304772	423.75	249.25
42996	304772	435.0	246.0
43008	304772	453.0	255.0
43020	304772	470.0	259.0
43032	304772	490.0	265.0
43044	304772	516.0	271.0
43056	304772	546.0	279.0
43068	304772	583.0	287.0
43080	304772	634.0	299.0
43092	304772	701.0	317.0
43104	304772	800.0	340.0
43116	304772	953.0	377.0
42984	304838	316.0	227.0
42996	304838	317.8	228.0
43008	304838	321.0	229.0
43020	304838	323.0	230.0
43032	304838	325.0	232.0
43044	304838	329.0	232.0
43056	304838	332.0	232.0
43068	304838	336.0	234.0
43080	304838	339.0	236.0
43092	304838	343.0	237.0
43104	304838	347.0	238.0
43116	304838	353.0	240.0
43128	304838	359.0	241.0
43140	304838	365.0	243.0
43152	304838	373.0	246.0
43164	304838	381.0	249.0
43176	304838	391.0	251.0
43188	304838	402.0	255.0
43200	304838	416.0	259.0
43212	304838	433.0	265.0
43224	304838	454.0	272.0
43236	304838	480.0	280.0
43248	304838	514.0	292.0
43260	304838	561.0	307.0
43272	304838	632.0	330.0
43284	304838	746.0	366.0
43296	304838	954.0	434.0
43008	304850	357.0	229.0
43020	304850	360.6666666666667	229.0
43032	304850	364.0	231.0
43044	304850	369.0	232.0
43056	304850	375.0	233.0
43068	304850	381.0	233.0
43080	304850	386.0	235.0
43092	304850	393.0	236.0
43104	304850	402.0	238.0
43116	304850	412.0	241.0
43128	304850	423.0	243.0
43140	304850	435.0	247.0
43152	304850	450.0	248.0
43164	304850	467.0	252.0
43176	304850	487.0	256.0
43188	304850	513.0	261.0
43200	304850	544.0	268.0
43212	304850	584.0	276.0
43224	304850	636.0	287.0
43236	304850	707.0	302.0
43248	304850	813.0	323.0
43260	304850	968.0	357.0
43176	304910	345.0	226.0
43188	304910	348.75	227.375
43200	304910	352.3333333333333	228.0
43212	304910	356.9	228.3
43224	304910	359.0	229.0
43236	304910	363.0	229.0
43248	304910	369.0	231.0
43260	304910	374.0	232.0
43272	304910	380.2857142857143	233.42857142857142
43284	304910	386.0	235.0
43296	304910	393.0	235.0
43308	304910	400.0	238.0
43320	304910	409.0	239.0
43332	304910	418.75	239.75
43344	304910	430.0	241.875
43356	304910	443.0	245.0
43368	304910	458.0	248.0
43380	304910	475.0	251.0
43392	304910	495.0	255.0
43404	304910	518.0	260.0
43416	304910	549.0	266.0
43428	304910	587.0	274.0
43440	304910	635.0	284.0
43452	304910	705.0	297.0
43464	304910	799.0	315.0
43476	304910	950.0	345.0
43176	304911	310.625	231.25
43188	304911	314.0	232.0
43200	304911	316.0	234.0
43212	304911	319.0	235.0
43224	304911	321.0	236.0
43236	304911	324.0	237.0
43248	304911	327.0	238.0
43260	304911	329.0	239.0
43272	304911	333.0	242.0
43284	304911	338.0	243.0
43296	304911	343.0	246.0
43308	304911	349.0	249.0
43320	304911	356.0	251.0
43332	304911	364.0	255.0
43344	304911	372.0	258.0
43356	304911	384.0	264.0
43368	304911	395.0	269.0
43380	304911	413.0	277.0
43392	304911	431.0	285.0
43404	304911	457.0	296.0
43416	304911	492.0	312.0
43428	304911	543.0	334.0
43440	304911	623.0	370.0
43452	304911	763.0	433.0
43464	304911	981.0	542.0
43260	304925	313.0	225.0
43272	304925	315.40677966101697	226.135593220339
43284	304925	317.8474576271187	226.94915254237287
43296	304925	320.2881355932203	227.76271186440678
43308	304925	322.728813559322	228.57627118644066
43320	304925	325.1694915254237	229.38983050847457
43332	304925	327.0	230.0
43344	304925	330.0	231.0
43356	304925	336.0	231.0
43368	304925	337.3333333333333	233.0
43380	304925	341.0	232.0
43392	304925	345.0	234.0
43404	304925	350.0	235.0
43416	304925	355.0	236.0
43428	304925	359.0	238.0
43440	304925	364.0	239.0
43452	304925	370.0	241.0
43464	304925	376.0	243.0
43476	304925	384.0	245.0
43488	304925	393.0	247.0
43500	304925	403.0	250.0
43512	304925	413.0	253.0
43524	304925	427.0	258.0
43536	304925	442.0	262.0
43548	304925	462.0	268.0
43560	304925	485.0	274.0
43572	304925	513.0	284.0
43584	304925	550.0	295.0
43596	304925	600.0	309.0
43608	304925	673.0	331.0
43620	304925	784.0	365.0
43632	304925	963.0	422.0
43296	304933	348.0	231.0
43308	304933	352.0	231.0
43320	304933	356.0	233.0
43332	304933	362.0	234.0
43344	304933	366.0	235.0
43356	304933	372.0	237.0
43368	304933	378.0	238.0
43380	304933	385.0	240.0
43392	304933	394.0	242.0
43404	304933	402.0	245.0
43416	304933	413.0	247.0
43428	304933	426.0	250.0
43440	304933	441.0	253.0
43452	304933	458.0	257.0
43464	304933	478.0	262.0
43476	304933	505.0	269.0
43488	304933	537.0	276.0
43500	304933	579.0	286.0
43512	304933	639.0	301.0
43524	304933	724.0	322.0
43536	304933	854.0	353.0
43404	304969	321.0	228.0
43416	304969	322.53225806451616	228.0
43428	304969	323.11290322580646	228.0
43440	304969	323.69354838709677	228.0
43452	304969	324.2741935483871	228.0
43464	304969	324.85483870967744	228.0
43476	304969	327.0	229.0
43488	304969	329.0	230.0
43500	304969	333.0	231.0
43512	304969	336.0	232.0
43524	304969	339.0	234.0
43536	304969	342.0	234.0
43548	304969	347.0	235.0
43560	304969	351.0	237.0
43572	304969	357.0	238.0
43584	304969	362.0	240.0
43596	304969	368.0	242.0
43608	304969	376.0	244.0
43620	304969	384.0	247.0
43632	304969	393.0	250.0
43644	304969	405.0	253.0
43656	304969	417.0	256.0
43668	304969	433.0	261.0
43680	304969	452.0	267.0
43692	304969	474.0	274.0
43704	304969	503.0	283.0
43716	304969	542.0	294.0
43728	304969	594.0	311.0
43740	304969	671.0	334.0
43752	304969	793.0	371.0
43764	304969	980.0	439.0
43464	304984	336.0	233.0
43476	304984	342.0	234.0
43488	304984	345.0	235.0
43500	304984	349.0	236.0
43512	304984	354.0	238.0
43524	304984	360.0	239.0
43536	304984	366.0	241.0
43548	304984	373.0	243.0
43560	304984	380.0	247.0
43572	304984	388.0	249.0
43584	304984	401.0	252.0
43596	304984	412.0	256.0
43608	304984	428.0	261.0
43620	304984	446.0	267.0
43632	304984	469.0	274.0
43644	304984	496.0	282.0
43656	304984	533.0	293.0
43668	304984	584.0	310.0
43680	304984	659.0	333.0
43692	304984	778.0	370.0
43704	304984	973.0	438.0
43548	305021	324.0612244897959	228.0
43560	305021	324.3061224489796	228.0
43572	305021	324.55102040816325	228.0
43584	305021	324.7959183673469	228.0
43596	305021	327.0	228.0
43608	305021	329.1818181818182	229.0909090909091
43620	305021	334.0	231.0
43632	305021	336.93333333333334	231.73333333333332
43644	305021	338.0	233.0
43656	305021	341.0	234.0
43668	305021	346.0	235.0
43680	305021	350.0	237.0
43692	305021	356.0	239.0
43704	305021	362.0	240.0
43716	305021	368.0	242.0
43728	305021	376.0	245.0
43740	305021	383.0	247.0
43752	305021	392.0	249.0
43764	305021	403.0	253.0
43776	305021	416.0	256.0
43788	305021	430.0	261.0
43800	305021	448.0	266.0
43812	305021	470.0	273.0
43824	305021	498.0	280.0
43836	305021	533.0	292.0
43848	305021	582.0	307.0
43860	305021	651.0	328.0
43872	305021	760.0	361.0
43884	305021	949.0	420.0
43572	305025	308.6666666666667	229.55555555555554
43584	305025	312.3076923076923	230.84615384615384
43596	305025	314.0	230.0
43608	305025	315.0	232.0
43620	305025	317.0	232.0
43632	305025	319.0	233.0
43644	305025	322.0	234.0
43656	305025	325.3333333333333	236.0
43668	305025	328.0	237.0
43680	305025	331.0	238.0
43692	305025	334.5	240.0
43704	305025	339.0	242.0
43716	305025	343.0	244.0
43728	305025	349.0	246.0
43740	305025	355.0	249.0
43752	305025	362.0	251.0
43764	305025	370.0	253.5
43776	305025	379.0	257.0
43788	305025	388.0	262.0
43800	305025	400.0	266.0
43812	305025	415.0	271.0
43824	305025	433.0	279.0
43836	305025	454.0	288.0
43848	305025	485.0	298.0
43860	305025	522.0	312.0
43872	305025	580.0	331.0
43884	305025	656.0	360.0
43896	305025	781.0	408.0
43908	305025	984.0	510.0
43920	305025	1005.0	540.0
43596	305044	339.0	232.0
43608	305044	343.0	234.0
43620	305044	345.0	236.0
43632	305044	351.0	237.0
43644	305044	356.0	238.0
43656	305044	362.0	239.0
43668	305044	368.0	242.0
43680	305044	374.0	244.0
43692	305044	383.0	246.0
43704	305044	391.0	249.0
43716	305044	403.0	252.0
43728	305044	418.0	256.0
43740	305044	432.0	261.0
43752	305044	451.0	266.0
43764	305044	474.0	273.0
43776	305044	505.0	282.0
43788	305044	541.0	293.0
43800	305044	593.0	310.0
43812	305044	671.0	333.0
43824	305044	792.0	370.0
43836	305044	981.0	439.0
43692	305089	259.0	221.0
43704	305089	260.0	222.0
43716	305089	262.0	222.0
43728	305089	263.0	223.0
43740	305089	265.0	223.0
43752	305089	266.0	223.0
43764	305089	267.5	224.0
43776	305089	270.0	224.0
43788	305089	271.0	224.0
43800	305089	273.0	225.0
43812	305089	274.0	226.0
43824	305089	274.0	224.0
43836	305089	276.0	226.0
43848	305089	277.0	226.0
43860	305089	278.0	226.0
43872	305089	278.0	226.0
43884	305089	280.0	227.0
43896	305089	280.0	227.0
43908	305089	281.0	227.0
43920	305089	282.75	227.875
43932	305089	285.0	229.0
43944	305089	286.0	231.0
43956	305089	286.0	231.0
43968	305089	287.0	232.0
43980	305089	289.0	233.0
43992	305089	291.0	234.0
44004	305089	292.0	235.0
44016	305089	295.0	236.0
44028	305089	297.0	238.0
44040	305089	299.0	239.0
44052	305089	301.0	241.0
44064	305089	305.0	242.0
44076	305089	308.0	245.0
44088	305089	312.0	246.0
44100	305089	316.0	249.0
44112	305089	320.0	251.0
44124	305089	325.0	254.0
44136	305089	331.0	258.0
44148	305089	338.0	263.0
44160	305089	347.0	268.0
44172	305089	357.0	275.0
44184	305089	370.0	282.0
44196	305089	386.0	293.0
44208	305089	407.0	307.0
44220	305089	436.0	325.0
44232	305089	480.0	354.0
44244	305089	549.0	400.0
44256	305089	682.0	490.0
44268	305089	906.0	541.0
43704	305090	312.0	232.0
43716	305090	313.5	232.16666666666666
43728	305090	317.0	234.0
43740	305090	321.0	235.0
43752	305090	323.0	237.0
43764	305090	327.0	238.0
43776	305090	331.0	239.0
43788	305090	335.0	242.0
43800	305090	338.0	243.0
43812	305090	342.0	245.0
43824	305090	347.0	246.0
43836	305090	353.0	249.0
43848	305090	361.0	252.0
43860	305090	368.0	255.0
43872	305090	375.0	258.0
43884	305090	385.0	262.0
43896	305090	397.0	267.0
43908	305090	410.0	272.0
43920	305090	427.0	280.0
43932	305090	448.0	288.0
43944	305090	474.0	300.0
43956	305090	508.0	315.0
43968	305090	557.0	336.0
43980	305090	630.0	367.0
43992	305090	751.0	420.0
44004	305090	968.0	524.0
43836	305156	301.0	227.0
43848	305156	301.0	228.0
43860	305156	302.2857142857143	228.0
43872	305156	304.0	228.0
43884	305156	307.0	230.0
43896	305156	308.0	229.0
43908	305156	310.0	230.0
43920	305156	311.5	231.0
43932	305156	314.0	232.0
43944	305156	316.0	233.0
43956	305156	318.0	234.0
43968	305156	321.0	235.0
43980	305156	325.0	236.0
43992	305156	327.0	238.0
44004	305156	331.0	239.0
44016	305156	336.0	240.0
44028	305156	339.0	242.0
44040	305156	344.0	244.0
44052	305156	350.0	246.0
44064	305156	356.0	248.0
44076	305156	363.0	250.0
44088	305156	370.0	253.0
44100	305156	379.0	257.0
44112	305156	389.0	261.0
44124	305156	400.0	266.0
44136	305156	414.0	272.0
44148	305156	432.0	279.0
44160	305156	453.0	287.0
44172	305156	480.0	299.0
44184	305156	517.0	313.0
44196	305156	568.0	334.0
44208	305156	644.0	365.0
44220	305156	771.0	416.0
44232	305156	978.0	515.0
43884	305184	331.8	231.0
43896	305184	333.0	233.0
43908	305184	339.0	232.0
43920	305184	341.0	234.0
43932	305184	345.0	235.0
43944	305184	349.0	236.0
43956	305184	353.0	238.0
43968	305184	357.0	239.0
43980	305184	364.0	241.0
43992	305184	370.0	243.0
44004	305184	377.0	246.0
44016	305184	385.0	248.0
44028	305184	393.0	250.0
44040	305184	404.0	254.0
44052	305184	416.0	257.0
44064	305184	431.0	262.0
44076	305184	449.0	268.0
44088	305184	471.0	275.0
44100	305184	498.0	284.0
44112	305184	535.0	295.0
44124	305184	584.0	311.0
44136	305184	655.0	334.0
44148	305184	767.0	369.0
44160	305184	957.0	430.0
43896	305197	349.0	231.0
43908	305197	353.0	230.0
43920	305197	357.0	232.0
43932	305197	361.0	233.0
43944	305197	367.0	234.0
43956	305197	373.0	235.0
43968	305197	380.0	237.0
43980	305197	386.0	238.0
43992	305197	395.0	241.0
44004	305197	403.0	243.0
44016	305197	413.0	245.0
44028	305197	425.0	248.0
44040	305197	437.0	250.0
44052	305197	452.0	254.0
44064	305197	471.0	258.0
44076	305197	493.0	263.0
44088	305197	519.0	270.0
44100	305197	553.0	277.0
44112	305197	597.0	288.0
44124	305197	657.0	302.0
44136	305197	743.0	323.0
44148	305197	874.0	353.0
44160	305197	993.0	389.0
43992	305258	277.0	228.0
44004	305258	277.3076923076923	229.30769230769232
44016	305258	279.0	230.0
44028	305258	282.6521739130435	231.04347826086956
44040	305258	286.0	233.0
44052	305258	286.0	233.0
44064	305258	287.0	233.0
44076	305258	289.0	234.0
44088	305258	292.0	236.0
44100	305258	295.0	237.0
44112	305258	298.0	238.0
44124	305258	302.0	238.0
44136	305258	304.0	241.0
44148	305258	308.0	243.0
44160	305258	312.0	244.0
44172	305258	316.0	246.0
44184	305258	320.0	248.0
44196	305258	326.0	250.0
44208	305258	330.0	253.0
44220	305258	337.0	257.0
44232	305258	345.0	261.0
44244	305258	353.0	265.0
44256	305258	364.0	272.0
44268	305258	377.0	279.0
44280	305258	392.0	288.0
44292	305258	412.0	299.0
44304	305258	440.0	315.0
44316	305258	479.0	337.0
44328	305258	539.0	370.0
44340	305258	644.0	429.0
44352	305258	857.0	540.0
44364	305258	965.0	539.0
44040	305276	319.0	234.0
44052	305276	322.0	236.0
44064	305276	324.0	235.0
44076	305276	325.0	237.0
44088	305276	331.0	238.0
44100	305276	334.0	240.0
44112	305276	338.0	241.0
44124	305276	343.0	244.0
44136	305276	348.0	246.0
44148	305276	354.0	248.0
44160	305276	361.0	251.0
44172	305276	368.0	255.0
44184	305276	377.0	259.0
44196	305276	388.0	265.0
44208	305276	398.0	267.0
44220	305276	412.0	269.0
44232	305276	432.0	280.0
44244	305276	457.0	292.0
44256	305276	487.0	305.0
44268	305276	530.0	323.0
44280	305276	593.0	351.0
44292	305276	695.0	396.0
44304	305276	888.0	480.0
44316	305276	993.0	541.0
44100	305298	360.0	233.0
44112	305298	362.0	232.0
44124	305298	367.0	234.0
44136	305298	372.0	236.0
44148	305298	378.0	237.0
44160	305298	384.0	238.0
44172	305298	391.0	239.0
44184	305298	399.0	241.0
44196	305298	408.0	244.0
44208	305298	418.0	247.0
44220	305298	429.0	248.0
44232	305298	443.0	252.0
44244	305298	459.0	256.0
44256	305298	477.0	261.0
44268	305298	500.0	265.0
44280	305298	528.0	272.0
44292	305298	563.0	280.0
44304	305298	610.0	292.0
44316	305298	673.0	307.0
44328	305298	766.0	329.0
44340	305298	910.0	363.0
44196	305330	253.0	223.0
44208	305330	254.0	223.0
44220	305330	255.0	224.0
44232	305330	257.11764705882354	224.47058823529412
44244	305330	259.2352941176471	224.94117647058823
44256	305330	261.3529411764706	225.41176470588235
44268	305330	263.47058823529414	225.88235294117646
44280	305330	265.85714285714283	226.0
44292	305330	267.0	226.0
44304	305330	267.5833333333333	225.58333333333334
44316	305330	269.0	227.0
44328	305330	268.0	228.0
44340	305330	270.0	228.0
44352	305330	271.0	229.0
44364	305330	271.0	229.0
44376	305330	272.0	230.0
44388	305330	274.0	231.0
44400	305330	275.93333333333334	231.46666666666667
44412	305330	277.0	232.0
44424	305330	278.0	233.0
44436	305330	280.0	234.0
44448	305330	281.0	236.0
44460	305330	283.0	237.0
44472	305330	284.0	238.0
44484	305330	287.0	238.0
44496	305330	289.0	240.0
44508	305330	291.0	242.0
44520	305330	293.0	244.0
44532	305330	297.0	245.0
44544	305330	300.0	247.0
44556	305330	303.0	249.0
44568	305330	307.0	251.0
44580	305330	312.0	253.0
44592	305330	319.0	257.0
44604	305330	325.0	261.0
44616	305330	330.0	264.0
44628	305330	339.0	268.0
44640	305330	347.0	274.0
44652	305330	359.0	281.0
44664	305330	371.0	288.0
44676	305330	386.0	298.0
44688	305330	404.0	310.0
44700	305330	428.0	325.0
44712	305330	461.0	347.0
44724	305330	509.0	378.0
44736	305330	584.0	429.0
44748	305330	723.0	521.0
44760	305330	879.0	540.0
44208	305335	299.0	232.0
44220	305335	300.0	232.0
44232	305335	303.0	232.25
44244	305335	306.0	233.0
44256	305335	310.0	234.0
44268	305335	311.0	235.0
44280	305335	316.0	236.0
44292	305335	318.0	237.0
44304	305335	322.0	239.0
44316	305335	326.0	240.0
44328	305335	330.0	242.0
44340	305335	335.0	244.0
44352	305335	340.0	245.0
44364	305335	348.0	249.0
44376	305335	355.0	250.0
44388	305335	364.0	254.0
44400	305335	371.0	257.0
44412	305335	381.0	262.0
44424	305335	394.0	266.0
44436	305335	406.0	271.0
44448	305335	422.0	278.0
44460	305335	442.0	286.0
44472	305335	465.0	296.0
44484	305335	496.0	309.0
44496	305335	537.0	326.0
44508	305335	594.0	351.0
44520	305335	683.0	389.0
44532	305335	836.0	453.0
44544	305335	992.0	543.0
44208	305336	334.0	232.0
44220	305336	338.0	233.0
44232	305336	341.0	234.0
44244	305336	344.0	236.0
44256	305336	349.0	238.0
44268	305336	355.0	238.0
44280	305336	360.0	239.0
44292	305336	368.0	242.0
44304	305336	374.0	244.0
44316	305336	383.0	247.0
44328	305336	391.0	249.0
44340	305336	403.0	252.0
44352	305336	416.0	256.0
44364	305336	431.0	261.0
44376	305336	449.0	267.0
44388	305336	473.0	274.0
44400	305336	500.0	282.0
44412	305336	538.0	294.0
44424	305336	588.0	310.0
44436	305336	662.0	332.0
44448	305336	777.0	367.0
44460	305336	965.0	429.0
44220	305343	317.14285714285717	234.14285714285714
44232	305343	320.0	235.0
44244	305343	321.0	236.0
44256	305343	326.0	237.0
44268	305343	330.0	239.0
44280	305343	332.0	240.0
44292	305343	336.0	242.0
44304	305343	341.0	244.0
44316	305343	346.0	246.0
44328	305343	352.0	248.0
44340	305343	358.0	251.0
44352	305343	366.0	254.0
44364	305343	374.0	257.0
44376	305343	384.0	261.0
44388	305343	395.0	266.0
44400	305343	409.0	272.0
44412	305343	428.0	279.0
44424	305343	448.0	288.0
44436	305343	475.0	299.0
44448	305343	512.0	314.0
44460	305343	563.0	335.0
44472	305343	639.0	367.0
44484	305343	767.0	420.0
44496	305343	982.0	527.0
44244	305358	286.0	228.0
44256	305358	286.0	229.0
44268	305358	287.3333333333333	230.0
44280	305358	289.625	230.625
44292	305358	291.14285714285717	232.0
44304	305358	292.85714285714283	232.0
44316	305358	295.0	233.0
44328	305358	297.0	235.0
44340	305358	300.0	235.0
44352	305358	303.0	236.0
44364	305358	306.0	237.0
44376	305358	309.0	239.0
44388	305358	314.0	240.0
44400	305358	320.0	242.0
44412	305358	325.0	244.0
44424	305358	331.0	246.0
44436	305358	337.0	248.0
44448	305358	344.0	250.0
44460	305358	354.0	253.0
44472	305358	362.0	256.0
44484	305358	372.0	260.0
44496	305358	385.0	265.0
44508	305358	396.0	270.0
44520	305358	414.0	277.0
44532	305358	433.0	284.0
44544	305358	457.0	294.0
44556	305358	489.0	307.0
44568	305358	530.0	325.0
44580	305358	587.0	349.0
44592	305358	676.0	387.0
44604	305358	825.0	452.0
44616	305358	989.0	542.0
44316	305391	360.0	228.0
44328	305391	364.0	229.0
44340	305391	369.0	231.0
44352	305391	375.0	232.0
44364	305391	380.0	233.0
44376	305391	386.0	234.0
44388	305391	393.0	235.0
44400	305391	402.0	237.0
44412	305391	410.0	239.0
44424	305391	420.0	241.0
44436	305391	431.0	244.0
44448	305391	445.0	246.0
44460	305391	458.0	249.0
44472	305391	474.0	252.0
44484	305391	494.0	257.0
44496	305391	518.0	261.0
44508	305391	546.0	267.0
44520	305391	581.0	274.0
44532	305391	629.0	284.0
44544	305391	691.0	296.0
44556	305391	779.0	314.0
44568	305391	913.0	342.0
44412	305425	249.5	221.16666666666666
44424	305425	251.1764705882353	222.0
44436	305425	253.2941176470588	222.0
44448	305425	254.0	222.0
44460	305425	255.0	223.0
44472	305425	255.63636363636363	223.63636363636363
44484	305425	261.0	224.0
44496	305425	263.0	224.0
44508	305425	264.0	225.0
44520	305425	265.0	225.0
44532	305425	265.8	225.2
44544	305425	267.72	225.68
44556	305425	269.0	226.0
44568	305425	269.0	226.0
44580	305425	267.921875	226.15625
44592	305425	267.734375	226.53125
44604	305425	267.546875	226.90625
44616	305425	267.359375	227.28125
44628	305425	267.171875	227.65625
44640	305425	267.0	229.0
44652	305425	266.0	229.0
44664	305425	266.0	230.0
44676	305425	266.0	230.0
44688	305425	266.0	231.0
44700	305425	268.0	232.0
44712	305425	268.0	234.0
44724	305425	269.0	234.0
44736	305425	269.25	236.0
44748	305425	270.0	238.0
44760	305425	273.0	239.0
44772	305425	275.0	240.0
44784	305425	277.0	241.0
44796	305425	280.0	243.0
44808	305425	285.0	245.0
44820	305425	289.0	247.0
44832	305425	295.0	250.0
44844	305425	301.0	254.0
44856	305425	308.0	257.0
44868	305425	317.0	262.0
44880	305425	325.0	267.0
44892	305425	336.0	273.0
44904	305425	349.0	280.0
44916	305425	362.0	289.0
44928	305425	380.0	302.0
44940	305425	405.0	318.0
44952	305425	440.0	342.0
44964	305425	491.0	376.0
44976	305425	580.0	435.0
44988	305425	753.0	541.0
44424	305430	311.0	229.0
44436	305430	312.55555555555554	229.77777777777777
44448	305430	315.0	231.0
44460	305430	318.0	232.0
44472	305430	320.4	233.8
44484	305430	323.0	234.0
44496	305430	325.0	236.0
44508	305430	328.0	237.0
44520	305430	332.0	238.0
44532	305430	335.0	240.0
44544	305430	340.0	241.0
44556	305430	346.0	244.0
44568	305430	351.0	246.0
44580	305430	357.0	249.0
44592	305430	365.0	252.0
44604	305430	374.0	255.0
44616	305430	382.0	259.0
44628	305430	393.0	263.0
44640	305430	409.0	270.0
44652	305430	424.0	276.0
44664	305430	444.0	285.0
44676	305430	472.0	297.0
44688	305430	508.0	311.0
44700	305430	560.0	333.0
44712	305430	637.0	365.0
44724	305430	769.0	421.0
44736	305430	989.0	535.0
44508	305471	303.0	234.33333333333334
44520	305471	307.0	236.0
44532	305471	308.0	237.0
44544	305471	313.0	238.0
44556	305471	317.0	239.0
44568	305471	322.0	240.0
44580	305471	325.0	243.0
44592	305471	330.0	244.0
44604	305471	336.0	246.0
44616	305471	342.0	248.0
44628	305471	346.0	250.0
44640	305471	353.0	252.0
44652	305471	362.0	256.0
44664	305471	370.0	259.0
44676	305471	380.0	262.0
44688	305471	392.0	268.0
44700	305471	405.0	272.0
44712	305471	422.0	280.0
44724	305471	442.0	287.0
44736	305471	466.0	298.0
44748	305471	500.0	311.0
44760	305471	545.0	329.0
44772	305471	611.0	357.0
44784	305471	716.0	401.0
44796	305471	902.0	479.0
44808	305471	1000.0	541.0
44580	305505	302.0	237.0
44592	305505	303.0	237.0
44604	305505	310.0	239.0
44616	305505	313.0	240.0
44628	305505	316.0	242.0
44640	305505	319.0	243.0
44652	305505	325.0	245.0
44664	305505	331.0	247.0
44676	305505	336.0	249.0
44688	305505	343.0	251.0
44700	305505	350.0	253.0
44712	305505	358.0	256.0
44724	305505	368.0	259.0
44736	305505	379.0	264.0
44748	305505	391.0	268.0
44760	305505	404.0	273.0
44772	305505	420.0	280.0
44784	305505	440.0	287.0
44796	305505	463.0	296.0
44808	305505	495.0	309.0
44820	305505	536.0	325.0
44832	305505	592.0	348.0
44844	305505	676.0	382.0
44856	305505	819.0	441.0
44868	305505	996.0	542.0
44640	305530	304.0	239.0
44652	305530	306.0	240.0
44664	305530	307.0	242.0
44676	305530	309.0	244.0
44688	305530	311.0	246.0
44700	305530	312.0	248.0
44712	305530	315.0	250.0
44724	305530	320.0	252.0
44736	305530	323.0	255.0
44748	305530	328.0	259.0
44760	305530	333.0	263.0
44772	305530	340.0	267.0
44784	305530	348.0	272.0
44796	305530	359.0	279.0
44808	305530	371.0	288.0
44820	305530	387.0	298.0
44832	305530	407.0	312.0
44844	305530	437.0	332.0
44856	305530	477.0	360.0
44868	305530	541.0	405.0
44880	305530	660.0	489.0
44892	305530	830.0	540.0
44688	305559	344.2	234.6
44700	305559	348.9230769230769	236.0
44712	305559	352.0	237.0
44724	305559	357.0	238.0
44736	305559	362.0	240.0
44748	305559	369.0	243.0
44760	305559	374.0	244.0
44772	305559	383.0	246.0
44784	305559	391.0	249.0
44796	305559	400.0	251.0
44808	305559	412.0	255.0
44820	305559	424.0	258.0
44832	305559	440.0	263.0
44844	305559	459.0	269.0
44856	305559	480.0	275.0
44868	305559	508.0	284.0
44880	305559	545.0	295.0
44892	305559	597.0	311.0
44904	305559	671.0	333.0
44916	305559	783.0	366.0
44928	305559	966.0	424.0
44700	305563	286.0	234.0
44712	305563	287.0	235.0
44724	305563	291.0	235.0
44736	305563	291.0	237.0
44748	305563	294.0	237.0
44760	305563	296.0	238.0
44772	305563	299.0	240.0
44784	305563	302.0	241.0
44796	305563	305.0	243.0
44808	305563	309.0	245.0
44820	305563	312.0	246.0
44832	305563	315.0	247.0
44844	305563	320.0	250.0
44856	305563	326.0	252.0
44868	305563	330.0	254.0
44880	305563	336.0	258.0
44892	305563	343.0	261.0
44904	305563	349.0	266.0
44916	305563	355.0	260.0
44928	305563	369.0	267.0
44940	305563	384.0	278.0
44952	305563	402.0	288.0
44964	305563	421.0	298.0
44976	305563	447.0	311.0
44988	305563	483.0	326.0
45000	305563	529.0	347.0
45012	305563	599.0	379.0
45024	305563	705.0	429.0
45036	305563	895.0	518.0
45048	305563	973.0	540.0
44712	305574	317.0	233.0
44724	305574	317.8888888888889	234.0
44736	305574	320.0	235.0
44748	305574	324.84615384615387	236.53846153846155
44760	305574	328.0	238.0
44772	305574	333.0	240.0
44784	305574	336.0	241.0
44796	305574	341.0	245.0
44808	305574	345.0	246.0
44820	305574	352.0	249.0
44832	305574	360.0	252.0
44844	305574	368.0	255.0
44856	305574	379.0	259.0
44868	305574	390.0	265.0
44880	305574	404.0	271.0
44892	305574	422.0	279.0
44904	305574	445.0	288.0
44916	305574	474.0	300.0
44928	305574	515.0	318.0
44940	305574	571.0	342.0
44952	305574	662.0	382.0
44964	305574	824.0	453.0
44976	305574	988.0	542.0
44748	305588	346.0	226.0
44760	305588	351.0	228.0
44772	305588	355.0	229.0
44784	305588	358.0	230.0
44796	305588	363.0	229.0
44808	305588	369.0	231.0
44820	305588	372.0	233.0
44832	305588	377.0	233.0
44844	305588	384.0	234.0
44856	305588	390.0	235.0
44868	305588	398.0	237.0
44880	305588	406.0	238.0
44892	305588	416.0	241.0
44904	305588	426.0	243.0
44916	305588	440.0	246.0
44928	305588	453.0	248.0
44940	305588	470.0	251.0
44952	305588	488.0	255.0
44964	305588	512.0	259.0
44976	305588	540.0	266.0
44988	305588	575.0	272.0
45000	305588	620.0	281.0
45012	305588	680.0	294.0
45024	305588	765.0	311.0
45036	305588	893.0	337.0
44832	305637	303.0	236.0
44844	305637	305.0	237.0
44856	305637	306.0	237.0
44868	305637	310.0	241.0
44880	305637	312.0	242.0
44892	305637	315.0	244.0
44904	305637	319.0	245.0
44916	305637	321.0	247.0
44928	305637	324.0	250.0
44940	305637	327.0	251.0
44952	305637	331.0	253.0
44964	305637	335.0	256.0
44976	305637	340.0	259.0
44988	305637	345.0	263.0
45000	305637	352.0	266.0
45012	305637	360.0	271.0
45024	305637	367.0	276.0
45036	305637	378.0	283.0
45048	305637	390.0	290.0
45060	305637	404.0	299.0
45072	305637	423.0	311.0
45084	305637	446.0	326.0
45096	305637	480.0	348.0
45108	305637	527.0	377.0
45120	305637	599.0	425.0
45132	305637	730.0	510.0
45144	305637	916.0	541.0
44844	305646	344.0	226.0
44856	305646	346.0	226.0
44868	305646	350.0	227.0
44880	305646	353.0	228.0
44892	305646	356.0	228.0
44904	305646	361.0	229.0
44916	305646	365.0	231.0
44928	305646	371.0	232.0
44940	305646	375.0	232.0
44952	305646	381.0	233.0
44964	305646	387.0	234.0
44976	305646	394.0	235.0
44988	305646	401.0	237.0
45000	305646	410.0	238.0
45012	305646	421.0	241.0
45024	305646	431.0	243.0
45036	305646	441.0	245.0
45048	305646	457.0	248.0
45060	305646	473.0	250.0
45072	305646	492.0	255.0
45084	305646	515.0	259.0
45096	305646	542.0	265.0
45108	305646	575.0	271.0
45120	305646	619.0	280.0
45132	305646	675.0	291.0
45144	305646	751.0	307.0
45156	305646	865.0	329.0
45168	305646	983.0	358.0
44952	305686	287.0	229.0
44964	305686	287.0	229.0
44976	305686	288.0	231.0
44988	305686	289.57142857142856	232.0
45000	305686	290.0	232.0
45012	305686	292.0	232.0
45024	305686	294.0	233.0
45036	305686	294.5	234.5
45048	305686	296.0	236.0
45060	305686	298.0	236.0
45072	305686	299.0	237.0
45084	305686	302.0	238.0
45096	305686	305.0	240.0
45108	305686	306.0	240.0
45120	305686	308.0	242.0
45132	305686	312.0	244.0
45144	305686	313.0	246.0
45156	305686	316.0	247.0
45168	305686	315.90909090909093	242.0
45180	305686	317.0	242.0
45192	305686	319.7368421052632	244.89473684210526
45204	305686	323.5	247.0
45216	305686	325.0	249.0
45228	305686	329.0	251.0
45240	305686	334.0	253.0
45252	305686	339.0	257.0
45264	305686	343.0	260.0
45276	305686	349.0	265.0
45288	305686	357.0	269.0
45300	305686	366.0	274.0
45312	305686	377.0	279.0
45324	305686	389.0	287.0
45336	305686	404.0	297.0
45348	305686	422.0	308.0
45360	305686	444.0	322.0
45372	305686	475.0	341.0
45384	305686	518.0	368.0
45396	305686	581.0	408.0
45408	305686	689.0	476.0
45420	305686	868.0	541.0
45432	305686	948.0	539.0
45036	305702	329.61971830985914	229.28169014084506
45048	305702	331.4788732394366	230.1267605633803
45060	305702	333.3380281690141	230.9718309859155
45072	305702	335.19718309859155	231.81690140845072
45084	305702	337.056338028169	232.66197183098592
45096	305702	338.9154929577465	233.50704225352112
45108	305702	341.8181818181818	234.72727272727272
45120	305702	346.14285714285717	236.0
45132	305702	353.0	237.0
45144	305702	355.0	239.0
45156	305702	360.0	239.0
45168	305702	367.0	242.0
45180	305702	375.0	244.0
45192	305702	383.0	247.0
45204	305702	392.0	250.0
45216	305702	404.0	253.0
45228	305702	416.0	257.0
45240	305702	431.0	261.0
45252	305702	450.0	268.0
45264	305702	472.0	274.0
45276	305702	500.0	283.0
45288	305702	538.0	295.0
45300	305702	589.0	311.0
45312	305702	663.0	335.0
45324	305702	783.0	372.0
45336	305702	976.0	440.0
45072	305715	339.0	233.0
45084	305715	344.0	234.0
45096	305715	348.0	235.0
45108	305715	353.0	237.0
45120	305715	359.0	239.0
45132	305715	366.0	240.0
45144	305715	371.0	242.0
45156	305715	379.0	245.0
45168	305715	388.0	247.0
45180	305715	398.0	250.0
45192	305715	409.0	253.0
45204	305715	423.0	258.0
45216	305715	439.0	262.0
45228	305715	460.0	268.0
45240	305715	483.0	275.0
45252	305715	515.0	285.0
45264	305715	557.0	297.0
45276	305715	614.0	315.0
45288	305715	700.0	341.0
45300	305715	836.0	382.0
45312	305715	1004.0	456.0
45144	305737	323.6666666666667	234.33333333333334
45156	305737	325.45454545454544	235.0
45168	305737	328.0	237.0
45180	305737	331.0	238.0
45192	305737	335.0	239.0
45204	305737	340.0	241.0
45216	305737	344.0	242.0
45228	305737	348.0	245.0
45240	305737	355.0	247.0
45252	305737	358.0	248.0
45264	305737	367.0	252.0
45276	305737	376.0	255.0
45288	305737	384.0	259.0
45300	305737	395.0	262.0
45312	305737	408.0	268.0
45324	305737	424.0	274.0
45336	305737	442.0	281.0
45348	305737	467.0	291.0
45360	305737	499.0	303.0
45372	305737	542.0	320.0
45384	305737	605.0	345.0
45396	305737	706.0	385.0
45408	305737	888.0	457.0
45420	305737	1010.0	533.0
45144	305739	337.0	228.0
45156	305739	340.5	228.0
45168	305739	343.0	229.0
45180	305739	347.0	230.0
45192	305739	350.0	231.0
45204	305739	355.0	232.0
45216	305739	359.0	233.0
45228	305739	364.0	234.0
45240	305739	369.0	235.0
45252	305739	375.0	236.0
45264	305739	381.0	238.0
45276	305739	390.0	240.0
45288	305739	399.0	241.0
45300	305739	406.0	244.0
45312	305739	417.0	246.0
45324	305739	429.0	249.0
45336	305739	445.0	252.0
45348	305739	459.0	254.0
45360	305739	476.0	256.0
45372	305739	501.0	264.0
45384	305739	529.0	271.0
45396	305739	564.0	280.0
45408	305739	607.0	290.0
45420	305739	668.0	304.0
45432	305739	752.0	324.0
45444	305739	881.0	353.0
45456	305739	1004.0	400.0
45168	305748	289.0	232.0
45180	305748	290.0	234.0
45192	305748	291.0	234.0
45204	305748	294.0	235.0
45216	305748	296.0	237.0
45228	305748	298.0	237.0
45240	305748	300.0	238.0
45252	305748	301.0	240.0
45264	305748	304.0	242.0
45276	305748	307.0	244.0
45288	305748	309.0	244.0
45300	305748	313.0	247.0
45312	305748	315.0	249.0
45324	305748	321.0	250.0
45336	305748	326.0	253.0
45348	305748	330.0	257.0
45360	305748	338.0	261.0
45372	305748	347.0	264.0
45384	305748	357.0	269.0
45396	305748	370.0	275.0
45408	305748	384.0	282.0
45420	305748	402.0	291.0
45432	305748	425.0	301.0
45444	305748	454.0	316.0
45456	305748	494.0	334.0
45468	305748	549.0	361.0
45480	305748	634.0	402.0
45492	305748	780.0	474.0
45504	305748	955.0	541.0
45264	305800	349.0	226.0
45276	305800	351.75	226.0
45288	305800	357.0	227.0
45300	305800	363.0	229.0
45312	305800	366.0	231.0
45324	305800	371.0	231.0
45336	305800	377.0	232.0
45348	305800	382.0	234.0
45360	305800	389.0	235.0
45372	305800	397.0	237.0
45384	305800	404.0	238.0
45396	305800	415.0	240.0
45408	305800	424.0	241.0
45420	305800	436.0	246.0
45432	305800	449.0	247.0
45444	305800	466.0	250.0
45456	305800	484.0	254.0
45468	305800	506.0	258.0
45480	305800	532.0	263.0
45492	305800	565.0	269.0
45504	305800	606.0	278.0
45516	305800	660.0	288.0
45528	305800	732.0	303.0
45540	305800	838.0	324.0
45552	305800	977.0	358.0
45324	305839	302.0	227.0
45336	305839	304.0	227.0
45348	305839	307.0	229.0
45360	305839	307.0	229.0
45372	305839	310.0	231.0
45384	305839	313.0	231.0
45396	305839	316.0	233.0
45408	305839	318.0	234.0
45420	305839	321.0	235.0
45432	305839	325.0	236.0
45444	305839	329.0	237.0
45456	305839	334.0	239.0
45468	305839	339.0	240.0
45480	305839	345.0	242.0
45492	305839	351.0	244.0
45504	305839	358.0	247.0
45516	305839	367.0	250.0
45528	305839	377.0	252.0
45540	305839	389.0	256.0
45552	305839	403.0	260.0
45564	305839	418.0	266.0
45576	305839	436.0	271.0
45588	305839	460.0	279.0
45600	305839	488.0	287.0
45612	305839	526.0	300.0
45624	305839	578.0	317.0
45636	305839	654.0	342.0
45648	305839	773.0	381.0
45660	305839	972.0	453.0
45444	305916	308.0	224.0
45456	305916	309.0	223.0
45468	305916	309.0	225.0
45480	305916	311.0	224.0
45492	305916	314.0	225.0
45504	305916	316.1666666666667	226.16666666666666
45516	305916	318.0	227.0
45528	305916	320.0	227.0
45540	305916	322.0	228.0
45552	305916	326.125	229.125
45564	305916	328.2121212121212	230.4848484848485
45576	305916	331.8484848484849	231.93939393939394
45588	305916	335.4848484848485	233.3939393939394
45600	305916	340.0	233.0
45612	305916	344.0	235.0
45624	305916	347.0	236.0
45636	305916	352.0	237.0
45648	305916	358.0	238.0
45660	305916	364.0	240.0
45672	305916	371.0	242.0
45684	305916	379.0	245.0
45696	305916	387.0	246.0
45708	305916	398.0	250.0
45720	305916	411.0	253.0
45732	305916	425.0	257.0
45744	305916	442.0	262.0
45756	305916	464.0	268.0
45768	305916	489.0	276.0
45780	305916	524.0	287.0
45792	305916	570.0	300.0
45804	305916	636.0	320.0
45816	305916	738.0	350.0
45828	305916	913.0	403.0
45540	305971	353.0	231.0
45552	305971	358.0	233.0
45564	305971	362.0	234.0
45576	305971	370.0	235.0
45588	305971	376.0	237.0
45600	305971	384.0	238.0
45612	305971	391.0	240.0
45624	305971	400.0	242.0
45636	305971	408.0	245.0
45648	305971	420.0	248.0
45660	305971	434.0	250.0
45672	305971	449.0	254.0
45684	305971	468.0	258.0
45696	305971	490.0	263.0
45708	305971	518.0	270.0
45720	305971	553.0	279.0
45732	305971	599.0	289.0
45744	305971	664.0	305.0
45756	305971	758.0	328.0
45768	305971	907.0	364.0
45624	306037	332.0	226.0
45636	306037	333.0	227.0
45648	306037	337.0	228.0
45660	306037	340.0	228.0
45672	306037	344.0	230.0
45684	306037	348.0	231.0
45696	306037	351.0	231.0
45708	306037	357.0	232.0
45720	306037	362.0	234.0
45732	306037	369.0	236.0
45744	306037	374.0	237.0
45756	306037	382.0	238.0
45768	306037	391.0	242.0
45780	306037	400.0	244.0
45792	306037	412.0	246.0
45804	306037	423.0	249.0
45816	306037	439.0	254.0
45828	306037	457.0	258.0
45840	306037	479.0	264.0
45852	306037	506.0	270.0
45864	306037	541.0	279.0
45876	306037	589.0	291.0
45888	306037	657.0	308.0
45900	306037	761.0	333.0
45912	306037	939.0	378.0
45672	306077	289.0	229.0
45684	306077	289.0	229.0
45696	306077	291.2	229.4
45708	306077	293.0	230.0
45720	306077	294.1111111111111	231.11111111111111
45732	306077	295.0	232.0
45744	306077	296.0	232.0
45756	306077	299.0	232.0
45768	306077	302.0	234.0
45780	306077	302.0	235.0
45792	306077	306.0	236.0
45804	306077	310.0	237.0
45816	306077	313.0	237.0
45828	306077	316.0	239.0
45840	306077	320.0	240.0
45852	306077	324.0	241.0
45864	306077	327.0	242.0
45876	306077	334.0	244.0
45888	306077	338.0	245.0
45900	306077	343.0	247.0
45912	306077	348.0	249.0
45924	306077	355.0	250.0
45936	306077	361.0	252.0
45948	306077	368.0	255.0
45960	306077	377.0	257.0
45972	306077	386.0	260.0
45984	306077	397.0	264.0
45996	306077	410.0	267.0
46008	306077	425.0	271.0
46020	306077	443.0	277.0
46032	306077	464.0	283.0
46044	306077	490.0	291.0
46056	306077	522.0	299.0
46068	306077	561.0	311.0
46080	306077	610.0	325.0
46092	306077	676.0	346.0
46104	306077	767.0	372.0
46116	306077	905.0	414.0
46128	306077	1002.0	473.0
45672	306080	304.25	232.0
45684	306080	306.09375	231.15625
45696	306080	308.71875	231.53125
45708	306080	311.34375	231.90625
45720	306080	313.0	235.0
45732	306080	316.0	234.0
45744	306080	319.0	235.0
45756	306080	320.0	235.0
45768	306080	325.0	237.0
45780	306080	328.0	238.0
45792	306080	330.0	238.0
45804	306080	334.0	240.0
45816	306080	337.0	241.0
45828	306080	340.0	242.0
45840	306080	344.0	243.0
45852	306080	349.0	244.0
45864	306080	353.0	246.0
45876	306080	358.0	249.0
45888	306080	365.0	250.0
45900	306080	371.0	252.0
45912	306080	379.0	254.0
45924	306080	388.0	257.0
45936	306080	399.0	261.0
45948	306080	410.0	263.0
45960	306080	423.0	268.0
45972	306080	438.0	271.0
45984	306080	455.0	276.0
45996	306080	475.0	282.0
46008	306080	499.0	289.0
46020	306080	526.0	297.0
46032	306080	562.0	308.0
46044	306080	602.0	320.0
46056	306080	659.0	337.0
46068	306080	738.0	360.0
46080	306080	849.0	395.0
46092	306080	984.0	450.0
45756	306133	334.0	232.0
45768	306133	339.0	234.0
45780	306133	342.6666666666667	235.0
45792	306133	347.0	235.0
45804	306133	353.0	237.0
45816	306133	358.0	239.0
45828	306133	364.0	241.0
45840	306133	372.0	243.0
45852	306133	379.0	245.0
45864	306133	387.0	248.0
45876	306133	398.0	251.0
45888	306133	409.0	255.0
45900	306133	425.0	258.0
45912	306133	440.0	263.0
45924	306133	462.0	270.0
45936	306133	486.0	277.0
45948	306133	519.0	287.0
45960	306133	562.0	300.0
45972	306133	622.0	319.0
45984	306133	714.0	346.0
45996	306133	869.0	393.0
46008	306133	1004.0	459.0
45840	306173	354.875	230.625
45852	306173	360.5	233.125
45864	306173	365.0	235.0
45876	306173	370.0	236.0
45888	306173	376.0	238.0
45900	306173	383.0	239.0
45912	306173	390.0	241.0
45924	306173	399.0	243.0
45936	306173	408.0	245.0
45948	306173	418.0	248.0
45960	306173	431.0	250.0
45972	306173	445.0	255.0
45984	306173	462.0	257.0
45996	306173	483.0	263.0
46008	306173	506.0	268.0
46020	306173	538.0	276.0
46032	306173	577.0	285.0
46044	306173	628.0	298.0
46056	306173	698.0	313.0
46068	306173	804.0	340.0
46080	306173	961.0	381.0
45864	306190	290.0	232.0
45876	306190	291.0	235.0
45888	306190	293.0	235.0
45900	306190	295.0	236.0
45912	306190	296.0	235.0
45924	306190	298.0	237.0
45936	306190	299.0	238.0
45948	306190	301.0	239.0
45960	306190	303.0	240.0
45972	306190	304.0	242.0
45984	306190	307.0	244.0
45996	306190	311.0	246.0
46008	306190	313.0	247.0
46020	306190	316.0	248.0
46032	306190	320.0	251.0
46044	306190	323.0	253.0
46056	306190	330.0	255.0
46068	306190	334.0	257.0
46080	306190	341.0	262.0
46092	306190	347.0	266.0
46104	306190	355.0	271.0
46116	306190	364.0	276.0
46128	306190	375.0	283.0
46140	306190	388.0	292.0
46152	306190	404.0	303.0
46164	306190	425.0	317.0
46176	306190	454.0	335.0
46188	306190	494.0	361.0
46200	306190	557.0	402.0
46212	306190	665.0	473.0
46224	306190	848.0	541.0
46236	306190	933.0	539.0
45864	306192	312.0	232.0
45876	306192	314.0	233.0
45888	306192	316.0	233.0
45900	306192	319.0	234.0
45912	306192	322.0	234.0
45924	306192	324.0	235.0
45936	306192	328.0	237.0
45948	306192	331.0	238.0
45960	306192	335.0	240.0
45972	306192	339.0	241.0
45984	306192	343.0	243.0
45996	306192	349.0	245.0
46008	306192	355.0	247.0
46020	306192	361.0	249.0
46032	306192	368.0	252.0
46044	306192	376.0	255.0
46056	306192	385.0	257.0
46068	306192	396.0	262.0
46080	306192	409.0	267.0
46092	306192	424.0	274.0
46104	306192	443.0	281.0
46116	306192	467.0	290.0
46128	306192	496.0	302.0
46140	306192	538.0	318.0
46152	306192	596.0	342.0
46164	306192	686.0	376.0
46176	306192	842.0	436.0
46188	306192	1005.0	540.0
45936	306230	353.0	231.0
45948	306230	357.0	233.0
45960	306230	362.0	234.0
45972	306230	367.0	236.0
45984	306230	371.0	237.0
45996	306230	377.0	238.0
46008	306230	385.0	239.0
46020	306230	393.0	242.0
46032	306230	401.0	244.0
46044	306230	411.0	246.0
46056	306230	422.0	247.0
46068	306230	435.0	250.0
46080	306230	450.0	254.0
46092	306230	468.0	259.0
46104	306230	488.0	263.0
46116	306230	513.0	269.0
46128	306230	544.0	277.0
46140	306230	584.0	286.0
46152	306230	637.0	299.0
46164	306230	710.0	316.0
46176	306230	823.0	350.0
46188	306230	963.0	367.0
45948	306245	310.4	230.0
45960	306245	313.68	230.72
45972	306245	317.04	232.16
45984	306245	318.5	233.0
45996	306245	322.0	236.0
46008	306245	324.0	236.0
46020	306245	329.0	237.0
46032	306245	333.0	239.0
46044	306245	336.0	241.0
46056	306245	341.0	241.0
46068	306245	347.0	243.0
46080	306245	352.0	247.0
46092	306245	359.5	250.0
46104	306245	366.0	253.0
46116	306245	375.0	256.0
46128	306245	385.0	259.0
46140	306245	397.0	265.0
46152	306245	412.0	272.0
46164	306245	430.0	277.0
46176	306245	452.0	286.0
46188	306245	480.0	298.0
46200	306245	517.0	311.0
46212	306245	573.0	333.0
46224	306245	655.0	368.0
46236	306245	791.0	423.0
46248	306245	997.0	534.0
45984	306259	274.0	225.0
45996	306259	276.0	226.0
46008	306259	275.0	225.0
46020	306259	276.0	225.0
46032	306259	276.0	226.0
46044	306259	279.0	227.0
46056	306259	279.0	226.0
46068	306259	279.0	226.0
46080	306259	279.0	226.0
46092	306259	280.0	228.0
46104	306259	281.0	228.0
46116	306259	282.0	228.0
46128	306259	283.0	229.0
46140	306259	283.0	229.0
46152	306259	284.0	231.0
46164	306259	286.0	232.0
46176	306259	287.0	231.0
46188	306259	290.0	232.0
46200	306259	289.0	233.0
46212	306259	291.0	234.0
46224	306259	293.0	235.0
46236	306259	294.0	235.0
46248	306259	297.0	237.0
46260	306259	298.0	238.0
46272	306259	300.0	238.0
46284	306259	302.0	239.0
46296	306259	304.0	241.0
46308	306259	308.0	244.0
46320	306259	312.0	245.0
46332	306259	314.0	247.0
46344	306259	318.0	249.0
46356	306259	322.0	250.0
46368	306259	326.0	253.0
46380	306259	331.0	256.0
46392	306259	336.0	259.0
46404	306259	342.0	264.0
46416	306259	349.0	267.0
46428	306259	358.0	272.0
46440	306259	368.0	278.0
46452	306259	379.0	285.0
46464	306259	395.0	294.0
46476	306259	413.0	304.0
46488	306259	435.0	318.0
46500	306259	466.0	338.0
46512	306259	508.0	364.0
46524	306259	573.0	405.0
46536	306259	683.0	474.0
46548	306259	870.0	542.0
46032	306278	299.0	237.0
46044	306278	302.0	236.0
46056	306278	306.0	238.0
46068	306278	310.0	237.0
46080	306278	315.0	240.0
46092	306278	319.0	243.0
46104	306278	324.0	244.0
46116	306278	329.0	244.0
46128	306278	336.0	247.0
46140	306278	343.0	249.0
46152	306278	349.0	252.0
46164	306278	357.0	255.0
46176	306278	366.0	257.0
46188	306278	377.0	262.0
46200	306278	388.0	267.0
46212	306278	400.0	271.0
46224	306278	416.0	278.0
46236	306278	436.0	286.0
46248	306278	459.0	295.0
46260	306278	489.0	307.0
46272	306278	529.0	325.0
46284	306278	584.0	348.0
46296	306278	670.0	385.0
46308	306278	814.0	448.0
46320	306278	990.0	543.0
46128	306313	347.2	225.4
46140	306313	349.0	227.0
46152	306313	351.0	228.0
46164	306313	356.0	229.0
46176	306313	360.0	229.0
46188	306313	362.0	230.0
46200	306313	367.0	230.0
46212	306313	371.0	232.0
46224	306313	376.0	232.0
46236	306313	380.0	234.0
46248	306313	387.0	235.0
46260	306313	394.0	237.0
46272	306313	401.0	238.0
46284	306313	408.0	239.0
46296	306313	417.0	241.0
46308	306313	427.0	244.0
46320	306313	437.0	247.0
46332	306313	451.0	249.0
46344	306313	464.0	251.0
46356	306313	481.0	255.0
46368	306313	501.0	259.0
46380	306313	524.0	263.0
46392	306313	554.0	269.0
46404	306313	589.0	277.0
46416	306313	636.0	286.0
46428	306313	699.0	299.0
46440	306313	785.0	316.0
46452	306313	915.0	344.0
46140	306317	326.0	237.0
46152	306317	328.0	238.0
46164	306317	332.0	240.0
46176	306317	337.0	242.0
46188	306317	342.0	244.0
46200	306317	348.0	246.0
46212	306317	353.0	248.0
46224	306317	360.0	250.0
46236	306317	368.0	253.0
46248	306317	376.0	257.0
46260	306317	387.0	261.0
46272	306317	399.0	266.0
46284	306317	412.0	271.0
46296	306317	429.0	279.0
46308	306317	451.0	288.0
46320	306317	478.0	299.0
46332	306317	512.0	313.0
46344	306317	562.0	333.0
46356	306317	635.0	363.0
46368	306317	753.0	411.0
46380	306317	964.0	502.0
46140	306321	311.6	231.4
46152	306321	314.0	232.85714285714286
46164	306321	314.0	232.0
46176	306321	318.0	234.0
46188	306321	319.0	236.0
46200	306321	322.0	237.0
46212	306321	325.0	238.0
46224	306321	329.0	239.0
46236	306321	332.0	242.0
46248	306321	336.0	244.0
46260	306321	341.0	245.0
46272	306321	346.0	248.0
46284	306321	352.0	250.0
46296	306321	358.0	253.0
46308	306321	365.0	257.0
46320	306321	374.0	261.0
46332	306321	384.0	266.0
46344	306321	395.0	272.0
46356	306321	410.0	280.0
46368	306321	427.0	289.0
46380	306321	452.0	300.0
46392	306321	484.0	318.0
46404	306321	531.0	343.0
46416	306321	604.0	383.0
46428	306321	741.0	455.0
46440	306321	953.0	542.0
46236	306368	358.8888888888889	227.88888888888889
46248	306368	362.8333333333333	228.33333333333334
46260	306368	368.0	231.0
46272	306368	371.0	230.0
46284	306368	377.05	232.35
46296	306368	382.0	234.0
46308	306368	390.0	236.0
46320	306368	397.0	237.0
46332	306368	402.0	238.0
46344	306368	412.14285714285717	238.42857142857142
46356	306368	421.6666666666667	243.0
46368	306368	432.0	243.33333333333334
46380	306368	442.0	244.0
46392	306368	456.0	247.0
46404	306368	472.0	250.0
46416	306368	492.0	255.0
46428	306368	514.0	259.0
46440	306368	540.0	264.0
46452	306368	573.0	271.0
46464	306368	613.0	280.0
46476	306368	667.0	290.0
46488	306368	739.0	303.0
46500	306368	843.0	325.0
46512	306368	976.0	357.0
46236	306369	311.4516129032258	229.58064516129033
46248	306369	313.38709677419354	230.3548387096774
46260	306369	315.0	232.0
46272	306369	316.5	232.0
46284	306369	319.53846153846155	232.84615384615384
46296	306369	322.0	235.0
46308	306369	323.0	235.0
46320	306369	329.0	237.0
46332	306369	331.0	238.0
46344	306369	335.0	240.0
46356	306369	338.0	241.0
46368	306369	342.0	243.0
46380	306369	345.0	244.0
46392	306369	351.0	247.0
46404	306369	356.0	250.0
46416	306369	362.0	251.0
46428	306369	369.0	254.0
46440	306369	378.0	258.0
46452	306369	387.0	261.0
46464	306369	400.0	268.0
46476	306369	411.0	269.0
46488	306369	426.0	274.0
46500	306369	447.0	277.0
46512	306369	475.0	289.0
46524	306369	511.0	305.0
46536	306369	556.0	328.0
46548	306369	621.0	356.0
46560	306369	726.0	400.0
46572	306369	917.0	477.0
46236	306370	346.0	235.0
46248	306370	354.0	237.0
46260	306370	357.0	239.0
46272	306370	361.0	239.0
46284	306370	367.0	241.0
46296	306370	373.0	244.0
46308	306370	380.0	246.0
46320	306370	388.0	249.0
46332	306370	396.0	250.0
46344	306370	407.0	254.0
46356	306370	419.0	257.0
46368	306370	431.0	262.0
46380	306370	447.0	265.0
46392	306370	466.0	269.0
46404	306370	493.0	278.0
46416	306370	523.0	289.0
46428	306370	562.0	301.0
46440	306370	614.0	317.0
46452	306370	691.0	342.0
46464	306370	808.0	377.0
46476	306370	981.0	440.0
46296	306386	340.0	234.0
46308	306386	344.0	235.0
46320	306386	346.0	235.0
46332	306386	352.0	237.0
46344	306386	358.0	239.0
46356	306386	363.0	240.0
46368	306386	370.0	242.0
46380	306386	377.0	244.0
46392	306386	385.0	247.0
46404	306386	394.0	250.0
46416	306386	404.0	253.0
46428	306386	416.0	256.0
46440	306386	430.0	260.0
46452	306386	448.0	265.0
46464	306386	469.0	272.0
46476	306386	493.0	278.0
46488	306386	526.0	288.0
46500	306386	569.0	302.0
46512	306386	628.0	321.0
46524	306386	717.0	348.0
46536	306386	862.0	391.0
46548	306386	1004.0	458.0
46320	306397	292.0	234.0
46332	306397	295.0	234.0
46344	306397	296.0	235.0
46356	306397	297.0	237.0
46368	306397	300.0	238.0
46380	306397	302.0	238.0
46392	306397	306.0	239.0
46404	306397	307.0	241.0
46416	306397	309.0	243.0
46428	306397	311.0	244.0
46440	306397	315.0	246.0
46452	306397	319.0	247.0
46464	306397	322.0	250.0
46476	306397	327.0	252.0
46488	306397	333.0	254.0
46500	306397	339.0	257.0
46512	306397	345.0	261.0
46524	306397	353.0	264.0
46536	306397	363.0	268.0
46548	306397	375.0	274.0
46560	306397	388.0	280.0
46572	306397	403.0	287.0
46584	306397	423.0	296.0
46596	306397	449.0	307.0
46608	306397	481.0	322.0
46620	306397	525.0	343.0
46632	306397	589.0	373.0
46644	306397	689.0	420.0
46656	306397	866.0	504.0
46668	306397	971.0	540.0
46440	306429	352.0	226.0
46452	306429	356.0	228.0
46464	306429	359.0	228.0
46476	306429	365.0	230.0
46488	306429	369.0	231.0
46500	306429	377.0	233.0
46512	306429	384.0	236.0
46524	306429	392.0	237.0
46536	306429	400.0	238.0
46548	306429	411.0	240.0
46560	306429	424.0	243.0
46572	306429	437.0	245.0
46584	306429	454.0	249.0
46596	306429	473.0	253.0
46608	306429	497.0	258.0
46620	306429	527.0	264.0
46632	306429	565.0	271.0
46644	306429	618.0	281.0
46656	306429	688.0	295.0
46668	306429	796.0	316.0
46680	306429	965.0	351.0
46452	306434	304.3090909090909	228.8181818181818
46464	306434	306.05454545454546	229.9090909090909
46476	306434	307.8	231.0
46488	306434	309.54545454545456	232.0909090909091
46500	306434	313.0	233.0
46512	306434	314.0	235.0
46524	306434	316.0	235.0
46536	306434	318.0	236.0
46548	306434	321.0	237.0
46560	306434	324.0	239.0
46572	306434	328.0	240.0
46584	306434	331.0	242.0
46596	306434	336.0	243.0
46608	306434	339.0	244.0
46620	306434	344.0	247.0
46632	306434	351.0	249.0
46644	306434	356.0	252.0
46656	306434	364.0	255.0
46668	306434	373.0	258.0
46680	306434	381.0	262.0
46692	306434	393.0	267.0
46704	306434	407.0	272.0
46716	306434	422.0	279.0
46728	306434	442.0	287.0
46740	306434	466.0	297.0
46752	306434	497.0	310.0
46764	306434	538.0	328.0
46776	306434	597.0	353.0
46788	306434	685.0	391.0
46800	306434	835.0	456.0
46812	306434	987.0	542.0
46500	306460	333.6666666666667	237.33333333333334
46512	306460	336.3333333333333	239.0
46524	306460	341.0	241.0
46536	306460	345.0	242.0
46548	306460	351.0	246.0
46560	306460	355.0	247.0
46572	306460	362.0	250.0
46584	306460	368.0	252.0
46596	306460	377.0	256.0
46608	306460	386.0	259.0
46620	306460	397.0	263.0
46632	306460	410.0	268.0
46644	306460	425.0	274.0
46656	306460	442.0	281.0
46668	306460	466.0	290.0
46680	306460	495.0	301.0
46692	306460	533.0	316.0
46704	306460	586.0	337.0
46716	306460	662.0	367.0
46728	306460	786.0	416.0
46740	306460	980.0	506.0
46524	306468	297.6666666666667	226.0
46536	306468	298.0	226.0
46548	306468	299.0	227.0
46560	306468	302.0	228.0
46572	306468	302.875	228.0
46584	306468	305.0	230.0
46596	306468	306.3333333333333	230.0
46608	306468	310.0	231.0
46620	306468	312.0	232.0
46632	306468	314.0	232.0
46644	306468	316.0	233.0
46656	306468	317.0	234.0
46668	306468	320.0	235.0
46680	306468	323.0	237.0
46692	306468	325.0	238.0
46704	306468	331.0	240.0
46716	306468	334.0	241.0
46728	306468	339.0	243.0
46740	306468	343.0	245.0
46752	306468	348.0	246.0
46764	306468	354.0	248.0
46776	306468	361.0	251.0
46788	306468	369.0	254.0
46800	306468	379.0	257.0
46812	306468	390.0	262.0
46824	306468	402.0	267.0
46836	306468	416.0	272.0
46848	306468	433.0	280.0
46860	306468	456.0	289.0
46872	306468	481.0	300.0
46884	306468	522.0	316.0
46896	306468	576.0	338.0
46908	306468	656.0	370.0
46920	306468	789.0	425.0
46932	306468	996.0	536.0
46620	306515	342.0	229.0
46632	306515	346.8	231.0
46644	306515	351.0	231.0
46656	306515	354.0	233.0
46668	306515	359.5	234.0
46680	306515	363.0	234.0
46692	306515	368.0	236.0
46704	306515	373.0	237.0
46716	306515	381.0	238.0
46728	306515	387.0	241.0
46740	306515	396.0	244.0
46752	306515	406.0	245.0
46764	306515	418.0	248.0
46776	306515	430.0	250.0
46788	306515	447.0	255.0
46800	306515	465.0	258.0
46812	306515	485.0	263.0
46824	306515	513.0	269.0
46836	306515	544.0	277.0
46848	306515	589.0	288.0
46860	306515	647.0	301.0
46872	306515	730.0	321.0
46884	306515	856.0	351.0
46896	306515	997.0	402.0
46824	306585	313.0	226.0
46836	306585	315.0	227.0
46848	306585	316.0	228.0
46860	306585	318.0	228.0
46872	306585	320.0	228.0
46884	306585	322.0	230.0
46896	306585	325.25	230.25
46908	306585	329.0	232.0
46920	306585	330.0	232.0
46932	306585	334.0	233.0
46944	306585	337.0	235.0
46956	306585	341.0	234.0
46968	306585	345.0	236.0
46980	306585	349.0	238.0
46992	306585	354.0	239.0
47004	306585	358.0	240.0
47016	306585	365.0	241.0
47028	306585	371.0	244.0
47040	306585	377.0	246.0
47052	306585	385.0	248.0
47064	306585	395.0	250.0
47076	306585	405.0	253.0
47088	306585	417.0	257.0
47100	306585	431.0	262.0
47112	306585	448.0	266.0
47124	306585	468.0	272.0
47136	306585	493.0	280.0
47148	306585	526.0	290.0
47160	306585	567.0	303.0
47172	306585	625.0	321.0
47184	306585	713.0	348.0
47196	306585	853.0	390.0
47208	306585	1007.0	465.0
46944	306657	296.0	225.0
46956	306657	297.0	225.0
46968	306657	297.0	226.0
46980	306657	298.0	226.0
46992	306657	300.0	226.0
47004	306657	301.0	226.0
47016	306657	302.0	227.0
47028	306657	304.0	228.0
47040	306657	305.0	228.0
47052	306657	306.0	229.0
47064	306657	309.0	230.0
47076	306657	309.9230769230769	230.30769230769232
47088	306657	312.0	232.0
47100	306657	313.0	233.0
47112	306657	316.0	232.0
47124	306657	318.0	233.0
47136	306657	320.0	234.0
47148	306657	323.0	235.0
47160	306657	324.0	237.0
47172	306657	328.0	237.0
47184	306657	331.0	239.0
47196	306657	335.0	240.0
47208	306657	338.0	241.0
47220	306657	342.0	243.0
47232	306657	346.0	245.0
47244	306657	352.0	247.0
47256	306657	357.0	249.0
47268	306657	365.0	252.0
47280	306657	370.0	255.0
47292	306657	380.0	258.0
47304	306657	388.0	262.0
47316	306657	400.0	267.0
47328	306657	414.0	271.0
47340	306657	429.0	278.0
47352	306657	449.0	286.0
47364	306657	473.0	296.0
47376	306657	504.0	308.0
47388	306657	546.0	325.0
47400	306657	606.0	349.0
47412	306657	697.0	386.0
47424	306657	848.0	446.0
47436	306657	1002.0	541.0
47016	306696	338.0	225.0
47028	306696	340.6666666666667	225.66666666666666
47040	306696	344.0	227.0
47052	306696	347.0	226.0
47064	306696	350.0	227.0
47076	306696	353.0	228.0
47088	306696	357.0	229.0
47100	306696	361.0	230.0
47112	306696	366.0	230.0
47124	306696	372.0	232.0
47136	306696	377.0	234.0
47148	306696	384.0	236.0
47160	306696	390.0	236.0
47172	306696	398.0	237.0
47184	306696	407.0	240.0
47196	306696	417.0	242.0
47208	306696	429.0	245.0
47220	306696	442.0	247.0
47232	306696	457.0	250.0
47244	306696	476.0	255.0
47256	306696	498.0	259.0
47268	306696	525.0	264.0
47280	306696	559.0	271.0
47292	306696	603.0	280.0
47304	306696	662.0	292.0
47316	306696	748.0	310.0
47328	306696	878.0	337.0
47172	306769	312.54545454545456	233.27272727272728
47184	306769	314.0	234.0
47196	306769	317.42857142857144	235.57142857142858
47208	306769	320.2857142857143	236.71428571428572
47220	306769	324.0	237.0
47232	306769	327.0	238.0
47244	306769	331.0	240.0
47256	306769	335.0	242.0
47268	306769	339.0	243.0
47280	306769	344.0	244.0
47292	306769	348.0	247.0
47304	306769	354.0	248.0
47316	306769	361.0	252.0
47328	306769	368.0	254.0
47340	306769	375.0	257.0
47352	306769	384.0	261.0
47364	306769	395.0	266.0
47376	306769	407.0	271.0
47388	306769	420.0	276.0
47400	306769	439.0	284.0
47412	306769	459.0	293.0
47424	306769	487.0	304.0
47436	306769	522.0	319.0
47448	306769	570.0	340.0
47460	306769	642.0	370.0
47472	306769	755.0	419.0
47484	306769	954.0	507.0
47496	306769	992.0	540.0
47184	306776	348.0	231.0
47196	306776	352.0	232.0
47208	306776	356.0	232.0
47220	306776	361.0	234.0
47232	306776	366.5	235.5
47244	306776	373.0	237.0
47256	306776	379.0	238.0
47268	306776	386.0	240.0
47280	306776	395.0	242.0
47292	306776	403.0	244.0
47304	306776	413.0	247.0
47316	306776	425.0	249.0
47328	306776	439.0	252.0
47340	306776	456.0	256.0
47352	306776	476.0	262.0
47364	306776	501.0	267.0
47376	306776	532.0	274.0
47388	306776	572.0	284.0
47400	306776	625.0	297.0
47412	306776	701.0	315.0
47424	306776	818.0	342.0
47436	306776	972.0	378.0
47292	306820	319.0	236.0
47304	306820	322.0	238.0
47316	306820	326.0	238.0
47328	306820	330.0	241.0
47340	306820	332.0	241.0
47352	306820	336.0	244.0
47364	306820	339.0	244.0
47376	306820	345.0	246.0
47388	306820	350.0	248.0
47400	306820	356.0	250.0
47412	306820	363.0	254.0
47424	306820	368.0	256.0
47436	306820	378.0	259.0
47448	306820	386.0	264.0
47460	306820	398.0	268.0
47472	306820	411.0	274.0
47484	306820	428.0	280.0
47496	306820	447.0	288.0
47508	306820	472.0	299.0
47520	306820	504.0	313.0
47532	306820	547.0	330.0
47544	306820	608.0	356.0
47556	306820	703.0	397.0
47568	306820	862.0	466.0
47580	306820	994.0	542.0
47292	306822	331.0	232.0
47304	306822	335.0	234.0
47316	306822	338.2142857142857	234.64285714285714
47328	306822	342.0	235.0
47340	306822	346.0	237.0
47352	306822	351.0	238.0
47364	306822	356.0	240.0
47376	306822	362.0	240.0
47388	306822	367.0	243.0
47400	306822	373.0	244.0
47412	306822	383.0	247.0
47424	306822	390.0	249.0
47436	306822	400.0	252.0
47448	306822	411.0	255.0
47460	306822	423.0	259.0
47472	306822	439.0	264.0
47484	306822	458.0	270.0
47496	306822	480.0	277.0
47508	306822	507.0	285.0
47520	306822	543.0	297.0
47532	306822	591.0	310.0
47544	306822	657.0	331.0
47556	306822	757.0	362.0
47568	306822	922.0	412.0
47340	306834	308.0	232.5
47352	306834	310.0	234.0
47364	306834	312.0	235.0
47376	306834	314.0	236.0
47388	306834	317.0	236.0
47400	306834	320.0	237.0
47412	306834	324.0	238.0
47424	306834	326.0	240.0
47436	306834	330.0	241.0
47448	306834	334.0	243.0
47460	306834	337.0	245.0
47472	306834	341.0	247.0
47484	306834	348.0	249.0
47496	306834	355.0	251.0
47508	306834	362.0	256.0
47520	306834	370.0	258.0
47532	306834	378.0	261.0
47544	306834	391.0	266.0
47556	306834	402.0	272.0
47568	306834	418.0	279.0
47580	306834	438.0	287.0
47592	306834	461.0	296.0
47604	306834	493.0	310.0
47616	306834	534.0	328.0
47628	306834	594.0	355.0
47640	306834	690.0	396.0
47652	306834	858.0	470.0
47664	306834	986.0	542.0
47376	306844	303.0	228.0
47388	306844	303.42857142857144	228.0
47400	306844	305.0	229.0
47412	306844	308.0	230.0
47424	306844	310.0	232.0
47436	306844	311.0	232.0
47448	306844	313.0	232.0
47460	306844	316.0	232.0
47472	306844	317.0	233.0
47484	306844	320.0	233.0
47496	306844	323.0	235.0
47508	306844	325.0	236.0
47520	306844	328.0	238.0
47532	306844	331.0	238.0
47544	306844	335.0	239.0
47556	306844	338.0	241.0
47568	306844	342.0	243.0
47580	306844	346.0	245.0
47592	306844	351.0	247.0
47604	306844	356.0	249.0
47616	306844	363.0	252.0
47628	306844	371.0	254.0
47640	306844	377.0	256.0
47652	306844	387.0	260.0
47664	306844	397.0	265.0
47676	306844	409.0	269.0
47688	306844	423.0	275.0
47700	306844	440.0	282.0
47712	306844	461.0	291.0
47724	306844	487.0	302.0
47736	306844	521.0	315.0
47748	306844	568.0	335.0
47760	306844	635.0	363.0
47772	306844	743.0	407.0
47784	306844	933.0	485.0
47796	306844	1004.0	540.0
47388	306846	334.1666666666667	232.0
47400	306846	337.0	232.42857142857142
47412	306846	339.0	234.0
47424	306846	343.0	234.0
47436	306846	347.0	235.0
47448	306846	352.0	237.0
47460	306846	357.0	238.0
47472	306846	362.0	240.0
47484	306846	368.0	241.0
47496	306846	375.0	243.0
47508	306846	383.0	246.0
47520	306846	391.0	248.0
47532	306846	401.0	251.0
47544	306846	412.0	253.0
47556	306846	424.0	257.0
47568	306846	439.0	261.0
47580	306846	456.0	267.0
47592	306846	477.0	272.0
47604	306846	502.0	280.0
47616	306846	534.0	288.0
47628	306846	576.0	301.0
47640	306846	634.0	318.0
47652	306846	718.0	345.0
47664	306846	848.0	384.0
47676	306846	1004.0	456.0
47532	306915	271.0	224.0
47544	306915	273.0	225.0
47556	306915	274.0	224.0
47568	306915	276.0	226.0
47580	306915	278.0	227.0
47592	306915	279.0	227.0
47604	306915	280.0	226.0
47616	306915	282.0	228.0
47628	306915	284.0	228.0
47640	306915	286.0	229.0
47652	306915	288.0	230.0
47664	306915	290.0	231.0
47676	306915	292.0	232.0
47688	306915	294.0	233.0
47700	306915	298.0	234.0
47712	306915	301.0	235.0
47724	306915	305.0	236.0
47736	306915	309.0	238.0
47748	306915	315.0	240.0
47760	306915	319.0	241.0
47772	306915	324.0	244.0
47784	306915	332.0	246.0
47796	306915	340.0	249.0
47808	306915	350.0	252.0
47820	306915	361.0	256.0
47832	306915	373.0	260.0
47844	306915	389.0	266.0
47856	306915	409.0	273.0
47868	306915	434.0	282.0
47880	306915	467.0	294.0
47892	306915	512.0	311.0
47904	306915	580.0	335.0
47916	306915	690.0	375.0
47928	306915	907.0	454.0
47796	307022	321.0	235.0
47808	307022	323.0	236.0
47820	307022	327.0	238.0
47832	307022	330.0	240.0
47844	307022	335.0	241.0
47856	307022	340.0	243.0
47868	307022	346.0	245.0
47880	307022	352.0	247.0
47892	307022	360.0	250.0
47904	307022	368.0	254.0
47916	307022	377.0	257.0
47928	307022	389.0	263.0
47940	307022	403.0	269.0
47952	307022	420.0	275.0
47964	307022	442.0	284.0
47976	307022	471.0	297.0
47988	307022	508.0	313.0
48000	307022	567.0	338.0
48012	307022	659.0	377.0
48024	307022	832.0	451.0
48036	307022	1001.0	542.0
47880	307050	336.0	228.0
47892	307050	340.0	229.0
47904	307050	343.0	230.0
47916	307050	345.0	231.0
47928	307050	350.0	232.0
47940	307050	354.0	232.0
47952	307050	358.0	234.0
47964	307050	363.0	235.0
47976	307050	369.0	236.0
47988	307050	373.0	237.0
48000	307050	381.0	239.0
48012	307050	387.0	240.0
48024	307050	396.0	243.0
48036	307050	403.0	245.0
48048	307050	414.0	248.0
48060	307050	424.0	250.0
48072	307050	439.0	254.0
48084	307050	454.0	257.0
48096	307050	472.0	262.0
48108	307050	495.0	268.0
48120	307050	523.0	275.0
48132	307050	558.0	283.0
48144	307050	605.0	295.0
48156	307050	671.0	312.0
48168	307050	767.0	336.0
48180	307050	923.0	375.0
47940	307081	315.0	234.0
47952	307081	316.2857142857143	234.71428571428572
47964	307081	319.14285714285717	236.0
47976	307081	322.0	237.0
47988	307081	324.0	238.0
48000	307081	329.0	240.0
48012	307081	333.0	242.0
48024	307081	337.0	244.0
48036	307081	343.0	246.0
48048	307081	349.0	248.0
48060	307081	356.0	251.0
48072	307081	365.0	255.0
48084	307081	374.0	258.0
48096	307081	385.0	263.0
48108	307081	400.0	268.0
48120	307081	416.0	275.0
48132	307081	437.0	283.0
48144	307081	463.0	294.0
48156	307081	499.0	308.0
48168	307081	549.0	329.0
48180	307081	626.0	362.0
48192	307081	761.0	419.0
48204	307081	991.0	535.0
47964	307093	299.0	226.0
47976	307093	301.0	227.0
47988	307093	300.0	228.0
48000	307093	302.0	229.0
48012	307093	303.70588235294116	230.1764705882353
48024	307093	306.52941176470586	230.88235294117646
48036	307093	309.0	232.0
48048	307093	309.0	233.0
48060	307093	313.0	234.0
48072	307093	315.0	234.0
48084	307093	318.0	236.0
48096	307093	320.0	237.0
48108	307093	323.0	238.0
48120	307093	328.0	240.0
48132	307093	331.0	242.0
48144	307093	336.0	244.0
48156	307093	341.0	246.0
48168	307093	347.0	248.0
48180	307093	353.0	250.0
48192	307093	361.0	254.0
48204	307093	370.0	259.0
48216	307093	380.0	262.0
48228	307093	393.0	268.0
48240	307093	407.0	273.0
48252	307093	425.0	282.0
48264	307093	448.0	291.0
48276	307093	478.0	303.0
48288	307093	518.0	322.0
48300	307093	578.0	347.0
48312	307093	673.0	390.0
48324	307093	848.0	469.0
48336	307093	991.0	542.0
47988	307101	337.0	234.0
48000	307101	343.0	235.0
48012	307101	346.0	235.0
48024	307101	353.0	237.0
48036	307101	357.0	239.0
48048	307101	362.0	241.0
48060	307101	369.0	242.0
48072	307101	376.0	244.0
48084	307101	383.0	247.0
48096	307101	392.0	250.0
48108	307101	397.70588235294116	245.52941176470588
48120	307101	401.94117647058823	242.7058823529412
48132	307101	410.0	245.0
48144	307101	421.0	248.0
48156	307101	435.0	251.0
48168	307101	451.0	255.0
48180	307101	470.0	259.0
48192	307101	491.0	265.0
48204	307101	516.0	271.0
48216	307101	548.0	278.0
48228	307101	590.0	288.0
48240	307101	646.0	302.0
48252	307101	724.0	321.0
48264	307101	844.0	350.0
48276	307101	987.0	396.0
48060	307129	337.0	234.0
48072	307129	341.0	235.0
48084	307129	345.0	236.0
48096	307129	349.0	237.0
48108	307129	354.0	239.0
48120	307129	358.0	240.0
48132	307129	364.0	242.0
48144	307129	370.0	243.0
48156	307129	378.0	246.0
48168	307129	385.0	248.0
48180	307129	393.0	250.0
48192	307129	404.0	253.0
48204	307129	415.0	256.0
48216	307129	430.0	261.0
48228	307129	445.0	265.0
48240	307129	464.0	270.0
48252	307129	486.0	278.0
48264	307129	516.0	286.0
48276	307129	553.0	298.0
48288	307129	603.0	313.0
48300	307129	677.0	335.0
48312	307129	790.0	370.0
48324	307129	970.0	429.0
48168	307159	308.0	231.0
48180	307159	310.30434782608694	231.8695652173913
48192	307159	311.8695652173913	232.91304347826087
48204	307159	314.0	235.0
48216	307159	317.0	236.0
48228	307159	320.0	237.0
48240	307159	323.0	237.0
48252	307159	328.0	239.0
48264	307159	331.0	240.0
48276	307159	336.0	243.0
48288	307159	342.0	244.0
48300	307159	346.0	246.0
48312	307159	353.0	249.0
48324	307159	361.0	251.0
48336	307159	369.0	255.0
48348	307159	379.0	259.0
48360	307159	390.0	263.0
48372	307159	404.0	269.0
48384	307159	421.0	276.0
48396	307159	441.0	284.0
48408	307159	468.0	295.0
48420	307159	505.0	310.0
48432	307159	554.0	331.0
48444	307159	628.0	361.0
48456	307159	756.0	413.0
48468	307159	979.0	521.0
48180	307164	361.0	236.0
48192	307164	367.0	237.0
48204	307164	371.0	238.0
48216	307164	377.375	238.125
48228	307164	384.0	240.0
48240	307164	390.0	243.0
48252	307164	399.0	245.0
48264	307164	407.0	246.0
48276	307164	417.0	249.0
48288	307164	429.0	252.0
48300	307164	442.0	255.0
48312	307164	457.0	258.0
48324	307164	476.0	263.0
48336	307164	496.0	268.0
48348	307164	523.0	275.0
48360	307164	556.0	282.0
48372	307164	598.0	293.0
48384	307164	656.0	307.0
48396	307164	736.0	326.0
48408	307164	860.0	356.0
48420	307164	994.0	410.0
48240	307186	309.0	230.0
48252	307186	310.0	231.0
48264	307186	313.0	232.0
48276	307186	314.0	232.0
48288	307186	318.0	235.0
48300	307186	320.0	236.0
48312	307186	323.0	236.0
48324	307186	326.0	238.0
48336	307186	330.0	239.0
48348	307186	334.0	241.0
48360	307186	339.0	243.0
48372	307186	344.0	244.0
48384	307186	350.0	247.0
48396	307186	356.0	249.0
48408	307186	364.0	252.0
48420	307186	373.0	256.0
48432	307186	383.0	260.0
48444	307186	395.0	265.0
48456	307186	409.0	271.0
48468	307186	428.0	278.0
48480	307186	451.0	288.0
48492	307186	481.0	300.0
48504	307186	521.0	317.0
48516	307186	582.0	342.0
48528	307186	678.0	382.0
48540	307186	855.0	455.0
48552	307186	1005.0	542.0
48276	307198	357.0	233.0
48288	307198	362.0	235.0
48300	307198	363.0	234.0
48312	307198	370.0	235.0
48324	307198	373.0	236.0
48336	307198	382.0	239.0
48348	307198	387.0	240.0
48360	307198	394.0	241.0
48372	307198	402.0	243.0
48384	307198	411.0	245.0
48396	307198	423.0	248.0
48408	307198	435.0	251.0
48420	307198	449.0	255.0
48432	307198	465.0	259.0
48444	307198	484.0	263.0
48456	307198	508.0	268.0
48468	307198	537.0	275.0
48480	307198	574.0	285.0
48492	307198	622.0	296.0
48504	307198	687.0	312.0
48516	307198	778.0	335.0
48528	307198	926.0	370.0
48312	307206	297.0	226.0
48324	307206	297.85714285714283	226.85714285714286
48336	307206	298.36	227.0
48348	307206	298.84	227.0
48360	307206	301.0	227.0
48372	307206	302.0	228.0
48384	307206	304.0	229.0
48396	307206	306.0	230.0
48408	307206	307.14285714285717	229.14285714285714
48420	307206	309.0	231.0
48432	307206	311.0	231.0
48444	307206	312.0	233.0
48456	307206	315.0	235.0
48468	307206	318.0	235.0
48480	307206	320.0	236.0
48492	307206	323.0	238.0
48504	307206	327.0	239.0
48516	307206	330.0	240.0
48528	307206	335.0	242.0
48540	307206	340.0	244.0
48552	307206	344.0	246.0
48564	307206	351.0	249.0
48576	307206	357.0	251.0
48588	307206	366.0	254.0
48600	307206	374.0	258.0
48612	307206	387.0	263.0
48624	307206	399.0	269.0
48636	307206	415.0	275.0
48648	307206	435.0	283.0
48660	307206	461.0	294.0
48672	307206	494.0	308.0
48684	307206	542.0	328.0
48696	307206	615.0	359.0
48708	307206	740.0	411.0
48720	307206	973.0	519.0
48336	307213	270.0	224.0
48348	307213	272.0	224.0
48360	307213	273.0	225.0
48372	307213	274.0	226.0
48384	307213	276.0	225.0
48396	307213	277.0	225.0
48408	307213	277.0	225.0
48420	307213	278.0	226.0
48432	307213	280.0	226.0
48444	307213	280.6923076923077	227.0
48456	307213	281.0	227.0
48468	307213	283.0	228.0
48480	307213	283.0	228.0
48492	307213	284.0	229.0
48504	307213	285.0	230.0
48516	307213	286.0	230.0
48528	307213	287.0	231.0
48540	307213	287.0	232.0
48552	307213	290.0	233.0
48564	307213	289.0	234.0
48576	307213	292.0	234.0
48588	307213	294.0	236.0
48600	307213	295.0	237.0
48612	307213	299.0	237.0
48624	307213	301.0	239.0
48636	307213	305.0	239.0
48648	307213	308.0	242.0
48660	307213	312.0	244.0
48672	307213	319.0	246.0
48684	307213	323.0	248.0
48696	307213	328.0	250.0
48708	307213	336.0	253.0
48720	307213	344.0	256.0
48732	307213	353.0	261.0
48744	307213	365.0	266.0
48756	307213	377.0	271.0
48768	307213	394.0	279.0
48780	307213	413.0	286.0
48792	307213	438.0	297.0
48804	307213	471.0	312.0
48816	307213	518.0	333.0
48828	307213	589.0	367.0
48840	307213	710.0	422.0
48852	307213	954.0	536.0
48384	307229	334.0	232.0
48396	307229	337.0	233.0
48408	307229	340.0	234.0
48420	307229	344.0	235.0
48432	307229	349.0	237.0
48444	307229	353.0	238.0
48456	307229	359.0	240.0
48468	307229	366.0	242.0
48480	307229	372.0	244.0
48492	307229	381.0	247.0
48504	307229	389.0	249.0
48516	307229	400.0	252.0
48528	307229	413.0	256.0
48540	307229	427.0	260.0
48552	307229	444.0	266.0
48564	307229	466.0	272.0
48576	307229	493.0	280.0
48588	307229	530.0	292.0
48600	307229	579.0	306.0
48612	307229	650.0	329.0
48624	307229	765.0	363.0
48636	307229	960.0	426.0
48492	307250	339.0	233.0
48504	307250	342.75	234.0
48516	307250	346.0	236.0
48528	307250	351.0	237.0
48540	307250	356.0	239.0
48552	307250	361.0	239.0
48564	307250	368.0	242.0
48576	307250	375.0	244.0
48588	307250	383.0	247.0
48600	307250	391.0	250.0
48612	307250	402.0	252.0
48624	307250	416.0	257.0
48636	307250	431.0	261.0
48648	307250	451.0	266.0
48660	307250	473.0	273.0
48672	307250	500.0	281.0
48684	307250	539.0	293.0
48696	307250	591.0	305.0
48708	307250	665.0	319.0
48720	307250	792.0	359.0
48732	307250	982.0	429.0
48588	307284	352.0	232.0
48600	307284	357.0	234.0
48612	307284	361.0	234.0
48624	307284	364.0	235.0
48636	307284	371.0	237.0
48648	307284	377.0	238.0
48660	307284	383.0	240.0
48672	307284	390.0	241.0
48684	307284	399.0	244.0
48696	307284	408.0	246.0
48708	307284	418.0	249.0
48720	307284	429.0	251.0
48732	307284	444.0	255.0
48744	307284	462.0	259.0
48756	307284	480.0	263.0
48768	307284	502.0	268.0
48780	307284	532.0	276.0
48792	307284	569.0	284.0
48804	307284	616.0	296.0
48816	307284	684.0	312.0
48828	307284	782.0	336.0
48840	307284	938.0	375.0
48624	307294	337.0	226.0
48636	307294	339.3529411764706	225.11764705882354
48648	307294	341.47058823529414	225.8235294117647
48660	307294	344.0	226.0
48672	307294	347.0	227.0
48684	307294	349.0	228.0
48696	307294	352.0	229.0
48708	307294	356.0	229.0
48720	307294	358.0	229.0
48732	307294	362.0	231.0
48744	307294	367.0	232.0
48756	307294	371.0	232.0
48768	307294	375.0	234.0
48780	307294	381.0	234.0
48792	307294	386.0	235.0
48804	307294	392.0	237.0
48816	307294	398.0	238.0
48828	307294	406.0	239.0
48840	307294	414.0	241.0
48852	307294	423.0	243.0
48864	307294	434.0	245.0
48876	307294	445.0	247.0
48888	307294	458.0	250.0
48900	307294	473.0	253.0
48912	307294	490.0	257.0
48924	307294	511.0	260.0
48936	307294	534.0	265.0
48948	307294	564.0	271.0
48960	307294	601.0	278.0
48972	307294	647.0	287.0
48984	307294	709.0	300.0
48996	307294	794.0	317.0
49008	307294	915.0	341.0
48768	307328	315.0	235.0
48780	307328	318.5	235.25
48792	307328	321.0	236.0
48804	307328	325.0	238.0
48816	307328	327.0	239.0
48828	307328	330.0	241.0
48840	307328	334.0	243.0
48852	307328	338.0	245.0
48864	307328	344.0	247.0
48876	307328	349.0	248.0
48888	307328	354.0	250.0
48900	307328	362.0	254.0
48912	307328	368.0	256.0
48924	307328	378.0	260.0
48936	307328	388.0	265.0
48948	307328	400.0	270.0
48960	307328	414.0	276.0
48972	307328	431.0	283.0
48984	307328	454.0	292.0
48996	307328	481.0	304.0
49008	307328	518.0	320.0
49020	307328	570.0	342.0
49032	307328	650.0	377.0
49044	307328	785.0	437.0
49056	307328	986.0	542.0
48768	307329	302.0	227.0
48780	307329	303.0	226.0
48792	307329	304.0	227.0
48804	307329	305.0	228.0
48816	307329	305.0	228.0
48828	307329	306.0	229.0
48840	307329	310.0	230.0
48852	307329	309.0	231.0
48864	307329	312.0	232.0
48876	307329	314.0	232.0
48888	307329	316.0	232.0
48900	307329	317.0	234.0
48912	307329	320.0	235.0
48924	307329	322.0	236.0
48936	307329	325.0	237.0
48948	307329	328.0	238.0
48960	307329	331.0	240.0
48972	307329	336.0	242.0
48984	307329	339.0	243.0
48996	307329	343.0	244.0
49008	307329	349.0	247.0
49020	307329	355.0	249.0
49032	307329	361.0	252.0
49044	307329	369.0	255.0
49056	307329	377.0	258.0
49068	307329	387.0	262.0
49080	307329	399.0	267.0
49092	307329	412.0	273.0
49104	307329	429.0	280.0
49116	307329	450.0	288.0
49128	307329	476.0	299.0
49140	307329	511.0	314.0
49152	307329	560.0	335.0
49164	307329	631.0	365.0
49176	307329	752.0	417.0
49188	307329	966.0	516.0
48816	307343	352.3333333333333	230.66666666666666
48828	307343	356.0	232.0
48840	307343	359.0	234.0
48852	307343	364.0	233.0
48864	307343	369.0	235.0
48876	307343	374.0	237.0
48888	307343	381.0	238.0
48900	307343	388.0	239.0
48912	307343	395.0	241.0
48924	307343	402.0	243.0
48936	307343	412.0	246.0
48948	307343	422.0	248.0
48960	307343	434.0	250.0
48972	307343	447.0	253.0
48984	307343	462.0	257.0
48996	307343	481.0	262.0
49008	307343	503.0	267.0
49020	307343	530.0	273.0
49032	307343	563.0	281.0
49044	307343	607.0	291.0
49056	307343	665.0	305.0
49068	307343	747.0	324.0
49080	307343	868.0	352.0
49092	307343	993.0	398.0
48876	307363	337.0	233.0
48888	307363	341.0	234.0
48900	307363	344.0	237.0
48912	307363	349.0	237.0
48924	307363	354.0	238.0
48936	307363	359.0	240.0
48948	307363	365.0	241.0
48960	307363	372.0	245.0
48972	307363	381.0	247.0
48984	307363	389.0	250.0
48996	307363	401.0	253.0
49008	307363	413.0	257.0
49020	307363	430.0	262.0
49032	307363	449.0	268.0
49044	307363	474.0	276.0
49056	307363	506.0	286.0
49068	307363	548.0	298.0
49080	307363	610.0	317.0
49092	307363	704.0	346.0
49104	307363	867.0	397.0
48924	307392	332.0	227.0
48936	307392	336.2	228.0
48948	307392	339.0	229.0
48960	307392	341.0	230.0
48972	307392	343.0	230.0
48984	307392	348.0	231.0
48996	307392	352.0	232.0
49008	307392	356.0	233.0
49020	307392	360.0	234.0
49032	307392	366.0	235.0
49044	307392	369.0	235.0
49056	307392	375.0	237.0
49068	307392	382.0	238.0
49080	307392	389.0	240.0
49092	307392	396.0	242.0
49104	307392	405.0	245.0
49116	307392	415.0	246.0
49128	307392	426.0	249.0
49140	307392	440.0	252.0
49152	307392	454.0	255.0
49164	307392	472.0	259.0
49176	307392	495.0	265.0
49188	307392	521.0	270.0
49200	307392	555.0	278.0
49212	307392	598.0	289.0
49224	307392	657.0	302.0
49236	307392	740.0	322.0
49248	307392	864.0	351.0
49260	307392	996.0	397.0
48996	307408	304.90909090909093	228.0
49008	307408	306.0	229.0
49020	307408	306.0	229.33333333333334
49032	307408	308.5	230.0
49044	307408	311.0	231.0
49056	307408	314.0	232.0
49068	307408	315.8333333333333	233.0
49080	307408	317.0	234.0
49092	307408	320.0	234.0
49104	307408	322.0	235.0
49116	307408	326.0	237.0
49128	307408	329.0	239.0
49140	307408	334.0	240.0
49152	307408	336.0	241.0
49164	307408	341.0	243.0
49176	307408	348.0	245.0
49188	307408	354.0	247.0
49200	307408	360.0	250.0
49212	307408	368.0	252.0
49224	307408	376.0	256.0
49236	307408	387.0	260.0
49248	307408	399.0	265.0
49260	307408	414.0	271.0
49272	307408	430.0	278.0
49284	307408	454.0	287.0
49296	307408	482.0	298.0
49308	307408	522.0	315.0
49320	307408	580.0	338.0
49332	307408	668.0	375.0
49344	307408	827.0	439.0
49356	307408	1004.0	541.0
49068	307427	302.0	229.0
49080	307427	304.0	230.0
49092	307427	305.0	230.0
49104	307427	308.0	232.0
49116	307427	309.0	232.0
49128	307427	311.0	232.0
49140	307427	314.0	232.0
49152	307427	316.0	233.0
49164	307427	318.0	234.0
49176	307427	321.0	236.0
49188	307427	324.0	237.0
49200	307427	327.0	238.0
49212	307427	331.0	239.0
49224	307427	336.0	241.0
49236	307427	341.0	243.0
49248	307427	345.0	245.0
49260	307427	351.0	247.0
49272	307427	358.0	250.0
49284	307427	366.0	252.0
49296	307427	374.0	255.0
49308	307427	384.0	259.0
49320	307427	396.0	263.0
49332	307427	410.0	269.0
49344	307427	427.0	275.0
49356	307427	447.0	283.0
49368	307427	473.0	294.0
49380	307427	508.0	309.0
49392	307427	557.0	328.0
49404	307427	627.0	358.0
49416	307427	747.0	406.0
49428	307427	966.0	502.0
49152	307446	353.0	232.0
49164	307446	357.0	232.0
49176	307446	360.0	235.0
49188	307446	365.0	236.0
49200	307446	370.0	237.0
49212	307446	376.0	238.0
49224	307446	381.0	238.0
49236	307446	390.0	240.0
49248	307446	396.0	242.0
49260	307446	405.0	245.0
49272	307446	414.0	247.0
49284	307446	426.0	251.0
49296	307446	440.0	254.0
49308	307446	456.0	257.0
49320	307446	475.0	262.0
49332	307446	497.0	268.0
49344	307446	525.0	274.0
49356	307446	560.0	283.0
49368	307446	606.0	294.0
49380	307446	669.0	310.0
49392	307446	760.0	332.0
49404	307446	900.0	365.0
49164	307447	364.0	231.0
49176	307447	369.7692307692308	230.46153846153845
49188	307447	375.0	231.0
49200	307447	381.0	234.0
49212	307447	387.0	235.0
49224	307447	395.0	236.0
49236	307447	402.0	238.0
49248	307447	412.0	240.0
49260	307447	422.0	243.0
49272	307447	434.0	245.0
49284	307447	448.0	248.0
49296	307447	464.0	250.0
49308	307447	485.0	255.0
49320	307447	508.0	260.0
49332	307447	537.0	266.0
49344	307447	573.0	273.0
49356	307447	621.0	282.0
49368	307447	687.0	295.0
49380	307447	780.0	314.0
49392	307447	926.0	343.0
49284	307469	355.0	230.0
49296	307469	361.0	233.0
49308	307469	364.0	235.0
49320	307469	369.0	236.0
49332	307469	374.0	238.0
49344	307469	381.0	239.0
49356	307469	388.0	241.0
49368	307469	395.0	243.0
49380	307469	404.0	246.0
49392	307469	414.0	248.0
49404	307469	425.0	251.0
49416	307469	439.0	254.0
49428	307469	454.0	258.0
49440	307469	473.0	263.0
49452	307469	495.0	268.0
49464	307469	522.0	274.0
49476	307469	555.0	283.0
49488	307469	602.0	295.0
49500	307469	661.0	309.0
49512	307469	750.0	331.0
49524	307469	887.0	364.0
49536	307469	998.0	408.0
49296	307471	339.0	229.0
49308	307471	343.6666666666667	229.0
49320	307471	344.0	230.0
49332	307471	350.0	231.33333333333334
49344	307471	352.0	232.0
49356	307471	351.94594594594594	233.1891891891892
49368	307471	353.56756756756755	233.51351351351352
49380	307471	355.18918918918916	233.83783783783784
49392	307471	356.0	234.0
49404	307471	360.25	235.0
49416	307471	367.0	236.0
49428	307471	372.0	239.0
49440	307471	380.0	240.0
49452	307471	387.0	241.0
49464	307471	395.0	243.0
49476	307471	405.0	246.0
49488	307471	413.0	248.0
49500	307471	424.0	250.0
49512	307471	437.0	254.0
49524	307471	451.0	257.0
49536	307471	469.0	262.0
49548	307471	489.0	267.0
49560	307471	514.0	272.0
49572	307471	545.0	280.0
49584	307471	586.0	290.0
49596	307471	642.0	304.0
49608	307471	720.0	323.0
49620	307471	837.0	351.0
49632	307471	989.0	402.0
49368	307491	361.0	235.0
49380	307491	365.0	235.0
49392	307491	372.0	237.0
49404	307491	377.0	238.0
49416	307491	384.0	239.0
49428	307491	390.0	242.0
49440	307491	398.0	244.0
49452	307491	408.0	247.0
49464	307491	418.0	249.0
49476	307491	430.0	252.0
49488	307491	444.0	256.0
49500	307491	461.0	260.0
49512	307491	481.0	265.0
49524	307491	505.0	270.0
49536	307491	536.0	279.0
49548	307491	576.0	288.0
49560	307491	629.0	301.0
49572	307491	703.0	319.0
49584	307491	815.0	347.0
49596	307491	975.0	392.0
49380	307495	313.5	235.0
49392	307495	317.0	236.0
49404	307495	319.0	237.0
49416	307495	322.0	239.0
49428	307495	326.0	240.0
49440	307495	329.0	242.0
49452	307495	334.0	243.0
49464	307495	339.0	245.0
49476	307495	342.0	249.0
49488	307495	350.0	250.0
49500	307495	355.0	252.0
49512	307495	364.0	256.0
49524	307495	373.0	259.0
49536	307495	383.0	264.0
49548	307495	395.0	270.0
49560	307495	411.0	277.0
49572	307495	430.0	285.0
49584	307495	456.0	296.0
49596	307495	489.0	311.0
49608	307495	536.0	331.0
49620	307495	607.0	363.0
49632	307495	731.0	419.0
49644	307495	966.0	534.0
49440	307506	314.0	235.0
49452	307506	314.0	236.0
49464	307506	318.42857142857144	238.0
49476	307506	321.0	238.0
49488	307506	325.0	240.0
49500	307506	329.0	241.0
49512	307506	333.0	243.0
49524	307506	337.0	246.0
49536	307506	343.0	248.0
49548	307506	349.0	251.0
49560	307506	356.0	254.0
49572	307506	365.0	258.0
49584	307506	374.0	261.0
49596	307506	386.0	267.0
49608	307506	400.0	273.0
49620	307506	418.0	281.0
49632	307506	441.0	291.0
49644	307506	470.0	304.0
49656	307506	512.0	324.0
49668	307506	574.0	351.0
49680	307506	679.0	399.0
49692	307506	885.0	492.0
49704	307506	989.0	540.0
49476	307516	339.0	231.0
49488	307516	341.0	232.33333333333334
49500	307516	343.0	232.0
49512	307516	345.0	232.0
49524	307516	348.0	235.0
49536	307516	352.0	235.0
49548	307516	357.0	237.0
49560	307516	361.0	238.0
49572	307516	365.0	239.0
49584	307516	372.0	241.0
49596	307516	377.0	243.0
49608	307516	385.0	247.0
49620	307516	394.0	249.0
49632	307516	405.0	252.0
49644	307516	418.0	256.0
49656	307516	434.0	261.0
49668	307516	453.0	267.0
49680	307516	477.0	274.0
49692	307516	508.0	283.0
49704	307516	549.0	296.0
49716	307516	608.0	314.0
49728	307516	700.0	342.0
49740	307516	854.0	389.0
49752	307516	1006.0	459.0
49572	307545	338.0	229.0
49584	307545	339.0	230.0
49596	307545	342.0	230.0
49608	307545	346.0	231.0
49620	307545	349.0	231.0
49632	307545	352.2	232.0
49644	307545	357.0	234.0
49656	307545	360.0	234.0
49668	307545	367.0	235.0
49680	307545	371.0	237.0
49692	307545	377.0	238.0
49704	307545	384.0	239.0
49716	307545	391.0	241.0
49728	307545	399.0	243.0
49740	307545	407.0	244.0
49752	307545	417.0	248.0
49764	307545	429.0	250.0
49776	307545	443.0	253.0
49788	307545	459.0	256.0
49800	307545	478.0	261.0
49812	307545	501.0	266.0
49824	307545	529.0	272.0
49836	307545	564.0	280.0
49848	307545	608.0	291.0
49860	307545	670.0	305.0
49872	307545	755.0	325.0
49884	307545	885.0	355.0
49584	307551	305.0	231.33333333333334
49596	307551	307.1111111111111	232.0
49608	307551	307.77777777777777	232.0
49620	307551	312.0	234.0
49632	307551	313.0	234.0
49644	307551	317.0	235.0
49656	307551	320.0	237.0
49668	307551	323.0	238.0
49680	307551	326.0	239.0
49692	307551	330.0	241.0
49704	307551	335.0	243.0
49716	307551	340.0	244.0
49728	307551	346.0	246.0
49740	307551	352.0	249.0
49752	307551	359.0	252.0
49764	307551	368.0	255.0
49776	307551	378.0	259.0
49788	307551	391.0	264.0
49800	307551	405.0	270.0
49812	307551	422.0	276.0
49824	307551	445.0	286.0
49836	307551	474.0	297.0
49848	307551	514.0	314.0
49860	307551	573.0	337.0
49872	307551	665.0	373.0
49884	307551	831.0	440.0
49896	307551	1007.0	542.0
49740	307600	338.0	235.0
49752	307600	339.0	235.0
49764	307600	344.0	236.0
49776	307600	346.0	237.0
49788	307600	349.0	238.0
49800	307600	354.0	238.0
49812	307600	359.0	240.0
49824	307600	363.0	241.0
49836	307600	369.0	243.0
49848	307600	375.0	245.0
49860	307600	381.0	248.0
49872	307600	387.0	250.0
49884	307600	396.0	252.0
49896	307600	405.0	255.0
49908	307600	416.0	258.0
49920	307600	428.0	262.0
49932	307600	442.0	267.0
49944	307600	459.0	272.0
49956	307600	479.0	277.0
49968	307600	503.0	286.0
49980	307600	535.0	295.0
49992	307600	576.0	308.0
50004	307600	630.0	325.0
50016	307600	708.0	349.0
50028	307600	825.0	381.0
50040	307600	979.0	422.0
49764	307607	315.0	234.0
49776	307607	317.0	235.0
49788	307607	320.0	235.0
49800	307607	323.0	236.0
49812	307607	326.0	238.0
49824	307607	329.0	240.0
49836	307607	332.0	241.0
49848	307607	337.0	243.0
49860	307607	343.0	246.0
49872	307607	348.0	247.0
49884	307607	354.0	250.0
49896	307607	362.0	254.0
49908	307607	371.0	257.0
49920	307607	381.0	262.0
49932	307607	393.0	267.0
49944	307607	407.0	272.0
49956	307607	425.0	280.0
49968	307607	449.0	290.0
49980	307607	479.0	303.0
49992	307607	521.0	321.0
50004	307607	583.0	347.0
50016	307607	683.0	388.0
50028	307607	866.0	464.0
50040	307607	1002.0	541.0
49788	307612	302.0	227.0
49800	307612	304.0	228.5
49812	307612	306.0	229.0
49824	307612	307.2	229.6
49836	307612	309.2307692307692	231.30769230769232
49848	307612	312.5	232.0
49860	307612	314.0	232.0
49872	307612	317.0	234.0
49884	307612	316.0	234.0
49896	307612	320.0	236.0
49908	307612	323.0	237.0
49920	307612	325.0	239.0
49932	307612	328.0	240.0
49944	307612	331.0	241.0
49956	307612	335.0	242.0
49968	307612	339.0	244.0
49980	307612	343.0	246.0
49992	307612	349.0	249.0
50004	307612	355.0	250.0
50016	307612	361.0	253.0
50028	307612	368.0	256.0
50040	307612	379.0	261.0
50052	307612	389.0	265.0
50064	307612	402.0	269.0
50076	307612	416.0	276.0
50088	307612	436.0	284.0
50100	307612	459.0	294.0
50112	307612	490.0	306.0
50124	307612	529.0	323.0
50136	307612	586.0	348.0
50148	307612	673.0	386.0
50160	307612	823.0	451.0
50172	307612	989.0	542.0
49968	307714	309.0	232.0
49980	307714	310.0	233.0
49992	307714	314.0	234.0
50004	307714	316.0	235.0
50016	307714	319.0	235.0
50028	307714	323.0	237.0
50040	307714	325.0	238.0
50052	307714	328.0	240.0
50064	307714	331.0	241.0
50076	307714	336.0	244.0
50088	307714	341.0	245.0
50100	307714	346.0	247.0
50112	307714	353.0	249.0
50124	307714	359.0	251.0
50136	307714	365.0	255.0
50148	307714	374.0	258.0
50160	307714	385.0	262.0
50172	307714	397.0	267.0
50184	307714	411.0	273.0
50196	307714	428.0	280.0
50208	307714	451.0	289.0
50220	307714	480.0	301.0
50232	307714	519.0	317.0
50244	307714	575.0	340.0
50256	307714	661.0	376.0
50268	307714	811.0	439.0
50280	307714	993.0	543.0
50076	307753	305.42857142857144	230.0
50088	307753	307.1666666666667	230.16666666666666
50100	307753	309.0	232.0
50112	307753	313.0	232.0
50124	307753	314.0	234.0
50136	307753	317.0	235.0
50148	307753	320.0	236.0
50160	307753	323.0	237.0
50172	307753	326.0	238.0
50184	307753	330.0	240.0
50196	307753	336.0	241.0
50208	307753	339.0	243.0
50220	307753	344.0	245.0
50232	307753	349.0	248.0
50244	307753	356.0	250.0
50256	307753	365.0	252.0
50268	307753	374.0	256.0
50280	307753	383.0	260.0
50292	307753	395.0	265.0
50304	307753	411.0	270.0
50316	307753	427.0	277.0
50328	307753	450.0	286.0
50340	307753	477.0	297.0
50352	307753	514.0	312.0
50364	307753	568.0	334.0
50376	307753	649.0	366.0
50388	307753	788.0	423.0
50400	307753	1001.0	538.0
50088	307755	268.0	225.33333333333334
50100	307755	269.5882352941176	224.94117647058823
50112	307755	272.0	225.0
50124	307755	272.75	224.5
50136	307755	274.0	226.0
50148	307755	275.0	226.5
50160	307755	276.0	226.0
50172	307755	277.0	226.5
50184	307755	277.625	227.0
50196	307755	280.0	229.0
50208	307755	282.0	228.0
50220	307755	283.0	229.0
50232	307755	283.0	230.0
50244	307755	283.0	229.0
50256	307755	285.0	231.0
50268	307755	286.2	231.06666666666666
50280	307755	288.6	231.86666666666667
50292	307755	289.0	232.0
50304	307755	290.0	234.0
50316	307755	292.0	234.0
50328	307755	294.0	236.0
50340	307755	296.0	237.0
50352	307755	298.0	239.0
50364	307755	301.0	240.0
50376	307755	304.0	240.0
50388	307755	307.0	241.0
50400	307755	312.0	244.0
50412	307755	317.0	247.0
50424	307755	322.0	248.0
50436	307755	329.0	251.0
50448	307755	335.0	253.0
50460	307755	344.0	258.0
50472	307755	354.0	262.0
50484	307755	366.0	266.0
50496	307755	379.0	272.0
50508	307755	395.0	280.0
50520	307755	415.0	290.0
50532	307755	444.0	302.0
50544	307755	480.0	319.0
50556	307755	533.0	345.0
50568	307755	619.0	387.0
50580	307755	781.0	468.0
50592	307755	963.0	541.0
50160	307796	346.0	237.0
50172	307796	346.0	237.0
50184	307796	351.0	239.0
50196	307796	355.0	239.0
50208	307796	360.0	242.0
50220	307796	366.0	244.0
50232	307796	372.0	245.0
50244	307796	380.0	248.0
50256	307796	388.0	250.0
50268	307796	398.0	253.0
50280	307796	408.0	256.0
50292	307796	421.0	259.0
50304	307796	434.0	264.0
50316	307796	451.0	268.0
50328	307796	472.0	275.0
50340	307796	494.0	281.0
50352	307796	525.0	291.0
50364	307796	563.0	303.0
50376	307796	614.0	311.0
50388	307796	693.0	336.0
50400	307796	804.0	374.0
50412	307796	973.0	431.0
50256	307864	332.0	226.0
50268	307864	332.9	226.3
50280	307864	334.7	226.9
50292	307864	336.0	228.0
50304	307864	341.0	228.0
50316	307864	342.0	229.0
50328	307864	346.0	230.0
50340	307864	348.0	231.0
50352	307864	352.0	232.0
50364	307864	356.0	232.0
50376	307864	359.0	234.0
50388	307864	362.0	235.0
50400	307864	369.0	237.0
50412	307864	375.0	238.0
50424	307864	383.0	240.0
50436	307864	389.0	241.0
50448	307864	398.0	243.0
50460	307864	405.0	246.0
50472	307864	417.0	249.0
50484	307864	429.0	250.0
50496	307864	443.0	254.0
50508	307864	460.0	258.0
50520	307864	481.0	264.0
50532	307864	506.0	269.0
50544	307864	537.0	277.0
50556	307864	577.0	286.0
50568	307864	630.0	299.0
50580	307864	705.0	317.0
50592	307864	816.0	345.0
50604	307864	976.0	390.0
50436	307937	364.0	231.0
50448	307937	368.0	232.0
50460	307937	373.0	235.0
50472	307937	378.0	235.0
50484	307937	385.0	236.0
50496	307937	391.0	237.0
50508	307937	398.0	239.0
50520	307937	406.0	241.0
50532	307937	416.0	243.0
50544	307937	427.0	245.0
50556	307937	438.0	248.0
50568	307937	453.0	250.0
50580	307937	470.0	255.0
50592	307937	489.0	258.0
50604	307937	513.0	263.0
50616	307937	543.0	269.0
50628	307937	582.0	278.0
50640	307937	632.0	287.0
50652	307937	699.0	302.0
50664	307937	801.0	322.0
50676	307937	956.0	353.0
50436	307940	329.0	230.0
50448	307940	332.5	232.0
50460	307940	336.0	233.0
50472	307940	340.0	233.0
50484	307940	343.0	234.0
50496	307940	346.0	235.0
50508	307940	350.0	237.0
50520	307940	356.0	238.0
50532	307940	361.0	239.0
50544	307940	367.0	240.0
50556	307940	372.0	243.0
50568	307940	379.0	245.0
50580	307940	386.0	247.0
50592	307940	396.0	249.0
50604	307940	406.0	252.0
50616	307940	419.0	256.0
50628	307940	434.0	261.0
50640	307940	451.0	265.0
50652	307940	472.0	272.0
50664	307940	497.0	279.0
50676	307940	529.0	289.0
50688	307940	574.0	302.0
50700	307940	635.0	321.0
50712	307940	727.0	349.0
50724	307940	878.0	394.0
50736	307940	999.0	457.0
50520	307993	309.2857142857143	232.14285714285714
50532	307993	311.0	233.0
50544	307993	313.0	233.0
50556	307993	315.0	234.0
50568	307993	317.0	235.0
50580	307993	320.0	237.0
50592	307993	323.0	237.0
50604	307993	327.0	239.0
50616	307993	330.0	240.0
50628	307993	335.0	243.0
50640	307993	340.0	244.0
50652	307993	345.0	246.0
50664	307993	351.0	249.0
50676	307993	358.0	252.0
50688	307993	368.0	256.0
50700	307993	378.0	259.0
50712	307993	390.0	265.0
50724	307993	406.0	271.0
50736	307993	423.0	279.0
50748	307993	448.0	289.0
50760	307993	480.0	303.0
50772	307993	527.0	322.0
50784	307993	596.0	351.0
50796	307993	715.0	401.0
50808	307993	953.0	504.0
50580	308024	334.0	234.0
50592	308024	337.0	233.25
50604	308024	341.0	235.0
50616	308024	346.0	237.0
50628	308024	350.0	238.0
50640	308024	355.0	240.0
50652	308024	361.0	241.0
50664	308024	368.0	244.0
50676	308024	376.0	246.0
50688	308024	385.0	249.0
50700	308024	395.0	251.0
50712	308024	407.0	255.0
50724	308024	421.0	260.0
50736	308024	438.0	265.0
50748	308024	458.0	271.0
50760	308024	483.0	280.0
50772	308024	517.0	287.0
50784	308024	563.0	294.0
50796	308024	633.0	318.0
50808	308024	744.0	358.0
50820	308024	925.0	416.0
50700	308081	310.0	234.0
50712	308081	313.0	234.0
50724	308081	314.0	235.0
50736	308081	317.0	236.0
50748	308081	321.0	237.0
50760	308081	325.0	239.0
50772	308081	329.0	239.0
50784	308081	332.0	242.0
50796	308081	338.0	244.0
50808	308081	343.0	246.0
50820	308081	349.0	249.0
50832	308081	357.0	251.0
50844	308081	364.0	255.0
50856	308081	374.0	259.0
50868	308081	385.0	263.0
50880	308081	399.0	269.0
50892	308081	417.0	277.0
50904	308081	440.0	286.0
50916	308081	471.0	299.0
50928	308081	510.0	316.0
50940	308081	570.0	342.0
50952	308081	668.0	385.0
50964	308081	853.0	465.0
50976	308081	994.0	542.0
50736	308094	336.0	234.0
50748	308094	338.55555555555554	234.0
50760	308094	342.6666666666667	234.66666666666666
50772	308094	347.0	236.0
50784	308094	351.0	238.0
50796	308094	354.0	240.0
50808	308094	360.0	240.0
50820	308094	365.0	243.0
50832	308094	371.0	244.0
50844	308094	378.0	247.0
50856	308094	385.0	249.0
50868	308094	395.0	251.0
50880	308094	406.0	255.0
50892	308094	415.5	259.0
50904	308094	429.0	258.0
50916	308094	447.0	267.0
50928	308094	468.0	274.0
50940	308094	495.0	283.0
50952	308094	526.0	293.0
50964	308094	570.0	306.0
50976	308094	629.0	324.0
50988	308094	717.0	351.0
51000	308094	857.0	394.0
51012	308094	1004.0	466.0
50772	308110	313.0	234.0
50784	308110	316.0	235.0
50796	308110	319.75	236.25
50808	308110	322.0	237.0
50820	308110	326.0	239.0
50832	308110	330.0	241.0
50844	308110	334.0	243.0
50856	308110	340.0	244.0
50868	308110	345.0	247.0
50880	308110	351.0	249.0
50892	308110	360.0	253.0
50904	308110	369.0	256.0
50916	308110	380.0	260.0
50928	308110	391.0	265.0
50940	308110	406.0	272.0
50952	308110	425.0	280.0
50964	308110	449.0	290.0
50976	308110	481.0	303.0
50988	308110	525.0	321.0
51000	308110	592.0	351.0
51012	308110	707.0	400.0
51024	308110	939.0	501.0
50832	308130	309.0	234.0
50844	308130	311.0	236.0
50856	308130	314.0	237.0
50868	308130	317.0	238.0
50880	308130	322.0	240.0
50892	308130	324.0	242.0
50904	308130	329.0	244.0
50916	308130	333.0	247.0
50928	308130	337.0	249.0
50940	308130	344.0	252.0
50952	308130	350.0	257.0
50964	308130	358.0	261.0
50976	308130	367.0	266.0
50988	308130	379.0	272.0
51000	308130	393.0	281.0
51012	308130	412.0	292.0
51024	308130	439.0	308.0
51036	308130	478.0	329.0
51048	308130	539.0	364.0
51060	308130	651.0	426.0
51072	308130	899.0	543.0
50868	308150	356.0	234.0
50880	308150	360.0	233.33333333333334
50892	308150	366.0	236.0
50904	308150	371.0	237.0
50916	308150	376.0	238.0
50928	308150	384.0	238.0
50940	308150	391.0	241.0
50952	308150	400.0	244.0
50964	308150	408.0	245.0
50976	308150	418.0	247.0
50988	308150	429.0	250.0
51000	308150	445.0	254.0
51012	308150	459.0	258.0
51024	308150	481.0	262.0
51036	308150	505.0	268.0
51048	308150	535.0	275.0
51060	308150	573.0	285.0
51072	308150	624.0	297.0
51084	308150	694.0	314.0
51096	308150	801.0	338.0
51108	308150	961.0	379.0
50892	308163	306.0	231.0
50904	308163	308.0	232.0
50916	308163	311.0	233.0
50928	308163	313.0	233.0
50940	308163	316.0	234.0
50952	308163	319.0	236.0
50964	308163	322.0	237.0
50976	308163	325.0	238.0
50988	308163	329.0	240.0
51000	308163	334.0	242.0
51012	308163	339.0	244.0
51024	308163	344.0	246.0
51036	308163	351.0	249.0
51048	308163	358.0	252.0
51060	308163	367.0	256.0
51072	308163	377.0	260.0
51084	308163	390.0	266.0
51096	308163	406.0	271.0
51108	308163	425.0	281.0
51120	308163	451.0	291.0
51132	308163	485.0	305.0
51144	308163	535.0	327.0
51156	308163	613.0	360.0
51168	308163	754.0	421.0
51180	308163	984.0	540.0
51024	308241	302.3333333333333	228.0
51036	308241	303.0	228.0
51048	308241	304.85714285714283	230.0
51060	308241	308.0	230.0
51072	308241	310.0	231.0
51084	308241	309.0	230.0
51096	308241	313.0	232.0
51108	308241	316.0	233.0
51120	308241	317.0	234.0
51132	308241	320.0	235.0
51144	308241	323.0	236.0
51156	308241	327.0	238.0
51168	308241	328.0	240.0
51180	308241	333.0	241.0
51192	308241	337.0	242.0
51204	308241	342.0	245.0
51216	308241	348.0	247.0
51228	308241	355.0	249.0
51240	308241	362.0	252.0
51252	308241	370.0	255.0
51264	308241	379.0	259.0
51276	308241	390.0	264.0
51288	308241	403.0	269.0
51300	308241	418.0	275.0
51312	308241	439.0	284.0
51324	308241	463.0	295.0
51336	308241	496.0	309.0
51348	308241	543.0	329.0
51360	308241	613.0	359.0
51372	308241	735.0	411.0
51384	308241	964.0	516.0
51036	308245	327.0	225.0
51048	308245	329.25	226.0
51060	308245	332.0	227.0
51072	308245	334.0	228.0
51084	308245	337.0	228.0
51096	308245	340.0	229.0
51108	308245	342.0	229.0
51120	308245	347.0	231.0
51132	308245	349.0	231.0
51144	308245	355.0	232.0
51156	308245	359.0	234.0
51168	308245	364.0	234.0
51180	308245	369.0	236.0
51192	308245	375.0	237.0
51204	308245	382.0	239.0
51216	308245	388.0	240.0
51228	308245	397.0	242.0
51240	308245	406.0	245.0
51252	308245	417.0	247.0
51264	308245	428.0	249.0
51276	308245	443.0	253.0
51288	308245	459.0	256.0
51300	308245	478.0	261.0
51312	308245	503.0	267.0
51324	308245	533.0	275.0
51336	308245	573.0	283.0
51348	308245	625.0	296.0
51360	308245	701.0	314.0
51372	308245	816.0	341.0
51384	308245	980.0	387.0
51072	308266	283.0	228.0
51084	308266	283.0	228.0
51096	308266	284.0	228.0
51108	308266	283.0	229.0
51120	308266	286.0	230.0
51132	308266	286.5	230.375
51144	308266	288.5	230.875
51156	308266	290.5	232.5
51168	308266	291.0	233.0
51180	308266	292.0	234.0
51192	308266	295.0	234.0
51204	308266	297.0	235.0
51216	308266	301.0	237.0
51228	308266	303.0	238.0
51240	308266	307.0	239.0
51252	308266	312.0	240.0
51264	308266	317.0	243.0
51276	308266	322.0	244.0
51288	308266	329.0	247.0
51300	308266	336.0	249.0
51312	308266	344.0	252.0
51324	308266	353.0	254.0
51336	308266	363.0	258.0
51348	308266	374.0	262.0
51360	308266	388.0	268.0
51372	308266	404.0	274.0
51384	308266	424.0	283.0
51396	308266	449.0	293.0
51408	308266	482.0	306.0
51420	308266	528.0	326.0
51432	308266	596.0	356.0
51444	308266	712.0	408.0
51456	308266	949.0	514.0
51192	308352	282.0	229.0
51204	308352	281.0	228.0
51216	308352	284.0	230.33333333333334
51228	308352	285.0	231.0
51240	308352	288.0	231.0
51252	308352	290.0	233.0
51264	308352	292.0	234.0
51276	308352	294.0	234.0
51288	308352	296.0	236.0
51300	308352	299.0	237.0
51312	308352	303.0	237.0
51324	308352	307.0	239.0
51336	308352	310.0	240.0
51348	308352	314.0	242.0
51360	308352	318.0	243.0
51372	308352	324.0	245.0
51384	308352	329.0	248.0
51396	308352	334.0	249.0
51408	308352	343.0	252.0
51420	308352	350.0	255.0
51432	308352	359.0	258.0
51444	308352	370.0	263.0
51456	308352	383.0	268.0
51468	308352	397.0	274.0
51480	308352	416.0	282.0
51492	308352	438.0	292.0
51504	308352	468.0	305.0
51516	308352	508.0	322.0
51528	308352	566.0	348.0
51540	308352	658.5	390.5
51552	308352	834.0	469.0
51564	308352	980.0	542.0
51312	308389	348.0	227.0
51324	308389	351.0	228.0
51336	308389	356.0	230.0
51348	308389	361.0	230.0
51360	308389	367.0	230.0
51372	308389	372.0	233.0
51384	308389	378.0	234.0
51396	308389	385.0	236.0
51408	308389	393.0	237.0
51420	308389	402.0	239.0
51432	308389	415.0	243.0
51444	308389	428.0	245.0
51456	308389	443.0	248.0
51468	308389	461.0	251.0
51480	308389	483.0	256.0
51492	308389	511.0	262.0
51504	308389	546.0	268.0
51516	308389	594.0	278.0
51528	308389	661.0	292.0
51540	308389	762.0	313.0
51552	308389	928.0	346.0
51432	308418	283.0	230.0
51444	308418	284.6	231.0
51456	308418	286.0	232.0
51468	308418	287.0	232.8181818181818
51480	308418	290.0	234.0
51492	308418	291.0	235.0
51504	308418	294.0	236.0
51516	308418	296.0	236.0
51528	308418	299.0	239.0
51540	308418	301.0	240.0
51552	308418	305.0	242.0
51564	308418	309.0	243.0
51576	308418	312.0	245.0
51588	308418	318.0	247.0
51600	308418	322.0	248.0
51612	308418	329.0	252.0
51624	308418	336.0	255.0
51636	308418	345.0	258.0
51648	308418	355.0	262.0
51660	308418	366.0	267.0
51672	308418	380.0	273.0
51684	308418	397.0	281.0
51696	308418	420.0	290.0
51708	308418	447.0	302.0
51720	308418	483.0	318.0
51732	308418	536.0	341.0
51744	308418	619.0	378.0
51756	308418	760.0	443.0
51768	308418	971.0	543.0
51468	308431	311.0	228.0
51480	308431	313.0	228.0
51492	308431	315.0	229.33333333333334
51504	308431	317.45454545454544	230.72727272727272
51516	308431	320.6666666666667	231.22222222222223
51528	308431	324.6666666666667	232.55555555555554
51540	308431	327.8888888888889	233.22222222222223
51552	308431	330.55555555555554	233.88888888888889
51564	308431	334.0	235.0
51576	308431	339.0	236.0
51588	308431	342.0	238.0
51600	308431	346.0	238.0
51612	308431	352.0	239.0
51624	308431	357.0	240.0
51636	308431	363.0	243.0
51648	308431	370.0	245.0
51660	308431	378.0	246.0
51672	308431	387.0	249.0
51684	308431	398.0	253.0
51696	308431	410.0	257.0
51708	308431	425.0	260.0
51720	308431	444.0	266.0
51732	308431	467.0	272.0
51744	308431	497.0	280.0
51756	308431	536.0	291.0
51768	308431	592.0	306.0
51780	308431	674.0	328.0
51792	308431	803.0	363.0
51804	308431	987.0	424.0
51480	308437	336.0	234.0
51492	308437	338.0	235.0
51504	308437	341.0	236.0
51516	308437	345.0	237.0
51528	308437	351.0	239.0
51540	308437	355.0	241.0
51552	308437	360.0	242.0
51564	308437	367.0	243.0
51576	308437	373.0	246.0
51588	308437	381.0	248.0
51600	308437	388.0	250.0
51612	308437	399.0	253.0
51624	308437	411.0	257.0
51636	308437	426.0	261.0
51648	308437	443.0	267.0
51660	308437	463.0	272.0
51672	308437	489.0	281.0
51684	308437	521.0	290.0
51696	308437	565.0	303.0
51708	308437	625.0	322.0
51720	308437	715.0	350.0
51732	308437	859.0	394.0
51744	308437	1005.0	466.0
51576	308469	285.0	229.0
51588	308469	285.6	229.2
51600	308469	287.4	229.8
51612	308469	287.85714285714283	230.92857142857142
51624	308469	287.42857142857144	230.71428571428572
51636	308469	287.0	230.5
51648	308469	286.57142857142856	230.28571428571428
51660	308469	286.14285714285717	230.07142857142858
51672	308469	286.0	230.8421052631579
51684	308469	287.0	232.0
51696	308469	287.0	232.0
51708	308469	287.0	234.0
51720	308469	289.0	234.0
51732	308469	290.0	235.0
51744	308469	291.0	235.0
51756	308469	293.0	237.0
51768	308469	295.0	238.0
51780	308469	298.0	239.0
51792	308469	299.0	240.0
51804	308469	302.0	241.0
51816	308469	304.0	243.0
51828	308469	306.0	245.0
51840	308469	309.0	246.0
51852	308469	313.0	248.0
51864	308469	316.0	250.0
51876	308469	320.0	252.0
51888	308469	325.0	256.0
51900	308469	330.0	258.0
51912	308469	336.0	262.0
51924	308469	341.0	265.0
51936	308469	350.0	271.0
51948	308469	357.0	276.0
51960	308469	368.0	282.0
51972	308469	378.0	290.0
51984	308469	394.0	299.0
51996	308469	413.0	312.0
52008	308469	437.0	328.0
52020	308469	470.0	351.0
52032	308469	517.0	384.0
52044	308469	595.0	437.0
52056	308469	739.0	537.0
52068	308469	905.0	540.0
51588	308471	306.0	236.0
51600	308471	308.0	235.0
51612	308471	311.0	237.0
51624	308471	314.0	238.0
51636	308471	318.0	239.0
51648	308471	320.0	240.0
51660	308471	324.0	241.0
51672	308471	328.0	243.0
51684	308471	334.0	245.0
51696	308471	340.0	247.0
51708	308471	346.0	250.0
51720	308471	352.0	251.0
51732	308471	360.0	254.0
51744	308471	366.0	256.0
51756	308471	375.0	259.0
51768	308471	385.0	264.0
51780	308471	396.0	268.0
51792	308471	411.0	274.0
51804	308471	426.0	281.0
51816	308471	446.0	289.0
51828	308471	471.0	300.0
51840	308471	505.0	315.0
51852	308471	550.0	334.0
51864	308471	618.0	363.0
51876	308471	728.0	411.0
51888	308471	935.0	502.0
51900	308471	992.0	541.0
51636	308487	293.0	233.0
51648	308487	294.0	234.0
51660	308487	298.0	235.0
51672	308487	299.0	235.0
51684	308487	303.0	236.0
51696	308487	305.0	237.0
51708	308487	308.0	238.0
51720	308487	311.0	239.0
51732	308487	314.0	240.0
51744	308487	319.0	241.0
51756	308487	323.0	243.0
51768	308487	327.0	245.0
51780	308487	333.0	247.0
51792	308487	339.0	249.0
51804	308487	344.0	250.0
51816	308487	351.0	253.0
51828	308487	359.0	256.0
51840	308487	368.0	260.0
51852	308487	378.0	263.0
51864	308487	388.0	268.0
51876	308487	401.0	274.0
51888	308487	416.0	280.0
51900	308487	435.0	288.0
51912	308487	458.0	297.0
51924	308487	487.0	310.0
51936	308487	525.0	327.0
51948	308487	578.0	349.0
51960	308487	658.0	383.0
51972	308487	787.0	441.0
51984	308487	982.0	540.0
51660	308497	355.0	238.0
51672	308497	360.0	240.0
51684	308497	365.0	241.0
51696	308497	370.0	243.0
51708	308497	376.0	244.0
51720	308497	384.0	248.0
51732	308497	392.0	249.0
51744	308497	402.0	251.0
51756	308497	413.0	255.0
51768	308497	426.0	259.0
51780	308497	441.0	262.0
51792	308497	458.0	268.0
51804	308497	479.0	274.0
51816	308497	505.0	281.0
51828	308497	539.0	292.0
51840	308497	583.0	305.0
51852	308497	643.0	323.0
51864	308497	732.0	350.0
51876	308497	876.0	393.0
51888	308497	1008.0	467.0
51708	308519	330.0	242.0
51720	308519	334.0	244.0
51732	308519	340.0	245.0
51744	308519	346.0	248.0
51756	308519	349.0	250.0
51768	308519	358.0	253.0
51780	308519	365.0	256.0
51792	308519	375.0	259.0
51804	308519	386.0	263.0
51816	308519	396.0	268.0
51828	308519	409.0	273.0
51840	308519	426.0	280.0
51852	308519	444.0	287.0
51864	308519	468.0	297.0
51876	308519	498.0	311.0
51888	308519	538.0	328.0
51900	308519	597.0	354.0
51912	308519	688.0	391.0
51924	308519	841.0	457.0
51936	308519	992.0	542.0
51756	308547	333.0	227.0
51768	308547	335.25	228.5
51780	308547	340.0	229.0
51792	308547	343.0	229.0
51804	308547	346.0	231.0
51816	308547	351.0	232.0
51828	308547	355.0	233.0
51840	308547	360.0	234.0
51852	308547	365.0	235.0
51864	308547	371.0	237.0
51876	308547	377.0	238.0
51888	308547	384.0	240.0
51900	308547	393.0	243.0
51912	308547	402.0	245.0
51924	308547	414.0	248.0
51936	308547	425.0	251.0
51948	308547	440.0	255.0
51960	308547	457.0	258.0
51972	308547	479.0	263.0
51984	308547	504.0	270.0
51996	308547	537.0	278.0
52008	308547	580.0	288.0
52020	308547	640.0	302.0
52032	308547	726.0	324.0
52044	308547	861.0	357.0
52056	308547	997.0	406.0
51792	308560	367.5	231.5
51804	308560	373.0	232.0
51816	308560	379.0	234.0
51828	308560	385.0	236.0
51840	308560	391.0	236.0
51852	308560	399.0	238.0
51864	308560	406.0	239.0
51876	308560	415.0	242.0
51888	308560	427.0	245.0
51900	308560	439.0	247.0
51912	308560	453.0	250.0
51924	308560	469.0	253.0
51936	308560	487.0	256.0
51948	308560	510.0	261.0
51960	308560	538.0	266.0
51972	308560	573.0	274.0
51984	308560	619.0	283.0
51996	308560	680.0	295.0
52008	308560	766.0	313.0
52020	308560	894.0	339.0
51804	308568	277.1111111111111	226.0
51816	308568	279.0	227.0
51828	308568	281.0	228.0
51840	308568	280.0	228.0
51852	308568	280.0	228.0
51864	308568	281.0	229.0
51876	308568	282.0	229.0
51888	308568	282.0	230.0
51900	308568	282.0	231.0
51912	308568	283.0	232.0
51924	308568	284.0	233.0
51936	308568	285.0	233.0
51948	308568	286.0	234.0
51960	308568	286.0	235.0
51972	308568	288.0	236.0
51984	308568	289.0	236.0
51996	308568	291.0	237.0
52008	308568	292.0	238.0
52020	308568	294.0	239.0
52032	308568	295.0	240.0
52044	308568	298.0	242.0
52056	308568	300.0	243.0
52068	308568	302.0	245.0
52080	308568	307.0	247.0
52092	308568	310.0	250.0
52104	308568	313.0	251.0
52116	308568	319.0	253.0
52128	308568	325.0	257.0
52140	308568	330.0	261.0
52152	308568	337.0	265.0
52164	308568	346.0	269.0
52176	308568	356.0	275.0
52188	308568	367.0	283.0
52200	308568	381.0	291.0
52212	308568	399.0	303.0
52224	308568	423.0	317.0
52236	308568	457.0	339.0
52248	308568	505.0	369.0
52260	308568	583.0	421.0
52272	308568	741.0	522.0
52284	308568	923.0	540.0
51804	308575	325.0	238.0
51816	308575	329.0	239.0
51828	308575	335.0	242.0
51840	308575	339.0	243.0
51852	308575	344.0	245.0
51864	308575	349.0	247.0
51876	308575	358.0	249.0
51888	308575	366.0	252.0
51900	308575	374.0	255.0
51912	308575	384.0	259.0
51924	308575	394.0	264.0
51936	308575	407.0	268.0
51948	308575	425.0	275.0
51960	308575	444.0	283.0
51972	308575	469.0	293.0
51984	308575	502.0	305.0
51996	308575	545.0	323.0
52008	308575	609.0	349.0
52020	308575	709.0	390.0
52032	308575	885.0	462.0
52044	308575	1000.0	540.0
51852	308591	334.0	232.0
51864	308591	338.0	234.0
51876	308591	342.0	235.0
51888	308591	346.0	236.0
51900	308591	351.0	237.0
51912	308591	356.0	238.0
51924	308591	362.0	240.0
51936	308591	368.0	243.0
51948	308591	375.0	245.0
51960	308591	384.0	247.0
51972	308591	392.0	250.0
51984	308591	404.0	253.0
51996	308591	416.0	256.0
52008	308591	432.0	261.0
52020	308591	450.0	267.0
52032	308591	473.0	274.0
52044	308591	501.0	282.0
52056	308591	538.0	294.0
52068	308591	589.0	309.0
52080	308591	664.0	332.0
52092	308591	781.0	367.0
52104	308591	973.0	433.0
51864	308596	305.3529411764706	235.0
51876	308596	308.0	236.0
51888	308596	311.0	238.0
51900	308596	312.0	237.0
51912	308596	317.0	239.0
51924	308596	322.0	241.0
51936	308596	326.0	242.0
51948	308596	332.0	245.0
51960	308596	336.0	245.0
51972	308596	342.0	248.0
51984	308596	349.0	251.0
51996	308596	357.0	253.0
52008	308596	365.0	256.0
52020	308596	373.0	259.0
52032	308596	382.0	262.0
52044	308596	393.0	268.0
52056	308596	407.0	272.0
52068	308596	422.0	279.0
52080	308596	441.0	287.0
52092	308596	464.0	296.0
52104	308596	494.0	308.0
52116	308596	535.0	325.0
52128	308596	591.0	350.0
52140	308596	677.0	386.0
52152	308596	824.0	449.0
52164	308596	992.0	542.0
51972	308649	336.0	240.0
51984	308649	335.0	242.0
51996	308649	342.0	244.0
52008	308649	348.0	245.0
52020	308649	353.0	247.0
52032	308649	359.0	249.0
52044	308649	366.0	251.0
52056	308649	372.0	254.0
52068	308649	380.0	257.0
52080	308649	389.0	261.0
52092	308649	399.0	265.0
52104	308649	411.0	270.0
52116	308649	425.0	275.0
52128	308649	441.0	283.0
52140	308649	462.0	291.0
52152	308649	487.0	302.0
52164	308649	521.0	315.0
52176	308649	564.0	334.0
52188	308649	627.0	359.0
52200	308649	723.0	400.0
52212	308649	885.0	468.0
51996	308653	307.0	232.0
52008	308653	308.0	234.0
52020	308653	311.0	234.0
52032	308653	314.0	235.0
52044	308653	317.0	236.0
52056	308653	320.0	239.0
52068	308653	323.0	239.0
52080	308653	329.0	240.0
52092	308653	332.0	243.0
52104	308653	338.0	244.0
52116	308653	342.0	246.0
52128	308653	349.0	248.0
52140	308653	355.0	250.0
52152	308653	364.0	254.0
52164	308653	372.0	257.0
52176	308653	382.0	261.0
52188	308653	394.0	266.0
52200	308653	407.0	271.0
52212	308653	422.0	277.0
52224	308653	442.0	286.0
52236	308653	467.0	295.0
52248	308653	501.0	312.0
52260	308653	541.0	323.0
52272	308653	611.0	352.0
52284	308653	716.0	400.0
52296	308653	906.0	481.0
52308	308653	1002.0	541.0
52032	308663	261.4	225.0
52044	308663	263.0	226.0
52056	308663	264.0	226.0
52068	308663	264.0	226.0
52080	308663	264.0	226.0
52092	308663	265.0	227.0
52104	308663	265.0	227.0
52116	308663	265.0	227.0
52128	308663	267.0	228.0
52140	308663	267.0	228.0
52152	308663	267.0	228.0
52164	308663	267.0	229.0
52176	308663	268.0	230.0
52188	308663	269.0	230.0
52200	308663	269.0	230.0
52212	308663	270.0	231.0
52224	308663	270.0	231.0
52236	308663	271.0	232.0
52248	308663	270.0	232.0
52260	308663	271.0	233.0
52272	308663	272.0	234.0
52284	308663	273.0	234.0
52296	308663	275.0	235.0
52308	308663	275.0	236.0
52320	308663	276.0	237.0
52332	308663	277.0	238.0
52344	308663	280.0	239.0
52356	308663	281.0	240.0
52368	308663	283.0	240.0
52380	308663	287.0	242.0
52392	308663	289.0	243.0
52404	308663	293.0	244.0
52416	308663	296.0	246.0
52428	308663	300.0	248.0
52440	308663	303.0	249.0
52452	308663	308.0	251.0
52464	308663	313.0	253.0
52476	308663	318.0	256.0
52488	308663	323.0	258.0
52500	308663	328.0	262.0
52512	308663	334.0	265.0
52524	308663	343.0	270.0
52536	308663	351.0	275.0
52548	308663	360.0	279.0
52560	308663	371.0	287.0
52572	308663	385.0	295.0
52584	308663	402.0	305.0
52596	308663	423.0	318.0
52608	308663	451.0	336.0
52620	308663	488.0	360.0
52632	308663	544.0	394.0
52644	308663	633.0	452.0
52656	308663	791.0	541.0
52668	308663	933.0	539.0
52092	308693	360.0	234.0
52104	308693	362.0	235.0
52116	308693	368.0	236.0
52128	308693	373.0	237.0
52140	308693	380.0	238.0
52152	308693	386.0	240.0
52164	308693	394.0	242.0
52176	308693	402.0	245.0
52188	308693	412.0	246.0
52200	308693	422.0	250.0
52212	308693	435.0	252.0
52224	308693	450.0	256.0
52236	308693	465.0	259.0
52248	308693	486.0	265.0
52260	308693	510.0	270.0
52272	308693	540.0	278.0
52284	308693	578.0	286.0
52296	308693	628.0	299.0
52308	308693	697.0	316.0
52320	308693	797.0	341.0
52332	308693	953.0	379.0
52116	308697	352.0	229.0
52128	308697	357.3333333333333	231.0
52140	308697	363.0	232.0
52152	308697	369.0	233.0
52164	308697	377.25	235.0
52176	308697	383.0	236.0
52188	308697	392.0	237.0
52200	308697	402.0	240.0
52212	308697	413.0	241.0
52224	308697	426.0	244.0
52236	308697	442.0	246.0
52248	308697	458.0	250.0
52260	308697	479.0	254.0
52272	308697	501.0	258.0
52284	308697	530.0	264.0
52296	308697	567.0	271.0
52308	308697	614.0	281.0
52320	308697	678.0	293.0
52332	308697	765.0	312.0
52344	308697	901.0	338.0
52116	308698	325.6	236.8
52128	308698	329.0	238.0
52140	308698	334.0	238.0
52152	308698	338.0	240.0
52164	308698	343.0	242.0
52176	308698	348.0	244.0
52188	308698	353.0	248.0
52200	308698	359.0	250.0
52212	308698	367.0	253.0
52224	308698	375.0	256.0
52236	308698	387.0	261.0
52248	308698	396.0	266.0
52260	308698	409.0	271.0
52272	308698	425.0	278.0
52284	308698	444.0	286.0
52296	308698	469.0	297.0
52308	308698	502.0	311.0
52320	308698	548.0	330.0
52332	308698	616.0	359.0
52344	308698	723.0	404.0
52356	308698	925.0	490.0
52368	308698	1001.0	541.0
52188	308721	308.0	231.0
52200	308721	309.8333333333333	231.0
52212	308721	310.75	232.16666666666666
52224	308721	314.0	233.0
52236	308721	315.0	235.0
52248	308721	317.0	236.0
52260	308721	319.0	236.0
52272	308721	321.0	237.0
52284	308721	325.0	238.0
52296	308721	328.0	240.0
52308	308721	332.0	241.0
52320	308721	335.0	243.0
52332	308721	340.0	245.0
52344	308721	344.0	247.0
52356	308721	351.0	250.0
52368	308721	359.0	252.0
52380	308721	367.0	256.0
52392	308721	376.0	259.0
52404	308721	387.0	265.0
52416	308721	400.0	270.0
52428	308721	417.0	277.0
52440	308721	436.0	285.0
52452	308721	461.0	296.0
52464	308721	495.0	310.0
52476	308721	543.0	330.0
52488	308721	613.0	360.0
52500	308721	730.0	409.0
52512	308721	952.0	506.0
52200	308729	337.0	235.0
52212	308729	340.0	235.0
52224	308729	344.0	236.0
52236	308729	348.0	237.0
52248	308729	354.0	239.0
52260	308729	358.0	240.0
52272	308729	362.0	242.0
52284	308729	368.0	244.0
52296	308729	375.0	246.0
52308	308729	382.0	248.0
52320	308729	390.0	250.0
52332	308729	399.0	253.0
52344	308729	410.0	257.0
52356	308729	422.0	261.0
52368	308729	437.0	265.0
52380	308729	453.0	270.0
52392	308729	476.0	277.0
52404	308729	503.0	286.0
52416	308729	538.0	296.0
52428	308729	584.0	311.0
52440	308729	651.0	332.0
52452	308729	753.0	364.0
52464	308729	920.0	417.0
52248	308750	336.0	234.0
52260	308750	340.0	236.0
52272	308750	343.0	236.0
52284	308750	347.0	237.0
52296	308750	353.0	240.0
52308	308750	357.0	240.0
52320	308750	361.0	241.0
52332	308750	369.0	244.0
52344	308750	375.0	246.0
52356	308750	382.0	249.0
52368	308750	391.0	250.0
52380	308750	402.0	254.0
52392	308750	414.0	257.0
52404	308750	428.0	261.0
52416	308750	443.0	266.0
52428	308750	462.0	272.0
52440	308750	486.0	279.0
52452	308750	517.0	288.0
52464	308750	555.0	300.0
52476	308750	609.0	317.0
52488	308750	688.0	341.0
52500	308750	810.0	378.0
52512	308750	986.0	452.0
52260	308763	296.0	233.0
52272	308763	299.0	234.0
52284	308763	303.0	235.0
52296	308763	305.0	235.0
52308	308763	309.0	237.0
52320	308763	314.0	237.0
52332	308763	316.0	239.0
52344	308763	321.0	240.0
52356	308763	324.0	241.0
52368	308763	330.0	243.0
52380	308763	336.0	244.0
52392	308763	343.0	248.0
52404	308763	350.0	250.0
52416	308763	356.0	253.0
52428	308763	365.0	256.0
52440	308763	375.0	259.0
52452	308763	386.0	264.0
52464	308763	399.0	269.0
52476	308763	414.0	276.0
52488	308763	435.0	284.0
52500	308763	461.0	293.0
52512	308763	492.0	308.0
52524	308763	538.0	327.0
52536	308763	606.0	356.0
52548	308763	717.0	404.0
52560	308763	931.0	496.0
52380	308813	314.0	235.0
52392	308813	317.0	236.0
52404	308813	322.5	236.91666666666666
52416	308813	325.0	238.0
52428	308813	331.0	239.0
52440	308813	336.0	239.0
52452	308813	341.0	241.0
52464	308813	346.0	244.0
52476	308813	355.0	245.0
52488	308813	362.0	247.0
52500	308813	373.0	248.0
52512	308813	384.0	250.0
52524	308813	394.0	254.0
52536	308813	406.0	258.0
52548	308813	420.0	261.0
52560	308813	434.0	265.0
52572	308813	451.0	271.0
52584	308813	472.0	277.0
52596	308813	496.0	284.0
52608	308813	526.0	293.0
52620	308813	566.0	306.0
52632	308813	619.0	322.0
52644	308813	696.0	346.0
52656	308813	814.0	383.0
52668	308813	982.0	447.0
52476	308850	322.0	241.0
52488	308850	327.6666666666667	242.33333333333334
52500	308850	331.6666666666667	244.0
52512	308850	336.0	246.0
52524	308850	342.0	249.0
52536	308850	350.0	252.0
52548	308850	354.5	249.0
52560	308850	363.0	253.0
52572	308850	371.0	256.0
52584	308850	379.0	259.0
52596	308850	386.0	262.0
52608	308850	395.0	266.0
52620	308850	405.0	269.0
52632	308850	417.0	275.0
52644	308850	431.0	280.0
52656	308850	447.5	286.5
52668	308850	457.25	285.5
52680	308850	484.0	288.0
52692	308850	523.0	312.0
52704	308850	567.0	335.0
52716	308850	622.0	359.0
52728	308850	703.0	394.0
52740	308850	836.0	453.0
52752	308850	988.0	542.0
52512	308864	312.0	238.0
52524	308864	312.0	240.0
52536	308864	312.0	241.0
52548	308864	312.0	244.0
52560	308864	311.0	246.0
52572	308864	314.0	247.0
52584	308864	317.0	248.0
52596	308864	320.0	250.0
52608	308864	324.0	253.0
52620	308864	329.0	256.0
52632	308864	334.0	259.0
52644	308864	339.0	262.0
52656	308864	344.0	265.0
52668	308864	352.0	270.0
52680	308864	360.0	275.0
52692	308864	369.0	281.0
52704	308864	381.0	288.0
52716	308864	395.0	297.0
52728	308864	413.0	309.0
52740	308864	436.0	324.0
52752	308864	469.0	345.0
52764	308864	514.0	375.0
52776	308864	587.0	423.0
52788	308864	722.0	511.0
52800	308864	901.0	540.0
52548	308881	333.0	232.5
52560	308881	337.3333333333333	234.0
52572	308881	340.0	235.33333333333334
52584	308881	344.0	236.0
52596	308881	348.25	237.25
52608	308881	352.0	238.0
52620	308881	358.0	239.0
52632	308881	364.0	241.0
52644	308881	370.0	244.0
52656	308881	377.0	246.0
52668	308881	384.0	249.0
52680	308881	395.0	251.0
52692	308881	405.0	255.0
52704	308881	418.0	259.0
52716	308881	431.0	262.0
52728	308881	449.0	268.0
52740	308881	470.0	275.0
52752	308881	496.0	283.0
52764	308881	530.0	293.0
52776	308881	576.0	308.0
52788	308881	641.0	329.0
52800	308881	742.0	359.0
52812	308881	906.0	411.0
52620	308924	336.0	241.0
52632	308924	340.0	241.0
52644	308924	343.0	244.0
52656	308924	346.0	245.0
52668	308924	349.0	245.0
52680	308924	354.0	247.0
52692	308924	361.0	249.0
52704	308924	367.0	253.0
52716	308924	373.0	256.0
52728	308924	379.0	260.0
52740	308924	386.0	262.0
52752	308924	398.0	267.0
52764	308924	406.0	267.0
52776	308924	418.0	268.0
52788	308924	430.0	270.0
52800	308924	455.0	287.0
52812	308924	477.0	300.0
52824	308924	504.0	314.0
52836	308924	540.0	330.0
52848	308924	590.0	352.0
52860	308924	662.0	384.0
52872	308924	773.0	436.0
52884	308924	963.0	526.0
52896	308924	990.0	540.0
52680	308964	288.0	233.0
52692	308964	290.0	234.0
52704	308964	292.0	235.0
52716	308964	292.0	235.0
52728	308964	294.0	236.0
52740	308964	296.0	238.0
52752	308964	298.0	237.0
52764	308964	299.0	239.0
52776	308964	300.0	240.0
52788	308964	302.0	241.0
52800	308964	303.0	242.0
52812	308964	308.0	243.0
52824	308964	308.0	245.0
52836	308964	311.0	246.0
52848	308964	314.0	248.0
52860	308964	317.0	250.0
52872	308964	319.0	252.0
52884	308964	323.0	254.0
52896	308964	327.0	257.0
52908	308964	331.0	260.0
52920	308964	335.0	263.0
52932	308964	341.0	267.0
52944	308964	347.0	271.0
52956	308964	354.0	276.0
52968	308964	364.0	283.0
52980	308964	373.0	290.0
52992	308964	386.0	299.0
53004	308964	401.0	310.0
53016	308964	421.0	325.0
53028	308964	448.0	346.0
53040	308964	486.0	373.0
53052	308964	546.0	415.0
53064	308964	647.0	489.0
53076	308964	793.0	541.0
52704	308983	337.0	244.0
52716	308983	341.0	246.0
52728	308983	347.0	250.0
52740	308983	354.0	252.0
52752	308983	359.0	254.0
52764	308983	365.0	256.0
52776	308983	372.0	259.0
52788	308983	382.0	264.0
52800	308983	392.0	268.0
52812	308983	403.0	271.0
52824	308983	416.0	278.0
52836	308983	431.0	284.0
52848	308983	449.0	291.0
52860	308983	472.0	300.0
52872	308983	500.0	312.0
52884	308983	536.0	328.0
52896	308983	584.0	348.0
52908	308983	655.0	378.0
52920	308983	762.0	423.0
52932	308983	942.0	501.0
52944	308983	997.0	541.0
52716	308988	323.0	236.0
52728	308988	326.0	238.0
52740	308988	329.0	239.0
52752	308988	333.0	240.0
52764	308988	336.0	241.0
52776	308988	340.0	243.0
52788	308988	344.0	244.0
52800	308988	348.0	246.0
52812	308988	353.0	249.0
52824	308988	358.0	250.0
52836	308988	365.0	253.0
52848	308988	370.0	256.0
52860	308988	378.0	258.0
52872	308988	387.0	262.0
52884	308988	397.0	265.0
52896	308988	408.0	270.0
52908	308988	420.0	275.0
52920	308988	435.0	281.0
52932	308988	454.0	288.0
52944	308988	475.0	298.0
52956	308988	504.0	309.0
52968	308988	540.0	323.0
52980	308988	591.0	344.0
52992	308988	660.0	373.0
53004	308988	769.0	417.0
53016	308988	953.0	495.0
53028	308988	1003.0	540.0
52752	309004	234.0	217.0
52764	309004	236.5	217.5
52776	309004	239.25	219.20833333333334
52788	309004	242.25	219.70833333333334
52800	309004	244.0	220.0
52812	309004	247.0	219.0
52824	309004	249.3846153846154	221.0
52836	309004	251.0	221.0
52848	309004	254.0	222.0
52860	309004	256.0	222.5
52872	309004	259.0	222.0
52884	309004	260.0	223.0
52896	309004	261.3	223.0
52908	309004	264.0	223.0
52920	309004	266.0	224.0
52932	309004	267.72	224.0
52944	309004	269.16	224.0
52956	309004	270.0	224.0
52968	309004	272.0	225.0
52980	309004	273.0	225.0
52992	309004	275.0	225.0
53004	309004	276.0	226.0
53016	309004	276.2	226.06666666666666
53028	309004	277.4	226.46666666666667
53040	309004	278.6	226.86666666666667
53052	309004	280.0	227.0
53064	309004	281.0	228.0
53076	309004	281.0	228.0
53088	309004	282.0	227.0
53100	309004	284.0	229.0
53112	309004	284.0	230.0
53124	309004	285.0	230.0
53136	309004	287.0	231.0
53148	309004	289.0	231.0
53160	309004	291.0	232.0
53172	309004	291.0	233.0
53184	309004	293.0	234.0
53196	309004	294.0	235.0
53208	309004	296.0	236.0
53220	309004	298.0	237.0
53232	309004	301.0	238.0
53244	309004	301.0	238.0
53256	309004	306.0	240.0
53268	309004	310.0	242.0
53280	309004	314.0	245.0
53292	309004	316.0	246.0
53304	309004	321.0	247.0
53316	309004	326.0	250.0
53328	309004	332.0	253.0
53340	309004	340.0	256.0
53352	309004	348.0	260.0
53364	309004	356.0	263.0
53376	309004	369.0	269.0
53388	309004	382.0	275.0
53400	309004	398.0	282.0
53412	309004	419.0	292.0
53424	309004	444.0	303.0
53436	309004	478.0	320.0
53448	309004	527.0	342.0
53460	309004	597.0	376.0
53472	309004	721.0	434.0
53484	309004	951.0	541.0
53496	309004	976.0	539.0
52800	309038	320.0	235.0
52812	309038	323.0	235.0
52824	309038	325.0	237.0
52836	309038	327.0	238.0
52848	309038	331.0	239.0
52860	309038	334.0	240.0
52872	309038	337.0	241.0
52884	309038	341.0	243.0
52896	309038	345.0	245.0
52908	309038	350.0	247.0
52920	309038	355.0	249.0
52932	309038	361.0	251.0
52944	309038	368.0	254.0
52956	309038	375.0	257.0
52968	309038	384.0	260.0
52980	309038	393.0	264.0
52992	309038	405.0	268.0
53004	309038	419.0	274.0
53016	309038	435.0	281.0
53028	309038	455.0	288.0
53040	309038	478.0	298.0
53052	309038	507.0	309.0
53064	309038	548.0	325.0
53076	309038	601.0	346.0
53088	309038	680.0	377.0
53100	309038	804.0	427.0
53112	309038	984.0	515.0
52848	309064	289.0	234.08333333333334
52860	309064	289.0	235.0
52872	309064	293.0	235.0
52884	309064	296.0	237.0
52896	309064	297.0	238.0
52908	309064	299.0	239.0
52920	309064	298.0	240.0
52932	309064	303.0	242.0
52944	309064	304.0	243.0
52956	309064	306.0	244.0
52968	309064	309.0	247.0
52980	309064	311.0	249.0
52992	309064	315.0	250.0
53004	309064	319.0	253.0
53016	309064	323.0	255.0
53028	309064	327.0	258.0
53040	309064	332.0	261.0
53052	309064	339.0	265.0
53064	309064	346.0	269.0
53076	309064	355.0	274.0
53088	309064	365.0	281.0
53100	309064	376.0	288.0
53112	309064	390.0	298.0
53124	309064	408.0	309.0
53136	309064	431.0	323.0
53148	309064	463.0	345.0
53160	309064	504.0	373.0
53172	309064	574.0	419.0
53184	309064	693.0	501.0
53196	309064	883.0	539.0
52920	309083	324.0	245.0
52932	309083	329.0	246.0
52944	309083	337.0	248.0
52956	309083	341.0	250.0
52968	309083	347.0	252.0
52980	309083	353.0	255.0
52992	309083	361.0	257.0
53004	309083	369.0	260.0
53016	309083	377.0	264.0
53028	309083	387.0	268.0
53040	309083	397.0	271.0
53052	309083	408.0	276.0
53064	309083	423.0	282.0
53076	309083	439.0	289.0
53088	309083	458.0	297.0
53100	309083	481.0	308.0
53112	309083	510.0	321.0
53124	309083	548.0	337.0
53136	309083	602.0	360.0
53148	309083	676.0	393.0
53160	309083	791.5	445.0
53172	309083	969.0	533.0
52968	309094	325.0	240.0
52980	309094	329.0	242.0
52992	309094	334.0	243.0
53004	309094	337.5	244.5
53016	309094	342.0	245.0
53028	309094	349.0	248.0
53040	309094	354.0	250.0
53052	309094	363.0	253.0
53064	309094	370.0	256.0
53076	309094	378.0	259.0
53088	309094	388.0	263.0
53100	309094	398.0	267.0
53112	309094	411.0	272.0
53124	309094	425.0	278.0
53136	309094	442.0	285.0
53148	309094	464.0	295.0
53160	309094	490.0	307.0
53172	309094	520.0	304.0
53184	309094	563.0	325.0
53196	309094	643.0	359.0
53208	309094	743.0	407.0
53220	309094	912.0	477.0
53232	309094	997.0	541.0
53016	309111	350.0	228.0
53028	309111	353.3333333333333	228.66666666666666
53040	309111	356.0	229.0
53052	309111	359.6	230.0
53064	309111	365.0	231.0
53076	309111	370.0	233.0
53088	309111	376.0	233.0
53100	309111	382.0	234.0
53112	309111	388.0	236.0
53124	309111	397.0	237.0
53136	309111	406.0	239.0
53148	309111	416.0	241.0
53160	309111	427.0	244.0
53172	309111	439.0	247.0
53184	309111	454.0	249.0
53196	309111	472.0	252.0
53208	309111	493.0	257.0
53220	309111	518.0	262.0
53232	309111	549.0	268.0
53244	309111	588.0	275.0
53256	309111	641.0	284.0
53268	309111	712.0	296.0
53280	309111	823.0	320.0
53292	309111	974.0	356.0
53028	309112	301.0	233.0
53040	309112	304.0	235.0
53052	309112	308.0	236.0
53064	309112	310.0	237.0
53076	309112	313.0	238.0
53088	309112	317.0	239.0
53100	309112	320.0	241.0
53112	309112	324.0	242.0
53124	309112	328.0	243.0
53136	309112	333.0	245.0
53148	309112	338.0	246.0
53160	309112	343.0	249.0
53172	309112	349.0	250.0
53184	309112	357.0	253.0
53196	309112	364.0	256.0
53208	309112	371.0	259.0
53220	309112	382.0	263.0
53232	309112	389.0	267.0
53244	309112	403.0	272.0
53256	309112	417.0	279.0
53268	309112	434.0	286.0
53280	309112	456.0	295.0
53292	309112	483.0	307.0
53304	309112	520.0	323.0
53316	309112	569.0	344.0
53328	309112	643.0	376.0
53340	309112	763.0	428.0
53352	309112	967.0	525.0
53040	309120	339.0	236.0
53052	309120	345.0	237.0
53064	309120	348.0	238.0
53076	309120	353.0	239.0
53088	309120	357.0	240.0
53100	309120	364.0	243.0
53112	309120	370.0	244.0
53124	309120	377.0	246.0
53136	309120	386.0	249.0
53148	309120	396.0	252.0
53160	309120	408.0	255.0
53172	309120	421.0	259.0
53184	309120	436.0	264.0
53196	309120	456.0	268.0
53208	309120	478.0	275.0
53220	309120	507.0	284.0
53232	309120	544.0	295.0
53244	309120	594.0	310.0
53256	309120	665.0	331.0
53268	309120	773.0	364.0
53280	309120	953.0	419.0
53088	309140	327.0	229.0
53100	309140	331.0	231.0
53112	309140	333.0	232.0
53124	309140	337.0	233.0
53136	309140	340.0	234.0
53148	309140	344.0	235.0
53160	309140	347.0	237.0
53172	309140	353.0	237.0
53184	309140	357.0	237.0
53196	309140	363.0	238.0
53208	309140	369.0	240.33333333333334
53220	309140	375.0	241.0
53232	309140	385.0	245.0
53244	309140	392.0	248.0
53256	309140	402.0	251.0
53268	309140	412.0	255.0
53280	309140	425.0	257.0
53292	309140	439.0	263.0
53304	309140	457.0	268.0
53316	309140	478.0	274.0
53328	309140	504.0	281.0
53340	309140	535.0	292.0
53352	309140	576.0	304.0
53364	309140	632.0	321.0
53376	309140	713.0	345.0
53388	309140	836.0	383.0
53400	309140	991.0	449.0
53184	309207	334.0	234.0
53196	309207	338.5	235.0
53208	309207	343.0	234.0
53220	309207	346.0	237.0
53232	309207	352.0	238.0
53244	309207	358.0	240.0
53256	309207	364.0	242.0
53268	309207	371.0	244.0
53280	309207	378.0	246.0
53292	309207	387.0	249.0
53304	309207	397.0	252.0
53316	309207	409.0	255.0
53328	309207	422.0	259.0
53340	309207	436.0	264.0
53352	309207	455.0	269.0
53364	309207	476.0	276.0
53376	309207	502.0	283.0
53388	309207	535.0	293.0
53400	309207	577.0	307.0
53412	309207	636.0	325.0
53424	309207	720.0	351.0
53436	309207	852.0	391.0
53448	309207	1003.0	466.0
53232	309220	337.0	234.0
53244	309220	341.0	235.5
53256	309220	345.0	237.0
53268	309220	352.0	238.0
53280	309220	357.0	239.0
53292	309220	361.0	241.0
53304	309220	368.0	244.0
53316	309220	375.0	245.0
53328	309220	384.0	248.0
53340	309220	391.0	250.0
53352	309220	402.0	253.0
53364	309220	415.0	257.0
53376	309220	429.0	261.0
53388	309220	447.0	266.0
53400	309220	466.0	272.0
53412	309220	490.0	280.0
53424	309220	521.0	290.0
53436	309220	561.0	303.0
53448	309220	615.0	319.0
53460	309220	692.0	343.0
53472	309220	813.0	381.0
53484	309220	986.0	450.0
53328	309247	348.0	236.0
53340	309247	353.27272727272725	237.0909090909091
53352	309247	357.6666666666667	239.0
53364	309247	363.90909090909093	241.54545454545453
53376	309247	369.0	243.0
53388	309247	376.0	245.0
53400	309247	385.0	247.0
53412	309247	393.0	250.0
53424	309247	405.0	253.0
53436	309247	418.0	257.0
53448	309247	433.0	262.0
53460	309247	448.0	267.0
53472	309247	471.0	273.0
53484	309247	496.0	281.0
53496	309247	532.0	291.0
53508	309247	576.0	305.0
53520	309247	638.0	324.0
53532	309247	728.0	352.0
53544	309247	880.0	397.0
53556	309247	1004.0	465.0
53340	309248	312.0	233.0
53352	309248	315.0	234.0
53364	309248	316.0	235.0
53376	309248	320.0	236.0
53388	309248	322.0	238.0
53400	309248	325.0	238.0
53412	309248	327.0	240.0
53424	309248	332.0	241.0
53436	309248	335.0	243.0
53448	309248	339.0	244.0
53460	309248	343.0	246.0
53472	309248	348.0	247.0
53484	309248	354.0	250.0
53496	309248	359.0	251.0
53508	309248	366.0	255.0
53520	309248	372.0	258.0
53532	309248	381.0	262.0
53544	309248	390.0	266.0
53556	309248	401.0	270.0
53568	309248	413.0	275.0
53580	309248	427.0	281.0
53592	309248	445.0	289.0
53604	309248	466.0	297.0
53616	309248	492.0	308.0
53628	309248	527.0	324.0
53640	309248	574.0	344.0
53652	309248	640.0	371.0
53664	309248	742.0	415.0
53676	309248	913.0	490.0
53688	309248	993.0	541.0
53352	309252	329.0	238.0
53364	309252	332.0	240.0
53376	309252	335.0	242.0
53388	309252	339.0	243.0
53400	309252	342.0	244.0
53412	309252	347.0	246.0
53424	309252	352.0	247.0
53436	309252	357.0	250.0
53448	309252	363.0	252.0
53460	309252	369.0	255.0
53472	309252	376.0	258.0
53484	309252	385.0	261.0
53496	309252	393.0	264.0
53508	309252	404.0	269.0
53520	309252	417.0	274.0
53532	309252	430.0	280.0
53544	309252	447.0	287.0
53556	309252	468.0	296.0
53568	309252	494.0	307.0
53580	309252	527.0	321.0
53592	309252	572.0	340.0
53604	309252	636.0	367.0
53616	309252	732.0	408.0
53628	309252	896.0	478.0
53640	309252	994.0	541.0
53388	309261	300.0	228.0
53400	309261	300.0	228.0
53412	309261	302.25	228.75
53424	309261	305.0	230.0
53436	309261	305.0	229.0
53448	309261	307.0	231.0
53460	309261	308.1	231.0
53472	309261	310.0	231.0
53484	309261	314.0	232.0
53496	309261	315.0	235.0
53508	309261	316.0	236.0
53520	309261	319.0	236.0
53532	309261	323.0	236.0
53544	309261	325.0	239.0
53556	309261	327.0	239.0
53568	309261	331.0	241.0
53580	309261	333.0	242.0
53592	309261	338.0	244.0
53604	309261	343.0	246.0
53616	309261	347.0	247.0
53628	309261	351.0	249.0
53640	309261	358.0	252.0
53652	309261	366.0	255.0
53664	309261	373.0	258.0
53676	309261	382.0	262.0
53688	309261	391.0	267.0
53700	309261	404.0	272.0
53712	309261	418.0	278.0
53724	309261	436.0	285.0
53736	309261	457.0	294.0
53748	309261	484.0	306.0
53760	309261	522.0	322.0
53772	309261	572.0	345.0
53784	309261	646.0	378.0
53796	309261	770.0	434.0
53808	309261	976.0	538.0
53436	309277	354.0	228.5
53448	309277	356.6666666666667	228.33333333333334
53460	309277	361.0	228.0
53472	309277	366.0	232.0
53484	309277	371.0	232.0
53496	309277	375.0	232.0
53508	309277	382.0	234.0
53520	309277	387.0	235.0
53532	309277	396.0	237.0
53544	309277	402.0	238.0
53556	309277	412.0	240.0
53568	309277	422.0	243.0
53580	309277	434.0	244.0
53592	309277	446.0	247.0
53604	309277	462.0	250.0
53616	309277	479.0	253.0
53628	309277	500.0	257.0
53640	309277	527.0	263.0
53652	309277	559.0	269.0
53664	309277	600.0	278.0
53676	309277	657.0	289.0
53688	309277	734.0	304.0
53700	309277	846.0	327.0
53712	309277	984.0	362.0
53496	309308	345.6666666666667	229.66666666666666
53508	309308	348.8	231.8
53520	309308	353.0	232.0
53532	309308	356.0	233.0
53544	309308	362.0	234.0
53556	309308	366.0	236.0
53568	309308	372.0	237.0
53580	309308	379.0	238.0
53592	309308	386.0	240.0
53604	309308	394.0	241.0
53616	309308	403.0	244.0
53628	309308	414.0	246.0
53640	309308	426.0	249.0
53652	309308	439.0	252.0
53664	309308	456.0	255.0
53676	309308	475.0	260.0
53688	309308	498.0	266.0
53700	309308	527.0	273.0
53712	309308	564.0	281.0
53724	309308	613.0	292.0
53736	309308	683.0	309.0
53748	309308	783.0	333.0
53760	309308	947.0	371.0
53544	309329	302.6666666666667	227.0
53556	309329	304.0	228.0
53568	309329	304.35714285714283	228.35714285714286
53580	309329	306.0	229.0
53592	309329	308.1111111111111	229.37037037037038
53604	309329	309.44444444444446	229.8148148148148
53616	309329	311.0	231.0
53628	309329	313.0	232.0
53640	309329	314.0	232.0
53652	309329	316.0	233.0
53664	309329	318.0	233.0
53676	309329	321.0	234.0
53688	309329	323.0	235.0
53700	309329	327.0	236.0
53712	309329	329.0	237.0
53724	309329	331.0	238.0
53736	309329	335.0	239.0
53748	309329	339.0	241.0
53760	309329	343.0	243.0
53772	309329	348.0	244.0
53784	309329	351.0	245.0
53796	309329	357.0	249.0
53808	309329	363.0	251.0
53820	309329	370.0	253.0
53832	309329	377.0	256.0
53844	309329	386.0	260.0
53856	309329	395.0	264.0
53868	309329	407.0	268.0
53880	309329	420.0	273.0
53892	309329	436.0	280.0
53904	309329	456.0	288.0
53916	309329	480.0	299.0
53928	309329	513.0	312.0
53940	309329	554.0	328.0
53952	309329	613.0	354.0
53964	309329	703.0	391.0
53976	309329	858.0	454.0
53988	309329	978.0	528.0
54000	309329	987.0	540.0
54012	309329	986.0	539.0
54024	309329	996.0	535.0
54036	309329	1019.0	506.0
53592	309345	353.04761904761904	233.76190476190476
53604	309345	357.6190476190476	234.9047619047619
53616	309345	360.0	235.0
53628	309345	367.0	236.0
53640	309345	372.0	238.0
53652	309345	381.0	238.0
53664	309345	389.0	239.0
53676	309345	398.0	244.0
53688	309345	404.0	245.0
53700	309345	417.0	247.0
53712	309345	430.0	250.0
53724	309345	443.0	254.0
53736	309345	458.0	257.0
53748	309345	479.0	263.0
53760	309345	505.0	269.0
53772	309345	538.0	277.0
53784	309345	580.0	287.0
53796	309345	637.0	301.0
53808	309345	722.0	322.0
53820	309345	850.0	353.0
53832	309345	998.0	407.0
53628	309362	350.0	227.0
53640	309362	353.72727272727275	228.54545454545453
53652	309362	358.0	229.0
53664	309362	360.0	229.0
53676	309362	367.0	231.0
53688	309362	369.0	232.0
53700	309362	374.0	232.0
53712	309362	381.0	234.0
53724	309362	386.0	234.0
53736	309362	393.0	236.0
53748	309362	400.0	237.0
53760	309362	409.0	238.0
53772	309362	419.0	240.0
53784	309362	431.0	243.0
53796	309362	444.0	247.0
53808	309362	458.0	250.0
53820	309362	475.0	252.0
53832	309362	497.0	256.0
53844	309362	523.0	262.0
53856	309362	554.0	268.0
53868	309362	594.0	275.0
53880	309362	646.0	285.0
53892	309362	718.0	299.0
53904	309362	820.0	320.0
53916	309362	968.0	352.0
53640	309366	332.0	228.0
53652	309366	335.0	228.0
53664	309366	338.0	229.0
53676	309366	341.0	230.0
53688	309366	344.0	231.0
53700	309366	348.0	232.0
53712	309366	353.0	232.0
53724	309366	358.0	233.0
53736	309366	363.0	234.0
53748	309366	369.0	236.0
53760	309366	375.0	237.0
53772	309366	382.0	238.0
53784	309366	390.0	241.0
53796	309366	400.0	244.0
53808	309366	411.0	247.0
53820	309366	422.0	249.0
53832	309366	437.0	252.0
53844	309366	453.0	256.0
53856	309366	474.0	262.0
53868	309366	499.0	267.0
53880	309366	531.0	275.0
53892	309366	573.0	285.0
53904	309366	630.0	299.0
53916	309366	713.0	320.0
53928	309366	843.0	352.0
53940	309366	1000.0	409.0
53772	309399	312.0	232.0
53784	309399	312.875	232.0
53796	309399	315.0	233.0
53808	309399	318.0	235.0
53820	309399	320.0	236.0
53832	309399	323.0	236.0
53844	309399	328.0	239.0
53856	309399	330.0	239.0
53868	309399	334.0	241.0
53880	309399	337.0	242.0
53892	309399	341.0	244.0
53904	309399	346.0	246.0
53916	309399	350.0	248.0
53928	309399	356.0	250.0
53940	309399	363.0	251.0
53952	309399	369.0	255.0
53964	309399	377.0	258.0
53976	309399	386.0	262.0
53988	309399	396.0	266.0
54000	309399	407.0	271.0
54012	309399	422.0	277.0
54024	309399	440.0	284.0
54036	309399	460.0	293.0
54048	309399	487.0	304.0
54060	309399	522.0	318.0
54072	309399	570.0	339.0
54084	309399	640.0	367.0
54096	309399	750.0	413.0
54108	309399	940.0	492.0
54120	309399	1004.0	540.0
53796	309407	303.6	229.3
53808	309407	305.3333333333333	230.11111111111111
53820	309407	307.2857142857143	230.14285714285714
53832	309407	310.7142857142857	231.85714285714286
53844	309407	312.14285714285717	232.07142857142858
53856	309407	313.85714285714283	232.92857142857142
53868	309407	317.0	234.0
53880	309407	318.0	235.0
53892	309407	320.0	235.0
53904	309407	324.0	237.0
53916	309407	326.0	238.0
53928	309407	329.0	240.0
53940	309407	333.0	241.0
53952	309407	337.0	243.0
53964	309407	343.0	245.0
53976	309407	347.0	248.0
53988	309407	353.0	249.0
54000	309407	360.0	252.0
54012	309407	367.0	256.0
54024	309407	374.0	258.0
54036	309407	385.0	262.0
54048	309407	395.0	267.0
54060	309407	408.0	272.0
54072	309407	424.0	279.0
54084	309407	443.0	287.0
54096	309407	467.0	297.0
54108	309407	499.0	311.0
54120	309407	543.0	330.0
54132	309407	606.0	357.0
54144	309407	705.0	399.0
54156	309407	880.0	475.0
54168	309407	989.0	542.0
53940	309432	318.3333333333333	236.66666666666666
53952	309432	322.3333333333333	238.0
53964	309432	324.0	238.0
53976	309432	329.0	240.0
53988	309432	332.0	241.0
54000	309432	338.0	244.0
54012	309432	341.0	246.0
54024	309432	347.0	247.0
54036	309432	353.0	249.0
54048	309432	361.0	252.0
54060	309432	369.0	255.0
54072	309432	377.0	258.0
54084	309432	388.0	262.0
54096	309432	400.0	266.0
54108	309432	414.0	272.0
54120	309432	431.0	279.0
54132	309432	452.0	288.0
54144	309432	479.0	299.0
54156	309432	513.0	312.0
54168	309432	562.0	332.0
54180	309432	632.0	361.0
54192	309432	743.0	407.0
54204	309432	946.0	491.0
53952	309439	230.0	219.0
53964	309439	231.0	219.0
53976	309439	233.0	219.0
53988	309439	235.0	219.0
54000	309439	237.0	220.0
54012	309439	240.0	221.0
54024	309439	242.0	221.0
54036	309439	243.0	221.0
54048	309439	245.0	221.0
54060	309439	247.0	222.0
54072	309439	251.0	221.0
54084	309439	252.0	223.0
54096	309439	253.0	223.0
54108	309439	255.0	224.0
54120	309439	256.0	224.0
54132	309439	260.0	223.0
54144	309439	263.0	224.0
54156	309439	264.0	224.0
54168	309439	265.0	225.0
54180	309439	268.0	225.0
54192	309439	269.3333333333333	225.0
54204	309439	272.0	225.0
54216	309439	273.0	225.0
54228	309439	274.0	226.0
54240	309439	275.0	226.0
54252	309439	276.0	225.0
54264	309439	278.0	226.0
54276	309439	279.0	227.0
54288	309439	279.0	227.0
54300	309439	280.0	228.0
54312	309439	281.0	228.0
54324	309439	281.0	229.0
54336	309439	282.0	229.0
54348	309439	283.0	229.0
54360	309439	286.0	231.0
54372	309439	287.0	232.0
54384	309439	287.0	232.0
54396	309439	289.0	232.0
54408	309439	289.0	233.0
54420	309439	291.0	234.0
54432	309439	292.0	235.0
54444	309439	294.0	236.0
54456	309439	295.0	236.0
54468	309439	297.0	238.0
54480	309439	300.0	239.0
54492	309439	303.0	241.0
54504	309439	304.0	242.0
54516	309439	307.0	243.0
54528	309439	310.0	246.0
54540	309439	312.0	247.0
54552	309439	317.0	250.0
54564	309439	321.0	251.0
54576	309439	325.0	254.0
54588	309439	331.0	258.0
54600	309439	336.0	262.0
54612	309439	343.0	266.0
54624	309439	352.0	271.0
54636	309439	362.0	277.0
54648	309439	373.0	285.0
54660	309439	388.0	295.0
54672	309439	408.0	307.0
54684	309439	432.0	323.0
54696	309439	466.0	346.0
54708	309439	519.0	380.0
54720	309439	605.0	438.0
54732	309439	773.0	541.0
54744	309439	916.0	540.0
54108	309480	321.0	228.0
54120	309480	322.0	228.45454545454547
54132	309480	324.0	229.0
54144	309480	327.0	230.0
54156	309480	330.27272727272725	230.54545454545453
54168	309480	333.27272727272725	232.0
54180	309480	336.0	233.0
54192	309480	337.0	234.0
54204	309480	342.0	234.0
54216	309480	346.0	236.0
54228	309480	349.0	237.0
54240	309480	355.0	238.0
54252	309480	358.0	239.0
54264	309480	364.0	241.0
54276	309480	371.0	244.0
54288	309480	377.0	244.0
54300	309480	385.0	248.0
54312	309480	393.0	250.0
54324	309480	404.0	253.0
54336	309480	415.0	256.0
54348	309480	429.0	260.0
54360	309480	445.0	265.0
54372	309480	464.0	271.0
54384	309480	487.0	278.0
54396	309480	518.0	288.0
54408	309480	556.0	299.0
54420	309480	611.0	316.0
54432	309480	689.0	340.0
54444	309480	810.0	378.0
54456	309480	985.0	445.0
54132	309489	307.0	230.0
54144	309489	309.0	232.0
54156	309489	309.0	232.0
54168	309489	313.0	233.0
54180	309489	314.0	233.0
54192	309489	316.0	235.0
54204	309489	317.0	235.0
54216	309489	319.0	236.0
54228	309489	323.0	238.0
54240	309489	327.0	240.0
54252	309489	330.0	240.0
54264	309489	333.0	242.0
54276	309489	337.0	243.0
54288	309489	341.0	245.0
54300	309489	347.0	248.0
54312	309489	352.0	249.0
54324	309489	358.0	252.0
54336	309489	365.0	255.0
54348	309489	373.0	259.0
54360	309489	383.0	263.0
54372	309489	393.0	268.0
54384	309489	407.0	273.0
54396	309489	423.0	280.0
54408	309489	442.0	288.0
54420	309489	466.0	298.0
54432	309489	499.0	313.0
54444	309489	544.0	333.0
54456	309489	608.0	361.0
54468	309489	711.0	405.0
54480	309489	894.0	486.0
54492	309489	990.0	541.0
54180	309508	299.0	226.0
54192	309508	300.0	226.0
54204	309508	302.0	227.0
54216	309508	303.0	227.0
54228	309508	304.8	228.0
54240	309508	305.0	229.0
54252	309508	307.0	229.0
54264	309508	309.0	230.0
54276	309508	311.0	231.0
54288	309508	313.0	233.0
54300	309508	315.0	233.0
54312	309508	318.0	234.0
54324	309508	320.0	236.0
54336	309508	324.0	237.0
54348	309508	326.0	239.0
54360	309508	330.0	239.0
54372	309508	334.0	242.0
54384	309508	339.0	243.0
54396	309508	344.0	245.0
54408	309508	349.0	248.0
54420	309508	355.0	250.0
54432	309508	364.0	254.0
54444	309508	373.0	257.0
54456	309508	383.0	261.0
54468	309508	395.0	265.0
54480	309508	412.0	271.0
54492	309508	429.0	280.0
54504	309508	453.0	289.0
54516	309508	484.0	302.0
54528	309508	526.0	319.0
54540	309508	587.0	345.0
54552	309508	685.0	385.0
54564	309508	863.0	459.0
54576	309508	1005.0	542.0
54228	309531	336.0	227.0
54240	309531	340.0	228.0
54252	309531	343.6666666666667	229.91666666666666
54264	309531	347.0	231.0
54276	309531	350.0	231.0
54288	309531	356.0	232.0
54300	309531	360.0	235.0
54312	309531	365.0	236.0
54324	309531	372.0	236.0
54336	309531	380.0	238.0
54348	309531	387.0	239.0
54360	309531	396.0	243.0
54372	309531	405.0	245.0
54384	309531	418.0	248.0
54396	309531	431.0	250.0
54408	309531	447.0	254.0
54420	309531	463.0	258.0
54432	309531	486.0	263.0
54444	309531	514.0	270.0
54456	309531	546.0	278.0
54468	309531	593.0	288.0
54480	309531	654.0	303.0
54492	309531	745.0	325.0
54504	309531	887.0	358.0
54276	309546	325.0	224.0
54288	309546	326.81081081081084	225.0
54300	309546	328.7567567567568	225.0
54312	309546	330.7027027027027	225.0
54324	309546	332.0	226.0
54336	309546	335.0	227.0
54348	309546	338.0	228.0
54360	309546	341.0	229.0
54372	309546	344.0	230.0
54384	309546	349.0	232.0
54396	309546	354.0	232.0
54408	309546	357.0	232.0
54420	309546	362.25	233.75
54432	309546	370.6666666666667	235.0
54444	309546	373.0	236.0
54456	309546	380.4117647058824	237.35294117647058
54468	309546	386.05882352941177	238.76470588235293
54480	309546	396.3333333333333	241.66666666666666
54492	309546	407.0	244.33333333333334
54504	309546	417.1818181818182	245.54545454545453
54516	309546	429.3636363636364	249.36363636363637
54528	309546	442.0	253.0
54540	309546	461.0	257.0
54552	309546	481.0	262.0
54564	309546	511.0	268.0
54576	309546	540.0	274.0
54588	309546	583.0	286.0
54600	309546	640.0	300.0
54612	309546	726.0	322.0
54624	309546	856.0	353.0
54636	309546	994.0	400.0
54456	309597	320.0	223.0
54468	309597	321.0	223.0
54480	309597	323.0	225.0
54492	309597	325.0	226.0
54504	309597	327.0	226.0
54516	309597	329.3333333333333	226.0
54528	309597	332.0	226.0
54540	309597	334.0	227.0
54552	309597	337.0	228.0
54564	309597	341.5	228.5
54576	309597	343.0	229.0
54588	309597	347.0	231.0
54600	309597	351.0	231.0
54612	309597	356.0	232.0
54624	309597	361.0	233.0
54636	309597	364.0	235.0
54648	309597	370.0	237.0
54660	309597	376.0	238.0
54672	309597	384.0	239.0
54684	309597	391.0	241.0
54696	309597	401.0	243.0
54708	309597	410.0	246.0
54720	309597	421.0	249.0
54732	309597	435.0	251.0
54744	309597	450.0	255.0
54756	309597	468.0	259.0
54768	309597	492.0	265.0
54780	309597	518.0	271.0
54792	309597	552.0	279.0
54804	309597	598.0	290.0
54816	309597	662.0	306.0
54828	309597	752.0	327.0
54840	309597	894.0	360.0
54624	309675	311.0	232.0
54636	309675	311.0	232.0
54648	309675	314.0	233.0
54660	309675	315.0	234.0
54672	309675	318.0	234.0
54684	309675	321.0	236.0
54696	309675	323.0	237.0
54708	309675	327.0	239.0
54720	309675	331.0	240.0
54732	309675	335.0	241.0
54744	309675	338.0	243.0
54756	309675	345.0	245.0
54768	309675	350.0	247.0
54780	309675	355.0	249.0
54792	309675	363.0	252.0
54804	309675	371.0	255.0
54816	309675	380.0	259.0
54828	309675	391.0	263.0
54840	309675	404.0	268.0
54852	309675	419.0	274.0
54864	309675	437.0	282.0
54876	309675	460.0	291.0
54888	309675	491.0	303.0
54900	309675	531.0	321.0
54912	309675	590.0	346.0
54924	309675	683.0	384.0
54936	309675	846.0	453.0
54948	309675	997.0	542.0
54648	309688	357.0	229.0
54660	309688	362.2	228.2
54672	309688	368.0	231.0
54684	309688	373.0	232.0
54696	309688	380.0	234.0
54708	309688	386.0	236.0
54720	309688	392.0	236.0
54732	309688	400.0	238.0
54744	309688	410.0	241.0
54756	309688	419.0	243.0
54768	309688	432.0	245.0
54780	309688	446.0	247.0
54792	309688	461.0	250.0
54804	309688	481.0	256.0
54816	309688	504.0	260.0
54828	309688	533.0	265.0
54840	309688	569.0	272.0
54852	309688	616.0	281.0
54864	309688	682.0	295.0
54876	309688	775.0	314.0
54888	309688	918.0	342.0
54708	309703	307.0	232.0
54720	309703	307.85714285714283	232.85714285714286
54732	309703	309.0	235.0
54744	309703	310.0	235.0
54756	309703	312.0	237.0
54768	309703	315.0	237.0
54780	309703	316.0	238.0
54792	309703	318.0	241.0
54804	309703	319.0	242.0
54816	309703	322.0	243.0
54828	309703	325.0	245.0
54840	309703	329.0	248.0
54852	309703	333.0	249.0
54864	309703	339.0	253.0
54876	309703	345.0	256.0
54888	309703	350.0	259.0
54900	309703	358.0	264.0
54912	309703	368.0	270.0
54924	309703	380.0	276.0
54936	309703	395.0	283.0
54948	309703	413.0	294.0
54960	309703	436.0	308.0
54972	309703	470.0	326.0
54984	309703	518.0	353.0
54996	309703	595.0	396.0
55008	309703	742.0	481.0
55020	309703	928.0	541.0
54768	309736	333.0	232.0
54780	309736	336.0	233.0
54792	309736	340.0	235.0
54804	309736	343.0	237.0
54816	309736	349.0	239.0
54828	309736	354.0	239.0
54840	309736	360.0	241.0
54852	309736	367.0	244.0
54864	309736	375.0	246.0
54876	309736	384.0	248.0
54888	309736	393.0	251.0
54900	309736	404.0	255.0
54912	309736	419.0	259.0
54924	309736	435.0	265.0
54936	309736	457.0	271.0
54948	309736	484.0	279.0
54960	309736	519.0	290.0
54972	309736	566.0	305.0
54984	309736	637.0	327.0
54996	309736	748.0	362.0
55008	309736	949.0	426.0
54828	309762	331.0	226.0
54840	309762	335.85714285714283	228.0
54852	309762	338.75	229.58333333333334
54864	309762	341.75	230.0
54876	309762	345.0	230.0
54888	309762	350.0	231.0
54900	309762	354.0	232.0
54912	309762	358.6666666666667	232.33333333333334
54924	309762	362.5	233.5
54936	309762	369.0	235.0
54948	309762	373.5	236.83333333333334
54960	309762	381.0	238.0
54972	309762	385.0	239.0
54984	309762	394.0	242.0
54996	309762	401.0	244.0
55008	309762	412.0	246.0
55020	309762	423.0	249.0
55032	309762	437.0	252.0
55044	309762	451.0	255.0
55056	309762	470.0	259.0
55068	309762	491.0	265.0
55080	309762	518.0	271.0
55092	309762	551.0	279.0
55104	309762	595.0	290.0
55116	309762	653.0	304.0
55128	309762	738.0	325.0
55140	309762	869.0	357.0
55152	309762	1000.0	406.0
54852	309772	325.3333333333333	228.33333333333334
54864	309772	327.6666666666667	229.33333333333334
54876	309772	331.0	230.0
54888	309772	334.0	230.0
54900	309772	337.0	231.0
54912	309772	340.0	233.0
54924	309772	343.0	234.0
54936	309772	348.0	235.0
54948	309772	352.0	236.0
54960	309772	357.0	238.0
54972	309772	362.0	239.0
54984	309772	369.0	241.0
54996	309772	376.0	243.0
55008	309772	382.0	245.0
55020	309772	390.0	247.0
55032	309772	399.0	250.0
55044	309772	411.0	254.0
55056	309772	423.0	257.0
55068	309772	437.0	261.0
55080	309772	456.0	268.0
55092	309772	476.0	273.0
55104	309772	501.0	280.0
55116	309772	532.0	290.0
55128	309772	575.0	304.0
55140	309772	633.0	321.0
55152	309772	718.0	347.0
55164	309772	852.0	387.0
55176	309772	976.0	437.0
55188	309772	993.0	463.0
55200	309772	988.0	442.0
55212	309772	1024.0	468.0
54996	309822	314.0	232.0
55008	309822	317.0	234.0
55020	309822	320.0	235.0
55032	309822	323.0	236.0
55044	309822	326.0	237.0
55056	309822	329.0	238.0
55068	309822	333.0	240.0
55080	309822	338.0	242.0
55092	309822	343.0	245.0
55104	309822	348.0	246.0
55116	309822	354.0	249.0
55128	309822	361.0	251.0
55140	309822	370.0	255.0
55152	309822	378.0	257.0
55164	309822	391.0	262.0
55176	309822	404.0	268.0
55188	309822	420.0	274.0
55200	309822	440.0	282.0
55212	309822	464.0	292.0
55224	309822	499.0	305.0
55236	309822	546.0	325.0
55248	309822	611.0	352.0
55260	309822	723.0	397.0
55272	309822	934.0	484.0
55056	309835	313.0	234.0
55068	309835	315.0	236.0
55080	309835	319.0	237.0
55092	309835	322.0	237.0
55104	309835	326.0	238.0
55116	309835	331.0	240.0
55128	309835	334.0	242.0
55140	309835	338.0	243.0
55152	309835	342.0	245.0
55164	309835	349.0	248.0
55176	309835	355.0	250.0
55188	309835	363.0	253.0
55200	309835	371.0	256.0
55212	309835	381.0	259.0
55224	309835	392.0	266.0
55236	309835	406.0	271.0
55248	309835	424.0	277.0
55260	309835	445.0	286.0
55272	309835	472.0	298.0
55284	309835	509.0	313.0
55296	309835	561.0	336.0
55308	309835	641.0	369.0
55320	309835	778.0	428.0
55332	309835	990.0	541.0
55068	309839	333.0	226.0
55080	309839	336.14285714285717	227.42857142857142
55092	309839	340.0	229.0
55104	309839	342.6666666666667	228.33333333333334
55116	309839	346.625	231.125
55128	309839	350.125	232.625
55140	309839	354.0	233.0
55152	309839	359.0	236.0
55164	309839	364.0	239.0
55176	309839	371.0	238.0
55188	309839	375.0	239.0
55200	309839	388.0	246.0
55212	309839	395.0	248.0
55224	309839	404.0	251.0
55236	309839	417.0	255.0
55248	309839	428.0	257.0
55260	309839	444.0	260.0
55272	309839	466.0	268.0
55284	309839	488.0	274.0
55296	309839	517.0	285.0
55308	309839	553.0	295.0
55320	309839	604.0	312.0
55332	309839	672.0	333.0
55344	309839	778.0	365.0
55356	309839	951.0	421.0
55368	309839	965.0	413.0
55380	309839	993.0	447.0
55392	309839	1004.0	465.0
55068	309841	301.0	222.0
55080	309841	302.8205128205128	222.4102564102564
55092	309841	304.05128205128204	223.02564102564102
55104	309841	305.28205128205127	223.64102564102564
55116	309841	306.3636363636364	225.0
55128	309841	308.0	226.0
55140	309841	310.0	224.0
55152	309841	311.0	225.0
55164	309841	313.0	226.0
55176	309841	314.7	226.9
55188	309841	316.0	227.0
55200	309841	319.0	228.0
55212	309841	321.0	229.0
55224	309841	324.0	230.0
55236	309841	328.0	231.0
55248	309841	330.0	232.0
55260	309841	334.0	232.0
55272	309841	337.0	234.0
55284	309841	341.0	235.0
55296	309841	346.0	237.0
55308	309841	350.0	238.0
55320	309841	356.0	239.0
55332	309841	363.0	241.0
55344	309841	370.0	244.0
55356	309841	378.0	246.0
55368	309841	387.0	249.0
55380	309841	398.0	252.0
55392	309841	411.0	256.0
55404	309841	426.0	260.0
55416	309841	444.0	266.0
55428	309841	467.0	272.0
55440	309841	496.0	282.0
55452	309841	535.0	293.0
55464	309841	589.0	311.0
55476	309841	668.0	335.0
55488	309841	799.0	376.0
55500	309841	992.0	452.0
55092	309849	360.0	234.0
55104	309849	364.75	234.0
55116	309849	370.0	235.0
55128	309849	374.0	236.0
55140	309849	383.0	238.0
55152	309849	388.0	239.0
55164	309849	397.0	242.0
55176	309849	407.0	244.0
55188	309849	417.0	246.0
55200	309849	431.0	248.0
55212	309849	445.0	251.0
55224	309849	454.0	255.0
55236	309849	472.0	260.0
55248	309849	492.0	264.0
55260	309849	519.0	270.0
55272	309849	550.0	278.0
55284	309849	593.0	288.0
55296	309849	649.0	302.0
55308	309849	725.0	320.0
55320	309849	845.0	350.0
55332	309849	985.0	394.0
55284	309916	326.0	226.0
55296	309916	326.0	226.0
55308	309916	329.0	226.0
55320	309916	330.0	226.0
55332	309916	334.0	226.0
55344	309916	335.0	228.0
55356	309916	339.0	229.0
55368	309916	342.0	229.0
55380	309916	346.0	230.0
55392	309916	349.0	231.0
55404	309916	354.0	231.0
55416	309916	358.0	233.0
55428	309916	364.0	233.0
55440	309916	369.0	235.0
55452	309916	375.0	236.0
55464	309916	382.0	238.0
55476	309916	389.0	239.0
55488	309916	397.0	242.0
55500	309916	407.0	244.0
55512	309916	418.0	247.0
55524	309916	432.0	249.0
55536	309916	447.0	253.0
55548	309916	465.0	257.0
55560	309916	486.0	262.0
55572	309916	512.0	268.0
55584	309916	546.0	276.0
55596	309916	589.0	285.0
55608	309916	648.0	300.0
55620	309916	734.0	320.0
55632	309916	863.0	349.0
55644	309916	997.0	395.0
55488	309974	330.0	223.0
55500	309974	331.0	224.0
55512	309974	332.0	224.0
55524	309974	336.0	224.0
55536	309974	338.0	225.0
55548	309974	340.125	225.375
55560	309974	344.0	226.0
55572	309974	346.0	226.0
55584	309974	350.0	226.0
55596	309974	353.0	227.0
55608	309974	354.0	228.0
55620	309974	359.0	229.0
55632	309974	364.0	229.0
55644	309974	368.0	230.0
55656	309974	373.0	232.0
55668	309974	377.5	232.5
55680	309974	384.0	234.0
55692	309974	390.0	235.0
55704	309974	396.0	237.0
55716	309974	404.0	238.0
55728	309974	414.0	240.0
55740	309974	422.0	242.0
55752	309974	435.0	244.0
55764	309974	448.0	248.0
55776	309974	463.0	250.0
55788	309974	481.0	253.0
55800	309974	500.0	257.0
55812	309974	526.0	262.0
55824	309974	557.0	269.0
55836	309974	596.0	276.0
55848	309974	645.0	286.0
55860	309974	716.0	301.0
55872	309974	813.0	321.0
55884	309974	958.0	350.0
55656	310013	327.57142857142856	227.85714285714286
55668	310013	330.0	229.0
55680	310013	331.5	229.0
55692	310013	335.0	230.0
55704	310013	339.0	232.0
55716	310013	341.0	232.0
55728	310013	344.0	233.0
55740	310013	348.0	235.0
55752	310013	354.0	236.0
55764	310013	358.0	238.0
55776	310013	363.0	239.0
55788	310013	370.0	241.0
55800	310013	377.0	242.0
55812	310013	384.0	245.0
55824	310013	392.0	248.0
55836	310013	402.0	250.0
55848	310013	413.0	254.0
55860	310013	425.0	257.0
55872	310013	442.0	262.0
55884	310013	460.0	268.0
55896	310013	483.0	274.0
55908	310013	511.0	282.0
55920	310013	548.0	294.0
55932	310013	598.0	309.0
55944	310013	668.0	331.0
55956	310013	776.0	362.0
55968	310013	952.0	418.0
55980	310013	977.0	430.0
55992	310013	983.0	438.0
56004	310013	1008.0	425.0
55668	310024	308.0	225.0
55680	310024	310.0	225.0
55692	310024	311.0	226.0
55704	310024	313.0	226.0
55716	310024	313.0	226.0
55728	310024	315.0	227.0
55740	310024	316.6666666666667	227.66666666666666
55752	310024	320.0	228.0
55764	310024	323.0	228.0
55776	310024	324.0	229.0
55788	310024	326.0	229.0
55800	310024	329.0	232.0
55812	310024	332.0	233.0
55824	310024	335.0	233.0
55836	310024	339.0	234.0
55848	310024	342.0	235.0
55860	310024	347.0	237.0
55872	310024	351.0	238.0
55884	310024	356.0	240.0
55896	310024	360.0	241.0
55908	310024	367.0	244.0
55920	310024	373.0	246.0
55932	310024	381.0	249.0
55944	310024	389.0	251.0
55956	310024	398.0	255.0
55968	310024	409.0	259.0
55980	310024	423.0	266.0
55992	310024	438.0	271.0
56004	310024	458.0	279.0
56016	310024	484.0	289.0
56028	310024	520.0	304.0
56040	310024	569.0	323.0
56052	310024	646.0	353.0
56064	310024	781.0	405.0
56076	310024	996.0	514.0
55668	310026	342.0	227.0
55680	310026	346.0	230.0
55692	310026	349.0	229.0
55704	310026	353.0	230.0
55716	310026	359.0	232.0
55728	310026	363.0	232.0
55740	310026	368.0	234.0
55752	310026	374.0	236.0
55764	310026	380.0	237.0
55776	310026	386.0	238.0
55788	310026	395.0	240.0
55800	310026	404.0	243.0
55812	310026	413.0	245.0
55824	310026	425.0	248.0
55836	310026	438.0	250.0
55848	310026	453.0	254.0
55860	310026	471.0	259.0
55872	310026	493.0	264.0
55884	310026	520.0	270.0
55896	310026	555.0	278.0
55908	310026	600.0	289.0
55920	310026	661.0	304.0
55932	310026	750.0	326.0
55944	310026	889.0	359.0
55956	310026	997.0	400.0
55776	310052	297.0	226.95238095238096
55788	310052	297.0	226.38095238095238
55800	310052	298.0	227.0
55812	310052	298.0	227.0
55824	310052	300.0	227.0
55836	310052	300.0	228.0
55848	310052	299.2857142857143	229.0
55860	310052	302.0	230.0
55872	310052	304.0	232.0
55884	310052	305.0	232.0
55896	310052	307.0	232.0
55908	310052	308.0	234.0
55920	310052	309.0	235.0
55932	310052	311.0	235.0
55944	310052	313.0	237.0
55956	310052	314.0	238.0
55968	310052	316.0	240.0
55980	310052	319.0	242.0
55992	310052	321.0	243.0
56004	310052	324.0	245.0
56016	310052	326.0	247.0
56028	310052	330.0	249.0
56040	310052	334.0	252.0
56052	310052	341.0	255.0
56064	310052	345.0	258.0
56076	310052	352.0	263.0
56088	310052	360.0	268.0
56100	310052	369.0	273.0
56112	310052	380.0	280.0
56124	310052	396.0	289.0
56136	310052	415.0	302.0
56148	310052	441.0	317.0
56160	310052	477.0	339.0
56172	310052	532.0	372.0
56184	310052	627.0	430.0
56196	310052	816.0	540.0
56208	310052	945.0	539.0
55956	310117	348.0	226.0
55968	310117	349.0	227.0
55980	310117	353.2352941176471	227.7058823529412
55992	310117	358.0	228.0
56004	310117	363.0	229.0
56016	310117	367.0	230.0
56028	310117	372.625	231.875
56040	310117	378.0	233.0
56052	310117	385.0	235.0
56064	310117	390.0	235.0
56076	310117	398.0	237.0
56088	310117	407.0	239.0
56100	310117	416.0	241.0
56112	310117	428.0	244.0
56124	310117	440.0	247.0
56136	310117	455.0	249.0
56148	310117	472.0	252.0
56160	310117	493.0	256.0
56172	310117	518.0	261.0
56184	310117	550.0	268.0
56196	310117	590.0	276.0
56208	310117	643.0	286.0
56220	310117	718.0	301.0
56232	310117	825.0	323.0
56244	310117	975.0	357.0
55956	310118	334.0	227.0
55968	310118	337.0	227.0
55980	310118	339.0	228.0
55992	310118	342.0	229.0
56004	310118	346.4	230.0
56016	310118	349.0	231.0
56028	310118	353.0	232.0
56040	310118	358.3333333333333	233.0
56052	310118	363.0	234.0
56064	310118	368.0	235.0
56076	310118	374.0	237.0
56088	310118	381.0	238.0
56100	310118	388.0	239.0
56112	310118	396.0	241.0
56124	310118	405.0	244.0
56136	310118	416.0	247.0
56148	310118	428.0	250.0
56160	310118	443.0	253.0
56172	310118	459.0	256.0
56184	310118	481.0	263.0
56196	310118	507.0	270.0
56208	310118	540.0	277.0
56220	310118	583.0	286.0
56232	310118	641.0	297.0
56244	310118	727.0	313.0
56256	310118	874.0	356.0
56268	310118	1003.0	408.0
56028	310144	321.0	235.0
56040	310144	322.0	236.0
56052	310144	324.5	237.5
56064	310144	329.0	238.0
56076	310144	335.0	239.0
56088	310144	338.0	242.0
56100	310144	341.0	244.0
56112	310144	347.0	246.0
56124	310144	352.0	248.0
56136	310144	358.0	251.0
56148	310144	367.0	254.0
56160	310144	375.0	257.0
56172	310144	386.0	261.0
56184	310144	397.0	267.0
56196	310144	410.0	272.0
56208	310144	428.0	280.0
56220	310144	450.0	289.0
56232	310144	476.0	301.0
56244	310144	514.0	317.0
56256	310144	566.0	338.0
56268	310144	645.0	373.0
56280	310144	784.0	432.0
56292	310144	989.0	541.0
56124	310174	295.0	225.0
56136	310174	296.0	225.0
56148	310174	296.55555555555554	224.77777777777777
56160	310174	297.0	226.0
56172	310174	299.0	226.0
56184	310174	301.0	228.0
56196	310174	303.0	228.0
56208	310174	304.0	227.0
56220	310174	306.0	229.0
56232	310174	308.0	230.0
56244	310174	310.0	231.0
56256	310174	311.0	231.0
56268	310174	315.0	232.0
56280	310174	316.0	233.0
56292	310174	318.0	234.0
56304	310174	322.0	235.0
56316	310174	325.0	237.0
56328	310174	326.0	237.0
56340	310174	331.0	240.0
56352	310174	335.0	241.0
56364	310174	340.0	243.0
56376	310174	344.0	245.0
56388	310174	351.0	247.0
56400	310174	357.0	249.0
56412	310174	365.0	254.0
56424	310174	373.0	257.0
56436	310174	383.0	260.0
56448	310174	395.0	266.0
56460	310174	409.0	271.0
56472	310174	428.0	279.0
56484	310174	449.0	288.0
56496	310174	476.0	299.0
56508	310174	516.0	317.0
56520	310174	572.0	341.0
56532	310174	658.0	378.0
56544	310174	812.0	445.0
56556	310174	994.0	542.0
56124	310175	320.0	224.0
56136	310175	322.0	225.0
56148	310175	324.0	225.0
56160	310175	325.0	225.0
56172	310175	328.0	226.0
56184	310175	330.0	227.0
56196	310175	334.0	227.0
56208	310175	336.0	227.0
56220	310175	340.0	230.0
56232	310175	344.0	230.0
56244	310175	347.0	232.0
56256	310175	353.0	233.0
56268	310175	358.0	234.0
56280	310175	363.0	235.0
56292	310175	371.0	237.0
56304	310175	377.0	238.0
56316	310175	386.0	241.0
56328	310175	395.0	243.0
56340	310175	405.0	246.0
56352	310175	419.0	250.0
56364	310175	434.0	252.0
56376	310175	451.0	257.0
56388	310175	474.0	263.0
56400	310175	502.0	269.0
56412	310175	539.0	279.0
56424	310175	588.0	290.0
56436	310175	659.0	309.0
56448	310175	771.0	337.0
56460	310175	958.0	384.0
56244	310221	240.4	217.0
56256	310221	242.0	218.0
56268	310221	244.52631578947367	218.6315789473684
56280	310221	247.05263157894737	219.26315789473685
56292	310221	249.57894736842104	219.89473684210526
56304	310221	251.5151515151515	220.3030303030303
56316	310221	253.33333333333334	220.66666666666666
56328	310221	255.21052631578948	221.0
56340	310221	257.7368421052632	221.0
56352	310221	261.0	221.0
56364	310221	263.0	222.0
56376	310221	265.0	222.0
56388	310221	266.0	222.0
56400	310221	267.0	223.0
56412	310221	270.0	224.0
56424	310221	271.0	224.0
56436	310221	272.0	224.0
56448	310221	273.0	224.0
56460	310221	274.0	224.0
56472	310221	276.0	224.0
56484	310221	276.0	225.0
56496	310221	276.0	225.0
56508	310221	279.0	226.0
56520	310221	279.0	226.0
56532	310221	280.0	226.0
56544	310221	280.0	226.0
56556	310221	281.0	228.0
56568	310221	282.0	227.0
56580	310221	283.0	228.0
56592	310221	284.0	228.0
56604	310221	287.0	229.0
56616	310221	287.0	230.0
56628	310221	289.0	231.0
56640	310221	290.0	231.0
56652	310221	292.0	233.0
56664	310221	293.0	233.0
56676	310221	295.0	234.0
56688	310221	298.0	235.0
56700	310221	300.0	236.0
56712	310221	303.0	236.0
56724	310221	307.0	238.0
56736	310221	312.0	239.0
56748	310221	317.0	241.0
56760	310221	320.0	243.0
56772	310221	325.0	244.0
56784	310221	331.0	246.0
56796	310221	337.0	249.0
56808	310221	345.0	251.0
56820	310221	354.0	254.0
56832	310221	364.0	257.0
56844	310221	374.0	261.0
56856	310221	388.0	266.0
56868	310221	401.0	272.0
56880	310221	419.0	279.0
56892	310221	440.0	287.0
56904	310221	467.0	298.0
56916	310221	501.0	312.0
56928	310221	547.0	332.0
56940	310221	615.0	359.0
56952	310221	726.0	406.0
56964	310221	928.0	491.0
56280	310243	349.0	226.0
56292	310243	352.2	227.4
56304	310243	356.0	228.0
56316	310243	360.0	229.0
56328	310243	365.0	230.0
56340	310243	371.0	232.0
56352	310243	374.0	232.0
56364	310243	381.0	234.0
56376	310243	388.0	235.0
56388	310243	395.0	237.0
56400	310243	402.0	238.0
56412	310243	413.0	240.0
56424	310243	423.0	242.0
56436	310243	435.0	245.0
56448	310243	449.0	248.0
56460	310243	465.0	251.0
56472	310243	484.0	255.0
56484	310243	507.0	259.0
56496	310243	534.0	265.0
56508	310243	570.0	272.0
56520	310243	616.0	281.0
56532	310243	678.0	294.0
56544	310243	765.0	312.0
56556	310243	899.0	339.0
56292	310250	296.0	225.0
56304	310250	297.0	226.0
56316	310250	298.0	226.0
56328	310250	299.0	227.0
56340	310250	300.0	226.0
56352	310250	302.0	228.0
56364	310250	303.8	228.0
56376	310250	306.0	228.0
56388	310250	308.0	229.0
56400	310250	309.0	231.0
56412	310250	311.0	231.66666666666666
56424	310250	313.0	232.0
56436	310250	316.0	232.0
56448	310250	318.0	233.0
56460	310250	320.0	235.0
56472	310250	324.0	236.0
56484	310250	327.0	237.0
56496	310250	329.0	239.0
56508	310250	334.0	241.0
56520	310250	339.0	243.0
56532	310250	343.0	244.0
56544	310250	350.0	248.0
56556	310250	356.0	250.0
56568	310250	365.0	253.0
56580	310250	374.0	256.0
56592	310250	385.0	261.0
56604	310250	397.0	266.0
56616	310250	413.0	272.0
56628	310250	432.0	280.0
56640	310250	456.0	290.0
56652	310250	486.0	303.0
56664	310250	530.0	321.0
56676	310250	593.0	347.0
56688	310250	698.0	390.0
56700	310250	893.0	471.0
56520	310288	318.0	232.0
56532	310288	321.0	232.0
56544	310288	321.0	235.0
56556	310288	323.0	236.0
56568	310288	327.0	236.0
56580	310288	329.0	237.0
56592	310288	334.0	238.0
56604	310288	337.0	240.0
56616	310288	341.0	242.0
56628	310288	348.0	244.0
56640	310288	352.0	246.0
56652	310288	357.0	249.0
56664	310288	364.0	252.0
56676	310288	373.0	254.0
56688	310288	383.0	257.0
56700	310288	393.0	262.0
56712	310288	406.0	267.0
56724	310288	421.0	272.0
56736	310288	439.0	280.0
56748	310288	461.0	289.0
56760	310288	490.0	300.0
56772	310288	528.0	316.0
56784	310288	581.0	338.0
56796	310288	659.0	370.0
56808	310288	792.0	426.0
56820	310288	993.0	532.0
56604	310302	315.0	232.0
56616	310302	317.0	233.0
56628	310302	319.0	234.0
56640	310302	323.0	236.0
56652	310302	326.0	237.0
56664	310302	330.0	238.0
56676	310302	333.0	240.0
56688	310302	338.0	241.0
56700	310302	342.0	243.0
56712	310302	347.0	245.0
56724	310302	353.0	248.0
56736	310302	358.0	249.0
56748	310302	366.0	252.0
56760	310302	374.0	256.0
56772	310302	383.0	259.0
56784	310302	393.0	264.0
56796	310302	406.0	269.0
56808	310302	422.0	276.0
56820	310302	442.0	284.0
56832	310302	467.0	294.0
56844	310302	501.0	307.0
56856	310302	545.0	325.0
56868	310302	611.0	352.0
56880	310302	716.0	393.0
56892	310302	904.0	468.0
56904	310302	1012.0	541.0
56640	310305	333.0	229.0
56652	310305	337.42105263157896	230.89473684210526
56664	310305	341.6666666666667	232.0
56676	310305	346.0	232.0
56688	310305	351.0	233.0
56700	310305	357.0	235.0
56712	310305	363.0	237.0
56724	310305	370.0	239.0
56736	310305	378.0	240.0
56748	310305	386.0	243.0
56760	310305	396.0	245.0
56772	310305	408.0	248.0
56784	310305	421.0	251.0
56796	310305	437.0	255.0
56808	310305	456.0	260.0
56820	310305	479.0	266.0
56832	310305	508.0	273.0
56844	310305	544.0	282.0
56856	310305	593.0	295.0
56868	310305	660.0	311.0
56880	310305	763.0	337.0
56892	310305	932.0	376.0
56808	310340	326.0	236.0
56820	310340	329.0	238.0
56832	310340	333.0	239.0
56844	310340	337.0	242.0
56856	310340	340.0	243.0
56868	310340	347.0	245.0
56880	310340	352.0	247.0
56892	310340	358.0	250.0
56904	310340	366.0	253.0
56916	310340	374.0	256.0
56928	310340	384.0	260.0
56940	310340	394.0	265.0
56952	310340	407.0	270.0
56964	310340	423.0	277.0
56976	310340	442.0	286.0
56988	310340	467.0	296.0
57000	310340	501.0	310.0
57012	310340	546.0	329.0
57024	310340	612.0	358.0
57036	310340	719.0	405.0
57048	310340	917.0	491.0
57060	310340	1006.0	541.0
56832	310356	315.0	234.0
56844	310356	320.0	235.0
56856	310356	326.0	235.0
56868	310356	326.0	237.0
56880	310356	329.0	238.0
56892	310356	334.0	240.0
56904	310356	338.0	241.0
56916	310356	344.0	245.0
56928	310356	350.0	246.0
56940	310356	357.0	249.0
56952	310356	366.0	252.0
56964	310356	375.0	255.0
56976	310356	385.0	259.0
56988	310356	396.0	264.0
57000	310356	410.0	268.0
57012	310356	427.0	275.0
57024	310356	448.0	284.0
57036	310356	473.0	294.0
57048	310356	506.0	308.0
57060	310356	554.0	328.0
57072	310356	625.0	357.0
57084	310356	739.0	406.0
57096	310356	952.0	498.0
56880	310372	299.0	226.0
56892	310372	300.0769230769231	227.0
56904	310372	301.0	227.0
56916	310372	303.0	228.0
56928	310372	305.0	229.0
56940	310372	307.0	230.0
56952	310372	308.0	231.0
56964	310372	311.0	232.0
56976	310372	314.0	232.0
56988	310372	315.0	234.0
57000	310372	319.0	234.0
57012	310372	322.0	235.0
57024	310372	325.0	237.0
57036	310372	330.0	238.0
57048	310372	333.0	240.0
57060	310372	338.0	242.0
57072	310372	343.0	245.0
57084	310372	350.0	248.0
57096	310372	357.0	250.0
57108	310372	366.0	254.0
57120	310372	376.0	258.0
57132	310372	387.0	262.0
57144	310372	402.0	268.0
57156	310372	420.0	275.0
57168	310372	443.0	285.0
57180	310372	473.0	297.0
57192	310372	514.0	315.0
57204	310372	576.0	340.0
57216	310372	679.0	383.0
57228	310372	875.0	465.0
57240	310372	1002.0	542.0
56892	310380	355.125	228.0
56904	310380	358.5	228.0
56916	310380	361.0	229.0
56928	310380	366.0	230.0
56940	310380	370.0	230.0
56952	310380	375.0	232.0
56964	310380	379.0	233.0
56976	310380	385.0	234.0
56988	310380	390.0	235.0
57000	310380	397.0	237.0
57012	310380	405.0	238.0
57024	310380	412.0	240.0
57036	310380	420.0	242.0
57048	310380	432.0	245.0
57060	310380	443.0	246.0
57072	310380	457.0	250.0
57084	310380	471.0	253.0
57096	310380	488.0	256.0
57108	310380	509.0	260.0
57120	310380	534.0	266.0
57132	310380	564.0	272.0
57144	310380	603.0	279.0
57156	310380	652.0	289.0
57168	310380	717.0	303.0
57180	310380	807.0	321.0
57192	310380	942.0	348.0
56904	310381	320.0	226.0
56916	310381	322.0	229.0
56928	310381	325.0	229.0
56940	310381	327.0	229.0
56952	310381	331.0	230.0
56964	310381	334.0	232.0
56976	310381	338.0	233.0
56988	310381	341.0	234.0
57000	310381	346.0	235.0
57012	310381	351.0	237.0
57024	310381	357.0	238.0
57036	310381	362.0	240.0
57048	310381	369.0	242.0
57060	310381	376.0	244.0
57072	310381	386.0	248.0
57084	310381	396.0	250.0
57096	310381	408.0	254.0
57108	310381	423.0	259.0
57120	310381	441.0	264.0
57132	310381	463.0	271.0
57144	310381	492.0	280.0
57156	310381	529.0	292.0
57168	310381	581.0	308.0
57180	310381	658.0	332.0
57192	310381	784.0	370.0
57204	310381	984.0	445.0
57216	310486	341.0	227.0
57228	310486	344.0	228.0
57240	310486	348.2	229.06666666666666
57252	310486	350.6	229.86666666666667
57264	310486	358.0	230.0
57276	310486	359.6666666666667	232.0
57288	310486	366.6666666666667	232.33333333333334
57300	310486	372.0	234.0
57312	310486	375.0	235.0
57324	310486	384.0	237.0
57336	310486	389.0	239.0
57348	310486	396.0	241.0
57360	310486	405.0	244.0
57372	310486	415.0	246.0
57384	310486	427.0	249.0
57396	310486	441.0	252.0
57408	310486	457.0	256.0
57420	310486	478.0	261.0
57432	310486	504.0	267.0
57444	310486	535.0	275.0
57456	310486	576.0	284.0
57468	310486	632.0	297.0
57480	310486	711.0	316.0
57492	310486	833.0	346.0
57504	310486	989.0	395.0
57252	310500	323.0	223.0
57264	310500	325.0	224.0
57276	310500	327.8	224.4
57288	310500	330.6	224.8
57300	310500	332.0	226.0
57312	310500	335.0	227.0
57324	310500	338.0	228.0
57336	310500	340.0	228.0
57348	310500	343.0	229.0
57360	310500	346.0	230.0
57372	310500	350.0	232.0
57384	310500	355.0	232.0
57396	310500	358.0	232.0
57408	310500	362.0	234.0
57420	310500	368.0	235.0
57432	310500	374.0	237.0
57444	310500	380.0	238.0
57456	310500	387.0	239.0
57468	310500	395.0	241.0
57480	310500	404.0	244.0
57492	310500	414.0	246.0
57504	310500	424.0	249.0
57516	310500	438.0	252.0
57528	310500	453.0	256.0
57540	310500	472.0	260.0
57552	310500	494.0	265.0
57564	310500	523.0	272.0
57576	310500	557.0	280.0
57588	310500	602.0	292.0
57600	310500	666.0	307.0
57612	310500	757.0	329.0
57624	310500	902.0	364.0
57636	310500	999.0	401.0
57324	310528	319.0	235.0
57336	310528	322.0	237.0
57348	310528	326.0	239.0
57360	310528	330.0	240.0
57372	310528	334.0	242.0
57384	310528	341.0	244.0
57396	310528	345.0	247.0
57408	310528	351.0	250.0
57420	310528	359.0	251.0
57432	310528	367.0	255.0
57444	310528	377.0	259.0
57456	310528	389.0	264.0
57468	310528	404.0	270.0
57480	310528	421.0	278.0
57492	310528	444.0	287.0
57504	310528	473.0	300.0
57516	310528	513.0	317.0
57528	310528	571.0	342.0
57540	310528	665.0	383.0
57552	310528	841.0	461.0
57564	310528	994.0	541.0
57324	310529	361.0	229.0
57336	310529	367.0	231.0
57348	310529	371.0	232.0
57360	310529	375.0	233.0
57372	310529	382.0	234.0
57384	310529	388.0	235.0
57396	310529	395.0	237.0
57408	310529	403.0	238.0
57420	310529	412.0	240.0
57432	310529	421.0	243.0
57444	310529	433.0	246.0
57456	310529	445.0	248.0
57468	310529	459.0	250.0
57480	310529	476.0	254.0
57492	310529	498.0	258.0
57504	310529	522.0	263.0
57516	310529	552.0	269.0
57528	310529	590.0	277.0
57540	310529	640.0	287.0
57552	310529	708.0	301.0
57564	310529	803.0	320.0
57576	310529	949.0	349.0
57348	310538	311.0	231.0
57360	310538	313.0	231.0
57372	310538	315.0	234.0
57384	310538	317.0	234.0
57396	310538	322.0	235.0
57408	310538	324.0	236.0
57420	310538	326.0	237.0
57432	310538	330.0	239.0
57444	310538	333.0	240.0
57456	310538	338.0	242.0
57468	310538	343.0	244.0
57480	310538	349.0	246.0
57492	310538	355.0	249.0
57504	310538	364.0	252.0
57516	310538	371.0	254.0
57528	310538	382.0	259.0
57540	310538	394.0	264.0
57552	310538	408.0	270.0
57564	310538	426.0	277.0
57576	310538	450.0	287.0
57588	310538	479.0	299.0
57600	310538	520.0	315.0
57612	310538	581.0	340.0
57624	310538	680.0	381.0
57636	310538	865.0	457.0
57648	310538	1005.0	542.0
57372	310546	299.0	227.0
57384	310546	300.75	228.0
57396	310546	301.0	229.0
57408	310546	302.0	229.0
57420	310546	303.0	229.0
57432	310546	303.0	231.0
57444	310546	303.0	231.0
57456	310546	306.0	233.0
57468	310546	306.0	234.0
57480	310546	308.0	234.0
57492	310546	308.0	236.0
57504	310546	311.0	236.0
57516	310546	313.0	238.0
57528	310546	315.0	240.0
57540	310546	318.0	243.0
57552	310546	321.0	244.0
57564	310546	324.0	247.0
57576	310546	328.0	249.0
57588	310546	333.0	252.0
57600	310546	339.0	256.0
57612	310546	345.0	260.0
57624	310546	353.0	265.0
57636	310546	364.0	271.0
57648	310546	376.0	279.0
57660	310546	392.0	289.0
57672	310546	413.0	302.0
57684	310546	441.0	320.0
57696	310546	485.0	346.0
57708	310546	552.0	390.0
57720	310546	687.0	476.0
57732	310546	913.0	541.0
57420	310555	352.5	230.5
57432	310555	355.0	232.0
57444	310555	359.0	233.0
57456	310555	362.0	235.0
57468	310555	368.0	235.0
57480	310555	373.0	237.0
57492	310555	379.0	237.0
57504	310555	386.0	239.0
57516	310555	394.0	241.0
57528	310555	401.0	244.0
57540	310555	411.0	246.0
57552	310555	423.0	248.0
57564	310555	436.0	251.0
57576	310555	452.0	256.0
57588	310555	469.0	259.0
57600	310555	491.0	265.0
57612	310555	517.0	271.0
57624	310555	549.0	278.0
57636	310555	593.0	289.0
57648	310555	650.0	303.0
57660	310555	733.0	323.0
57672	310555	860.0	355.0
57684	310555	998.0	406.0
57456	310564	322.0	227.0
57468	310564	325.0	229.0
57480	310564	327.0	231.0
57492	310564	330.0	232.0
57504	310564	333.0	232.0
57516	310564	337.0	233.0
57528	310564	340.0	234.0
57540	310564	344.0	236.0
57552	310564	349.0	236.0
57564	310564	353.0	238.0
57576	310564	359.0	240.0
57588	310564	365.0	241.0
57600	310564	373.0	243.0
57612	310564	381.0	246.0
57624	310564	389.0	249.0
57636	310564	400.0	251.0
57648	310564	412.0	255.0
57660	310564	426.0	259.0
57672	310564	443.0	264.0
57684	310564	463.0	270.0
57696	310564	490.0	278.0
57708	310564	524.0	288.0
57720	310564	570.0	302.0
57732	310564	634.0	322.0
57744	310564	736.0	351.0
57756	310564	907.0	403.0
57576	310594	334.0	223.0
57588	310594	337.0	224.0
57600	310594	338.5	224.75
57612	310594	340.3125	226.0
57624	310594	344.0	226.0
57636	310594	346.0	226.0
57648	310594	349.0	227.0
57660	310594	352.0	228.0
57672	310594	355.0	229.0
57684	310594	360.0	229.0
57696	310594	364.0	231.0
57708	310594	369.0	231.0
57720	310594	373.0	232.0
57732	310594	379.0	233.0
57744	310594	384.0	235.0
57756	310594	391.0	236.0
57768	310594	398.0	238.0
57780	310594	405.0	239.0
57792	310594	416.0	241.0
57804	310594	426.0	243.0
57816	310594	436.0	247.0
57828	310594	448.0	248.0
57840	310594	462.0	247.0
57852	310594	483.0	251.0
57864	310594	506.0	258.0
57876	310594	534.0	265.0
57888	310594	567.0	272.0
57900	310594	610.0	281.0
57912	310594	668.0	292.0
57924	310594	748.0	309.0
57936	310594	869.0	333.0
57948	310594	994.0	370.0
57588	310604	317.0	227.0
57600	310604	320.0	227.0
57612	310604	322.0	228.0
57624	310604	325.0	228.22222222222223
57636	310604	326.0	230.5
57648	310604	330.0	231.0
57660	310604	332.0	232.0
57672	310604	336.0	233.0
57684	310604	340.0	234.0
57696	310604	344.0	235.0
57708	310604	349.0	236.0
57720	310604	354.0	238.0
57732	310604	359.0	240.0
57744	310604	366.0	241.0
57756	310604	373.0	244.0
57768	310604	381.0	246.0
57780	310604	391.0	249.0
57792	310604	402.0	251.0
57804	310604	415.0	256.0
57816	310604	431.0	260.0
57828	310604	450.0	267.0
57840	310604	474.0	274.0
57852	310604	505.0	283.0
57864	310604	545.0	295.0
57876	310604	601.0	313.0
57888	310604	686.0	339.0
57900	310604	825.0	381.0
57912	310604	1005.0	464.0
57660	310635	233.0	217.0
57672	310635	235.85714285714286	217.28571428571428
57684	310635	238.0	219.0
57696	310635	239.0	218.0
57708	310635	241.69230769230768	219.23076923076923
57720	310635	243.0	220.0
57732	310635	245.85714285714286	220.0
57744	310635	247.5625	220.5625
57756	310635	250.0	221.0
57768	310635	252.0	221.0
57780	310635	253.0	222.0
57792	310635	255.0	223.0
57804	310635	256.875	223.0
57816	310635	258.0	223.0
57828	310635	260.0	223.0
57840	310635	261.0	224.0
57852	310635	263.0	224.0
57864	310635	264.0	224.0
57876	310635	266.0	224.0
57888	310635	268.0	224.0
57900	310635	269.0	225.0
57912	310635	270.0	224.0
57924	310635	271.0	225.0
57936	310635	272.0	225.0
57948	310635	274.0	225.0
57960	310635	274.0	225.0
57972	310635	276.0	227.0
57984	310635	276.0	227.0
57996	310635	276.0	226.0
58008	310635	279.0	227.0
58020	310635	279.0	228.0
58032	310635	280.0	229.0
58044	310635	280.0	229.0
58056	310635	281.0	228.0
58068	310635	282.0	229.0
58080	310635	282.0	230.0
58092	310635	284.0	230.0
58104	310635	286.0	232.0
58116	310635	287.0	232.0
58128	310635	287.0	232.0
58140	310635	288.0	233.0
58152	310635	290.0	233.0
58164	310635	292.0	234.0
58176	310635	293.0	235.0
58188	310635	295.0	236.0
58200	310635	297.0	238.0
58212	310635	299.0	238.0
58224	310635	301.0	240.0
58236	310635	303.0	241.0
58248	310635	305.0	243.0
58260	310635	308.0	245.0
58272	310635	311.0	247.0
58284	310635	314.0	249.0
58296	310635	318.0	251.0
58308	310635	322.0	253.0
58320	310635	326.0	256.0
58332	310635	331.0	260.0
58344	310635	338.0	264.0
58356	310635	346.0	268.0
58368	310635	356.0	274.0
58380	310635	367.0	281.0
58392	310635	379.0	290.0
58404	310635	394.0	301.0
58416	310635	415.0	314.0
58428	310635	443.0	334.0
58440	310635	483.0	362.0
58452	310635	546.0	406.0
58464	310635	662.0	488.0
58476	310635	856.0	541.0
57720	310671	336.0	227.0
57732	310671	338.0	228.0
57744	310671	341.0	229.0
57756	310671	344.0	229.0
57768	310671	348.0	231.0
57780	310671	352.0	232.0
57792	310671	356.0	232.0
57804	310671	361.0	234.0
57816	310671	366.0	236.0
57828	310671	372.0	237.0
57840	310671	378.0	238.0
57852	310671	386.0	240.0
57864	310671	393.0	242.0
57876	310671	403.0	244.0
57888	310671	413.0	247.0
57900	310671	425.0	249.0
57912	310671	439.0	252.0
57924	310671	454.0	256.0
57936	310671	474.0	261.0
57948	310671	498.0	266.0
57960	310671	527.0	274.0
57972	310671	564.0	283.0
57984	310671	615.0	294.0
57996	310671	685.0	311.0
58008	310671	789.0	337.0
58020	310671	956.0	377.0
57744	310685	309.0	224.0
57756	310685	310.0	225.0
57768	310685	312.1578947368421	225.05263157894737
57780	310685	314.05263157894734	225.68421052631578
57792	310685	316.0	226.0
57804	310685	318.0	227.0
57816	310685	319.0	227.0
57828	310685	322.0	227.0
57840	310685	325.0	228.0
57852	310685	328.0	229.0
57864	310685	331.0	230.0
57876	310685	334.0	231.0
57888	310685	337.0	232.0
57900	310685	341.0	233.0
57912	310685	346.0	234.0
57924	310685	349.0	236.0
57936	310685	354.0	237.0
57948	310685	359.0	238.0
57960	310685	366.0	240.0
57972	310685	372.0	243.0
57984	310685	379.0	245.0
57996	310685	388.0	248.0
58008	310685	398.0	250.0
58020	310685	409.0	253.0
58032	310685	423.0	256.0
58044	310685	437.0	261.0
58056	310685	457.0	266.0
58068	310685	479.0	274.0
58080	310685	509.0	282.0
58092	310685	546.0	294.0
58104	310685	598.0	309.0
58116	310685	671.0	331.0
58128	310685	785.0	364.0
58140	310685	967.0	426.0
58152	310685	992.0	427.0
57840	310721	301.7	226.7
57852	310721	305.0	228.0
57864	310721	306.0	229.0
57876	310721	308.0	229.0
57888	310721	309.0	230.0
57900	310721	312.0	231.0
57912	310721	314.0	233.0
57924	310721	316.0	234.0
57936	310721	319.0	235.0
57948	310721	323.0	235.0
57960	310721	326.0	236.0
57972	310721	330.0	238.0
57984	310721	334.0	240.0
57996	310721	339.0	243.0
58008	310721	344.0	245.0
58020	310721	351.0	248.0
58032	310721	358.0	250.0
58044	310721	367.0	253.0
58056	310721	377.0	257.0
58068	310721	389.0	263.0
58080	310721	403.0	269.0
58092	310721	421.0	276.0
58104	310721	446.0	286.0
58116	310721	477.0	299.0
58128	310721	523.0	318.0
58140	310721	592.0	346.0
58152	310721	710.0	396.0
58164	310721	948.0	498.0
57936	310743	300.0	226.0
57948	310743	302.0	227.0
57960	310743	301.85714285714283	227.0
57972	310743	304.0	228.0
57984	310743	306.0	229.0
57996	310743	308.0	229.0
58008	310743	307.8888888888889	229.88888888888889
58020	310743	312.0	231.0
58032	310743	315.14285714285717	232.57142857142858
58044	310743	316.0	234.0
58056	310743	320.0	234.0
58068	310743	323.0	236.0
58080	310743	325.0	237.0
58092	310743	329.0	238.0
58104	310743	333.0	240.0
58116	310743	338.0	242.0
58128	310743	343.0	244.0
58140	310743	349.0	246.0
58152	310743	355.0	249.0
58164	310743	363.0	251.0
58176	310743	373.0	256.0
58188	310743	384.0	261.0
58200	310743	397.0	265.0
58212	310743	413.0	272.0
58224	310743	434.0	280.0
58236	310743	459.0	291.0
58248	310743	494.0	305.0
58260	310743	544.0	326.0
58272	310743	623.0	359.0
58284	310743	758.0	417.0
58296	310743	991.0	537.0
58032	310790	338.0	235.0
58044	310790	342.2	235.4
58056	310790	347.0	236.0
58068	310790	352.0	237.0
58080	310790	357.0	239.0
58092	310790	363.0	240.0
58104	310790	370.0	243.0
58116	310790	377.0	244.0
58128	310790	385.0	249.0
58140	310790	398.0	250.0
58152	310790	408.0	254.0
58164	310790	422.0	258.0
58176	310790	439.0	262.0
58188	310790	458.0	268.0
58200	310790	483.0	276.0
58212	310790	516.0	286.0
58224	310790	559.0	299.0
58236	310790	619.0	317.0
58248	310790	711.0	345.0
58260	310790	864.0	391.0
58272	310790	1003.0	458.0
58104	310820	320.0	228.0
58116	310820	323.6666666666667	228.88888888888889
58128	310820	326.0	229.0
58140	310820	332.0	232.0
58152	310820	334.5	231.83333333333334
58164	310820	340.5	232.5
58176	310820	345.0	233.0
58188	310820	351.0	236.0
58200	310820	358.0	236.0
58212	310820	366.0	238.0
58224	310820	376.0	241.0
58236	310820	386.0	244.0
58248	310820	398.0	246.0
58260	310820	412.0	249.0
58272	310820	430.0	253.0
58284	310820	451.0	258.0
58296	310820	477.0	264.0
58308	310820	509.0	271.0
58320	310820	551.0	281.0
58332	310820	608.0	294.0
58344	310820	690.0	314.0
58356	310820	819.0	344.0
58368	310820	994.0	401.0
58116	310824	249.0	223.0
58128	310824	250.45	224.15
58140	310824	252.25	224.75
58152	310824	254.0	225.0
58164	310824	255.0	225.0
58176	310824	257.1666666666667	224.41666666666666
58188	310824	259.0	225.0
58200	310824	260.1764705882353	224.11764705882354
58212	310824	262.29411764705884	225.52941176470588
58224	310824	265.0	226.0
58236	310824	266.0	225.0
58248	310824	267.0	226.0
58260	310824	267.0	226.0
58272	310824	269.0	226.0
58284	310824	271.0	227.0
58296	310824	271.0	227.0
58308	310824	272.0	227.0
58320	310824	273.0	228.0
58332	310824	276.0	228.0
58344	310824	276.0	229.0
58356	310824	278.0	229.0
58368	310824	279.29411764705884	230.2941176470588
58380	310824	281.10714285714283	231.07142857142858
58392	310824	282.39285714285717	231.92857142857142
58404	310824	283.67857142857144	232.78571428571428
58416	310824	286.0	235.0
58428	310824	288.0	235.0
58440	310824	291.0	236.0
58452	310824	292.0	237.0
58464	310824	294.0	238.0
58476	310824	299.0	240.0
58488	310824	303.0	242.0
58500	310824	306.0	244.0
58512	310824	310.0	246.0
58524	310824	313.0	248.0
58536	310824	319.0	251.0
58548	310824	326.0	254.0
58560	310824	333.0	258.0
58572	310824	341.0	262.0
58584	310824	350.0	267.0
58596	310824	362.0	273.0
58608	310824	376.0	282.0
58620	310824	393.0	291.0
58632	310824	417.0	305.0
58644	310824	449.0	323.0
58656	310824	495.0	351.0
58668	310824	572.0	395.0
58680	310824	722.0	483.0
58692	310824	922.0	541.0
58248	310901	345.0	227.0
58260	310901	347.0	227.0
58272	310901	350.0	227.0
58284	310901	354.0	228.0
58296	310901	358.0	229.0
58308	310901	361.0	229.0
58320	310901	366.0	231.0
58332	310901	372.0	232.0
58344	310901	376.0	233.0
58356	310901	383.0	234.0
58368	310901	389.0	235.0
58380	310901	397.0	237.0
58392	310901	404.0	239.0
58404	310901	413.0	241.0
58416	310901	424.0	242.0
58428	310901	436.0	246.0
58440	310901	449.0	248.0
58452	310901	464.0	250.0
58464	310901	483.0	254.0
58476	310901	505.0	259.0
58488	310901	532.0	265.0
58500	310901	565.0	271.0
58512	310901	609.0	280.0
58524	310901	667.0	291.0
58536	310901	747.0	308.0
58548	310901	864.0	333.0
58560	310901	992.0	369.0
58308	310938	340.0	229.0
58320	310938	344.0	230.0
58332	310938	347.0	230.0
58344	310938	350.0	232.0
58356	310938	352.0	232.0
58368	310938	357.0	233.0
58380	310938	362.0	234.0
58392	310938	365.0	235.0
58404	310938	371.0	236.0
58416	310938	375.0	237.0
58428	310938	383.0	239.0
58440	310938	389.0	240.0
58452	310938	397.0	242.0
58464	310938	404.0	244.0
58476	310938	414.0	247.0
58488	310938	424.0	249.0
58500	310938	437.0	252.0
58512	310938	450.0	255.0
58524	310938	467.0	258.0
58536	310938	486.0	264.0
58548	310938	508.0	269.0
58560	310938	536.0	275.0
58572	310938	573.0	284.0
58584	310938	617.0	295.0
58596	310938	680.0	310.0
58608	310938	768.0	331.0
58620	310938	901.0	363.0
58632	310938	997.0	402.0
58344	310959	308.0	229.0
58356	310959	310.0	231.0
58368	310959	313.0	231.33333333333334
58380	310959	316.0	232.0
58392	310959	317.5	234.5
58404	310959	320.0	235.0
58416	310959	323.0	236.0
58428	310959	327.0	237.0
58440	310959	331.0	239.0
58452	310959	336.0	242.0
58464	310959	340.0	243.0
58476	310959	348.0	246.0
58488	310959	355.0	248.0
58500	310959	364.0	251.0
58512	310959	372.0	254.0
58524	310959	384.0	259.0
58536	310959	397.0	265.0
58548	310959	414.0	272.0
58560	310959	435.0	280.0
58572	310959	462.0	291.0
58584	310959	499.0	307.0
58596	310959	553.0	329.0
58608	310959	639.0	365.0
58620	310959	796.0	431.0
58632	310959	1000.0	542.0
58344	310960	250.0	224.0
58356	310960	250.0	223.16666666666666
58368	310960	252.0	223.0
58380	310960	252.0	224.0
58392	310960	254.0	225.0
58404	310960	255.0	225.0
58416	310960	256.0	224.0
58428	310960	257.2857142857143	224.0
58440	310960	259.0	225.0
58452	310960	260.0	225.0
58464	310960	260.0	225.0
58476	310960	262.0	224.0
58488	310960	263.0	225.0
58500	310960	263.0	225.0
58512	310960	264.0	225.0
58524	310960	265.0	226.0
58536	310960	265.0	226.0
58548	310960	265.0	227.0
58560	310960	265.0	227.0
58572	310960	267.0	228.0
58584	310960	266.0	228.0
58596	310960	268.0	229.0
58608	310960	268.0	230.0
58620	310960	269.0	230.0
58632	310960	270.0	230.0
58644	310960	271.0	231.0
58656	310960	272.0	232.0
58668	310960	275.0	232.0
58680	310960	277.0	234.0
58692	310960	279.0	234.0
58704	310960	281.0	236.0
58716	310960	282.0	236.0
58728	310960	286.0	237.0
58740	310960	288.0	239.0
58752	310960	291.0	239.0
58764	310960	294.0	242.0
58776	310960	297.0	243.0
58788	310960	302.0	245.0
58800	310960	305.0	247.0
58812	310960	310.0	250.0
58824	310960	315.0	252.0
58836	310960	320.0	255.0
58848	310960	325.0	258.0
58860	310960	331.0	262.0
58872	310960	339.0	267.0
58884	310960	348.0	272.0
58896	310960	359.0	279.0
58908	310960	373.0	288.0
58920	310960	390.0	299.0
58932	310960	413.0	314.0
58944	310960	445.0	335.0
58956	310960	491.0	366.0
58968	310960	568.0	417.0
58980	310960	720.0	520.0
58992	310960	920.0	540.0
58356	310965	339.0	228.0
58368	310965	342.0	229.0
58380	310965	345.0	230.0
58392	310965	346.0	231.0
58404	310965	350.0	232.0
58416	310965	354.0	233.0
58428	310965	359.0	234.0
58440	310965	363.0	236.0
58452	310965	370.0	236.0
58464	310965	375.0	238.0
58476	310965	382.0	239.0
58488	310965	390.0	242.0
58500	310965	399.0	243.0
58512	310965	409.0	245.0
58524	310965	420.0	248.0
58536	310965	433.0	251.0
58548	310965	449.0	255.0
58560	310965	465.0	258.0
58572	310965	485.0	263.0
58584	310965	510.0	269.0
58596	310965	540.0	277.0
58608	310965	577.0	286.0
58620	310965	627.0	298.0
58632	310965	696.0	316.0
58644	310965	799.0	343.0
58656	310965	962.0	388.0
58428	310988	333.46666666666664	225.0
58440	310988	336.6666666666667	225.0
58452	310988	339.9142857142857	225.11428571428573
58464	310988	342.65714285714284	225.45714285714286
58476	310988	345.4	225.8
58488	310988	349.0	226.0
58500	310988	351.0	227.0
58512	310988	355.0	228.0
58524	310988	359.0	229.0
58536	310988	364.0	231.0
58548	310988	369.0	232.0
58560	310988	374.0	232.0
58572	310988	380.0	234.0
58584	310988	386.0	235.0
58596	310988	395.0	237.0
58608	310988	401.0	238.0
58620	310988	412.0	240.0
58632	310988	423.0	242.0
58644	310988	434.0	245.0
58656	310988	449.0	248.0
58668	310988	466.0	250.0
58680	310988	484.0	255.0
58692	310988	511.0	260.0
58704	310988	540.0	267.0
58716	310988	578.0	274.0
58728	310988	628.0	284.0
58740	310988	698.0	298.0
58752	310988	799.0	319.0
58764	310988	957.0	351.0
58440	310992	277.0	226.0
58452	310992	279.0	226.0
58464	310992	278.0	226.0
58476	310992	281.0952380952381	227.0
58488	310992	281.6666666666667	227.0
58500	310992	282.0	227.0
58512	310992	283.0	227.0
58524	310992	284.0	228.0
58536	310992	285.0	228.0
58548	310992	287.0	229.0
58560	310992	289.0	229.0
58572	310992	289.0	230.0
58584	310992	290.5	231.75
58596	310992	292.0	232.0
58608	310992	294.0	232.0
58620	310992	296.0	233.0
58632	310992	298.0	235.0
58644	310992	299.0	236.0
58656	310992	301.0	236.0
58668	310992	305.0	237.0
58680	310992	306.0	238.0
58692	310992	311.0	240.0
58704	310992	316.0	241.0
58716	310992	321.0	243.0
58728	310992	325.0	245.0
58740	310992	332.0	247.0
58752	310992	337.0	249.0
58764	310992	344.0	251.0
58776	310992	352.0	253.0
58788	310992	362.0	256.0
58800	310992	371.0	261.0
58812	310992	383.0	265.0
58824	310992	395.0	271.0
58836	310992	411.0	277.0
58848	310992	431.0	285.0
58860	310992	455.0	295.0
58872	310992	486.0	308.0
58884	310992	529.0	325.0
58896	310992	589.0	352.0
58908	310992	687.0	394.0
58920	310992	856.0	467.0
58932	310992	994.0	541.0
58500	311004	308.0	228.25
58512	311004	309.6666666666667	229.5
58524	311004	312.3333333333333	231.5
58536	311004	315.0	232.0
58548	311004	317.0	234.0
58560	311004	320.0	234.0
58572	311004	323.0	235.0
58584	311004	326.0	237.0
58596	311004	330.0	239.0
58608	311004	335.0	241.0
58620	311004	341.0	243.0
58632	311004	345.0	245.0
58644	311004	352.0	248.0
58656	311004	358.0	250.0
58668	311004	368.0	255.0
58680	311004	377.0	258.0
58692	311004	388.0	264.0
58704	311004	402.0	269.0
58716	311004	421.0	277.0
58728	311004	444.0	288.0
58740	311004	474.0	301.0
58752	311004	517.0	321.0
58764	311004	583.0	351.0
58776	311004	698.0	402.0
58788	311004	939.0	511.0
58704	311035	325.25	229.0
58716	311035	327.0	229.0
58728	311035	329.4	229.8
58740	311035	332.0	230.0
58752	311035	335.53846153846155	231.84615384615384
58764	311035	339.0	232.0
58776	311035	341.0	233.0
58788	311035	346.0	233.0
58800	311035	350.0	236.0
58812	311035	355.0	238.0
58824	311035	360.0	239.0
58836	311035	365.0	240.0
58848	311035	372.0	243.0
58860	311035	380.0	246.0
58872	311035	387.0	247.0
58884	311035	397.0	250.0
58896	311035	408.0	254.0
58908	311035	420.0	258.0
58920	311035	436.0	262.0
58932	311035	454.0	267.0
58944	311035	476.0	273.0
58956	311035	503.0	282.0
58968	311035	538.0	293.0
58980	311035	587.0	308.0
58992	311035	652.0	327.0
59004	311035	752.0	357.0
59016	311035	926.0	410.0
59028	311035	973.0	436.0
59040	311035	990.0	451.0
59052	311035	1007.0	471.0
58836	311079	289.6	233.0
58848	311079	290.0	235.0
58860	311079	292.0	236.0
58872	311079	293.0	236.0
58884	311079	294.6	237.0
58896	311079	296.0	238.0
58908	311079	298.0	239.0
58920	311079	300.0	240.0
58932	311079	303.0	242.0
58944	311079	305.0	244.0
58956	311079	309.0	246.0
58968	311079	312.0	248.0
58980	311079	315.0	249.0
58992	311079	319.0	251.0
59004	311079	323.0	255.0
59016	311079	329.0	258.0
59028	311079	333.0	261.0
59040	311079	340.0	266.0
59052	311079	347.0	270.0
59064	311079	356.0	276.0
59076	311079	366.0	283.0
59088	311079	379.0	292.0
59100	311079	396.0	304.0
59112	311079	417.0	319.0
59124	311079	448.0	342.0
59136	311079	493.0	374.0
59148	311079	568.0	427.0
59160	311079	713.0	533.0
59172	311079	854.0	540.0
58896	311106	309.0	234.0
58908	311106	312.0	235.0
58920	311106	315.0	238.0
58932	311106	319.0	238.0
58944	311106	323.0	239.0
58956	311106	328.0	241.0
58968	311106	331.0	242.0
58980	311106	336.0	243.0
58992	311106	340.0	244.0
59004	311106	348.0	248.0
59016	311106	354.0	249.0
59028	311106	362.0	252.0
59040	311106	372.0	256.0
59052	311106	382.0	259.0
59064	311106	392.0	264.0
59076	311106	407.0	270.0
59088	311106	425.0	277.0
59100	311106	447.0	285.0
59112	311106	477.0	297.0
59124	311106	516.0	313.0
59136	311106	573.0	337.0
59148	311106	665.0	374.0
59160	311106	834.0	443.0
59172	311106	1000.0	542.0
58920	311115	358.0	234.0
58932	311115	364.0	235.0
58944	311115	372.0	238.0
58956	311115	379.0	239.0
58968	311115	386.0	242.0
58980	311115	395.0	243.0
58992	311115	403.0	243.0
59004	311115	415.0	245.0
59016	311115	429.0	249.0
59028	311115	445.0	253.0
59040	311115	464.0	259.0
59052	311115	483.0	264.0
59064	311115	509.0	269.0
59076	311115	541.0	278.0
59088	311115	580.0	287.0
59100	311115	637.0	303.0
59112	311115	708.0	319.0
59124	311115	822.0	346.0
59136	311115	968.0	388.0
59148	311115	981.0	396.0
59160	311115	971.0	364.0
59172	311115	1013.0	404.0
58980	311139	298.0	232.0
58992	311139	298.0	232.0
59004	311139	299.0	234.0
59016	311139	300.0	235.0
59028	311139	303.0	235.0
59040	311139	306.0	237.0
59052	311139	307.0	237.0
59064	311139	311.0	238.0
59076	311139	313.0	240.0
59088	311139	318.0	242.0
59100	311139	321.0	243.0
59112	311139	324.0	245.0
59124	311139	329.0	247.0
59136	311139	336.0	248.0
59148	311139	341.0	250.0
59160	311139	347.0	253.0
59172	311139	356.0	255.0
59184	311139	364.0	258.0
59196	311139	374.0	262.0
59208	311139	386.0	266.0
59220	311139	398.0	271.0
59232	311139	413.0	277.0
59244	311139	430.0	284.0
59256	311139	454.0	293.0
59268	311139	481.0	303.0
59280	311139	517.0	318.0
59292	311139	567.0	337.0
59304	311139	639.0	366.0
59316	311139	753.0	413.0
59328	311139	956.0	499.0
59340	311139	1007.0	541.0
58992	311154	352.5	227.5
59004	311154	358.0	229.0
59016	311154	362.0	229.0
59028	311154	367.0	232.0
59040	311154	371.0	232.0
59052	311154	375.0	233.0
59064	311154	381.0	234.0
59076	311154	388.0	235.0
59088	311154	394.0	236.0
59100	311154	401.0	237.0
59112	311154	410.0	240.0
59124	311154	419.0	241.0
59136	311154	431.0	243.0
59148	311154	441.0	246.0
59160	311154	456.0	249.0
59172	311154	473.0	252.0
59184	311154	493.0	256.0
59196	311154	516.0	261.0
59208	311154	543.0	266.0
59220	311154	580.0	273.0
59232	311154	625.0	283.0
59244	311154	687.0	295.0
59256	311154	773.0	313.0
59268	311154	901.0	338.0
58992	311161	320.0	233.66666666666666
59004	311161	325.2	235.2
59016	311161	329.47058823529414	236.2941176470588
59028	311161	333.0	237.0
59040	311161	338.0	239.0
59052	311161	343.0	240.0
59064	311161	348.0	242.0
59076	311161	354.0	244.0
59088	311161	363.0	246.0
59100	311161	371.0	249.0
59112	311161	381.0	251.0
59124	311161	392.0	255.0
59136	311161	405.0	259.0
59148	311161	419.0	262.0
59160	311161	438.0	268.0
59172	311161	459.0	275.0
59184	311161	486.0	284.0
59196	311161	521.0	295.0
59208	311161	567.0	310.0
59220	311161	634.0	332.0
59232	311161	743.0	366.0
59244	311161	923.0	425.0
59004	311167	354.24242424242425	227.0
59016	311167	354.6060606060606	227.0
59028	311167	354.969696969697	227.0
59040	311167	355.3333333333333	227.0
59052	311167	355.6969696969697	227.0
59064	311167	356.0	228.0
59076	311167	359.0	229.0
59088	311167	363.42857142857144	229.85714285714286
59100	311167	368.0	231.0
59112	311167	372.3333333333333	231.33333333333334
59124	311167	377.0	233.0
59136	311167	382.0	234.0
59148	311167	388.0	235.0
59160	311167	396.0	237.0
59172	311167	403.0	238.0
59184	311167	412.0	240.0
59196	311167	421.0	242.0
59208	311167	434.0	245.0
59220	311167	445.0	247.0
59232	311167	459.0	250.0
59244	311167	475.0	253.0
59256	311167	495.0	257.0
59268	311167	518.0	261.0
59280	311167	545.0	267.0
59292	311167	580.0	274.0
59304	311167	622.0	283.0
59316	311167	681.0	294.0
59328	311167	762.0	310.0
59340	311167	880.0	334.0
59352	311167	991.0	366.0
59148	311255	290.07142857142856	231.07142857142858
59160	311255	290.92857142857144	231.92857142857142
59172	311255	291.0	233.0
59184	311255	293.0	234.0
59196	311255	296.0	235.0
59208	311255	296.0	235.0
59220	311255	298.0	237.0
59232	311255	300.0	237.0
59244	311255	302.0	238.0
59256	311255	304.0	240.0
59268	311255	306.0	242.0
59280	311255	307.0	242.0
59292	311255	312.0	244.0
59304	311255	314.0	246.0
59316	311255	317.0	248.0
59328	311255	320.0	250.0
59340	311255	324.0	253.0
59352	311255	328.0	256.0
59364	311255	333.0	259.0
59376	311255	338.0	263.0
59388	311255	346.0	268.0
59400	311255	353.0	272.0
59412	311255	362.0	279.0
59424	311255	374.0	286.0
59436	311255	388.0	296.0
59448	311255	407.0	308.0
59460	311255	430.0	323.0
59472	311255	464.0	344.0
59484	311255	513.0	376.0
59496	311255	590.0	429.0
59508	311255	740.0	532.0
59520	311255	895.0	539.0
59244	311313	321.0	235.0
59256	311313	324.0	236.0
59268	311313	328.0	238.0
59280	311313	331.0	239.0
59292	311313	335.0	241.0
59304	311313	338.0	243.0
59316	311313	344.0	245.0
59328	311313	349.0	247.0
59340	311313	357.0	250.0
59352	311313	364.0	252.0
59364	311313	373.0	256.0
59376	311313	384.0	261.0
59388	311313	397.0	266.0
59400	311313	414.0	272.0
59412	311313	433.0	280.0
59424	311313	460.0	290.0
59436	311313	495.0	305.0
59448	311313	545.0	325.0
59460	311313	621.0	358.0
59472	311313	759.0	416.0
59484	311313	995.0	540.0
59328	311375	298.0	237.0
59340	311375	301.0	238.0
59352	311375	302.0	238.0
59364	311375	306.0	240.0
59376	311375	307.0	241.0
59388	311375	310.0	243.0
59400	311375	313.0	245.0
59412	311375	315.0	247.0
59424	311375	319.0	249.0
59436	311375	323.0	251.0
59448	311375	327.0	254.0
59460	311375	333.0	257.0
59472	311375	336.0	261.0
59484	311375	343.0	265.0
59496	311375	352.0	270.0
59508	311375	362.0	275.0
59520	311375	372.0	282.0
59532	311375	385.0	290.0
59544	311375	402.0	300.0
59556	311375	425.0	314.0
59568	311375	454.0	333.0
59580	311375	494.0	358.0
59592	311375	557.0	400.0
59604	311375	666.0	471.0
59616	311375	842.0	541.0
59352	311388	283.0	233.0
59364	311388	286.0	233.0
59376	311388	287.0	234.0
59388	311388	291.0	236.0
59400	311388	291.0	236.0
59412	311388	293.0	237.0
59424	311388	295.0	238.0
59436	311388	297.0	239.0
59448	311388	300.0	240.0
59460	311388	304.0	242.0
59472	311388	307.0	244.0
59484	311388	310.0	246.0
59496	311388	314.0	247.0
59508	311388	319.0	249.0
59520	311388	322.0	252.0
59532	311388	328.0	255.0
59544	311388	333.0	258.0
59556	311388	341.0	262.0
59568	311388	347.0	266.0
59580	311388	356.0	271.0
59592	311388	366.0	278.0
59604	311388	379.0	286.0
59616	311388	396.0	295.0
59628	311388	417.0	309.0
59640	311388	448.0	327.0
59652	311388	491.0	352.0
59664	311388	561.0	392.0
59676	311388	687.0	466.0
59688	311388	908.0	542.0
59388	311405	333.0	233.0
59400	311405	335.7142857142857	233.85714285714286
59412	311405	339.0	235.0
59424	311405	344.0	236.0
59436	311405	348.0	238.0
59448	311405	353.0	239.0
59460	311405	359.0	240.0
59472	311405	364.0	242.0
59484	311405	370.0	244.0
59496	311405	377.0	245.0
59508	311405	385.0	248.0
59520	311405	395.0	250.0
59532	311405	404.0	253.0
59544	311405	417.0	256.0
59556	311405	429.0	260.0
59568	311405	444.0	264.0
59580	311405	464.0	270.0
59592	311405	485.0	277.0
59604	311405	515.0	284.0
59616	311405	547.0	289.0
59628	311405	601.0	307.0
59640	311405	667.0	329.0
59652	311405	765.0	358.0
59664	311405	926.0	406.0
59676	311405	1001.0	456.0
59472	311446	315.0	226.0
59484	311446	316.7307692307692	226.34615384615384
59496	311446	319.03846153846155	226.80769230769232
59508	311446	320.0	227.0
59520	311446	322.0	228.0
59532	311446	323.3	228.3
59544	311446	327.0	231.0
59556	311446	328.0	231.0
59568	311446	330.0	231.0
59580	311446	333.0	232.0
59592	311446	338.0	232.0
59604	311446	339.0	233.0
59616	311446	344.0	235.0
59628	311446	346.0	235.0
59640	311446	352.0	236.0
59652	311446	357.0	238.0
59664	311446	363.0	239.66666666666666
59676	311446	368.0	241.0
59688	311446	374.0	243.0
59700	311446	381.0	245.0
59712	311446	388.0	248.0
59724	311446	397.0	250.0
59736	311446	406.0	253.0
59748	311446	418.0	257.0
59760	311446	431.0	260.0
59772	311446	447.0	265.0
59784	311446	466.0	271.0
59796	311446	488.0	274.0
59808	311446	518.0	283.0
59820	311446	558.0	295.0
59832	311446	609.0	308.0
59844	311446	686.0	333.0
59856	311446	804.0	372.0
59868	311446	979.0	437.0
59496	311458	300.0	238.0
59508	311458	301.0	239.0
59520	311458	302.0	240.0
59532	311458	306.0	241.0
59544	311458	309.0	243.0
59556	311458	312.0	245.0
59568	311458	314.0	247.0
59580	311458	320.0	249.0
59592	311458	323.0	250.0
59604	311458	329.0	253.0
59616	311458	335.0	256.0
59628	311458	342.0	259.0
59640	311458	349.0	262.0
59652	311458	358.0	265.0
59664	311458	368.0	270.0
59676	311458	380.0	276.0
59688	311458	394.0	282.0
59700	311458	412.0	289.0
59712	311458	432.0	299.0
59724	311458	458.0	311.0
59736	311458	493.0	327.0
59748	311458	540.0	349.0
59760	311458	612.0	382.0
59772	311458	725.0	438.0
59784	311458	936.0	538.0
59796	311458	973.0	539.0
59520	311476	284.0	231.0
59532	311476	285.0	232.0
59544	311476	287.0	232.0
59556	311476	288.0	234.0
59568	311476	289.0	234.0
59580	311476	289.0	236.0
59592	311476	292.0	235.0
59604	311476	293.0	236.0
59616	311476	296.0	237.0
59628	311476	298.0	238.0
59640	311476	301.0	240.0
59652	311476	304.0	242.0
59664	311476	307.0	242.0
59676	311476	310.0	244.0
59688	311476	313.0	246.0
59700	311476	317.0	248.0
59712	311476	320.0	250.0
59724	311476	325.0	252.0
59736	311476	331.0	255.0
59748	311476	335.0	258.0
59760	311476	343.0	262.0
59772	311476	349.0	265.0
59784	311476	358.0	271.0
59796	311476	368.0	276.0
59808	311476	381.0	284.0
59820	311476	397.0	292.0
59832	311476	417.0	303.0
59844	311476	441.0	318.0
59856	311476	477.0	339.0
59868	311476	528.0	369.0
59880	311476	609.0	417.0
59892	311476	758.0	509.0
59904	311476	935.0	540.0
59640	311517	330.0	229.0
59652	311517	332.0	231.0
59664	311517	333.0	232.0
59676	311517	338.0	233.0
59688	311517	341.0	234.0
59700	311517	341.0	234.0
59712	311517	346.0	235.0
59724	311517	349.0	237.0
59736	311517	354.0	238.0
59748	311517	357.0	239.0
59760	311517	362.0	240.0
59772	311517	369.0	243.0
59784	311517	375.0	244.0
59796	311517	382.0	247.0
59808	311517	389.0	249.0
59820	311517	398.0	250.0
59832	311517	409.0	254.0
59844	311517	419.0	257.0
59856	311517	433.0	261.0
59868	311517	448.0	266.0
59880	311517	466.0	271.0
59892	311517	488.0	277.0
59904	311517	516.0	286.0
59916	311517	549.0	296.0
59928	311517	594.0	310.0
59940	311517	655.0	328.0
59952	311517	745.0	356.0
59964	311517	881.0	398.0
59976	311517	1001.0	462.0
59688	311549	282.6666666666667	228.0
59700	311549	283.0	229.0
59712	311549	284.0	228.83333333333334
59724	311549	284.0	229.0
59736	311549	287.0	231.0
59748	311549	289.0	231.0
59760	311549	287.90909090909093	231.45454545454547
59772	311549	292.0	232.0
59784	311549	293.0	234.0
59796	311549	294.9230769230769	234.46153846153845
59808	311549	296.0	236.0
59820	311549	298.0	236.0
59832	311549	301.0	237.0
59844	311549	303.0	239.0
59856	311549	305.0	240.0
59868	311549	307.0	241.0
59880	311549	311.0	243.0
59892	311549	314.0	244.0
59904	311549	317.0	246.0
59916	311549	321.0	249.0
59928	311549	326.0	251.0
59940	311549	330.0	253.0
59952	311549	336.0	256.0
59964	311549	342.0	260.0
59976	311549	348.0	264.0
59988	311549	357.0	269.0
60000	311549	366.0	274.0
60012	311549	376.0	280.0
60024	311549	389.0	288.0
60036	311549	405.0	298.0
60048	311549	424.0	310.0
60060	311549	451.0	327.0
60072	311549	485.0	349.0
60084	311549	535.0	381.0
60096	311549	614.0	432.0
60108	311549	762.0	527.0
60120	311549	910.0	539.0
59748	311587	316.0	241.0
59760	311587	323.0	244.0
59772	311587	330.0	246.0
59784	311587	335.0	246.0
59796	311587	343.0	249.0
59808	311587	350.0	251.0
59820	311587	356.0	253.0
59832	311587	363.0	256.0
59844	311587	373.0	260.0
59856	311587	384.0	265.0
59868	311587	394.0	269.0
59880	311587	408.0	274.0
59892	311587	423.0	282.0
59904	311587	443.0	289.0
59916	311587	466.0	299.0
59928	311587	496.0	312.0
59940	311587	537.0	330.0
59952	311587	594.0	353.0
59964	311587	682.0	392.0
59976	311587	827.0	455.0
59988	311587	988.0	543.0
59796	311600	323.75	230.0
59808	311600	326.0	230.0
59820	311600	329.0	231.0
59832	311600	331.0	233.0
59844	311600	334.0	234.0
59856	311600	339.0	234.0
59868	311600	342.0	236.0
59880	311600	346.0	237.0
59892	311600	350.0	238.0
59904	311600	355.0	238.0
59916	311600	360.0	240.0
59928	311600	367.0	243.0
59940	311600	373.0	245.0
59952	311600	381.0	246.0
59964	311600	389.0	249.0
59976	311600	398.0	252.0
59988	311600	409.0	255.0
60000	311600	423.0	259.0
60012	311600	437.0	263.0
60024	311600	454.0	268.0
60036	311600	476.0	274.0
60048	311600	502.0	282.0
60060	311600	535.0	292.0
60072	311600	579.0	305.0
60084	311600	639.0	323.0
60096	311600	728.0	350.0
60108	311600	866.0	392.0
60120	311600	1003.0	460.0
59880	311627	355.5	227.5
59892	311627	359.3333333333333	228.0
59904	311627	364.0	230.0
59916	311627	370.28	231.88
59928	311627	376.04	232.84
59940	311627	381.0	233.0
59952	311627	388.0	235.0
59964	311627	396.6666666666667	238.0
59976	311627	404.0	239.0
59988	311627	416.0	241.0
60000	311627	426.0	243.0
60012	311627	439.0	246.0
60024	311627	454.0	249.0
60036	311627	470.0	248.0
60048	311627	498.0	257.0
60060	311627	519.0	256.0
60072	311627	559.0	264.0
60084	311627	608.0	273.0
60096	311627	673.0	287.0
60108	311627	761.0	304.0
60120	311627	908.0	337.0
60012	311678	297.0	226.0
60024	311678	298.0	227.0
60036	311678	299.0	226.57142857142858
60048	311678	300.0	228.0
60060	311678	301.0	229.0
60072	311678	304.0	229.0
60084	311678	306.0	230.0
60096	311678	306.0	231.0
60108	311678	309.0	232.0
60120	311678	309.0	233.0
60132	311678	313.0	233.0
60144	311678	314.0	234.0
60156	311678	316.0	235.0
60168	311678	319.0	237.0
60180	311678	322.0	238.0
60192	311678	324.0	239.0
60204	311678	327.0	241.0
60216	311678	330.0	243.0
60228	311678	333.0	245.0
60240	311678	337.0	247.0
60252	311678	341.0	251.0
60264	311678	345.0	254.0
60276	311678	351.0	257.0
60288	311678	357.0	262.0
60300	311678	364.0	267.0
60312	311678	373.0	273.0
60324	311678	385.0	281.0
60336	311678	399.0	291.0
60348	311678	418.0	305.0
60360	311678	445.0	323.0
60372	311678	486.0	350.0
60384	311678	551.0	396.0
60396	311678	676.0	479.0
60408	311678	899.0	541.0
60192	311761	355.0	232.0
60204	311761	360.0	234.0
60216	311761	362.0	234.0
60228	311761	368.0	236.0
60240	311761	375.0	237.0
60252	311761	383.0	238.0
60264	311761	390.0	240.0
60276	311761	399.0	243.0
60288	311761	409.0	245.0
60300	311761	420.0	248.0
60312	311761	432.0	250.0
60324	311761	447.0	253.0
60336	311761	465.0	257.0
60348	311761	487.0	262.0
60360	311761	513.0	267.0
60372	311761	546.0	274.0
60384	311761	590.0	284.0
60396	311761	646.0	296.0
60408	311761	725.0	314.0
60420	311761	843.0	339.0
60432	311761	984.0	377.0
60192	311763	335.0	233.0
60204	311763	340.0	235.0
60216	311763	343.0	236.0
60228	311763	346.0	237.0
60240	311763	352.0	239.0
60252	311763	357.0	240.0
60264	311763	364.0	241.0
60276	311763	370.0	243.0
60288	311763	376.0	246.0
60300	311763	385.0	248.0
60312	311763	395.0	251.0
60324	311763	405.0	255.0
60336	311763	418.0	259.0
60348	311763	434.0	264.0
60360	311763	454.0	269.0
60372	311763	479.0	277.0
60384	311763	510.0	287.0
60396	311763	552.0	300.0
60408	311763	612.0	319.0
60420	311763	700.0	346.0
60432	311763	849.0	393.0
60444	311763	1006.0	468.0
60300	311799	332.0	232.0
60312	311799	337.0	232.0
60324	311799	340.0	234.0
60336	311799	344.0	235.0
60348	311799	348.0	237.0
60360	311799	353.0	237.0
60372	311799	359.0	238.0
60384	311799	365.0	241.0
60396	311799	373.0	243.0
60408	311799	380.0	245.0
60420	311799	388.0	248.0
60432	311799	398.0	250.0
60444	311799	410.0	253.0
60456	311799	424.0	258.0
60468	311799	440.0	262.0
60480	311799	461.0	269.0
60492	311799	486.0	276.0
60504	311799	519.0	286.0
60516	311799	563.0	300.0
60528	311799	625.0	319.0
60540	311799	722.0	347.0
60552	311799	887.0	398.0
60300	311802	355.0	230.0
60312	311802	360.0	229.0
60324	311802	364.375	231.0
60336	311802	370.0	232.0
60348	311802	376.0	233.0
60360	311802	382.0	235.0
60372	311802	389.0	235.0
60384	311802	396.0	237.0
60396	311802	406.0	239.0
60408	311802	416.0	241.0
60420	311802	427.0	243.0
60432	311802	440.0	246.0
60444	311802	455.0	249.0
60456	311802	474.0	252.0
60468	311802	494.0	257.0
60480	311802	523.0	262.0
60492	311802	556.0	268.0
60504	311802	598.0	277.0
60516	311802	656.0	289.0
60528	311802	740.0	305.0
60540	311802	865.0	330.0
60552	311802	996.0	367.0
60336	311812	307.0	229.0
60348	311812	309.0	231.0
60360	311812	310.8	231.0
60372	311812	314.0	232.0
60384	311812	315.0	235.0
60396	311812	319.0	235.0
60408	311812	322.0	235.0
60420	311812	324.0	237.0
60432	311812	328.0	239.0
60444	311812	332.0	240.0
60456	311812	336.0	242.0
60468	311812	342.0	245.0
60480	311812	349.0	248.0
60492	311812	355.0	249.0
60504	311812	364.0	252.0
60516	311812	374.0	256.0
60528	311812	386.0	262.0
60540	311812	397.0	266.0
60552	311812	415.0	274.0
60564	311812	437.0	282.0
60576	311812	465.0	294.0
60588	311812	501.0	309.0
60600	311812	557.0	332.0
60612	311812	644.0	367.0
60624	311812	799.0	434.0
60636	311812	996.0	543.0
60372	311827	298.6666666666667	227.0
60384	311827	300.0	227.0
60396	311827	301.0	228.0
60408	311827	302.0	228.0
60420	311827	305.0	229.0
60432	311827	306.0	229.0
60444	311827	306.0	230.0
60456	311827	308.0	231.0
60468	311827	312.0	233.0
60480	311827	313.0	233.0
60492	311827	316.0	234.0
60504	311827	318.0	235.0
60516	311827	323.0	235.0
60528	311827	325.0	237.0
60540	311827	329.0	238.0
60552	311827	332.0	240.0
60564	311827	337.0	242.0
60576	311827	342.0	244.0
60588	311827	348.0	246.0
60600	311827	353.0	249.0
60612	311827	362.0	251.0
60624	311827	370.0	255.0
60636	311827	379.0	259.0
60648	311827	390.0	262.0
60660	311827	404.0	268.0
60672	311827	421.0	275.0
60684	311827	442.0	284.0
60696	311827	469.0	295.0
60708	311827	505.0	310.0
60720	311827	556.0	331.0
60732	311827	635.0	363.0
60744	311827	764.0	418.0
60756	311827	1000.0	533.0
60372	311828	342.0	229.0
60384	311828	346.2	229.6
60396	311828	350.3529411764706	230.05882352941177
60408	311828	354.5882352941176	230.76470588235293
60420	311828	358.0	232.0
60432	311828	362.0	233.0
60444	311828	367.0	234.0
60456	311828	373.0	235.0
60468	311828	379.0	237.0
60480	311828	384.0	238.0
60492	311828	389.0	239.0
60504	311828	397.0	241.0
60516	311828	406.0	244.0
60528	311828	415.0	245.0
60540	311828	426.0	248.0
60552	311828	438.0	250.0
60564	311828	453.0	255.0
60576	311828	470.0	259.0
60588	311828	490.0	263.0
60600	311828	512.0	268.0
60612	311828	541.0	276.0
60624	311828	576.0	284.0
60636	311828	622.0	295.0
60648	311828	684.0	310.0
60660	311828	773.0	332.0
60672	311828	908.0	365.0
60684	311828	983.0	402.0
60696	311828	988.0	398.0
60708	311828	1000.0	410.0
60612	311932	336.0	234.0
60624	311932	341.0	236.0
60636	311932	346.0	237.0
60648	311932	351.0	238.0
60660	311932	355.0	239.0
60672	311932	361.0	241.0
60684	311932	369.0	245.0
60696	311932	376.0	246.0
60708	311932	386.0	250.0
60720	311932	396.0	252.0
60732	311932	407.0	256.0
60744	311932	422.0	260.0
60756	311932	438.0	266.0
60768	311932	459.0	272.0
60780	311932	485.0	281.0
60792	311932	517.0	290.0
60804	311932	561.0	304.0
60816	311932	623.0	323.0
60828	311932	717.0	353.0
60840	311932	874.0	403.0
60852	311932	1010.0	472.0
60624	311937	304.0	230.0
60636	311937	307.0	231.0
60648	311937	308.0	232.0
60660	311937	311.0	232.0
60672	311937	314.0	235.0
60684	311937	317.0	236.0
60696	311937	320.0	237.0
60708	311937	323.0	239.0
60720	311937	328.0	240.0
60732	311937	331.0	241.0
60744	311937	336.0	244.0
60756	311937	342.0	246.0
60768	311937	349.0	249.0
60780	311937	356.0	252.0
60792	311937	364.0	256.0
60804	311937	374.0	259.0
60816	311937	385.0	265.0
60828	311937	399.0	270.0
60840	311937	416.0	278.0
60852	311937	439.0	287.0
60864	311937	468.0	299.0
60876	311937	507.0	317.0
60888	311937	566.0	344.0
60900	311937	664.0	388.0
60912	311937	854.0	474.0
60924	311937	991.0	541.0
60648	311946	334.0	233.0
60660	311946	336.14285714285717	233.0
60672	311946	339.0	234.0
60684	311946	344.0	237.0
60696	311946	348.0	237.0
60708	311946	354.0	238.0
60720	311946	358.0	240.0
60732	311946	364.0	241.0
60744	311946	373.0	244.0
60756	311946	379.0	246.0
60768	311946	387.0	250.0
60780	311946	397.0	252.0
60792	311946	408.0	255.0
60804	311946	421.0	259.0
60816	311946	436.0	263.0
60828	311946	455.0	270.0
60840	311946	478.0	277.0
60852	311946	506.0	285.0
60864	311946	544.0	296.0
60876	311946	595.0	312.0
60888	311946	669.0	335.0
60900	311946	784.0	369.0
60912	311946	969.0	432.0
60684	311962	300.0	227.0
60696	311962	300.0	228.0
60708	311962	302.0	228.0
60720	311962	304.0	229.0
60732	311962	305.0	230.0
60744	311962	307.5882352941176	230.64705882352942
60756	311962	309.0	232.0
60768	311962	313.0	232.0
60780	311962	314.0	234.0
60792	311962	317.0	235.0
60804	311962	321.0	236.0
60816	311962	322.0	237.0
60828	311962	327.0	239.0
60840	311962	331.0	242.0
60852	311962	335.0	243.0
60864	311962	339.0	244.0
60876	311962	344.0	246.0
60888	311962	351.0	249.0
60900	311962	356.0	251.0
60912	311962	367.0	255.0
60924	311962	377.0	258.0
60936	311962	388.0	264.0
60948	311962	402.0	269.0
60960	311962	418.0	276.0
60972	311962	440.0	285.0
60984	311962	468.0	298.0
60996	311962	507.0	314.0
61008	311962	564.0	339.0
61020	311962	653.0	377.0
61032	311962	820.0	449.0
61044	311962	996.0	542.0
60756	311994	331.0	231.0
60768	311994	334.0	233.0
60780	311994	337.0	234.0
60792	311994	341.0	235.0
60804	311994	344.0	236.0
60816	311994	350.0	237.0
60828	311994	355.0	239.0
60840	311994	361.0	241.0
60852	311994	368.0	242.0
60864	311994	375.0	244.0
60876	311994	384.0	247.0
60888	311994	393.0	250.0
60900	311994	405.0	253.0
60912	311994	418.0	256.0
60924	311994	433.0	261.0
60936	311994	453.0	267.0
60948	311994	477.0	274.0
60960	311994	509.0	283.0
60972	311994	550.0	296.0
60984	311994	606.0	313.0
60996	311994	691.0	340.0
61008	311994	830.0	382.0
61020	311994	1000.0	457.0
60780	312009	357.6666666666667	232.66666666666666
60792	312009	362.2857142857143	234.07142857142858
60804	312009	365.7142857142857	234.92857142857142
60816	312009	373.0	237.0
60828	312009	379.0	238.0
60840	312009	385.0	240.0
60852	312009	392.0	241.0
60864	312009	400.0	243.0
60876	312009	410.0	245.0
60888	312009	422.0	247.0
60900	312009	434.0	250.0
60912	312009	448.0	253.0
60924	312009	464.0	257.0
60936	312009	485.0	262.0
60948	312009	510.0	268.0
60960	312009	539.0	274.0
60972	312009	577.0	284.0
60984	312009	627.0	296.0
60996	312009	696.0	313.0
61008	312009	797.0	331.0
61020	312009	955.0	359.0
60972	312092	328.0	231.0
60984	312092	332.0	231.0
60996	312092	335.0	232.0
61008	312092	338.0	233.0
61020	312092	342.0	234.0
61032	312092	345.0	235.0
61044	312092	349.0	237.0
61056	312092	355.0	238.0
61068	312092	360.0	240.0
61080	312092	365.0	241.0
61092	312092	372.0	244.0
61104	312092	379.0	246.0
61116	312092	388.0	248.0
61128	312092	396.0	249.0
61140	312092	404.0	245.0
61152	312092	420.0	253.0
61164	312092	438.0	262.0
61176	312092	458.0	268.0
61188	312092	481.0	276.0
61200	312092	511.0	285.0
61212	312092	549.0	297.0
61224	312092	604.0	314.0
61236	312092	683.0	338.0
61248	312092	807.0	376.0
61260	312092	987.0	446.0
60996	312106	321.0	236.0
61008	312106	325.0	236.0
61020	312106	330.0	238.0
61032	312106	332.0	240.0
61044	312106	337.0	242.0
61056	312106	343.0	244.0
61068	312106	349.0	246.0
61080	312106	355.0	249.0
61092	312106	364.0	251.0
61104	312106	372.0	256.0
61116	312106	384.0	260.0
61128	312106	397.0	266.0
61140	312106	414.0	272.0
61152	312106	433.0	281.0
61164	312106	460.0	292.0
61176	312106	494.0	306.0
61188	312106	546.0	328.0
61200	312106	625.0	362.0
61212	312106	766.0	422.0
61224	312106	993.0	541.0
61068	312130	308.0	230.0
61080	312130	310.0	230.0
61092	312130	313.0	232.0
61104	312130	314.5	232.0
61116	312130	318.0	233.0
61128	312130	319.0	234.0
61140	312130	323.0	235.0
61152	312130	326.0	236.0
61164	312130	330.0	238.0
61176	312130	333.0	240.0
61188	312130	337.0	242.0
61200	312130	342.0	243.0
61212	312130	350.0	246.0
61224	312130	355.0	248.0
61236	312130	362.0	250.0
61248	312130	371.0	255.0
61260	312130	380.0	259.0
61272	312130	391.0	263.0
61284	312130	405.0	269.0
61296	312130	422.0	276.0
61308	312130	445.0	286.0
61320	312130	474.0	298.0
61332	312130	515.0	316.0
61344	312130	574.0	341.0
61356	312130	673.0	384.0
61368	312130	862.0	464.0
61380	312130	996.0	541.0
61200	312174	307.0	228.0
61212	312174	308.0	229.0
61224	312174	309.5238095238095	229.76190476190476
61236	312174	311.8095238095238	230.9047619047619
61248	312174	315.3333333333333	232.0
61260	312174	316.57142857142856	233.28571428571428
61272	312174	319.0	234.0
61284	312174	322.0	235.0
61296	312174	324.0	236.0
61308	312174	328.0	236.0
61320	312174	330.5	238.0
61332	312174	334.0	239.0
61344	312174	340.0	241.0
61356	312174	345.0	242.0
61368	312174	348.0	244.0
61380	312174	353.0	247.0
61392	312174	360.0	249.0
61404	312174	367.0	252.0
61416	312174	375.0	255.0
61428	312174	385.0	259.0
61440	312174	396.0	263.0
61452	312174	409.0	268.0
61464	312174	424.0	275.0
61476	312174	443.0	283.0
61488	312174	468.0	292.0
61500	312174	500.0	305.0
61512	312174	543.0	324.0
61524	312174	607.0	350.0
61536	312174	711.0	392.0
61548	312174	899.0	467.0
61560	312174	1009.0	541.0
61212	312175	368.0	235.0
61224	312175	372.0	236.0
61236	312175	379.0	237.0
61248	312175	384.0	238.0
61260	312175	392.0	241.0
61272	312175	400.0	244.0
61284	312175	408.0	245.0
61296	312175	418.0	247.0
61308	312175	429.0	250.0
61320	312175	442.0	253.0
61332	312175	456.0	256.0
61344	312175	473.0	260.0
61356	312175	494.0	265.0
61368	312175	518.0	271.0
61380	312175	549.0	279.0
61392	312175	589.0	288.0
61404	312175	641.0	301.0
61416	312175	714.0	319.0
61428	312175	819.0	343.0
61440	312175	971.0	384.0
61212	312180	333.0	228.0
61224	312180	336.0	228.0
61236	312180	338.0	228.0
61248	312180	342.0	229.0
61260	312180	344.0	231.0
61272	312180	349.0	231.0
61284	312180	352.0	232.0
61296	312180	356.0	233.0
61308	312180	361.0	234.0
61320	312180	366.0	236.0
61332	312180	371.0	237.0
61344	312180	376.0	237.0
61356	312180	383.0	240.0
61368	312180	389.0	242.0
61380	312180	398.0	243.0
61392	312180	405.0	244.0
61404	312180	416.0	248.0
61416	312180	427.0	251.0
61428	312180	440.0	254.0
61440	312180	455.0	257.0
61452	312180	475.0	263.0
61464	312180	494.0	267.0
61476	312180	521.0	274.0
61488	312180	554.0	281.0
61500	312180	597.0	292.0
61512	312180	655.0	307.0
61524	312180	737.0	328.0
61536	312180	862.0	358.0
61548	312180	998.0	409.0
61272	312199	369.5	231.5
61284	312199	375.0	232.0
61296	312199	381.0	234.0
61308	312199	387.0	235.0
61320	312199	395.0	237.0
61332	312199	403.0	238.0
61344	312199	411.0	240.0
61356	312199	421.0	242.0
61368	312199	432.0	245.0
61380	312199	444.0	247.0
61392	312199	459.0	250.0
61404	312199	475.0	253.0
61416	312199	496.0	257.0
61428	312199	520.0	262.0
61440	312199	549.0	267.0
61452	312199	586.0	275.0
61464	312199	634.0	285.0
61476	312199	698.0	297.0
61488	312199	787.0	315.0
61500	312199	921.0	342.0
61308	312223	317.0	226.0
61320	312223	318.75	228.0
61332	312223	321.5	227.5
61344	312223	324.0	227.66666666666666
61356	312223	328.0	229.0
61368	312223	329.0	229.0
61380	312223	332.2	229.6
61392	312223	336.0	232.0
61404	312223	338.0	231.0
61416	312223	344.0	233.0
61428	312223	348.0	235.0
61440	312223	355.0	236.0
61452	312223	358.0	238.0
61464	312223	362.0	240.0
61476	312223	369.0	242.0
61488	312223	378.0	244.0
61500	312223	385.0	246.0
61512	312223	395.0	249.0
61524	312223	406.0	253.0
61536	312223	417.0	256.0
61548	312223	431.0	260.0
61560	312223	455.0	267.0
61572	312223	472.0	273.0
61584	312223	497.0	282.0
61596	312223	531.0	292.0
61608	312223	581.0	307.0
61620	312223	649.0	328.0
61632	312223	754.0	360.0
61644	312223	935.0	415.0
61656	312223	970.0	438.0
61668	312223	986.0	448.0
61680	312223	1015.0	452.0
61392	312243	354.6666666666667	231.0
61404	312243	360.0	233.0
61416	312243	363.0	235.0
61428	312243	369.0	234.0
61440	312243	373.0	235.0
61452	312243	381.0	237.0
61464	312243	387.0	239.0
61476	312243	395.0	241.0
61488	312243	404.0	243.0
61500	312243	413.0	245.0
61512	312243	425.0	248.0
61524	312243	438.0	251.0
61536	312243	453.0	255.0
61548	312243	472.0	258.0
61560	312243	492.0	264.0
61572	312243	519.0	270.0
61584	312243	552.0	278.0
61596	312243	595.0	287.0
61608	312243	655.0	301.0
61620	312243	739.0	322.0
61632	312243	868.0	351.0
61464	312266	316.0	235.0
61476	312266	319.0	236.0
61488	312266	321.0	235.0
61500	312266	325.0	237.0
61512	312266	328.0	238.0
61524	312266	330.0	241.0
61536	312266	335.0	242.0
61548	312266	341.0	244.0
61560	312266	346.0	247.0
61572	312266	351.0	249.0
61584	312266	359.0	252.0
61596	312266	367.0	255.0
61608	312266	377.0	259.0
61620	312266	388.0	265.0
61632	312266	401.0	269.0
61644	312266	419.0	276.0
61656	312266	441.0	285.0
61668	312266	468.0	297.0
61680	312266	505.0	312.0
61692	312266	558.0	333.0
61704	312266	642.0	367.0
61716	312266	785.0	429.0
61728	312266	994.0	542.0
61536	312280	301.0	228.0
61548	312280	302.7	228.0
61560	312280	304.93333333333334	228.46666666666667
61572	312280	307.0	230.0
61584	312280	308.0	231.0
61596	312280	311.0	231.0
61608	312280	313.0	233.0
61620	312280	315.0	234.0
61632	312280	318.0	234.0
61644	312280	321.0	235.0
61656	312280	324.0	237.0
61668	312280	327.0	238.0
61680	312280	331.0	240.0
61692	312280	333.0	241.0
61704	312280	338.0	243.0
61716	312280	343.0	246.0
61728	312280	350.0	248.0
61740	312280	356.0	250.0
61752	312280	365.0	253.0
61764	312280	373.0	257.0
61776	312280	384.0	263.0
61788	312280	396.0	268.0
61800	312280	411.0	274.0
61812	312280	429.0	282.0
61824	312280	454.0	292.0
61836	312280	485.0	306.0
61848	312280	529.0	325.0
61860	312280	596.0	354.0
61872	312280	706.0	403.0
61884	312280	920.0	500.0
61548	312282	321.0	236.0
61560	312282	324.0	237.0
61572	312282	328.0	239.0
61584	312282	332.0	240.0
61596	312282	336.0	242.0
61608	312282	341.0	243.0
61620	312282	346.0	246.0
61632	312282	352.0	249.0
61644	312282	360.0	251.0
61656	312282	367.0	254.0
61668	312282	377.0	258.0
61680	312282	388.0	263.0
61692	312282	401.0	268.0
61704	312282	416.0	275.0
61716	312282	438.0	283.0
61728	312282	463.0	294.0
61740	312282	497.0	308.0
61752	312282	546.0	329.0
61764	312282	619.0	359.0
61776	312282	742.0	412.0
61788	312282	970.0	519.0
61596	312299	353.2	227.2
61608	312299	356.5	228.0
61620	312299	358.5	229.0
61632	312299	363.0	230.0
61644	312299	366.0	231.0
61656	312299	370.0	232.0
61668	312299	375.0	232.0
61680	312299	380.0	234.0
61692	312299	386.0	234.0
61704	312299	391.0	235.0
61716	312299	398.0	237.0
61728	312299	404.0	239.0
61740	312299	412.0	240.0
61752	312299	421.0	242.0
61764	312299	432.0	244.0
61776	312299	442.0	247.0
61788	312299	455.0	249.0
61800	312299	469.0	252.0
61812	312299	487.0	255.0
61824	312299	506.0	259.0
61836	312299	530.0	264.0
61848	312299	559.0	269.0
61860	312299	594.0	276.0
61872	312299	640.0	286.0
61884	312299	699.0	298.0
61896	312299	783.0	315.0
61908	312299	901.0	337.0
61920	312299	994.0	364.0
61644	312308	298.0	227.0
61656	312308	301.0	227.0
61668	312308	300.0	228.0
61680	312308	303.0	228.0
61692	312308	304.0	229.0
61704	312308	306.0	229.0
61716	312308	307.0	231.0
61728	312308	309.0	232.0
61740	312308	312.0	233.0
61752	312308	314.0	234.0
61764	312308	317.0	235.0
61776	312308	320.0	236.0
61788	312308	323.0	237.0
61800	312308	326.0	238.0
61812	312308	331.0	240.0
61824	312308	335.0	242.0
61836	312308	339.0	244.0
61848	312308	345.0	247.0
61860	312308	351.0	249.0
61872	312308	358.0	253.0
61884	312308	367.0	257.0
61896	312308	377.0	261.0
61908	312308	388.0	266.0
61920	312308	402.0	272.0
61932	312308	421.0	281.0
61944	312308	445.0	290.0
61956	312308	476.0	304.0
61968	312308	519.0	323.0
61980	312308	582.0	351.0
61992	312308	689.0	399.0
62004	312308	899.0	493.0
61704	312335	361.0	233.0
61716	312335	363.0	235.0
61728	312335	370.0	236.0
61740	312335	375.0	236.0
61752	312335	383.0	239.0
61764	312335	388.0	240.0
61776	312335	396.0	241.0
61788	312335	404.0	244.0
61800	312335	413.0	246.0
61812	312335	422.0	248.0
61824	312335	435.0	251.0
61836	312335	448.0	255.0
61848	312335	465.0	259.0
61860	312335	482.0	263.0
61872	312335	508.0	269.0
61884	312335	536.0	276.0
61896	312335	574.0	285.0
61908	312335	621.0	296.0
61920	312335	688.0	312.0
61932	312335	784.0	336.0
61944	312335	933.0	371.0
61728	312344	331.2	231.6
61740	312344	333.9375	232.3125
61752	312344	336.0	234.0
61764	312344	340.0	235.0
61776	312344	344.0	236.0
61788	312344	349.0	237.0
61800	312344	354.0	238.0
61812	312344	360.0	240.0
61824	312344	367.0	243.0
61836	312344	374.0	245.0
61848	312344	383.0	248.0
61860	312344	394.0	250.0
61872	312344	405.0	254.0
61884	312344	419.0	258.0
61896	312344	437.0	264.0
61908	312344	456.0	269.0
61920	312344	482.0	277.0
61932	312344	516.0	287.0
61944	312344	560.0	301.0
61956	312344	623.0	320.0
61968	312344	719.0	351.0
61980	312344	888.0	401.0
61992	312344	1005.0	465.0
61836	312411	324.25	229.0
61848	312411	327.57142857142856	230.0
61860	312411	331.2142857142857	230.64285714285714
61872	312411	334.0	232.0
61884	312411	337.0	234.0
61896	312411	341.0	234.0
61908	312411	345.0	235.0
61920	312411	351.0	237.0
61932	312411	355.0	239.0
61944	312411	361.0	240.0
61956	312411	369.0	242.0
61968	312411	376.0	244.0
61980	312411	385.0	248.0
61992	312411	396.0	250.0
62004	312411	408.0	253.0
62016	312411	421.0	258.0
62028	312411	438.0	264.0
62040	312411	460.0	270.0
62052	312411	487.0	279.0
62064	312411	522.0	289.0
62076	312411	570.0	304.0
62088	312411	642.0	326.0
62100	312411	754.0	361.0
62112	312411	955.0	423.0
61872	312433	302.0	224.0
61884	312433	303.4347826086956	224.2391304347826
61896	312433	305.0	224.5
61908	312433	306.5652173913044	224.7608695652174
61920	312433	309.0	225.0
61932	312433	308.88235294117646	225.2941176470588
61944	312433	311.0	226.0
61956	312433	314.0	226.0
61968	312433	315.0	227.0
61980	312433	318.0	228.0
61992	312433	319.0	229.0
62004	312433	322.0	230.0
62016	312433	325.5	229.0
62028	312433	329.0	231.0
62040	312433	331.0	233.0
62052	312433	334.0	234.0
62064	312433	337.0	234.0
62076	312433	342.0	237.0
62088	312433	345.0	237.0
62100	312433	350.0	238.0
62112	312433	356.0	241.0
62124	312433	363.0	243.0
62136	312433	370.0	245.0
62148	312433	379.0	248.0
62160	312433	388.0	250.0
62172	312433	401.0	254.0
62184	312433	413.0	258.0
62196	312433	429.0	263.0
62208	312433	449.0	270.0
62220	312433	476.0	278.0
62232	312433	508.0	289.0
62244	312433	554.0	304.0
62256	312433	620.0	325.0
62268	312433	724.0	359.0
62280	312433	909.0	419.0
61884	312441	368.0	231.33333333333334
61896	312441	373.0	232.0
61908	312441	378.0	232.0
61920	312441	384.0	234.0
61932	312441	390.0	235.0
61944	312441	398.0	237.0
61956	312441	406.0	238.0
61968	312441	416.0	240.0
61980	312441	427.0	243.0
61992	312441	438.0	245.0
62004	312441	451.0	247.0
62016	312441	465.0	250.0
62028	312441	484.0	254.0
62040	312441	506.0	258.0
62052	312441	532.0	263.0
62064	312441	562.0	269.0
62076	312441	601.0	277.0
62088	312441	649.0	287.0
62100	312441	710.0	293.0
62112	312441	812.0	317.0
62124	312441	948.0	346.0
61944	312487	341.1666666666667	229.0
61956	312487	344.6363636363636	229.0
61968	312487	347.0	231.0
61980	312487	351.0	232.0
61992	312487	355.3333333333333	232.66666666666666
62004	312487	360.0	234.0
62016	312487	364.0	235.0
62028	312487	370.0	235.0
62040	312487	376.0	238.0
62052	312487	382.0	238.0
62064	312487	388.0	241.0
62076	312487	397.0	243.0
62088	312487	404.0	244.0
62100	312487	415.0	248.0
62112	312487	426.0	250.0
62124	312487	440.0	253.0
62136	312487	454.0	256.0
62148	312487	472.0	261.0
62160	312487	493.0	266.0
62172	312487	519.0	272.0
62184	312487	551.0	279.0
62196	312487	593.0	290.0
62208	312487	648.0	303.0
62220	312487	725.0	322.0
62232	312487	840.0	349.0
62244	312487	985.0	395.0
61992	312532	345.0	231.0
62004	312532	344.0	231.0
62016	312532	348.6666666666667	231.0
62028	312532	353.0	232.0
62040	312532	357.0	234.0
62052	312532	361.0	234.0
62064	312532	365.0	236.0
62076	312532	371.0	237.0
62088	312532	377.0	238.0
62100	312532	385.0	240.0
62112	312532	391.0	242.0
62124	312532	400.0	245.0
62136	312532	410.0	247.0
62148	312532	420.0	250.0
62160	312532	433.0	252.0
62172	312532	448.0	256.0
62184	312532	464.0	260.0
62196	312532	485.0	265.0
62208	312532	509.0	271.0
62220	312532	540.0	279.0
62232	312532	578.0	288.0
62244	312532	630.0	301.0
62256	312532	700.0	319.0
62268	312532	804.0	345.0
62280	312532	965.0	386.0
62040	312544	295.0	226.0
62052	312544	297.0	227.0
62064	312544	298.0	227.0
62076	312544	298.0	226.0
62088	312544	300.0	228.0
62100	312544	301.0	228.0
62112	312544	304.0	230.0
62124	312544	305.0	230.0
62136	312544	307.0	232.0
62148	312544	309.0	233.0
62160	312544	312.0	233.0
62172	312544	316.0	234.0
62184	312544	319.0	236.0
62196	312544	322.0	237.0
62208	312544	326.0	239.0
62220	312544	331.0	241.0
62232	312544	336.0	243.0
62244	312544	342.0	245.0
62256	312544	349.0	247.0
62268	312544	357.0	249.0
62280	312544	365.0	253.0
62292	312544	376.0	256.0
62304	312544	388.0	262.0
62316	312544	405.0	268.0
62328	312544	423.0	276.0
62340	312544	448.0	286.0
62352	312544	482.0	300.0
62364	312544	531.0	319.0
62376	312544	604.0	349.0
62388	312544	735.0	402.0
62400	312544	981.0	518.0
62160	312596	358.0	228.0
62172	312596	363.0	229.0
62184	312596	368.0	231.25
62196	312596	373.0	232.0
62208	312596	379.0	234.0
62220	312596	384.0	235.0
62232	312596	393.0	235.0
62244	312596	400.0	238.0
62256	312596	409.0	240.0
62268	312596	417.0	241.0
62280	312596	430.0	243.0
62292	312596	443.0	247.0
62304	312596	457.0	249.0
62316	312596	474.0	252.0
62328	312596	495.0	256.0
62340	312596	518.0	261.0
62352	312596	549.0	267.0
62364	312596	586.0	275.0
62376	312596	636.0	285.0
62388	312596	703.0	298.0
62400	312596	800.0	318.0
62412	312596	950.0	347.0
62196	312609	343.0	226.0
62208	312609	345.0	227.0
62220	312609	349.0	228.0
62232	312609	353.0	228.0
62244	312609	356.0	229.0
62256	312609	361.0	230.0
62268	312609	365.0	231.0
62280	312609	372.0	232.0
62292	312609	375.0	233.0
62304	312609	382.0	234.0
62316	312609	390.0	235.0
62328	312609	397.0	237.0
62340	312609	406.0	239.0
62352	312609	417.0	242.0
62364	312609	429.0	244.0
62376	312609	440.0	247.0
62388	312609	457.0	250.0
62400	312609	474.0	254.0
62412	312609	497.0	258.0
62424	312609	524.0	264.0
62436	312609	559.0	271.0
62448	312609	603.0	280.0
62460	312609	664.0	293.0
62472	312609	752.0	312.0
62484	312609	888.0	340.0
62328	312640	354.0	232.0
62340	312640	360.75	233.25
62352	312640	364.0	234.0
62364	312640	370.0	236.0
62376	312640	379.0	236.0
62388	312640	383.0	238.0
62400	312640	388.0	240.0
62412	312640	399.0	243.0
62424	312640	408.0	244.0
62436	312640	420.0	248.0
62448	312640	433.0	250.0
62460	312640	447.0	254.0
62472	312640	465.0	258.0
62484	312640	486.0	264.0
62496	312640	511.0	269.0
62508	312640	545.0	277.0
62520	312640	588.0	288.0
62532	312640	646.0	302.0
62544	312640	728.0	322.0
62556	312640	856.0	353.0
62568	312640	999.0	407.0
62388	312666	355.55555555555554	229.0
62400	312666	354.6666666666667	229.0
62412	312666	354.0	229.0
62424	312666	357.0	228.0
62436	312666	361.0	231.0
62448	312666	363.0	231.0
62460	312666	367.0	232.0
62472	312666	373.0	234.0
62484	312666	379.0	236.0
62496	312666	385.0	237.0
62508	312666	391.0	238.0
62520	312666	400.0	242.0
62532	312666	408.0	243.0
62544	312666	420.0	247.0
62556	312666	432.0	250.0
62568	312666	448.0	254.0
62580	312666	468.0	259.0
62592	312666	492.0	265.0
62604	312666	524.0	272.0
62616	312666	565.0	283.0
62628	312666	625.0	299.0
62640	312666	714.0	321.0
62652	312666	861.0	358.0
62448	312680	323.0	237.0
62460	312680	327.0	237.0
62472	312680	329.0	239.0
62484	312680	333.0	240.0
62496	312680	338.0	242.0
62508	312680	343.0	244.0
62520	312680	348.0	246.0
62532	312680	354.0	248.0
62544	312680	361.0	251.0
62556	312680	368.0	254.0
62568	312680	378.0	259.0
62580	312680	388.0	263.0
62592	312680	401.0	268.0
62604	312680	415.0	275.0
62616	312680	435.0	283.0
62628	312680	460.0	294.0
62640	312680	493.0	309.0
62652	312680	542.0	330.0
62664	312680	615.0	361.0
62676	312680	743.0	417.0
62688	312680	978.0	535.0
62508	312699	325.0	237.0
62520	312699	329.0	239.0
62532	312699	333.0	240.0
62544	312699	336.0	242.0
62556	312699	340.0	243.0
62568	312699	347.0	246.0
62580	312699	352.0	248.0
62592	312699	359.0	250.0
62604	312699	366.0	253.0
62616	312699	375.0	256.0
62628	312699	386.0	262.0
62640	312699	396.0	265.0
62652	312699	410.0	271.0
62664	312699	428.0	278.0
62676	312699	450.0	288.0
62688	312699	478.0	300.0
62700	312699	517.0	317.0
62712	312699	573.0	341.0
62724	312699	662.0	379.0
62736	312699	820.0	448.0
62748	312699	991.0	543.0
62532	312706	311.1666666666667	233.0
62544	312706	314.0	235.0
62556	312706	314.0	235.0
62568	312706	318.0	236.0
62580	312706	321.0	237.0
62592	312706	325.0	238.0
62604	312706	329.0	240.0
62616	312706	333.0	242.0
62628	312706	338.0	245.0
62640	312706	344.0	246.0
62652	312706	350.0	249.0
62664	312706	356.0	251.0
62676	312706	364.0	255.0
62688	312706	373.0	259.0
62700	312706	385.0	264.0
62712	312706	397.0	269.0
62724	312706	413.0	275.0
62736	312706	432.0	284.0
62748	312706	458.0	295.0
62760	312706	492.0	310.0
62772	312706	541.0	332.0
62784	312706	614.0	364.0
62796	312706	739.0	420.0
62808	312706	974.0	534.0
62556	312713	356.2857142857143	232.14285714285714
62568	312713	361.0	234.0
62580	312713	364.0	235.0
62592	312713	370.0	235.0
62604	312713	375.0	238.0
62616	312713	380.3333333333333	238.66666666666666
62628	312713	385.57142857142856	239.57142857142858
62640	312713	392.25	240.25
62652	312713	398.75	240.75
62664	312713	405.0	240.5
62676	312713	414.8333333333333	241.16666666666666
62688	312713	428.0	247.0
62700	312713	440.0	252.0
62712	312713	457.0	256.0
62724	312713	475.0	261.0
62736	312713	496.0	266.0
62748	312713	520.0	272.0
62760	312713	550.0	279.0
62772	312713	590.0	288.0
62784	312713	640.0	301.0
62796	312713	709.0	318.0
62808	312713	811.0	342.0
62820	312713	963.0	380.0
62652	312756	372.0	231.0
62664	312756	378.5	233.35714285714286
62676	312756	384.0	235.0
62688	312756	391.0	235.0
62700	312756	397.0	237.0
62712	312756	404.0	238.0
62724	312756	412.0	240.0
62736	312756	421.0	243.0
62748	312756	432.0	245.0
62760	312756	444.0	247.0
62772	312756	457.0	250.0
62784	312756	472.0	253.0
62796	312756	492.0	257.0
62808	312756	511.0	258.0
62820	312756	539.0	266.0
62832	312756	572.0	272.0
62844	312756	612.0	281.0
62856	312756	665.0	291.0
62868	312756	738.0	307.0
62880	312756	843.0	327.0
62892	312756	978.0	361.0
62676	312767	316.0	233.0
62688	312767	317.42857142857144	233.85714285714286
62700	312767	320.0	236.0
62712	312767	322.0	237.0
62724	312767	326.0	238.0
62736	312767	330.0	238.0
62748	312767	334.0	239.0
62760	312767	337.0	242.0
62772	312767	342.0	244.0
62784	312767	348.0	245.0
62796	312767	352.0	248.0
62808	312767	359.0	250.0
62820	312767	366.0	253.0
62832	312767	374.0	256.0
62844	312767	384.0	261.0
62856	312767	394.0	265.0
62868	312767	407.0	270.0
62880	312767	424.0	277.0
62892	312767	443.0	285.0
62904	312767	467.0	295.0
62916	312767	500.0	308.0
62928	312767	544.0	327.0
62940	312767	609.0	354.0
62952	312767	712.0	398.0
62964	312767	899.0	477.0
62700	312791	346.0	230.0
62712	312791	348.0	231.0
62724	312791	351.0	232.0
62736	312791	355.0	233.0
62748	312791	359.0	234.0
62760	312791	364.0	234.0
62772	312791	369.0	236.0
62784	312791	374.0	237.0
62796	312791	381.0	238.0
62808	312791	387.0	240.0
62820	312791	396.0	243.0
62832	312791	403.0	245.0
62844	312791	414.0	248.0
62856	312791	426.0	250.0
62868	312791	439.0	254.0
62880	312791	456.0	258.0
62892	312791	476.0	263.0
62904	312791	499.0	268.0
62916	312791	529.0	276.0
62928	312791	567.0	284.0
62940	312791	619.0	297.0
62952	312791	690.0	314.0
62964	312791	796.0	339.0
62976	312791	961.0	379.0
62724	312796	312.0	234.0
62736	312796	314.0	234.0
62748	312796	316.0	235.0
62760	312796	319.0	236.0
62772	312796	322.0	238.0
62784	312796	326.0	239.0
62796	312796	329.0	240.0
62808	312796	332.0	241.0
62820	312796	337.0	244.0
62832	312796	340.0	245.0
62844	312796	346.0	248.0
62856	312796	352.0	250.0
62868	312796	357.0	251.0
62880	312796	366.0	256.0
62892	312796	373.0	259.0
62904	312796	384.0	264.0
62916	312796	395.0	268.0
62928	312796	410.0	274.0
62940	312796	426.0	282.0
62952	312796	447.0	290.0
62964	312796	474.0	302.0
62976	312796	510.0	317.0
62988	312796	560.0	339.0
63000	312796	636.0	372.0
63012	312796	763.0	429.0
63024	312796	982.0	538.0
62796	312829	352.0	232.0
62808	312829	357.7142857142857	232.14285714285714
62820	312829	362.0	233.0
62832	312829	367.38461538461536	234.76923076923077
62844	312829	373.25	236.25
62856	312829	379.3333333333333	236.83333333333334
62868	312829	387.0	239.0
62880	312829	393.0	241.0
62892	312829	403.0	244.0
62904	312829	413.0	246.0
62916	312829	423.0	249.0
62928	312829	438.0	252.0
62940	312829	454.0	256.0
62952	312829	473.0	261.0
62964	312829	495.0	266.0
62976	312829	521.0	273.0
62988	312829	558.0	279.0
63000	312829	605.0	281.0
63012	312829	675.0	299.0
63024	312829	768.0	323.0
63036	312829	933.0	369.0
62808	312833	244.25	221.91666666666666
62820	312833	247.0	221.0
62832	312833	249.0	222.0
62844	312833	250.0	223.0
62856	312833	252.0	222.0
62868	312833	253.66666666666666	224.0
62880	312833	254.0	225.0
62892	312833	255.0	225.0
62904	312833	256.7647058823529	224.0
62916	312833	258.0	224.0
62928	312833	259.0	224.42857142857142
62940	312833	261.0	226.0
62952	312833	262.0	226.0
62964	312833	262.0	226.0
62976	312833	262.0	225.0
62988	312833	263.0	225.0
63000	312833	263.0	226.0
63012	312833	264.0	226.0
63024	312833	265.0	226.0
63036	312833	265.0	227.0
63048	312833	266.0	227.0
63060	312833	265.0	227.0
63072	312833	266.0	227.0
63084	312833	267.0	228.0
63096	312833	268.0	229.0
63108	312833	268.0	229.0
63120	312833	269.0	229.0
63132	312833	270.0	229.0
63144	312833	271.0	230.0
63156	312833	272.0	230.0
63168	312833	274.0	231.0
63180	312833	275.0	232.0
63192	312833	278.0	232.0
63204	312833	279.0	234.0
63216	312833	280.0	234.0
63228	312833	282.0	235.0
63240	312833	284.0	236.0
63252	312833	286.0	238.0
63264	312833	289.0	239.0
63276	312833	291.0	239.0
63288	312833	294.0	241.0
63300	312833	296.0	242.0
63312	312833	299.0	244.0
63324	312833	303.0	246.0
63336	312833	306.0	247.0
63348	312833	309.0	249.0
63360	312833	313.0	252.0
63372	312833	317.0	254.0
63384	312833	322.0	257.0
63396	312833	327.0	261.0
63408	312833	332.0	264.0
63420	312833	340.0	268.0
63432	312833	349.0	274.0
63444	312833	360.0	280.0
63456	312833	371.0	288.0
63468	312833	386.0	297.0
63480	312833	405.0	310.0
63492	312833	430.0	326.0
63504	312833	463.0	349.0
63516	312833	512.0	383.0
63528	312833	594.0	441.0
63540	312833	747.0	542.0
63552	312833	908.6666666666666	540.3333333333334
62844	312846	319.3333333333333	234.33333333333334
62856	312846	323.0	236.0
62868	312846	324.0	236.0
62880	312846	328.0	238.0
62892	312846	332.0	239.0
62904	312846	336.0	241.0
62916	312846	340.0	242.0
62928	312846	343.0	244.0
62940	312846	349.0	246.0
62952	312846	355.0	249.0
62964	312846	362.0	251.0
62976	312846	370.0	254.0
62988	312846	379.0	257.0
63000	312846	388.0	261.0
63012	312846	401.0	266.0
63024	312846	415.0	272.0
63036	312846	432.0	279.0
63048	312846	455.0	288.0
63060	312846	482.0	299.0
63072	312846	519.0	314.0
63084	312846	572.0	336.0
63096	312846	650.0	367.0
63108	312846	783.0	423.0
63120	312846	993.0	532.0
62904	312869	348.0	230.0
62916	312869	352.0	230.0
62928	312869	356.0	233.0
62940	312869	361.0	234.0
62952	312869	366.0	235.0
62964	312869	371.0	236.0
62976	312869	377.0	237.0
62988	312869	384.0	238.0
63000	312869	393.0	241.0
63012	312869	401.0	243.0
63024	312869	412.0	245.0
63036	312869	423.0	248.0
63048	312869	438.0	252.0
63060	312869	454.0	256.0
63072	312869	473.0	260.0
63084	312869	496.0	266.0
63096	312869	527.0	273.0
63108	312869	563.0	282.0
63120	312869	615.0	294.0
63132	312869	684.0	311.0
63144	312869	788.0	336.0
63156	312869	954.0	377.0
63000	312904	313.53846153846155	233.0
63012	312904	317.0	234.0
63024	312904	321.0	234.0
63036	312904	322.0	236.0
63048	312904	326.0	237.0
63060	312904	329.0	239.0
63072	312904	332.0	240.0
63084	312904	336.0	242.0
63096	312904	341.0	243.0
63108	312904	347.0	246.0
63120	312904	351.0	248.0
63132	312904	359.0	250.0
63144	312904	368.0	254.0
63156	312904	376.0	257.0
63168	312904	387.0	261.0
63180	312904	398.0	266.0
63192	312904	414.0	273.0
63204	312904	433.0	280.0
63216	312904	455.0	289.0
63228	312904	485.0	302.0
63240	312904	526.0	318.0
63252	312904	585.0	344.0
63264	312904	678.0	382.0
63276	312904	845.0	452.0
63288	312904	996.0	542.0
63120	312962	318.0	234.0
63132	312962	323.0	236.0
63144	312962	326.0	237.0
63156	312962	329.0	239.0
63168	312962	332.0	240.0
63180	312962	337.0	241.0
63192	312962	341.0	243.0
63204	312962	345.0	245.0
63216	312962	352.0	247.0
63228	312962	358.0	249.0
63240	312962	365.0	252.0
63252	312962	374.0	256.0
63264	312962	384.0	260.0
63276	312962	396.0	265.0
63288	312962	409.0	271.0
63300	312962	428.0	279.0
63312	312962	450.0	288.0
63324	312962	479.0	300.0
63336	312962	519.0	318.0
63348	312962	577.0	342.0
63360	312962	672.0	382.0
63372	312962	847.0	457.0
63384	312962	994.0	543.0
63156	312976	313.0	235.0
63168	312976	317.0	236.0
63180	312976	321.3333333333333	237.0
63192	312976	324.0	238.0
63204	312976	329.0	240.0
63216	312976	331.0	241.0
63228	312976	336.0	243.0
63240	312976	342.0	245.0
63252	312976	348.0	248.0
63264	312976	355.0	250.0
63276	312976	362.0	253.0
63288	312976	370.0	256.0
63300	312976	380.0	261.0
63312	312976	392.0	267.0
63324	312976	406.0	272.0
63336	312976	422.0	280.0
63348	312976	445.0	289.0
63360	312976	473.0	301.0
63372	312976	511.0	318.0
63384	312976	569.0	342.0
63396	312976	657.0	381.0
63408	312976	818.0	451.0
63420	312976	992.0	543.0
63156	312978	297.8333333333333	226.58333333333334
63168	312978	299.0	226.0
63180	312978	300.0	227.0
63192	312978	301.0	229.0
63204	312978	303.0	229.0
63216	312978	304.0	230.0
63228	312978	307.0	230.0
63240	312978	309.0	232.0
63252	312978	311.0	232.0
63264	312978	314.0	233.0
63276	312978	316.0	234.0
63288	312978	318.0	235.0
63300	312978	321.0	236.0
63312	312978	323.0	237.0
63324	312978	328.0	238.0
63336	312978	331.0	239.0
63348	312978	336.0	242.0
63360	312978	341.0	244.0
63372	312978	346.0	247.0
63384	312978	351.0	248.0
63396	312978	359.0	250.0
63408	312978	367.0	254.0
63420	312978	376.0	258.0
63432	312978	387.0	262.0
63444	312978	401.0	267.0
63456	312978	416.0	274.0
63468	312978	436.0	282.0
63480	312978	461.0	292.0
63492	312978	493.0	305.0
63504	312978	538.0	324.0
63516	312978	605.0	352.0
63528	312978	716.0	398.0
63540	312978	926.0	487.0
63348	313069	345.0	229.0
63360	313069	349.0	232.0
63372	313069	353.0	233.0
63384	313069	356.0	233.0
63396	313069	361.0	234.0
63408	313069	366.0	235.0
63420	313069	372.0	237.0
63432	313069	378.0	238.0
63444	313069	385.0	239.0
63456	313069	392.0	241.0
63468	313069	401.0	244.0
63480	313069	411.0	246.0
63492	313069	422.0	249.0
63504	313069	435.0	252.0
63516	313069	449.0	255.0
63528	313069	466.0	259.0
63540	313069	488.0	265.0
63552	313069	513.0	271.0
63564	313069	545.0	279.0
63576	313069	586.0	289.0
63588	313069	641.0	302.0
63600	313069	719.0	321.0
63612	313069	836.0	349.0
63624	313069	987.0	399.0
63360	313071	370.0	232.0
63372	313071	376.125	233.0
63384	313071	381.0	234.0
63396	313071	387.0	236.0
63408	313071	393.0	237.0
63420	313071	401.0	239.0
63432	313071	409.0	240.0
63444	313071	418.0	242.0
63456	313071	429.0	244.0
63468	313071	441.0	247.0
63480	313071	455.0	250.0
63492	313071	471.0	254.0
63504	313071	488.0	256.0
63516	313071	510.0	261.0
63528	313071	537.0	266.0
63540	313071	569.0	273.0
63552	313071	610.0	281.0
63564	313071	664.0	292.0
63576	313071	736.0	306.0
63588	313071	840.0	328.0
63600	313071	972.0	358.0
63384	313083	300.0	227.0
63396	313083	301.2857142857143	228.0
63408	313083	303.0	228.0
63420	313083	305.3333333333333	229.0
63432	313083	306.4166666666667	230.41666666666666
63444	313083	309.0	231.0
63456	313083	311.8333333333333	232.0
63468	313083	314.0	234.0
63480	313083	317.0	234.0
63492	313083	319.0	235.0
63504	313083	322.0	237.0
63516	313083	324.0	238.0
63528	313083	329.0	239.0
63540	313083	332.0	241.0
63552	313083	337.0	242.0
63564	313083	342.0	244.0
63576	313083	347.0	246.0
63588	313083	353.0	249.0
63600	313083	360.0	251.0
63612	313083	368.0	255.0
63624	313083	377.0	258.0
63636	313083	389.0	263.0
63648	313083	401.0	268.0
63660	313083	418.0	275.0
63672	313083	439.0	284.0
63684	313083	463.0	294.0
63696	313083	497.0	308.0
63708	313083	543.0	328.0
63720	313083	613.0	357.0
63732	313083	730.0	407.0
63744	313083	953.0	505.0
63420	313091	260.0	223.0
63432	313091	261.8	223.0
63444	313091	262.85714285714283	222.0
63456	313091	265.0	222.0
63468	313091	265.0	224.0
63480	313091	266.0	223.0
63492	313091	267.0	224.0
63504	313091	267.0	223.0
63516	313091	269.0	224.0
63528	313091	270.0	224.0
63540	313091	271.0	224.0
63552	313091	272.0	225.0
63564	313091	272.0	225.0
63576	313091	274.0	225.0
63588	313091	274.0	225.0
63600	313091	276.0	226.0
63612	313091	276.0	226.0
63624	313091	277.0	226.0
63636	313091	278.0	227.0
63648	313091	279.0	227.0
63660	313091	280.0	226.0
63672	313091	282.0	227.0
63684	313091	283.42857142857144	228.0
63696	313091	284.0	228.0
63708	313091	284.0	227.0
63720	313091	286.0	229.0
63732	313091	287.0	229.0
63744	313091	288.0	229.0
63756	313091	288.0	230.0
63768	313091	290.0	231.0
63780	313091	291.0	231.0
63792	313091	292.0	232.0
63804	313091	292.0	232.0
63816	313091	294.0	233.0
63828	313091	294.0	234.0
63840	313091	294.0	235.0
63852	313091	296.0	235.0
63864	313091	297.0	236.0
63876	313091	298.0	237.0
63888	313091	300.0	238.0
63900	313091	301.0	239.0
63912	313091	303.0	240.0
63924	313091	305.0	242.0
63936	313091	308.0	243.0
63948	313091	310.0	245.0
63960	313091	312.0	246.0
63972	313091	315.0	247.0
63984	313091	319.0	250.0
63996	313091	321.0	252.0
64008	313091	325.0	253.0
64020	313091	330.0	256.0
64032	313091	335.0	259.0
64044	313091	340.0	262.0
64056	313091	347.0	266.0
64068	313091	353.0	270.0
64080	313091	363.0	275.0
64092	313091	373.0	280.0
64104	313091	386.0	287.0
64116	313091	400.0	295.0
64128	313091	420.0	305.0
64140	313091	445.0	317.0
64152	313091	476.0	334.0
64164	313091	521.0	356.0
64176	313091	585.0	389.0
64188	313091	686.0	440.0
64200	313091	862.0	529.0
64212	313091	966.0	540.0
63432	313098	346.0	231.0
63444	313098	350.77777777777777	231.55555555555554
63456	313098	354.25	232.0
63468	313098	359.0	234.0
63480	313098	363.0	235.0
63492	313098	368.6666666666667	236.0
63504	313098	374.3333333333333	236.0
63516	313098	382.5	238.0
63528	313098	389.0	241.0
63540	313098	398.0	243.0
63552	313098	406.0	245.0
63564	313098	417.0	248.0
63576	313098	429.0	250.0
63588	313098	444.0	254.0
63600	313098	461.0	257.0
63612	313098	482.0	262.0
63624	313098	506.0	269.0
63636	313098	537.0	277.0
63648	313098	577.0	286.0
63660	313098	630.0	300.0
63672	313098	705.0	318.0
63684	313098	818.0	345.0
63696	313098	975.0	385.0
63444	313103	371.0	230.0
63456	313103	376.57142857142856	232.28571428571428
63468	313103	382.6666666666667	233.66666666666666
63480	313103	387.0	235.0
63492	313103	395.0	237.0
63504	313103	402.0	238.0
63516	313103	412.0	240.0
63528	313103	422.0	242.0
63540	313103	433.0	245.0
63552	313103	444.0	247.0
63564	313103	457.0	250.0
63576	313103	473.0	253.0
63588	313103	491.0	256.0
63600	313103	513.0	260.0
63612	313103	539.0	266.0
63624	313103	572.0	273.0
63636	313103	611.0	280.0
63648	313103	665.0	291.0
63660	313103	737.0	305.0
63672	313103	836.0	325.0
63684	313103	972.0	356.0
63456	313105	340.0	234.0
63468	313105	343.0	235.0
63480	313105	349.0	236.0
63492	313105	354.0	238.0
63504	313105	359.0	239.0
63516	313105	365.0	241.0
63528	313105	370.0	243.0
63540	313105	377.0	245.0
63552	313105	386.0	248.0
63564	313105	394.0	250.0
63576	313105	406.0	253.0
63588	313105	418.0	257.0
63600	313105	434.0	262.0
63612	313105	453.0	267.0
63624	313105	475.0	274.0
63636	313105	503.0	282.0
63648	313105	540.0	293.0
63660	313105	588.0	308.0
63672	313105	660.0	330.0
63684	313105	770.0	363.0
63696	313105	957.0	420.0
63480	313119	334.0	233.0
63492	313119	338.0	234.0
63504	313119	340.0	234.0
63516	313119	345.0	236.0
63528	313119	350.0	237.0
63540	313119	355.0	239.0
63552	313119	360.0	240.0
63564	313119	366.0	243.0
63576	313119	372.0	244.0
63588	313119	381.0	246.0
63600	313119	390.0	249.0
63612	313119	401.0	252.0
63624	313119	412.0	255.0
63636	313119	427.0	260.0
63648	313119	442.0	264.0
63660	313119	464.0	270.0
63672	313119	490.0	277.0
63684	313119	523.0	287.0
63696	313119	564.0	299.0
63708	313119	621.0	316.0
63720	313119	704.0	342.0
63732	313119	837.0	382.0
63744	313119	997.0	451.0
63504	313120	310.1578947368421	230.10526315789474
63516	313120	312.05263157894734	231.3684210526316
63528	313120	313.0	232.0
63540	313120	316.5	233.5
63552	313120	319.0	235.0
63564	313120	322.0	237.0
63576	313120	324.0	237.0
63588	313120	327.0	239.0
63600	313120	332.0	240.0
63612	313120	336.0	242.0
63624	313120	341.0	244.0
63636	313120	345.0	246.0
63648	313120	353.0	249.0
63660	313120	358.0	251.0
63672	313120	366.0	255.0
63684	313120	376.0	258.0
63696	313120	386.0	263.0
63708	313120	398.0	268.0
63720	313120	415.0	275.0
63732	313120	433.0	283.0
63744	313120	457.0	293.0
63756	313120	490.0	307.0
63768	313120	537.0	327.0
63780	313120	604.0	356.0
63792	313120	715.0	404.0
63804	313120	927.0	497.0
63588	313156	311.0	233.0
63600	313156	312.84615384615387	233.92307692307693
63612	313156	315.3333333333333	235.0
63624	313156	318.3076923076923	235.92307692307693
63636	313156	323.0	237.0
63648	313156	325.0	239.0
63660	313156	329.0	240.0
63672	313156	332.0	242.0
63684	313156	337.0	243.0
63696	313156	341.0	244.0
63708	313156	346.0	248.0
63720	313156	353.0	250.0
63732	313156	361.0	254.0
63744	313156	368.0	256.0
63756	313156	378.0	261.0
63768	313156	389.0	267.0
63780	313156	403.0	272.0
63792	313156	421.0	280.0
63804	313156	441.0	289.0
63816	313156	471.0	302.0
63828	313156	510.0	320.0
63840	313156	568.0	347.0
63852	313156	663.0	390.0
63864	313156	842.0	473.0
63876	313156	980.0	542.0
63696	313206	325.0	237.0
63708	313206	329.0	238.0
63720	313206	332.0	240.0
63732	313206	336.0	241.0
63744	313206	343.0	243.0
63756	313206	348.0	246.0
63768	313206	353.0	248.0
63780	313206	360.0	250.0
63792	313206	367.0	253.0
63804	313206	376.0	257.0
63816	313206	388.0	262.0
63828	313206	401.0	267.0
63840	313206	416.0	274.0
63852	313206	436.0	282.0
63864	313206	461.0	292.0
63876	313206	494.0	306.0
63888	313206	541.0	325.0
63900	313206	610.0	354.0
63912	313206	726.0	403.0
63924	313206	951.0	501.0
63768	313243	363.25	233.0
63780	313243	370.0	235.0
63792	313243	375.0	236.0
63804	313243	382.0	238.0
63816	313243	389.0	240.0
63828	313243	397.0	242.0
63840	313243	403.0	242.0
63852	313243	415.0	246.0
63864	313243	425.0	248.0
63876	313243	438.0	251.0
63888	313243	451.0	255.0
63900	313243	468.0	258.0
63912	313243	488.0	263.0
63924	313243	512.0	269.0
63936	313243	541.0	276.0
63948	313243	579.0	286.0
63960	313243	628.0	298.0
63972	313243	695.0	315.0
63984	313243	793.0	339.0
63996	313243	950.0	378.0
63876	313292	315.85714285714283	229.0
63888	313292	318.5	230.0
63900	313292	322.2307692307692	231.30769230769232
63912	313292	325.75	232.75
63924	313292	328.5	233.25
63936	313292	332.0	235.0
63948	313292	335.0	236.0
63960	313292	341.0	237.0
63972	313292	345.0	239.0
63984	313292	351.0	240.0
63996	313292	358.0	241.0
64008	313292	365.0	243.0
64020	313292	372.0	246.0
64032	313292	381.0	248.0
64044	313292	391.0	251.0
64056	313292	403.0	254.0
64068	313292	416.0	258.0
64080	313292	431.0	263.0
64092	313292	451.0	269.0
64104	313292	475.0	276.0
64116	313292	504.0	285.0
64128	313292	541.0	296.0
64140	313292	596.0	313.0
64152	313292	671.0	336.0
64164	313292	791.0	372.0
64176	313292	976.0	437.0
63876	313294	331.0	226.0
63888	313294	333.0	226.0
63900	313294	336.0	227.0
63912	313294	338.84615384615387	227.92307692307693
63924	313294	342.0	229.0
63936	313294	345.0	229.0
63948	313294	350.0	232.0
63960	313294	353.0	232.0
63972	313294	357.14285714285717	232.28571428571428
63984	313294	362.875	234.0
63996	313294	367.0	235.0
64008	313294	373.2	236.4
64020	313294	379.57142857142856	236.71428571428572
64032	313294	386.55555555555554	237.22222222222223
64044	313294	393.22222222222223	237.48888888888888
64056	313294	399.8888888888889	237.75555555555556
64068	313294	407.0	238.0
64080	313294	420.8	244.2
64092	313294	436.0	250.0
64104	313294	454.0	256.0
64116	313294	474.0	262.0
64128	313294	498.0	267.0
64140	313294	531.0	275.0
64152	313294	571.0	285.0
64164	313294	624.0	298.0
64176	313294	700.0	317.0
64188	313294	815.0	345.0
64200	313294	978.0	392.0
64044	313358	314.0	226.0
64056	313358	313.0	226.0
64068	313358	315.7142857142857	226.35714285714286
64080	313358	317.2857142857143	227.0
64092	313358	320.0	228.0
64104	313358	322.0	229.0
64116	313358	325.0	230.0
64128	313358	328.0	231.0
64140	313358	330.0	232.0
64152	313358	332.0	233.0
64164	313358	338.0	234.0
64176	313358	341.0	235.0
64188	313358	345.0	236.0
64200	313358	349.0	238.0
64212	313358	354.0	239.0
64224	313358	359.0	241.0
64236	313358	366.0	243.0
64248	313358	372.0	245.0
64260	313358	380.0	248.0
64272	313358	387.0	250.0
64284	313358	398.0	253.0
64296	313358	409.0	256.0
64308	313358	423.0	261.0
64320	313358	440.0	267.0
64332	313358	460.0	272.0
64344	313358	484.0	281.0
64356	313358	515.0	290.0
64368	313358	558.0	304.0
64380	313358	615.0	322.0
64392	313358	702.0	348.0
64404	313358	842.0	392.0
64416	313358	1004.0	470.0
64056	313368	344.0	235.0
64068	313368	349.0	237.0
64080	313368	353.0	238.0
64092	313368	358.0	240.0
64104	313368	364.0	241.0
64116	313368	371.0	244.0
64128	313368	378.0	245.0
64140	313368	384.0	248.0
64152	313368	394.0	250.0
64164	313368	405.0	253.0
64176	313368	415.0	256.0
64188	313368	430.0	261.0
64200	313368	446.0	265.0
64212	313368	466.0	271.0
64224	313368	490.0	279.0
64236	313368	519.0	287.0
64248	313368	558.0	299.0
64260	313368	612.0	316.0
64272	313368	690.0	339.0
64284	313368	808.0	375.0
64296	313368	980.0	438.0
64104	313388	345.0	237.0
64116	313388	351.0	238.0
64128	313388	356.0	240.0
64140	313388	362.0	241.0
64152	313388	368.0	243.0
64164	313388	374.0	245.0
64176	313388	383.0	249.0
64188	313388	390.0	250.0
64200	313388	401.0	253.0
64212	313388	412.0	257.0
64224	313388	426.0	260.0
64236	313388	442.0	266.0
64248	313388	459.0	270.0
64260	313388	483.0	278.0
64272	313388	511.0	286.0
64284	313388	547.0	298.0
64296	313388	595.0	312.0
64308	313388	663.0	333.0
64320	313388	769.0	366.0
64332	313388	935.0	418.0
64152	313404	343.0	229.0
64164	313404	347.11764705882354	229.35294117647058
64176	313404	352.0	231.0
64188	313404	355.0	232.0
64200	313404	359.0	234.0
64212	313404	365.125	234.375
64224	313404	370.0	235.0
64236	313404	376.0	237.0
64248	313404	383.0	238.0
64260	313404	389.0	240.0
64272	313404	398.0	243.0
64284	313404	407.0	245.0
64296	313404	418.0	248.0
64308	313404	430.0	250.0
64320	313404	444.0	253.0
64332	313404	460.0	259.0
64344	313404	479.0	260.0
64356	313404	501.0	259.0
64368	313404	538.0	274.0
64380	313404	575.0	282.0
64392	313404	627.0	296.0
64404	313404	698.0	314.0
64416	313404	808.0	341.0
64428	313404	971.0	383.0
64224	313456	313.6666666666667	231.0
64236	313456	315.0	233.0
64248	313456	319.0	235.0
64260	313456	322.0	235.0
64272	313456	325.0	237.0
64284	313456	328.0	239.0
64296	313456	332.0	240.0
64308	313456	337.0	242.0
64320	313456	342.0	243.0
64332	313456	347.0	246.0
64344	313456	355.0	248.0
64356	313456	362.0	251.0
64368	313456	370.0	255.0
64380	313456	380.0	259.0
64392	313456	392.0	263.0
64404	313456	406.0	269.0
64416	313456	424.0	277.0
64428	313456	447.0	286.0
64440	313456	476.0	298.0
64452	313456	517.0	316.0
64464	313456	578.0	341.0
64476	313456	676.0	382.0
64488	313456	862.0	460.0
64500	313456	1007.0	542.0
64236	313463	355.0	231.0
64248	313463	360.0	232.0
64260	313463	363.0	234.0
64272	313463	368.0	236.0
64284	313463	375.0	237.0
64296	313463	381.0	238.0
64308	313463	388.0	240.0
64320	313463	397.0	243.0
64332	313463	405.0	245.0
64344	313463	416.0	248.0
64356	313463	427.0	250.0
64368	313463	441.0	254.0
64380	313463	458.0	257.0
64392	313463	478.0	263.0
64404	313463	501.0	267.0
64416	313463	530.0	275.0
64428	313463	568.0	284.0
64440	313463	620.0	297.0
64452	313463	692.0	315.0
64464	313463	803.0	342.0
64476	313463	971.0	388.0
64272	313474	310.5	231.0
64284	313474	312.0	232.0
64296	313474	314.0	234.0
64308	313474	316.0	235.0
64320	313474	319.0	237.0
64332	313474	324.0	238.0
64344	313474	327.0	240.0
64356	313474	331.0	242.0
64368	313474	337.0	244.0
64380	313474	342.0	246.0
64392	313474	348.0	248.0
64404	313474	355.0	251.0
64416	313474	364.0	255.0
64428	313474	373.0	258.0
64440	313474	386.0	264.0
64452	313474	399.0	270.0
64464	313474	416.0	277.0
64476	313474	438.0	286.0
64488	313474	466.0	298.0
64500	313474	506.0	315.0
64512	313474	564.0	340.0
64524	313474	660.0	382.0
64536	313474	840.0	460.0
64548	313474	998.0	542.0
64356	313525	314.0	235.0
64368	313525	317.0	237.0
64380	313525	318.0	237.0
64392	313525	318.0	239.0
64404	313525	321.0	241.0
64416	313525	322.0	244.0
64428	313525	325.0	246.0
64440	313525	329.0	248.0
64452	313525	333.0	251.0
64464	313525	341.0	255.0
64476	313525	344.0	259.0
64488	313525	354.0	265.0
64500	313525	365.0	271.0
64512	313525	379.0	280.0
64524	313525	397.0	291.0
64536	313525	423.0	305.0
64548	313525	459.0	326.0
64560	313525	515.0	358.0
64572	313525	611.0	414.0
64584	313525	819.0	535.0
64596	313525	960.0	539.0
64404	313543	298.375	226.375
64416	313543	299.875	227.875
64428	313543	300.0	229.0
64440	313543	303.0	228.0
64452	313543	303.0	229.0
64464	313543	306.0	230.0
64476	313543	307.0	231.0
64488	313543	310.0	231.0
64500	313543	311.0	232.0
64512	313543	314.0	234.0
64524	313543	317.0	236.0
64536	313543	321.0	235.0
64548	313543	324.0	237.0
64560	313543	327.0	238.0
64572	313543	331.0	241.0
64584	313543	336.0	243.0
64596	313543	341.0	244.0
64608	313543	347.0	247.0
64620	313543	354.0	250.0
64632	313543	362.0	253.0
64644	313543	371.0	256.0
64656	313543	382.0	261.0
64668	313543	396.0	267.0
64680	313543	412.0	274.0
64692	313543	433.0	282.0
64704	313543	460.0	293.0
64716	313543	496.0	308.0
64728	313543	549.0	331.0
64740	313543	632.0	367.0
64752	313543	788.0	433.0
64764	313543	996.0	543.0
64524	313583	338.0	228.0
64536	313583	341.0	229.0
64548	313583	345.0	229.0
64560	313583	347.0	231.0
64572	313583	351.0	232.0
64584	313583	356.0	232.0
64596	313583	361.0	233.0
64608	313583	365.0	234.0
64620	313583	369.0	236.0
64632	313583	375.0	236.0
64644	313583	382.0	238.0
64656	313583	389.0	239.0
64668	313583	396.0	241.0
64680	313583	405.0	245.0
64692	313583	415.0	246.0
64704	313583	426.0	248.0
64716	313583	438.0	251.0
64728	313583	453.0	255.0
64740	313583	471.0	259.0
64752	313583	492.0	264.0
64764	313583	516.0	270.0
64776	313583	548.0	278.0
64788	313583	589.0	287.0
64800	313583	644.0	300.0
64812	313583	722.0	320.0
64824	313583	836.0	347.0
64836	313583	985.0	394.0
64548	313590	364.0	229.0
64560	313590	369.0	231.0
64572	313590	374.0	233.0
64584	313590	380.0	234.0
64596	313590	387.0	235.0
64608	313590	394.0	237.0
64620	313590	402.0	239.0
64632	313590	411.0	240.0
64644	313590	420.0	242.0
64656	313590	433.0	245.0
64668	313590	447.0	247.0
64680	313590	462.0	250.0
64692	313590	482.0	254.0
64704	313590	503.0	258.0
64716	313590	530.0	265.0
64728	313590	564.0	271.0
64740	313590	609.0	280.0
64752	313590	668.0	292.0
64764	313590	752.0	310.0
64776	313590	879.0	337.0
64680	313654	307.0	224.0
64692	313654	308.0	225.0
64704	313654	309.0	225.0
64716	313654	311.7142857142857	225.85714285714286
64728	313654	313.8333333333333	226.27777777777777
64740	313654	315.8333333333333	226.94444444444446
64752	313654	317.8181818181818	228.0
64764	313654	320.44444444444446	228.44444444444446
64776	313654	323.3333333333333	230.44444444444446
64788	313654	326.0	231.0
64800	313654	329.0	232.0
64812	313654	332.0	233.0
64824	313654	337.0	234.0
64836	313654	340.0	236.0
64848	313654	343.0	237.0
64860	313654	349.0	237.0
64872	313654	354.0	240.0
64884	313654	360.0	241.0
64896	313654	368.0	245.0
64908	313654	375.0	246.0
64920	313654	386.0	249.0
64932	313654	395.0	252.0
64944	313654	408.0	256.0
64956	313654	423.0	261.0
64968	313654	442.0	267.0
64980	313654	464.0	273.0
64992	313654	492.0	283.0
65004	313654	531.0	295.0
65016	313654	585.0	313.0
65028	313654	666.0	339.0
65040	313654	803.0	384.0
65052	313654	999.0	470.0
64788	313702	353.0	231.0
64800	313702	358.0	233.0
64812	313702	363.0	234.0
64824	313702	367.0	235.0
64836	313702	373.0	237.0
64848	313702	378.0	238.0
64860	313702	385.0	239.0
64872	313702	393.0	240.0
64884	313702	401.0	243.0
64896	313702	411.0	246.0
64908	313702	421.0	248.0
64920	313702	434.0	250.0
64932	313702	448.0	254.0
64944	313702	465.0	258.0
64956	313702	483.0	262.0
64968	313702	508.0	267.0
64980	313702	536.0	274.0
64992	313702	573.0	283.0
65004	313702	621.0	294.0
65016	313702	687.0	310.0
65028	313702	781.0	333.0
65040	313702	927.0	367.0
65052	313702	982.0	368.0
64812	313717	313.0	234.0
64824	313717	315.0	235.0
64836	313717	319.0	237.0
64848	313717	321.0	237.0
64860	313717	325.0	239.0
64872	313717	329.0	240.0
64884	313717	334.0	243.0
64896	313717	339.0	245.0
64908	313717	345.0	248.0
64920	313717	353.0	250.0
64932	313717	360.0	253.0
64944	313717	370.0	258.0
64956	313717	381.0	262.0
64968	313717	394.0	268.0
64980	313717	411.0	275.0
64992	313717	432.0	284.0
65004	313717	459.0	295.0
65016	313717	497.0	311.0
65028	313717	552.0	335.0
65040	313717	639.0	373.0
65052	313717	799.0	443.0
65064	313717	988.0	543.0
64848	313728	309.70588235294116	229.35294117647058
64860	313728	312.52941176470586	230.76470588235293
64872	313728	315.0	231.0
64884	313728	316.0	233.0
64896	313728	319.0	235.0
64908	313728	323.0	235.0
64920	313728	326.0	237.0
64932	313728	329.0	238.0
64944	313728	334.0	241.0
64956	313728	339.0	243.0
64968	313728	344.0	244.0
64980	313728	351.0	247.0
64992	313728	358.0	250.0
65004	313728	366.0	253.0
65016	313728	377.0	257.0
65028	313728	388.0	262.0
65040	313728	404.0	268.0
65052	313728	421.0	275.0
65064	313728	444.0	285.0
65076	313728	474.0	297.0
65088	313728	515.0	315.0
65100	313728	577.0	340.0
65112	313728	683.0	384.0
65124	313728	882.0	468.0
64908	313757	362.0	229.0
64920	313757	366.72727272727275	229.1818181818182
64932	313757	372.0	232.0
64944	313757	377.0	233.0
64956	313757	384.0	234.0
64968	313757	391.0	235.0
64980	313757	398.0	237.0
64992	313757	406.0	239.0
65004	313757	416.0	241.0
65016	313757	427.0	243.0
65028	313757	440.0	246.0
65040	313757	455.0	249.0
65052	313757	472.0	252.0
65064	313757	492.0	256.0
65076	313757	516.0	260.0
65088	313757	547.0	266.0
65100	313757	585.0	274.0
65112	313757	634.0	284.0
65124	313757	704.0	297.0
65136	313757	802.0	317.0
65148	313757	955.0	349.0
64932	313767	348.4	229.2
64944	313767	350.8	230.4
64956	313767	353.0	231.0
64968	313767	357.0	231.0
64980	313767	362.0	233.0
64992	313767	365.6666666666667	234.66666666666666
65004	313767	371.86206896551727	235.48275862068965
65016	313767	378.48275862068965	236.31034482758622
65028	313767	384.6666666666667	237.66666666666666
65040	313767	389.0	240.0
65052	313767	397.0	243.0
65064	313767	405.0	244.0
65076	313767	415.0	247.0
65088	313767	425.0	249.0
65100	313767	438.0	252.0
65112	313767	454.0	256.0
65124	313767	472.0	260.0
65136	313767	493.0	265.0
65148	313767	519.0	272.0
65160	313767	551.0	279.0
65172	313767	594.0	289.0
65184	313767	651.0	303.0
65196	313767	731.0	323.0
65208	313767	851.0	351.0
65220	313767	994.0	402.0
65004	313797	307.0	231.0
65016	313797	310.0	231.0
65028	313797	311.0	232.0
65040	313797	314.0	234.0
65052	313797	316.0	235.0
65064	313797	319.0	236.0
65076	313797	323.0	237.0
65088	313797	326.0	239.0
65100	313797	330.0	240.0
65112	313797	335.0	242.0
65124	313797	339.0	245.0
65136	313797	344.0	247.0
65148	313797	351.0	249.0
65160	313797	359.0	253.0
65172	313797	368.0	256.0
65184	313797	378.0	260.0
65196	313797	391.0	266.0
65208	313797	406.0	272.0
65220	313797	426.0	280.0
65232	313797	451.0	292.0
65244	313797	483.0	305.0
65256	313797	531.0	325.0
65268	313797	602.0	357.0
65280	313797	723.0	410.0
65292	313797	964.0	524.0
65028	313814	339.0	235.0
65040	313814	345.0	236.0
65052	313814	347.0	238.0
65064	313814	351.0	238.0
65076	313814	356.0	239.0
65088	313814	361.0	241.0
65100	313814	366.0	244.0
65112	313814	371.0	245.0
65124	313814	380.0	247.0
65136	313814	387.0	250.0
65148	313814	398.0	252.0
65160	313814	408.0	256.0
65172	313814	421.0	260.0
65184	313814	435.0	264.0
65196	313814	452.0	270.0
65208	313814	475.0	277.0
65220	313814	503.0	285.0
65232	313814	538.0	296.0
65244	313814	586.0	312.0
65256	313814	654.0	333.0
65268	313814	759.0	366.0
65280	313814	933.0	420.0
65052	313818	302.0	228.0
65064	313818	302.875	229.0
65076	313818	306.0	228.0
65088	313818	306.0	229.0
65100	313818	310.0	231.0
65112	313818	311.0	232.0
65124	313818	315.0	233.0
65136	313818	317.0	233.0
65148	313818	320.0	235.0
65160	313818	323.0	236.0
65172	313818	327.0	237.0
65184	313818	330.0	239.0
65196	313818	335.0	241.0
65208	313818	341.0	243.0
65220	313818	346.0	244.0
65232	313818	352.0	248.0
65244	313818	358.0	250.0
65256	313818	368.0	254.0
65268	313818	378.0	257.0
65280	313818	388.0	262.0
65292	313818	403.0	267.0
65304	313818	420.0	274.0
65316	313818	441.0	283.0
65328	313818	469.0	294.0
65340	313818	508.0	309.0
65352	313818	562.0	332.0
65364	313818	648.0	367.0
65376	313818	801.0	429.0
65388	313818	999.0	542.0
65148	313869	361.0	234.0
65160	313869	366.0	236.0
65172	313869	371.0	237.0
65184	313869	377.0	238.0
65196	313869	384.0	239.0
65208	313869	392.0	242.0
65220	313869	398.0	244.0
65232	313869	406.0	246.0
65244	313869	416.0	250.0
65256	313869	429.0	252.0
65268	313869	442.0	255.0
65280	313869	459.0	259.0
65292	313869	478.0	265.0
65304	313869	500.0	270.0
65316	313869	529.0	277.0
65328	313869	565.0	286.0
65340	313869	613.0	298.0
65352	313869	678.0	314.0
65364	313869	775.0	338.0
65376	313869	926.0	374.0
65160	313879	351.0	227.0
65172	313879	351.0	228.0
65184	313879	357.0	228.0
65196	313879	359.0	229.0
65208	313879	363.0	230.0
65220	313879	367.0	231.0
65232	313879	372.0	233.0
65244	313879	378.0	233.0
65256	313879	384.0	235.0
65268	313879	390.0	236.0
65280	313879	396.0	237.0
65292	313879	404.0	238.0
65304	313879	414.0	241.0
65316	313879	423.0	244.0
65328	313879	434.0	245.0
65340	313879	447.0	248.0
65352	313879	461.0	250.0
65364	313879	479.0	254.0
65376	313879	498.0	258.0
65388	313879	523.0	263.0
65400	313879	553.0	269.0
65412	313879	592.0	277.0
65424	313879	642.0	287.0
65436	313879	711.0	301.0
65448	313879	811.0	322.0
65460	313879	960.0	352.0
65232	313899	242.125	218.0
65244	313899	244.25	218.625
65256	313899	247.0	220.0
65268	313899	249.47619047619048	220.0952380952381
65280	313899	252.33333333333334	220.66666666666666
65292	313899	253.0	221.0
65304	313899	255.0	221.0
65316	313899	257.6666666666667	221.44444444444446
65328	313899	260.3333333333333	221.88888888888889
65340	313899	262.0	222.0
65352	313899	264.0	223.0
65364	313899	264.0	223.0
65376	313899	266.0	224.0
65388	313899	267.0	223.0
65400	313899	268.4864864864865	224.2972972972973
65412	313899	270.1081081081081	224.6216216216216
65424	313899	271.72972972972974	224.94594594594594
65436	313899	271.0	224.5
65448	313899	274.0	225.0
65460	313899	275.0	224.0
65472	313899	275.0	224.0
65484	313899	277.0	225.0
65496	313899	277.0	225.0
65508	313899	279.0	226.0
65520	313899	280.0	227.0
65532	313899	281.0	228.0
65544	313899	281.0	227.0
65556	313899	281.5	228.0
65568	313899	283.0	228.0
65580	313899	284.0	229.0
65592	313899	283.0	229.0
65604	313899	286.0	231.0
65616	313899	286.0	231.0
65628	313899	288.0	232.0
65640	313899	288.0	232.0
65652	313899	290.0	234.0
65664	313899	290.0	235.0
65676	313899	292.0	235.0
65688	313899	294.0	236.0
65700	313899	296.0	238.0
65712	313899	298.0	240.0
65724	313899	301.0	241.0
65736	313899	304.0	243.0
65748	313899	307.0	244.0
65760	313899	311.0	247.0
65772	313899	315.0	249.0
65784	313899	318.0	252.0
65796	313899	325.0	254.0
65808	313899	331.0	258.0
65820	313899	338.0	262.0
65832	313899	347.0	267.0
65844	313899	356.0	273.0
65856	313899	367.0	280.0
65868	313899	382.0	289.0
65880	313899	400.0	301.0
65892	313899	426.0	317.0
65904	313899	463.0	340.0
65916	313899	521.0	376.0
65928	313899	623.0	441.0
65940	313899	833.0	543.0
65244	313909	324.0	222.0
65256	313909	325.8333333333333	222.0
65268	313909	327.0	223.0
65280	313909	328.2352941176471	223.41176470588235
65292	313909	331.0	224.0
65304	313909	333.0	223.0
65316	313909	334.0	224.0
65328	313909	337.0	225.0
65340	313909	339.0	225.0
65352	313909	343.0	225.0
65364	313909	346.0	226.0
65376	313909	349.0	226.0
65388	313909	352.0	227.0
65400	313909	356.0	227.0
65412	313909	359.0	229.0
65424	313909	365.0	230.0
65436	313909	369.0	231.0
65448	313909	372.5	232.0
65460	313909	379.0	232.0
65472	313909	386.0	234.0
65484	313909	391.0	236.0
65496	313909	399.0	237.0
65508	313909	408.0	238.0
65520	313909	416.0	241.0
65532	313909	428.0	243.0
65544	313909	439.0	245.0
65556	313909	453.0	248.0
65568	313909	469.0	251.0
65580	313909	489.0	255.0
65592	313909	512.0	259.0
65604	313909	540.0	265.0
65616	313909	575.0	272.0
65628	313909	621.0	281.0
65640	313909	682.0	293.0
65652	313909	770.0	310.0
65664	313909	898.0	336.5
65676	313909	995.0	363.0
65292	313931	357.0	229.0
65304	313931	361.0	229.0
65316	313931	366.0	231.0
65328	313931	368.0	232.0
65340	313931	375.0	233.0
65352	313931	381.0	234.0
65364	313931	387.0	236.0
65376	313931	394.0	237.0
65388	313931	402.0	238.0
65400	313931	412.0	241.0
65412	313931	422.0	243.0
65424	313931	435.0	246.0
65436	313931	448.0	248.0
65448	313931	463.0	251.0
65460	313931	482.0	256.0
65472	313931	503.0	259.0
65484	313931	530.0	265.0
65496	313931	561.0	271.0
65508	313931	604.0	280.0
65520	313931	659.0	292.0
65532	313931	735.0	307.0
65544	313931	846.0	329.0
65556	313931	984.0	366.0
65304	313943	301.0	227.0
65316	313943	301.0	226.0
65328	313943	304.0	227.0
65340	313943	305.0	227.0
65352	313943	307.0	228.0
65364	313943	309.0	229.0
65376	313943	311.0	231.0
65388	313943	314.0	231.0
65400	313943	316.0	232.0
65412	313943	319.0	234.0
65424	313943	322.0	235.0
65436	313943	325.0	236.0
65448	313943	327.0	236.0
65460	313943	331.0	239.0
65472	313943	336.0	240.0
65484	313943	341.0	242.0
65496	313943	347.0	244.0
65508	313943	353.0	247.0
65520	313943	361.0	250.0
65532	313943	369.0	254.0
65544	313943	380.0	257.0
65556	313943	393.0	263.0
65568	313943	407.0	269.0
65580	313943	427.0	277.0
65592	313943	450.0	286.0
65604	313943	484.0	300.0
65616	313943	531.0	319.0
65628	313943	602.0	349.0
65640	313943	727.0	400.0
65652	313943	969.0	511.0
65508	314063	338.07142857142856	225.0
65520	314063	340.64285714285717	225.0
65532	314063	343.0	226.0
65544	314063	346.0	226.0
65556	314063	348.0	226.0
65568	314063	350.29411764705884	227.0
65580	314063	353.8235294117647	227.0
65592	314063	358.0	228.0
65604	314063	362.0	229.0
65616	314063	366.0	230.0
65628	314063	371.0	232.0
65640	314063	375.0	233.0
65652	314063	381.0	234.0
65664	314063	386.0	235.0
65676	314063	393.0	236.0
65688	314063	400.0	237.0
65700	314063	408.0	238.0
65712	314063	415.0	240.0
65724	314063	426.0	242.0
65736	314063	436.0	244.0
65748	314063	448.0	246.0
65760	314063	462.0	249.0
65772	314063	478.0	252.0
65784	314063	497.0	256.0
65796	314063	519.0	261.0
65808	314063	546.0	266.0
65820	314063	580.0	273.0
65832	314063	621.0	281.0
65844	314063	676.0	292.0
65856	314063	753.0	308.0
65868	314063	862.0	329.0
65880	314063	985.0	362.0
65568	314093	332.25	227.0
65580	314093	336.0	228.0
65592	314093	338.0	228.0
65604	314093	341.0	229.0
65616	314093	344.0	229.0
65628	314093	347.0	232.0
65640	314093	351.0	232.0
65652	314093	354.0	232.0
65664	314093	359.0	234.0
65676	314093	362.0	235.0
65688	314093	367.0	236.0
65700	314093	373.0	237.0
65712	314093	378.0	238.0
65724	314093	386.0	241.0
65736	314093	393.0	242.0
65748	314093	401.0	244.0
65760	314093	412.0	246.0
65772	314093	423.0	249.0
65784	314093	436.0	252.0
65796	314093	451.0	256.0
65808	314093	467.0	259.0
65820	314093	487.0	264.0
65832	314093	511.0	270.0
65844	314093	540.0	277.0
65856	314093	579.0	286.0
65868	314093	629.0	298.0
65880	314093	697.0	315.0
65892	314093	798.0	339.0
65904	314093	956.0	377.0
65700	314163	348.0	228.0
65712	314163	350.0	228.0
65724	314163	355.0	230.0
65736	314163	358.0	230.0
65748	314163	363.0	231.0
65760	314163	367.0	232.0
65772	314163	372.0	232.0
65784	314163	376.0	234.0
65796	314163	383.0	235.0
65808	314163	387.0	236.0
65820	314163	394.0	237.0
65832	314163	402.0	239.0
65844	314163	410.0	241.0
65856	314163	419.0	243.0
65868	314163	431.0	245.0
65880	314163	442.0	248.0
65892	314163	457.0	251.0
65904	314163	473.0	254.0
65916	314163	492.0	258.0
65928	314163	515.0	263.0
65940	314163	544.0	268.0
65952	314163	581.0	276.0
65964	314163	627.0	286.0
65976	314163	691.0	300.0
65988	314163	779.0	317.0
66000	314163	914.0	346.0
65760	314197	337.0	232.0
65772	314197	339.0	233.0
65784	314197	341.0	233.0
65796	314197	342.0	233.0
65808	314197	347.0	235.0
65820	314197	341.21875	235.28125
65832	314197	334.84375	235.65625
65844	314197	330.0	236.0
65856	314197	329.0	237.0
65868	314197	335.0	238.0
65880	314197	338.0	242.0
65892	314197	342.0	243.0
65904	314197	347.0	244.0
65916	314197	355.0	249.0
65928	314197	364.0	250.0
65940	314197	373.0	254.0
65952	314197	382.0	259.0
65964	314197	392.0	264.0
65976	314197	405.0	269.0
65988	314197	422.0	276.0
66000	314197	442.0	285.0
66012	314197	467.0	296.0
66024	314197	502.0	311.0
66036	314197	551.0	331.0
66048	314197	622.0	362.0
66060	314197	745.0	413.0
66072	314197	965.0	522.0
66084	314197	983.0	540.0
66096	314197	980.0	529.0
66108	314197	1006.0	538.0
65808	314222	281.0	228.0
65820	314222	282.46153846153845	228.0
65832	314222	283.22222222222223	228.0
65844	314222	284.0	229.0
65856	314222	284.625	229.0
65868	314222	286.0	230.0
65880	314222	287.0	231.0
65892	314222	288.0	232.0
65904	314222	289.0	233.0
65916	314222	289.6666666666667	233.0
65928	314222	292.0	234.0
65940	314222	294.0	234.0
65952	314222	296.0	236.0
65964	314222	299.0	236.0
65976	314222	301.0	237.0
65988	314222	304.0	238.0
66000	314222	306.0	239.0
66012	314222	311.0	242.0
66024	314222	314.0	243.0
66036	314222	319.0	245.0
66048	314222	325.0	246.0
66060	314222	330.0	248.0
66072	314222	336.0	250.0
66084	314222	343.0	252.0
66096	314222	351.0	255.0
66108	314222	359.0	258.0
66120	314222	369.0	262.0
66132	314222	380.0	266.0
66144	314222	393.0	270.0
66156	314222	407.0	277.0
66168	314222	425.0	285.0
66180	314222	446.0	293.0
66192	314222	473.0	306.0
66204	314222	508.0	320.0
66216	314222	557.0	342.0
66228	314222	627.0	371.0
66240	314222	742.0	422.0
66252	314222	952.0	515.0
66264	314222	998.0	541.0
65820	314227	354.0	237.0
65832	314227	359.0	239.0
65844	314227	364.0	240.0
65856	314227	370.0	242.0
65868	314227	375.0	243.0
65880	314227	382.0	245.0
65892	314227	390.0	249.0
65904	314227	397.0	250.0
65916	314227	410.0	254.0
65928	314227	416.0	255.0
65940	314227	436.0	261.0
65952	314227	446.0	266.0
65964	314227	464.0	271.0
65976	314227	491.0	277.0
65988	314227	511.0	286.0
66000	314227	546.0	296.0
66012	314227	595.0	310.0
66024	314227	643.0	328.0
66036	314227	737.0	354.0
66048	314227	869.0	396.0
66060	314227	1004.0	466.0
65892	314259	309.0	232.0
65904	314259	312.0	234.0
65916	314259	314.0	235.0
65928	314259	317.8	235.0
65940	314259	322.0	237.0
65952	314259	326.0	238.0
65964	314259	330.0	240.0
65976	314259	336.0	241.0
65988	314259	340.0	243.0
66000	314259	344.0	246.0
66012	314259	350.0	248.0
66024	314259	356.0	250.0
66036	314259	366.0	254.0
66048	314259	374.0	257.0
66060	314259	385.0	262.0
66072	314259	397.0	268.0
66084	314259	413.0	274.0
66096	314259	431.0	282.0
66108	314259	456.0	292.0
66120	314259	487.0	306.0
66132	314259	533.0	326.0
66144	314259	601.0	357.0
66156	314259	716.0	408.0
66168	314259	950.0	516.0
66000	314297	291.0	233.0
66012	314297	290.0	234.0
66024	314297	292.0	236.0
66036	314297	294.0	235.0
66048	314297	297.0	237.0
66060	314297	300.0	238.0
66072	314297	303.0	240.0
66084	314297	306.0	240.0
66096	314297	311.0	241.0
66108	314297	316.0	243.0
66120	314297	321.0	246.0
66132	314297	327.0	247.0
66144	314297	332.0	249.0
66156	314297	339.0	250.0
66168	314297	349.0	255.0
66180	314297	357.0	257.0
66192	314297	368.0	261.0
66204	314297	380.0	265.0
66216	314297	393.0	269.0
66228	314297	408.0	275.0
66240	314297	427.0	283.0
66252	314297	449.0	291.0
66264	314297	476.0	302.0
66276	314297	510.0	316.0
66288	314297	558.0	335.0
66300	314297	624.0	363.0
66312	314297	730.0	408.0
66324	314297	913.0	486.0
66336	314297	997.0	541.0
66108	314325	298.0	236.0
66120	314325	301.0	238.0
66132	314325	302.0	239.0
66144	314325	306.0	240.0
66156	314325	307.0	241.0
66168	314325	311.0	243.0
66180	314325	314.0	245.0
66192	314325	317.0	247.0
66204	314325	321.0	249.0
66216	314325	326.0	251.0
66228	314325	329.0	254.0
66240	314325	335.0	257.0
66252	314325	342.0	261.0
66264	314325	349.0	265.0
66276	314325	358.0	270.0
66288	314325	369.0	276.0
66300	314325	381.0	283.0
66312	314325	398.0	293.0
66324	314325	417.0	305.0
66336	314325	444.0	322.0
66348	314325	484.0	344.0
66360	314325	539.0	378.0
66372	314325	637.0	438.0
66384	314325	823.0	541.0
66396	314325	944.0	540.0
66132	314350	357.0	238.0
66144	314350	360.0	238.0
66156	314350	366.0	239.0
66168	314350	371.0	241.0
66180	314350	381.0	244.0
66192	314350	383.0	245.0
66204	314350	392.0	248.0
66216	314350	401.0	250.0
66228	314350	411.0	256.0
66240	314350	420.0	251.0
66252	314350	435.0	258.0
66264	314350	450.0	265.0
66276	314350	469.0	272.0
66288	314350	493.0	280.0
66300	314350	523.0	288.0
66312	314350	561.0	301.0
66324	314350	613.0	316.0
66336	314350	682.0	336.0
66348	314350	783.0	367.0
66360	314350	948.0	417.0
66204	314392	300.0	239.0
66216	314392	303.0	240.0
66228	314392	304.0	242.0
66240	314392	309.0	242.0
66252	314392	311.0	245.0
66264	314392	314.0	246.0
66276	314392	316.0	247.0
66288	314392	322.0	249.0
66300	314392	327.0	252.0
66312	314392	332.0	254.0
66324	314392	337.0	256.0
66336	314392	343.0	260.0
66348	314392	350.0	263.0
66360	314392	359.0	267.0
66372	314392	367.0	271.0
66384	314392	376.0	276.0
66396	314392	387.0	283.0
66408	314392	401.0	291.0
66420	314392	418.0	300.0
66432	314392	438.0	311.0
66444	314392	466.0	326.0
66456	314392	502.0	346.0
66468	314392	554.0	374.0
66480	314392	631.0	415.0
66492	314392	763.0	486.0
66504	314392	939.0	541.0
66228	314410	263.0	225.0
66240	314410	265.0	226.0
66252	314410	266.0	227.0
66264	314410	266.0	227.0
66276	314410	267.0	228.0
66288	314410	267.0	228.0
66300	314410	269.0	228.0
66312	314410	268.0	228.0
66324	314410	271.0	229.0
66336	314410	271.0	229.0
66348	314410	271.0	230.0
66360	314410	273.0	231.0
66372	314410	273.0	230.0
66384	314410	273.0	232.0
66396	314410	273.0	232.0
66408	314410	276.0	234.0
66420	314410	276.0	235.0
66432	314410	278.0	236.0
66444	314410	280.0	237.0
66456	314410	282.0	238.0
66468	314410	285.0	239.0
66480	314410	286.0	240.0
66492	314410	289.0	241.0
66504	314410	292.0	243.0
66516	314410	294.0	245.0
66528	314410	298.0	246.0
66540	314410	302.0	247.0
66552	314410	308.0	250.0
66564	314410	312.0	252.0
66576	314410	316.0	255.0
66588	314410	322.0	258.0
66600	314410	326.0	261.0
66612	314410	334.0	264.0
66624	314410	341.0	268.0
66636	314410	350.0	272.0
66648	314410	358.0	277.0
66660	314410	367.0	284.0
66672	314410	380.0	291.0
66684	314410	392.0	300.0
66696	314410	409.0	311.0
66708	314410	430.0	325.0
66720	314410	457.0	343.0
66732	314410	492.0	367.0
66744	314410	544.0	401.0
66756	314410	624.0	456.0
66768	314410	759.0	541.0
66780	314410	883.0	539.0
66264	314427	287.0	234.0
66276	314427	288.0	235.0
66288	314427	289.0	235.0
66300	314427	292.0	236.0
66312	314427	293.0	237.0
66324	314427	298.0	238.0
66336	314427	299.0	239.0
66348	314427	301.0	240.0
66360	314427	305.0	242.0
66372	314427	308.0	243.0
66384	314427	313.0	245.0
66396	314427	319.0	247.0
66408	314427	324.0	249.0
66420	314427	330.0	250.0
66432	314427	337.0	253.0
66444	314427	345.0	257.0
66456	314427	354.0	259.0
66468	314427	362.0	263.0
66480	314427	372.0	267.0
66492	314427	384.0	271.0
66504	314427	396.0	276.0
66516	314427	412.0	283.0
66528	314427	430.0	291.0
66540	314427	453.0	300.0
66552	314427	480.0	312.0
66564	314427	514.0	327.0
66576	314427	563.0	349.0
66588	314427	631.0	379.0
66600	314427	737.0	426.0
66612	314427	917.0	507.0
66624	314427	988.0	541.0
66276	314440	340.0	228.0
66288	314440	341.0	229.0
66300	314440	345.0	231.0
66312	314440	347.0	232.0
66324	314440	352.0	232.0
66336	314440	356.0	232.0
66348	314440	360.0	233.0
66360	314440	365.0	235.0
66372	314440	370.0	237.0
66384	314440	376.0	237.0
66396	314440	384.0	239.0
66408	314440	391.0	241.0
66420	314440	399.0	244.0
66432	314440	409.0	246.0
66444	314440	418.0	248.0
66456	314440	430.0	251.0
66468	314440	445.0	255.0
66480	314440	461.0	258.0
66492	314440	482.0	264.0
66504	314440	507.0	269.0
66516	314440	537.0	278.0
66528	314440	576.0	286.0
66540	314440	628.0	299.0
66552	314440	703.0	317.0
66564	314440	811.0	342.0
66576	314440	972.0	385.0
66408	314517	305.6666666666667	242.33333333333334
66420	314517	310.0	244.0
66432	314517	314.0	246.0
66444	314517	319.0	248.0
66456	314517	323.0	249.0
66468	314517	330.0	251.0
66480	314517	332.0	254.0
66492	314517	336.0	256.0
66504	314517	343.0	260.0
66516	314517	348.0	263.0
66528	314517	353.0	267.0
66540	314517	361.0	272.0
66552	314517	370.0	276.0
66564	314517	381.0	283.0
66576	314517	393.0	291.0
66588	314517	408.0	300.0
66600	314517	427.0	312.0
66612	314517	452.0	328.0
66624	314517	486.0	348.0
66636	314517	534.0	379.0
66648	314517	609.0	426.0
66660	314517	742.0	511.0
66672	314517	923.0	540.0
66444	314527	302.0	241.0
66456	314527	305.0	244.0
66468	314527	307.0	244.0
66480	314527	309.0	245.0
66492	314527	313.0	247.0
66504	314527	316.0	249.0
66516	314527	319.0	251.0
66528	314527	324.0	253.0
66540	314527	328.0	256.0
66552	314527	334.0	260.0
66564	314527	340.0	262.0
66576	314527	346.0	265.0
66588	314527	353.0	270.0
66600	314527	360.0	275.0
66612	314527	370.0	281.0
66624	314527	381.0	288.0
66636	314527	394.0	297.0
66648	314527	411.0	308.0
66660	314527	431.0	321.0
66672	314527	459.0	338.0
66684	314527	495.0	361.0
66696	314527	546.0	396.0
66708	314527	632.0	452.0
66720	314527	782.0	541.0
66732	314527	924.0	540.0
66480	314542	363.0	250.0
66492	314542	368.0	253.0
66504	314542	374.0	255.0
66516	314542	380.0	259.0
66528	314542	388.0	261.0
66540	314542	397.0	265.0
66552	314542	409.0	270.0
66564	314542	420.0	274.0
66576	314542	433.0	279.0
66588	314542	449.0	285.0
66600	314542	467.0	292.0
66612	314542	488.0	300.0
66624	314542	509.0	309.0
66636	314542	541.0	321.0
66648	314542	578.0	336.0
66660	314542	625.0	344.0
66672	314542	702.0	383.0
66684	314542	794.0	420.0
66696	314542	935.0	478.0
66708	314542	991.0	539.0
66720	314542	990.0	538.0
66492	314544	344.0	238.0
66504	314544	347.0	238.0
66516	314544	353.0	240.0
66528	314544	356.625	240.0
66540	314544	363.5	242.0
66552	314544	369.0	244.0
66564	314544	376.0	245.0
66576	314544	383.0	247.0
66588	314544	391.0	250.0
66600	314544	401.0	252.0
66612	314544	413.0	256.0
66624	314544	426.0	260.0
66636	314544	442.0	266.0
66648	314544	462.0	271.0
66660	314544	486.0	279.0
66672	314544	515.0	288.0
66684	314544	555.0	300.0
66696	314544	608.0	316.0
66708	314544	685.0	340.0
66720	314544	805.0	377.0
66732	314544	982.0	444.0
66540	314569	289.0	233.0
66552	314569	289.0	234.0
66564	314569	290.0	234.0
66576	314569	293.0	235.0
66588	314569	294.0	237.0
66600	314569	296.0	237.0
66612	314569	298.0	238.0
66624	314569	300.0	240.0
66636	314569	301.0	241.0
66648	314569	302.0	242.0
66660	314569	306.0	244.0
66672	314569	309.0	245.0
66684	314569	311.0	247.0
66696	314569	313.0	249.0
66708	314569	316.0	250.0
66720	314569	321.0	253.0
66732	314569	324.0	256.0
66744	314569	329.0	258.0
66756	314569	333.0	261.0
66768	314569	339.0	265.0
66780	314569	345.0	269.0
66792	314569	352.0	274.0
66804	314569	362.0	280.0
66816	314569	371.0	286.0
66828	314569	384.0	295.0
66840	314569	399.0	305.0
66852	314569	417.0	318.0
66864	314569	444.0	336.0
66876	314569	478.0	359.0
66888	314569	529.0	393.0
66900	314569	609.0	448.0
66912	314569	751.0	541.0
66924	314569	876.0	540.0
66624	314606	327.0	239.0
66636	314606	332.0	241.0
66648	314606	335.0	242.0
66660	314606	341.0	244.0
66672	314606	345.0	246.0
66684	314606	349.0	247.0
66696	314606	352.0	249.0
66708	314606	357.0	250.0
66720	314606	362.0	252.0
66732	314606	368.0	254.0
66744	314606	374.0	256.0
66756	314606	381.0	259.0
66768	314606	389.0	263.0
66780	314606	397.0	265.0
66792	314606	406.0	269.0
66804	314606	416.0	273.0
66816	314606	428.0	277.0
66828	314606	441.0	282.0
66840	314606	457.0	289.0
66852	314606	473.0	295.0
66864	314606	493.0	304.0
66876	314606	517.0	313.0
66888	314606	549.0	325.0
66900	314606	587.0	340.0
66912	314606	636.0	360.0
66924	314606	701.0	387.0
66936	314606	794.0	424.0
66948	314606	935.0	480.0
66960	314606	995.0	541.0
66708	314650	315.0	226.0
66720	314650	318.0	226.0
66732	314650	319.0	227.0
66744	314650	321.0	227.0
66756	314650	322.0	228.0
66768	314650	324.0	229.0
66780	314650	326.0	230.0
66792	314650	329.0	231.0
66804	314650	332.0	231.0
66816	314650	335.0	233.0
66828	314650	338.0	234.0
66840	314650	342.0	235.0
66852	314650	346.0	236.0
66864	314650	350.0	237.0
66876	314650	355.0	239.0
66888	314650	360.0	240.0
66900	314650	366.0	243.0
66912	314650	373.0	245.0
66924	314650	381.0	248.0
66936	314650	388.0	251.0
66948	314650	397.0	253.0
66960	314650	410.0	258.0
66972	314650	424.0	262.0
66984	314650	441.0	269.0
66996	314650	462.0	276.0
67008	314650	487.0	285.0
67020	314650	522.0	296.0
67032	314650	569.0	313.0
67044	314650	638.0	335.0
67056	314650	747.0	372.0
67068	314650	942.0	436.0
66732	314656	299.0	227.0
66744	314656	299.0	227.0
66756	314656	301.0	228.0
66768	314656	301.25	227.0
66780	314656	304.6666666666667	227.66666666666666
66792	314656	306.0	229.0
66804	314656	306.57142857142856	229.42857142857142
66816	314656	308.0	231.0
66828	314656	311.0	232.0
66840	314656	312.0	232.0
66852	314656	314.0	232.0
66864	314656	315.0	234.0
66876	314656	317.0	235.0
66888	314656	320.0	235.0
66900	314656	322.0	237.0
66912	314656	324.0	239.0
66924	314656	329.0	239.0
66936	314656	333.0	241.0
66948	314656	337.0	243.0
66960	314656	341.0	245.0
66972	314656	344.0	246.0
66984	314656	349.0	249.0
66996	314656	354.0	251.0
67008	314656	361.0	254.0
67020	314656	370.5	256.5
67032	314656	372.0	260.0
67044	314656	395.0	265.0
67056	314656	398.0	269.0
67068	314656	409.0	274.0
66936	314694	310.3636363636364	230.45454545454547
66948	314694	314.1111111111111	232.0
66960	314694	315.0	233.0
66972	314694	316.0	233.0
66984	314694	319.3333333333333	235.0
66996	314694	321.6	234.4
67008	314694	325.0	237.0
67020	314694	326.0	238.0
67032	314694	329.0	239.0
67044	314694	333.0	241.0
67056	314694	336.0	243.0
67068	314694	339.0	244.0
67080	314694	342.0	244.0
67092	314694	346.0	247.0
67104	314694	349.0	245.0
67116	314694	357.0	252.0
67128	314694	363.0	254.0
67140	314694	369.0	256.0
67152	314694	377.0	259.0
67164	314694	386.0	264.0
67176	314694	394.0	267.0
67188	314694	408.0	275.0
67200	314694	424.0	282.0
67212	314694	442.0	291.0
67224	314694	466.0	302.0
67236	314694	496.0	316.0
67248	314694	537.0	335.0
67260	314694	595.0	362.0
67272	314694	687.0	406.0
67284	314694	855.0	488.0
67296	314694	785.0	476.0
67308	314694	959.0	541.0
67320	314694	973.0	540.0
67332	314694	991.0	539.0
67044	314716	346.0	237.0
67056	314716	352.0	239.0
67068	314716	356.0	240.0
67080	314716	361.0	241.0
67092	314716	367.0	243.0
67104	314716	372.0	245.0
67116	314716	380.0	248.0
67128	314716	388.0	250.0
67140	314716	397.0	252.0
67152	314716	407.0	255.0
67164	314716	418.0	258.0
67176	314716	434.0	263.0
67188	314716	450.0	268.0
67200	314716	471.0	274.0
67212	314716	496.0	281.0
67224	314716	527.0	290.0
67236	314716	567.0	302.0
67248	314716	623.0	319.0
67260	314716	701.0	343.0
67272	314716	825.0	381.0
67284	314716	989.0	446.0
67116	314731	311.5	234.25
67128	314731	313.0	235.0
67140	314731	314.0	235.0
67152	314731	317.9047619047619	236.57142857142858
67164	314731	320.76190476190476	237.42857142857142
67176	314731	323.6190476190476	238.28571428571428
67188	314731	327.0	240.0
67200	314731	328.0	240.0
67212	314731	334.0	241.0
67224	314731	335.0	243.0
67236	314731	340.0	244.0
67248	314731	344.0	247.0
67260	314731	348.0	249.0
67272	314731	355.0	250.0
67284	314731	361.0	253.0
67296	314731	367.0	256.0
67308	314731	376.0	259.0
67320	314731	385.0	264.0
67332	314731	397.0	268.0
67344	314731	408.0	272.0
67356	314731	423.0	279.0
67368	314731	441.0	286.0
67380	314731	462.0	295.0
67392	314731	489.0	306.0
67404	314731	524.0	320.0
67416	314731	569.0	340.0
67428	314731	636.0	369.0
67440	314731	738.0	413.0
67452	314731	915.0	488.0
67464	314731	999.0	541.0
67176	314749	334.0	242.0
67188	314749	337.0	243.0
67200	314749	342.0	246.0
67212	314749	348.0	247.0
67224	314749	354.0	250.0
67236	314749	362.0	252.0
67248	314749	370.0	254.0
67260	314749	378.0	258.0
67272	314749	388.0	261.0
67284	314749	397.0	265.0
67296	314749	410.0	270.0
67308	314749	423.0	275.0
67320	314749	440.0	282.0
67332	314749	461.0	290.0
67344	314749	486.0	300.0
67356	314749	518.0	314.0
67368	314749	562.0	332.0
67380	314749	624.0	357.0
67392	314749	718.0	397.0
67404	314749	879.0	462.0
67416	314749	1001.0	541.0
67236	314769	308.0	236.3846153846154
67248	314769	308.0	237.0
67260	314769	308.0	239.0
67272	314769	311.0	240.0
67284	314769	311.0	242.0
67296	314769	313.0	243.0
67308	314769	315.0	245.0
67320	314769	319.0	246.0
67332	314769	321.0	250.0
67344	314769	325.0	251.0
67356	314769	331.0	254.0
67368	314769	336.0	258.0
67380	314769	343.0	262.0
67392	314769	351.0	267.0
67404	314769	360.0	273.0
67416	314769	373.0	281.0
67428	314769	387.0	290.0
67440	314769	408.0	301.0
67452	314769	432.0	317.0
67464	314769	468.0	340.0
67476	314769	524.0	373.0
67488	314769	618.0	433.0
67500	314769	806.0	542.0
67272	314776	243.0	221.0
67284	314776	244.92307692307693	221.23076923076923
67296	314776	246.76923076923077	221.69230769230768
67308	314776	248.5	223.0
67320	314776	251.0	222.0
67332	314776	252.0	222.0
67344	314776	254.44444444444446	224.44444444444446
67356	314776	255.0	224.0
67368	314776	256.875	224.0
67380	314776	259.0	223.0
67392	314776	260.0	223.0
67404	314776	261.0	224.0
67416	314776	262.77777777777777	225.0
67428	314776	263.0	225.0
67440	314776	266.0	224.0
67452	314776	266.0	224.0
67464	314776	266.0	226.0
67476	314776	267.0	226.0
67488	314776	268.0	226.0
67500	314776	268.0	226.0
67512	314776	270.0	226.0
67524	314776	271.0	226.0
67536	314776	271.0	227.0
67548	314776	272.0	228.0
67560	314776	273.0	228.0
67572	314776	274.0	228.0
67584	314776	275.0	229.0
67596	314776	276.0	230.0
67608	314776	277.0	230.0
67620	314776	278.0	231.0
67632	314776	279.0	231.0
67644	314776	279.0	232.0
67656	314776	280.0	233.0
67668	314776	282.0	233.0
67680	314776	284.0	234.0
67692	314776	286.0	235.0
67704	314776	287.0	236.0
67716	314776	288.0	236.0
67728	314776	290.0	237.0
67740	314776	293.0	238.0
67752	314776	295.0	239.0
67764	314776	298.0	240.0
67776	314776	300.0	241.0
67788	314776	303.0	243.0
67800	314776	306.0	245.0
67812	314776	310.0	246.0
67824	314776	313.0	248.0
67836	314776	317.0	250.0
67848	314776	321.0	252.0
67860	314776	326.0	255.0
67872	314776	332.0	258.0
67884	314776	337.0	261.0
67896	314776	344.0	265.0
67908	314776	351.0	269.0
67920	314776	359.0	274.0
67932	314776	369.0	280.0
67944	314776	381.0	287.0
67956	314776	394.0	296.0
67968	314776	412.0	307.0
67980	314776	434.0	321.0
67992	314776	463.0	341.0
68004	314776	506.0	369.0
68016	314776	571.0	410.0
68028	314776	683.0	483.0
68040	314776	861.0	541.0
67296	314788	336.0	234.0
67308	314788	339.57142857142856	234.57142857142858
67320	314788	343.42857142857144	235.42857142857142
67332	314788	347.0	237.0
67344	314788	352.0	237.0
67356	314788	358.0	239.0
67368	314788	361.0	239.0
67380	314788	367.0	242.0
67392	314788	374.0	244.0
67404	314788	381.0	246.0
67416	314788	387.0	249.0
67428	314788	397.0	251.0
67440	314788	407.0	255.0
67452	314788	420.0	258.0
67464	314788	433.0	262.0
67476	314788	448.0	267.0
67488	314788	469.0	273.0
67500	314788	492.0	281.0
67512	314788	522.0	290.0
67524	314788	560.0	302.0
67536	314788	614.0	317.0
67548	314788	683.0	329.0
67560	314788	798.0	357.0
67572	314788	986.0	430.0
67320	314801	329.0	239.0
67332	314801	331.3333333333333	239.0
67344	314801	335.0	240.0
67356	314801	340.0	243.0
67368	314801	342.0	244.0
67380	314801	348.0	247.0
67392	314801	353.0	248.0
67404	314801	360.0	250.0
67416	314801	368.0	255.0
67428	314801	376.0	258.0
67440	314801	387.0	262.0
67452	314801	398.0	267.0
67464	314801	412.0	272.0
67476	314801	428.0	279.0
67488	314801	449.0	287.0
67500	314801	475.0	298.0
67512	314801	509.0	312.0
67524	314801	556.0	332.0
67536	314801	624.0	360.0
67548	314801	733.0	406.0
67560	314801	936.0	491.0
67572	314801	1006.0	541.0
67368	314830	318.0	236.0
67380	314830	321.0	237.0
67392	314830	323.0	238.0
67404	314830	326.0	239.0
67416	314830	329.0	240.0
67428	314830	333.0	242.0
67440	314830	337.0	244.0
67452	314830	342.0	246.0
67464	314830	348.0	249.0
67476	314830	354.0	250.0
67488	314830	362.0	253.0
67500	314830	369.0	257.0
67512	314830	378.0	260.0
67524	314830	390.0	265.0
67536	314830	402.0	270.0
67548	314830	418.0	276.0
67560	314830	436.0	284.0
67572	314830	459.0	293.0
67584	314830	488.0	305.0
67596	314830	528.0	322.0
67608	314830	583.0	346.0
67620	314830	669.0	383.0
67632	314830	815.0	447.0
67644	314830	989.0	543.0
67416	314852	364.0	231.0
67428	314852	370.3333333333333	232.33333333333334
67440	314852	375.0	233.0
67452	314852	382.0	234.0
67464	314852	387.0	235.0
67476	314852	395.0	237.0
67488	314852	404.0	238.0
67500	314852	412.0	240.0
67512	314852	422.0	242.0
67524	314852	435.0	245.0
67536	314852	448.0	248.0
67548	314852	463.0	250.0
67560	314852	481.0	254.0
67572	314852	502.0	258.0
67584	314852	528.0	264.0
67596	314852	560.0	270.0
67608	314852	599.0	278.0
67620	314852	652.0	288.0
67632	314852	724.0	303.0
67644	314852	828.0	324.0
67656	314852	973.0	357.0
67416	314853	341.6666666666667	233.0
67428	314853	344.0	235.0
67440	314853	349.0	236.0
67452	314853	355.0	237.0
67464	314853	360.0	239.0
67476	314853	366.0	241.0
67488	314853	372.0	242.0
67500	314853	379.0	244.0
67512	314853	387.0	247.0
67524	314853	395.0	250.0
67536	314853	407.0	252.0
67548	314853	418.0	257.0
67560	314853	431.0	259.0
67572	314853	449.0	264.0
67584	314853	471.0	269.0
67596	314853	498.0	277.0
67608	314853	533.0	290.0
67620	314853	577.0	303.0
67632	314853	639.0	322.0
67644	314853	732.0	350.0
67656	314853	883.0	396.0
67668	314853	1006.0	457.0
67452	314863	321.0	236.0
67464	314863	326.0	237.0
67476	314863	330.0	238.0
67488	314863	332.0	240.0
67500	314863	338.0	242.0
67512	314863	341.0	243.0
67524	314863	345.0	245.0
67536	314863	351.0	247.0
67548	314863	356.0	249.0
67560	314863	365.0	252.0
67572	314863	371.0	255.0
67584	314863	380.0	259.0
67596	314863	390.0	263.0
67608	314863	402.0	268.0
67620	314863	416.0	274.0
67632	314863	433.0	281.0
67644	314863	456.0	291.0
67656	314863	484.0	303.0
67668	314863	521.0	319.0
67680	314863	576.0	342.0
67692	314863	660.0	379.0
67704	314863	805.0	442.0
67716	314863	992.0	542.0
67476	314876	313.0	231.0
67488	314876	314.61538461538464	233.23076923076923
67500	314876	318.0	234.0
67512	314876	321.0	235.0
67524	314876	323.6666666666667	236.0
67536	314876	327.0	237.0
67548	314876	330.0	238.0
67560	314876	332.0	240.0
67572	314876	336.0	241.0
67584	314876	341.0	243.0
67596	314876	347.0	245.0
67608	314876	350.0	247.0
67620	314876	356.0	249.0
67632	314876	363.0	251.0
67644	314876	370.0	254.0
67656	314876	377.0	258.0
67668	314876	387.0	262.0
67680	314876	399.0	266.0
67692	314876	413.0	272.0
67704	314876	430.0	280.0
67716	314876	451.0	288.0
67728	314876	478.0	299.0
67740	314876	513.0	315.0
67752	314876	564.0	336.0
67764	314876	637.0	367.0
67776	314876	759.0	419.0
67788	314876	975.0	524.0
67560	314930	369.06779661016947	233.0677966101695
67572	314930	369.47457627118644	233.47457627118644
67584	314930	369.8813559322034	233.88135593220338
67596	314930	370.2881355932203	234.28813559322035
67608	314930	370.6949152542373	234.6949152542373
67620	314930	371.0	235.0
67632	314930	379.0	237.0
67644	314930	387.0	239.0
67656	314930	396.0	241.0
67668	314930	407.0	244.0
67680	314930	419.0	246.0
67692	314930	435.0	249.0
67704	314930	452.0	253.0
67716	314930	473.0	257.0
67728	314930	498.0	263.0
67740	314930	528.0	269.0
67752	314930	568.0	278.0
67764	314930	620.0	288.0
67776	314930	693.0	304.0
67788	314930	800.0	327.0
67800	314930	962.0	362.0
67596	314958	321.14285714285717	227.0
67608	314958	322.0	227.0
67620	314958	325.0	229.0
67632	314958	328.61538461538464	230.07692307692307
67644	314958	332.0	232.0
67656	314958	333.0	232.0
67668	314958	337.0	233.0
67680	314958	341.0	233.0
67692	314958	345.0	235.0
67704	314958	349.0	236.0
67716	314958	355.0	237.0
67728	314958	361.0	239.0
67740	314958	367.0	241.0
67752	314958	374.0	244.0
67764	314958	383.0	246.0
67776	314958	392.0	249.0
67788	314958	403.0	251.0
67800	314958	416.0	256.0
67812	314958	432.0	260.0
67824	314958	451.0	266.0
67836	314958	475.0	273.0
67848	314958	505.0	281.0
67860	314958	545.0	294.0
67872	314958	601.0	311.0
67884	314958	683.0	335.0
67896	314958	818.0	376.0
67908	314958	1000.0	454.0
67632	314978	348.0	228.0
67644	314978	350.0	228.0
67656	314978	354.0	229.0
67668	314978	358.0	230.0
67680	314978	361.0	231.0
67692	314978	366.0	232.0
67704	314978	371.0	232.0
67716	314978	377.0	233.0
67728	314978	383.0	235.0
67740	314978	390.0	235.0
67752	314978	397.0	238.0
67764	314978	406.0	239.0
67776	314978	415.0	242.0
67788	314978	425.0	243.0
67800	314978	437.0	246.0
67812	314978	451.0	250.0
67824	314978	467.0	252.0
67836	314978	487.0	257.0
67848	314978	509.0	261.0
67860	314978	532.0	260.0
67872	314978	568.0	266.0
67884	314978	619.0	279.0
67896	314978	683.0	296.0
67908	314978	767.0	313.0
67920	314978	897.0	340.0
67632	314981	316.0	233.0
67644	314981	317.0	235.0
67656	314981	317.0	232.0
67668	314981	321.0	235.0
67680	314981	323.0	233.0
67692	314981	327.0	236.0
67704	314981	330.0	238.0
67716	314981	333.0	238.0
67728	314981	337.0	239.0
67740	314981	340.0	241.0
67752	314981	346.0	243.0
67764	314981	353.0	246.0
67776	314981	361.0	250.0
67788	314981	366.0	251.0
67800	314981	376.0	258.0
67812	314981	385.0	261.0
67824	314981	393.0	263.0
67836	314981	408.0	273.0
67848	314981	425.0	281.0
67860	314981	444.0	290.0
67872	314981	469.0	301.0
67884	314981	502.0	316.0
67896	314981	545.0	335.0
67908	314981	612.0	364.0
67920	314981	719.0	410.0
67932	314981	915.0	498.0
67944	314981	965.0	520.0
67956	314981	980.0	540.0
67968	314981	989.0	538.0
67980	314981	1008.0	539.0
67788	315078	320.5	237.0
67800	315078	323.77777777777777	238.88888888888889
67812	315078	328.0	240.66666666666666
67824	315078	332.0	241.0
67836	315078	337.0	243.0
67848	315078	341.8	245.4
67860	315078	347.0	247.0
67872	315078	353.0	249.0
67884	315078	359.0	251.0
67896	315078	366.0	254.0
67908	315078	373.0	256.0
67920	315078	381.0	260.0
67932	315078	390.0	264.0
67944	315078	402.0	268.0
67956	315078	414.0	274.0
67968	315078	430.0	280.0
67980	315078	450.0	288.0
67992	315078	474.0	298.0
68004	315078	504.0	310.0
68016	315078	547.0	327.0
68028	315078	608.0	354.0
68040	315078	700.0	393.0
68052	315078	865.0	461.0
68064	315078	1000.0	541.0
67884	315129	335.55555555555554	241.0
67896	315129	342.0	242.0
67908	315129	347.0	244.0
67920	315129	348.0	247.0
67932	315129	353.0	249.0
67944	315129	359.0	250.0
67956	315129	365.0	253.0
67968	315129	372.0	256.0
67980	315129	380.0	259.0
67992	315129	388.0	263.0
68004	315129	399.0	268.0
68016	315129	412.0	273.0
68028	315129	426.0	279.0
68040	315129	444.0	286.0
68052	315129	465.0	296.0
68064	315129	493.0	307.0
68076	315129	530.0	323.0
68088	315129	579.0	344.0
68100	315129	652.0	375.0
68112	315129	769.0	424.0
68124	315129	964.0	513.0
67896	315131	323.0	236.0
67908	315131	325.0	238.0
67920	315131	327.0	239.0
67932	315131	331.0	241.0
67944	315131	334.0	243.0
67956	315131	338.0	244.0
67968	315131	343.0	246.0
67980	315131	347.0	248.0
67992	315131	353.0	249.0
68004	315131	361.0	252.0
68016	315131	368.0	255.0
68028	315131	375.0	258.0
68040	315131	384.0	263.0
68052	315131	395.0	266.0
68064	315131	408.0	271.0
68076	315131	422.0	277.0
68088	315131	440.0	284.0
68100	315131	460.0	292.0
68112	315131	487.0	303.0
68124	315131	519.0	317.0
68136	315131	564.0	336.0
68148	315131	627.0	362.0
68160	315131	722.0	402.0
68172	315131	881.0	471.0
68184	315131	992.0	542.0
67980	315176	341.0	234.0
67992	315176	345.0	235.0
68004	315176	348.0	236.0
68016	315176	354.0	238.0
68028	315176	359.0	240.0
68040	315176	365.0	241.0
68052	315176	371.0	244.0
68064	315176	378.0	245.0
68076	315176	385.0	247.0
68088	315176	394.0	250.0
68100	315176	406.0	253.0
68112	315176	418.0	257.0
68124	315176	433.0	262.0
68136	315176	450.0	267.0
68148	315176	471.0	273.0
68160	315176	498.0	281.0
68172	315176	532.0	292.0
68184	315176	579.0	306.0
68196	315176	644.0	325.0
68208	315176	744.0	354.0
68220	315176	907.0	403.0
68028	315193	322.0	228.0
68040	315193	323.0	229.0
68052	315193	326.0	230.0
68064	315193	328.0	231.0
68076	315193	332.0	231.0
68088	315193	336.0	232.0
68100	315193	338.0	233.0
68112	315193	343.0	235.0
68124	315193	345.0	235.0
68136	315193	350.0	236.0
68148	315193	356.0	238.0
68160	315193	361.0	239.0
68172	315193	365.0	241.0
68184	315193	372.0	243.0
68196	315193	379.0	244.0
68208	315193	387.0	248.0
68220	315193	396.0	250.0
68232	315193	406.0	253.0
68244	315193	419.0	256.0
68256	315193	434.0	261.0
68268	315193	450.0	266.0
68280	315193	470.0	272.0
68292	315193	495.0	280.0
68304	315193	527.0	289.0
68316	315193	569.0	303.0
68328	315193	629.0	322.0
68340	315193	720.0	349.0
68352	315193	867.0	394.0
68364	315193	1002.0	461.0
68064	315201	310.0	231.0
68076	315201	312.0	233.0
68088	315201	314.0	233.0
68100	315201	316.0	234.0
68112	315201	317.0	236.0
68124	315201	320.0	237.0
68136	315201	323.0	237.0
68148	315201	326.0	238.0
68160	315201	330.0	240.0
68172	315201	334.0	242.0
68184	315201	338.0	244.0
68196	315201	343.0	246.0
68208	315201	348.0	248.0
68220	315201	354.0	250.0
68232	315201	362.0	253.0
68244	315201	370.0	257.0
68256	315201	380.0	261.0
68268	315201	390.0	266.0
68280	315201	403.0	271.0
68292	315201	419.0	277.0
68304	315201	439.0	286.0
68316	315201	464.0	296.0
68328	315201	496.0	310.0
68340	315201	541.0	330.0
68352	315201	608.0	358.0
68364	315201	719.0	406.0
68376	315201	928.0	496.0
68388	315201	1002.0	541.0
68100	315215	300.0	228.0
68112	315215	302.0	229.0
68124	315215	303.0	230.0
68136	315215	305.0	230.0
68148	315215	307.0	231.0
68160	315215	309.0	232.0
68172	315215	311.0	233.0
68184	315215	313.0	233.0
68196	315215	316.0	234.0
68208	315215	317.0	236.0
68220	315215	321.0	236.0
68232	315215	324.0	237.0
68244	315215	328.0	238.0
68256	315215	332.0	240.0
68268	315215	336.0	242.0
68280	315215	340.0	244.0
68292	315215	345.0	246.0
68304	315215	351.0	247.0
68316	315215	358.0	250.0
68328	315215	366.0	253.0
68340	315215	373.0	256.0
68352	315215	382.0	259.0
68364	315215	393.0	264.0
68376	315215	405.0	268.0
68388	315215	420.0	275.0
68400	315215	438.0	282.0
68412	315215	461.0	292.0
68424	315215	489.0	303.0
68436	315215	528.0	319.0
68448	315215	582.0	342.0
68460	315215	664.0	375.0
68472	315215	801.0	432.0
68484	315215	994.0	539.0
68220	315257	346.0	234.0
68232	315257	349.0	235.0
68244	315257	353.0	236.0
68256	315257	359.0	239.0
68268	315257	365.0	240.0
68280	315257	370.0	241.0
68292	315257	377.0	244.0
68304	315257	385.0	246.0
68316	315257	394.0	248.0
68328	315257	403.0	250.0
68340	315257	414.0	253.0
68352	315257	426.0	258.0
68364	315257	440.0	262.0
68376	315257	457.0	266.0
68388	315257	479.0	273.0
68400	315257	504.0	280.0
68412	315257	537.0	290.0
68424	315257	579.0	303.0
68436	315257	639.0	321.0
68448	315257	725.0	346.0
68460	315257	863.0	387.0
68472	315257	1001.0	454.0
68220	315260	295.0	226.0
68232	315260	296.0	226.0
68244	315260	297.0	227.0
68256	315260	298.5	227.0
68268	315260	301.0	227.0
68280	315260	301.0	228.0
68292	315260	303.0	228.0
68304	315260	303.38461538461536	229.0
68316	315260	305.0	229.0
68328	315260	306.375	230.0
68340	315260	308.0	230.0
68352	315260	311.0	231.0
68364	315260	313.0	231.0
68376	315260	314.0	232.0
68388	315260	317.0	233.0
68400	315260	320.0	234.0
68412	315260	322.0	235.0
68424	315260	325.0	236.0
68436	315260	329.0	237.0
68448	315260	332.0	238.0
68460	315260	336.0	240.0
68472	315260	339.0	241.0
68484	315260	344.0	242.0
68496	315260	350.0	245.0
68508	315260	355.0	247.0
68520	315260	362.0	250.0
68532	315260	369.0	253.0
68544	315260	377.0	256.0
68556	315260	387.0	260.0
68568	315260	398.0	265.0
68580	315260	411.0	271.0
68592	315260	428.0	278.0
68604	315260	448.0	287.0
68616	315260	473.0	298.0
68628	315260	509.0	314.0
68640	315260	561.0	336.0
68652	315260	637.0	369.0
68664	315260	771.0	428.0
68676	315260	986.0	540.0
68328	315295	344.0	238.0
68340	315295	349.0	239.0
68352	315295	355.0	240.0
68364	315295	363.0	241.0
68376	315295	370.0	244.0
68388	315295	377.0	244.0
68400	315295	385.0	248.0
68412	315295	392.0	250.0
68424	315295	403.0	252.0
68436	315295	414.0	256.0
68448	315295	427.0	259.0
68460	315295	444.0	265.0
68472	315295	463.0	270.0
68484	315295	486.0	278.0
68496	315295	515.0	286.0
68508	315295	553.0	298.0
68520	315295	604.0	314.0
68532	315295	678.0	337.0
68544	315295	794.0	374.0
68556	315295	973.0	437.0
68556	315391	298.44444444444446	225.0
68568	315391	299.0	226.0
68580	315391	299.0	226.0
68592	315391	300.125	226.75
68604	315391	301.625	227.75
68616	315391	303.0	228.0
68628	315391	304.7142857142857	228.0
68640	315391	306.0	229.0
68652	315391	309.0	230.0
68664	315391	310.0	231.0
68676	315391	312.0	232.0
68688	315391	315.0	233.0
68700	315391	317.0	233.0
68712	315391	319.0	234.0
68724	315391	322.0	235.0
68736	315391	324.0	236.0
68748	315391	328.0	238.0
68760	315391	331.0	239.0
68772	315391	335.0	240.0
68784	315391	340.0	242.0
68796	315391	344.0	244.0
68808	315391	350.0	246.0
68820	315391	355.0	248.0
68832	315391	362.0	251.0
68844	315391	370.0	253.0
68856	315391	377.0	256.0
68868	315391	387.0	260.0
68880	315391	399.0	265.0
68892	315391	413.0	270.0
68904	315391	428.0	276.0
68916	315391	447.0	283.0
68928	315391	472.0	294.0
68940	315391	506.0	307.0
68952	315391	550.0	326.0
68964	315391	616.0	352.0
68976	315391	724.0	395.0
68988	315391	918.0	473.0
69000	315391	1005.0	538.0
68724	315428	302.0	227.0
68736	315428	302.0	228.0
68748	315428	302.0	230.0
68760	315428	304.75	230.91666666666666
68772	315428	307.0	232.0
68784	315428	307.5	232.0
68796	315428	310.0	233.0
68808	315428	313.0	234.0
68820	315428	316.0	236.0
68832	315428	318.0	237.0
68844	315428	322.0	237.0
68856	315428	325.0	239.0
68868	315428	328.0	240.0
68880	315428	332.0	242.0
68892	315428	338.0	244.0
68904	315428	343.0	245.0
68916	315428	348.0	248.0
68928	315428	356.0	250.0
68940	315428	363.0	254.0
68952	315428	371.0	256.0
68964	315428	381.0	261.0
68976	315428	392.0	266.0
68988	315428	407.0	271.0
69000	315428	426.0	278.0
69012	315428	448.0	288.0
69024	315428	475.0	299.0
69036	315428	514.0	316.0
69048	315428	569.0	340.0
69060	315428	655.0	377.0
69072	315428	811.0	443.0
69084	315428	991.0	543.0
68832	315442	334.5	233.0
68844	315442	337.75	234.0
68856	315442	341.0	235.0
68868	315442	344.0	235.0
68880	315442	348.0	236.0
68892	315442	353.0	238.0
68904	315442	358.0	240.0
68916	315442	366.0	241.0
68928	315442	371.0	243.0
68940	315442	378.0	245.0
68952	315442	386.0	247.0
68964	315442	395.0	250.0
68976	315442	405.0	252.0
68988	315442	418.0	256.0
69000	315442	431.0	260.0
69012	315442	445.0	263.0
69024	315442	466.0	267.0
69036	315442	490.0	275.0
69048	315442	521.0	286.0
69060	315442	557.0	298.0
69072	315442	609.0	314.0
69084	315442	681.0	335.0
69096	315442	794.0	369.0
69108	315442	970.0	430.0
68916	315452	333.0	232.0
68928	315452	334.5	232.0
68940	315452	338.0	234.0
68952	315452	341.0	234.0
68964	315452	345.0	236.0
68976	315452	350.0	237.0
68988	315452	354.0	239.0
69000	315452	361.0	240.0
69012	315452	366.0	241.0
69024	315452	372.0	243.0
69036	315452	380.0	246.0
69048	315452	388.0	249.0
69060	315452	398.0	251.0
69072	315452	408.0	254.0
69084	315452	421.0	258.0
69096	315452	436.0	262.0
69108	315452	454.0	268.0
69120	315452	476.0	275.0
69132	315452	504.0	283.0
69144	315452	538.0	293.0
69156	315452	585.0	308.0
69168	315452	652.0	330.0
69180	315452	755.0	361.0
69192	315452	929.0	414.0
68964	315469	306.0	230.0
68976	315469	307.0	229.6
68988	315469	309.0	231.0
69000	315469	312.0	233.0
69012	315469	314.0	232.0
69024	315469	316.0	235.0
69036	315469	319.0	236.0
69048	315469	322.0	237.0
69060	315469	325.0	238.0
69072	315469	329.0	240.0
69084	315469	333.0	242.0
69096	315469	337.0	244.0
69108	315469	343.0	245.0
69120	315469	349.0	248.0
69132	315469	355.0	250.0
69144	315469	365.0	253.0
69156	315469	374.0	257.0
69168	315469	385.0	262.0
69180	315469	398.0	267.0
69192	315469	415.0	274.0
69204	315469	434.0	282.0
69216	315469	461.0	293.0
69228	315469	496.0	307.0
69240	315469	545.0	328.0
69252	315469	621.0	360.0
69264	315469	754.0	416.0
69276	315469	988.0	535.0
68988	315474	339.0	234.0
69000	315474	344.0	234.0
69012	315474	350.0	235.0
69024	315474	353.0	237.0
69036	315474	359.0	238.0
69048	315474	367.0	239.0
69060	315474	369.0	242.0
69072	315474	373.0	245.0
69084	315474	382.0	247.0
69096	315474	391.0	249.0
69108	315474	401.0	251.0
69120	315474	412.0	255.0
69132	315474	426.0	259.0
69144	315474	443.0	265.0
69156	315474	463.0	271.0
69168	315474	489.0	279.0
69180	315474	520.0	288.0
69192	315474	561.0	301.0
69204	315474	622.0	320.0
69216	315474	710.0	347.0
69228	315474	854.0	392.0
69240	315474	1007.0	468.0
69108	315501	378.0	233.0
69120	315501	384.0	234.0
69132	315501	389.0	235.0
69144	315501	396.0	237.0
69156	315501	401.0	238.0
69168	315501	409.0	240.0
69180	315501	417.0	242.0
69192	315501	427.0	244.0
69204	315501	438.0	246.0
69216	315501	448.0	248.0
69228	315501	462.0	250.0
69240	315501	478.0	254.0
69252	315501	497.0	257.0
69264	315501	519.0	262.0
69276	315501	544.0	267.0
69288	315501	576.0	273.0
69300	315501	617.0	282.0
69312	315501	669.0	292.0
69324	315501	740.0	306.0
69336	315501	838.0	325.0
69348	315501	970.0	355.0
69300	315548	346.6	230.45
69312	315548	349.0	232.25
69324	315548	351.6	232.2
69336	315548	358.0	234.0
69348	315548	361.0	235.0
69360	315548	364.0	235.0
69372	315548	372.0	236.0
69384	315548	379.0	239.0
69396	315548	385.0	240.0
69408	315548	393.0	242.0
69420	315548	401.0	245.0
69432	315548	411.0	246.0
69444	315548	422.0	249.0
69456	315548	435.0	252.0
69468	315548	448.0	256.0
69480	315548	466.0	260.0
69492	315548	485.0	265.0
69504	315548	511.0	271.0
69516	315548	541.0	278.0
69528	315548	580.0	287.0
69540	315548	633.0	300.0
69552	315548	702.0	317.0
69564	315548	806.0	343.0
69576	315548	962.0	382.0
69336	315554	378.0	232.0
69348	315554	382.0	233.0
69360	315554	387.0	235.0
69372	315554	393.0	236.0
69384	315554	400.0	238.0
69396	315554	408.0	238.0
69408	315554	415.0	240.0
69420	315554	424.0	242.0
69432	315554	435.0	244.0
69444	315554	447.0	246.0
69456	315554	459.0	249.0
69468	315554	473.0	251.0
69480	315554	491.0	255.0
69492	315554	511.0	259.0
69504	315554	534.0	264.0
69516	315554	563.0	269.0
69528	315554	598.0	276.0
69540	315554	642.0	286.0
69552	315554	699.0	294.0
69564	315554	771.0	298.0
69576	315554	888.0	325.0
69588	315554	998.0	362.0
69360	315568	333.0	233.0
69372	315568	336.0	234.0
69384	315568	340.0	235.0
69396	315568	342.6666666666667	235.66666666666666
69408	315568	346.0	236.0
69420	315568	352.0	238.0
69432	315568	356.0	239.0
69444	315568	362.0	241.0
69456	315568	367.0	243.0
69468	315568	375.0	245.0
69480	315568	382.0	248.0
69492	315568	391.0	250.0
69504	315568	401.0	253.0
69516	315568	414.0	257.0
69528	315568	427.0	261.0
69540	315568	444.0	266.0
69552	315568	463.0	272.0
69564	315568	489.0	280.0
69576	315568	519.0	290.0
69588	315568	562.0	303.0
69600	315568	622.0	321.0
69612	315568	710.0	350.0
69624	315568	853.0	394.0
69636	315568	1003.0	468.0
69408	315595	361.5	234.0
69420	315595	368.0	236.0
69432	315595	373.0	235.0
69444	315595	379.0	237.0
69456	315595	386.0	238.0
69468	315595	394.0	242.0
69480	315595	401.0	242.0
69492	315595	411.0	245.0
69504	315595	421.0	247.0
69516	315595	434.0	250.0
69528	315595	448.0	254.0
69540	315595	464.0	257.0
69552	315595	484.0	262.0
69564	315595	509.0	268.0
69576	315595	538.0	275.0
69588	315595	576.0	283.0
69600	315595	625.0	294.0
69612	315595	696.0	310.0
69624	315595	792.0	327.0
69636	315595	953.0	366.0
69432	315603	314.14285714285717	232.57142857142858
69444	315603	316.0	232.0
69456	315603	317.0	235.0
69468	315603	321.0	236.0
69480	315603	324.0	237.0
69492	315603	327.0	238.0
69504	315603	330.0	240.0
69516	315603	334.0	241.0
69528	315603	341.0	244.0
69540	315603	346.0	246.0
69552	315603	351.0	249.0
69564	315603	359.0	251.0
69576	315603	368.0	255.0
69588	315603	377.0	259.0
69600	315603	388.0	264.0
69612	315603	403.0	270.0
69624	315603	421.0	278.0
69636	315603	443.0	288.0
69648	315603	474.0	300.0
69660	315603	516.0	319.0
69672	315603	580.0	347.0
69684	315603	686.0	393.0
69696	315603	896.0	484.0
69432	315604	340.0	234.0
69444	315604	343.8	235.0
69456	315604	347.0	236.0
69468	315604	352.0	237.0
69480	315604	355.0	239.0
69492	315604	360.0	240.0
69504	315604	366.0	242.0
69516	315604	373.0	244.0
69528	315604	381.0	247.0
69540	315604	388.0	249.0
69552	315604	397.0	251.0
69564	315604	409.0	255.0
69576	315604	423.0	260.0
69588	315604	438.0	263.0
69600	315604	457.0	269.0
69612	315604	480.0	277.0
69624	315604	509.0	285.0
69636	315604	547.0	297.0
69648	315604	598.0	313.0
69660	315604	673.0	337.0
69672	315604	792.0	374.0
69684	315604	977.0	440.0
69516	315659	314.0	233.0
69528	315659	316.0	234.0
69540	315659	317.0	235.0
69552	315659	321.0	237.0
69564	315659	324.0	238.0
69576	315659	329.0	240.0
69588	315659	333.0	242.0
69600	315659	337.0	243.0
69612	315659	343.0	245.0
69624	315659	348.0	248.0
69636	315659	355.0	250.0
69648	315659	363.0	254.0
69660	315659	373.0	258.0
69672	315659	387.0	263.0
69684	315659	400.0	269.0
69696	315659	414.0	276.0
69708	315659	438.0	285.0
69720	315659	465.0	296.0
69732	315659	504.0	313.0
69744	315659	561.0	337.0
69756	315659	653.0	376.0
69768	315659	820.0	447.0
69780	315659	1000.0	542.0
69660	315751	314.0	232.0
69672	315751	316.0	233.0
69684	315751	319.0	234.0
69696	315751	322.0	235.0
69708	315751	325.0	237.0
69720	315751	329.0	238.0
69732	315751	333.0	239.0
69744	315751	336.0	241.0
69756	315751	340.0	243.0
69768	315751	348.0	245.0
69780	315751	352.0	247.0
69792	315751	360.0	250.0
69804	315751	367.0	253.0
69816	315751	377.0	256.0
69828	315751	387.0	261.0
69840	315751	400.0	266.0
69852	315751	415.0	272.0
69864	315751	435.0	280.0
69876	315751	460.0	290.0
69888	315751	492.0	303.0
69900	315751	538.0	322.0
69912	315751	604.0	348.0
69924	315751	715.0	394.0
69936	315751	928.0	481.0
69672	315755	357.0	228.0
69684	315755	361.42857142857144	229.0
69696	315755	364.0	231.0
69708	315755	371.0	231.0
69720	315755	374.0	232.0
69732	315755	381.0	234.0
69744	315755	387.0	236.0
69756	315755	394.0	237.0
69768	315755	403.0	239.0
69780	315755	412.0	240.0
69792	315755	422.0	242.0
69804	315755	435.0	245.0
69816	315755	448.0	247.0
69828	315755	465.0	250.0
69840	315755	483.0	253.0
69852	315755	506.0	257.0
69864	315755	531.0	263.0
69876	315755	564.0	270.0
69888	315755	606.0	278.0
69900	315755	661.0	288.0
69912	315755	736.0	303.0
69924	315755	846.0	324.0
69936	315755	981.0	360.0
69696	315766	351.0	227.0
69708	315766	355.0	227.5
69720	315766	358.0	228.0
69732	315766	363.0	230.0
69744	315766	367.0	231.0
69756	315766	371.0	232.0
69768	315766	377.0	233.0
69780	315766	382.0	234.0
69792	315766	388.0	235.0
69804	315766	396.0	237.0
69816	315766	404.0	238.0
69828	315766	413.0	240.0
69840	315766	421.0	242.0
69852	315766	433.0	245.0
69864	315766	446.0	247.0
69876	315766	461.0	250.0
69888	315766	478.0	253.0
69900	315766	498.0	256.0
69912	315766	524.0	262.0
69924	315766	552.0	268.0
69936	315766	590.0	275.0
69948	315766	637.0	284.0
69960	315766	702.0	296.0
69972	315766	791.0	315.0
69984	315766	924.0	341.0
69720	315774	313.0	234.0
69732	315774	316.0	235.0
69744	315774	315.0	236.0
69756	315774	320.0	238.0
69768	315774	322.0	239.0
69780	315774	326.0	241.0
69792	315774	329.0	243.0
69804	315774	332.0	245.0
69816	315774	337.0	247.0
69828	315774	343.0	250.0
69840	315774	348.0	253.0
69852	315774	354.0	257.0
69864	315774	362.0	261.0
69876	315774	373.0	268.0
69888	315774	386.0	273.0
69900	315774	402.0	282.0
69912	315774	422.0	293.0
69924	315774	450.0	308.0
69936	315774	487.0	329.0
69948	315774	545.0	362.0
69960	315774	647.0	419.0
69972	315774	863.0	539.0
69984	315774	972.0	539.0
69792	315797	344.0	233.0
69804	315797	346.0	233.0
69816	315797	350.0	234.0
69828	315797	354.5	235.83333333333334
69840	315797	359.0	237.0
69852	315797	364.0	238.0
69864	315797	370.0	241.0
69876	315797	376.0	243.0
69888	315797	384.0	245.0
69900	315797	392.0	248.0
69912	315797	403.0	252.0
69924	315797	415.0	254.0
69936	315797	428.0	258.0
69948	315797	445.0	263.0
69960	315797	466.0	269.0
69972	315797	490.0	277.0
69984	315797	523.0	287.0
69996	315797	568.0	300.0
70008	315797	629.0	318.0
70020	315797	720.0	346.0
70032	315797	874.0	392.0
70044	315797	997.0	441.0
69852	315834	320.6666666666667	234.66666666666666
69864	315834	324.0	236.0
69876	315834	327.0	238.0
69888	315834	333.0	239.0
69900	315834	336.0	241.0
69912	315834	342.0	243.0
69924	315834	348.0	246.0
69936	315834	353.0	248.0
69948	315834	362.0	251.0
69960	315834	370.0	254.0
69972	315834	381.0	258.0
69984	315834	392.0	263.0
69996	315834	406.0	268.0
70008	315834	423.0	275.0
70020	315834	444.0	284.0
70032	315834	473.0	296.0
70044	315834	510.0	311.0
70056	315834	565.0	333.0
70068	315834	649.0	368.0
70080	315834	798.0	430.0
70092	315834	1000.0	542.0
69876	315845	298.8	227.0
69888	315845	299.5833333333333	226.41666666666666
69900	315845	301.0	226.0
69912	315845	303.0	227.0
69924	315845	304.0	228.0
69936	315845	305.0	230.0
69948	315845	309.0	230.0
69960	315845	311.0	231.0
69972	315845	313.0	232.0
69984	315845	316.0	233.0
69996	315845	318.0	234.0
70008	315845	322.0	235.0
70020	315845	324.0	237.0
70032	315845	327.0	238.0
70044	315845	331.0	240.0
70056	315845	337.0	241.0
70068	315845	342.0	243.0
70080	315845	350.0	246.0
70092	315845	355.0	249.0
70104	315845	363.0	252.0
70116	315845	372.0	255.0
70128	315845	383.0	259.0
70140	315845	395.0	265.0
70152	315845	409.0	270.0
70164	315845	428.0	278.0
70176	315845	451.0	288.0
70188	315845	483.0	301.0
70200	315845	528.0	320.0
70212	315845	595.0	348.0
70224	315845	705.0	393.0
70236	315845	920.0	484.0
70248	315845	999.0	541.0
70092	315953	319.0	228.0
70104	315953	321.0	229.0
70116	315953	323.6	229.0
70128	315953	327.5	230.75
70140	315953	330.0	231.0
70152	315953	332.0	233.0
70164	315953	336.0	235.0
70176	315953	339.0	234.0
70188	315953	343.0	237.0
70200	315953	348.0	237.0
70212	315953	353.0	239.0
70224	315953	358.0	240.0
70236	315953	365.0	242.0
70248	315953	372.0	245.0
70260	315953	379.0	248.0
70272	315953	388.0	250.0
70284	315953	399.0	253.0
70296	315953	410.0	256.0
70308	315953	424.0	261.0
70320	315953	442.0	267.0
70332	315953	464.0	273.0
70344	315953	489.0	281.0
70356	315953	525.0	292.0
70368	315953	572.0	307.0
70380	315953	641.0	329.0
70392	315953	749.0	362.0
70404	315953	940.0	422.0
70128	315960	357.6666666666667	232.33333333333334
70140	315960	361.0	234.0
70152	315960	367.0	235.0
70164	315960	372.0	237.0
70176	315960	378.0	238.0
70188	315960	385.0	240.0
70200	315960	394.0	241.0
70212	315960	402.0	244.0
70224	315960	412.0	246.0
70236	315960	422.0	249.0
70248	315960	436.0	252.0
70260	315960	450.0	256.0
70272	315960	468.0	260.0
70284	315960	489.0	265.0
70296	315960	517.0	271.0
70308	315960	550.0	280.0
70320	315960	596.0	291.0
70332	315960	658.0	306.0
70344	315960	747.0	328.0
70356	315960	889.0	362.0
70152	315976	351.5	227.25
70164	315976	357.0	229.0
70176	315976	360.0	229.0
70188	315976	364.0	231.0
70200	315976	370.0	232.0
70212	315976	374.0	233.0
70224	315976	380.0	234.0
70236	315976	386.0	236.0
70248	315976	393.0	237.0
70260	315976	401.0	239.0
70272	315976	410.0	240.0
70284	315976	421.0	242.0
70296	315976	433.0	245.0
70308	315976	445.0	248.0
70320	315976	462.0	250.0
70332	315976	480.0	254.0
70344	315976	501.0	258.0
70356	315976	528.0	263.0
70368	315976	561.0	269.0
70380	315976	604.0	276.0
70392	315976	663.0	288.0
70404	315976	741.0	306.0
70416	315976	858.0	329.0
70428	315976	988.0	366.0
70200	315988	333.0	233.0
70212	315988	334.0	232.0
70224	315988	338.0	235.0
70236	315988	342.0	236.0
70248	315988	346.0	237.0
70260	315988	352.0	238.0
70272	315988	356.0	239.0
70284	315988	361.0	240.0
70296	315988	368.0	243.0
70308	315988	374.0	246.0
70320	315988	383.0	248.0
70332	315988	391.0	251.0
70344	315988	401.0	253.0
70356	315988	413.0	256.0
70368	315988	428.0	261.0
70380	315988	445.0	266.0
70392	315988	466.0	272.0
70404	315988	492.0	281.0
70416	315988	525.0	291.0
70428	315988	569.0	305.0
70440	315988	634.0	324.0
70452	315988	732.0	355.0
70464	315988	898.0	407.0
70224	315996	325.0	230.0
70236	315996	327.0	230.0
70248	315996	330.0	232.0
70260	315996	334.0	232.0
70272	315996	338.0	232.0
70284	315996	342.0	234.0
70296	315996	346.0	235.0
70308	315996	349.0	237.0
70320	315996	355.0	238.0
70332	315996	360.0	239.0
70344	315996	365.0	241.0
70356	315996	373.0	243.0
70368	315996	380.0	246.0
70380	315996	388.0	248.0
70392	315996	397.0	250.0
70404	315996	408.0	253.0
70416	315996	422.0	258.0
70428	315996	436.0	262.0
70440	315996	454.0	267.0
70452	315996	477.0	274.0
70464	315996	506.0	283.0
70476	315996	543.0	294.0
70488	315996	594.0	310.0
70500	315996	667.0	332.0
70512	315996	782.0	367.0
70524	315996	968.0	428.0
70284	316025	313.0	234.0
70296	316025	319.5	234.0
70308	316025	320.0	235.0
70320	316025	324.0	237.0
70332	316025	327.0	238.0
70344	316025	330.0	239.0
70356	316025	335.0	241.0
70368	316025	339.0	243.0
70380	316025	344.0	245.0
70392	316025	349.0	248.0
70404	316025	356.0	250.0
70416	316025	364.0	254.0
70428	316025	373.0	257.0
70440	316025	384.0	261.0
70452	316025	396.0	266.0
70464	316025	412.0	273.0
70476	316025	431.0	281.0
70488	316025	455.0	291.0
70500	316025	488.0	305.0
70512	316025	534.0	324.0
70524	316025	603.0	354.0
70536	316025	722.0	405.0
70548	316025	955.0	505.0
70332	316055	310.0	231.0
70344	316055	312.0	232.0
70356	316055	315.0	232.0
70368	316055	317.0	234.0
70380	316055	317.0	235.0
70392	316055	321.0	235.0
70404	316055	324.0	237.0
70416	316055	327.0	239.0
70428	316055	331.0	240.0
70440	316055	334.0	241.0
70452	316055	339.0	244.0
70464	316055	344.0	246.0
70476	316055	350.0	249.0
70488	316055	355.0	250.0
70500	316055	364.0	254.0
70512	316055	373.0	258.0
70524	316055	385.0	262.0
70536	316055	396.0	268.0
70548	316055	412.0	274.0
70560	316055	431.0	282.0
70572	316055	457.0	293.0
70584	316055	490.0	307.0
70596	316055	536.0	327.0
70608	316055	607.0	358.0
70620	316055	728.0	410.0
70632	316055	963.0	518.0
70380	316084	281.0	227.0
70392	316084	282.0	227.0
70404	316084	285.0	228.0
70416	316084	284.0	228.0
70428	316084	285.0	228.0
70440	316084	288.0	229.0
70452	316084	288.0	230.0
70464	316084	289.0	231.0
70476	316084	290.0	232.0
70488	316084	292.0	232.0
70500	316084	293.0	233.0
70512	316084	294.0	234.0
70524	316084	297.0	235.0
70536	316084	299.0	236.0
70548	316084	302.0	237.0
70560	316084	305.0	238.0
70572	316084	308.0	240.0
70584	316084	311.0	243.0
70596	316084	315.0	244.0
70608	316084	321.0	247.0
70620	316084	326.0	249.0
70632	316084	332.0	252.0
70644	316084	340.0	256.0
70656	316084	349.0	261.0
70668	316084	360.0	265.0
70680	316084	372.0	271.0
70692	316084	389.0	279.0
70704	316084	409.0	288.0
70716	316084	436.0	301.0
70728	316084	473.0	317.0
70740	316084	526.0	340.0
70752	316084	607.0	378.0
70764	316084	752.0	444.0
70776	316084	969.0	542.0
70404	316096	297.10526315789474	231.42105263157896
70416	316096	300.0	233.0
70428	316096	302.0	233.0
70440	316096	306.0	234.0
70452	316096	309.0	236.0
70464	316096	313.0	237.0
70476	316096	315.0	237.0
70488	316096	320.0	238.0
70500	316096	325.0	240.0
70512	316096	329.0	242.0
70524	316096	334.0	244.0
70536	316096	341.0	246.0
70548	316096	347.0	248.0
70560	316096	355.0	250.0
70572	316096	362.0	254.0
70584	316096	370.0	256.0
70596	316096	381.0	260.0
70608	316096	393.0	265.0
70620	316096	407.0	270.0
70632	316096	422.0	277.0
70644	316096	443.0	285.0
70656	316096	467.0	295.0
70668	316096	498.0	309.0
70680	316096	544.0	328.0
70692	316096	607.0	355.0
70704	316096	707.0	398.0
70716	316096	888.0	477.0
70728	316096	994.0	541.0
70596	316204	340.5	233.5
70608	316204	344.0	234.0
70620	316204	348.0	236.0
70632	316204	353.0	238.0
70644	316204	359.0	239.0
70656	316204	365.0	241.0
70668	316204	372.0	243.0
70680	316204	379.0	245.0
70692	316204	385.0	247.0
70704	316204	396.0	250.0
70716	316204	406.0	254.0
70728	316204	420.0	258.0
70740	316204	436.0	263.0
70752	316204	455.0	269.0
70764	316204	478.0	276.0
70776	316204	509.0	286.0
70788	316204	548.0	298.0
70800	316204	604.0	315.0
70812	316204	685.0	339.0
70824	316204	811.0	378.0
70836	316204	988.0	447.0
70644	316222	316.0	232.0
70656	316222	318.0	234.0
70668	316222	322.0	235.0
70680	316222	324.0	236.0
70692	316222	328.0	238.0
70704	316222	332.0	240.0
70716	316222	335.0	241.0
70728	316222	339.0	243.0
70740	316222	343.0	244.0
70752	316222	350.0	247.0
70764	316222	355.0	249.0
70776	316222	362.0	251.0
70788	316222	371.0	256.0
70800	316222	380.0	259.0
70812	316222	391.0	264.0
70824	316222	404.0	269.0
70836	316222	421.0	276.0
70848	316222	441.0	284.0
70860	316222	465.0	294.0
70872	316222	498.0	307.0
70884	316222	543.0	325.0
70896	316222	608.0	351.0
70908	316222	712.0	393.0
70920	316222	896.0	468.0
70932	316222	1005.0	540.0
70692	316245	298.0	227.0
70704	316245	299.0	226.33333333333334
70716	316245	300.0	228.0
70728	316245	302.0	227.0
70740	316245	303.0	229.0
70752	316245	305.0	229.0
70764	316245	307.0	230.0
70776	316245	309.0	231.0
70788	316245	311.0	232.0
70800	316245	314.0	233.0
70812	316245	316.0	234.0
70824	316245	318.0	235.0
70836	316245	321.0	237.0
70848	316245	326.0	238.0
70860	316245	329.0	240.0
70872	316245	334.0	242.0
70884	316245	339.0	244.0
70896	316245	344.0	245.0
70908	316245	352.0	249.0
70920	316245	360.0	251.0
70932	316245	368.0	255.0
70944	316245	378.0	258.0
70956	316245	391.0	263.0
70968	316245	405.0	268.0
70980	316245	423.0	275.0
70992	316245	444.0	284.0
71004	316245	473.0	295.0
71016	316245	510.0	311.0
71028	316245	564.0	333.0
71040	316245	647.0	367.0
71052	316245	791.0	427.0
71064	316245	1001.0	542.0
70764	316283	323.92857142857144	228.64285714285714
70776	316283	327.0	229.0
70788	316283	329.5	231.0
70800	316283	331.9230769230769	231.30769230769232
70812	316283	335.0	232.0
70824	316283	338.0	234.0
70836	316283	341.0	235.0
70848	316283	344.0	236.0
70860	316283	350.0	237.0
70872	316283	355.0	238.0
70884	316283	360.0	240.0
70896	316283	367.0	242.0
70908	316283	373.0	244.0
70920	316283	381.0	246.0
70932	316283	390.0	249.0
70944	316283	402.0	252.0
70956	316283	415.0	256.0
70968	316283	429.0	260.0
70980	316283	446.0	265.0
70992	316283	469.0	271.0
71004	316283	496.0	279.0
71016	316283	531.0	290.0
71028	316283	575.0	303.0
71040	316283	643.0	323.0
71052	316283	742.0	344.0
71064	316283	911.0	381.0
70884	316317	326.0	230.0
70896	316317	329.7142857142857	231.85714285714286
70908	316317	333.0	232.0
70920	316317	335.0	233.0
70932	316317	340.0	234.0
70944	316317	344.0	235.0
70956	316317	347.0	236.0
70968	316317	352.0	237.0
70980	316317	358.0	239.0
70992	316317	364.0	241.0
71004	316317	371.0	243.0
71016	316317	378.0	245.0
71028	316317	387.0	248.0
71040	316317	397.0	250.0
71052	316317	409.0	254.0
71064	316317	422.0	258.0
71076	316317	439.0	262.0
71088	316317	458.0	268.0
71100	316317	482.0	275.0
71112	316317	512.0	285.0
71124	316317	552.0	296.0
71136	316317	606.0	313.0
71148	316317	685.0	337.0
71160	316317	813.0	375.0
71172	316317	990.0	444.0
70908	316322	303.0	227.0
70920	316322	304.0	228.0
70932	316322	305.2	228.0
70944	316322	309.0	229.0
70956	316322	309.0	230.0
70968	316322	310.6666666666667	231.0
70980	316322	314.0	231.0
70992	316322	315.0	232.0
71004	316322	319.0	233.0
71016	316322	321.0	235.0
71028	316322	323.0	235.0
71040	316322	326.0	237.0
71052	316322	331.0	238.0
71064	316322	335.0	239.0
71076	316322	340.0	241.0
71088	316322	345.0	244.0
71100	316322	349.0	246.0
71112	316322	355.0	249.0
71124	316322	364.0	251.0
71136	316322	373.0	254.0
71148	316322	383.0	258.0
71160	316322	394.0	263.0
71172	316322	408.0	268.0
71184	316322	425.0	275.0
71196	316322	447.0	284.0
71208	316322	474.0	295.0
71220	316322	510.0	310.0
71232	316322	563.0	332.0
71244	316322	642.0	364.0
71256	316322	777.0	421.0
71268	316322	992.0	535.0
70944	316333	283.0	227.0
70956	316333	284.375	227.0
70968	316333	285.0	229.0
70980	316333	288.42857142857144	229.42857142857142
70992	316333	289.0	231.0
71004	316333	291.0	231.0
71016	316333	290.6666666666667	230.66666666666666
71028	316333	293.0	233.0
71040	316333	294.0	233.0
71052	316333	295.0	235.0
71064	316333	296.0	235.0
71076	316333	299.0	236.0
71088	316333	305.0	238.0
71100	316333	305.0	240.0
71112	316333	307.0	241.0
71124	316333	310.0	243.0
71136	316333	313.0	245.0
71148	316333	318.0	247.0
71160	316333	322.0	249.0
71172	316333	327.0	252.0
71184	316333	333.0	256.0
71196	316333	339.0	259.0
71208	316333	346.0	264.0
71220	316333	355.0	270.0
71232	316333	367.0	277.0
71244	316333	381.0	285.0
71256	316333	397.0	296.0
71268	316333	421.0	311.0
71280	316333	454.0	332.0
71292	316333	503.0	364.0
71304	316333	587.0	418.0
71316	316333	758.0	532.0
71328	316333	912.0	539.0
70992	316364	333.0	231.0
71004	316364	336.14285714285717	232.0
71016	316364	340.0	233.0
71028	316364	343.0	234.0
71040	316364	348.0	236.0
71052	316364	352.0	237.0
71064	316364	358.0	239.0
71076	316364	365.0	240.0
71088	316364	370.0	242.0
71100	316364	377.0	244.0
71112	316364	385.0	246.0
71124	316364	395.0	249.0
71136	316364	406.0	252.0
71148	316364	418.0	256.0
71160	316364	435.0	260.0
71172	316364	452.0	265.0
71184	316364	475.0	272.0
71196	316364	505.0	281.0
71208	316364	542.0	292.0
71220	316364	595.0	309.0
71232	316364	672.0	332.0
71244	316364	792.0	368.0
71256	316364	979.0	435.0
71148	316435	308.0	229.0
71160	316435	309.0	230.0
71172	316435	311.0	231.0
71184	316435	314.0	232.0
71196	316435	315.0	232.0
71208	316435	319.0	233.0
71220	316435	322.0	235.0
71232	316435	325.0	237.0
71244	316435	328.0	238.0
71256	316435	332.0	239.0
71268	316435	337.0	241.0
71280	316435	342.0	243.0
71292	316435	349.0	246.0
71304	316435	353.0	248.0
71316	316435	361.0	250.0
71328	316435	370.0	254.0
71340	316435	379.0	258.0
71352	316435	391.0	263.0
71364	316435	404.0	268.0
71376	316435	422.0	275.0
71388	316435	444.0	284.0
71400	316435	472.0	296.0
71412	316435	510.0	312.0
71424	316435	566.0	334.0
71436	316435	654.0	371.0
71448	316435	814.0	438.0
71460	316435	1002.0	543.0
71148	316436	336.0	228.0
71160	316436	341.0	228.0
71172	316436	342.0	230.0
71184	316436	345.0	230.0
71196	316436	349.0	231.0
71208	316436	353.0	232.0
71220	316436	356.0	233.0
71232	316436	362.0	235.0
71244	316436	366.0	235.0
71256	316436	372.0	237.0
71268	316436	378.0	238.0
71280	316436	386.0	240.0
71292	316436	395.0	243.0
71304	316436	403.0	245.0
71316	316436	414.0	247.0
71328	316436	426.0	251.0
71340	316436	441.0	253.0
71352	316436	458.0	258.0
71364	316436	479.0	263.0
71376	316436	504.0	268.0
71388	316436	535.0	277.0
71400	316436	576.0	287.0
71412	316436	630.0	299.0
71424	316436	707.0	318.0
71436	316436	824.0	346.0
71448	316436	982.0	395.0
71280	316492	371.0	230.0
71292	316492	377.0	233.0
71304	316492	384.0	235.0
71316	316492	389.0	235.0
71328	316492	395.0	236.0
71340	316492	402.0	238.0
71352	316492	411.0	240.0
71364	316492	418.0	241.0
71376	316492	428.0	243.0
71388	316492	438.0	246.0
71400	316492	451.0	247.0
71412	316492	464.0	250.0
71424	316492	481.0	253.0
71436	316492	499.0	256.0
71448	316492	520.0	261.0
71460	316492	548.0	266.0
71472	316492	581.0	272.0
71484	316492	621.0	281.0
71496	316492	674.0	292.0
71508	316492	747.0	306.0
71520	316492	844.0	325.0
71532	316492	973.0	354.0
71328	316513	310.0	223.0
71340	316513	311.375	224.375
71352	316513	313.0	225.0
71364	316513	313.3333333333333	224.0
71376	316513	314.5	225.0
71388	316513	316.0	226.0
71400	316513	317.6666666666667	226.83333333333334
71412	316513	318.0	226.0
71424	316513	322.0	228.0
71436	316513	323.0	228.0
71448	316513	326.0	230.0
71460	316513	329.0	231.0
71472	316513	334.0	232.0
71484	316513	336.0	232.0
71496	316513	340.0	234.0
71508	316513	344.0	236.0
71520	316513	349.0	237.0
71532	316513	352.0	238.0
71544	316513	359.0	240.0
71556	316513	367.0	242.0
71568	316513	373.0	245.0
71580	316513	384.0	248.0
71592	316513	394.0	251.0
71604	316513	408.0	255.0
71616	316513	423.0	260.0
71628	316513	443.0	267.0
71640	316513	470.0	274.0
71652	316513	502.0	284.0
71664	316513	548.0	299.0
71676	316513	616.0	321.0
71688	316513	724.0	355.0
71700	316513	922.0	418.0
71580	316603	232.0	217.0
71592	316603	234.0	218.0
71604	316603	238.0	218.0
71616	316603	239.0	219.0
71628	316603	241.66666666666666	219.33333333333334
71640	316603	244.0	220.0
71652	316603	247.0	221.0
71664	316603	249.30769230769232	221.0
71676	316603	252.0	221.0
71688	316603	253.0	223.0
71700	316603	255.0	223.0
71712	316603	256.0	223.0
71724	316603	258.0	224.0
71736	316603	260.0	224.0
71748	316603	262.0	224.0
71760	316603	263.0	224.0
71772	316603	265.0	225.0
71784	316603	266.0	225.0
71796	316603	268.0	225.0
71808	316603	269.0	226.0
71820	316603	272.0	226.0
71832	316603	272.0	227.0
71844	316603	274.0	228.0
71856	316603	276.0	228.0
71868	316603	278.0	229.0
71880	316603	279.0	231.0
71892	316603	282.0	232.0
71904	316603	284.0	233.0
71916	316603	288.0	233.0
71928	316603	290.0	235.0
71940	316603	292.0	236.0
71952	316603	295.0	237.0
71964	316603	300.0	239.0
71976	316603	304.0	241.0
71988	316603	307.0	243.0
72000	316603	311.0	246.0
72012	316603	317.0	247.0
72024	316603	325.0	250.0
72036	316603	332.0	253.0
72048	316603	341.0	257.0
72060	316603	349.0	262.0
72072	316603	363.0	267.0
72084	316603	378.0	273.0
72096	316603	396.0	282.0
72108	316603	420.0	292.0
72120	316603	450.0	305.0
72132	316603	493.0	324.0
72144	316603	555.0	351.0
72156	316603	654.0	396.0
72168	316603	841.0	479.0
72180	316603	987.0	541.0
71592	316604	322.0	224.0
71604	316604	324.0	224.0
71616	316604	326.0	225.0
71628	316604	330.5833333333333	225.0
71640	316604	331.0	225.0
71652	316604	333.0	226.0
71664	316604	340.0	227.0
71676	316604	342.0	228.0
71688	316604	344.0	229.0
71700	316604	350.0	230.0
71712	316604	355.0	231.0
71724	316604	359.0	232.0
71736	316604	365.0	234.0
71748	316604	370.0	235.0
71760	316604	375.0	237.0
71772	316604	383.0	238.0
71784	316604	392.0	241.0
71796	316604	402.0	243.0
71808	316604	413.0	244.0
71820	316604	427.0	248.0
71832	316604	442.0	252.0
71844	316604	459.0	256.0
71856	316604	482.0	262.0
71868	316604	510.0	268.0
71880	316604	546.0	277.0
71892	316604	593.0	289.0
71904	316604	661.0	305.0
71916	316604	760.0	329.0
71928	316604	924.0	368.0
71652	316635	308.0	223.0
71664	316635	309.0	223.0
71676	316635	310.0	225.0
71688	316635	312.0	224.0
71700	316635	313.0	225.0
71712	316635	315.0	226.0
71724	316635	316.7142857142857	226.35714285714286
71736	316635	319.0	227.0
71748	316635	321.0	226.0
71760	316635	323.0	227.0
71772	316635	325.0	228.0
71784	316635	327.0	229.0
71796	316635	331.0	229.0
71808	316635	333.0	230.0
71820	316635	337.0	231.0
71832	316635	340.0	233.0
71844	316635	345.0	234.0
71856	316635	348.0	235.0
71868	316635	353.0	236.0
71880	316635	358.0	238.0
71892	316635	363.0	239.0
71904	316635	369.0	242.0
71916	316635	377.0	243.0
71928	316635	386.0	247.0
71940	316635	396.0	249.0
71952	316635	406.0	252.0
71964	316635	420.0	257.0
71976	316635	437.0	261.0
71988	316635	455.0	268.0
72000	316635	479.0	275.0
72012	316635	508.0	284.0
72024	316635	549.0	296.0
72036	316635	604.0	314.0
72048	316635	687.0	340.0
72060	316635	823.0	382.0
72072	316635	1002.0	462.0
71784	316665	305.0	226.0
71796	316665	307.0	227.0
71808	316665	308.0	227.0
71820	316665	309.75	227.875
71832	316665	312.0	229.0
71844	316665	314.0	230.0
71856	316665	317.0	231.0
71868	316665	319.0	232.0
71880	316665	323.0	233.0
71892	316665	328.0	235.0
71904	316665	330.0	237.0
71916	316665	333.0	238.0
71928	316665	339.0	240.0
71940	316665	343.0	242.0
71952	316665	349.0	244.0
71964	316665	357.0	247.0
71976	316665	364.0	250.0
71988	316665	374.0	253.0
72000	316665	385.0	257.0
72012	316665	396.0	263.0
72024	316665	412.0	269.0
72036	316665	432.0	277.0
72048	316665	456.0	287.0
72060	316665	489.0	300.0
72072	316665	534.0	319.0
72084	316665	599.0	345.0
72096	316665	711.0	391.0
72108	316665	929.0	483.0
72120	316665	980.0	499.0
72012	316703	332.0	226.0
72024	316703	333.75	226.0
72036	316703	337.0	228.0
72048	316703	341.0	229.0
72060	316703	344.0	229.0
72072	316703	348.0	230.0
72084	316703	352.0	232.0
72096	316703	357.0	232.0
72108	316703	361.0	234.0
72120	316703	366.0	234.0
72132	316703	371.0	235.0
72144	316703	378.0	237.0
72156	316703	387.0	240.0
72168	316703	394.0	241.0
72180	316703	402.0	243.0
72192	316703	413.0	246.0
72204	316703	425.0	249.0
72216	316703	439.0	252.0
72228	316703	456.0	255.0
72240	316703	475.0	260.0
72252	316703	499.0	266.0
72264	316703	528.0	273.0
72276	316703	565.0	281.0
72288	316703	615.0	292.0
72300	316703	684.0	310.0
72312	316703	787.0	334.0
72324	316703	941.0	367.0
72072	316715	331.0	231.0
72084	316715	335.0	232.0
72096	316715	339.0	234.0
72108	316715	343.0	236.0
72120	316715	347.0	236.0
72132	316715	353.0	237.0
72144	316715	357.0	239.0
72156	316715	364.0	241.0
72168	316715	370.0	243.0
72180	316715	380.0	245.0
72192	316715	388.0	249.0
72204	316715	399.0	251.0
72216	316715	410.0	255.0
72228	316715	426.0	259.0
72240	316715	443.0	265.0
72252	316715	464.0	271.0
72264	316715	491.0	280.0
72276	316715	528.0	290.0
72288	316715	576.0	305.0
72300	316715	647.0	327.0
72312	316715	757.0	361.0
72324	316715	951.0	420.0
72096	316719	307.3333333333333	224.33333333333334
72108	316719	308.0	225.0
72120	316719	309.5	224.0
72132	316719	312.0	224.0
72144	316719	313.14285714285717	226.0
72156	316719	315.0	227.0
72168	316719	318.0	227.0
72180	316719	320.0	228.0
72192	316719	323.0	229.0
72204	316719	327.5	230.75
72216	316719	329.42857142857144	231.42857142857142
72228	316719	332.45454545454544	232.0
72240	316719	338.0	232.0
72252	316719	341.0	234.0
72264	316719	344.0	236.0
72276	316719	346.0	236.0
72288	316719	353.0	237.0
72300	316719	358.0	240.0
72312	316719	366.0	242.0
72324	316719	372.0	245.0
72336	316719	380.0	246.0
72348	316719	387.0	249.0
72360	316719	399.0	252.0
72372	316719	410.0	256.0
72384	316719	426.0	260.0
72396	316719	444.0	266.0
72408	316719	465.0	272.0
72420	316719	493.0	281.0
72432	316719	529.0	292.0
72444	316719	580.0	308.0
72456	316719	653.0	331.0
72468	316719	770.0	367.0
72480	316719	967.0	433.0
72192	316752	363.4	229.1
72204	316752	367.75	231.5
72216	316752	372.0	233.0
72228	316752	378.0	232.0
72240	316752	384.0	234.0
72252	316752	390.0	236.0
72264	316752	398.0	238.0
72276	316752	405.0	238.0
72288	316752	415.0	241.0
72300	316752	426.0	244.0
72312	316752	438.0	247.0
72324	316752	451.0	249.0
72336	316752	468.0	252.0
72348	316752	487.0	256.0
72360	316752	509.0	261.0
72372	316752	536.0	266.0
72384	316752	571.0	273.0
72396	316752	616.0	282.0
72408	316752	675.0	294.0
72420	316752	757.0	311.0
72432	316752	880.0	335.0
72228	316769	358.0	229.0
72240	316769	361.0	229.0
72252	316769	365.0	231.0
72264	316769	369.0	233.0
72276	316769	375.0	233.0
72288	316769	381.0	234.0
72300	316769	387.0	235.0
72312	316769	394.0	237.0
72324	316769	402.0	240.0
72336	316769	411.0	240.0
72348	316769	422.0	243.0
72360	316769	434.0	245.0
72372	316769	446.0	248.0
72384	316769	462.0	251.0
72396	316769	480.0	255.0
72408	316769	501.0	259.0
72420	316769	527.0	265.0
72432	316769	561.0	271.0
72444	316769	602.0	280.0
72456	316769	657.0	291.0
72468	316769	734.0	306.0
72480	316769	851.0	330.0
72492	316769	977.0	349.0
72252	316785	302.6666666666667	228.33333333333334
72264	316785	305.0	229.0
72276	316785	307.0	229.0
72288	316785	309.0	230.0
72300	316785	311.0	230.0
72312	316785	316.0	232.0
72324	316785	318.0	233.0
72336	316785	320.0	235.0
72348	316785	323.0	236.0
72360	316785	328.0	238.0
72372	316785	331.0	239.0
72384	316785	337.0	242.0
72396	316785	342.0	245.0
72408	316785	350.0	247.0
72420	316785	356.0	249.0
72432	316785	366.0	253.0
72444	316785	377.0	257.0
72456	316785	390.0	262.0
72468	316785	405.0	269.0
72480	316785	425.0	277.0
72492	316785	451.0	288.0
72504	316785	486.0	302.0
72516	316785	540.0	324.0
72528	316785	624.0	358.0
72540	316785	779.0	422.0
72552	316785	1004.0	542.0
72348	316811	241.0	219.0
72360	316811	242.875	219.875
72372	316811	246.33333333333334	220.0
72384	316811	249.0	221.0
72396	316811	251.5	221.0
72408	316811	254.0	222.0
72420	316811	256.1666666666667	222.0
72432	316811	259.0	222.0
72444	316811	261.0	222.0
72456	316811	264.0	223.0
72468	316811	265.0	223.0
72480	316811	267.0	223.0
72492	316811	270.0	224.0
72504	316811	272.0	224.0
72516	316811	274.0	223.0
72528	316811	274.0	224.0
72540	316811	276.0	224.0
72552	316811	277.0	225.0
72564	316811	277.0	226.0
72576	316811	279.0	226.0
72588	316811	279.0	226.0
72600	316811	280.0	227.0
72612	316811	281.0	227.0
72624	316811	283.0	227.0
72636	316811	284.0	228.0
72648	316811	285.0	228.0
72660	316811	286.0	230.0
72672	316811	288.0	229.0
72684	316811	289.0	231.0
72696	316811	289.0	231.0
72708	316811	292.0	232.0
72720	316811	293.0	234.0
72732	316811	294.0	235.0
72744	316811	296.0	236.0
72756	316811	298.0	237.0
72768	316811	301.0	238.0
72780	316811	304.0	241.0
72792	316811	307.0	243.0
72804	316811	311.0	245.0
72816	316811	314.0	247.0
72828	316811	319.0	249.0
72840	316811	324.0	253.0
72852	316811	330.0	256.0
72864	316811	337.0	260.0
72876	316811	346.0	265.0
72888	316811	357.0	271.0
72900	316811	370.0	280.0
72912	316811	386.0	289.0
72924	316811	409.0	303.0
72936	316811	439.0	322.0
72948	316811	485.0	350.0
72960	316811	560.0	399.0
72972	316811	712.0	499.0
72984	316811	908.0	540.0
72384	316826	339.0	230.0
72396	316826	342.0	231.0
72408	316826	347.0	233.0
72420	316826	354.0	235.0
72432	316826	355.0	237.0
72444	316826	361.0	238.0
72456	316826	368.0	239.0
72468	316826	376.0	243.0
72480	316826	382.0	244.0
72492	316826	391.0	247.0
72504	316826	401.0	250.0
72516	316826	413.0	253.0
72528	316826	425.0	257.0
72540	316826	440.0	261.0
72552	316826	459.0	267.0
72564	316826	483.0	274.0
72576	316826	511.0	282.0
72588	316826	550.0	294.0
72600	316826	604.0	310.0
72612	316826	681.0	332.0
72624	316826	800.0	367.0
72636	316826	973.0	430.0
72648	316826	984.0	442.0
72660	316826	996.0	452.0
72672	316826	1013.0	451.0
72408	316831	295.0	226.0
72420	316831	296.0	226.0
72432	316831	297.0	226.0
72444	316831	299.0	226.0
72456	316831	300.0	226.0
72468	316831	300.0	227.0
72480	316831	303.0	228.0
72492	316831	305.0	229.0
72504	316831	307.0	229.0
72516	316831	308.0	230.0
72528	316831	312.0	231.0
72540	316831	312.0	232.0
72552	316831	316.0	233.0
72564	316831	318.0	234.0
72576	316831	321.0	235.0
72588	316831	325.0	237.0
72600	316831	328.0	238.0
72612	316831	333.0	239.0
72624	316831	337.0	242.0
72636	316831	343.0	243.0
72648	316831	349.0	246.0
72660	316831	354.0	249.0
72672	316831	364.0	251.0
72684	316831	373.0	255.0
72696	316831	384.0	259.0
72708	316831	396.0	265.0
72720	316831	413.0	271.0
72732	316831	432.0	279.0
72744	316831	457.0	289.0
72756	316831	490.0	303.0
72768	316831	539.0	323.0
72780	316831	612.0	353.0
72792	316831	738.0	405.0
72804	316831	971.0	514.0
72552	316874	344.0	224.0
72564	316874	346.0	226.0
72576	316874	348.85714285714283	226.21428571428572
72588	316874	352.4	227.0
72600	316874	355.0	228.0
72612	316874	360.0	228.0
72624	316874	363.0	230.0
72636	316874	369.0	231.0
72648	316874	373.0	232.0
72660	316874	379.0	232.0
72672	316874	386.0	234.0
72684	316874	392.0	235.0
72696	316874	400.0	237.0
72708	316874	408.0	238.0
72720	316874	417.0	240.0
72732	316874	428.0	243.0
72744	316874	440.0	246.0
72756	316874	455.0	249.0
72768	316874	471.0	251.0
72780	316874	490.0	255.0
72792	316874	513.0	261.0
72804	316874	540.0	267.0
72816	316874	574.0	274.0
72828	316874	618.0	284.0
72840	316874	679.0	298.0
72852	316874	767.0	317.0
72864	316874	904.0	348.0
72696	316922	338.0	234.0
72708	316922	342.0	234.0
72720	316922	346.0	236.0
72732	316922	351.0	237.0
72744	316922	357.0	239.0
72756	316922	363.0	240.0
72768	316922	370.0	243.0
72780	316922	377.0	245.0
72792	316922	387.0	248.0
72804	316922	397.0	251.0
72816	316922	409.0	255.0
72828	316922	424.0	259.0
72840	316922	441.0	264.0
72852	316922	462.0	271.0
72864	316922	489.0	279.0
72876	316922	525.0	289.0
72888	316922	574.0	304.0
72900	316922	643.0	326.0
72912	316922	755.0	360.0
72924	316922	950.0	420.0
72708	316929	308.0	224.0
72720	316929	309.0	225.0
72732	316929	310.0	225.0
72744	316929	312.0	225.0
72756	316929	314.0	227.0
72768	316929	316.55555555555554	227.0
72780	316929	318.0	227.0
72792	316929	320.0	228.0
72804	316929	322.0	229.0
72816	316929	325.0	230.0
72828	316929	328.0	231.0
72840	316929	331.0	232.0
72852	316929	335.0	233.0
72864	316929	338.0	234.0
72876	316929	342.0	234.0
72888	316929	346.0	235.0
72900	316929	349.0	237.0
72912	316929	355.0	238.0
72924	316929	361.0	240.0
72936	316929	368.0	243.0
72948	316929	374.0	244.0
72960	316929	382.0	247.0
72972	316929	391.0	249.0
72984	316929	402.0	252.0
72996	316929	415.0	256.0
73008	316929	429.0	260.0
73020	316929	446.0	266.0
73032	316929	469.0	272.0
73044	316929	496.0	281.0
73056	316929	531.0	293.0
73068	316929	580.0	308.0
73080	316929	651.0	330.0
73092	316929	763.0	364.0
73104	316929	957.0	428.0
72780	316954	343.0	229.0
72792	316954	347.0	231.0
72804	316954	354.0	232.0
72816	316954	358.0	234.0
72828	316954	364.0	235.0
72840	316954	370.0	237.0
72852	316954	375.0	238.0
72864	316954	383.0	239.0
72876	316954	390.0	242.0
72888	316954	401.0	244.0
72900	316954	409.0	246.0
72912	316954	422.0	249.0
72924	316954	437.0	252.0
72936	316954	453.0	256.0
72948	316954	472.0	260.0
72960	316954	492.0	266.0
72972	316954	522.0	273.0
72984	316954	557.0	281.0
72996	316954	605.0	293.0
73008	316954	672.0	309.0
73020	316954	768.0	332.0
73032	316954	921.0	369.0
72816	316964	302.0	227.0
72828	316964	303.0	227.0
72840	316964	305.2	230.0
72852	316964	306.0	230.0
72864	316964	308.0	231.0
72876	316964	310.0	232.0
72888	316964	312.0	233.0
72900	316964	314.0	235.0
72912	316964	316.0	235.0
72924	316964	319.0	236.0
72936	316964	323.0	238.0
72948	316964	326.0	238.0
72960	316964	329.0	240.0
72972	316964	334.0	243.0
72984	316964	338.0	245.0
72996	316964	344.0	246.0
73008	316964	351.0	249.0
73020	316964	357.0	252.0
73032	316964	366.0	256.0
73044	316964	376.0	259.0
73056	316964	388.0	265.0
73068	316964	402.0	271.0
73080	316964	420.0	278.0
73092	316964	443.0	288.0
73104	316964	472.0	301.0
73116	316964	513.0	319.0
73128	316964	574.0	345.0
73140	316964	675.0	389.0
73152	316964	869.0	475.0
73164	316964	990.0	541.0
72876	316987	288.3636363636364	233.0
72888	316987	289.0	234.0
72900	316987	290.0	234.0
72912	316987	291.0	235.0
72924	316987	293.0	237.0
72936	316987	296.0	238.0
72948	316987	297.0	238.0
72960	316987	299.0	240.0
72972	316987	301.0	242.0
72984	316987	304.0	245.0
72996	316987	308.0	246.0
73008	316987	311.0	248.0
73020	316987	315.0	250.0
73032	316987	322.0	253.0
73044	316987	326.0	257.0
73056	316987	334.0	261.0
73068	316987	343.0	266.0
73080	316987	354.0	271.0
73092	316987	368.0	278.0
73104	316987	384.0	286.0
73116	316987	406.0	298.0
73128	316987	435.0	313.0
73140	316987	479.0	335.0
73152	316987	542.0	369.0
73164	316987	655.0	428.0
73176	316987	887.0	540.0
72984	317021	329.0	229.0
72996	317021	333.0	233.0
73008	317021	335.0	233.0
73020	317021	339.0	235.0
73032	317021	343.0	237.0
73044	317021	345.0	237.0
73056	317021	351.0	238.0
73068	317021	355.0	240.0
73080	317021	361.0	243.0
73092	317021	366.0	245.0
73104	317021	373.0	247.0
73116	317021	379.0	248.0
73128	317021	387.0	252.0
73140	317021	392.0	248.0
73152	317021	402.0	247.0
73164	317021	415.0	253.0
73176	317021	439.0	270.0
73188	317021	454.0	279.0
73200	317021	479.0	289.0
73212	317021	512.0	303.0
73224	317021	556.0	321.0
73236	317021	623.0	347.0
73248	317021	733.0	392.0
73260	317021	943.0	477.0
73032	317028	291.0	230.0
73044	317028	293.0	230.0
73056	317028	297.0	231.0
73068	317028	301.0	232.0
73080	317028	306.0	233.0
73092	317028	310.0	233.0
73104	317028	316.0	234.0
73116	317028	319.0	235.0
73128	317028	325.0	237.0
73140	317028	329.0	237.0
73152	317028	335.0	238.0
73164	317028	340.0	240.0
73176	317028	346.0	242.0
73188	317028	351.0	244.0
73200	317028	359.0	246.0
73212	317028	367.0	249.0
73224	317028	376.0	251.0
73236	317028	386.0	254.0
73248	317028	398.0	257.0
73260	317028	411.0	261.0
73272	317028	426.0	266.0
73284	317028	444.0	271.0
73296	317028	468.0	278.0
73308	317028	496.0	287.0
73320	317028	533.0	298.0
73332	317028	582.0	314.0
73344	317028	655.0	336.0
73356	317028	764.0	371.0
73368	317028	952.0	432.0
73056	317033	360.0	229.0
73068	317033	365.0	231.0
73080	317033	370.0	232.0
73092	317033	376.5	233.0
73104	317033	383.0	234.0
73116	317033	389.0	236.0
73128	317033	398.0	237.0
73140	317033	407.0	239.0
73152	317033	418.0	242.0
73164	317033	429.0	244.0
73176	317033	444.0	247.0
73188	317033	459.0	250.0
73200	317033	480.0	255.0
73212	317033	503.0	259.0
73224	317033	532.0	265.0
73236	317033	569.0	272.0
73248	317033	618.0	282.0
73260	317033	686.0	297.0
73272	317033	784.0	317.0
73284	317033	941.0	349.0
73068	317035	316.0	236.0
73080	317035	320.6	237.2
73092	317035	327.0	238.0
73104	317035	334.0	239.0
73116	317035	341.0	241.0
73128	317035	349.0	243.0
73140	317035	357.0	245.0
73152	317035	367.0	247.0
73164	317035	377.0	249.0
73176	317035	387.0	251.0
73188	317035	399.0	253.0
73200	317035	412.0	257.0
73212	317035	426.0	260.0
73224	317035	444.0	264.0
73236	317035	464.0	268.0
73248	317035	487.0	274.0
73260	317035	515.0	281.0
73272	317035	550.0	289.0
73284	317035	595.0	301.0
73296	317035	651.0	313.0
73308	317035	728.0	333.0
73320	317035	837.0	360.0
73332	317035	979.0	403.0
73212	317063	289.0	230.0
73224	317063	290.0	231.0
73236	317063	292.0	231.1
73248	317063	292.0	233.0
73260	317063	293.0	232.0
73272	317063	295.0	233.0
73284	317063	297.0	235.0
73296	317063	299.0	236.0
73308	317063	300.0	237.0
73320	317063	302.0	237.0
73332	317063	304.0	238.0
73344	317063	306.0	240.0
73356	317063	309.0	242.0
73368	317063	312.0	243.0
73380	317063	315.0	244.0
73392	317063	318.0	246.0
73404	317063	323.0	249.0
73416	317063	327.0	250.0
73428	317063	333.0	253.0
73440	317063	340.0	256.0
73452	317063	347.0	260.0
73464	317063	354.0	264.0
73476	317063	364.0	269.0
73488	317063	376.0	274.0
73500	317063	390.0	282.0
73512	317063	406.0	290.0
73524	317063	429.0	301.0
73536	317063	457.0	316.0
73548	317063	498.0	336.0
73560	317063	556.0	367.0
73572	317063	655.0	418.0
73584	317063	838.0	515.0
73596	317063	971.0	541.0
73296	317079	345.0	226.0
73308	317079	349.0	227.0
73320	317079	351.6666666666667	228.0
73332	317079	355.0	228.0
73344	317079	360.0	229.0
73356	317079	365.0	230.0
73368	317079	370.0	231.0
73380	317079	374.0	232.0
73392	317079	381.0	234.0
73404	317079	387.0	236.0
73416	317079	394.0	237.0
73428	317079	402.0	239.0
73440	317079	410.0	240.0
73452	317079	420.0	243.0
73464	317079	431.0	245.0
73476	317079	444.0	248.0
73488	317079	459.0	250.0
73500	317079	476.0	253.0
73512	317079	497.0	259.0
73524	317079	523.0	264.0
73536	317079	545.9090909090909	264.45454545454544
73548	317079	583.0	272.0
73560	317079	636.0	285.0
73572	317079	714.0	304.0
73584	317079	823.0	327.0
73596	317079	972.0	360.0
73380	317102	322.04411764705884	237.13235294117646
73392	317102	322.22058823529414	237.66176470588235
73404	317102	322.3970588235294	238.19117647058823
73416	317102	322.5735294117647	238.72058823529412
73428	317102	322.75	239.25
73440	317102	322.9264705882353	239.77941176470588
73452	317102	327.0	242.0
73464	317102	331.0	244.0
73476	317102	332.0	245.0
73488	317102	336.0	248.0
73500	317102	340.0	250.0
73512	317102	343.0	253.0
73524	317102	346.0	256.0
73536	317102	351.0	259.0
73548	317102	356.0	263.0
73560	317102	362.0	268.0
73572	317102	370.0	273.0
73584	317102	379.0	280.0
73596	317102	390.0	288.0
73608	317102	406.0	298.0
73620	317102	426.0	312.0
73632	317102	452.0	329.0
73644	317102	490.0	354.0
73656	317102	548.0	393.0
73668	317102	652.0	461.0
73680	317102	844.0	542.0
73692	317102	942.0	539.0
73428	317116	290.0	230.0
73440	317116	292.0	232.0
73452	317116	293.0	232.0
73464	317116	295.0	234.0
73476	317116	297.0	234.0
73488	317116	299.0	236.0
73500	317116	301.0	236.0
73512	317116	304.0	237.0
73524	317116	307.0	238.0
73536	317116	311.0	240.0
73548	317116	314.0	241.0
73560	317116	319.0	242.0
73572	317116	323.0	244.0
73584	317116	327.0	245.0
73596	317116	333.0	248.0
73608	317116	338.0	249.0
73620	317116	345.0	252.0
73632	317116	352.0	254.0
73644	317116	361.0	257.0
73656	317116	370.0	261.0
73668	317116	380.0	265.0
73680	317116	392.0	269.0
73692	317116	406.0	274.0
73704	317116	422.0	281.0
73716	317116	441.0	290.0
73728	317116	465.0	299.0
73740	317116	496.0	312.0
73752	317116	534.5	329.0
73764	317116	591.0	352.0
73776	317116	674.0	388.0
73788	317116	813.0	448.0
73800	317116	985.0	541.0
73524	317147	289.0	229.0
73536	317147	290.375	230.8125
73548	317147	291.875	230.0625
73560	317147	295.0	232.0
73572	317147	296.0	233.0
73584	317147	299.0	233.0
73596	317147	301.0	234.0
73608	317147	304.0	235.0
73620	317147	307.0	236.0
73632	317147	310.0	237.0
73644	317147	314.0	238.0
73656	317147	319.0	239.0
73668	317147	322.0	240.0
73680	317147	328.0	241.0
73692	317147	332.0	243.0
73704	317147	338.0	245.0
73716	317147	343.0	247.0
73728	317147	348.0	249.0
73740	317147	355.0	250.0
73752	317147	362.0	253.0
73764	317147	368.0	256.0
73776	317147	377.0	259.0
73788	317147	386.0	262.0
73800	317147	396.0	267.0
73812	317147	409.0	271.0
73824	317147	424.0	277.0
73836	317147	442.0	284.0
73848	317147	463.0	293.0
73860	317147	489.0	303.0
73872	317147	524.0	317.0
73884	317147	570.0	335.0
73896	317147	637.0	363.0
73908	317147	740.0	405.0
73920	317147	917.0	477.0
73524	317152	348.0	228.0
73536	317152	350.4	228.4
73548	317152	355.0	229.0
73560	317152	359.0	229.0
73572	317152	362.5	231.0
73584	317152	369.0	232.0
73596	317152	371.625	232.125
73608	317152	378.0	234.0
73620	317152	385.0	235.0
73632	317152	392.0	237.0
73644	317152	399.0	239.0
73656	317152	407.0	240.0
73668	317152	417.0	242.0
73680	317152	428.0	245.0
73692	317152	441.0	247.0
73704	317152	454.0	250.0
73716	317152	472.0	253.0
73728	317152	491.0	257.0
73740	317152	514.0	262.0
73752	317152	543.0	267.0
73764	317152	579.0	274.0
73776	317152	625.0	284.0
73788	317152	690.0	297.0
73800	317152	778.0	315.0
73812	317152	913.0	343.0
73656	317183	300.0	234.0
73668	317183	303.0	235.0
73680	317183	306.0	236.0
73692	317183	310.0	237.0
73704	317183	314.0	238.0
73716	317183	316.0	239.0
73728	317183	320.0	240.0
73740	317183	326.0	241.0
73752	317183	329.0	243.0
73764	317183	334.0	244.0
73776	317183	339.0	246.0
73788	317183	345.0	248.0
73800	317183	350.0	249.0
73812	317183	357.0	252.0
73824	317183	365.0	255.0
73836	317183	371.0	257.0
73848	317183	380.0	261.0
73860	317183	389.0	264.0
73872	317183	399.0	268.0
73884	317183	412.0	274.0
73896	317183	427.0	280.0
73908	317183	445.0	287.0
73920	317183	466.0	295.0
73932	317183	494.0	307.0
73944	317183	530.0	322.0
73956	317183	579.0	342.0
73968	317183	651.0	372.0
73980	317183	764.0	418.0
73992	317183	957.0	501.0
73728	317200	295.0	235.0
73740	317200	298.0	235.0
73752	317200	298.0	236.0
73764	317200	301.0	237.0
73776	317200	302.0	237.0
73788	317200	305.0	238.0
73800	317200	307.0	240.0
73812	317200	308.0	241.0
73824	317200	311.0	241.0
73836	317200	314.0	244.0
73848	317200	318.0	246.0
73860	317200	319.0	247.0
73872	317200	323.0	249.0
73884	317200	327.0	251.0
73896	317200	331.0	253.0
73908	317200	337.0	256.0
73920	317200	342.0	259.0
73932	317200	349.0	264.0
73944	317200	355.0	268.0
73956	317200	366.0	274.0
73968	317200	375.0	279.0
73980	317200	388.0	287.0
73992	317200	404.0	297.0
74004	317200	423.0	309.0
74016	317200	449.0	325.0
74028	317200	486.0	347.0
74040	317200	542.0	381.0
74052	317200	632.0	437.0
74064	317200	804.0	540.0
74076	317200	921.0	540.0
73776	317229	322.0	235.0
73788	317229	325.0	236.0
73800	317229	329.0	238.0
73812	317229	332.0	239.0
73824	317229	336.0	240.0
73836	317229	341.0	243.0
73848	317229	344.0	244.0
73860	317229	349.0	246.0
73872	317229	355.0	248.0
73884	317229	362.0	250.0
73896	317229	369.0	253.0
73908	317229	376.0	256.0
73920	317229	385.0	259.0
73932	317229	395.0	263.0
73944	317229	407.0	269.0
73956	317229	421.0	274.0
73968	317229	438.0	281.0
73980	317229	458.0	289.0
73992	317229	485.0	300.0
74004	317229	518.0	314.0
74016	317229	565.0	333.0
74028	317229	630.0	359.0
74040	317229	733.0	402.0
74052	317229	911.0	475.0
74064	317229	1004.0	539.0
73836	317253	286.0	230.8
73848	317253	287.0	232.0
73860	317253	288.38461538461536	232.0
73872	317253	289.7692307692308	232.0
73884	317253	290.0	233.0
73896	317253	292.0	234.0
73908	317253	293.0	234.0
73920	317253	295.0	234.0
73932	317253	298.0	236.0
73944	317253	300.0	237.0
73956	317253	302.0	238.0
73968	317253	305.0	239.0
73980	317253	307.0	240.0
73992	317253	311.0	242.0
74004	317253	315.0	242.0
74016	317253	320.0	244.0
74028	317253	322.0	245.0
74040	317253	327.0	247.0
74052	317253	332.0	249.0
74064	317253	336.0	251.0
74076	317253	343.0	254.0
74088	317253	350.0	256.0
74100	317253	358.0	259.0
74112	317253	367.0	263.0
74124	317253	378.0	268.0
74136	317253	390.0	272.0
74148	317253	403.0	278.0
74160	317253	420.0	285.0
74172	317253	440.0	293.0
74184	317253	465.0	304.0
74196	317253	496.0	317.0
74208	317253	538.0	336.0
74220	317253	598.5	362.5
74232	317253	689.0	402.0
74244	317253	843.0	468.0
74256	317253	979.0	542.0
73920	317288	330.0	238.0
73932	317288	335.0	240.0
73944	317288	337.0	242.0
73956	317288	342.0	243.0
73968	317288	346.0	244.0
73980	317288	350.0	246.0
73992	317288	355.0	248.0
74004	317288	362.0	250.0
74016	317288	368.0	252.0
74028	317288	376.0	255.0
74040	317288	384.0	258.0
74052	317288	392.0	262.0
74064	317288	403.0	266.0
74076	317288	416.0	271.0
74088	317288	432.0	277.0
74100	317288	450.0	284.0
74112	317288	473.0	293.0
74124	317288	502.0	306.0
74136	317288	540.0	321.0
74148	317288	595.0	344.0
74160	317288	675.0	376.0
74172	317288	807.0	430.0
74184	317288	997.0	534.0
73956	317303	323.25	229.0
73968	317303	324.70588235294116	229.7058823529412
73980	317303	326.0	231.0
73992	317303	328.4	231.13333333333333
74004	317303	330.8	231.93333333333334
74016	317303	336.0	233.0
74028	317303	338.0	235.0
74040	317303	341.0	235.0
74052	317303	344.0	236.0
74064	317303	348.0	237.0
74076	317303	354.0	238.0
74088	317303	359.0	240.0
74100	317303	366.0	241.0
74112	317303	371.0	244.0
74124	317303	378.0	244.0
74136	317303	383.0	245.0
74148	317303	393.0	246.0
74160	317303	405.0	250.0
74172	317303	417.0	255.0
74184	317303	431.0	260.0
74196	317303	448.0	267.0
74208	317303	465.0	272.0
74220	317303	489.0	279.0
74232	317303	516.0	287.0
74244	317303	554.0	298.0
74256	317303	600.0	313.0
74268	317303	666.0	334.0
74280	317303	763.0	363.0
74292	317303	918.0	408.0
74304	317303	999.0	459.0
74016	317328	297.0	236.0
74028	317328	300.0	237.0
74040	317328	300.0	238.0
74052	317328	304.0	240.0
74064	317328	305.0	241.0
74076	317328	308.0	242.0
74088	317328	310.0	243.0
74100	317328	314.0	245.0
74112	317328	317.0	248.0
74124	317328	321.0	249.0
74136	317328	325.0	251.0
74148	317328	329.0	254.0
74160	317328	334.0	256.0
74172	317328	340.0	259.0
74184	317328	345.0	263.0
74196	317328	353.0	268.0
74208	317328	362.0	273.0
74220	317328	372.0	280.0
74232	317328	385.0	287.0
74244	317328	402.0	297.0
74256	317328	421.0	310.0
74268	317328	448.0	328.0
74280	317328	488.0	352.0
74292	317328	547.0	389.0
74304	317328	650.0	455.0
74316	317328	840.0	542.0
74052	317346	291.0	233.0
74064	317346	292.0	236.0
74076	317346	295.0	234.0
74088	317346	296.0	236.4
74100	317346	298.0	238.0
74112	317346	299.0	238.0
74124	317346	303.0	239.0
74136	317346	306.0	242.0
74148	317346	307.0	243.0
74160	317346	309.0	244.0
74172	317346	312.0	245.0
74184	317346	316.0	247.0
74196	317346	319.0	250.0
74208	317346	322.0	252.0
74220	317346	327.0	255.0
74232	317346	332.0	257.0
74244	317346	337.0	261.0
74256	317346	343.0	265.0
74268	317346	350.0	270.0
74280	317346	359.0	276.0
74292	317346	368.0	282.0
74304	317346	380.0	290.0
74316	317346	396.0	300.0
74328	317346	416.0	312.0
74340	317346	441.0	328.0
74352	317346	477.0	352.0
74364	317346	529.0	385.0
74376	317346	616.0	440.0
74388	317346	776.0	539.0
74400	317346	920.0	539.0
74100	317371	334.0	226.0
74112	317371	336.0	228.0
74124	317371	340.0	228.0
74136	317371	343.0	229.0
74148	317371	345.0	230.0
74160	317371	351.0	232.0
74172	317371	355.0	232.0
74184	317371	360.0	233.0
74196	317371	364.0	234.0
74208	317371	370.0	236.0
74220	317371	376.0	237.0
74232	317371	383.0	238.0
74244	317371	392.0	240.0
74256	317371	400.0	243.0
74268	317371	411.0	246.0
74280	317371	421.0	248.0
74292	317371	434.0	251.0
74304	317371	449.0	255.0
74316	317371	468.0	259.0
74328	317371	489.0	264.0
74340	317371	515.0	270.0
74352	317371	549.0	278.0
74364	317371	592.0	288.0
74376	317371	651.0	301.0
74388	317371	737.0	322.0
74400	317371	868.0	353.0
74412	317371	997.0	398.0
74136	317381	237.0	216.0
74148	317381	238.9375	216.625
74160	317381	241.0	219.0
74172	317381	243.0	218.0
74184	317381	245.5	219.0
74196	317381	247.0	220.0
74208	317381	249.71428571428572	220.0
74220	317381	252.0	221.0
74232	317381	253.0	221.0
74244	317381	254.2	221.05
74256	317381	256.6	221.65
74268	317381	259.0	223.0
74280	317381	260.0	224.0
74292	317381	261.0	224.0
74304	317381	263.0	223.0
74316	317381	265.0	224.0
74328	317381	267.0	225.0
74340	317381	268.0	226.0
74352	317381	269.0	226.0
74364	317381	271.0	226.0
74376	317381	273.0	227.0
74388	317381	274.0	227.0
74400	317381	275.0	226.0
74412	317381	276.0	227.0
74424	317381	277.6666666666667	227.0
74436	317381	279.0	228.0
74448	317381	279.0	228.0
74460	317381	281.0	228.0
74472	317381	281.0	228.0
74484	317381	283.0	229.0
74496	317381	284.0	230.0
74508	317381	284.0	229.0
74520	317381	286.0	231.0
74532	317381	287.0	231.0
74544	317381	290.0	232.0
74556	317381	290.0	232.0
74568	317381	293.0	233.0
74580	317381	295.0	234.0
74592	317381	297.0	235.0
74604	317381	301.0	235.0
74616	317381	301.0	236.0
74628	317381	304.0	237.0
74640	317381	306.0	238.0
74652	317381	309.0	238.0
74664	317381	313.0	240.0
74676	317381	316.0	242.0
74688	317381	320.0	244.0
74700	317381	325.0	245.0
74712	317381	329.0	247.0
74724	317381	334.0	249.0
74736	317381	339.0	250.0
74748	317381	346.0	253.0
74760	317381	353.0	256.0
74772	317381	361.0	260.0
74784	317381	371.0	264.0
74796	317381	382.0	268.0
74808	317381	395.0	274.0
74820	317381	411.0	281.0
74832	317381	431.0	290.0
74844	317381	457.0	301.0
74856	317381	490.0	317.0
74868	317381	538.0	339.0
74880	317381	609.0	370.0
74892	317381	732.0	427.0
74904	317381	963.0	537.0
74136	317382	287.6666666666667	229.0
74148	317382	286.0	231.0909090909091
74160	317382	287.0	232.0
74172	317382	290.0	233.0
74184	317382	289.5	233.0
74196	317382	290.0	234.0
74208	317382	291.0	236.0
74220	317382	293.0	235.0
74232	317382	294.0	236.0
74244	317382	296.0	237.0
74256	317382	298.0	239.0
74268	317382	300.0	240.0
74280	317382	302.0	241.0
74292	317382	304.0	243.0
74304	317382	306.0	244.0
74316	317382	308.0	246.0
74328	317382	312.0	247.0
74340	317382	315.0	249.0
74352	317382	318.0	251.0
74364	317382	321.0	253.0
74376	317382	323.0	256.0
74388	317382	330.0	258.0
74400	317382	335.0	261.0
74412	317382	341.0	265.0
74424	317382	346.0	269.0
74436	317382	354.0	273.0
74448	317382	361.0	278.0
74460	317382	372.0	284.0
74472	317382	385.0	292.0
74484	317382	400.0	302.0
74496	317382	419.0	314.0
74508	317382	443.0	329.0
74520	317382	478.0	350.0
74532	317382	526.0	380.0
74544	317382	598.0	428.0
74556	317382	727.0	511.0
74568	317382	915.0	541.0
74172	317402	337.6	231.6
74184	317402	340.10526315789474	232.0
74196	317402	342.3333333333333	233.0
74208	317402	347.0	234.0
74220	317402	351.6666666666667	236.33333333333334
74232	317402	354.0	236.0
74244	317402	359.0	238.0
74256	317402	366.0	241.0
74268	317402	373.0	243.0
74280	317402	379.0	245.0
74292	317402	385.0	247.0
74304	317402	394.0	250.0
74316	317402	403.0	251.0
74328	317402	415.0	256.0
74340	317402	428.0	260.0
74352	317402	444.0	265.0
74364	317402	462.0	270.0
74376	317402	484.0	276.0
74388	317402	513.0	286.0
74400	317402	547.0	296.0
74412	317402	597.0	311.0
74424	317402	663.0	330.0
74436	317402	762.0	359.0
74448	317402	928.0	406.0
74460	317402	979.0	440.0
74472	317402	946.0	374.0
74484	317402	1017.0	434.0
74328	317491	291.0	234.0
74340	317491	292.0	235.0
74352	317491	295.0	235.0
74364	317491	298.0	237.0
74376	317491	302.0	237.0
74388	317491	303.0	238.0
74400	317491	302.0	239.0
74412	317491	304.0	240.0
74424	317491	304.0	242.0
74436	317491	307.0	244.0
74448	317491	308.0	246.0
74460	317491	311.0	247.0
74472	317491	314.0	249.0
74484	317491	318.0	252.0
74496	317491	320.0	253.0
74508	317491	324.0	257.0
74520	317491	329.0	260.0
74532	317491	334.0	264.0
74544	317491	342.0	268.0
74556	317491	348.0	273.0
74568	317491	358.0	280.0
74580	317491	369.0	287.0
74592	317491	383.0	296.0
74604	317491	401.0	308.0
74616	317491	424.0	324.0
74628	317491	456.0	345.0
74640	317491	503.0	378.0
74652	317491	580.0	431.0
74664	317491	729.0	534.0
74676	317491	904.0	540.0
74436	317532	322.0	241.0
74448	317532	327.0	242.0
74460	317532	333.0	244.0
74472	317532	337.0	246.0
74484	317532	343.0	247.0
74496	317532	350.0	249.0
74508	317532	357.0	251.0
74520	317532	365.0	255.0
74532	317532	374.0	258.0
74544	317532	384.0	261.0
74556	317532	393.0	265.0
74568	317532	406.0	271.0
74580	317532	421.0	276.0
74592	317532	441.0	285.0
74604	317532	463.0	294.0
74616	317532	493.0	306.0
74628	317532	535.0	324.0
74640	317532	595.0	348.0
74652	317532	689.0	387.0
74664	317532	857.0	457.0
74676	317532	993.0	538.0
74520	317567	336.57142857142856	235.14285714285714
74532	317567	340.0	237.0
74544	317567	345.0	238.0
74556	317567	350.0	240.0
74568	317567	356.0	243.0
74580	317567	361.0	244.0
74592	317567	367.0	245.0
74604	317567	374.0	247.0
74616	317567	382.0	249.0
74628	317567	390.0	251.0
74640	317567	402.0	255.0
74652	317567	414.0	258.0
74664	317567	427.0	262.0
74676	317567	443.0	267.0
74688	317567	463.0	273.0
74700	317567	486.0	280.0
74712	317567	517.0	289.0
74724	317567	556.0	302.0
74736	317567	609.0	318.0
74748	317567	686.0	342.0
74760	317567	806.0	380.0
74772	317567	982.0	447.0
74556	317585	335.2	229.0
74568	317585	339.0	230.0
74580	317585	342.0	230.0
74592	317585	345.0	230.0
74604	317585	348.0	232.0
74616	317585	352.0	232.0
74628	317585	356.0	234.0
74640	317585	361.0	235.0
74652	317585	364.0	236.0
74664	317585	371.0	237.0
74676	317585	376.0	238.0
74688	317585	382.0	240.0
74700	317585	389.0	242.0
74712	317585	398.0	244.0
74724	317585	405.0	246.0
74736	317585	416.0	248.0
74748	317585	427.0	250.0
74760	317585	439.0	254.0
74772	317585	454.0	257.0
74784	317585	473.0	262.0
74796	317585	495.0	268.0
74808	317585	521.0	274.0
74820	317585	554.0	281.0
74832	317585	598.0	292.0
74844	317585	656.0	306.0
74856	317585	740.0	327.0
74868	317585	867.0	358.0
74676	317618	334.0	234.0
74688	317618	338.0	235.0
74700	317618	341.3333333333333	236.0
74712	317618	347.0	236.0
74724	317618	350.0	238.0
74736	317618	357.0	240.0
74748	317618	361.0	241.0
74760	317618	367.0	244.0
74772	317618	374.0	246.0
74784	317618	383.0	248.0
74796	317618	394.0	251.0
74808	317618	404.0	255.0
74820	317618	416.0	258.0
74832	317618	432.0	265.0
74844	317618	450.0	269.0
74856	317618	472.0	271.0
74868	317618	504.0	279.0
74880	317618	545.0	293.0
74892	317618	598.0	312.0
74904	317618	676.0	336.0
74916	317618	800.0	373.0
74928	317618	983.0	441.0
74748	317646	320.0	234.0
74760	317646	324.0	236.0
74772	317646	328.0	238.0
74784	317646	331.0	240.0
74796	317646	335.0	242.0
74808	317646	339.0	243.0
74820	317646	344.0	244.0
74832	317646	349.0	247.0
74844	317646	354.0	249.0
74856	317646	361.0	252.0
74868	317646	369.0	255.0
74880	317646	376.0	258.0
74892	317646	386.0	262.0
74904	317646	397.0	267.0
74916	317646	411.0	271.0
74928	317646	427.0	278.0
74940	317646	449.0	287.0
74952	317646	475.0	297.0
74964	317646	509.0	311.0
74976	317646	557.0	331.0
74988	317646	626.0	358.0
75000	317646	738.0	404.0
75012	317646	942.0	488.0
74808	317672	291.0769230769231	229.03846153846155
74820	317672	292.0	229.5
74832	317672	292.9230769230769	229.96153846153845
74844	317672	294.0	232.0
74856	317672	295.0	233.0
74868	317672	296.0	234.0
74880	317672	296.0	234.0
74892	317672	297.0	236.0
74904	317672	299.0	237.0
74916	317672	300.0	238.0
74928	317672	302.0	240.0
74940	317672	304.0	241.0
74952	317672	308.0	245.0
74964	317672	311.0	246.0
74976	317672	314.0	249.0
74988	317672	319.0	252.0
75000	317672	323.0	255.0
75012	317672	330.0	259.0
75024	317672	339.0	265.0
75036	317672	348.0	271.0
75048	317672	360.0	279.0
75060	317672	377.0	289.0
75072	317672	399.0	303.0
75084	317672	428.0	323.0
75096	317672	472.0	353.0
75108	317672	549.0	405.0
75120	317672	711.0	514.0
74808	317675	310.0	232.0
74820	317675	309.5	232.5
74832	317675	312.0	234.0
74844	317675	315.0	235.0
74856	317675	318.0	235.0
74868	317675	321.0	237.0
74880	317675	324.0	238.0
74892	317675	329.0	240.0
74904	317675	333.0	241.0
74916	317675	337.0	243.0
74928	317675	341.0	245.0
74940	317675	348.0	247.0
74952	317675	354.0	249.0
74964	317675	361.0	252.0
74976	317675	369.0	255.0
74988	317675	378.0	258.0
75000	317675	388.0	262.0
75012	317675	400.0	267.0
75024	317675	416.0	274.0
75036	317675	434.0	281.0
75048	317675	457.0	290.0
75060	317675	487.0	302.0
75072	317675	527.0	319.0
75084	317675	584.0	342.0
75096	317675	674.0	379.0
75108	317675	830.0	443.0
75120	317675	1001.0	542.0
74820	317677	326.0	238.0
74832	317677	330.0	239.0
74844	317677	335.0	240.0
74856	317677	339.0	242.0
74868	317677	343.0	244.0
74880	317677	348.0	246.0
74892	317677	354.0	248.0
74904	317677	361.0	250.0
74916	317677	369.0	253.0
74928	317677	378.0	257.0
74940	317677	389.0	261.0
74952	317677	401.0	266.0
74964	317677	415.0	272.0
74976	317677	435.0	279.0
74988	317677	461.0	288.0
75000	317677	492.0	299.0
75012	317677	535.0	315.0
75024	317677	596.0	338.0
75036	317677	694.0	374.0
75048	317677	862.0	436.0
75060	317677	1008.0	525.0
74952	317723	344.0	228.0
74964	317723	349.0	231.0
74976	317723	351.0	232.0
74988	317723	356.0	232.0
75000	317723	360.0	233.0
75012	317723	365.0	234.0
75024	317723	370.0	236.0
75036	317723	376.0	237.0
75048	317723	382.0	238.0
75060	317723	389.0	240.0
75072	317723	399.0	242.0
75084	317723	406.0	244.0
75096	317723	417.0	247.0
75108	317723	430.0	250.0
75120	317723	443.0	253.0
75132	317723	460.0	256.0
75144	317723	479.0	261.0
75156	317723	502.0	266.0
75168	317723	531.0	273.0
75180	317723	567.0	282.0
75192	317723	615.0	294.0
75204	317723	680.0	310.0
75216	317723	778.0	334.0
75228	317723	931.0	372.0
75036	317760	335.8888888888889	228.44444444444446
75048	317760	338.5	229.25
75060	317760	341.0	230.0
75072	317760	343.0	230.0
75084	317760	347.0	231.0
75096	317760	350.0	231.0
75108	317760	354.0	232.0
75120	317760	360.0	234.0
75132	317760	362.0	235.0
75144	317760	368.0	236.0
75156	317760	374.0	237.0
75168	317760	380.0	238.0
75180	317760	386.0	240.0
75192	317760	394.0	242.0
75204	317760	401.0	244.0
75216	317760	412.0	246.0
75228	317760	423.0	249.0
75240	317760	436.0	252.0
75252	317760	451.0	255.0
75264	317760	470.0	260.0
75276	317760	490.0	265.0
75288	317760	517.0	271.0
75300	317760	550.0	278.0
75312	317760	592.0	288.0
75324	317760	650.0	302.0
75336	317760	731.0	322.0
75348	317760	852.0	351.0
75360	317760	992.0	397.0
75048	317767	321.0	228.0
75060	317767	323.0	229.0
75072	317767	326.0	230.0
75084	317767	328.0	231.0
75096	317767	331.0	232.0
75108	317767	335.0	233.0
75120	317767	338.0	234.0
75132	317767	341.0	235.0
75144	317767	345.0	236.0
75156	317767	350.0	237.0
75168	317767	355.0	238.0
75180	317767	361.0	239.0
75192	317767	366.0	242.0
75204	317767	373.0	245.0
75216	317767	381.0	246.0
75228	317767	389.0	249.0
75240	317767	399.0	251.0
75252	317767	410.0	255.0
75264	317767	424.0	259.0
75276	317767	440.0	264.0
75288	317767	459.0	270.0
75300	317767	482.0	277.0
75312	317767	511.0	286.0
75324	317767	550.0	297.0
75336	317767	604.0	314.0
75348	317767	683.0	338.0
75360	317767	806.0	375.0
75372	317767	985.0	444.0
75276	317806	307.0	227.0
75288	317806	308.42857142857144	227.71428571428572
75300	317806	310.06666666666666	228.0
75312	317806	311.0	229.0
75324	317806	312.0	231.0
75336	317806	314.0	231.0
75348	317806	316.0	233.0
75360	317806	319.0	233.0
75372	317806	321.0	234.0
75384	317806	323.0	236.0
75396	317806	326.0	237.0
75408	317806	330.0	238.0
75420	317806	334.0	241.0
75432	317806	339.0	243.0
75444	317806	344.0	245.0
75456	317806	350.0	248.0
75468	317806	358.0	250.0
75480	317806	368.0	254.0
75492	317806	378.0	258.0
75504	317806	390.0	264.0
75516	317806	404.0	270.0
75528	317806	423.0	278.0
75540	317806	447.0	289.0
75552	317806	479.0	303.0
75564	317806	525.0	325.0
75576	317806	598.0	360.0
75588	317806	732.0	423.0
75600	317806	971.0	542.0
75372	317828	301.0	229.0
75384	317828	303.0	228.0
75396	317828	304.0	230.0
75408	317828	305.0	230.0
75420	317828	308.0	231.0
75432	317828	308.0	232.0
75444	317828	312.0	232.0
75456	317828	314.0	235.0
75468	317828	316.0	235.0
75480	317828	320.0	236.0
75492	317828	324.0	237.0
75504	317828	327.0	239.0
75516	317828	331.0	241.0
75528	317828	337.0	243.0
75540	317828	342.0	244.0
75552	317828	348.0	248.0
75564	317828	354.0	250.0
75576	317828	363.0	253.0
75588	317828	371.0	256.0
75600	317828	382.0	261.0
75612	317828	396.0	267.0
75624	317828	412.0	273.0
75636	317828	433.0	281.0
75648	317828	460.0	292.0
75660	317828	496.0	306.0
75672	317828	548.0	327.0
75684	317828	628.0	359.0
75696	317828	770.0	416.0
75708	317828	997.0	535.0
75408	317842	370.0	232.0
75420	317842	375.0	233.0
75432	317842	379.0	234.0
75444	317842	386.0	236.0
75456	317842	393.0	237.0
75468	317842	400.0	239.0
75480	317842	409.0	241.0
75492	317842	417.0	243.0
75504	317842	427.0	245.0
75516	317842	438.0	248.0
75528	317842	451.0	250.0
75540	317842	467.0	254.0
75552	317842	483.0	257.0
75564	317842	505.0	262.0
75576	317842	529.0	268.0
75588	317842	562.0	276.0
75600	317842	602.0	285.0
75612	317842	656.0	298.0
75624	317842	732.0	315.0
75636	317842	848.0	342.0
75648	317842	988.0	386.0
75504	317864	312.0	226.0
75516	317864	312.0	226.0
75528	317864	315.0	227.0
75540	317864	316.0	226.0
75552	317864	318.0	227.0
75564	317864	319.0	229.0
75576	317864	321.8	228.4
75588	317864	324.0	231.0
75600	317864	326.0	231.0
75612	317864	329.5	231.5
75624	317864	333.0	233.0
75636	317864	336.0	235.0
75648	317864	340.0	236.0
75660	317864	344.0	237.0
75672	317864	348.0	238.0
75684	317864	355.0	240.0
75696	317864	360.0	241.0
75708	317864	367.0	245.0
75720	317864	375.0	246.0
75732	317864	386.0	249.0
75744	317864	398.0	253.0
75756	317864	412.0	258.0
75768	317864	430.0	262.0
75780	317864	450.0	269.0
75792	317864	477.0	278.0
75804	317864	513.0	290.0
75816	317864	563.0	305.0
75828	317864	637.0	329.0
75840	317864	760.0	369.0
75852	317864	976.0	446.0
75516	317870	345.0	227.0
75528	317870	349.0	228.0
75540	317870	349.25	228.0
75552	317870	354.0	229.0
75564	317870	358.0	229.0
75576	317870	364.0	231.0
75588	317870	367.0	231.0
75600	317870	374.0	232.66666666666666
75612	317870	377.0	234.0
75624	317870	383.0	235.0
75636	317870	389.0	236.0
75648	317870	395.0	237.0
75660	317870	403.0	239.0
75672	317870	411.0	240.0
75684	317870	420.0	242.0
75696	317870	430.0	244.0
75708	317870	442.0	247.0
75720	317870	455.0	250.0
75732	317870	472.0	252.0
75744	317870	490.0	256.0
75756	317870	513.0	260.0
75768	317870	539.0	265.0
75780	317870	572.0	272.0
75792	317870	612.0	280.0
75804	317870	666.0	291.0
75816	317870	740.0	306.0
75828	317870	847.0	327.0
75840	317870	978.0	360.0
75696	317922	310.0	226.0
75708	317922	311.8	226.0
75720	317922	315.0	226.0
75732	317922	317.0	228.0
75744	317922	319.0	228.0
75756	317922	320.0	229.0
75768	317922	324.0	230.0
75780	317922	326.0	230.0
75792	317922	330.0	232.0
75804	317922	334.0	233.0
75816	317922	337.0	234.0
75828	317922	341.0	235.0
75840	317922	346.0	237.0
75852	317922	350.0	239.0
75864	317922	357.0	240.0
75876	317922	362.0	241.0
75888	317922	370.0	245.0
75900	317922	379.0	247.0
75912	317922	388.0	250.0
75924	317922	400.0	253.0
75936	317922	414.0	257.0
75948	317922	431.0	263.0
75960	317922	452.0	270.0
75972	317922	479.0	278.0
75984	317922	514.0	288.0
75996	317922	563.0	304.0
76008	317922	636.0	328.0
76020	317922	754.0	364.0
76032	317922	962.0	433.0
75840	317962	299.0	228.0
75852	317962	300.0	228.0
75864	317962	304.0	229.0
75876	317962	305.0	230.0
75888	317962	307.0	230.0
75900	317962	309.0	231.0
75912	317962	311.0	232.0
75924	317962	314.0	233.0
75936	317962	317.0	234.0
75948	317962	321.0	237.0
75960	317962	324.0	238.0
75972	317962	328.0	239.0
75984	317962	332.0	240.0
75996	317962	337.0	243.0
76008	317962	343.0	246.0
76020	317962	349.0	249.0
76032	317962	358.0	251.0
76044	317962	367.0	255.0
76056	317962	378.0	260.0
76068	317962	391.0	266.0
76080	317962	407.0	273.0
76092	317962	429.0	281.0
76104	317962	457.0	293.0
76116	317962	496.0	310.0
76128	317962	555.0	335.0
76140	317962	650.0	376.0
76152	317962	839.0	458.0
76164	317962	1005.0	542.0
75888	317976	360.0	233.0
75900	317976	364.0	235.0
75912	317976	370.0	237.0
75924	317976	376.0	237.0
75936	317976	383.0	238.0
75948	317976	390.0	241.0
75960	317976	399.0	244.0
75972	317976	407.0	244.0
75984	317976	418.0	247.0
75996	317976	431.0	250.0
76008	317976	445.0	254.0
76020	317976	461.0	258.0
76032	317976	481.0	263.0
76044	317976	505.0	268.0
76056	317976	535.0	275.0
76068	317976	574.0	285.0
76080	317976	625.0	297.0
76092	317976	697.0	313.0
76104	317976	803.0	339.0
76116	317976	966.0	380.0
76020	318030	311.15384615384613	224.6153846153846
76032	318030	311.0	225.0
76044	318030	312.0	225.0
76056	318030	314.0	226.0
76068	318030	316.2	226.0
76080	318030	316.1578947368421	227.07894736842104
76092	318030	318.05263157894734	228.02631578947367
76104	318030	319.94736842105266	228.97368421052633
76116	318030	321.8421052631579	229.92105263157896
76128	318030	324.94117647058823	230.0
76140	318030	328.3636363636364	230.22727272727272
76152	318030	331.6363636363636	230.77272727272728
76164	318030	336.0	232.0
76176	318030	338.0	233.0
76188	318030	342.25	233.0
76200	318030	343.0	234.33333333333334
76212	318030	348.25	236.0
76224	318030	354.0	238.0
76236	318030	359.0	239.0
76248	318030	361.75	240.875
76260	318030	370.0	243.0
76272	318030	377.0	245.0
76284	318030	386.0	248.0
76296	318030	394.0	250.0
76308	318030	406.0	253.0
76320	318030	420.0	257.0
76332	318030	434.0	262.0
76344	318030	452.0	267.0
76356	318030	476.0	274.0
76368	318030	503.0	283.0
76380	318030	541.0	294.0
76392	318030	591.0	310.0
76404	318030	664.0	332.0
76416	318030	779.0	367.0
76428	318030	968.0	429.0
76068	318055	287.0	222.0
76080	318055	288.2962962962963	223.14814814814815
76092	318055	289.18518518518516	223.59259259259258
76104	318055	290.0	225.0
76116	318055	290.25	225.0
76128	318055	291.0	224.52941176470588
76140	318055	292.0	224.5
76152	318055	294.7	225.9
76164	318055	295.0	226.0
76176	318055	297.0	227.0
76188	318055	298.0	226.0
76200	318055	301.0	226.0
76212	318055	300.6666666666667	228.0
76224	318055	304.0	230.0
76236	318055	306.0	229.0
76248	318055	308.0	230.0
76260	318055	310.0	232.0
76272	318055	312.0	233.0
76284	318055	317.0	235.0
76296	318055	319.0	234.0
76308	318055	322.0	235.0
76320	318055	325.0	238.0
76332	318055	329.0	239.0
76344	318055	333.0	241.0
76356	318055	338.0	243.0
76368	318055	344.0	246.0
76380	318055	352.0	249.0
76392	318055	359.0	252.0
76404	318055	369.0	256.0
76416	318055	380.0	260.0
76428	318055	394.0	267.0
76440	318055	411.0	274.0
76452	318055	433.0	282.0
76464	318055	462.0	294.0
76476	318055	503.0	312.0
76488	318055	565.0	338.0
76500	318055	668.0	382.0
76512	318055	876.0	471.0
76524	318055	1011.0	541.0
76104	318058	356.0	228.0
76116	318058	357.2692307692308	228.21153846153845
76128	318058	358.65384615384613	228.44230769230768
76140	318058	360.03846153846155	228.67307692307693
76152	318058	361.4230769230769	228.90384615384616
76164	318058	363.0	230.0
76176	318058	367.0	232.0
76188	318058	372.3529411764706	233.0
76200	318058	378.0	233.0
76212	318058	383.0	235.0
76224	318058	388.0	236.0
76236	318058	397.25	237.0
76248	318058	403.0	238.4
76260	318058	413.0	241.0
76272	318058	424.0	244.0
76284	318058	435.0	245.0
76296	318058	448.0	248.0
76308	318058	462.0	251.0
76320	318058	480.0	255.0
76332	318058	501.0	258.0
76344	318058	526.0	264.0
76356	318058	556.0	269.0
76368	318058	595.0	278.0
76380	318058	645.0	288.0
76392	318058	712.0	301.0
76404	318058	806.0	320.0
76416	318058	947.0	348.0
76212	318087	344.63157894736844	234.05263157894737
76224	318087	350.94736842105266	236.57894736842104
76236	318087	354.55555555555554	237.0
76248	318087	362.0	240.0
76260	318087	367.0	240.0
76272	318087	373.2	244.0
76284	318087	381.0	245.0
76296	318087	388.0	246.0
76308	318087	399.0	250.0
76320	318087	407.0	253.0
76332	318087	420.0	257.0
76344	318087	436.0	260.0
76356	318087	454.0	266.0
76368	318087	477.0	273.0
76380	318087	505.0	281.0
76392	318087	542.0	290.0
76404	318087	588.5	305.5
76416	318087	659.0	327.0
76428	318087	770.0	360.0
76440	318087	960.0	426.0
76260	318099	334.0	234.0
76272	318099	336.0	235.0
76284	318099	341.0	236.0
76296	318099	345.0	237.0
76308	318099	349.0	238.0
76320	318099	355.0	241.0
76332	318099	359.0	242.0
76344	318099	365.0	243.0
76356	318099	372.0	245.0
76368	318099	381.0	248.0
76380	318099	388.0	250.0
76392	318099	400.0	254.0
76404	318099	411.0	257.0
76416	318099	426.0	262.0
76428	318099	443.0	267.0
76440	318099	465.0	274.0
76452	318099	492.0	282.0
76464	318099	527.0	292.0
76476	318099	573.0	307.0
76488	318099	640.0	327.0
76500	318099	744.0	358.0
76512	318099	921.0	410.0
76404	318141	302.0	228.0
76416	318141	303.84615384615387	228.92307692307693
76428	318141	305.0	230.0
76440	318141	306.0	232.0
76452	318141	308.0	232.0
76464	318141	311.0	233.0
76476	318141	313.0	235.0
76488	318141	316.0	235.0
76500	318141	319.0	236.0
76512	318141	322.0	237.0
76524	318141	325.0	239.0
76536	318141	328.0	241.0
76548	318141	332.0	242.0
76560	318141	336.0	245.0
76572	318141	342.0	246.0
76584	318141	348.0	250.0
76596	318141	355.0	253.0
76608	318141	363.0	257.0
76620	318141	373.0	261.0
76632	318141	385.0	268.0
76644	318141	399.0	274.0
76656	318141	417.0	282.0
76668	318141	441.0	294.0
76680	318141	473.0	311.0
76692	318141	520.0	336.0
76704	318141	597.0	375.0
76716	318141	742.0	452.0
76728	318141	952.0	542.0
76428	318156	357.5	230.25
76440	318156	362.3333333333333	230.0
76452	318156	365.6	230.2
76464	318156	371.0	233.0
76476	318156	376.0	233.0
76488	318156	381.0	235.0
76500	318156	387.0	235.0
76512	318156	394.0	237.0
76524	318156	401.0	239.0
76536	318156	409.0	240.0
76548	318156	419.0	243.0
76560	318156	431.0	245.0
76572	318156	442.0	248.0
76584	318156	455.0	251.0
76596	318156	472.0	254.0
76608	318156	492.0	257.0
76620	318156	516.0	263.0
76632	318156	544.0	268.0
76644	318156	581.0	276.0
76656	318156	628.0	285.0
76668	318156	692.0	298.0
76680	318156	779.0	316.0
76692	318156	914.0	344.0
76500	318175	304.0	228.0
76512	318175	305.0	228.0
76524	318175	306.0	229.0
76536	318175	308.0	228.0
76548	318175	312.0	232.0
76560	318175	313.0	231.0
76572	318175	317.0	232.0
76584	318175	320.0	234.0
76596	318175	325.0	236.0
76608	318175	327.0	236.0
76620	318175	332.0	238.0
76632	318175	338.0	240.0
76644	318175	344.0	242.0
76656	318175	350.0	244.0
76668	318175	359.0	246.0
76680	318175	368.0	249.0
76692	318175	378.0	252.0
76704	318175	390.0	255.0
76716	318175	406.0	260.0
76728	318175	425.0	266.0
76740	318175	448.0	273.0
76752	318175	477.0	282.0
76764	318175	515.0	293.0
76776	318175	568.0	311.0
76788	318175	646.0	336.0
76800	318175	774.0	378.0
76812	318175	983.0	456.0
76572	318213	348.0	227.0
76584	318213	351.0	228.0
76596	318213	355.0	229.0
76608	318213	359.0	229.0
76620	318213	363.0	231.0
76632	318213	366.0	231.0
76644	318213	370.0	232.0
76656	318213	376.0	232.0
76668	318213	382.0	234.0
76680	318213	386.0	235.0
76692	318213	394.0	236.0
76704	318213	399.0	238.0
76716	318213	407.0	238.0
76728	318213	416.0	240.0
76740	318213	425.0	244.0
76752	318213	437.0	245.0
76764	318213	449.0	248.0
76776	318213	462.0	250.0
76788	318213	480.0	255.0
76800	318213	498.0	258.0
76812	318213	523.0	262.0
76824	318213	551.0	268.0
76836	318213	586.0	275.0
76848	318213	633.0	285.0
76860	318213	693.0	297.0
76872	318213	777.0	313.0
76884	318213	899.0	338.0
76620	318238	321.0	228.0
76632	318238	322.2	229.0
76644	318238	324.0	231.0
76656	318238	329.0	231.0
76668	318238	331.0	232.0
76680	318238	334.0	233.0
76692	318238	337.0	234.0
76704	318238	341.0	234.0
76716	318238	345.0	235.0
76728	318238	350.0	237.0
76740	318238	356.0	238.0
76752	318238	361.0	240.0
76764	318238	366.0	241.0
76776	318238	373.0	244.0
76788	318238	381.0	246.0
76800	318238	389.0	249.0
76812	318238	398.0	251.0
76824	318238	411.0	255.0
76836	318238	424.0	259.0
76848	318238	439.0	264.0
76860	318238	458.0	270.0
76872	318238	482.0	276.0
76884	318238	511.0	286.0
76896	318238	549.0	298.0
76908	318238	602.0	315.0
76920	318238	678.0	337.0
76932	318238	799.0	374.0
76944	318238	978.0	441.0
76656	318243	296.0	225.0
76668	318243	297.0	226.0
76680	318243	297.0	226.0
76692	318243	298.75	226.0
76704	318243	301.0	226.0
76716	318243	302.0	227.0
76728	318243	303.0	229.0
76740	318243	305.0	230.0
76752	318243	308.1666666666667	229.0
76764	318243	310.0769230769231	230.07692307692307
76776	318243	312.0	231.0
76788	318243	313.0	232.0
76800	318243	316.0	233.0
76812	318243	319.0	234.0
76824	318243	322.0	235.0
76836	318243	324.0	236.0
76848	318243	328.0	238.0
76860	318243	331.0	239.0
76872	318243	336.0	241.0
76884	318243	341.0	243.0
76896	318243	346.0	246.0
76908	318243	351.0	248.0
76920	318243	359.0	250.0
76932	318243	364.0	253.0
76944	318243	374.0	258.0
76956	318243	385.0	263.0
76968	318243	397.0	268.0
76980	318243	412.0	274.0
76992	318243	431.0	282.0
77004	318243	457.0	293.0
77016	318243	489.0	308.0
77028	318243	536.0	328.0
77040	318243	608.0	358.0
77052	318243	731.0	411.0
77064	318243	965.0	519.0
76764	318265	349.0	231.0
76776	318265	353.0	231.0
76788	318265	357.0	234.0
76800	318265	361.0	235.0
76812	318265	368.0	236.0
76824	318265	372.0	237.0
76836	318265	378.0	239.0
76848	318265	384.0	241.0
76860	318265	392.0	242.0
76872	318265	400.0	244.0
76884	318265	409.0	246.0
76896	318265	419.0	250.0
76908	318265	431.0	252.0
76920	318265	445.0	255.0
76932	318265	461.0	258.0
76944	318265	480.0	264.0
76956	318265	503.0	269.0
76968	318265	532.0	276.0
76980	318265	567.0	284.0
76992	318265	616.0	296.0
77004	318265	681.0	312.0
77016	318265	774.0	335.0
77028	318265	919.0	370.0
76836	318287	345.0	229.0
76848	318287	347.0	230.0
76860	318287	352.0	231.0
76872	318287	355.0	232.0
76884	318287	360.0	234.0
76896	318287	365.0	236.0
76908	318287	371.0	237.0
76920	318287	377.0	237.0
76932	318287	384.0	238.0
76944	318287	392.0	241.0
76956	318287	400.0	244.0
76968	318287	411.0	246.0
76980	318287	422.0	248.0
76992	318287	436.0	251.0
77004	318287	453.0	256.0
77016	318287	472.0	259.0
77028	318287	495.0	265.0
77040	318287	524.0	271.0
77052	318287	561.0	280.0
77064	318287	610.0	292.0
77076	318287	678.0	307.0
77088	318287	777.0	329.0
77100	318287	934.0	365.0
76848	318293	300.0	226.0
76860	318293	300.0	228.0
76872	318293	301.0	228.0
76884	318293	302.75	228.25
76896	318293	304.0	229.0
76908	318293	306.0	231.0
76920	318293	309.0	231.0
76932	318293	311.0	232.0
76944	318293	314.0	233.0
76956	318293	316.0	235.0
76968	318293	318.0	235.0
76980	318293	322.0	236.0
76992	318293	325.0	237.0
77004	318293	329.0	240.0
77016	318293	333.0	242.0
77028	318293	338.0	243.0
77040	318293	342.0	244.0
77052	318293	349.0	248.0
77064	318293	355.0	250.0
77076	318293	365.0	254.0
77088	318293	372.0	257.0
77100	318293	383.0	262.0
77112	318293	395.0	268.0
77124	318293	411.0	274.0
77136	318293	430.0	282.0
77148	318293	455.0	293.0
77160	318293	488.0	307.0
77172	318293	535.0	329.0
77184	318293	608.0	361.0
77196	318293	733.0	417.0
77208	318293	972.0	536.0
76992	318341	260.0	225.0
77004	318341	259.8333333333333	224.0
77016	318341	261.0	225.0
77028	318341	261.57142857142856	225.0
77040	318341	263.0	225.0
77052	318341	266.0	226.0
77064	318341	267.0	226.0
77076	318341	267.0	226.0
77088	318341	267.0	226.0
77100	318341	269.0	227.0
77112	318341	269.0	228.0
77124	318341	270.0	228.0
77136	318341	271.0	228.0
77148	318341	271.0	229.0
77160	318341	273.0	229.0
77172	318341	274.0	231.0
77184	318341	275.0	231.0
77196	318341	276.0	231.0
77208	318341	278.0	233.0
77220	318341	280.0	234.0
77232	318341	282.0	234.0
77244	318341	285.0	235.0
77256	318341	286.0	235.0
77268	318341	289.0	236.0
77280	318341	292.0	238.0
77292	318341	294.6666666666667	239.66666666666666
77304	318341	297.0	240.0
77316	318341	300.0	242.0
77328	318341	302.0	245.0
77340	318341	305.0	246.0
77352	318341	309.0	248.0
77364	318341	313.0	249.0
77376	318341	316.0	251.0
77388	318341	321.0	253.0
77400	318341	326.0	256.0
77412	318341	332.0	259.0
77424	318341	337.0	262.0
77436	318341	346.0	266.0
77448	318341	353.0	270.0
77460	318341	362.0	275.0
77472	318341	372.0	281.0
77484	318341	385.0	289.0
77496	318341	398.0	298.0
77508	318341	416.0	308.0
77520	318341	439.0	322.0
77532	318341	468.0	341.0
77544	318341	510.0	367.0
77556	318341	569.0	405.0
77568	318341	669.0	467.0
77580	318341	831.0	542.0
77592	318341	918.0	539.0
76992	318342	344.0	225.0
77004	318342	345.0	226.0
77016	318342	348.0	227.0
77028	318342	351.0	227.0
77040	318342	352.0	228.0
77052	318342	356.0	228.0
77064	318342	359.0	230.0
77076	318342	363.0	230.0
77088	318342	367.0	231.0
77100	318342	371.0	232.0
77112	318342	373.0	233.0
77124	318342	380.0	234.0
77136	318342	386.0	235.0
77148	318342	391.0	236.0
77160	318342	397.0	238.0
77172	318342	404.0	238.0
77184	318342	412.0	240.0
77196	318342	421.0	242.0
77208	318342	432.0	245.0
77220	318342	443.0	247.0
77232	318342	455.0	249.0
77244	318342	470.0	252.0
77256	318342	487.0	256.0
77268	318342	507.0	260.0
77280	318342	530.0	262.0
77292	318342	558.0	265.0
77304	318342	599.0	277.0
77316	318342	645.0	287.0
77328	318342	707.0	301.0
77340	318342	791.0	317.0
77352	318342	917.0	343.0
77028	318348	324.0	229.0
77040	318348	327.3333333333333	229.16666666666666
77052	318348	330.0	231.0
77064	318348	335.0	232.0
77076	318348	337.0	232.0
77088	318348	340.0	233.0
77100	318348	343.0	234.0
77112	318348	347.0	236.0
77124	318348	351.0	237.0
77136	318348	357.0	238.0
77148	318348	363.0	239.0
77160	318348	368.0	243.0
77172	318348	376.0	244.0
77184	318348	385.0	247.0
77196	318348	394.0	249.0
77208	318348	405.0	253.0
77220	318348	418.0	256.0
77232	318348	433.0	261.0
77244	318348	452.0	266.0
77256	318348	474.0	273.0
77268	318348	504.0	282.0
77280	318348	541.0	293.0
77292	318348	593.0	309.0
77304	318348	666.0	331.0
77316	318348	783.0	366.0
77328	318348	972.0	429.0
77184	318385	314.0	226.0
77196	318385	314.88235294117646	227.0
77208	318385	317.0	227.0
77220	318385	319.0	228.0
77232	318385	323.0	230.0
77244	318385	324.2857142857143	230.0
77256	318385	328.0	232.0
77268	318385	331.0	232.0
77280	318385	333.0	233.0
77292	318385	338.0	235.0
77304	318385	341.0	235.0
77316	318385	346.0	237.0
77328	318385	352.0	239.0
77340	318385	357.0	240.0
77352	318385	364.0	242.0
77364	318385	370.0	243.0
77376	318385	377.0	246.0
77388	318385	386.0	249.0
77400	318385	397.0	251.0
77412	318385	408.0	255.0
77424	318385	422.0	259.0
77436	318385	438.0	265.0
77448	318385	459.0	271.0
77460	318385	484.0	279.0
77472	318385	517.0	289.0
77484	318385	561.0	304.0
77496	318385	624.0	324.0
77508	318385	723.0	356.0
77520	318385	893.0	410.0
77208	318394	336.8	234.0
77220	318394	340.0	234.0
77232	318394	343.0	235.0
77244	318394	348.0	237.0
77256	318394	353.0	239.0
77268	318394	357.0	240.0
77280	318394	366.0	242.0
77292	318394	371.0	244.0
77304	318394	379.0	246.0
77316	318394	387.0	249.0
77328	318394	400.0	253.0
77340	318394	410.0	256.0
77352	318394	425.0	260.0
77364	318394	442.0	265.0
77376	318394	461.0	272.0
77388	318394	488.0	280.0
77400	318394	521.0	291.0
77412	318394	567.0	305.0
77424	318394	634.0	327.0
77436	318394	737.0	359.0
77448	318394	917.0	417.0
77292	318419	285.0	235.0
77304	318419	286.0	235.0
77316	318419	285.0	237.0
77328	318419	290.0	238.0
77340	318419	291.0	239.0
77352	318419	294.0	240.0
77364	318419	295.0	241.0
77376	318419	300.0	244.0
77388	318419	302.0	246.0
77400	318419	306.0	247.0
77412	318419	310.0	250.0
77424	318419	313.0	252.0
77436	318419	319.0	255.0
77448	318419	324.0	258.0
77460	318419	331.0	262.0
77472	318419	336.0	265.0
77484	318419	346.0	269.0
77496	318419	355.0	275.0
77508	318419	365.0	280.0
77520	318419	377.0	287.0
77532	318419	392.0	297.0
77544	318419	408.0	307.0
77556	318419	427.0	319.0
77568	318419	453.0	335.0
77580	318419	486.0	357.0
77592	318419	532.0	387.0
77604	318419	601.0	431.0
77616	318419	713.0	506.0
77628	318419	874.0	540.0
77640	318419	937.0	539.0
77316	318425	323.0	230.0
77328	318425	321.6666666666667	231.33333333333334
77340	318425	320.3333333333333	232.66666666666666
77352	318425	319.0	234.0
77364	318425	322.0	235.0
77376	318425	323.0	236.0
77388	318425	328.0	237.0
77400	318425	331.0	239.0
77412	318425	335.0	239.0
77424	318425	339.0	243.0
77436	318425	345.0	244.0
77448	318425	351.0	246.0
77460	318425	358.0	249.0
77472	318425	366.0	251.0
77484	318425	375.0	255.0
77496	318425	385.0	259.0
77508	318425	397.0	263.0
77520	318425	413.0	269.0
77532	318425	432.0	277.0
77544	318425	455.0	286.0
77556	318425	483.0	298.0
77568	318425	525.0	315.0
77580	318425	584.0	339.0
77592	318425	678.0	378.0
77604	318425	850.0	448.0
77616	318425	1005.0	538.0
77340	318439	334.0	232.0
77352	318439	338.6	232.8
77364	318439	341.0	234.0
77376	318439	345.0	236.0
77388	318439	349.0	237.0
77400	318439	355.0	238.0
77412	318439	361.0	240.0
77424	318439	367.0	242.0
77436	318439	375.0	245.0
77448	318439	383.0	247.0
77460	318439	392.0	249.0
77472	318439	404.0	252.0
77484	318439	417.0	256.0
77496	318439	433.0	261.0
77508	318439	453.0	267.0
77520	318439	477.0	274.0
77532	318439	509.0	284.0
77544	318439	549.0	296.0
77556	318439	606.0	313.0
77568	318439	692.0	339.0
77580	318439	833.0	383.0
77592	318439	1007.0	465.0
77400	318465	316.0	233.0
77412	318465	319.0	236.0
77424	318465	318.0	235.0
77436	318465	321.0	237.0
77448	318465	324.0	237.0
77460	318465	329.0	239.0
77472	318465	331.0	240.0
77484	318465	335.0	242.0
77496	318465	339.0	244.0
77508	318465	344.0	248.0
77520	318465	350.0	252.0
77532	318465	356.0	256.0
77544	318465	363.0	261.0
77556	318465	371.0	266.0
77568	318465	380.0	271.0
77580	318465	393.0	280.0
77592	318465	405.0	288.0
77604	318465	422.0	298.0
77616	318465	444.0	311.0
77628	318465	470.0	328.0
77640	318465	509.0	352.0
77652	318465	563.0	387.0
77664	318465	652.0	441.0
77676	318465	814.0	538.0
77688	318465	941.0	540.0
77556	318512	320.77777777777777	224.0
77568	318512	323.125	224.0
77580	318512	324.625	224.0
77592	318512	327.0	225.0
77604	318512	328.7391304347826	225.0
77616	318512	330.82608695652175	225.0
77628	318512	332.0	226.0
77640	318512	335.0	227.0
77652	318512	338.4	228.0
77664	318512	341.75	228.0
77676	318512	344.0	229.0
77688	318512	349.0	231.0
77700	318512	352.0	231.0
77712	318512	358.0	232.0
77724	318512	362.0	233.0
77736	318512	368.0	235.0
77748	318512	373.0	237.0
77760	318512	380.0	238.0
77772	318512	388.0	240.0
77784	318512	396.0	242.0
77796	318512	406.0	244.0
77808	318512	417.0	247.0
77820	318512	430.0	249.0
77832	318512	445.0	253.0
77844	318512	462.0	256.0
77856	318512	483.0	262.0
77868	318512	509.0	269.0
77880	318512	542.0	276.0
77892	318512	585.0	286.0
77904	318512	643.0	299.0
77916	318512	726.0	320.0
77928	318512	857.0	350.0
77940	318512	998.0	402.0
77640	318548	314.23809523809524	222.0952380952381
77652	318548	315.6666666666667	222.66666666666666
77664	318548	317.0952380952381	223.23809523809524
77676	318548	318.5238095238095	223.8095238095238
77688	318548	319.14285714285717	224.0
77700	318548	321.15384615384613	224.23076923076923
77712	318548	323.46153846153845	224.69230769230768
77724	318548	324.3333333333333	225.0
77736	318548	326.0	224.5
77748	318548	330.8	226.7
77760	318548	332.0	227.0
77772	318548	334.0	227.0
77784	318548	337.8181818181818	228.0
77796	318548	342.0	229.0
77808	318548	344.0	230.0
77820	318548	348.0	232.0
77832	318548	352.0	232.0
77844	318548	357.0	233.0
77856	318548	362.0	235.0
77868	318548	367.0	237.0
77880	318548	373.0	237.0
77892	318548	380.0	238.0
77904	318548	388.0	241.0
77916	318548	397.0	243.0
77928	318548	405.0	245.0
77940	318548	418.0	248.0
77952	318548	431.0	250.0
77964	318548	446.0	255.0
77976	318548	463.0	258.0
77988	318548	485.0	264.0
78000	318548	510.0	270.0
78012	318548	543.0	278.0
78024	318548	585.0	288.0
78036	318548	643.0	302.0
78048	318548	725.0	323.0
78060	318548	851.0	353.0
78072	318548	999.0	408.0
77760	318578	296.0	226.0
77772	318578	297.0	225.0
77784	318578	298.42857142857144	226.0
77796	318578	299.5	226.0
77808	318578	300.0	226.0
77820	318578	302.0	227.0
77832	318578	303.90909090909093	227.63636363636363
77844	318578	305.0	229.0
77856	318578	307.0	230.0
77868	318578	309.0	231.0
77880	318578	312.0	232.0
77892	318578	315.0	232.0
77904	318578	316.0	233.0
77916	318578	319.0	234.0
77928	318578	321.0	236.0
77940	318578	325.0	237.0
77952	318578	328.0	238.0
77964	318578	331.0	240.0
77976	318578	336.0	241.0
77988	318578	340.0	244.0
78000	318578	347.0	246.0
78012	318578	353.0	249.0
78024	318578	361.0	252.0
78036	318578	371.0	255.0
78048	318578	380.0	258.0
78060	318578	391.0	263.0
78072	318578	406.0	269.0
78084	318578	424.0	277.0
78096	318578	446.0	285.0
78108	318578	474.0	297.0
78120	318578	512.0	312.0
78132	318578	569.0	336.0
78144	318578	655.0	371.0
78156	318578	810.0	436.0
78168	318578	1003.0	542.0
77820	318604	334.0	227.0
77832	318604	338.0	227.0
77844	318604	339.77777777777777	227.0
77856	318604	343.0	230.0
77868	318604	346.0	229.0
77880	318604	349.5	231.0
77892	318604	354.0	232.0
77904	318604	358.0	232.0
77916	318604	363.0	234.0
77928	318604	369.0	236.0
77940	318604	374.0	236.0
77952	318604	380.0	238.0
77964	318604	388.0	240.0
77976	318604	397.0	242.0
77988	318604	406.0	244.0
78000	318604	416.0	246.0
78012	318604	428.0	249.0
78024	318604	443.0	252.0
78036	318604	459.0	256.0
78048	318604	478.0	261.0
78060	318604	501.0	266.0
78072	318604	531.0	273.0
78084	318604	568.0	281.0
78096	318604	617.0	293.0
78108	318604	687.0	309.0
78120	318604	786.0	333.0
78132	318604	945.0	369.0
77916	318619	248.0	222.0
77928	318619	250.0	222.0
77940	318619	253.0	223.0
77952	318619	255.0	223.0
77964	318619	256.875	224.625
77976	318619	259.0	224.0
77988	318619	262.0	224.0
78000	318619	263.0	223.0
78012	318619	265.0	225.0
78024	318619	268.0	226.0
78036	318619	269.0	225.0
78048	318619	271.0	225.0
78060	318619	273.0	226.0
78072	318619	275.0	227.0
78084	318619	277.0	228.0
78096	318619	278.0	229.0
78108	318619	280.0	229.0
78120	318619	281.0	230.0
78132	318619	285.0	230.0
78144	318619	287.0	231.0
78156	318619	288.0	232.0
78168	318619	290.0	233.0
78180	318619	293.0	234.0
78192	318619	295.0	236.0
78204	318619	298.0	237.0
78216	318619	301.0	238.0
78228	318619	305.0	240.0
78240	318619	309.0	242.0
78252	318619	313.0	244.0
78264	318619	318.0	247.0
78276	318619	323.0	250.0
78288	318619	330.0	253.0
78300	318619	337.0	256.0
78312	318619	347.0	261.0
78324	318619	359.0	267.0
78336	318619	373.0	274.0
78348	318619	390.0	283.0
78360	318619	414.0	294.0
78372	318619	445.0	311.0
78384	318619	490.0	333.0
78396	318619	562.0	370.0
78408	318619	695.0	438.0
78420	318619	946.0	542.0
77976	318642	313.0	226.0
77988	318642	315.0	227.0
78000	318642	315.5	226.0
78012	318642	319.0	228.0
78024	318642	321.0	228.0
78036	318642	323.0	230.0
78048	318642	326.0	230.0
78060	318642	330.0	231.0
78072	318642	332.0	232.0
78084	318642	335.0	232.0
78096	318642	339.0	233.0
78108	318642	342.0	234.0
78120	318642	347.0	236.0
78132	318642	352.0	237.0
78144	318642	358.0	239.0
78156	318642	363.0	240.0
78168	318642	369.0	243.0
78180	318642	376.0	244.0
78192	318642	385.0	247.0
78204	318642	393.0	249.0
78216	318642	403.0	252.0
78228	318642	416.0	256.0
78240	318642	429.0	260.0
78252	318642	446.0	265.0
78264	318642	466.0	271.0
78276	318642	490.0	278.0
78288	318642	524.0	289.0
78300	318642	567.0	302.0
78312	318642	627.0	320.0
78324	318642	717.0	347.0
78336	318642	866.0	393.0
78348	318642	1007.0	462.0
78012	318653	338.5	227.5
78024	318653	343.0	229.0
78036	318653	346.0	230.0
78048	318653	350.0	231.0
78060	318653	354.0	232.0
78072	318653	360.0	233.0
78084	318653	363.0	235.0
78096	318653	369.0	236.0
78108	318653	374.0	237.0
78120	318653	381.0	238.0
78132	318653	388.0	240.0
78144	318653	397.0	243.0
78156	318653	406.0	245.0
78168	318653	418.0	248.0
78180	318653	431.0	250.0
78192	318653	445.0	254.0
78204	318653	463.0	258.0
78216	318653	484.0	263.0
78228	318653	511.0	269.0
78240	318653	544.0	277.0
78252	318653	587.0	288.0
78264	318653	647.0	301.0
78276	318653	732.0	323.0
78288	318653	863.0	354.0
78300	318653	999.0	403.0
78204	318688	344.0	226.0
78216	318688	345.0	226.0
78228	318688	350.0	228.0
78240	318688	353.0	228.0
78252	318688	356.0	229.0
78264	318688	359.5	229.0
78276	318688	364.0	230.0
78288	318688	368.3333333333333	231.66666666666666
78300	318688	374.0	233.0
78312	318688	378.0	234.0
78324	318688	384.0	235.0
78336	318688	391.0	237.0
78348	318688	398.0	238.0
78360	318688	405.0	239.0
78372	318688	414.0	241.0
78384	318688	422.0	243.0
78396	318688	434.0	246.0
78408	318688	446.0	248.0
78420	318688	460.0	250.0
78432	318688	476.0	254.0
78444	318688	496.0	258.0
78456	318688	519.0	263.0
78468	318688	547.0	268.0
78480	318688	583.0	276.0
78492	318688	630.0	285.0
78504	318688	691.0	298.0
78516	318688	776.0	314.0
78528	318688	902.0	340.0
78240	318692	337.0	227.0
78252	318692	340.0	228.0
78264	318692	342.0	229.0
78276	318692	346.0	231.0
78288	318692	348.0	232.0
78300	318692	353.0	233.0
78312	318692	356.7142857142857	233.0
78324	318692	361.0	234.0
78336	318692	368.0	236.0
78348	318692	372.0	238.0
78360	318692	378.0	239.0
78372	318692	384.0	240.0
78384	318692	392.0	241.0
78396	318692	400.0	244.0
78408	318692	410.0	246.0
78420	318692	421.0	249.0
78432	318692	435.0	251.0
78444	318692	449.0	255.0
78456	318692	467.0	259.0
78468	318692	487.0	264.0
78480	318692	513.0	269.0
78492	318692	543.0	277.0
78504	318692	583.0	286.0
78516	318692	635.0	298.0
78528	318692	707.0	315.0
78540	318692	812.0	341.0
78552	318692	967.0	380.0
78372	318717	371.7142857142857	231.28571428571428
78384	318717	376.0	233.0
78396	318717	383.0	234.0
78408	318717	388.0	235.0
78420	318717	396.0	237.0
78432	318717	404.0	239.0
78444	318717	413.0	240.0
78456	318717	422.0	242.0
78468	318717	433.0	245.0
78480	318717	445.0	247.0
78492	318717	458.0	250.0
78504	318717	475.0	252.0
78516	318717	493.0	256.0
78528	318717	516.0	261.0
78540	318717	544.0	266.0
78552	318717	578.0	273.0
78564	318717	620.0	281.0
78576	318717	677.0	292.0
78588	318717	754.0	307.0
78600	318717	864.0	330.0
78612	318717	989.0	364.0
78468	318739	365.0	230.33333333333334
78480	318739	371.0	232.0
78492	318739	377.0	233.0
78504	318739	381.0	235.0
78516	318739	388.0	236.0
78528	318739	395.0	237.0
78540	318739	402.0	238.0
78552	318739	412.0	241.0
78564	318739	420.0	242.0
78576	318739	432.0	245.0
78588	318739	443.0	247.0
78600	318739	458.0	250.0
78612	318739	474.0	253.0
78624	318739	494.0	257.0
78636	318739	518.0	261.0
78648	318739	546.0	267.0
78660	318739	582.0	274.0
78672	318739	627.0	283.0
78684	318739	687.0	295.0
78696	318739	772.0	313.0
78708	318739	903.0	338.0
78480	318743	344.5	234.5
78492	318743	349.0	236.0
78504	318743	353.0	237.0
78516	318743	360.0	238.0
78528	318743	364.5	240.0
78540	318743	371.0	242.0
78552	318743	377.0	244.0
78564	318743	384.5	246.5
78576	318743	393.0	249.0
78588	318743	405.0	252.0
78600	318743	416.0	255.0
78612	318743	430.0	259.0
78624	318743	446.0	263.0
78636	318743	466.0	269.0
78648	318743	489.0	276.0
78660	318743	520.0	286.0
78672	318743	561.0	297.0
78684	318743	615.0	314.0
78696	318743	696.0	337.0
78708	318743	817.0	373.0
78720	318743	984.0	437.0
78600	318806	349.0	228.0
78612	318806	353.0	230.0
78624	318806	359.0	229.25
78636	318806	364.0	231.0
78648	318806	369.0	232.0
78660	318806	374.0	234.0
78672	318806	382.0	235.0
78684	318806	389.0	236.0
78696	318806	397.0	238.0
78708	318806	406.0	240.0
78720	318806	416.0	243.0
78732	318806	429.0	245.0
78744	318806	443.0	247.0
78756	318806	459.0	250.0
78768	318806	478.0	254.0
78780	318806	502.0	258.0
78792	318806	530.0	265.0
78804	318806	568.0	272.0
78816	318806	618.0	282.0
78828	318806	684.0	296.0
78840	318806	783.0	316.0
78852	318806	942.0	349.0
78612	318809	237.0	218.0
78624	318809	238.42857142857142	218.71428571428572
78636	318809	241.0	219.0
78648	318809	243.0	220.0
78660	318809	245.0	220.0
78672	318809	247.57142857142858	220.0
78684	318809	250.0	221.0
78696	318809	252.0	221.0
78708	318809	253.42857142857142	221.0
78720	318809	254.0	222.0
78732	318809	256.0	223.0
78744	318809	257.3333333333333	223.0
78756	318809	259.6	223.0
78768	318809	261.0	222.0
78780	318809	261.0	223.0
78792	318809	263.0	224.0
78804	318809	265.0	224.0
78816	318809	266.0	223.0
78828	318809	267.0	223.0
78840	318809	269.0	224.0
78852	318809	270.0	225.0
78864	318809	271.0	225.0
78876	318809	273.0	225.0
78888	318809	274.0	226.0
78900	318809	275.0	225.0
78912	318809	275.0	226.0
78924	318809	276.0	226.0
78936	318809	277.0	226.0
78948	318809	279.0	227.0
78960	318809	280.0	228.0
78972	318809	282.0	228.0
78984	318809	281.0	227.0
78996	318809	283.0	229.0
79008	318809	283.0	229.0
79020	318809	286.0	229.0
79032	318809	287.0	231.0
79044	318809	287.0	231.0
79056	318809	289.0	232.0
79068	318809	291.0	233.0
79080	318809	292.0	233.0
79092	318809	294.0	234.0
79104	318809	294.0	235.0
79116	318809	297.0	235.0
79128	318809	297.0	236.0
79140	318809	299.0	238.0
79152	318809	302.0	239.0
79164	318809	304.0	239.0
79176	318809	306.0	241.0
79188	318809	308.0	243.0
79200	318809	312.0	245.0
79212	318809	314.0	246.0
79224	318809	318.0	248.0
79236	318809	321.0	251.0
79248	318809	325.0	253.0
79260	318809	330.0	256.0
79272	318809	336.0	259.0
79284	318809	342.0	264.0
79296	318809	349.0	268.0
79308	318809	358.0	273.0
79320	318809	368.0	279.0
79332	318809	380.0	286.0
79344	318809	396.0	296.0
79356	318809	416.0	306.0
79368	318809	442.0	321.0
79380	318809	478.0	341.0
79392	318809	531.0	369.0
79404	318809	613.0	413.0
79416	318809	759.0	491.0
79428	318809	945.0	541.0
79440	318809	988.0	539.0
78732	318860	332.0	233.0
78744	318860	335.0	234.0
78756	318860	338.0	235.0
78768	318860	343.0	236.0
78780	318860	347.0	237.0
78792	318860	354.0	239.0
78804	318860	361.0	241.0
78816	318860	366.0	244.0
78828	318860	374.0	246.0
78840	318860	383.0	249.0
78852	318860	394.0	252.0
78864	318860	407.0	256.0
78876	318860	423.0	261.0
78888	318860	443.0	268.0
78900	318860	468.0	275.0
78912	318860	501.0	286.0
78924	318860	545.0	301.0
78936	318860	611.0	321.0
78948	318860	715.0	354.0
78960	318860	907.0	416.0
78804	318884	332.0	226.0
78816	318884	334.0	227.0
78828	318884	337.0	228.0
78840	318884	339.0	228.0
78852	318884	343.0	229.0
78864	318884	346.0	230.0
78876	318884	350.0	232.0
78888	318884	353.0	232.0
78900	318884	358.0	232.0
78912	318884	363.0	234.0
78924	318884	368.0	236.0
78936	318884	373.0	237.0
78948	318884	379.0	238.0
78960	318884	386.0	240.0
78972	318884	395.0	241.0
78984	318884	402.0	244.0
78996	318884	412.0	246.0
79008	318884	422.0	249.0
79020	318884	436.0	251.0
79032	318884	452.0	256.0
79044	318884	470.0	261.0
79056	318884	492.0	265.0
79068	318884	520.0	272.0
79080	318884	555.0	281.0
79092	318884	602.0	291.0
79104	318884	665.0	307.0
79116	318884	756.0	327.0
79128	318884	893.0	349.0
78840	318911	310.27272727272725	229.27272727272728
78852	318911	312.2	230.4
78864	318911	314.85714285714283	231.42857142857142
78876	318911	317.0	232.66666666666666
78888	318911	319.0	233.0
78900	318911	322.0	235.0
78912	318911	326.0	235.0
78924	318911	328.0	236.0
78936	318911	330.0	238.0
78948	318911	333.0	239.0
78960	318911	338.0	241.0
78972	318911	342.0	242.0
78984	318911	348.0	244.0
78996	318911	352.0	247.0
79008	318911	359.0	250.0
79020	318911	366.0	252.0
79032	318911	373.0	253.0
79044	318911	385.0	261.0
79056	318911	395.0	265.0
79068	318911	408.0	271.0
79080	318911	425.0	279.0
79092	318911	446.0	287.0
79104	318911	473.0	299.0
79116	318911	511.0	315.0
79128	318911	559.0	336.0
79140	318911	640.0	369.0
79152	318911	773.0	425.0
79164	318911	976.0	533.0
79176	318911	985.0	540.0
79188	318911	988.0	539.0
79200	318911	1004.0	539.0
79080	319002	343.6666666666667	231.0
79092	319002	352.0	232.0
79104	319002	357.5	233.28571428571428
79116	319002	362.0	235.0
79128	319002	366.0	236.0
79140	319002	373.0	237.0
79152	319002	380.0	238.0
79164	319002	387.0	240.0
79176	319002	396.0	242.0
79188	319002	405.0	244.0
79200	319002	415.0	247.0
79212	319002	426.0	249.0
79224	319002	442.0	253.0
79236	319002	458.0	257.0
79248	319002	479.0	262.0
79260	319002	504.0	269.0
79272	319002	526.2	271.8
79284	319002	552.0	277.5
79296	319002	610.0	296.0
79308	319002	694.0	318.0
79320	319002	812.0	346.0
79332	319002	978.0	394.0
79080	319003	320.0	236.0
79092	319003	323.0	236.0
79104	319003	327.0	237.0
79116	319003	330.0	238.0
79128	319003	332.0	239.0
79140	319003	337.0	242.0
79152	319003	342.0	245.0
79164	319003	348.0	246.0
79176	319003	352.0	248.0
79188	319003	359.0	250.0
79200	319003	367.0	255.0
79212	319003	375.0	257.0
79224	319003	386.0	261.0
79236	319003	398.0	267.0
79248	319003	413.0	273.0
79260	319003	431.0	280.0
79272	319003	454.0	290.0
79284	319003	483.0	302.0
79296	319003	524.0	320.0
79308	319003	580.0	343.0
79320	319003	671.0	381.0
79332	319003	830.0	448.0
79344	319003	999.0	542.0
79128	319020	318.0	234.0
79140	319020	322.0	235.0
79152	319020	325.0	236.0
79164	319020	327.0	237.0
79176	319020	332.0	238.0
79188	319020	336.0	240.0
79200	319020	341.0	242.0
79212	319020	346.0	244.0
79224	319020	353.0	246.0
79236	319020	360.0	250.0
79248	319020	367.0	252.0
79260	319020	376.0	255.0
79272	319020	387.0	259.0
79284	319020	399.0	265.0
79296	319020	413.0	271.0
79308	319020	431.0	278.0
79320	319020	456.0	287.0
79332	319020	487.0	300.0
79344	319020	530.0	318.0
79356	319020	590.0	342.0
79368	319020	687.0	382.0
79380	319020	868.0	456.0
79392	319020	1007.0	541.0
79224	319071	303.2	228.0
79236	319071	306.0	229.0
79248	319071	306.0	229.0
79260	319071	308.0	230.0
79272	319071	310.0	232.0
79284	319071	312.0	232.0
79296	319071	315.0	233.0
79308	319071	317.0	234.0
79320	319071	318.0	235.0
79332	319071	322.0	236.0
79344	319071	326.0	238.0
79356	319071	328.0	238.0
79368	319071	332.0	240.0
79380	319071	334.0	241.0
79392	319071	339.0	244.0
79404	319071	343.0	246.0
79416	319071	350.0	248.0
79428	319071	355.0	249.0
79440	319071	363.0	253.0
79452	319071	371.0	256.0
79464	319071	380.0	259.0
79476	319071	390.0	264.0
79488	319071	403.0	270.0
79500	319071	420.0	276.0
79512	319071	439.0	285.0
79524	319071	463.0	294.0
79536	319071	494.0	307.0
79548	319071	536.0	325.0
79560	319071	599.0	352.0
79572	319071	694.0	392.0
79584	319071	865.0	464.0
79596	319071	991.0	542.0
79236	319077	328.0	230.0
79248	319077	332.0	233.0
79260	319077	335.0	233.0
79272	319077	340.0	234.0
79284	319077	343.0	235.0
79296	319077	349.0	236.0
79308	319077	354.0	237.0
79320	319077	360.0	240.0
79332	319077	367.0	244.0
79344	319077	374.0	246.0
79356	319077	384.0	249.0
79368	319077	394.0	251.0
79380	319077	407.0	255.0
79392	319077	421.0	259.0
79404	319077	440.0	265.0
79416	319077	464.0	272.0
79428	319077	494.0	281.0
79440	319077	532.0	294.0
79452	319077	589.0	312.0
79464	319077	675.0	339.0
79476	319077	821.0	385.0
79488	319077	1008.0	472.0
79260	319086	348.0	232.0
79272	319086	355.0	232.0
79284	319086	357.0	232.33333333333334
79296	319086	362.0	234.0
79308	319086	370.0	236.0
79320	319086	375.0	236.0
79332	319086	383.0	238.0
79344	319086	390.0	242.0
79356	319086	399.0	243.0
79368	319086	408.0	245.0
79380	319086	419.0	248.0
79392	319086	433.0	252.0
79404	319086	448.0	255.0
79416	319086	466.0	264.0
79428	319086	481.4	256.6
79440	319086	513.0	267.0
79452	319086	546.0	279.0
79464	319086	598.0	291.0
79476	319086	667.0	308.0
79488	319086	768.0	333.0
79500	319086	933.0	372.0
79452	319174	296.0	224.0
79464	319174	297.0	224.0
79476	319174	297.0	225.0
79488	319174	300.0	225.0
79500	319174	299.0	226.0
79512	319174	301.0	226.0
79524	319174	302.0	227.0
79536	319174	305.0	227.0
79548	319174	306.0	227.0
79560	319174	307.0	228.0
79572	319174	309.0	229.0
79584	319174	311.0	229.0
79596	319174	312.0	230.0
79608	319174	314.0	231.0
79620	319174	316.0	232.0
79632	319174	318.0	232.0
79644	319174	321.0	233.0
79656	319174	323.0	235.0
79668	319174	326.0	236.0
79680	319174	329.0	237.0
79692	319174	332.0	238.0
79704	319174	338.0	240.0
79716	319174	342.0	242.0
79728	319174	346.0	243.0
79740	319174	353.0	246.0
79752	319174	358.0	247.0
79764	319174	364.0	250.0
79776	319174	373.0	253.0
79788	319174	380.0	256.0
79800	319174	392.0	261.0
79812	319174	403.0	266.0
79824	319174	419.0	272.0
79836	319174	436.0	279.0
79848	319174	458.0	288.0
79860	319174	487.0	301.0
79872	319174	527.0	318.0
79884	319174	586.0	342.0
79896	319174	675.0	378.0
79908	319174	836.0	446.0
79920	319174	998.0	542.0
79704	319263	300.875	227.0
79716	319263	302.625	227.0
79728	319263	304.375	227.0
79740	319263	306.125	227.0
79752	319263	307.6666666666667	228.66666666666666
79764	319263	308.0	228.66666666666666
79776	319263	310.0	230.0
79788	319263	312.09090909090907	231.0
79800	319263	315.0	232.0
79812	319263	316.0	234.0
79824	319263	319.0	234.0
79836	319263	322.0	236.0
79848	319263	325.0	236.0
79860	319263	328.0	239.0
79872	319263	330.0	239.0
79884	319263	334.0	241.0
79896	319263	340.0	243.0
79908	319263	344.0	245.0
79920	319263	350.0	248.0
79932	319263	355.0	250.0
79944	319263	364.0	253.0
79956	319263	372.0	256.0
79968	319263	382.0	260.0
79980	319263	393.0	265.0
79992	319263	406.0	270.0
80004	319263	424.0	277.0
80016	319263	445.0	286.0
80028	319263	473.0	298.0
80040	319263	510.0	313.0
80052	319263	563.0	335.0
80064	319263	644.0	370.0
80076	319263	785.0	429.0
80088	319263	994.0	541.0
79752	319277	327.5	226.0
79764	319277	331.0	227.0
79776	319277	332.5	226.0
79788	319277	336.0	227.0
79800	319277	340.0	228.0
79812	319277	341.0	229.0
79824	319277	345.0	230.0
79836	319277	348.0	231.0
79848	319277	351.0	231.0
79860	319277	357.0	233.0
79872	319277	362.0	234.0
79884	319277	366.0	235.0
79896	319277	372.0	235.0
79908	319277	377.0	237.0
79920	319277	385.0	240.0
79932	319277	392.0	241.0
79944	319277	401.0	243.0
79956	319277	411.0	245.0
79968	319277	422.0	248.0
79980	319277	435.0	251.0
79992	319277	450.0	255.0
80004	319277	466.0	258.0
80016	319277	487.0	264.0
80028	319277	513.0	269.0
80040	319277	544.0	277.0
80052	319277	584.0	287.0
80064	319277	639.0	300.0
80076	319277	717.0	319.0
80088	319277	831.0	345.0
80100	319277	982.0	392.0
79776	319288	297.0	226.0
79788	319288	298.8	226.8
79800	319288	299.0	226.0
79812	319288	300.0	227.0
79824	319288	301.0	228.0
79836	319288	302.0	229.0
79848	319288	304.0	229.0
79860	319288	306.0	230.0
79872	319288	307.0	230.0
79884	319288	310.0	231.0
79896	319288	311.0	232.0
79908	319288	314.0	233.0
79920	319288	316.0	234.0
79932	319288	319.0	234.0
79944	319288	322.0	235.0
79956	319288	325.0	237.0
79968	319288	327.0	238.0
79980	319288	330.0	240.0
79992	319288	336.0	241.0
80004	319288	340.0	243.0
80016	319288	344.0	245.0
80028	319288	350.0	247.0
80040	319288	356.0	250.0
80052	319288	364.0	253.0
80064	319288	372.0	256.0
80076	319288	381.0	261.0
80088	319288	393.0	266.0
80100	319288	407.0	271.0
80112	319288	424.0	279.0
80124	319288	446.0	287.0
80136	319288	473.0	299.0
80148	319288	512.0	315.0
80160	319288	568.0	338.0
80172	319288	653.0	374.0
80184	319288	806.0	438.0
80196	319288	997.0	543.0
79956	319371	301.0	223.0
79968	319371	301.0	223.0
79980	319371	303.0	224.0
79992	319371	304.77777777777777	223.0
80004	319371	305.42857142857144	223.28571428571428
80016	319371	306.8	223.8
80028	319371	308.0	225.0
80040	319371	309.0	224.0
80052	319371	311.0	226.0
80064	319371	314.0	227.0
80076	319371	314.96	226.16
80088	319371	317.84	226.64
80100	319371	320.0	227.0
80112	319371	321.0	227.0
80124	319371	324.0	230.0
80136	319371	324.8181818181818	230.0
80148	319371	328.0	231.0
80160	319371	331.0	231.0
80172	319371	333.0	232.0
80184	319371	337.0	234.0
80196	319371	340.0	235.0
80208	319371	345.0	236.0
80220	319371	350.0	237.0
80232	319371	355.0	239.0
80244	319371	360.0	240.0
80256	319371	367.0	242.0
80268	319371	373.0	244.0
80280	319371	382.0	247.0
80292	319371	389.0	248.0
80304	319371	400.0	251.0
80316	319371	411.0	255.0
80328	319371	425.0	259.0
80340	319371	440.0	263.0
80352	319371	458.0	269.0
80364	319371	482.0	276.0
80376	319371	511.0	285.0
80388	319371	549.0	296.0
80400	319371	600.0	312.0
80412	319371	675.0	334.0
80424	319371	790.0	369.0
80436	319371	968.0	429.0
80016	319406	286.0	229.0
80028	319406	286.0	229.0
80040	319406	288.0	231.0
80052	319406	289.0	231.0
80064	319406	290.0	232.0
80076	319406	292.0	233.0
80088	319406	293.0	234.0
80100	319406	295.0	234.0
80112	319406	295.0	236.0
80124	319406	298.0	236.0
80136	319406	299.0	237.0
80148	319406	301.0	238.0
80160	319406	303.0	240.0
80172	319406	306.0	242.0
80184	319406	309.0	243.0
80196	319406	312.0	245.0
80208	319406	316.0	246.0
80220	319406	319.0	247.0
80232	319406	323.0	250.0
80244	319406	328.0	253.0
80256	319406	333.0	256.0
80268	319406	340.0	260.0
80280	319406	346.0	263.0
80292	319406	354.0	268.0
80304	319406	363.0	275.0
80316	319406	373.0	281.0
80328	319406	388.0	290.0
80340	319406	406.0	301.0
80352	319406	431.0	317.0
80364	319406	464.0	337.0
80376	319406	513.0	369.0
80388	319406	593.0	420.0
80400	319406	749.0	519.0
80412	319406	927.0	540.0
80220	319518	299.0	233.0
80232	319518	303.0	235.0
80244	319518	302.0	235.0
80256	319518	308.0	236.0
80268	319518	312.0	237.0
80280	319518	314.0	239.0
80292	319518	319.0	240.0
80304	319518	325.0	242.0
80316	319518	329.0	243.0
80328	319518	336.0	244.0
80340	319518	340.0	248.0
80352	319518	347.0	249.0
80364	319518	355.0	252.0
80376	319518	362.0	255.0
80388	319518	371.0	259.0
80400	319518	382.0	264.0
80412	319518	392.0	268.0
80424	319518	405.0	274.0
80436	319518	422.0	281.0
80448	319518	441.0	290.0
80460	319518	467.0	301.0
80472	319518	501.0	316.0
80484	319518	549.0	337.0
80496	319518	621.0	369.0
80508	319518	738.0	420.0
80520	319518	957.0	521.0
80280	319529	301.0	233.0
80292	319529	303.0	234.0
80304	319529	307.5	235.35714285714286
80316	319529	311.0	235.0
80328	319529	316.0	237.0
80340	319529	320.0	238.0
80352	319529	325.0	239.0
80364	319529	330.0	242.0
80376	319529	337.0	244.0
80388	319529	343.0	245.0
80400	319529	350.0	247.0
80412	319529	359.0	249.0
80424	319529	368.0	252.0
80436	319529	379.0	255.0
80448	319529	391.0	259.0
80460	319529	405.0	262.0
80472	319529	422.0	268.0
80484	319529	441.0	274.0
80496	319529	465.0	281.0
80508	319529	496.0	290.0
80520	319529	535.0	303.0
80532	319529	589.0	319.0
80544	319529	666.0	344.0
80556	319529	784.0	382.0
80568	319529	973.0	448.0
80304	319542	343.0	229.0
80316	319542	346.0	230.0
80328	319542	349.0	230.0
80340	319542	353.0	231.0
80352	319542	357.0	233.0
80364	319542	364.0	234.0
80376	319542	369.0	235.0
80388	319542	374.0	237.0
80400	319542	381.0	238.0
80412	319542	387.0	239.0
80424	319542	397.0	243.0
80436	319542	405.0	244.0
80448	319542	414.0	246.0
80460	319542	427.0	250.0
80472	319542	441.0	252.0
80484	319542	458.0	256.0
80496	319542	477.0	261.0
80508	319542	501.0	267.0
80520	319542	532.0	276.0
80532	319542	568.0	281.0
80544	319542	620.0	293.0
80556	319542	694.0	312.0
80568	319542	800.0	339.0
80580	319542	963.0	381.0
80400	319585	280.0	234.0
80412	319585	284.0	234.0
80424	319585	285.0	235.0
80436	319585	289.0	237.0
80448	319585	294.0	239.0
80460	319585	299.0	241.0
80472	319585	304.0	243.0
80484	319585	310.0	246.0
80496	319585	317.0	249.0
80508	319585	325.0	252.0
80520	319585	336.0	256.0
80532	319585	345.0	261.0
80544	319585	357.0	267.0
80556	319585	374.0	274.0
80568	319585	395.0	283.0
80580	319585	424.0	295.0
80592	319585	462.0	313.0
80604	319585	520.0	339.0
80616	319585	615.0	382.0
80628	319585	800.0	468.0
80640	319585	985.0	541.0
80448	319615	337.6666666666667	227.0
80460	319615	341.0	227.57142857142858
80472	319615	345.0	228.71428571428572
80484	319615	350.0	231.0
80496	319615	355.0	233.0
80508	319615	358.0	233.0
80520	319615	364.0	235.0
80532	319615	370.0	236.0
80544	319615	376.0	237.0
80556	319615	386.0	240.0
80568	319615	395.0	242.0
80580	319615	404.0	245.0
80592	319615	417.0	248.0
80604	319615	431.0	251.0
80616	319615	448.0	255.0
80628	319615	468.0	259.0
80640	319615	494.0	266.0
80652	319615	526.0	273.0
80664	319615	569.0	283.0
80676	319615	628.0	297.0
80688	319615	715.0	318.0
80700	319615	854.0	351.0
80712	319615	999.0	400.0
80496	319633	290.0	231.0
80508	319633	292.0	231.0
80520	319633	294.0	232.0
80532	319633	294.2352941176471	232.11764705882354
80544	319633	295.6470588235294	232.8235294117647
80556	319633	298.0	234.0
80568	319633	299.0	235.0
80580	319633	302.0	236.0
80592	319633	305.0	236.0
80604	319633	308.0	237.0
80616	319633	313.0	238.0
80628	319633	318.0	239.0
80640	319633	320.0	240.0
80652	319633	325.0	242.0
80664	319633	330.0	243.0
80676	319633	336.0	245.0
80688	319633	340.0	246.0
80700	319633	345.0	248.0
80712	319633	351.0	249.0
80724	319633	358.0	251.0
80736	319633	366.0	254.0
80748	319633	372.0	256.0
80760	319633	380.0	259.0
80772	319633	389.0	263.0
80784	319633	398.0	266.0
80796	319633	409.0	271.0
80808	319633	422.0	276.0
80820	319633	437.0	282.0
80832	319633	455.0	290.0
80844	319633	478.0	300.0
80856	319633	507.0	311.0
80868	319633	546.0	327.0
80880	319633	599.0	349.0
80892	319633	675.0	381.0
80904	319633	798.0	432.0
80916	319633	983.0	527.0
80568	319668	324.0	229.0
80580	319668	327.0	231.0
80592	319668	330.0	232.0
80604	319668	334.0	233.0
80616	319668	338.0	234.0
80628	319668	343.0	236.0
80640	319668	347.0	237.0
80652	319668	353.0	239.0
80664	319668	359.0	241.0
80676	319668	366.0	243.0
80688	319668	375.0	246.0
80700	319668	385.0	249.0
80712	319668	396.0	251.0
80724	319668	409.0	256.0
80736	319668	426.0	261.0
80748	319668	445.0	268.0
80760	319668	471.0	275.0
80772	319668	505.0	287.0
80784	319668	553.0	301.0
80796	319668	623.0	324.0
80808	319668	735.0	359.0
80820	319668	947.0	427.0
80616	319687	290.0	231.0
80628	319687	291.29411764705884	231.64705882352942
80640	319687	293.0	233.0
80652	319687	295.0	232.83333333333334
80664	319687	297.0	234.0
80676	319687	299.0	235.0
80688	319687	301.0	235.0
80700	319687	302.0	236.0
80712	319687	304.0	238.0
80724	319687	305.0	238.0
80736	319687	310.0	240.0
80748	319687	313.0	242.0
80760	319687	316.0	244.0
80772	319687	323.0	244.0
80784	319687	327.0	246.0
80796	319687	332.0	248.0
80808	319687	339.0	250.0
80820	319687	347.0	251.0
80832	319687	355.0	255.0
80844	319687	364.0	258.0
80856	319687	375.0	262.0
80868	319687	387.0	266.0
80880	319687	400.0	272.0
80892	319687	415.0	277.0
80904	319687	436.0	284.0
80916	319687	457.0	293.0
80928	319687	486.0	304.0
80940	319687	521.0	320.0
80952	319687	570.0	340.0
80964	319687	641.0	372.0
80976	319687	752.0	420.0
80988	319687	952.0	509.0
81000	319687	992.0	540.0
80700	319720	289.5	234.0
80712	319720	290.0	234.0
80724	319720	292.0	235.0
80736	319720	294.8181818181818	235.9090909090909
80748	319720	297.0	237.0
80760	319720	301.0	238.0
80772	319720	303.0	238.0
80784	319720	304.0	240.0
80796	319720	306.0	241.0
80808	319720	309.0	243.0
80820	319720	312.0	245.0
80832	319720	315.0	246.0
80844	319720	318.0	248.0
80856	319720	323.0	250.0
80868	319720	328.0	252.0
80880	319720	333.0	255.0
80892	319720	338.0	258.0
80904	319720	345.0	262.0
80916	319720	352.0	265.0
80928	319720	362.0	271.0
80940	319720	371.0	277.0
80952	319720	383.0	284.0
80964	319720	398.0	292.0
80976	319720	416.0	304.0
80988	319720	438.0	317.0
81000	319720	468.0	337.0
81012	319720	512.0	364.0
81024	319720	581.0	408.0
81036	319720	701.0	484.0
81048	319720	908.0	541.0
80712	319721	345.0	232.0
80724	319721	348.52941176470586	234.11764705882354
80736	319721	352.8	235.7
80748	319721	357.0	238.0
80760	319721	361.0	238.0
80772	319721	366.0	240.0
80784	319721	373.0	242.0
80796	319721	381.0	246.0
80808	319721	390.0	248.0
80820	319721	401.0	251.0
80832	319721	416.0	256.0
80844	319721	430.0	260.0
80856	319721	450.0	265.0
80868	319721	473.0	272.0
80880	319721	503.0	281.0
80892	319721	543.0	293.0
80904	319721	599.0	309.0
80916	319721	681.0	334.0
80928	319721	816.0	374.0
80940	319721	1001.0	453.0
80820	319765	297.0	234.0
80832	319765	299.22222222222223	236.11111111111111
80844	319765	302.0	238.0
80856	319765	304.0	238.0
80868	319765	306.0	240.0
80880	319765	310.0	242.0
80892	319765	314.0	244.0
80904	319765	316.0	245.0
80916	319765	319.0	247.0
80928	319765	323.0	248.0
80940	319765	326.0	252.0
80952	319765	331.0	255.0
80964	319765	336.0	258.0
80976	319765	343.0	262.0
80988	319765	349.0	265.0
81000	319765	358.0	270.0
81012	319765	368.0	276.0
81024	319765	379.0	283.0
81036	319765	394.0	292.0
81048	319765	412.0	303.0
81060	319765	434.0	318.0
81072	319765	465.0	338.0
81084	319765	511.0	366.0
81096	319765	582.0	412.0
81108	319765	711.0	495.0
81120	319765	873.0	540.0
80844	319775	338.0	242.0
80856	319775	343.0	244.0
80868	319775	349.0	245.0
80880	319775	353.0	247.0
80892	319775	359.0	250.0
80904	319775	366.0	252.0
80916	319775	372.0	254.0
80928	319775	380.0	257.0
80940	319775	388.0	260.0
80952	319775	397.0	264.0
80964	319775	408.0	269.0
80976	319775	421.0	273.0
80988	319775	434.0	278.0
81000	319775	452.0	282.0
81012	319775	476.0	291.0
81024	319775	506.0	308.0
81036	319775	540.0	321.0
81048	319775	588.0	342.0
81060	319775	661.0	371.0
81072	319775	773.0	417.0
81084	319775	962.0	499.0
81096	319775	1005.0	540.0
80868	319789	327.0	230.0
80880	319789	330.55555555555554	232.77777777777777
80892	319789	333.0	234.0
80904	319789	337.0	234.0
80916	319789	339.0	233.0
80928	319789	344.0	236.0
80940	319789	347.0	236.0
80952	319789	352.0	238.0
80964	319789	358.0	239.0
80976	319789	364.0	240.0
80988	319789	370.0	243.0
81000	319789	376.0	244.0
81012	319789	385.0	247.0
81024	319789	394.0	250.0
81036	319789	403.0	253.0
81048	319789	416.0	256.0
81060	319789	429.0	261.0
81072	319789	447.0	266.0
81084	319789	466.0	271.0
81096	319789	491.0	279.0
81108	319789	525.0	289.0
81120	319789	567.0	302.0
81132	319789	627.0	320.0
81144	319789	714.0	347.0
81156	319789	856.0	390.0
81168	319789	988.0	440.0
80952	319815	298.0	232.0
80964	319815	299.0	232.0
80976	319815	302.0	233.0
80988	319815	304.0	233.0
81000	319815	307.0	234.0
81012	319815	309.0	235.0
81024	319815	311.0	235.0
81036	319815	313.0	237.0
81048	319815	317.0	237.0
81060	319815	318.0	238.0
81072	319815	322.0	239.0
81084	319815	325.0	241.0
81096	319815	328.0	241.0
81108	319815	333.0	244.0
81120	319815	337.0	245.0
81132	319815	342.0	247.0
81144	319815	347.0	249.0
81156	319815	352.0	250.0
81168	319815	359.0	253.0
81180	319815	365.0	255.0
81192	319815	373.0	258.0
81204	319815	381.0	261.0
81216	319815	391.0	266.0
81228	319815	400.0	269.0
81240	319815	412.0	274.0
81252	319815	426.0	280.0
81264	319815	443.0	286.0
81276	319815	463.0	294.0
81288	319815	488.0	305.0
81300	319815	520.0	317.0
81312	319815	560.0	334.0
81324	319815	616.0	357.0
81336	319815	697.0	391.0
81348	319815	825.0	444.0
81360	319815	991.0	537.0
80988	319829	288.0	228.0
81000	319829	288.5	228.0
81012	319829	289.0	228.0
81024	319829	290.0	229.0
81036	319829	292.0	230.0
81048	319829	293.6363636363636	230.0
81060	319829	294.0	230.0
81072	319829	296.0	231.0
81084	319829	298.0	231.0
81096	319829	299.0	232.0
81108	319829	301.0	233.0
81120	319829	303.0	234.0
81132	319829	305.0	234.0
81144	319829	308.0	235.0
81156	319829	309.0	236.0
81168	319829	313.0	237.0
81180	319829	316.0	238.0
81192	319829	318.0	240.0
81204	319829	322.0	240.0
81216	319829	325.0	242.0
81228	319829	330.0	243.0
81240	319829	333.0	245.0
81252	319829	337.0	246.0
81264	319829	342.0	248.0
81276	319829	347.0	250.0
81288	319829	354.0	251.0
81300	319829	359.0	253.0
81312	319829	366.0	256.0
81324	319829	374.0	259.0
81336	319829	383.0	263.0
81348	319829	392.0	267.0
81360	319829	402.0	271.0
81372	319829	414.0	275.0
81384	319829	428.0	282.0
81396	319829	444.0	288.0
81408	319829	464.0	297.0
81420	319829	489.0	307.0
81432	319829	518.0	320.0
81444	319829	558.0	337.0
81456	319829	613.0	359.0
81468	319829	689.0	393.0
81480	319829	811.0	444.0
81492	319829	982.0	535.0
81504	319829	986.0	540.0
81132	319864	326.0	230.0
81144	319864	328.8	230.8
81156	319864	333.0	232.0
81168	319864	334.0	232.0
81180	319864	339.0	233.0
81192	319864	342.0	234.0
81204	319864	346.0	236.0
81216	319864	350.0	236.0
81228	319864	356.0	238.0
81240	319864	360.0	239.0
81252	319864	367.0	241.0
81264	319864	373.0	244.0
81276	319864	382.0	246.0
81288	319864	391.0	249.0
81300	319864	401.0	252.0
81312	319864	414.0	255.0
81324	319864	427.0	260.0
81336	319864	445.0	265.0
81348	319864	465.0	271.0
81360	319864	490.0	279.0
81372	319864	523.0	289.0
81384	319864	567.0	303.0
81396	319864	630.0	322.0
81408	319864	724.0	352.0
81420	319864	884.0	401.0
81204	319896	263.0	222.0
81216	319896	265.0	222.0
81228	319896	265.0	222.0
81240	319896	267.75	222.35
81252	319896	270.75	222.95
81264	319896	273.0	224.0
81276	319896	274.0	224.0
81288	319896	275.0	223.0
81300	319896	276.0	224.0
81312	319896	276.0	224.0
81324	319896	277.0	226.0
81336	319896	280.0	225.0
81348	319896	280.3333333333333	225.16666666666666
81360	319896	281.1034482758621	226.0344827586207
81372	319896	282.3448275862069	226.44827586206895
81384	319896	283.58620689655174	226.86206896551724
81396	319896	284.0	227.0
81408	319896	285.0	228.0
81420	319896	285.27272727272725	228.0
81432	319896	286.0	229.0
81444	319896	286.0	230.0
81456	319896	287.0	230.0
81468	319896	288.0	231.0
81480	319896	290.0	231.0
81492	319896	291.0	232.0
81504	319896	292.0	233.0
81516	319896	294.0	233.0
81528	319896	295.0	235.0
81540	319896	298.0	236.0
81552	319896	299.0	237.0
81564	319896	301.0	238.0
81576	319896	303.0	239.0
81588	319896	306.0	241.0
81600	319896	309.0	243.0
81612	319896	312.0	244.0
81624	319896	316.0	247.0
81636	319896	320.0	249.0
81648	319896	326.0	252.0
81660	319896	332.0	254.0
81672	319896	338.0	258.0
81684	319896	346.0	262.0
81696	319896	357.0	267.0
81708	319896	368.0	272.0
81720	319896	382.0	280.0
81732	319896	400.0	289.0
81744	319896	422.0	300.0
81756	319896	453.0	315.0
81768	319896	495.0	336.0
81780	319896	557.0	366.0
81792	319896	658.0	416.0
81804	319896	853.0	513.0
81816	319896	973.0	540.0
81204	319899	286.5	230.5
81216	319899	288.0	231.0
81228	319899	289.5	232.0
81240	319899	291.0	232.0
81252	319899	292.0	234.0
81264	319899	294.0	234.0
81276	319899	296.0	236.0
81288	319899	298.0	237.0
81300	319899	299.0	237.0
81312	319899	301.0	238.0
81324	319899	303.0	240.0
81336	319899	305.0	242.0
81348	319899	308.0	242.0
81360	319899	311.0	244.0
81372	319899	314.0	246.0
81384	319899	317.0	247.0
81396	319899	320.0	249.0
81408	319899	325.0	252.0
81420	319899	330.0	255.0
81432	319899	335.0	258.0
81444	319899	342.0	262.0
81456	319899	348.0	266.0
81468	319899	358.0	271.0
81480	319899	367.0	277.0
81492	319899	379.0	285.0
81504	319899	395.0	294.0
81516	319899	414.0	307.0
81528	319899	441.0	324.0
81540	319899	477.0	348.0
81552	319899	533.0	384.0
81564	319899	630.0	449.0
81576	319899	811.0	542.0
81240	319915	316.0	238.0
81252	319915	318.5	239.0
81264	319915	323.0	241.0
81276	319915	325.0	243.0
81288	319915	329.0	244.0
81300	319915	334.0	245.0
81312	319915	341.0	247.0
81324	319915	347.0	249.0
81336	319915	352.0	251.0
81348	319915	361.0	254.0
81360	319915	367.0	256.0
81372	319915	378.0	260.0
81384	319915	388.0	264.0
81396	319915	403.0	268.0
81408	319915	417.0	273.0
81420	319915	438.0	279.0
81432	319915	465.0	285.0
81444	319915	496.0	293.0
81456	319915	537.0	304.0
81468	319915	594.0	319.0
81480	319915	672.0	339.0
81492	319915	794.0	369.0
81504	319915	973.0	419.0
81276	319932	311.57142857142856	231.0
81288	319932	316.0	232.0
81300	319932	319.0	232.0
81312	319932	325.0	233.0
81324	319932	329.0	234.0
81336	319932	335.0	235.0
81348	319932	338.0	236.0
81360	319932	344.0	237.0
81372	319932	349.0	238.0
81384	319932	356.0	240.0
81396	319932	363.0	241.0
81408	319932	369.0	243.0
81420	319932	375.0	245.0
81432	319932	383.0	246.0
81444	319932	390.0	249.0
81456	319932	397.0	250.0
81468	319932	407.0	254.0
81480	319932	417.0	256.0
81492	319932	429.0	259.0
81504	319932	443.0	264.0
81516	319932	459.0	268.0
81528	319932	478.0	274.0
81540	319932	501.0	281.0
81552	319932	529.0	290.0
81564	319932	565.0	300.0
81576	319932	612.0	315.0
81588	319932	680.0	336.0
81600	319932	773.0	365.0
81612	319932	926.0	411.0
81624	319932	998.0	459.0
81420	319988	358.0	232.0
81432	319988	363.0	235.0
81444	319988	368.0	235.0
81456	319988	375.0	237.0
81468	319988	382.0	238.0
81480	319988	388.0	241.0
81492	319988	397.0	243.0
81504	319988	406.0	245.0
81516	319988	416.0	248.0
81528	319988	428.0	250.0
81540	319988	442.0	254.0
81552	319988	458.0	257.0
81564	319988	478.0	262.0
81576	319988	498.0	267.0
81588	319988	528.0	274.0
81600	319988	563.0	283.0
81612	319988	609.0	293.0
81624	319988	671.0	308.0
81636	319988	759.0	329.0
81648	319988	894.0	362.0
81432	319990	321.0	223.0
81444	319990	323.0	224.0
81456	319990	324.0	225.0
81468	319990	325.0	225.0
81480	319990	327.0	226.0
81492	319990	328.0	226.0
81504	319990	332.0	227.0
81516	319990	334.0	227.0
81528	319990	337.6923076923077	227.92307692307693
81540	319990	340.0	229.0
81552	319990	345.0	230.0
81564	319990	348.0	231.0
81576	319990	351.0	232.0
81588	319990	355.0	232.0
81600	319990	361.0	234.0
81612	319990	364.0	234.0
81624	319990	371.0	236.0
81636	319990	375.0	237.0
81648	319990	383.0	239.0
81660	319990	391.0	241.0
81672	319990	399.0	243.0
81684	319990	408.0	245.0
81696	319990	419.0	248.0
81708	319990	432.0	250.0
81720	319990	447.0	255.0
81732	319990	465.0	258.0
81744	319990	485.0	264.0
81756	319990	512.0	270.0
81768	319990	544.0	278.0
81780	319990	587.0	288.0
81792	319990	644.0	302.0
81804	319990	727.0	322.0
81816	319990	852.0	353.0
81828	319990	996.0	405.0
81456	320002	358.0	228.0
81468	320002	361.0	229.0
81480	320002	366.0	230.0
81492	320002	372.0	231.0
81504	320002	377.0	233.0
81516	320002	382.0	234.0
81528	320002	389.0	236.0
81540	320002	397.0	237.0
81552	320002	405.0	238.0
81564	320002	415.0	240.0
81576	320002	425.0	243.0
81588	320002	438.0	246.0
81600	320002	452.0	249.0
81612	320002	469.0	252.0
81624	320002	488.0	255.0
81636	320002	512.0	259.0
81648	320002	543.0	267.0
81660	320002	581.0	274.0
81672	320002	631.0	284.0
81684	320002	698.0	297.0
81696	320002	795.0	318.0
81708	320002	948.0	349.0
81480	320011	344.0	227.0
81492	320011	347.0	226.0
81504	320011	350.0	227.0
81516	320011	353.0	228.0
81528	320011	358.0	229.0
81540	320011	361.0	229.0
81552	320011	366.0	231.0
81564	320011	371.0	232.0
81576	320011	375.0	232.0
81588	320011	381.0	234.0
81600	320011	387.0	236.0
81612	320011	394.0	237.0
81624	320011	400.0	238.0
81636	320011	408.0	240.0
81648	320011	417.0	242.0
81660	320011	429.0	244.0
81672	320011	440.0	247.0
81684	320011	454.0	250.0
81696	320011	469.0	254.0
81708	320011	489.0	257.0
81720	320011	512.0	261.0
81732	320011	538.0	267.0
81744	320011	574.0	274.0
81756	320011	617.0	283.0
81768	320011	677.0	296.0
81780	320011	759.0	312.0
81792	320011	878.0	337.0
81804	320011	992.0	371.0
81624	320062	351.0	228.0
81636	320062	353.0	229.0
81648	320062	356.0	229.0
81660	320062	360.0	230.0
81672	320062	364.0	231.0
81684	320062	370.0	232.0
81696	320062	372.0	233.0
81708	320062	376.0	234.0
81720	320062	384.0	236.0
81732	320062	389.0	236.0
81744	320062	396.0	239.0
81756	320062	402.0	240.0
81768	320062	409.0	242.0
81780	320062	418.0	245.0
81792	320062	428.0	247.0
81804	320062	439.0	250.0
81816	320062	451.0	253.0
81828	320062	466.0	257.0
81840	320062	485.0	262.0
81852	320062	507.0	268.0
81864	320062	537.0	275.0
81876	320062	575.0	284.0
81888	320062	625.0	296.0
81900	320062	696.0	314.0
81912	320062	802.0	339.0
81924	320062	967.0	382.0
81696	320085	316.0	233.0
81708	320085	321.0	235.0
81720	320085	321.0	236.0
81732	320085	324.0	237.0
81744	320085	328.0	239.0
81756	320085	331.0	240.0
81768	320085	333.0	241.0
81780	320085	338.0	243.0
81792	320085	341.0	244.0
81804	320085	346.0	246.0
81816	320085	351.0	248.0
81828	320085	356.0	250.0
81840	320085	363.0	254.0
81852	320085	370.0	256.0
81864	320085	377.0	259.0
81876	320085	387.0	263.0
81888	320085	397.0	267.0
81900	320085	409.0	272.0
81912	320085	423.0	278.0
81924	320085	441.0	286.0
81936	320085	463.0	295.0
81948	320085	490.0	306.0
81960	320085	525.0	322.0
81972	320085	575.0	344.0
81984	320085	648.0	376.0
81996	320085	766.0	429.0
82008	320085	971.0	529.0
81732	320101	347.0	231.0
81744	320101	350.0	232.0
81756	320101	356.0	233.66666666666666
81768	320101	360.0	234.0
81780	320101	364.0	236.0
81792	320101	369.0	237.0
81804	320101	376.0	239.0
81816	320101	382.0	240.0
81828	320101	389.0	242.0
81840	320101	398.0	246.0
81852	320101	405.0	247.0
81864	320101	417.0	250.0
81876	320101	429.0	252.0
81888	320101	443.0	256.0
81900	320101	459.0	260.0
81912	320101	478.0	264.0
81924	320101	502.0	270.0
81936	320101	530.0	277.0
81948	320101	567.0	285.0
81960	320101	614.0	297.0
81972	320101	681.0	313.0
81984	320101	778.0	338.0
81996	320101	931.0	375.0
81792	320112	323.0	238.0
81804	320112	327.0	239.0
81816	320112	331.0	241.0
81828	320112	333.0	241.0
81840	320112	337.0	243.0
81852	320112	340.0	245.0
81864	320112	345.0	246.0
81876	320112	350.0	249.0
81888	320112	356.0	250.0
81900	320112	362.0	253.0
81912	320112	369.0	255.0
81924	320112	376.0	258.0
81936	320112	386.0	262.0
81948	320112	394.0	265.0
81960	320112	406.0	270.0
81972	320112	420.0	276.0
81984	320112	437.0	283.0
81996	320112	458.0	291.0
82008	320112	483.0	301.0
82020	320112	518.0	316.0
82032	320112	563.0	335.0
82044	320112	630.0	363.0
82056	320112	736.0	408.0
82068	320112	925.0	490.0
82080	320112	1000.0	541.0
81804	320119	298.5	227.0
81816	320119	299.5	227.0
81828	320119	301.0	228.0
81840	320119	301.0	230.0
81852	320119	303.0	230.0
81864	320119	305.0	231.0
81876	320119	306.77777777777777	231.38888888888889
81888	320119	308.25	232.125
81900	320119	312.0	234.0
81912	320119	313.0	234.0
81924	320119	314.0	236.0
81936	320119	317.0	236.0
81948	320119	320.0	238.0
81960	320119	323.0	239.0
81972	320119	326.0	241.0
81984	320119	331.0	242.0
81996	320119	335.0	243.0
82008	320119	340.0	245.0
82020	320119	347.0	247.0
82032	320119	353.0	249.0
82044	320119	361.0	252.0
82056	320119	370.0	255.0
82068	320119	382.0	259.0
82080	320119	396.0	264.0
82092	320119	412.0	269.0
82104	320119	432.0	275.0
82116	320119	456.0	283.0
82128	320119	488.0	294.0
82140	320119	532.0	309.0
82152	320119	590.0	328.0
82164	320119	678.0	358.0
82176	320119	825.0	406.0
82188	320119	1007.0	498.0
81840	320132	321.6666666666667	238.33333333333334
81852	320132	324.2	238.8
81864	320132	329.0	241.0
81876	320132	330.0	243.0
81888	320132	334.0	243.0
81900	320132	337.0	245.0
81912	320132	340.0	246.0
81924	320132	343.0	247.0
81936	320132	347.0	249.0
81948	320132	352.0	250.0
81960	320132	356.0	251.0
81972	320132	363.0	255.0
81984	320132	368.0	257.0
81996	320132	376.0	260.0
82008	320132	386.0	264.0
82020	320132	394.0	268.0
82032	320132	405.0	272.0
82044	320132	419.0	278.0
82056	320132	434.0	284.0
82068	320132	454.0	292.0
82080	320132	478.0	303.0
82092	320132	509.0	316.0
82104	320132	550.0	335.0
82116	320132	607.0	360.0
82128	320132	693.0	399.0
82140	320132	836.0	462.0
82152	320132	982.0	542.0
81840	320135	346.0	230.0
81852	320135	349.0	231.0
81864	320135	353.0	232.0
81876	320135	357.0	233.0
81888	320135	362.0	234.0
81900	320135	367.0	235.0
81912	320135	372.0	237.0
81924	320135	377.0	237.0
81936	320135	383.0	238.0
81948	320135	391.0	241.0
81960	320135	399.0	244.0
81972	320135	406.0	244.0
81984	320135	417.0	247.0
81996	320135	428.0	249.0
82008	320135	441.0	252.0
82020	320135	457.0	256.0
82032	320135	476.0	261.0
82044	320135	499.0	265.0
82056	320135	526.0	272.0
82068	320135	561.0	280.0
82080	320135	607.0	291.0
82092	320135	669.0	305.0
82104	320135	756.0	326.0
82116	320135	889.0	357.0
81972	320170	314.0	226.0
81984	320170	315.375	227.0
81996	320170	317.625	227.0
82008	320170	321.0	228.0
82020	320170	322.0	228.0
82032	320170	324.0	229.0
82044	320170	328.0	230.0
82056	320170	330.0	231.0
82068	320170	334.0	232.0
82080	320170	338.0	233.0
82092	320170	341.0	234.0
82104	320170	345.0	234.0
82116	320170	350.0	235.0
82128	320170	355.0	237.0
82140	320170	361.0	239.0
82152	320170	367.0	240.0
82164	320170	374.0	242.0
82176	320170	383.0	245.0
82188	320170	391.0	248.0
82200	320170	403.0	250.0
82212	320170	416.0	254.0
82224	320170	431.0	259.0
82236	320170	449.0	264.0
82248	320170	473.0	271.0
82260	320170	502.0	280.0
82272	320170	540.0	291.0
82284	320170	593.0	307.0
82296	320170	671.0	330.0
82308	320170	797.0	367.0
82320	320170	988.0	438.0
81972	320171	296.0	227.0
81984	320171	297.0	227.0
81996	320171	299.0	226.0
82008	320171	301.0	227.0
82020	320171	302.0	228.0
82032	320171	304.0	228.0
82044	320171	306.0	229.0
82056	320171	308.0	230.0
82068	320171	310.0	231.0
82080	320171	312.0	232.0
82092	320171	315.0	233.0
82104	320171	317.0	234.0
82116	320171	320.0	235.0
82128	320171	323.0	237.0
82140	320171	326.0	238.0
82152	320171	331.0	239.0
82164	320171	336.0	242.0
82176	320171	341.0	243.0
82188	320171	347.0	246.0
82200	320171	353.0	249.0
82212	320171	362.0	252.0
82224	320171	372.0	255.0
82236	320171	384.0	259.0
82248	320171	397.0	265.0
82260	320171	414.0	272.0
82272	320171	435.0	280.0
82284	320171	462.0	291.0
82296	320171	498.0	306.0
82308	320171	549.0	327.0
82320	320171	628.0	359.0
82332	320171	770.0	419.0
82344	320171	996.0	537.0
82008	320182	356.0	232.0
82020	320182	359.0	233.2
82032	320182	364.0	235.0
82044	320182	370.0	235.0
82056	320182	378.0	237.0
82068	320182	383.0	237.0
82080	320182	389.0	240.0
82092	320182	399.0	243.0
82104	320182	408.0	245.0
82116	320182	418.0	248.0
82128	320182	430.0	251.0
82140	320182	446.0	255.0
82152	320182	464.0	259.0
82164	320182	485.0	264.0
82176	320182	512.0	271.0
82188	320182	545.0	279.0
82200	320182	590.0	290.0
82212	320182	652.0	305.0
82224	320182	741.0	327.0
82236	320182	881.0	361.0
82020	320187	374.0	232.0
82032	320187	381.0	234.0
82044	320187	386.0	234.0
82056	320187	392.0	236.0
82068	320187	398.0	237.0
82080	320187	406.0	238.0
82092	320187	415.0	240.0
82104	320187	425.0	241.0
82116	320187	436.0	244.0
82128	320187	448.0	247.0
82140	320187	461.0	249.0
82152	320187	478.0	252.0
82164	320187	499.0	257.0
82176	320187	522.0	262.0
82188	320187	553.0	268.0
82200	320187	582.0	268.0
82212	320187	633.0	277.0
82224	320187	696.0	291.0
82236	320187	786.0	312.0
82248	320187	916.0	340.0
82164	320256	323.0	230.0
82176	320256	325.0	230.0
82188	320256	329.0	232.0
82200	320256	331.0	232.0
82212	320256	335.0	234.0
82224	320256	338.0	235.0
82236	320256	342.0	236.0
82248	320256	347.0	237.0
82260	320256	351.0	238.0
82272	320256	357.0	240.0
82284	320256	364.0	242.0
82296	320256	370.0	244.0
82308	320256	379.0	247.0
82320	320256	388.0	250.0
82332	320256	399.0	253.0
82344	320256	411.0	257.0
82356	320256	427.0	263.0
82368	320256	447.0	269.0
82380	320256	472.0	277.0
82392	320256	504.0	287.0
82404	320256	547.0	301.0
82416	320256	609.0	321.0
82428	320256	705.0	352.0
82440	320256	876.0	407.0
82284	320298	304.0	229.0
82296	320298	305.0	227.5
82308	320298	307.0	230.0
82320	320298	309.0	229.0
82332	320298	310.0	231.0
82344	320298	312.77777777777777	231.88888888888889
82356	320298	315.75	232.75
82368	320298	318.14285714285717	234.0
82380	320298	322.0	236.0
82392	320298	325.0	236.0
82404	320298	329.0	238.0
82416	320298	333.5	239.5
82428	320298	338.0	242.0
82440	320298	345.0	244.0
82452	320298	349.0	247.0
82464	320298	359.0	250.0
82476	320298	368.0	253.0
82488	320298	378.0	257.0
82500	320298	389.0	262.0
82512	320298	403.0	268.0
82524	320298	421.0	275.0
82536	320298	443.0	284.0
