132	76	407.0	229.0
144	76	406.0	230.0
156	76	408.25	231.125
168	76	410.0	232.625
180	76	410.0	235.0
192	76	412.0	235.0
204	76	416.0	237.0
216	76	421.0	239.0
228	76	422.0	239.0
240	76	417.0	238.0
252	76	403.0	237.0
264	76	387.0	237.0
276	76	372.0	237.0
288	76	362.0	236.0
300	76	356.0	238.0
312	76	355.0	238.0
324	76	362.0	239.0
336	76	373.0	240.0
348	76	385.0	242.0
360	76	401.0	243.0
372	76	416.0	245.0
384	76	433.0	248.0
396	76	449.0	250.0
408	76	466.0	252.0
420	76	483.0	256.0
432	76	498.0	259.0
444	76	518.0	264.0
456	76	538.0	270.0
468	76	565.0	278.0
480	76	600.0	288.0
492	76	650.0	304.0
504	76	728.0	329.0
516	76	871.0	377.0
528	76	1024.0	489.0
240	112	476.0	238.0
252	112	465.0	237.0
264	112	453.0	236.0
276	112	441.0	237.0
288	112	436.0	237.0
300	112	433.0	238.0
312	112	436.0	239.0
324	112	447.0	239.0
336	112	462.0	240.0
348	112	481.0	243.0
360	112	504.0	244.0
372	112	525.0	246.0
384	112	550.0	248.0
396	112	577.0	251.0
408	112	605.0	253.0
420	112	636.0	256.0
432	112	673.0	260.0
444	112	715.0	266.0
456	112	767.0	273.0
468	112	834.0	281.0
480	112	930.0	294.0
432	171	446.875	232.0
444	171	455.0	233.0
456	171	462.0	234.0
468	171	467.0	234.0
480	171	473.0	234.33333333333334
492	171	479.0	235.0
504	171	487.0	235.5
516	171	494.0	236.0
528	171	502.0	236.0
540	171	510.0	238.0
552	171	519.0	238.0
564	171	526.0	239.0
576	171	534.0	241.0
588	171	539.0	242.0
600	171	544.0	244.0
612	171	549.0	245.0
624	171	555.0	247.0
636	171	561.0	248.0
648	171	567.0	250.0
660	171	577.0	253.0
672	171	588.0	255.0
684	171	605.0	259.0
696	171	627.0	263.0
708	171	655.0	269.0
720	171	697.0	277.0
732	171	757.0	288.0
744	171	849.0	305.0
756	171	975.0	333.0
528	196	457.0	234.0
540	196	461.75	234.75
552	196	467.0	235.0
564	196	472.0	236.0
576	196	473.5	236.5
588	196	477.0	237.0
600	196	477.0	238.0
612	196	476.0	238.0
624	196	477.0	239.0
636	196	474.0	240.0
648	196	472.0	241.0
660	196	470.0	241.0
672	196	469.0	243.0
684	196	469.0	244.0
696	196	468.0	244.0
708	196	470.0	246.0
720	196	474.0	248.0
732	196	479.0	249.0
744	196	485.0	251.0
756	196	491.0	253.0
768	196	500.0	256.0
780	196	512.0	260.0
792	196	527.0	265.0
804	196	545.0	271.0
816	196	568.0	279.0
828	196	601.0	290.0
840	196	652.0	307.0
852	196	735.0	336.0
864	196	891.0	389.0
876	196	1028.0	502.0
552	203	483.0	234.0
564	203	488.0	235.0
576	203	491.0	236.0
588	203	493.3333333333333	236.0
600	203	496.0	237.0
612	203	496.0	238.0
624	203	496.0	238.0
636	203	496.0	239.0
648	203	495.0	240.0
660	203	493.0	241.0
672	203	493.0	243.0
684	203	496.0	244.0
696	203	498.0	245.0
708	203	502.0	246.0
720	203	506.0	248.0
732	203	516.0	249.0
744	203	527.0	252.0
756	203	539.0	254.0
768	203	555.0	258.0
780	203	575.0	263.0
792	203	603.0	269.0
804	203	638.0	278.0
816	203	691.0	290.0
828	203	772.0	309.0
840	203	912.0	343.0
840	259	452.0	234.0
852	259	452.0	235.0
864	259	454.0	235.0
876	259	458.0	235.0
888	259	460.0	236.0
900	259	463.0	237.0
912	259	467.0	238.0
924	259	470.0	240.0
936	259	475.0	241.0
948	259	478.0	241.0
960	259	484.0	243.0
972	259	490.0	244.0
984	259	498.0	246.0
996	259	507.0	249.0
1008	259	517.0	251.0
1020	259	529.0	253.0
1032	259	542.0	256.0
1044	259	559.0	261.0
1056	259	581.0	265.0
1068	259	610.0	272.0
1080	259	647.0	282.0
1092	259	703.0	295.0
1104	259	792.0	316.0
1116	259	920.5	354.5
948	295	446.0	234.0
960	295	449.0	234.0
972	295	452.7	234.7
984	295	455.0	236.0
996	295	457.0	235.0
1008	295	461.0	236.0
1020	295	462.0	237.0
1032	295	465.0	237.0
1044	295	468.0	237.0
1056	295	471.0	238.0
1068	295	475.0	239.0
1080	295	479.0	240.0
1092	295	484.0	241.0
1104	295	490.0	242.0
1116	295	497.0	244.0
1128	295	504.0	246.0
1140	295	512.0	247.0
1152	295	524.0	251.0
1164	295	537.0	253.0
1176	295	552.0	256.0
1188	295	572.0	261.0
1200	295	598.0	268.0
1212	295	630.0	275.0
1224	295	678.0	287.0
1236	295	747.0	303.0
1248	295	859.0	332.0
1260	295	996.0	384.0
1032	315	442.5	231.0
1044	315	443.45	231.0
1056	315	445.25	231.0
1068	315	447.0	231.0
1080	315	449.0	230.0
1092	315	450.0	231.0
1104	315	452.0	232.0
1116	315	454.0	233.0
1128	315	456.0	234.0
1140	315	459.0	235.0
1152	315	461.0	235.0
1164	315	464.0	235.0
1176	315	468.0	236.0
1188	315	471.0	237.0
1200	315	476.0	238.0
1212	315	481.0	239.0
1224	315	486.0	241.0
1236	315	492.0	242.0
1248	315	499.0	244.0
1260	315	507.0	246.0
1272	315	515.0	248.0
1284	315	525.0	250.0
1296	315	538.0	254.0
1308	315	554.0	257.0
1320	315	573.0	262.0
1332	315	597.0	268.0
1344	315	630.0	276.0
1356	315	675.0	286.0
1368	315	738.0	302.0
1380	315	837.0	327.0
1392	315	971.0	367.0
1404	315	990.0	382.0
1416	315	998.0	403.0
1428	315	1004.0	393.0
1176	360	440.3125	229.0
1188	360	442.0	230.0
1200	360	442.0	230.0
1212	360	443.5	230.5
1224	360	444.42857142857144	231.21428571428572
1236	360	447.0	232.0
1248	360	450.0	232.0
1260	360	451.5	233.0
1272	360	453.0	234.0
1284	360	456.0	234.0
1296	360	460.0	236.0
1308	360	462.0	236.0
1320	360	466.0	236.0
1332	360	470.0	237.0
1344	360	475.0	238.0
1356	360	481.0	240.0
1368	360	486.0	241.0
1380	360	492.0	243.0
1392	360	501.0	245.0
1404	360	509.0	247.0
1416	360	520.0	249.0
1428	360	532.0	253.0
1440	360	547.0	256.0
1452	360	565.0	260.0
1464	360	589.0	266.0
1476	360	620.0	274.0
1488	360	664.0	284.0
1500	360	726.0	299.0
1512	360	823.0	323.0
1524	360	972.0	365.0
1320	387	441.0	230.0
1332	387	443.0	230.0
1344	387	445.0	230.0
1356	387	446.0	230.0
1368	387	447.0	231.0
1380	387	447.0	231.0
1392	387	449.6666666666667	231.33333333333334
1404	387	452.5238095238095	231.9047619047619
1416	387	455.0	233.0
1428	387	456.0	233.0
1440	387	459.0	234.0
1452	387	461.0	235.0
1464	387	465.0	235.0
1476	387	468.0	236.0
1488	387	472.0	237.0
1500	387	477.0	238.0
1512	387	482.0	240.0
1524	387	488.0	241.0
1536	387	495.0	242.0
1548	387	502.0	245.0
1560	387	510.0	246.0
1572	387	521.0	249.0
1584	387	533.0	252.0
1596	387	549.0	256.0
1608	387	568.0	260.0
1620	387	593.0	266.0
1632	387	624.0	273.0
1644	387	669.0	284.0
1656	387	736.0	300.0
1668	387	843.0	326.0
1680	387	988.0	373.0
1620	449	532.0	237.0
1632	449	532.0	237.0
1644	449	532.0	237.0
1656	449	532.0	237.0
1668	449	532.0	237.0
1680	449	536.0	237.0
1692	449	544.0	238.0
1704	449	552.0	240.0
1716	449	562.0	242.0
1728	449	572.0	243.0
1740	449	584.0	245.0
1752	449	599.0	246.0
1764	449	614.0	249.0
1776	449	635.0	251.0
1788	449	655.0	254.0
1800	449	682.0	258.0
1812	449	714.0	262.0
1824	449	756.0	268.0
1836	449	809.0	275.0
1848	449	879.0	286.0
1860	449	966.0	299.0
1704	477	493.0	234.0
1716	477	497.2857142857143	234.47619047619048
1728	477	502.0	235.0
1740	477	506.0	235.0
1752	477	513.0	236.0
1764	477	519.0	236.0
1776	477	526.0	238.0
1788	477	535.0	240.0
1800	477	545.0	241.0
1812	477	553.0	242.0
1824	477	564.0	244.0
1836	477	578.0	246.0
1848	477	594.0	249.0
1860	477	614.0	252.0
1872	477	636.0	255.0
1884	477	665.0	259.0
1896	477	700.0	265.0
1908	477	746.0	272.0
1920	477	806.0	281.0
1932	477	893.0	295.0
1944	477	980.0	313.0
1776	497	454.0	234.0
1788	497	457.0	235.0
1800	497	460.0	234.0
1812	497	462.0	236.0
1824	497	465.0	236.0
1836	497	469.0	237.0
1848	497	474.0	238.0
1860	497	478.0	238.0
1872	497	481.0	240.0
1884	497	487.0	241.0
1896	497	493.0	243.0
1908	497	499.0	245.0
1920	497	506.0	246.0
1932	497	515.0	249.0
1944	497	526.0	252.0
1956	497	539.0	255.0
1968	497	554.0	259.0
1980	497	571.0	263.0
1992	497	593.0	270.0
2004	497	622.0	277.0
2016	497	661.0	288.0
2028	497	717.0	302.0
2040	497	802.0	324.0
2052	497	944.0	362.0
1848	515	443.0	231.0
1860	515	444.0	231.0
1872	515	444.0	232.0
1884	515	448.0	233.0
1896	515	448.0	233.0
1908	515	452.0	232.5
1920	515	454.0	234.0
1932	515	457.0	235.0
1944	515	460.0	235.0
1956	515	463.0	237.0
1968	515	467.0	238.0
1980	515	473.0	239.0
1992	515	478.0	240.0
2004	515	485.0	241.0
2016	515	491.0	243.0
2028	515	500.0	244.0
2040	515	509.0	247.0
2052	515	519.0	249.0
2064	515	530.0	252.0
2076	515	548.0	256.0
2088	515	563.0	260.0
2100	515	589.0	266.0
2112	515	620.0	272.0
2124	515	658.0	282.0
2136	515	715.0	296.0
2148	515	806.0	317.0
2160	515	929.0	352.0
2172	515	990.0	385.0
2184	515	985.0	386.0
1884	521	469.0	235.0
1896	521	472.0	235.0
1908	521	474.0	236.0
1920	521	478.0	238.0
1932	521	481.0	239.0
1944	521	486.0	240.0
1956	521	491.0	241.0
1968	521	496.0	243.0
1980	521	503.0	245.0
1992	521	511.0	248.0
2004	521	521.0	250.0
2016	521	534.0	252.0
2028	521	548.0	256.0
2040	521	568.0	261.0
2052	521	590.0	266.0
2064	521	621.0	275.0
2076	521	664.0	286.0
2088	521	725.0	301.0
2100	521	821.0	325.0
2112	521	970.0	366.0
2016	555	458.85714285714283	235.21428571428572
2028	555	463.0	236.0
2040	555	467.0	236.0
2052	555	472.0	237.0
2064	555	476.0	238.0
2076	555	481.0	239.0
2088	555	486.0	240.0
2100	555	492.0	242.0
2112	555	499.0	243.0
2124	555	507.0	246.0
2136	555	517.0	248.0
2148	555	529.0	250.0
2160	555	542.0	253.0
2172	555	558.0	257.0
2184	555	579.0	262.0
2196	555	604.0	268.0
2208	555	638.0	276.0
2220	555	684.0	287.0
2232	555	753.0	304.0
2244	555	861.0	330.0
2256	555	993.0	380.0
2148	602	459.0	234.0
2160	602	460.0	234.0
2172	602	465.0	236.0
2184	602	468.0	236.0
2196	602	472.0	237.0
2208	602	475.0	238.0
2220	602	481.0	238.0
2232	602	486.0	241.0
2244	602	492.0	242.0
2256	602	498.0	244.0
2268	602	508.0	246.0
2280	602	516.0	248.0
2292	602	529.0	251.0
2304	602	542.0	254.0
2316	602	560.0	258.0
2328	602	583.0	264.0
2340	602	611.0	270.0
2352	602	650.0	280.0
2364	602	706.0	293.0
2376	602	794.0	315.0
2388	602	944.0	351.0
2388	629	452.0	229.0
2400	629	453.0	229.0
2412	629	455.0	229.57142857142858
2424	629	456.6666666666667	230.33333333333334
2436	629	459.1666666666667	230.83333333333334
2448	629	462.0	231.0
2460	629	463.92857142857144	231.0
2472	629	466.8421052631579	231.73684210526315
2484	629	470.0	233.0
2496	629	475.0	234.0
2508	629	479.0	235.0
2520	629	484.0	235.0
2532	629	490.0	236.0
2544	629	495.0	238.0
2556	629	503.0	239.0
2568	629	511.0	240.0
2580	629	520.0	243.0
2592	629	532.0	244.0
2604	629	543.0	247.0
2616	629	558.0	249.0
2628	629	576.0	252.0
2640	629	597.0	257.0
2652	629	624.0	262.0
2664	629	659.0	268.0
2676	629	706.0	277.0
2688	629	772.0	290.0
2700	629	872.0	310.0
2712	629	989.0	345.0
2412	637	497.0	235.0
2424	637	502.0	235.0
2436	637	508.0	235.0
2448	637	512.0	236.0
2460	637	519.0	237.0
2472	637	526.0	238.0
2484	637	534.0	239.0
2496	637	543.0	241.0
2508	637	553.0	243.0
2520	637	563.0	244.0
2532	637	578.0	247.0
2544	637	592.0	248.0
2556	637	611.0	252.0
2568	637	633.0	255.0
2580	637	661.0	259.0
2592	637	696.0	265.0
2604	637	740.0	272.0
2616	637	799.0	280.0
2628	637	884.0	295.0
2640	637	975.0	312.0
2460	645	495.0	234.0
2472	645	500.0	234.0
2484	645	505.0	235.0
2496	645	511.0	236.0
2508	645	517.0	237.0
2520	645	523.0	238.0
2532	645	531.0	238.0
2544	645	540.5	240.5
2556	645	550.0	241.0
2568	645	561.0	243.0
2580	645	574.0	245.0
2592	645	588.0	247.0
2604	645	605.0	250.0
2616	645	625.0	253.0
2628	645	650.0	256.0
2640	645	681.0	262.0
2652	645	720.0	268.0
2664	645	774.0	276.0
2676	645	842.0	287.0
2688	645	944.0	302.0
2532	682	470.0	232.0
2544	682	473.4	232.0
2556	682	477.0	232.0
2568	682	481.0	234.0
2580	682	485.0	235.0
2592	682	489.0	236.0
2604	682	494.0	236.0
2616	682	500.0	237.0
2628	682	507.0	239.0
2640	682	515.0	240.0
2652	682	524.0	242.0
2664	682	534.0	243.0
2676	682	546.0	246.0
2688	682	560.0	248.0
2700	682	577.0	251.0
2712	682	598.0	255.0
2724	682	625.0	260.0
2736	682	658.0	266.0
2748	682	705.0	274.0
2760	682	772.0	287.0
2772	682	873.0	305.0
2784	682	987.0	336.0
2724	732	490.11290322580646	231.2258064516129
2736	732	490.30645161290323	231.61290322580646
2748	732	490.5	232.0
2760	732	490.69354838709677	232.38709677419354
2772	732	490.88709677419354	232.7741935483871
2784	732	493.3333333333333	233.0
2796	732	496.0	234.0
2808	732	503.0	235.0
2820	732	508.0	236.0
2832	732	516.0	237.0
2844	732	525.0	238.0
2856	732	532.0	240.0
2868	732	545.0	241.0
2880	732	556.0	243.0
2892	732	569.0	245.0
2904	732	584.0	247.0
2916	732	604.0	250.0
2928	732	629.0	254.0
2940	732	660.0	259.0
2952	732	700.0	265.0
2964	732	753.0	274.0
2976	732	829.0	286.0
2988	732	940.0	304.0
2736	738	440.0	229.0
2748	738	441.0	230.0
2760	738	442.0	230.0
2772	738	444.0	230.0
2784	738	446.0	231.0
2796	738	449.42857142857144	231.0
2808	738	452.0	232.0
2820	738	457.0	233.0
2832	738	460.0	233.0
2844	738	462.0	234.0
2856	738	468.0	236.0
2868	738	472.0	236.0
2880	738	479.0	237.0
2892	738	486.0	239.0
2904	738	495.0	240.0
2916	738	503.0	242.0
2928	738	515.0	244.0
2940	738	528.0	246.0
2952	738	543.0	249.0
2964	738	562.0	253.0
2976	738	586.0	257.0
2988	738	615.0	262.0
3000	738	654.0	270.0
3012	738	710.0	280.0
3024	738	792.0	297.0
3036	738	923.0	322.0
2748	742	500.0	233.0
2760	742	503.0	233.0
2772	742	508.0	233.0
2784	742	512.0	234.0
2796	742	518.0	235.0
2808	742	524.0	236.0
2820	742	532.0	237.0
2832	742	539.0	237.0
2844	742	547.3333333333334	239.0
2856	742	557.0	240.0
2868	742	568.0	242.0
2880	742	581.0	244.0
2892	742	594.0	246.0
2904	742	610.0	248.0
2916	742	631.0	250.0
2928	742	656.0	254.0
2940	742	685.0	258.0
2952	742	722.0	263.0
2964	742	770.0	270.0
2976	742	832.7142857142857	278.57142857142856
2988	742	899.5714285714286	284.85714285714283
2772	745	463.95652173913044	228.0
2784	745	465.0	228.0
2796	745	467.6666666666667	228.66666666666666
2808	745	470.5	229.0
2820	745	473.5	229.0
2832	745	476.9032258064516	229.32258064516128
2844	745	480.38709677419354	229.70967741935485
2856	745	484.0	231.0
2868	745	487.5	231.0
2880	745	491.0	231.0
2892	745	491.77777777777777	230.22222222222223
2904	745	495.0	229.0
2916	745	500.0	229.0
2928	745	506.0	233.0
2940	745	512.0	235.0
2952	745	517.0	236.0
2964	745	525.0	237.0
2976	745	533.0	238.0
2988	745	541.0	240.0
3000	745	550.0	241.0
3012	745	560.0	243.0
3024	745	572.0	244.0
3036	745	587.0	246.0
3048	745	603.0	249.0
3060	745	624.0	252.0
3072	745	646.0	256.0
3084	745	678.0	261.0
3096	745	714.0	266.0
3108	745	763.0	275.0
3120	745	830.0	285.0
3132	745	922.0	299.0
3144	745	969.0	306.0
3156	745	965.0	288.0
3168	745	994.0	303.0
2928	771	476.0	233.0
2940	771	479.0	234.0
2952	771	482.0	234.0
2964	771	487.6666666666667	235.33333333333334
2976	771	491.0	235.0
2988	771	496.0	237.0
3000	771	502.0	238.0
3012	771	507.0	239.0
3024	771	515.0	241.0
3036	771	523.0	242.0
3048	771	534.0	244.0
3060	771	545.0	246.0
3072	771	556.0	247.0
3084	771	572.0	248.0
3096	771	594.0	256.0
3108	771	619.0	261.0
3120	771	649.0	266.0
3132	771	692.0	274.0
3144	771	752.0	285.0
3156	771	838.0	301.0
3168	771	968.0	327.0
3072	787	443.0	234.0
3084	787	443.0	235.0
3096	787	446.0	235.0
3108	787	448.0	237.0
3120	787	451.0	237.0
3132	787	454.0	238.0
3144	787	458.0	240.0
3156	787	462.0	241.0
3168	787	466.0	243.0
3180	787	471.0	244.0
3192	787	477.0	246.0
3204	787	484.0	249.0
3216	787	492.0	252.0
3228	787	502.0	255.0
3240	787	513.0	259.0
3252	787	529.0	265.0
3264	787	548.0	272.0
3276	787	574.0	281.0
3288	787	613.0	294.0
3300	787	671.0	315.0
3312	787	770.0	350.0
3324	787	964.0	424.0
3120	796	415.0	228.0
3132	796	416.0	229.0
3144	796	417.0	230.0
3156	796	419.0	230.0
3168	796	420.0	229.0
3180	796	422.0	230.0
3192	796	424.0	231.0
3204	796	425.0	231.0
3216	796	428.0	232.0
3228	796	430.0	233.0
3240	796	433.0	233.0
3252	796	435.0	234.0
3264	796	437.0	235.0
3276	796	440.0	236.0
3288	796	444.0	237.0
3300	796	447.0	238.0
3312	796	451.0	240.0
3324	796	456.0	242.0
3336	796	462.0	243.0
3348	796	469.0	246.0
3360	796	477.0	249.0
3372	796	487.0	252.0
3384	796	499.0	256.0
3396	796	515.0	262.0
3408	796	536.0	269.0
3420	796	566.0	279.0
3432	796	608.0	294.0
3444	796	676.0	319.0
3456	796	803.0	364.0
3468	796	1010.0	475.0
3168	802	453.0	234.0
3180	802	454.8888888888889	233.44444444444446
3192	802	459.0	236.0
3204	802	464.0	236.0
3216	802	467.0	237.0
3228	802	472.0	238.0
3240	802	478.0	238.0
3252	802	485.0	241.0
3264	802	491.0	242.0
3276	802	499.0	244.0
3288	802	507.0	246.0
3300	802	517.0	249.0
3312	802	529.0	251.0
3324	802	543.0	255.0
3336	802	561.0	259.0
3348	802	583.0	264.0
3360	802	613.0	271.0
3372	802	653.0	281.0
3384	802	712.0	297.0
3396	802	802.0	319.0
3408	802	953.0	359.0
3264	817	464.0	230.0
3276	817	468.0	231.0
3288	817	471.0	231.0
3300	817	474.0	232.0
3312	817	477.0	233.0
3324	817	480.0	233.0
3336	817	485.0	235.0
3348	817	490.0	235.0
3360	817	494.0	235.0
3372	817	501.0	236.0
3384	817	507.0	237.0
3396	817	513.0	237.0
3408	817	519.0	238.0
3420	817	530.0	240.0
3432	817	539.0	242.0
3444	817	552.0	245.0
3456	817	565.0	247.0
3468	817	582.0	250.0
3480	817	601.0	253.0
3492	817	626.0	258.0
3504	817	657.0	264.0
3516	817	696.0	271.0
3528	817	750.0	282.0
3540	817	827.0	296.0
3552	817	948.0	319.0
3348	822	445.0	232.0
3360	822	448.0	231.0
3372	822	452.0	232.0
3384	822	455.0	232.0
3396	822	459.0	232.0
3408	822	463.0	233.0
3420	822	467.0	234.0
3432	822	470.0	236.0
3444	822	475.0	236.0
3456	822	481.0	237.0
3468	822	486.0	238.0
3480	822	493.0	240.0
3492	822	500.0	243.0
3504	822	508.0	244.0
3516	822	517.0	247.0
3528	822	528.0	250.0
3540	822	543.0	253.0
3552	822	559.0	257.0
3564	822	579.0	263.0
3576	822	606.0	269.0
3588	822	642.0	278.0
3600	822	694.0	291.0
3612	822	773.0	310.0
3624	822	905.0	342.0
3636	822	1007.0	391.0
3528	886	443.0	228.0
3540	886	445.3673469387755	229.0408163265306
3552	886	447.57142857142856	229.28571428571428
3564	886	449.7755102040816	229.53061224489795
3576	886	451.9795918367347	229.77551020408163
3588	886	454.0	231.0
3600	886	456.0	232.0
3612	886	459.0	232.0
3624	886	461.0	233.0
3636	886	464.0	234.0
3648	886	467.0	236.0
3660	886	470.0	236.0
3672	886	474.0	237.0
3684	886	478.0	238.0
3696	886	484.0	240.0
3708	886	490.0	241.0
3720	886	497.0	243.0
3732	886	505.0	245.0
3744	886	514.0	248.0
3756	886	525.0	250.0
3768	886	539.0	254.0
3780	886	556.0	258.0
3792	886	577.0	264.0
3804	886	606.0	271.0
3816	886	645.0	281.0
3828	886	702.0	296.0
3840	886	794.0	320.0
3852	886	956.0	363.0
3960	1002	489.25	233.0
3972	1002	492.6666666666667	233.0
3984	1002	497.0	233.0
3996	1002	502.0	235.0
4008	1002	508.0	235.0
4020	1002	514.0	235.0
4032	1002	520.0	236.0
4044	1002	527.0	238.0
4056	1002	537.0	240.0
4068	1002	546.0	241.0
4080	1002	557.0	243.0
4092	1002	570.0	244.0
4104	1002	585.0	247.0
4116	1002	603.0	249.0
4128	1002	624.0	253.0
4140	1002	649.0	256.0
4152	1002	681.0	262.0
4164	1002	722.0	268.0
4176	1002	776.0	277.0
4188	1002	850.0	289.0
4200	1002	955.0	305.0
3996	1033	436.0	227.0
4008	1033	437.0	227.0
4020	1033	437.0	227.0
4032	1033	439.1304347826087	228.04347826086956
4044	1033	440.69565217391306	228.56521739130434
4056	1033	442.0	229.0
4068	1033	443.0	229.0
4080	1033	445.0	229.0
4092	1033	447.0	229.0
4104	1033	449.0	230.0
4116	1033	451.0	230.0
4128	1033	453.0	230.0
4140	1033	454.0	232.0
4152	1033	456.0	232.0
4164	1033	459.0	233.0
4176	1033	461.0	233.0
4188	1033	464.0	234.0
4200	1033	468.0	235.0
4212	1033	472.0	236.0
4224	1033	475.0	236.0
4236	1033	480.0	238.0
4248	1033	486.0	239.0
4260	1033	491.0	241.0
4272	1033	498.0	242.0
4284	1033	507.0	244.0
4296	1033	514.0	246.0
4308	1033	525.0	249.0
4320	1033	537.0	252.0
4332	1033	552.0	255.0
4344	1033	569.0	259.0
4356	1033	592.0	265.0
4368	1033	624.0	272.0
4380	1033	661.0	282.0
4392	1033	715.0	295.0
4404	1033	801.0	318.0
4416	1033	942.0	350.0
4428	1033	995.0	396.0
4440	1033	997.0	394.0
4452	1033	998.0	413.0
4464	1033	1009.0	397.0
4056	1056	491.0	233.0
4068	1056	494.0	233.0
4080	1056	499.0	234.0
4092	1056	504.0	235.0
4104	1056	509.0	235.0
4116	1056	515.0	236.0
4128	1056	521.0	237.0
4140	1056	530.0	238.0
4152	1056	539.0	240.0
4164	1056	548.0	242.0
4176	1056	559.0	243.0
4188	1056	572.0	244.0
4200	1056	587.0	247.0
4212	1056	605.0	250.0
4224	1056	626.0	253.0
4236	1056	652.0	257.0
4248	1056	685.0	262.0
4260	1056	727.0	268.0
4272	1056	782.0	277.0
4284	1056	862.0	290.0
4296	1056	967.0	308.0
4740	1239	468.57142857142856	229.0
4752	1239	470.0	230.0
4764	1239	472.0	229.0
4776	1239	474.0	231.0
4788	1239	477.3333333333333	231.0
4800	1239	481.0	231.0
4812	1239	484.0	233.0
4824	1239	488.57142857142856	233.0
4836	1239	493.0	235.0
4848	1239	495.0	234.0
4860	1239	502.0	235.0
4872	1239	509.0	236.0
4884	1239	515.0	238.0
4896	1239	522.0	239.0
4908	1239	531.0	241.0
4920	1239	542.0	243.0
4932	1239	553.0	245.0
4944	1239	567.0	248.0
4956	1239	583.0	250.0
4968	1239	604.0	254.0
4980	1239	629.0	259.0
4992	1239	661.0	265.0
5004	1239	704.0	273.0
5016	1239	765.0	284.0
5028	1239	855.0	301.0
5040	1239	974.0	328.0
4872	1253	452.0	226.0
4884	1253	453.8235294117647	226.41176470588235
4896	1253	455.0	227.0
4908	1253	455.0	227.0
4920	1253	458.0	227.0
4932	1253	459.0	228.0
4944	1253	460.0	229.0
4956	1253	461.0	229.0
4968	1253	464.0	228.0
4980	1253	467.0	230.0
4992	1253	469.0	230.0
5004	1253	471.0	231.0
5016	1253	475.0	232.0
5028	1253	478.0	232.0
5040	1253	483.0	233.0
5052	1253	487.0	233.0
5064	1253	491.0	235.0
5076	1253	496.0	235.0
5088	1253	501.0	237.0
5100	1253	507.0	238.0
5112	1253	513.0	239.0
5124	1253	520.0	241.0
5136	1253	529.0	242.0
5148	1253	540.0	244.0
5160	1253	550.0	246.0
5172	1253	562.0	248.0
5184	1253	577.0	250.0
5196	1253	594.0	253.0
5208	1253	614.0	257.0
5220	1253	641.0	262.0
5232	1253	675.0	268.0
5244	1253	717.0	276.0
5256	1253	775.0	287.0
5268	1253	859.0	302.0
5280	1253	965.0	325.0
5292	1253	981.0	331.0
5304	1253	986.0	335.0
5316	1253	991.0	344.0
4908	1259	476.2857142857143	228.0
4920	1259	479.0	229.0
4932	1259	484.0	230.0
4944	1259	486.0	230.0
4956	1259	491.0	231.0
4968	1259	494.0	232.0
4980	1259	499.0	232.0
4992	1259	504.0	234.0
5004	1259	509.0	234.0
5016	1259	515.0	235.0
5028	1259	521.0	236.0
5040	1259	529.0	237.0
5052	1259	535.0	238.0
5064	1259	544.0	240.0
5076	1259	554.0	242.0
5088	1259	564.0	243.0
5100	1259	576.0	244.0
5112	1259	593.0	247.0
5124	1259	610.0	250.0
5136	1259	630.0	253.0
5148	1259	656.0	257.0
5160	1259	688.0	262.0
5172	1259	728.0	268.0
5184	1259	777.0	275.0
5196	1259	847.0	287.0
5208	1259	945.0	302.0
5220	1259	978.0	313.0
5232	1259	985.0	315.0
5244	1259	989.0	318.0
5256	1314	462.1	233.0
5268	1314	463.85714285714283	233.0
5280	1314	466.0	235.0
5292	1314	469.0	235.0
5304	1314	471.0	235.0
5316	1314	474.0	236.0
5328	1314	478.0	237.0
5340	1314	482.0	238.0
5352	1314	487.0	240.0
5364	1314	493.0	241.0
5376	1314	500.0	243.0
5388	1314	507.0	245.0
5400	1314	518.0	248.0
5412	1314	528.0	250.0
5424	1314	542.0	253.0
5436	1314	556.0	256.0
5448	1314	577.0	261.0
5460	1314	602.0	268.0
5472	1314	637.0	275.0
5484	1314	684.0	287.0
5496	1314	753.0	303.0
5508	1314	862.0	330.0
5520	1314	992.0	377.0
5340	1341	459.0	234.0
5352	1341	461.0	235.0
5364	1341	464.0	236.0
5376	1341	467.0	236.0
5388	1341	470.0	237.0
5400	1341	475.0	238.0
5412	1341	480.0	238.0
5424	1341	485.0	240.0
5436	1341	490.0	241.0
5448	1341	496.0	243.0
5460	1341	503.0	245.0
5472	1341	511.0	247.0
5484	1341	520.0	249.0
5496	1341	531.0	252.0
5508	1341	544.0	254.0
5520	1341	560.0	258.0
5532	1341	579.0	262.0
5544	1341	602.0	268.0
5556	1341	634.0	276.0
5568	1341	676.0	286.0
5580	1341	736.0	301.0
5592	1341	826.0	323.0
5604	1341	965.0	359.0
5556	1428	460.0	231.0
5568	1428	463.0	232.0
5580	1428	466.42857142857144	232.0
5592	1428	470.0	232.0
5604	1428	473.0	232.0
5616	1428	477.0	234.0
5628	1428	480.0	234.0
5640	1428	485.0	235.0
5652	1428	490.0	235.0
5664	1428	496.0	236.0
5676	1428	502.0	238.0
5688	1428	508.0	239.0
5700	1428	517.0	241.0
5712	1428	526.0	243.0
5724	1428	536.0	245.0
5736	1428	548.0	247.0
5748	1428	562.0	249.0
5760	1428	580.0	253.0
5772	1428	602.0	257.0
5784	1428	630.0	262.0
5796	1428	666.0	269.0
5808	1428	713.0	278.0
5820	1428	784.0	292.0
5832	1428	890.0	313.0
5844	1428	994.0	350.0
5568	1434	489.0	232.0
5580	1434	492.3333333333333	233.0
5592	1434	496.0	234.0
5604	1434	502.0	234.0
5616	1434	506.0	235.0
5628	1434	512.0	236.0
5640	1434	518.0	236.0
5652	1434	525.0	238.0
5664	1434	533.0	238.0
5676	1434	543.0	241.0
5688	1434	553.0	242.0
5700	1434	565.0	244.0
5712	1434	577.0	246.0
5724	1434	594.0	248.0
5736	1434	614.0	251.0
5748	1434	637.0	254.0
5760	1434	668.0	260.0
5772	1434	704.0	266.0
5784	1434	754.0	273.0
5796	1434	821.0	284.0
5808	1434	918.0	299.0
5820	1434	989.0	318.0
5688	1448	451.0	230.0
5700	1448	454.5	232.0
5712	1448	458.4	233.1
5724	1448	460.8	233.7
5736	1448	463.0	234.66666666666666
5748	1448	466.0	235.0
5760	1448	469.0	236.0
5772	1448	473.0	236.0
5784	1448	478.0	237.0
5796	1448	482.0	239.0
5808	1448	487.0	240.0
5820	1448	494.0	242.0
5832	1448	500.0	243.0
5844	1448	508.0	245.0
5856	1448	517.0	248.0
5868	1448	527.0	249.0
5880	1448	541.0	253.0
5892	1448	555.0	256.0
5904	1448	574.0	261.0
5916	1448	597.0	266.0
5928	1448	628.0	274.0
5940	1448	669.0	284.0
5952	1448	729.0	298.0
5964	1448	820.0	321.0
5976	1448	966.0	359.0
5784	1463	459.0	230.0
5796	1463	460.46666666666664	230.36666666666667
5808	1463	462.06666666666666	230.76666666666668
5820	1463	465.0	231.0
5832	1463	468.0	231.0
5844	1463	472.0	232.0
5856	1463	475.0	232.0
5868	1463	479.0	234.0
5880	1463	483.0	235.0
5892	1463	487.0	236.0
5904	1463	492.0	236.0
5916	1463	497.0	237.0
5928	1463	503.0	239.0
5940	1463	510.0	239.0
5952	1463	518.0	241.0
5964	1463	526.0	243.0
5976	1463	537.0	245.0
5988	1463	549.0	246.0
6000	1463	562.0	249.0
6012	1463	579.0	252.0
6024	1463	599.0	256.0
6036	1463	624.0	260.0
6048	1463	656.0	266.0
6060	1463	699.0	274.0
6072	1463	757.0	285.0
6084	1463	843.0	302.0
6096	1463	966.0	328.0
6132	1520	464.0	231.0
6144	1520	467.5	230.0
6156	1520	470.5	230.0
6168	1520	473.0	232.0
6180	1520	476.2	232.1
6192	1520	479.0	234.0
6204	1520	484.0	234.0
6216	1520	489.0	235.0
6228	1520	493.0	236.0
6240	1520	498.0	237.0
6252	1520	503.0	238.0
6264	1520	510.0	238.0
6276	1520	517.0	240.0
6288	1520	526.0	241.0
6300	1520	537.0	244.0
6312	1520	549.0	246.0
6324	1520	562.0	249.0
6336	1520	579.0	252.0
6348	1520	598.0	255.0
6360	1520	624.0	260.0
6372	1520	655.0	266.0
6384	1520	697.0	274.0
6396	1520	755.0	284.0
6408	1520	839.0	301.0
6420	1520	964.0	325.0
6240	1543	449.3333333333333	231.0
6252	1543	452.0	232.0
6264	1543	455.0	232.0
6276	1543	457.0	234.0
6288	1543	461.0	234.0
6300	1543	464.0	236.0
6312	1543	468.0	236.0
6324	1543	472.0	237.0
6336	1543	476.0	238.0
6348	1543	483.0	240.0
6360	1543	490.0	241.0
6372	1543	497.0	244.0
6384	1543	505.0	246.0
6396	1543	517.0	249.0
6408	1543	530.0	252.0
6420	1543	547.0	256.0
6432	1543	566.0	261.0
6444	1543	593.0	268.0
6456	1543	627.0	276.0
6468	1543	677.0	288.0
6480	1543	751.0	307.0
6492	1543	878.0	340.0
6504	1543	1009.0	402.0
6420	1561	454.6	227.0
6432	1561	455.55555555555554	227.0
6444	1561	457.0	228.0
6456	1561	457.0	229.0
6468	1561	457.8	229.0
6480	1561	460.0	229.0
6492	1561	462.0	230.0
6504	1561	465.0769230769231	230.23076923076923
6516	1561	467.84615384615387	230.53846153846155
6528	1561	470.61538461538464	230.84615384615384
6540	1561	474.0	232.0
6552	1561	478.0	232.0
6564	1561	481.0	233.0
6576	1561	485.0	233.0
6588	1561	490.0	235.0
6600	1561	494.0	235.0
6612	1561	499.0	236.0
6624	1561	503.0	237.0
6636	1561	509.0	238.0
6648	1561	516.0	240.0
6660	1561	523.0	241.0
6672	1561	533.0	243.0
6684	1561	545.0	244.0
6696	1561	555.0	247.0
6708	1561	569.0	249.0
6720	1561	583.0	252.0
6732	1561	603.0	255.0
6744	1561	625.0	259.0
6756	1561	654.0	265.0
6768	1561	690.0	271.0
6780	1561	739.0	281.0
6792	1561	805.0	293.0
6804	1561	903.0	311.0
6816	1561	980.0	338.0
6828	1561	984.0	337.0
6840	1561	978.0	314.0
6852	1561	998.0	342.0
6456	1572	435.25	227.75
6468	1572	435.0	228.0
6480	1572	436.54545454545456	228.1818181818182
6492	1572	437.3636363636364	228.45454545454547
6504	1572	438.1818181818182	228.72727272727272
6516	1572	439.0	229.0
6528	1572	440.0	229.0
6540	1572	442.0	229.0
6552	1572	443.0	230.0
6564	1572	444.0	231.0
6576	1572	446.0	232.0
6588	1572	448.0	232.0
6600	1572	450.0	233.0
6612	1572	452.0	233.0
6624	1572	456.0	234.0
6636	1572	458.0	234.0
6648	1572	462.0	236.0
6660	1572	464.0	236.0
6672	1572	468.0	237.0
6684	1572	472.0	239.0
6696	1572	477.0	239.0
6708	1572	483.0	241.0
6720	1572	488.0	242.0
6732	1572	496.0	244.0
6744	1572	502.0	246.0
6756	1572	511.0	248.0
6768	1572	521.0	250.0
6780	1572	536.0	254.0
6792	1572	551.0	258.0
6804	1572	571.0	263.0
6816	1572	595.0	270.0
6828	1572	629.0	278.0
6840	1572	675.0	290.0
6852	1572	744.0	309.0
6864	1572	855.0	338.0
6876	1572	993.0	394.0
6864	1686	458.0	235.0
6876	1686	459.4	235.0
6888	1686	463.0	235.0
6900	1686	466.0	235.0
6912	1686	470.0	237.0
6924	1686	472.0	236.0
6936	1686	478.0	238.0
6948	1686	484.0	240.0
6960	1686	489.0	242.0
6972	1686	497.0	243.0
6984	1686	503.0	245.0
6996	1686	512.0	247.0
7008	1686	523.0	249.0
7020	1686	535.0	252.0
7032	1686	549.0	256.0
7044	1686	567.0	260.0
7056	1686	589.0	265.0
7068	1686	617.0	272.0
7080	1686	655.0	282.0
7092	1686	710.0	296.0
7104	1686	791.0	317.0
7116	1686	928.0	350.0
7128	1763	452.4	229.0
7140	1763	454.6060606060606	229.0
7152	1763	456.42424242424244	229.0
7164	1763	458.24242424242425	229.0
7176	1763	459.8421052631579	230.0
7188	1763	462.36842105263156	230.0
7200	1763	465.0	231.0
7212	1763	467.0	231.0
7224	1763	469.0	231.0
7236	1763	472.0	232.0
7248	1763	475.5	233.0
7260	1763	479.0	234.0
7272	1763	483.0	234.0
7284	1763	487.0	235.0
7296	1763	493.0	236.0
7308	1763	497.0	237.0
7320	1763	503.0	238.0
7332	1763	509.0	238.0
7344	1763	517.0	240.0
7356	1763	525.0	242.0
7368	1763	535.0	244.0
7380	1763	547.0	246.0
7392	1763	559.0	248.0
7404	1763	576.0	251.0
7416	1763	595.0	255.0
7428	1763	619.0	259.0
7440	1763	649.0	265.0
7452	1763	690.0	272.0
7464	1763	745.0	282.0
7476	1763	824.0	297.0
7488	1763	948.0	319.0
7188	1780	440.8	229.0
7200	1780	442.0	230.0
7212	1780	444.0	230.0
7224	1780	446.0	231.0
7236	1780	447.0	232.0
7248	1780	449.0	232.0
7260	1780	451.0	232.0
7272	1780	454.0	233.0
7284	1780	457.0	233.0
7296	1780	459.0	234.0
7308	1780	462.0	235.0
7320	1780	465.0	235.0
7332	1780	469.0	236.0
7344	1780	472.0	236.0
7356	1780	476.0	238.0
7368	1780	481.0	239.0
7380	1780	486.0	240.0
7392	1780	492.0	241.0
7404	1780	499.0	243.0
7416	1780	506.0	246.0
7428	1780	515.0	248.0
7440	1780	524.0	250.0
7452	1780	538.0	253.0
7464	1780	554.0	257.0
7476	1780	572.0	262.0
7488	1780	596.0	268.0
7500	1780	626.0	275.0
7512	1780	669.0	286.0
7524	1780	730.0	301.0
7536	1780	825.0	326.0
7548	1780	970.0	368.0
7320	1863	438.0	228.0
7332	1863	440.0	229.0
7344	1863	441.0	230.0
7356	1863	442.0	230.0
7368	1863	442.0	229.0
7380	1863	445.0	230.0
7392	1863	446.0	231.0
7404	1863	448.0	231.0
7416	1863	449.6	231.0
7428	1863	452.0	232.0
7440	1863	456.0	232.0
7452	1863	457.0	234.0
7464	1863	460.0	235.0
7476	1863	462.0	235.0
7488	1863	466.0	236.0
7500	1863	469.0	236.0
7512	1863	473.0	237.0
7524	1863	477.0	238.0
7536	1863	481.0	239.0
7548	1863	487.0	240.0
7560	1863	494.0	242.0
7572	1863	500.0	245.0
7584	1863	510.0	246.0
7596	1863	519.0	249.0
7608	1863	530.0	251.0
7620	1863	543.0	254.0
7632	1863	560.0	258.0
7644	1863	579.0	263.0
7656	1863	605.0	269.0
7668	1863	639.0	277.0
7680	1863	684.0	289.0
7692	1863	751.0	306.0
7704	1863	857.0	332.0
7716	1863	989.0	378.0
7524	1911	440.0	229.0
7536	1911	442.0	230.0
7548	1911	444.0	230.0
7560	1911	446.0	230.0
7572	1911	448.1	230.1
7584	1911	449.4	232.0
7596	1911	451.2	231.0
7608	1911	453.0	231.0
7620	1911	456.0	232.0
7632	1911	457.0	233.0
7644	1911	460.0	234.0
7656	1911	462.0	235.0
7668	1911	464.0	235.0
7680	1911	467.0	236.0
7692	1911	470.0	236.0
7704	1911	474.0	237.0
7716	1911	478.0	238.0
7728	1911	483.0	239.0
7740	1911	487.0	240.0
7752	1911	494.0	242.0
7764	1911	501.0	244.0
7776	1911	508.0	245.0
7788	1911	517.0	248.0
7800	1911	528.0	251.0
7812	1911	539.0	253.0
7824	1911	556.0	257.0
7836	1911	573.0	261.0
7848	1911	596.0	267.0
7860	1911	626.0	274.0
7872	1911	666.0	284.0
7884	1911	722.0	298.0
7896	1911	806.0	319.0
7908	1911	950.0	353.0
7920	1911	1003.0	387.0
7728	1932	458.8	232.0
7740	1932	461.1818181818182	233.0
7752	1932	465.0	234.0
7764	1932	469.0	234.0
7776	1932	471.0	235.0
7788	1932	477.0	235.0
7800	1932	481.0	236.0
7812	1932	486.0	237.0
7824	1932	492.0	238.0
7836	1932	499.0	240.0
7848	1932	507.0	241.0
7860	1932	516.0	242.0
7872	1932	524.0	244.0
7884	1932	536.0	247.0
7896	1932	547.0	248.0
7908	1932	561.0	251.0
7920	1932	579.0	253.0
7932	1932	599.0	257.0
7944	1932	623.0	261.0
7956	1932	654.0	267.0
7968	1932	693.0	274.0
7980	1932	746.0	283.0
7992	1932	818.0	298.0
8004	1932	929.0	317.0
7944	1976	446.0	232.0
7956	1976	449.27272727272725	232.9090909090909
7968	1976	452.0	234.0
7980	1976	456.0	234.0
7992	1976	459.0	234.0
8004	1976	462.0	235.0
8016	1976	466.0	236.0
8028	1976	472.0	237.0
8040	1976	476.0	238.0
8052	1976	482.0	240.0
8064	1976	487.0	241.0
8076	1976	496.0	243.0
8088	1976	502.0	245.0
8100	1976	511.0	247.0
8112	1976	521.0	249.0
8124	1976	534.0	252.0
8136	1976	549.0	255.0
8148	1976	568.0	260.0
8160	1976	592.0	265.0
8172	1976	622.0	272.0
8184	1976	665.0	283.0
8196	1976	725.0	297.0
8208	1976	819.0	319.0
8220	1976	965.0	359.0
8100	2034	455.0	232.0
8112	2034	458.0	233.0
8124	2034	461.0	234.0
8136	2034	464.0	234.0
8148	2034	468.0	235.0
8160	2034	471.0	236.0
8172	2034	475.0	237.0
8184	2034	481.0	237.0
8196	2034	485.0	238.0
8208	2034	491.0	240.0
8220	2034	498.0	242.0
8232	2034	504.0	243.0
8244	2034	513.0	245.0
8256	2034	522.0	248.0
8268	2034	533.0	250.0
8280	2034	547.0	254.0
8292	2034	563.0	257.0
8304	2034	584.0	262.0
8316	2034	610.0	268.0
8328	2034	645.0	276.0
8340	2034	693.0	287.0
8352	2034	761.0	304.0
8364	2034	872.0	330.0
8376	2034	996.0	380.0
8268	2089	447.55555555555554	228.0
8280	2089	449.06779661016947	228.11864406779662
8292	2089	450.89830508474574	228.32203389830508
8304	2089	452.728813559322	228.52542372881356
8316	2089	454.5593220338983	228.72881355932202
8328	2089	456.3898305084746	228.9322033898305
8340	2089	458.44444444444446	230.0
8352	2089	460.22222222222223	230.0
8364	2089	462.0	230.0
8376	2089	465.0	231.0
8388	2089	468.15384615384613	231.53846153846155
8400	2089	471.0	232.0
8412	2089	473.0	232.0
8424	2089	477.0	234.0
8436	2089	481.0	234.0
8448	2089	487.0	236.0
8460	2089	491.0	236.0
8472	2089	497.0	237.0
8484	2089	503.0	238.0
8496	2089	509.0	240.0
8508	2089	517.0	241.0
8520	2089	526.0	243.0
8532	2089	536.0	245.0
8544	2089	547.0	247.0
8556	2089	560.0	249.0
8568	2089	578.0	252.0
8580	2089	598.0	256.0
8592	2089	622.0	260.0
8604	2089	655.0	266.0
8616	2089	698.0	274.0
8628	2089	756.0	285.0
8640	2089	842.0	301.0
8652	2089	966.0	327.0
8508	2125	441.0	229.0
8520	2125	442.0	229.0
8532	2125	445.0	230.0
8544	2125	448.0	229.0
8556	2125	450.0	231.0
8568	2125	453.0	231.0
8580	2125	457.0	231.0
8592	2125	460.0	232.0
8604	2125	464.0	233.0
8616	2125	468.0	233.0
8628	2125	473.0	234.0
8640	2125	478.0	235.0
8652	2125	483.0	236.0
8664	2125	489.0	237.0
8676	2125	495.0	237.0
8688	2125	503.0	239.0
8700	2125	510.0	240.0
8712	2125	520.0	242.0
8724	2125	531.0	244.0
8736	2125	544.0	247.0
8748	2125	557.0	248.0
8760	2125	574.0	252.0
8772	2125	594.0	255.0
8784	2125	620.0	260.0
8796	2125	652.0	266.0
8808	2125	692.0	272.0
8820	2125	750.0	283.0
8832	2125	832.0	299.0
8844	2125	959.0	324.0
8580	2126	436.0	232.0
8592	2126	436.0	233.0
8604	2126	438.2352941176471	232.8235294117647
8616	2126	440.0	234.0
8628	2126	441.0	235.0
8640	2126	441.77777777777777	234.88888888888889
8652	2126	444.0	236.0
8664	2126	447.0	234.0
8676	2126	449.0	237.0
8688	2126	453.0	239.0
8700	2126	455.0	238.0
8712	2126	459.0	240.0
8724	2126	463.0	242.0
8736	2126	470.0	243.0
8748	2126	477.0	245.0
8760	2126	486.0	248.0
8772	2126	495.0	250.0
8784	2126	506.0	253.0
8796	2126	520.0	257.0
8808	2126	535.0	261.0
8820	2126	555.0	266.0
8832	2126	580.0	273.0
8844	2126	612.0	281.0
8856	2126	659.0	293.0
8868	2126	729.0	313.0
8880	2126	840.0	342.0
8892	2126	987.0	398.0
8832	2142	482.0	234.0
8844	2142	485.0	234.0
8856	2142	490.0	236.0
8868	2142	493.0	236.0
8880	2142	500.0	237.0
8892	2142	504.0	238.0
8904	2142	512.0	239.0
8916	2142	518.0	241.0
8928	2142	528.0	242.0
8940	2142	537.0	245.0
8952	2142	548.0	246.0
8964	2142	561.0	248.0
8976	2142	577.0	252.0
8988	2142	596.0	255.0
9000	2142	620.0	259.0
9012	2142	648.0	265.0
9024	2142	687.0	271.0
9036	2142	738.0	280.0
9048	2142	813.0	294.0
9060	2142	924.0	315.0
8856	2146	435.0	231.0
8868	2146	437.0	232.0
8880	2146	439.0	232.0
8892	2146	440.0	233.0
8904	2146	443.0	235.0
8916	2146	445.0	233.0
8928	2146	446.0	235.0
8940	2146	449.0	236.0
8952	2146	451.0	237.0
8964	2146	454.0	238.0
8976	2146	457.0	239.0
8988	2146	462.0	241.0
9000	2146	466.0	242.0
9012	2146	471.0	244.0
9024	2146	479.0	246.0
9036	2146	487.0	248.0
9048	2146	496.0	251.0
9060	2146	507.0	254.0
9072	2146	521.0	258.0
9084	2146	539.0	262.0
9096	2146	560.0	268.0
9108	2146	587.0	274.0
9120	2146	623.0	284.0
9132	2146	675.0	298.0
9144	2146	755.0	319.0
9156	2146	885.0	355.0
9168	2146	1006.0	420.0
9096	2180	422.0	229.0
9108	2180	424.0	229.0
9120	2180	424.0	229.0
9132	2180	426.0	230.0
9144	2180	427.0	230.0
9156	2180	429.0	231.0
9168	2180	429.0	231.0
9180	2180	432.25	232.0
9192	2180	435.0	233.0
9204	2180	436.1666666666667	233.16666666666666
9216	2180	438.0	235.0
9228	2180	440.0	234.0
9240	2180	442.0	235.0
9252	2180	444.0	236.0
9264	2180	446.0	237.0
9276	2180	448.0	237.0
9288	2180	452.0	239.0
9300	2180	455.0	240.0
9312	2180	459.0	241.0
9324	2180	463.0	242.0
9336	2180	468.0	244.0
9348	2180	474.0	246.0
9360	2180	479.0	248.0
9372	2180	487.0	250.0
9384	2180	496.0	253.0
9396	2180	506.0	256.0
9408	2180	518.0	260.0
9420	2180	534.0	266.0
9432	2180	553.0	272.0
9444	2180	578.0	280.0
9456	2180	612.0	292.0
9468	2180	664.0	310.0
9480	2180	744.0	338.0
9492	2180	892.0	389.0
9504	2180	1027.0	495.0
9144	2195	442.0	234.0
9156	2195	445.0	234.0
9168	2195	449.0	235.0
9180	2195	453.0	235.0
9192	2195	458.0	237.0
9204	2195	463.0	238.0
9216	2195	467.0	239.0
9228	2195	473.0	240.0
9240	2195	480.0	242.0
9252	2195	488.0	244.0
9264	2195	498.0	246.0
9276	2195	508.0	248.0
9288	2195	520.0	252.0
9300	2195	536.0	255.0
9312	2195	555.0	259.0
9324	2195	579.0	265.0
9336	2195	607.0	272.0
9348	2195	647.0	281.0
9360	2195	706.0	296.0
9372	2195	794.0	317.0
9384	2195	945.0	354.0
9168	2201	485.0	232.0
9180	2201	489.0	233.0
9192	2201	493.0	233.0
9204	2201	498.0	234.0
9216	2201	504.0	235.0
9228	2201	509.0	235.0
9240	2201	515.0	237.0
9252	2201	524.0	238.0
9264	2201	531.0	238.0
9276	2201	540.0	241.0
9288	2201	552.0	242.0
9300	2201	565.0	244.0
9312	2201	580.0	246.0
9324	2201	599.0	249.0
9336	2201	621.0	253.0
9348	2201	648.0	257.0
9360	2201	674.0	247.0
9372	2201	732.0	265.0
9384	2201	798.0	278.0
9396	2201	894.0	295.0
9408	2201	986.0	315.0
9348	2228	452.0	228.0
9360	2228	453.5	228.25
9372	2228	456.0	229.0
9384	2228	457.0	230.0
9396	2228	458.0	230.0
9408	2228	461.0	230.0
9420	2228	463.0	231.0
9432	2228	465.0	232.0
9444	2228	467.0	232.0
9456	2228	471.0	232.0
9468	2228	473.0	233.0
9480	2228	476.0	233.0
9492	2228	480.0	234.0
9504	2228	482.0	235.0
9516	2228	486.0	235.0
9528	2228	490.0	236.0
9540	2228	494.0	237.0
9552	2228	502.0	238.0
9564	2228	506.0	239.0
9576	2228	514.0	240.0
9588	2228	520.0	242.0
9600	2228	528.0	243.0
9612	2228	537.0	245.0
9624	2228	550.0	246.0
9636	2228	560.0	248.0
9648	2228	573.0	251.0
9660	2228	591.0	254.0
9672	2228	612.0	258.0
9684	2228	638.0	263.0
9696	2228	672.0	269.0
9708	2228	714.0	277.0
9720	2228	771.0	287.0
9732	2228	855.0	303.0
9744	2228	962.0	327.0
9420	2241	495.0	233.5
9432	2241	500.0	235.0
9444	2241	504.0	235.0
9456	2241	510.0	236.0
9468	2241	514.0	237.0
9480	2241	520.0	237.0
9492	2241	527.0	239.0
9504	2241	533.0	241.0
9516	2241	541.0	242.0
9528	2241	549.0	244.0
9540	2241	559.0	246.0
9552	2241	572.0	248.0
9564	2241	586.0	251.0
9576	2241	604.0	254.0
9588	2241	625.0	257.0
9600	2241	653.0	262.0
9612	2241	688.0	269.0
9624	2241	736.0	277.0
9636	2241	803.0	290.0
9648	2241	902.0	308.0
9660	2241	990.0	339.0
9744	2308	477.4	230.0
9756	2308	479.0	231.0
9768	2308	479.76056338028167	231.1267605633803
9780	2308	480.77464788732397	231.29577464788733
9792	2308	481.7887323943662	231.46478873239437
9804	2308	482.80281690140845	231.6338028169014
9816	2308	483.8169014084507	231.80281690140845
9828	2308	484.83098591549293	231.9718309859155
9840	2308	487.0	231.0
9852	2308	492.47058823529414	232.2941176470588
9864	2308	496.0	233.0
9876	2308	501.0	234.0
9888	2308	506.0	235.0
9900	2308	512.0	235.0
9912	2308	519.0	237.0
9924	2308	527.0	237.0
9936	2308	537.0	238.0
9948	2308	547.0	240.0
9960	2308	558.0	242.0
9972	2308	571.0	243.0
9984	2308	585.0	245.0
9996	2308	602.0	247.0
10008	2308	622.0	250.0
10020	2308	645.0	253.0
10032	2308	672.0	257.0
10044	2308	706.0	262.0
10056	2308	749.0	267.0
10068	2308	805.0	276.0
10080	2308	879.0	284.55555555555554
10092	2308	945.0	293.8888888888889
9780	2318	486.0	231.0
9792	2318	489.0	232.0
9804	2318	493.0	232.0
9816	2318	497.0	233.0
9828	2318	500.5	233.5
9840	2318	507.0	235.0
9852	2318	511.0	235.0
9864	2318	517.0	236.0
9876	2318	523.0	237.0
9888	2318	529.0	238.0
9900	2318	539.0	241.0
9912	2318	548.0	241.0
9924	2318	558.0	243.0
9936	2318	569.0	245.0
9948	2318	583.0	247.0
9960	2318	599.0	249.0
9972	2318	618.0	252.0
9984	2318	640.0	255.0
9996	2318	667.0	259.0
10008	2318	701.0	265.0
10020	2318	744.0	272.0
10032	2318	801.0	281.0
10044	2318	877.0	293.0
10056	2318	969.0	308.0
9840	2329	464.0	231.0
9852	2329	466.3333333333333	231.33333333333334
9864	2329	470.0	233.0
9876	2329	475.0	233.0
9888	2329	479.0	235.0
9900	2329	483.0	235.0
9912	2329	488.0	235.0
9924	2329	494.0	237.0
9936	2329	500.0	238.0
9948	2329	508.0	240.0
9960	2329	517.0	242.0
9972	2329	527.0	243.0
9984	2329	537.0	246.0
9996	2329	552.0	248.0
10008	2329	568.0	251.0
10020	2329	588.0	255.0
10032	2329	615.0	260.0
10044	2329	647.0	266.0
10056	2329	695.0	276.0
10068	2329	763.0	289.0
10080	2329	871.0	310.0
10092	2329	991.0	347.0
9876	2332	440.0	229.0
9888	2332	442.0	230.0
9900	2332	443.0	229.0
9912	2332	445.0	230.0
9924	2332	448.0	232.0
9936	2332	451.0	231.0
9948	2332	453.0	232.0
9960	2332	455.0769230769231	233.0
9972	2332	458.0	233.0
9984	2332	461.0	235.0
9996	2332	464.0	234.0
10008	2332	468.0	236.0
10020	2332	472.0	237.0
10032	2332	477.0	238.0
10044	2332	482.0	239.0
10056	2332	488.0	240.0
10068	2332	496.0	243.0
10080	2332	504.0	245.0
10092	2332	512.0	247.0
10104	2332	524.0	250.0
10116	2332	539.0	254.0
10128	2332	557.0	258.0
10140	2332	580.0	264.0
10152	2332	612.0	272.0
10164	2332	656.0	284.0
10176	2332	723.0	301.0
10188	2332	835.0	329.0
10200	2332	992.0	386.0
10200	2385	503.0	232.0
10212	2385	508.0	233.0
10224	2385	512.0	235.0
10236	2385	518.0	235.0
10248	2385	524.0	236.0
10260	2385	532.0	237.0
10272	2385	540.2	237.0
10284	2385	549.5	238.5
10296	2385	558.0	241.0
10308	2385	569.0	241.0
10320	2385	581.0	244.0
10332	2385	596.0	246.0
10344	2385	614.0	248.0
10356	2385	635.0	251.0
10368	2385	662.0	255.0
10380	2385	693.0	259.0
10392	2385	733.0	265.0
10404	2385	785.0	272.0
10416	2385	853.0	282.0
10428	2385	952.0	296.0
10200	2386	443.75	230.0
10212	2386	445.0	230.0
10224	2386	447.0	231.0
10236	2386	448.60714285714283	231.0
10248	2386	450.75	231.0
10260	2386	452.6666666666667	231.0
10272	2386	455.0	233.0
10284	2386	457.0	233.0
10296	2386	460.0	234.0
10308	2386	462.0	235.0
10320	2386	465.0	235.0
10332	2386	468.0	236.0
10344	2386	472.0	237.0
10356	2386	477.0	238.0
10368	2386	483.0	240.0
10380	2386	488.0	241.0
10392	2386	494.0	242.0
10404	2386	501.0	245.0
10416	2386	509.0	246.0
10428	2386	519.0	249.0
10440	2386	531.0	252.0
10452	2386	544.0	255.0
10464	2386	562.0	259.0
10476	2386	585.0	265.0
10488	2386	613.0	273.0
10500	2386	653.0	282.0
10512	2386	712.0	297.0
10524	2386	800.0	320.0
10536	2386	956.0	359.0
10212	2390	469.22222222222223	231.22222222222223
10224	2390	470.3333333333333	233.0
10236	2390	473.88235294117646	233.47058823529412
10248	2390	477.0	234.0
10260	2390	480.0	234.0
10272	2390	485.0	235.0
10284	2390	489.0	236.0
10296	2390	494.0	236.0
10308	2390	499.0	237.0
10320	2390	507.0	238.0
10332	2390	512.0	240.0
10344	2390	520.0	242.0
10356	2390	529.0	243.0
10368	2390	539.0	245.0
10380	2390	551.0	247.0
10392	2390	565.0	250.0
10404	2390	581.0	252.0
10416	2390	601.0	256.0
10428	2390	626.0	261.0
10440	2390	657.0	267.0
10452	2390	700.0	274.0
10464	2390	758.0	285.0
10476	2390	841.0	301.0
10488	2390	966.0	326.0
10404	2443	481.0	234.0
10416	2443	485.0	235.0
10428	2443	487.0	235.0
10440	2443	491.0	236.0
10452	2443	495.0	237.0
10464	2443	501.0	237.0
10476	2443	506.0	238.0
10488	2443	512.0	240.0
10500	2443	519.0	241.0
10512	2443	527.0	242.0
10524	2443	536.0	245.0
10536	2443	546.0	246.0
10548	2443	556.0	248.0
10560	2443	570.0	251.0
10572	2443	586.0	253.0
10584	2443	604.0	257.0
10596	2443	627.0	261.0
10608	2443	656.0	267.0
10620	2443	693.0	274.0
10632	2443	742.0	283.0
10644	2443	810.0	296.0
10656	2443	911.0	316.0
10668	2443	994.0	348.0
10464	2460	446.75	231.25
10476	2460	449.0	232.0
10488	2460	451.25	232.75
10500	2460	454.0	232.0
10512	2460	455.6	232.8
10524	2460	460.0	234.0
10536	2460	461.5	235.0
10548	2460	466.0	235.0
10560	2460	470.0	236.0
10572	2460	475.0	237.0
10584	2460	479.0	238.0
10596	2460	484.0	240.0
10608	2460	491.0	241.0
10620	2460	497.0	243.0
10632	2460	506.0	246.0
10644	2460	517.0	249.0
10656	2460	530.0	251.0
10668	2460	546.0	254.0
10680	2460	564.0	259.0
10692	2460	589.0	265.0
10704	2460	623.0	273.0
10716	2460	668.0	284.0
10728	2460	735.0	301.0
10740	2460	844.0	328.0
10752	2460	990.0	378.0
10476	2462	472.0	232.0
10488	2462	472.5	233.0
10500	2462	475.0	233.0
10512	2462	480.0	234.0
10524	2462	484.0	235.0
10536	2462	488.0	235.0
10548	2462	493.5	235.0
10560	2462	496.0	237.0
10572	2462	503.0	238.0
10584	2462	509.0	238.0
10596	2462	516.0	240.0
10608	2462	522.0	241.0
10620	2462	532.0	243.0
10632	2462	542.0	245.0
10644	2462	554.0	247.0
10656	2462	566.0	249.0
10668	2462	583.0	253.0
10680	2462	602.0	256.0
10692	2462	625.0	260.0
10704	2462	654.0	265.0
10716	2462	694.0	272.0
10728	2462	740.0	281.0
10632	2496	463.0	235.5
10644	2496	467.0	237.0
10656	2496	469.0	237.0
10668	2496	474.0	239.0
10680	2496	478.0	240.0
10692	2496	482.0	241.0
10704	2496	489.0	242.0
10716	2496	496.0	244.0
10728	2496	503.0	246.0
10740	2496	511.0	248.0
10752	2496	523.0	251.0
10764	2496	535.0	254.0
10776	2496	550.0	258.0
10788	2496	568.0	262.0
10800	2496	592.0	268.0
10812	2496	622.0	276.0
10824	2496	663.0	286.0
10836	2496	721.0	300.0
10848	2496	810.0	323.0
10860	2496	959.0	361.0
10716	2512	454.0	232.0
10728	2512	456.6	231.8
10740	2512	459.0	234.0
10752	2512	462.0	235.0
10764	2512	465.0	235.0
10776	2512	468.0	236.0
10788	2512	472.0	237.0
10800	2512	477.0	238.0
10812	2512	483.0	239.0
10824	2512	489.0	240.0
10836	2512	496.0	242.0
10848	2512	504.0	245.0
10860	2512	512.0	246.0
10872	2512	522.0	249.0
10884	2512	534.0	252.0
10896	2512	551.0	255.0
10908	2512	569.0	260.0
10920	2512	592.0	265.0
10932	2512	623.0	273.0
10944	2512	664.0	283.0
10956	2512	724.0	298.0
10968	2512	818.0	321.0
10980	2512	966.0	359.0
10860	2538	488.25	232.0
10872	2538	490.8	232.36
10884	2538	493.2	232.84
10896	2538	496.0	234.0
10908	2538	499.2857142857143	234.0
10920	2538	505.0	235.0
10932	2538	509.0	236.0
10944	2538	515.0	237.0
10956	2538	522.0	237.0
10968	2538	528.0	238.0
10980	2538	535.0	240.0
10992	2538	544.0	241.0
11004	2538	554.0	243.0
11016	2538	565.0	245.0
11028	2538	579.0	246.0
11040	2538	593.0	248.0
11052	2538	611.0	252.0
11064	2538	632.0	254.0
11076	2538	657.0	258.0
11088	2538	687.0	263.0
11100	2538	726.0	269.0
11112	2538	778.0	278.0
11124	2538	847.0	289.0
11136	2538	944.0	304.0
10932	2550	487.0	232.0
10944	2550	490.0	233.0
10956	2550	494.0	234.0
10968	2550	498.0	234.0
10980	2550	502.0	235.0
10992	2550	507.0	235.0
11004	2550	512.0	236.0
11016	2550	518.0	237.0
11028	2550	525.0	239.0
11040	2550	533.0	239.0
11052	2550	542.0	241.0
11064	2550	551.0	243.0
11076	2550	561.0	244.0
11088	2550	573.0	246.0
11100	2550	588.0	248.0
11112	2550	604.0	251.0
11124	2550	625.0	253.0
11136	2550	648.0	257.0
11148	2550	679.0	262.0
11160	2550	716.0	268.0
11172	2550	765.0	275.0
11184	2550	831.0	286.0
11196	2550	926.0	301.0
11208	2550	989.0	321.0
10992	2557	455.44444444444446	233.0
11004	2557	458.09090909090907	233.0
11016	2557	461.0	234.0
11028	2557	463.0	234.0
11040	2557	467.0	235.0
11052	2557	469.0	235.0
11064	2557	474.0	237.0
11076	2557	480.0	238.0
11088	2557	485.0	240.0
11100	2557	492.0	241.0
11112	2557	498.0	243.0
11124	2557	506.0	245.0
11136	2557	516.0	247.0
11148	2557	526.0	249.0
11160	2557	541.0	253.0
11172	2557	557.0	256.0
11184	2557	578.0	261.0
11196	2557	605.0	268.0
11208	2557	640.0	277.0
11220	2557	691.0	289.0
11232	2557	768.0	309.0
11244	2557	897.0	340.0
11256	2557	1006.0	389.0
11112	2581	478.0	234.0
11124	2581	478.0	234.6
11136	2581	481.0	235.0
11148	2581	487.6666666666667	236.0
11160	2581	490.0	236.0
11172	2581	495.0	237.0
11184	2581	502.0	238.0
11196	2581	507.0	239.0
11208	2581	514.0	241.0
11220	2581	521.0	242.0
11232	2581	531.0	244.0
11244	2581	539.0	246.0
11256	2581	551.0	248.0
11268	2581	561.0	249.0
11280	2581	578.0	253.0
11292	2581	594.0	255.0
11304	2581	614.0	259.0
11316	2581	638.0	264.0
11328	2581	669.0	270.0
11340	2581	708.0	278.0
11352	2581	761.0	288.0
11364	2581	834.0	302.0
11376	2581	945.0	324.0
11136	2584	454.0	235.0
11148	2584	456.0	234.0
11160	2584	460.0	235.0
11172	2584	461.0	236.0
11184	2584	467.0	237.0
11196	2584	470.0	238.0
11208	2584	475.0	239.0
11220	2584	480.0	240.0
11232	2584	485.0	242.0
11244	2584	493.0	244.0
11256	2584	500.0	245.0
11268	2584	509.0	248.0
11280	2584	519.0	250.0
11292	2584	531.0	254.0
11304	2584	546.0	257.0
11316	2584	564.0	261.0
11328	2584	588.0	268.0
11340	2584	618.0	275.0
11352	2584	660.0	286.0
11364	2584	721.0	300.0
11376	2584	816.0	325.0
11388	2584	968.0	367.0
11244	2610	456.0	235.0
11256	2610	458.0	235.0
11268	2610	461.0	235.0
11280	2610	464.0	236.0
11292	2610	468.0	237.0
11304	2610	472.0	238.0
11316	2610	478.0	239.0
11328	2610	482.0	240.0
11340	2610	488.0	241.0
11352	2610	495.0	244.0
11364	2610	504.0	246.0
11376	2610	512.0	248.0
11388	2610	523.0	250.0
11400	2610	536.0	254.0
11412	2610	552.0	258.0
11424	2610	572.0	263.0
11436	2610	596.0	269.0
11448	2610	631.0	278.0
11460	2610	679.0	290.0
11472	2610	750.0	309.0
11484	2610	868.0	340.0
11316	2630	460.0	234.0
11328	2630	463.0	234.0
11340	2630	466.0	235.0
11352	2630	470.0	236.0
11364	2630	473.0	237.0
11376	2630	479.0	238.0
11388	2630	484.0	239.0
11400	2630	488.0	240.0
11412	2630	494.0	241.0
11424	2630	502.0	244.0
11436	2630	511.0	245.0
11448	2630	520.0	248.0
11460	2630	531.0	250.0
11472	2630	543.0	254.0
11484	2630	559.0	257.0
11496	2630	578.0	261.0
11508	2630	601.0	267.0
11520	2630	632.0	274.0
11532	2630	674.0	284.0
11544	2630	733.0	298.0
11556	2630	823.0	319.0
11568	2630	963.0	356.0
11400	2652	448.0	233.0
11412	2652	451.0	234.0
11424	2652	453.0	234.0
11436	2652	456.0	235.0
11448	2652	460.0	235.0
11460	2652	461.0	236.0
11472	2652	466.6666666666667	238.0
11484	2652	473.0	239.0
11496	2652	477.0	240.0
11508	2652	484.0	242.0
11520	2652	491.0	243.0
11532	2652	497.0	245.0
11544	2652	507.0	247.0
11556	2652	517.0	249.0
11568	2652	528.0	252.0
11580	2652	543.0	256.0
11592	2652	560.0	260.0
11604	2652	582.0	265.0
11616	2652	608.0	271.0
11628	2652	645.0	280.0
11640	2652	695.0	293.0
11652	2652	765.0	310.0
11664	2652	879.0	339.0
11676	2652	998.0	391.0
11424	2658	479.0	233.0
11436	2658	484.0	234.0
11448	2658	486.0	235.0
11460	2658	491.0	236.0
11472	2658	496.0	237.0
11484	2658	501.0	237.0
11496	2658	507.0	238.0
11508	2658	514.0	240.0
11520	2658	522.0	242.0
11532	2658	530.0	243.0
11544	2658	540.0	244.0
11556	2658	551.0	246.0
11568	2658	563.0	248.0
11580	2658	582.0	252.0
11592	2658	600.0	256.0
11604	2658	623.0	260.0
11616	2658	654.0	265.0
11628	2658	694.0	272.0
11640	2658	748.0	282.0
11652	2658	824.0	296.0
11664	2658	938.0	317.0
11676	2658	970.0	294.0
11496	2686	467.0	234.0
11508	2686	469.6666666666667	235.33333333333334
11520	2686	472.0	236.0
11532	2686	478.0	238.0
11544	2686	481.0	238.0
11556	2686	487.0	241.0
11568	2686	492.0	241.0
11580	2686	498.0	243.0
11592	2686	503.0	244.0
11604	2686	511.0	246.0
11616	2686	518.0	248.0
11628	2686	528.0	250.0
11640	2686	539.0	252.0
11652	2686	552.0	256.0
11664	2686	566.0	259.0
11676	2686	584.0	264.0
11688	2686	606.0	269.0
11700	2686	635.0	276.0
11712	2686	672.0	285.0
11724	2686	720.0	296.0
11736	2686	789.0	314.0
11748	2686	899.0	340.0
11760	2686	992.0	382.0
11616	2734	433.0	231.0
11628	2734	432.85714285714283	230.85714285714286
11640	2734	436.0	232.0
11652	2734	437.0	233.0
11664	2734	439.0	232.0
11676	2734	439.0	233.0
11688	2734	441.0	234.0
11700	2734	442.0	235.0
11712	2734	444.0	235.0
11724	2734	447.0	235.0
11736	2734	450.0	237.0
11748	2734	453.0	238.0
11760	2734	458.0	238.0
11772	2734	462.0	240.0
11784	2734	465.0	241.0
11796	2734	469.0	243.0
11808	2734	475.0	244.0
11820	2734	481.0	246.0
11832	2734	487.0	249.0
11844	2734	495.0	251.0
11856	2734	506.0	255.0
11868	2734	516.0	258.0
11880	2734	530.0	262.0
11892	2734	546.0	268.0
11904	2734	568.0	275.0
11916	2734	595.0	285.0
11928	2734	635.0	298.0
11940	2734	694.0	318.0
11952	2734	791.0	351.0
11964	2734	963.0	414.0
11976	2734	1018.0	468.0
11784	2765	448.0	235.0
11796	2765	450.0	235.0
11808	2765	453.0	236.0
11820	2765	455.0	237.0
11832	2765	457.0	238.0
11844	2765	462.0	240.0
11856	2765	464.0	240.0
11868	2765	469.0	242.0
11880	2765	474.0	243.0
11892	2765	479.0	245.0
11904	2765	485.0	247.0
11916	2765	492.0	250.0
11928	2765	500.0	253.0
11940	2765	509.0	256.0
11952	2765	521.0	260.0
11964	2765	535.0	265.0
11976	2765	553.0	272.0
11988	2765	574.0	280.0
12000	2765	605.0	291.0
12012	2765	650.0	308.0
12024	2765	722.0	333.0
12036	2765	852.0	378.0
12048	2765	1016.0	477.0
11904	2785	440.0	230.0
11916	2785	442.0	230.0
11928	2785	444.0	230.0
11940	2785	446.0	231.0
11952	2785	447.0	231.8
11964	2785	448.3333333333333	231.08333333333334
11976	2785	452.2857142857143	232.0
11988	2785	454.0	233.0
12000	2785	457.61538461538464	232.53846153846155
12012	2785	460.0	234.0
12024	2785	462.0	234.0
12036	2785	464.0	235.0
12048	2785	468.0	235.0
12060	2785	471.0	235.0
12072	2785	474.0	236.0
12084	2785	477.0	237.0
12096	2785	482.0	238.0
12108	2785	486.0	239.0
12120	2785	491.0	240.0
12132	2785	496.0	241.0
12144	2785	502.0	243.0
12156	2785	507.0	244.0
12168	2785	514.0	246.0
12180	2785	522.0	247.0
12192	2785	531.0	249.0
12204	2785	542.0	252.0
12216	2785	552.0	255.0
12228	2785	566.0	258.0
12240	2785	583.0	261.0
12252	2785	602.0	266.0
12264	2785	627.0	272.0
12276	2785	658.0	280.0
12288	2785	699.0	290.0
12300	2785	756.0	304.0
12312	2785	840.0	324.0
12324	2785	963.0	355.0
12336	2785	1001.0	388.0
12084	2839	442.44444444444446	232.0
12096	2839	443.2857142857143	232.71428571428572
12108	2839	444.0	233.0
12120	2839	449.0	235.0
12132	2839	452.0	234.0
12144	2839	456.0	235.0
12156	2839	458.0	236.0
12168	2839	462.0	236.0
12180	2839	465.0	237.0
12192	2839	469.0	239.0
12204	2839	473.0	240.0
12216	2839	478.0	240.0
12228	2839	484.0	241.0
12240	2839	490.0	243.0
12252	2839	497.0	245.0
12264	2839	505.0	247.0
12276	2839	511.0	248.0
12288	2839	521.0	250.0
12300	2839	533.0	253.0
12312	2839	546.0	257.0
12324	2839	561.0	260.0
12336	2839	578.0	264.0
12348	2839	601.0	270.0
12360	2839	630.0	278.0
12372	2839	667.0	287.0
12384	2839	719.0	299.0
12396	2839	795.0	319.0
12408	2839	915.0	349.0
12420	2839	1003.0	400.0
12228	2889	426.0	229.0
12240	2889	427.5	230.0
12252	2889	428.3076923076923	230.10256410256412
12264	2889	429.2307692307692	230.4102564102564
12276	2889	430.15384615384613	230.71794871794873
12288	2889	431.0	231.0
12300	2889	431.875	231.4375
12312	2889	433.375	232.375
12324	2889	434.63157894736844	233.0
12336	2889	436.5263157894737	233.0
12348	2889	439.0	235.0
12360	2889	440.0	235.0
12372	2889	443.0	235.0
12384	2889	446.0	236.0
12396	2889	449.0	236.0
12408	2889	453.0	237.0
12420	2889	456.0	237.0
12432	2889	461.0	238.0
12444	2889	465.0	239.0
12456	2889	470.0	240.0
12468	2889	474.0	241.0
12480	2889	481.0	243.0
12492	2889	487.0	244.0
12504	2889	492.0	245.0
12516	2889	500.0	247.0
12528	2889	508.0	249.0
12540	2889	518.0	251.0
12552	2889	527.0	253.0
12564	2889	539.0	256.0
12576	2889	552.0	260.0
12588	2889	568.0	264.0
12600	2889	587.0	269.0
12612	2889	612.0	275.0
12624	2889	642.0	283.0
12636	2889	683.0	293.0
12648	2889	739.0	307.0
12660	2889	821.0	329.0
12672	2889	953.0	364.0
12684	2889	999.0	399.0
12288	2907	455.7894736842105	232.0
12300	2907	457.6842105263158	232.0
12312	2907	460.0	234.0
12324	2907	462.0	235.0
12336	2907	465.0	235.0
12348	2907	467.0	236.0
12360	2907	469.0	235.0
12372	2907	473.0	237.0
12384	2907	477.0	238.0
12396	2907	481.0	238.0
12408	2907	486.0	240.0
12420	2907	492.0	241.0
12432	2907	498.0	243.0
12444	2907	504.0	245.0
12456	2907	511.0	246.0
12468	2907	520.0	248.0
12480	2907	532.0	251.0
12492	2907	546.0	254.0
12504	2907	562.0	258.0
12516	2907	582.0	263.0
12528	2907	607.0	269.0
12540	2907	640.0	277.0
12552	2907	687.0	288.0
12564	2907	755.0	304.0
12576	2907	863.0	330.0
12588	2907	991.0	375.0
12456	2943	435.3076923076923	232.0
12468	2943	436.2307692307692	232.0
12480	2943	438.0	233.0
12492	2943	438.0	233.0
12504	2943	439.0	234.0
12516	2943	441.0	233.0
12528	2943	442.0	235.0
12540	2943	444.0	236.0
12552	2943	446.0	235.0
12564	2943	448.0	237.0
12576	2943	450.0	237.0
12588	2943	453.0	238.0
12600	2943	456.0	239.0
12612	2943	458.0	240.0
12624	2943	462.0	241.0
12636	2943	466.0	242.0
12648	2943	471.0	244.0
12660	2943	475.0	246.0
12672	2943	480.0	248.0
12684	2943	486.0	249.0
12696	2943	493.0	251.0
12708	2943	501.0	254.0
12720	2943	511.0	257.0
12732	2943	522.0	261.0
12744	2943	535.0	265.0
12756	2943	552.0	271.0
12768	2943	573.0	278.0
12780	2943	600.0	287.0
12792	2943	638.0	299.0
12804	2943	689.0	317.0
12816	2943	772.0	345.0
12828	2943	914.0	393.0
12840	2943	1014.0	474.0
12552	2958	430.0	229.0
12564	2958	430.0	229.0
12576	2958	431.0	230.0
12588	2958	431.8888888888889	231.44444444444446
12600	2958	432.9555555555556	231.9777777777778
12612	2958	434.02222222222224	232.51111111111112
12624	2958	435.0	233.0
12636	2958	436.1818181818182	233.0
12648	2958	436.72727272727275	233.0
12660	2958	438.0	234.0
12672	2958	439.4	235.0
12684	2958	441.0	235.0
12696	2958	442.0	236.0
12708	2958	445.0	236.0
12720	2958	448.0	237.0
12732	2958	450.0	239.0
12744	2958	453.0	239.0
12756	2958	457.0	240.0
12768	2958	461.0	242.0
12780	2958	464.0	242.0
12792	2958	469.0	244.0
12804	2958	474.0	246.0
12816	2958	479.0	248.0
12828	2958	486.0	250.0
12840	2958	494.0	253.0
12852	2958	503.0	256.0
12864	2958	513.0	259.0
12876	2958	527.0	264.0
12888	2958	543.0	269.0
12900	2958	562.0	276.0
12912	2958	589.0	286.0
12924	2958	626.0	299.0
12936	2958	681.0	317.0
12948	2958	768.0	347.0
12960	2958	927.0	401.0
12972	2958	1024.0	494.0
12804	3047	440.0	236.0
12816	3047	442.0	236.0
12828	3047	444.0	237.0
12840	3047	447.0	237.0
12852	3047	450.0	239.0
12864	3047	452.0	239.0
12876	3047	455.0	240.0
12888	3047	460.0	241.0
12900	3047	464.0	244.0
12912	3047	467.0	245.0
12924	3047	473.0	247.0
12936	3047	479.0	249.0
12948	3047	487.0	252.0
12960	3047	495.0	254.0
12972	3047	505.0	258.0
12984	3047	518.0	262.0
12996	3047	533.0	268.0
13008	3047	552.0	275.0
13020	3047	578.0	284.0
13032	3047	614.0	296.0
13044	3047	667.0	316.0
13056	3047	752.0	345.0
13068	3047	916.0	402.0
13080	3047	1019.0	499.0
12900	3080	444.0	235.0
12912	3080	445.0	235.0
12924	3080	447.0	237.0
12936	3080	452.0	238.0
12948	3080	455.0	238.0
12960	3080	457.0	240.0
12972	3080	460.0	241.0
12984	3080	464.0	242.0
12996	3080	468.0	244.0
13008	3080	473.0	245.0
13020	3080	478.0	247.0
13032	3080	485.0	249.0
13044	3080	490.0	251.0
13056	3080	499.0	254.0
13068	3080	507.0	257.0
13080	3080	517.0	261.0
13092	3080	532.0	266.0
13104	3080	546.0	271.0
13116	3080	568.0	279.0
13128	3080	594.0	288.0
13140	3080	631.0	301.0
13152	3080	685.0	321.0
13164	3080	770.0	351.0
13176	3080	924.0	404.0
13188	3080	1029.0	514.0
12912	3085	434.0	233.0
12924	3085	435.0	233.0
12936	3085	436.0	232.0
12948	3085	439.0	233.0
12960	3085	442.0	233.0
12972	3085	443.0	235.0
12984	3085	443.0	235.0
12996	3085	446.0	236.0
13008	3085	449.0	237.0
13020	3085	452.0	239.0
13032	3085	455.0	238.0
13044	3085	459.0	241.0
13056	3085	462.0	242.0
13068	3085	465.0	243.0
13080	3085	470.0	244.0
13092	3085	476.0	246.0
13104	3085	481.0	248.0
13116	3085	487.0	250.0
13128	3085	496.0	253.0
13140	3085	504.0	257.0
13152	3085	514.0	260.0
13164	3085	526.0	265.0
13176	3085	542.0	270.0
13188	3085	561.0	277.0
13200	3085	585.0	286.0
13212	3085	620.0	299.0
13224	3085	670.0	318.0
13236	3085	750.0	346.0
13248	3085	889.0	397.0
13260	3085	1020.0	506.0
13044	3117	440.0	233.0
13056	3117	442.0	234.0
13068	3117	443.0	234.0
13080	3117	446.0	235.0
13092	3117	448.0	236.0
13104	3117	449.0	236.0
13116	3117	452.0	237.0
13128	3117	455.0	239.0
13140	3117	457.0	240.0
13152	3117	461.0	241.0
13164	3117	465.0	242.0
13176	3117	468.0	244.0
13188	3117	473.0	246.0
13200	3117	478.0	247.0
13212	3117	486.0	250.0
13224	3117	494.0	253.0
13236	3117	504.0	256.0
13248	3117	514.0	260.0
13260	3117	528.0	265.0
13272	3117	545.0	271.0
13284	3117	567.0	279.0
13296	3117	596.0	289.0
13308	3117	638.0	304.0
13320	3117	702.0	327.0
13332	3117	811.0	365.0
13344	3117	985.0	445.0
13128	3134	430.0	234.0
13140	3134	433.0	235.0
13152	3134	433.0	234.0
13164	3134	436.0	236.0
13176	3134	437.3333333333333	235.0
13188	3134	441.0	237.0
13200	3134	443.0	238.0
13212	3134	445.0	239.0
13224	3134	449.0	240.0
13236	3134	452.0	241.0
13248	3134	458.0	243.0
13260	3134	461.0	245.0
13272	3134	465.0	246.0
13284	3134	471.0	248.0
13296	3134	478.0	251.0
13308	3134	485.0	254.0
13320	3134	494.0	256.0
13332	3134	506.0	261.0
13344	3134	521.0	265.0
13356	3134	539.0	272.0
13368	3134	561.0	280.0
13380	3134	593.0	290.0
13392	3134	637.0	305.0
13404	3134	704.0	330.0
13416	3134	816.0	367.0
13428	3134	988.0	451.0
13344	3210	428.0	231.0
13356	3210	430.0	230.0
13368	3210	431.0	232.0
13380	3210	433.0769230769231	232.0
13392	3210	434.0	232.0
13404	3210	436.0	233.0
13416	3210	437.0	234.0
13428	3210	438.0	235.0
13440	3210	441.0	235.0
13452	3210	444.0	237.0
13464	3210	446.0	238.0
13476	3210	450.0	240.0
13488	3210	452.0	240.0
13500	3210	457.0	242.0
13512	3210	461.0	244.0
13524	3210	466.0	246.0
13536	3210	471.0	248.0
13548	3210	478.0	250.0
13560	3210	486.0	253.0
13572	3210	495.0	257.0
13584	3210	507.0	261.0
13596	3210	521.0	267.0
13608	3210	540.0	274.0
13620	3210	565.0	284.0
13632	3210	602.0	298.0
13644	3210	657.0	320.0
13656	3210	753.0	355.0
13668	3210	949.0	431.0
13536	3294	429.0	230.0
13548	3294	430.0	230.0
13560	3294	432.06451612903226	231.06451612903226
13572	3294	432.83870967741933	231.83870967741936
13584	3294	433.61290322580646	232.61290322580646
13596	3294	433.0	234.0
13608	3294	436.0	235.0
13620	3294	436.0	235.0
13632	3294	439.0	236.0
13644	3294	441.0	236.0
13656	3294	442.0	237.0
13668	3294	446.0	238.0
13680	3294	449.0	238.0
13692	3294	452.0	240.0
13704	3294	457.0	241.0
13716	3294	463.0	243.0
13728	3294	470.0	245.0
13740	3294	478.0	246.0
13752	3294	487.0	249.0
13764	3294	498.0	251.0
13776	3294	510.0	255.0
13788	3294	525.0	258.0
13800	3294	542.0	263.0
13812	3294	563.0	270.0
13824	3294	590.0	278.0
13836	3294	624.0	289.0
13848	3294	676.0	306.0
13860	3294	755.0	333.0
13872	3294	899.0	384.0
13884	3294	1019.0	480.0
13752	3349	439.0	230.0
13764	3349	443.0	231.0
13776	3349	446.06666666666666	231.26666666666668
13788	3349	449.625	232.0
13800	3349	455.0	233.0
13812	3349	457.0	232.0
13824	3349	463.0	233.0
13836	3349	466.0	234.0
13848	3349	469.0	234.0
13860	3349	470.0	235.0
13872	3349	474.0	236.0
13884	3349	476.0	237.0
13896	3349	479.0	238.0
13908	3349	482.0	238.0
13920	3349	485.0	240.0
13932	3349	489.0	242.0
13944	3349	492.0	243.0
13956	3349	497.0	244.0
13968	3349	502.0	246.0
13980	3349	508.0	249.0
13992	3349	514.0	251.0
14004	3349	522.0	254.0
14016	3349	532.0	257.0
14028	3349	544.0	261.0
14040	3349	558.0	267.0
14052	3349	575.0	273.0
14064	3349	599.0	281.0
14076	3349	631.0	293.0
14088	3349	677.0	310.0
14100	3349	749.0	337.0
14112	3349	878.0	383.0
14124	3349	1013.0	479.0
13944	3411	465.0	234.0
13956	3411	467.0	234.0
13968	3411	468.0	235.0
13980	3411	468.0	235.0
13992	3411	471.0	236.0
14004	3411	474.0	235.0
14016	3411	476.0	238.0
14028	3411	478.0	239.0
14040	3411	482.0	238.0
14052	3411	486.0	240.0
14064	3411	490.0	242.0
14076	3411	495.0	243.0
14088	3411	500.0	245.0
14100	3411	506.0	248.0
14112	3411	512.0	249.0
14124	3411	521.0	252.0
14136	3411	531.0	256.0
14148	3411	541.0	260.0
14160	3411	557.0	265.0
14172	3411	575.0	271.0
14184	3411	598.0	280.0
14196	3411	631.0	291.0
14208	3411	678.0	308.0
14220	3411	753.0	334.0
14232	3411	885.0	381.0
14244	3411	1018.0	482.0
14148	3449	466.0	231.0
14160	3449	467.0	231.0
14172	3449	468.0	232.0
14184	3449	469.8333333333333	232.41666666666666
14196	3449	472.0	234.0
14208	3449	474.0	234.0
14220	3449	477.0	235.0
14232	3449	478.0	235.0
14244	3449	483.0	236.0
14256	3449	486.0	238.0
14268	3449	490.0	239.0
14280	3449	494.0	241.0
14292	3449	500.0	243.0
14304	3449	505.0	245.0
14316	3449	511.0	246.0
14328	3449	517.0	249.0
14340	3449	526.0	252.0
14352	3449	537.0	255.0
14364	3449	549.0	260.0
14376	3449	564.0	265.0
14388	3449	584.0	272.0
14400	3449	611.0	281.0
14412	3449	647.0	294.0
14424	3449	702.0	313.0
14436	3449	791.0	344.0
14448	3449	958.0	405.0
14376	3529	482.0	232.0
14388	3529	484.6666666666667	233.0
14400	3529	489.0	234.0
14412	3529	491.0	235.0
14424	3529	495.0	236.0
14436	3529	499.0	237.0
14448	3529	504.0	237.0
14460	3529	510.0	238.0
14472	3529	515.0	240.0
14484	3529	520.0	241.0
14496	3529	528.0	243.0
14508	3529	537.0	245.0
14520	3529	547.0	248.0
14532	3529	558.0	250.0
14544	3529	571.0	254.0
14556	3529	588.0	258.0
14568	3529	609.0	262.0
14580	3529	636.0	269.0
14592	3529	671.0	278.0
14604	3529	719.0	290.0
14616	3529	792.0	308.0
14628	3529	907.0	337.0
14640	3529	1003.0	385.0
14448	3536	480.0	231.0
14460	3536	482.0	232.0
14472	3536	483.0	233.0
14484	3536	485.0	233.0
14496	3536	488.0	234.0
14508	3536	492.0	234.0
14520	3536	495.0	235.0
14532	3536	498.0	235.0
14544	3536	502.0	237.0
14556	3536	507.0	238.0
14568	3536	510.0	239.0
14580	3536	516.0	240.0
14592	3536	523.0	242.0
14604	3536	529.0	244.0
14616	3536	538.0	246.0
14628	3536	547.0	248.0
14640	3536	558.0	250.0
14652	3536	571.0	253.0
14664	3536	587.0	258.0
14676	3536	606.0	262.0
14688	3536	630.0	268.0
14700	3536	661.0	276.0
14712	3536	703.0	286.0
14724	3536	763.0	301.0
14736	3536	855.0	324.0
14748	3536	977.0	363.0
14496	3549	461.75	230.25
14508	3549	464.0	231.0
14520	3549	466.0	232.0
14532	3549	467.0	232.0
14544	3549	471.0	233.0
14556	3549	473.0	232.0
14568	3549	477.0	234.0
14580	3549	479.0	234.0
14592	3549	483.0	235.0
14604	3549	487.0	237.0
14616	3549	491.0	237.0
14628	3549	496.0	239.0
14640	3549	501.0	240.0
14652	3549	508.0	242.0
14664	3549	515.0	244.0
14676	3549	523.0	246.0
14688	3549	534.0	248.0
14700	3549	544.0	251.0
14712	3549	558.0	254.0
14724	3549	575.0	258.0
14736	3549	595.0	264.0
14748	3549	622.0	270.0
14760	3549	657.0	279.0
14772	3549	707.0	292.0
14784	3549	781.0	311.0
14796	3549	902.0	342.0
14808	3549	1006.0	400.0
14652	3588	467.0	232.0
14664	3588	468.42857142857144	233.0
14676	3588	469.0	233.0
14688	3588	470.0	234.0
14700	3588	473.0	234.0
14712	3588	475.0	236.0
14724	3588	476.0	235.0
14736	3588	479.0	237.0
14748	3588	483.0	238.0
14760	3588	485.0	239.0
14772	3588	490.0	241.0
14784	3588	495.0	243.0
14796	3588	499.0	244.0
14808	3588	506.0	247.0
14820	3588	512.0	249.0
14832	3588	522.0	252.0
14844	3588	533.0	256.0
14856	3588	546.0	261.0
14868	3588	563.0	267.0
14880	3588	586.0	275.0
14892	3588	617.0	286.0
14904	3588	662.0	302.0
14916	3588	735.0	328.0
14928	3588	868.0	377.0
14940	3588	1017.0	483.0
14748	3601	443.0	225.0
14760	3601	444.0	226.0
14772	3601	445.0	226.0
14784	3601	444.0	225.0
14796	3601	444.0	225.0
14808	3601	445.0	226.0
14820	3601	445.0	226.0
14832	3601	447.0	227.0
14844	3601	447.0	227.0
14856	3601	448.0	227.0
14868	3601	448.0	227.0
14880	3601	448.0	226.0
14892	3601	448.6923076923077	227.0
14904	3601	450.0	228.0
14916	3601	450.0	228.0
14928	3601	451.0	228.0
14940	3601	453.0	227.0
14952	3601	453.0	228.0
14964	3601	454.0	229.0
14976	3601	455.0	229.0
14988	3601	457.0	230.0
15000	3601	458.0	229.0
15012	3601	459.5	231.25
15024	3601	461.2	232.0
15036	3601	462.0	232.0
15048	3601	465.0	232.0
15060	3601	467.0	232.0
15072	3601	468.0	233.0
15084	3601	469.0	234.0
15096	3601	474.0	234.0
15108	3601	476.0	235.0
15120	3601	480.0	236.0
15132	3601	483.0	237.0
15144	3601	486.0	237.0
15156	3601	490.0	239.0
15168	3601	495.0	241.0
15180	3601	499.0	241.0
15192	3601	507.0	243.0
15204	3601	512.0	244.0
15216	3601	520.0	246.0
15228	3601	528.0	248.0
15240	3601	535.0	250.0
15252	3601	547.0	253.0
15264	3601	558.0	256.0
15276	3601	573.0	259.0
15288	3601	590.0	264.0
15300	3601	613.0	270.0
15312	3601	640.0	277.0
15324	3601	679.0	287.0
15336	3601	731.0	301.0
15348	3601	808.0	322.0
15360	3601	931.0	354.0
15372	3601	1004.0	406.0
14772	3611	466.0	234.0
14784	3611	467.0	235.0
14796	3611	468.0	235.0
14808	3611	470.0	235.0
14820	3611	472.0	237.0
14832	3611	474.0	238.0
14844	3611	477.0	238.0
14856	3611	480.0	240.0
14868	3611	483.0	241.0
14880	3611	487.0	243.0
14892	3611	492.0	245.0
14904	3611	496.0	247.0
14916	3611	503.0	250.0
14928	3611	510.0	252.0
14940	3611	519.0	256.0
14952	3611	531.0	260.0
14964	3611	544.0	265.0
14976	3611	562.0	271.0
14988	3611	585.0	280.0
15000	3611	617.0	291.0
15012	3611	662.0	308.0
15024	3611	733.0	333.0
15036	3611	858.0	378.0
15048	3611	1008.0	474.0
14820	3623	490.0	233.0
14832	3623	494.0	235.0
14844	3623	499.0	235.0
14856	3623	502.0	236.0
14868	3623	508.0	238.0
14880	3623	511.0	238.0
14892	3623	517.0	240.0
14904	3623	522.0	242.0
14916	3623	530.0	243.0
14928	3623	537.0	245.0
14940	3623	546.0	248.0
14952	3623	557.0	250.0
14964	3623	569.0	253.0
14976	3623	584.0	256.0
14988	3623	601.0	262.0
15000	3623	623.0	267.0
15012	3623	651.0	270.0
15024	3623	690.0	272.0
15036	3623	752.0	292.0
15048	3623	829.0	316.0
15060	3623	949.0	346.0
15072	3623	998.0	382.0
14976	3646	524.0	231.0
14988	3646	529.0	234.0
15000	3646	534.0	234.0
15012	3646	539.0	235.0
15024	3646	545.0	235.0
15036	3646	551.0	237.0
15048	3646	559.0	238.0
15060	3646	566.0	239.0
15072	3646	576.0	241.0
15084	3646	586.0	242.0
15096	3646	597.0	244.0
15108	3646	610.0	246.0
15120	3646	626.0	249.0
15132	3646	643.0	251.0
15144	3646	667.0	254.0
15156	3646	694.0	259.0
15168	3646	727.0	264.0
15180	3646	770.0	271.0
15192	3646	827.0	279.0
15204	3646	904.0	292.0
15216	3646	977.0	307.0
15048	3665	492.0	234.0
15060	3665	495.0	234.0
15072	3665	498.0	236.0
15084	3665	502.0	236.0
15096	3665	507.0	237.0
15108	3665	510.0	238.0
15120	3665	517.0	239.0
15132	3665	523.0	242.0
15144	3665	530.0	243.0
15156	3665	538.0	245.0
15168	3665	547.0	247.0
15180	3665	559.0	249.0
15192	3665	572.0	253.0
15204	3665	587.0	256.0
15216	3665	606.0	261.0
15228	3665	629.0	266.0
15240	3665	660.0	273.0
15252	3665	700.0	283.0
15264	3665	758.0	297.0
15276	3665	843.0	318.0
15288	3665	968.0	352.0
15168	3696	478.0	231.0
15180	3696	479.0	231.0
15192	3696	482.0	232.0
15204	3696	484.0	233.0
15216	3696	487.0	233.0
15228	3696	489.0	235.0
15240	3696	492.0	235.0
15252	3696	496.0	235.0
15264	3696	498.0	236.0
15276	3696	502.0	237.0
15288	3696	507.0	239.0
15300	3696	512.0	239.0
15312	3696	516.0	240.0
15324	3696	522.0	242.0
15336	3696	529.0	243.0
15348	3696	537.0	245.0
15360	3696	545.0	247.0
15372	3696	555.0	250.0
15384	3696	567.0	252.0
15396	3696	580.0	256.0
15408	3696	596.0	259.0
15420	3696	616.0	265.0
15432	3696	642.0	271.0
15444	3696	673.0	278.0
15456	3696	717.0	289.0
15468	3696	777.0	303.0
15480	3696	867.0	325.0
15492	3696	978.0	361.0
15204	3708	953.0	260.0
15216	3708	923.0	256.0
15228	3708	893.0	254.0
15240	3708	866.0	251.0
15252	3708	841.0	251.0
15264	3708	819.0	248.0
15276	3708	801.0	246.0
15288	3708	783.0	245.0
15300	3708	766.0	244.0
15312	3708	753.0	243.0
15324	3708	738.0	241.0
15336	3708	726.0	240.0
15348	3708	715.0	239.0
15360	3708	704.9130434782609	238.1304347826087
15372	3708	696.5652173913044	238.65217391304347
15384	3708	688.0746268656717	239.0597014925373
15396	3708	679.2985074626865	239.23880597014926
15408	3708	670.5223880597015	239.4179104477612
15420	3708	661.7462686567164	239.59701492537314
15432	3708	652.9701492537314	239.77611940298507
15444	3708	644.1940298507462	239.955223880597
15456	3708	656.0	246.0
15468	3708	679.0	251.0
15480	3708	704.0	254.0
15492	3708	737.0	260.0
15504	3708	774.0	264.0
15516	3708	820.0	265.0
15528	3708	888.0	273.0
15540	3708	963.0	285.0
15264	3733	442.0	225.0
15276	3733	443.0	225.0
15288	3733	444.0	225.0
15300	3733	444.0	224.0
15312	3733	445.0	225.0
15324	3733	445.0	226.0
15336	3733	446.0	226.0
15348	3733	446.6666666666667	226.0
15360	3733	448.0	226.0
15372	3733	449.0	226.0
15384	3733	449.0	226.0
15396	3733	449.0	227.0
15408	3733	449.27272727272725	227.27272727272728
15420	3733	451.0	229.0
15432	3733	451.8780487804878	228.21951219512195
15444	3733	453.0487804878049	228.5121951219512
15456	3733	454.219512195122	228.8048780487805
15468	3733	455.0	230.0
15480	3733	455.0	229.0
15492	3733	455.38461538461536	229.69230769230768
15504	3733	457.7692307692308	231.0
15516	3733	460.0	232.0
15528	3733	460.57142857142856	232.0
15540	3733	461.0	233.0
15552	3733	464.0	233.0
15564	3733	464.0	233.0
15576	3733	467.0	234.0
15588	3733	468.0	235.0
15600	3733	471.0	236.0
15612	3733	474.0	237.0
15624	3733	477.0	238.0
15636	3733	480.0	239.0
15648	3733	484.0	240.0
15660	3733	488.0	241.0
15672	3733	493.0	243.0
15684	3733	500.0	245.0
15696	3733	506.0	248.0
15708	3733	514.0	250.0
15720	3733	523.0	253.0
15732	3733	536.0	257.0
15744	3733	552.0	262.0
15756	3733	573.0	268.0
15768	3733	597.0	275.0
15780	3733	633.0	287.0
15792	3733	688.0	303.0
15804	3733	771.0	329.0
15816	3733	925.0	377.0
15828	3733	1018.0	448.0
15264	3734	479.0	231.0
15276	3734	481.6363636363636	231.0
15288	3734	484.0	232.0
15300	3734	486.0	233.0
15312	3734	488.0	233.0
15324	3734	491.0	234.0
15336	3734	495.0	234.0
15348	3734	498.0	235.0
15360	3734	502.0	236.0
15372	3734	505.0	237.0
15384	3734	511.0	238.0
15396	3734	519.0	240.0
15408	3734	525.0	242.0
15420	3734	532.0	243.0
15432	3734	542.0	245.0
15444	3734	552.0	248.0
15456	3734	565.0	251.0
15468	3734	579.0	255.0
15480	3734	597.0	258.0
15492	3734	620.0	263.0
15504	3734	651.0	271.0
15516	3734	692.0	280.0
15528	3734	752.0	295.0
15540	3734	841.0	315.0
15552	3734	972.0	350.0
15732	3956	506.0	236.0
15744	3956	511.0	238.0
15756	3956	517.0	239.0
15768	3956	523.0	242.0
15780	3956	531.0	243.0
15792	3956	540.0	245.0
15804	3956	550.0	247.0
15816	3956	562.0	249.0
15828	3956	562.0	240.0
15840	3956	565.6	239.0
15852	3956	578.0	241.0
15864	3956	590.0	243.0
15876	3956	603.0	246.0
15888	3956	619.0	248.0
15900	3956	637.0	251.0
15912	3956	660.0	254.0
15924	3956	686.0	258.0
15936	3956	721.0	264.0
15948	3956	764.0	271.0
15960	3956	822.0	280.0
15972	3956	905.0	294.0
15816	3986	499.47058823529414	230.41176470588235
15828	3986	503.0	231.0
15840	3986	508.0	231.0
15852	3986	508.6	232.1
15864	3986	515.3333333333334	232.33333333333334
15876	3986	518.5	232.5
15888	3986	524.0	234.0
15900	3986	529.0	236.0
15912	3986	535.0	236.0
15924	3986	541.0	238.0
15936	3986	546.0	239.0
15948	3986	555.0	240.0
15960	3986	564.0	242.0
15972	3986	576.0	244.0
15984	3986	586.0	246.0
15996	3986	599.0	248.0
16008	3986	615.0	250.0
16020	3986	635.0	252.0
16032	3986	660.0	256.0
16044	3986	687.0	258.0
16056	3986	724.0	264.0
16068	3986	777.0	277.0
16080	3986	843.0	291.0
16092	3986	944.0	311.0
16104	3986	972.0	319.0
16116	3986	986.0	329.0
16128	3986	985.0	317.0
16140	3986	999.0	334.0
15864	4006	472.0	229.0
15876	4006	474.0769230769231	230.0
15888	4006	475.9230769230769	230.0
15900	4006	477.0	231.0
15912	4006	480.0	230.0
15924	4006	483.0	232.0
15936	4006	485.0	233.0
15948	4006	485.8333333333333	233.0
15960	4006	489.0	234.0
15972	4006	491.0	235.0
15984	4006	497.0	235.0
15996	4006	499.0	237.0
16008	4006	503.0	237.0
16020	4006	509.0	239.0
16032	4006	514.0	241.0
16044	4006	519.0	242.0
16056	4006	527.0	244.0
16068	4006	535.0	246.0
16080	4006	544.0	248.0
16092	4006	556.0	251.0
16104	4006	571.0	254.0
16116	4006	588.0	259.0
16128	4006	609.0	264.0
16140	4006	636.0	271.0
16152	4006	675.0	281.0
16164	4006	730.0	295.0
16176	4006	815.0	317.0
16188	4006	957.0	354.0
16152	4066	520.0	232.0
16164	4066	526.0	232.0
16176	4066	529.0	234.0
16188	4066	535.0	235.0
16200	4066	540.0	235.0
16212	4066	547.0	236.0
16224	4066	554.0	237.0
16236	4066	563.0	239.0
16248	4066	571.0	240.0
16260	4066	583.0	242.0
16272	4066	593.0	243.0
16284	4066	607.0	245.0
16296	4066	623.0	248.0
16308	4066	643.0	251.0
16320	4066	666.0	254.0
16332	4066	695.0	259.0
16344	4066	732.0	265.0
16356	4066	777.0	272.0
16368	4066	840.0	282.0
16380	4066	926.0	295.0
16392	4066	986.0	313.0
16224	4091	475.8333333333333	230.0
16236	4091	478.0	231.0
16248	4091	479.5	231.0
16260	4091	482.0	232.0
16272	4091	485.0	232.0
16284	4091	487.0	233.0
16296	4091	490.0	234.0
16308	4091	493.0	234.0
16320	4091	497.0	235.0
16332	4091	500.0	236.0
16344	4091	504.0	237.0
16356	4091	509.0	238.0
16368	4091	514.0	240.0
16380	4091	520.0	242.0
16392	4091	526.0	243.0
16404	4091	534.0	245.0
16416	4091	543.0	248.0
16428	4091	553.0	250.0
16440	4091	567.0	254.0
16452	4091	581.0	258.0
16464	4091	603.0	263.0
16476	4091	628.0	270.0
16488	4091	662.0	279.0
16500	4091	708.0	290.0
16512	4091	776.0	308.0
16524	4091	883.0	336.0
16536	4091	995.0	386.0
16404	4125	479.0	232.0
16416	4125	481.0	232.0
16428	4125	484.3103448275862	232.41379310344828
16440	4125	487.62068965517244	232.82758620689654
16452	4125	492.0	235.0
16464	4125	495.0	235.0
16476	4125	500.0	237.0
16488	4125	504.0	239.0
16500	4125	510.0	239.0
16512	4125	516.0	241.0
16524	4125	523.0	243.0
16536	4125	529.0	245.0
16548	4125	539.0	248.0
16560	4125	549.0	250.0
16572	4125	562.0	253.0
16584	4125	579.0	257.0
16596	4125	599.0	262.0
16608	4125	625.0	268.0
16620	4125	659.0	277.0
16632	4125	707.0	289.0
16644	4125	779.0	307.0
16656	4125	895.0	336.0
16668	4125	1000.0	388.0
16488	4162	470.0	229.0
16500	4162	471.38709677419354	229.19354838709677
16512	4162	472.93548387096774	229.96774193548387
16524	4162	474.48387096774195	230.74193548387098
16536	4162	478.0	231.0
16548	4162	480.0	232.0
16560	4162	482.0	233.0
16572	4162	485.0	233.0
16584	4162	488.0	233.0
16596	4162	492.0	234.0
16608	4162	495.0	235.0
16620	4162	500.0	235.0
16632	4162	505.0	237.0
16644	4162	509.0	238.0
16656	4162	517.0	240.0
16668	4162	523.0	242.0
16680	4162	531.0	243.0
16692	4162	542.0	246.0
16704	4162	553.0	249.0
16716	4162	566.0	252.0
16728	4162	583.0	256.0
16740	4162	604.0	261.0
16752	4162	631.0	267.0
16764	4162	669.0	276.0
16776	4162	720.0	288.0
16788	4162	797.0	307.0
16800	4162	930.0	339.0
16812	4162	1008.0	383.0
16656	4220	497.3636363636364	231.0
16668	4220	501.0	231.0
16680	4220	503.2	231.4
16692	4220	506.08	232.36
16704	4220	510.0	233.0
16716	4220	515.0	235.0
16728	4220	519.0	235.0
16740	4220	523.0	235.0
16752	4220	529.0	237.0
16764	4220	536.0	238.0
16776	4220	543.0	240.0
16788	4220	551.0	241.0
16800	4220	560.0	243.0
16812	4220	570.0	245.0
16824	4220	582.0	247.0
16836	4220	597.0	249.0
16848	4220	614.0	253.0
16860	4220	635.0	256.0
16872	4220	662.0	261.0
16884	4220	695.0	267.0
16896	4220	740.0	275.0
16908	4220	800.0	286.0
16920	4220	886.0	302.0
16932	4220	980.0	327.0
16740	4249	500.0	231.0
16752	4249	503.6666666666667	232.55555555555554
16764	4249	506.0	233.0
16776	4249	510.0	234.0
16788	4249	516.0	234.0
16800	4249	519.0	236.0
16812	4249	526.0	237.0
16824	4249	531.0	237.0
16836	4249	537.0	238.0
16848	4249	544.0	240.0
16860	4249	552.0	241.0
16872	4249	562.0	243.0
16884	4249	571.0	245.0
16896	4249	584.0	248.0
16908	4249	598.0	250.0
16920	4249	615.0	253.0
16932	4249	636.0	257.0
16944	4249	661.0	261.0
16956	4249	693.0	267.0
16968	4249	733.0	275.0
16980	4249	789.0	285.0
16992	4249	866.0	300.0
17004	4249	969.0	323.0
16860	4279	473.0	229.0
16872	4279	474.0	231.0
16884	4279	475.5	231.0
16896	4279	479.0	231.0
16908	4279	482.0	233.0
16920	4279	485.0	233.0
16932	4279	488.0	235.0
16944	4279	492.0	236.0
16956	4279	496.0	236.0
16968	4279	500.0	237.0
16980	4279	506.0	238.0
16992	4279	511.0	240.0
17004	4279	519.0	241.0
17016	4279	528.0	244.0
17028	4279	537.0	246.0
17040	4279	549.0	249.0
17052	4279	564.0	253.0
17064	4279	583.0	258.0
17076	4279	607.0	264.0
17088	4279	640.0	272.0
17100	4279	685.0	283.0
17112	4279	753.0	300.0
17124	4279	865.0	329.0
17136	4279	1002.0	387.0
16872	4282	507.0	232.0
16884	4282	509.0	233.0
16896	4282	514.0	234.0
16908	4282	518.0	235.0
16920	4282	524.0	235.0
16932	4282	530.0	237.0
16944	4282	536.0	238.0
16956	4282	544.0	240.0
16968	4282	553.0	241.0
16980	4282	562.0	243.0
16992	4282	574.0	245.0
17004	4282	589.0	248.0
17016	4282	605.0	251.0
17028	4282	627.0	255.0
17040	4282	653.0	260.0
17052	4282	688.0	266.0
17064	4282	734.0	274.0
17076	4282	800.0	287.0
17088	4282	895.0	305.0
17100	4282	991.0	337.0
17016	4297	503.0	231.0
17028	4297	508.0	231.0
17040	4297	514.0	233.0
17052	4297	517.0	233.0
17064	4297	524.0	236.0
17076	4297	527.0	235.0
17088	4297	534.0	236.0
17100	4297	540.0	238.0
17112	4297	548.0	239.0
17124	4297	556.0	241.0
17136	4297	566.0	242.0
17148	4297	577.0	245.0
17160	4297	588.0	247.0
17172	4297	605.0	249.0
17184	4297	622.0	253.0
17196	4297	644.0	257.0
17208	4297	672.0	262.0
17220	4297	708.0	269.0
17232	4297	755.0	278.0
17244	4297	819.0	290.0
17256	4297	917.0	309.0
17268	4297	978.0	330.0
17280	4297	987.0	331.0
17292	4297	993.0	343.0
17304	4297	996.0	339.0
17112	4304	477.8	229.0
17124	4304	480.0	229.0
17136	4304	482.0	230.0
17148	4304	484.0	231.0
17160	4304	485.0	232.0
17172	4304	488.0	232.0
17184	4304	492.0	232.0
17196	4304	495.0	234.0
17208	4304	499.0	234.0
17220	4304	502.0	235.0
17232	4304	507.0	237.0
17244	4304	512.0	237.0
17256	4304	519.0	239.0
17268	4304	525.0	241.0
17280	4304	534.0	243.0
17292	4304	543.0	246.0
17304	4304	554.0	248.0
17316	4304	568.0	252.0
17328	4304	584.0	255.0
17340	4304	606.0	261.0
17352	4304	633.0	268.0
17364	4304	671.0	277.0
17376	4304	725.0	290.0
17388	4304	811.0	312.0
17400	4304	956.0	348.0
17136	4308	464.0	227.0
17148	4308	465.0	227.0
17160	4308	465.0	227.0
17172	4308	466.0	227.0
17184	4308	468.0	228.0
17196	4308	469.0	228.0
17208	4308	470.0	227.0
17220	4308	471.0	228.0
17232	4308	473.0	228.0
17244	4308	474.0	229.0
17256	4308	475.0	229.0
17268	4308	477.0	229.0
17280	4308	480.0	230.0
17292	4308	483.0	230.0
17304	4308	485.0	232.0
17316	4308	487.0	232.0
17328	4308	490.0	232.0
17340	4308	494.0	233.0
17352	4308	496.0	235.0
17364	4308	500.0	236.0
17376	4308	505.0	236.0
17388	4308	510.0	238.0
17400	4308	515.0	239.0
17412	4308	521.0	241.0
17424	4308	529.0	243.0
17436	4308	537.0	244.0
17448	4308	547.0	248.0
17460	4308	558.0	250.0
17472	4308	571.0	253.0
17484	4308	588.0	257.0
17496	4308	608.0	262.0
17508	4308	635.0	269.0
17520	4308	671.0	277.0
17532	4308	720.0	290.0
17544	4308	793.0	307.0
17556	4308	904.0	334.0
17568	4308	991.0	383.0
17580	4308	992.0	379.0
17592	4308	990.0	391.0
17604	4308	996.0	387.0
17136	4313	513.0	230.0
17148	4313	516.9487179487179	230.28205128205127
17160	4313	521.2564102564103	230.5897435897436
17172	4313	525.5641025641025	230.89743589743588
17184	4313	530.0	231.0
17196	4313	535.0	232.0
17208	4313	540.25	232.75
17220	4313	547.0	234.0
17232	4313	553.0	235.0
17244	4313	561.0	236.0
17256	4313	569.0	237.0
17268	4313	580.0	238.0
17280	4313	591.0	240.0
17292	4313	603.0	241.0
17304	4313	617.0	243.0
17316	4313	635.0	245.0
17328	4313	655.0	248.0
17340	4313	679.0	251.0
17352	4313	708.0	256.0
17364	4313	745.0	261.0
17376	4313	794.0	268.0
17388	4313	863.0	277.0
17400	4313	956.0	287.0
17316	4354	442.0	224.0
17328	4354	442.0	225.0
17340	4354	442.0	225.0
17352	4354	441.0	226.0
17364	4354	443.0	225.0
17376	4354	443.0	225.0
17388	4354	443.45454545454544	225.0
17400	4354	444.0	226.0
17412	4354	444.0	226.0
17424	4354	444.0	227.0
17436	4354	444.0	226.0
17448	4354	445.2857142857143	226.0
17460	4354	447.0	227.0
17472	4354	448.6	228.0
17484	4354	449.0	229.0
17496	4354	449.8888888888889	228.0
17508	4354	452.0	229.0
17520	4354	453.6	229.3
17532	4354	454.8	229.9
17544	4354	457.0	231.0
17556	4354	458.0	231.0
17568	4354	462.0	232.0
17580	4354	463.3333333333333	232.66666666666666
17592	4354	466.0	234.0
17604	4354	469.0	234.0
17616	4354	472.0	235.0
17628	4354	476.0	237.0
17640	4354	480.0	238.0
17652	4354	485.0	240.0
17664	4354	491.0	242.0
17676	4354	498.0	244.0
17688	4354	506.0	247.0
17700	4354	517.0	250.0
17712	4354	530.0	254.0
17724	4354	548.0	258.0
17736	4354	572.0	265.0
17748	4354	603.0	274.0
17760	4354	651.0	287.0
17772	4354	723.0	306.0
17784	4354	854.0	342.0
17796	4354	1012.0	419.0
17592	4450	501.0416666666667	231.29166666666666
17604	4450	504.5416666666667	231.79166666666666
17616	4450	507.0	232.0
17628	4450	511.0	232.0
17640	4450	516.0	235.0
17652	4450	520.0	235.0
17664	4450	525.0	237.0
17676	4450	530.0	236.0
17688	4450	536.0	237.0
17700	4450	541.0	239.0
17712	4450	550.0	240.0
17724	4450	557.0	241.0
17736	4450	564.48	242.0
17748	4450	571.2	242.0
17760	4450	585.0	246.0
17772	4450	602.0	249.0
17784	4450	619.0	253.0
17796	4450	640.0	256.0
17808	4450	666.0	261.0
17820	4450	698.0	267.0
17832	4450	740.0	274.0
17844	4450	796.0	284.0
17856	4450	877.0	299.0
17868	4450	973.0	321.0
17652	4464	434.0	227.0
17664	4464	436.0	227.0
17676	4464	436.0	227.0
17688	4464	437.0	227.0
17700	4464	438.0	227.0
17712	4464	439.0	228.0
17724	4464	439.0	228.0
17736	4464	440.0	228.0
17748	4464	442.0	228.0
17760	4464	443.0	229.0
17772	4464	444.0	229.0
17784	4464	445.0	230.0
17796	4464	446.0	229.0
17808	4464	447.0	229.0
17820	4464	448.0	230.0
17832	4464	450.0	231.0
17844	4464	451.0	231.0
17856	4464	451.0	231.0
17868	4464	452.0	233.0
17880	4464	453.0	233.0
17892	4464	455.0	234.0
17904	4464	457.0	234.0
17916	4464	458.0	234.0
17928	4464	461.0	236.0
17940	4464	463.0	235.0
17952	4464	465.0	237.0
17964	4464	468.0	238.0
17976	4464	470.0	238.0
17988	4464	474.0	240.0
18000	4464	479.0	242.0
18012	4464	482.0	242.0
18024	4464	485.0	244.0
18036	4464	490.0	246.0
18048	4464	496.0	248.0
18060	4464	503.0	249.0
18072	4464	508.0	252.0
18084	4464	516.0	255.0
18096	4464	525.0	258.0
18108	4464	536.0	262.0
18120	4464	550.0	267.0
18132	4464	565.0	274.0
18144	4464	586.0	281.0
18156	4464	612.0	292.0
18168	4464	648.0	305.0
18180	4464	701.0	326.0
18192	4464	786.0	360.0
18204	4464	945.0	422.0
18216	4464	1019.0	525.0
17724	4471	495.0	237.0
17736	4471	495.0	236.0
17748	4471	500.5	237.0
17760	4471	502.0	236.0
17772	4471	508.0	239.0
17784	4471	512.0	240.0
17796	4471	519.0	242.0
17808	4471	523.0	243.0
17820	4471	530.0	244.0
17832	4471	537.0	246.0
17844	4471	544.0	248.0
17856	4471	553.0	250.0
17868	4471	565.0	253.0
17880	4471	577.0	256.0
17892	4471	592.0	259.0
17904	4471	609.0	263.0
17916	4471	631.0	268.0
17928	4471	659.0	276.0
17940	4471	693.0	284.0
17952	4471	723.0	276.0
17964	4471	802.0	308.0
17976	4471	904.0	336.0
17988	4471	990.0	376.0
17724	4473	463.0	235.0
17736	4473	467.0	234.0
17748	4473	468.0	236.0
17760	4473	470.0	236.0
17772	4473	473.0	237.0
17784	4473	476.0	239.0
17796	4473	480.0	240.0
17808	4473	485.0	242.0
17820	4473	489.0	243.0
17832	4473	496.0	246.0
17844	4473	503.0	248.0
17856	4473	511.0	250.0
17868	4473	520.0	254.0
17880	4473	532.0	258.0
17892	4473	548.0	264.0
17904	4473	566.0	270.0
17916	4473	593.0	280.0
17928	4473	628.0	292.0
17940	4473	681.0	311.0
17952	4473	769.0	343.0
17964	4473	942.0	406.0
17796	4486	519.0	232.0
17808	4486	523.0	232.0
17820	4486	529.5	237.5
17832	4486	533.0	237.0
17844	4486	537.0	237.0
17856	4486	543.0	238.0
17868	4486	554.0	240.0
17880	4486	563.0	242.0
17892	4486	572.0	243.0
17904	4486	581.0	242.0
17916	4486	596.0	244.0
17928	4486	611.0	247.0
17940	4486	635.0	254.0
17952	4486	660.0	260.0
17964	4486	691.0	266.0
17976	4486	732.0	273.0
17988	4486	782.0	283.0
18000	4486	852.0	295.0
18012	4486	955.0	316.0
18024	4486	966.0	316.0
18036	4486	992.0	334.0
18048	4486	986.0	323.0
17880	4498	491.0	235.0
17892	4498	494.0	236.0
17904	4498	498.0	237.0
17916	4498	502.0	238.0
17928	4498	506.0	239.0
17940	4498	510.0	240.0
17952	4498	517.0	241.0
17964	4498	523.0	243.0
17976	4498	530.0	245.0
17988	4498	537.0	246.0
18000	4498	547.0	249.0
18012	4498	558.0	252.0
18024	4498	572.0	255.0
18036	4498	587.0	259.0
18048	4498	605.0	263.0
18060	4498	628.0	269.0
18072	4498	658.0	277.0
18084	4498	699.0	287.0
18096	4498	756.0	302.0
18108	4498	842.0	324.0
18120	4498	967.0	359.0
18096	4562	484.0	228.0
18108	4562	485.0	228.0
18120	4562	487.0	228.0
18132	4562	490.0	229.0
18144	4562	492.0	228.0
18156	4562	494.72727272727275	228.36363636363637
18168	4562	497.0	230.0
18180	4562	502.0	230.0
18192	4562	505.0	231.0
18204	4562	506.0	232.0
18216	4562	510.0	232.0
18228	4562	515.0	234.0
18240	4562	518.0	234.0
18252	4562	522.0	235.0
18264	4562	527.0	236.0
18276	4562	534.0	237.0
18288	4562	541.0	238.0
18300	4562	547.0	240.0
18312	4562	556.0	241.0
18324	4562	564.0	243.0
18336	4562	576.0	245.0
18348	4562	588.0	248.0
18360	4562	602.0	250.0
18372	4562	619.0	253.0
18384	4562	641.0	257.0
18396	4562	667.0	262.0
18408	4562	701.0	268.0
18420	4562	745.0	276.0
18432	4562	805.0	287.0
18444	4562	888.0	303.0
18456	4562	974.0	328.0
18468	4562	964.0	298.0
18480	4562	993.0	332.0
18492	4562	992.0	329.0
18204	4610	452.0	228.0
18216	4610	453.0	228.0
18228	4610	453.0	227.0
18240	4610	455.2	228.2
18252	4610	457.0	230.0
18264	4610	459.0	229.0
18276	4610	460.0	229.0
18288	4610	462.0	231.0
18300	4610	464.0	232.0
18312	4610	465.0	232.0
18324	4610	468.0	233.0
18336	4610	471.0	233.0
18348	4610	474.0	233.0
18360	4610	477.0	234.0
18372	4610	481.0	235.0
18384	4610	485.0	236.0
18396	4610	490.0	237.0
18408	4610	494.0	239.0
18420	4610	499.0	240.0
18432	4610	506.0	242.0
18444	4610	514.0	243.0
18456	4610	522.0	245.0
18468	4610	532.0	248.0
18480	4610	543.0	251.0
18492	4610	557.0	254.0
18504	4610	573.0	257.0
18516	4610	594.0	262.0
18528	4610	619.0	269.0
18540	4610	654.0	277.0
18552	4610	702.0	289.0
18564	4610	772.0	307.0
18576	4610	885.0	335.0
18588	4610	1000.0	388.0
18216	4612	482.0	230.0
18228	4612	486.0	232.0
18240	4612	488.0	232.0
18252	4612	490.3333333333333	233.0
18264	4612	493.6666666666667	233.83333333333334
18276	4612	498.0	235.0
18288	4612	502.0	236.0
18300	4612	507.0	237.0
18312	4612	511.0	238.0
18324	4612	518.0	240.0
18336	4612	525.0	242.0
18348	4612	533.0	244.0
18360	4612	543.0	248.0
18372	4612	556.0	250.0
18384	4612	570.0	253.0
18396	4612	590.0	259.0
18408	4612	612.0	264.0
18420	4612	643.0	272.0
18432	4612	687.0	283.0
18444	4612	752.0	300.0
18456	4612	859.0	327.0
18468	4612	993.0	380.0
18228	4616	471.6	229.17142857142858
18240	4616	474.0	229.85714285714286
18252	4616	476.4	230.54285714285714
18264	4616	478.4	231.0
18276	4616	481.0	232.0
18288	4616	483.3333333333333	232.33333333333334
18300	4616	485.0	233.0
18312	4616	487.0	235.0
18324	4616	491.0	235.0
18336	4616	495.0	236.0
18348	4616	499.0	237.0
18360	4616	503.0	239.0
18372	4616	509.0	240.0
18384	4616	515.0	241.0
18396	4616	521.0	243.0
18408	4616	529.0	245.0
18420	4616	537.0	247.0
18432	4616	548.0	250.0
18444	4616	561.0	253.0
18456	4616	578.0	258.0
18468	4616	597.0	263.0
18480	4616	623.0	270.0
18492	4616	658.0	280.0
18504	4616	709.0	294.0
18516	4616	785.0	314.0
18528	4616	915.0	349.0
18864	4789	508.0	230.0
18876	4789	510.0	231.0
18888	4789	515.0	231.0
18900	4789	518.0	232.0
18912	4789	521.0	232.0
18924	4789	528.0	234.0
18936	4789	532.0	234.0
18948	4789	538.0	235.0
18960	4789	544.0	236.0
18972	4789	551.0	237.0
18984	4789	559.0	238.0
18996	4789	569.0	240.0
19008	4789	581.0	242.0
19020	4789	593.0	244.0
19032	4789	609.0	246.0
19044	4789	628.0	249.0
19056	4789	649.0	252.0
19068	4789	677.0	256.0
19080	4789	712.0	262.0
19092	4789	756.0	269.0
19104	4789	817.0	278.0
19116	4789	904.0	292.0
19128	4789	983.0	311.0
18960	4797	469.3658536585366	226.0
18972	4797	470.8292682926829	226.0
18984	4797	472.2926829268293	226.0
18996	4797	473.7560975609756	226.0
19008	4797	475.0	227.0
19020	4797	476.0	227.0
19032	4797	478.0	228.0
19044	4797	480.0	229.0
19056	4797	481.0	228.0
19068	4797	484.6190476190476	228.52380952380952
19080	4797	487.0	230.0
19092	4797	489.0	231.0
19104	4797	491.9310344827586	230.10344827586206
19116	4797	495.6551724137931	230.51724137931035
19128	4797	499.37931034482756	230.93103448275863
19140	4797	501.0	232.0
19152	4797	505.0	232.0
19164	4797	508.0	233.0
19176	4797	513.0	234.0
19188	4797	518.0	235.0
19200	4797	521.0	235.0
19212	4797	528.0	236.0
19224	4797	535.0	237.0
19236	4797	542.0	238.0
19248	4797	550.0	241.0
19260	4797	559.0	242.0
19272	4797	570.0	244.0
19284	4797	583.0	246.0
19296	4797	598.0	249.0
19308	4797	616.0	252.0
19320	4797	639.0	256.0
19332	4797	667.0	261.0
19344	4797	701.0	267.0
19356	4797	749.0	276.0
19368	4797	813.0	288.0
19380	4797	910.0	306.0
19392	4797	989.0	333.0
19044	4811	506.0	230.0
19056	4811	510.0	230.33333333333334
19068	4811	514.0	231.0
19080	4811	517.6666666666666	231.52380952380952
19092	4811	522.0	232.0
19104	4811	526.0	233.0
19116	4811	531.0	234.0
19128	4811	537.0	235.0
19140	4811	543.0	235.0
19152	4811	551.0	237.0
19164	4811	559.0	238.0
19176	4811	568.0	240.0
19188	4811	580.0	242.0
19200	4811	591.0	243.0
19212	4811	606.0	245.0
19224	4811	624.0	248.0
19236	4811	646.0	251.0
19248	4811	670.0	255.0
19260	4811	703.0	260.0
19272	4811	744.0	267.0
19284	4811	800.0	276.0
19296	4811	879.0	288.0
19308	4811	972.0	305.0
19284	4867	490.0	235.0
19296	4867	492.5	234.5
19308	4867	496.0	236.0
19320	4867	500.0	237.0
19332	4867	505.0	237.0
19344	4867	508.0	239.0
19356	4867	514.0	240.0
19368	4867	521.0	242.0
19380	4867	528.0	244.0
19392	4867	538.0	246.0
19404	4867	547.0	248.0
19416	4867	560.0	251.0
19428	4867	573.0	255.0
19440	4867	593.0	259.0
19452	4867	615.0	265.0
19464	4867	645.0	272.0
19476	4867	684.0	282.0
19488	4867	741.0	296.0
19500	4867	826.0	318.0
19512	4867	963.0	356.0
19356	4883	479.6666666666667	231.16666666666666
19368	4883	481.6666666666667	231.66666666666666
19380	4883	483.5	232.16666666666666
19392	4883	486.5	233.16666666666666
19404	4883	489.0	234.0
19416	4883	492.0	234.33333333333334
19428	4883	496.0	236.0
19440	4883	500.0	237.0
19452	4883	503.0	237.0
19464	4883	511.0	239.0
19476	4883	516.0	242.0
19488	4883	524.0	244.0
19500	4883	532.0	245.0
19512	4883	543.0	249.0
19524	4883	558.0	251.0
19536	4883	573.0	255.0
19548	4883	592.0	260.0
19560	4883	618.0	267.0
19572	4883	653.0	275.0
19584	4883	703.0	288.0
19596	4883	780.0	309.0
19608	4883	913.0	343.0
19464	4909	443.0	225.0
19476	4909	444.0	226.0
19488	4909	445.0	227.0
19500	4909	444.0	227.0
19512	4909	447.0	227.0
19524	4909	448.0	227.0
19536	4909	450.0	229.0
19548	4909	450.0	228.0
19560	4909	451.0	228.0
19572	4909	451.0	228.0
19584	4909	454.0	230.0
19596	4909	454.0	231.0
19608	4909	457.0	230.0
19620	4909	458.0	231.0
19632	4909	459.0	231.0
19644	4909	461.0	232.0
19656	4909	462.0	233.0
19668	4909	464.0	233.0
19680	4909	466.0	234.0
19692	4909	469.0	235.0
19704	4909	471.0	235.0
19716	4909	474.0	237.0
19728	4909	478.0	238.0
19740	4909	481.0	239.0
19752	4909	486.0	241.0
19764	4909	490.0	242.0
19776	4909	496.0	244.0
19788	4909	503.0	247.0
19800	4909	510.0	249.0
19812	4909	520.0	252.0
19824	4909	531.0	257.0
19836	4909	544.0	261.0
19848	4909	563.0	267.0
19860	4909	587.0	276.0
19872	4909	618.0	287.0
19884	4909	667.0	305.0
19896	4909	749.0	334.0
19908	4909	905.0	388.0
19524	4924	469.0	230.0
19536	4924	470.0	231.0
19548	4924	471.4	231.7
19560	4924	473.6666666666667	233.0
19572	4924	475.0	233.0
19584	4924	478.0	234.0
19596	4924	479.0	236.0
19608	4924	483.0	235.0
19620	4924	485.0	237.0
19632	4924	488.0	238.0
19644	4924	492.0	240.0
19656	4924	496.0	242.0
19668	4924	502.0	244.0
19680	4924	508.0	246.0
19692	4924	515.0	249.0
19704	4924	524.0	252.0
19716	4924	537.0	256.0
19728	4924	552.0	261.0
19740	4924	572.0	268.0
19752	4924	600.0	277.0
19764	4924	639.0	291.0
19776	4924	700.0	312.0
19788	4924	807.0	348.0
19800	4924	983.0	425.0
19620	4960	512.0	233.66666666666666
19632	4960	516.0	235.0
19644	4960	520.0	235.0
19656	4960	524.0	236.0
19668	4960	530.0	237.0
19680	4960	535.0	238.0
19692	4960	542.0	238.0
19704	4960	550.0	240.0
19716	4960	558.0	242.0
19728	4960	568.0	244.0
19740	4960	581.0	246.0
19752	4960	591.0	244.0
19764	4960	604.0	242.0
19776	4960	628.0	253.0
19788	4960	652.0	259.0
19800	4960	682.0	264.0
19812	4960	718.0	270.0
19824	4960	769.0	278.0
19836	4960	825.3333333333334	290.6666666666667
19848	4960	879.1111111111111	303.55555555555554
19860	4960	973.0	335.0
19956	5106	468.0	231.0
19968	5106	472.0	233.0
19980	5106	476.0	233.0
19992	5106	481.0	234.0
20004	5106	484.0	235.0
20016	5106	488.0	236.0
20028	5106	494.0	237.0
20040	5106	500.0	239.0
20052	5106	508.0	240.0
20064	5106	516.0	242.0
20076	5106	524.0	245.0
20088	5106	533.0	246.0
20100	5106	544.0	249.0
20112	5106	559.0	253.0
20124	5106	575.0	256.0
20136	5106	596.0	261.0
20148	5106	624.0	268.0
20160	5106	659.0	276.0
20172	5106	711.0	289.0
20184	5106	789.0	308.0
20196	5106	918.0	339.0
20088	5137	454.0	229.0
20100	5137	455.0769230769231	229.53846153846155
20112	5137	456.9230769230769	230.46153846153845
20124	5137	458.0	231.0
20136	5137	459.037037037037	231.25925925925927
20148	5137	460.81481481481484	231.7037037037037
20160	5137	463.0	232.0
20172	5137	464.0	234.0
20184	5137	466.0	235.0
20196	5137	468.0	235.0
20208	5137	470.0	235.0
20220	5137	473.0	237.0
20232	5137	476.0	238.0
20244	5137	478.0	239.0
20256	5137	483.0	240.0
20268	5137	488.0	241.0
20280	5137	493.0	244.0
20292	5137	499.0	246.0
20304	5137	507.0	248.0
20316	5137	517.0	250.0
20328	5137	529.0	254.0
20340	5137	544.0	258.0
20352	5137	562.0	263.0
20364	5137	586.0	270.0
20376	5137	619.0	279.0
20388	5137	666.0	292.0
20400	5137	732.0	310.0
20412	5137	843.0	341.0
20424	5137	989.0	398.0
20100	5141	479.0	235.0
20112	5141	483.0	234.0
20124	5141	486.0	235.0
20136	5141	489.0	235.0
20148	5141	493.0	237.0
20160	5141	498.0	238.0
20172	5141	503.0	239.0
20184	5141	508.0	240.0
20196	5141	514.0	241.0
20208	5141	522.0	244.0
20220	5141	530.0	246.0
20232	5141	540.0	248.0
20244	5141	551.0	251.0
20256	5141	565.0	254.0
20268	5141	580.0	258.0
20280	5141	601.0	263.0
20292	5141	627.0	270.0
20304	5141	660.0	278.0
20316	5141	708.0	290.0
20328	5141	778.0	308.0
20340	5141	889.0	335.0
20352	5141	1001.0	388.0
20232	5163	458.0	228.0
20244	5163	459.0	229.0
20256	5163	460.95652173913044	229.3913043478261
20268	5163	463.5652173913044	229.91304347826087
20280	5163	465.0	230.0
20292	5163	467.0	231.0
20304	5163	469.0	231.0
20316	5163	472.3333333333333	230.66666666666666
20328	5163	475.90909090909093	231.72727272727272
20340	5163	478.0	232.0
20352	5163	481.0	233.0
20364	5163	485.0	234.0
20376	5163	487.0	234.0
20388	5163	490.0	236.0
20400	5163	494.0	236.0
20412	5163	498.0	237.0
20424	5163	502.0	238.0
20436	5163	506.0	239.0
20448	5163	512.0	240.0
20460	5163	519.0	242.0
20472	5163	526.0	243.0
20484	5163	534.0	245.0
20496	5163	544.0	248.0
20508	5163	556.0	250.0
20520	5163	571.0	254.0
20532	5163	588.0	258.0
20544	5163	610.0	263.0
20556	5163	638.0	270.0
20568	5163	674.0	278.0
20580	5163	728.0	292.0
20592	5163	807.0	311.0
20604	5163	938.0	342.0
20556	5219	511.0	231.0
20568	5219	515.7692307692307	232.0
20580	5219	520.0	233.0
20592	5219	525.0	234.0
20604	5219	530.0	235.0
20616	5219	535.0	235.0
20628	5219	541.0	236.0
20640	5219	548.0	237.0
20652	5219	556.0	238.0
20664	5219	565.0	240.0
20676	5219	576.0	242.0
20688	5219	588.0	243.0
20700	5219	601.0	245.0
20712	5219	617.0	247.0
20724	5219	637.0	251.0
20736	5219	660.0	254.0
20748	5219	688.0	259.0
20760	5219	725.0	264.0
20772	5219	773.0	272.0
20784	5219	839.0	283.0
20796	5219	934.0	298.0
20688	5256	508.0	231.0
20700	5256	511.0	231.0
20712	5256	515.0	231.0
20724	5256	520.0	232.0
20736	5256	524.0	233.0
20748	5256	530.0	234.0
20760	5256	535.0	235.0
20772	5256	541.0	235.0
20784	5256	548.0	237.0
20796	5256	556.0	238.0
20808	5256	565.0	240.0
20820	5256	577.0	241.0
20832	5256	588.0	243.0
20844	5256	601.0	245.0
20856	5256	617.0	247.0
20868	5256	637.0	251.0
20880	5256	659.0	254.0
20892	5256	688.0	259.0
20904	5256	726.0	265.0
20916	5256	773.0	272.0
20928	5256	836.0	282.0
20940	5256	930.0	298.0
20832	5288	491.0	230.5
20844	5288	494.0	230.0
20856	5288	497.0	232.0
20868	5288	499.0	232.0
20880	5288	502.0	234.0
20892	5288	506.0	234.0
20904	5288	509.0	235.0
20916	5288	512.0	236.0
20928	5288	517.0	237.0
20940	5288	520.0	238.0
20952	5288	525.0	239.0
20964	5288	529.0	240.0
20976	5288	535.0	242.0
20988	5288	542.0	244.0
21000	5288	551.0	246.0
21012	5288	559.0	248.0
21024	5288	571.0	251.0
21036	5288	585.0	254.0
21048	5288	601.0	259.0
21060	5288	621.0	264.0
21072	5288	648.0	271.0
21084	5288	684.0	280.0
21096	5288	735.0	293.0
21108	5288	812.0	312.0
21120	5288	942.0	345.0
20940	5310	946.0	261.0
20952	5310	939.0	256.0
20964	5310	943.0	261.0
20976	5310	925.0	256.0
20988	5310	875.0	252.0
21000	5310	831.0	247.0
21012	5310	798.0	245.0
21024	5310	765.0	242.0
21036	5310	741.0	241.0
21048	5310	717.0	238.0
21060	5310	698.0	237.0
21072	5310	680.0	237.0
21084	5310	663.0	235.0
21096	5310	651.0	234.0
21108	5310	639.0	233.0
21120	5310	627.0	232.0
21132	5310	619.0	232.0
21144	5310	610.0	232.0
21156	5310	601.0	230.0
21168	5310	594.0	231.0
21180	5310	588.0	230.0
21192	5310	583.0	233.0
21204	5310	580.4285714285714	237.85714285714286
21216	5310	575.5853658536586	241.8780487804878
21228	5310	569.7317073170732	245.09756097560975
21240	5310	563.8780487804878	248.3170731707317
21252	5310	560.0	252.0
21264	5310	579.0	256.0
21276	5310	603.0	262.0
21288	5310	635.0	270.0
21300	5310	680.0	280.0
21312	5310	749.0	297.0
21324	5310	861.0	324.0
21336	5310	996.0	378.0
20940	5316	484.0	233.0
20952	5316	485.0	235.0
20964	5316	488.0	235.0
20976	5316	491.0	236.0
20988	5316	494.0	235.0
21000	5316	498.0	237.0
21012	5316	502.0	238.0
21024	5316	507.0	239.0
21036	5316	512.0	241.0
21048	5316	519.0	243.0
21060	5316	526.0	244.0
21072	5316	534.0	246.0
21084	5316	542.0	249.0
21096	5316	554.0	251.0
21108	5316	567.0	255.0
21120	5316	583.0	259.0
21132	5316	603.0	264.0
21144	5316	627.0	270.0
21156	5316	660.0	278.0
21168	5316	705.0	290.0
21180	5316	769.0	306.0
21192	5316	868.0	331.0
21204	5316	986.0	375.0
21384	5415	490.0	229.0
21396	5415	492.0	231.0
21408	5415	495.0	231.0
21420	5415	499.3333333333333	231.66666666666666
21432	5415	501.0	232.0
21444	5415	505.0	233.0
21456	5415	508.0	234.0
21468	5415	513.0	235.0
21480	5415	518.0	236.0
21492	5415	523.0	237.0
21504	5415	530.0	238.0
21516	5415	537.0	239.0
21528	5415	546.0	241.0
21540	5415	556.0	242.0
21552	5415	566.0	245.0
21564	5415	579.0	247.0
21576	5415	594.0	250.0
21588	5415	614.0	253.0
21600	5415	636.0	257.0
21612	5415	665.0	262.0
21624	5415	703.0	269.0
21636	5415	753.0	278.0
21648	5415	827.0	292.0
21660	5415	939.0	314.0
21528	5431	488.0	228.0
21540	5431	490.6666666666667	228.16666666666666
21552	5431	493.1666666666667	228.41666666666666
21564	5431	495.6666666666667	228.66666666666666
21576	5431	498.1666666666667	228.91666666666666
21588	5431	500.0	230.0
21600	5431	504.0	230.0
21612	5431	508.0	232.0
21624	5431	512.0	233.0
21636	5431	516.0	233.0
21648	5431	521.0	235.0
21660	5431	525.0	235.0
21672	5431	532.0	236.0
21684	5431	536.0	238.0
21696	5431	543.0	239.0
21708	5431	551.0	240.0
21720	5431	559.0	242.0
21732	5431	570.0	244.0
21744	5431	581.0	246.0
21756	5431	595.0	248.0
21768	5431	612.0	251.0
21780	5431	631.0	255.0
21792	5431	656.0	259.0
21804	5431	687.0	265.0
21816	5431	725.0	272.0
21828	5431	777.0	281.0
21840	5431	850.0	295.0
21852	5431	955.0	315.0
21864	5431	985.0	323.0
21876	5431	1000.0	331.0
21648	5450	494.90909090909093	230.72727272727272
21660	5450	497.0	230.0
21672	5450	502.0	231.5
21684	5450	503.0	232.0
21696	5450	508.0	233.0
21708	5450	511.0	234.0
21720	5450	515.0	234.0
21732	5450	520.0	236.0
21744	5450	525.0	237.0
21756	5450	530.0	237.0
21768	5450	537.0	239.0
21780	5450	545.0	240.0
21792	5450	552.0	242.0
21804	5450	562.0	243.0
21816	5450	573.0	245.0
21828	5450	584.0	247.0
21840	5450	598.0	249.0
21852	5450	616.0	252.0
21864	5450	635.0	256.0
21876	5450	660.0	260.0
21888	5450	691.0	266.0
21900	5450	731.0	273.0
21912	5450	784.0	283.0
21924	5450	860.0	297.0
21936	5450	963.0	319.0
21816	5489	466.24	229.0
21828	5489	467.68	229.0
21840	5489	469.0	229.0
21852	5489	469.0	229.0
21864	5489	470.64864864864865	230.1081081081081
21876	5489	472.5945945945946	230.43243243243242
21888	5489	474.5405405405405	230.75675675675674
21900	5489	478.0	231.0
21912	5489	479.0	232.33333333333334
21924	5489	481.0	233.0
21936	5489	485.0	233.0
21948	5489	487.0	234.0
21960	5489	491.0	234.0
21972	5489	494.0	235.0
21984	5489	498.0	235.0
21996	5489	504.0	237.0
22008	5489	508.0	238.0
22020	5489	515.0	240.0
22032	5489	522.0	241.0
22044	5489	528.0	243.0
22056	5489	538.0	245.0
22068	5489	548.0	248.0
22080	5489	561.0	251.0
22092	5489	576.0	255.0
22104	5489	596.0	259.0
22116	5489	620.0	265.0
22128	5489	654.0	273.0
22140	5489	701.0	284.0
22152	5489	772.0	301.0
22164	5489	878.0	328.0
22176	5489	995.0	377.0
21828	5490	509.0	234.0
21840	5490	514.0	235.0
21852	5490	518.0	236.0
21864	5490	525.0	237.0
21876	5490	529.0	237.0
21888	5490	535.0	239.0
21900	5490	542.0	240.0
21912	5490	550.0	242.0
21924	5490	558.0	243.0
21936	5490	568.0	245.0
21948	5490	580.0	247.0
21960	5490	595.0	249.0
21972	5490	611.0	252.0
21984	5490	629.0	256.0
21996	5490	655.0	260.0
22008	5490	685.0	266.0
22020	5490	723.0	273.0
22032	5490	775.0	282.0
22044	5490	846.0	295.0
22056	5490	954.0	316.0
21936	5537	511.5	235.0
21948	5537	515.0	235.0
21960	5537	520.0	236.0
21972	5537	525.0	237.0
21984	5537	531.0	237.0
21996	5537	537.0	238.0
22008	5537	544.0	240.0
22020	5537	552.0	242.0
22032	5537	562.0	243.0
22044	5537	571.0	245.0
22056	5537	583.0	247.0
22068	5537	597.0	249.0
22080	5537	613.0	252.0
22092	5537	634.0	256.0
22104	5537	656.0	260.0
22116	5537	688.0	266.0
22128	5537	726.0	273.0
22140	5537	779.0	283.0
22152	5537	853.0	297.0
22164	5537	963.0	317.0
22080	5572	478.0	231.0
22092	5572	479.42857142857144	231.0
22104	5572	482.0	232.0
22116	5572	485.0	233.0
22128	5572	487.0	232.8
22140	5572	490.0	234.0
22152	5572	492.0	234.0
22164	5572	495.0	235.0
22176	5572	498.0	237.0
22188	5572	503.0	237.0
22200	5572	508.0	239.0
22212	5572	513.0	240.0
22224	5572	520.0	242.0
22236	5572	526.0	243.0
22248	5572	534.0	245.0
22260	5572	543.0	248.0
22272	5572	554.0	251.0
22284	5572	567.0	253.0
22296	5572	582.0	258.0
22308	5572	603.0	262.0
22320	5572	627.0	268.0
22332	5572	658.0	276.0
22344	5572	706.0	287.0
22356	5572	769.0	304.0
22368	5572	872.0	329.0
22380	5572	989.0	375.0
22152	5593	477.0	230.0
22164	5593	479.0	231.0
22176	5593	481.6666666666667	231.0
22188	5593	484.0	232.0
22200	5593	486.0	233.0
22212	5593	487.0	232.0
22224	5593	491.0	234.0
22236	5593	494.0	234.0
22248	5593	497.0	235.0
22260	5593	501.0	236.0
22272	5593	506.0	237.0
22284	5593	510.0	238.0
22296	5593	516.0	240.0
22308	5593	521.0	241.0
22320	5593	529.0	243.0
22332	5593	537.0	244.0
22344	5593	546.0	247.0
22356	5593	556.0	249.0
22368	5593	569.0	252.0
22380	5593	584.0	256.0
22392	5593	605.0	261.0
22404	5593	629.0	267.0
22416	5593	662.0	275.0
22428	5593	708.0	286.0
22440	5593	772.0	301.0
22452	5593	870.0	324.0
22464	5593	984.0	365.0
22260	5615	469.6666666666667	230.0
22272	5615	471.5	230.0
22284	5615	472.6	230.0
22296	5615	475.0	230.0
22308	5615	478.0	231.0
22320	5615	481.0	232.0
22332	5615	483.0	232.0
22344	5615	486.0	234.0
22356	5615	488.0	234.0
22368	5615	492.0	235.0
22380	5615	495.0	235.0
22392	5615	499.0	237.0
22404	5615	505.0	239.0
22416	5615	511.0	240.0
22428	5615	518.0	241.0
22440	5615	525.0	243.0
22452	5615	534.0	246.0
22464	5615	545.0	249.0
22476	5615	558.0	252.0
22488	5615	574.0	255.0
22500	5615	594.0	260.0
22512	5615	619.0	267.0
22524	5615	654.0	275.0
22536	5615	703.0	287.0
22548	5615	776.0	306.0
22560	5615	898.0	337.0
22572	5615	1004.0	391.0
22464	5676	484.0	231.0
22476	5676	485.0	232.0
22488	5676	486.6666666666667	232.33333333333334
22500	5676	489.0	234.0
22512	5676	492.0	234.0
22524	5676	495.0	235.0
22536	5676	498.0	236.0
22548	5676	502.0	237.0
22560	5676	507.0	239.0
22572	5676	512.0	240.0
22584	5676	518.0	241.0
22596	5676	524.0	243.0
22608	5676	531.0	244.0
22620	5676	540.0	246.0
22632	5676	548.0	249.0
22644	5676	562.0	252.0
22656	5676	576.0	256.0
22668	5676	594.0	260.0
22680	5676	617.0	266.0
22692	5676	645.0	273.0
22704	5676	685.0	283.0
22716	5676	743.0	298.0
22728	5676	827.0	319.0
22740	5676	963.0	356.0
22512	5703	478.0	230.0
22524	5703	479.0	231.0
22536	5703	483.0	232.0
22548	5703	484.72	232.24
22560	5703	487.6	233.2
22572	5703	491.0	234.0
22584	5703	493.0	234.0
22596	5703	497.0	236.0
22608	5703	501.0	236.0
22620	5703	504.0	237.0
22632	5703	509.0	238.0
22644	5703	515.0	240.0
22656	5703	522.0	241.0
22668	5703	529.0	243.0
22680	5703	537.0	245.0
22692	5703	547.0	248.0
22704	5703	557.0	250.0
22716	5703	570.0	253.0
22728	5703	585.0	256.0
22740	5703	604.0	261.0
22752	5703	628.0	267.0
22764	5703	659.0	275.0
22776	5703	701.0	286.0
22788	5703	762.0	300.0
22800	5703	858.0	325.0
22812	5703	981.0	369.0
22632	5729	482.0	232.0
22644	5729	483.05263157894734	231.6315789473684
22656	5729	486.2105263157895	233.52631578947367
22668	5729	489.0	234.0
22680	5729	492.0	236.0
22692	5729	496.0	234.0
22704	5729	500.0	237.0
22716	5729	505.0	238.0
22728	5729	509.0	239.0
22740	5729	515.0	241.0
22752	5729	521.0	243.0
22764	5729	528.0	245.0
22776	5729	537.0	247.0
22788	5729	548.0	249.0
22800	5729	560.0	252.0
22812	5729	576.0	256.0
22824	5729	594.0	260.0
22836	5729	617.0	266.0
22848	5729	648.0	274.0
22860	5729	690.0	285.0
22872	5729	750.0	300.0
22884	5729	843.0	324.0
22896	5729	976.0	366.0
22860	5787	470.0	229.0
22872	5787	473.0	228.0
22884	5787	474.0	230.0
22896	5787	476.8	230.0
22908	5787	481.4	231.1
22920	5787	485.125	232.125
22932	5787	488.0	234.0
22944	5787	490.3333333333333	234.46666666666667
22956	5787	494.0	235.0
22968	5787	499.0	236.0
22980	5787	504.0	237.0
22992	5787	509.6666666666667	238.0
23004	5787	517.4	241.0
23016	5787	523.0	242.0
23028	5787	533.0	244.0
23040	5787	543.0	247.0
23052	5787	555.0	250.0
23064	5787	569.0	253.0
23076	5787	588.0	258.0
23088	5787	612.0	263.0
23100	5787	642.0	270.0
23112	5787	686.0	281.0
23124	5787	749.0	297.0
23136	5787	854.0	323.0
23148	5787	990.0	370.0
22932	5800	506.61538461538464	233.07692307692307
22944	5800	510.0	234.0
22956	5800	517.1428571428571	234.28571428571428
22968	5800	523.1428571428571	236.0
22980	5800	527.0	236.0
22992	5800	529.0	238.0
23004	5800	535.0	239.0
23016	5800	542.0	240.0
23028	5800	552.0	241.0
23040	5800	561.0	243.0
23052	5800	573.0	244.0
23064	5800	582.0	244.0
23076	5800	573.0	243.0
23088	5800	587.0	247.0
23100	5800	627.0	251.0
23112	5800	658.0	258.0
23124	5800	696.0	266.0
23136	5800	741.0	275.0
23148	5800	808.0	289.0
23160	5800	902.0	307.0
23172	5800	969.0	319.0
23184	5800	991.0	334.0
23196	5800	984.0	323.0
23208	5800	999.0	331.0
23004	5822	498.0	231.0
23016	5822	502.0	231.0
23028	5822	507.0	233.0
23040	5822	509.3333333333333	232.53333333333333
23052	5822	513.0	234.0
23064	5822	516.0	235.0
23076	5822	522.0	236.0
23088	5822	528.0	237.0
23100	5822	533.0	238.0
23112	5822	541.0	239.0
23124	5822	548.0	240.0
23136	5822	557.0	243.0
23148	5822	568.0	245.0
23160	5822	580.0	247.0
23172	5822	594.0	249.0
23184	5822	612.0	253.0
23196	5822	634.0	257.0
23208	5822	661.0	262.0
23220	5822	696.0	268.0
23232	5822	742.0	277.0
23244	5822	806.0	289.0
23256	5822	903.0	307.0
23268	5822	993.0	339.0
23076	5847	450.0	228.0
23088	5847	451.0	227.0
23100	5847	452.0	227.0
23112	5847	453.0	229.0
23124	5847	455.0	230.0
23136	5847	456.0	229.0
23148	5847	457.0	230.0
23160	5847	458.0	231.0
23172	5847	461.125	231.375
23184	5847	463.0	232.0
23196	5847	464.0	233.0
23208	5847	467.0	233.0
23220	5847	468.0	233.0
23232	5847	470.0	235.0
23244	5847	473.0	235.0
23256	5847	475.0	237.0
23268	5847	479.0	238.0
23280	5847	483.0	239.0
23292	5847	489.0	241.0
23304	5847	494.0	243.0
23316	5847	500.0	244.0
23328	5847	508.0	248.0
23340	5847	517.0	250.0
23352	5847	528.0	254.0
23364	5847	541.0	258.0
23376	5847	558.0	263.0
23388	5847	579.0	270.0
23400	5847	607.0	280.0
23412	5847	648.0	293.0
23424	5847	711.0	314.0
23436	5847	818.0	351.0
23448	5847	988.0	427.0
23352	5912	487.0	230.0
23364	5912	489.0	230.0
23376	5912	491.0	229.0
23388	5912	493.0	231.0
23400	5912	496.0	231.0
23412	5912	499.0	231.0
23424	5912	502.0	232.0
23436	5912	505.0	232.0
23448	5912	508.0	233.0
23460	5912	512.0	234.0
23472	5912	517.0	234.0
23484	5912	521.0	236.0
23496	5912	526.0	235.0
23508	5912	532.0	237.0
23520	5912	538.0	238.0
23532	5912	546.0	239.0
23544	5912	554.0	241.0
23556	5912	564.0	242.0
23568	5912	574.0	245.0
23580	5912	586.0	247.0
23592	5912	599.0	249.0
23604	5912	616.0	252.0
23616	5912	636.0	255.0
23628	5912	660.0	260.0
23640	5912	690.0	265.0
23652	5912	729.0	273.0
23664	5912	782.0	283.0
23676	5912	856.0	297.0
23688	5912	964.0	318.0
23532	5947	478.6666666666667	231.0
23544	5947	480.0	231.0
23556	5947	483.0	231.0
23568	5947	485.0	233.0
23580	5947	486.5	232.0
23592	5947	489.0	234.0
23604	5947	492.0	234.0
23616	5947	495.0	235.0
23628	5947	498.0	236.0
23640	5947	502.5	237.0
23652	5947	508.0	239.0
23664	5947	512.0	240.0
23676	5947	518.0	241.0
23688	5947	525.0	243.0
23700	5947	531.0	245.0
23712	5947	541.0	247.0
23724	5947	551.0	250.0
23736	5947	564.0	253.0
23748	5947	578.0	257.0
23760	5947	597.0	261.0
23772	5947	621.0	267.0
23784	5947	651.0	275.0
23796	5947	695.0	286.0
23808	5947	757.0	302.0
23820	5947	854.0	327.0
23832	5947	985.0	373.0
23604	5957	478.0	230.0
23616	5957	481.1666666666667	231.0
23628	5957	484.0	232.0
23640	5957	486.0	233.0
23652	5957	488.1111111111111	233.0
23664	5957	491.0	233.0
23676	5957	494.0	234.0
23688	5957	497.0	235.0
23700	5957	499.0	236.0
23712	5957	504.0	237.0
23724	5957	509.0	239.0
23736	5957	515.0	240.0
23748	5957	521.0	242.0
23760	5957	529.0	243.0
23772	5957	537.0	245.0
23784	5957	547.0	247.0
23796	5957	560.0	250.0
23808	5957	576.0	253.0
23820	5957	595.0	257.0
23832	5957	620.0	262.0
23844	5957	652.0	268.0
23856	5957	695.0	277.0
23868	5957	756.0	290.0
23880	5957	848.0	310.0
23892	5957	975.0	341.0
23904	6020	477.0	231.0
23916	6020	479.0	230.0
23928	6020	482.0	233.0
23940	6020	485.0	232.0
23952	6020	487.0	234.0
23964	6020	489.0	234.0
23976	6020	494.0	236.0
23988	6020	499.0	237.0
24000	6020	504.0	238.0
24012	6020	510.0	240.0
24024	6020	518.0	241.0
24036	6020	527.0	243.0
24048	6020	535.0	245.0
24060	6020	546.0	248.0
24072	6020	560.0	251.0
24084	6020	577.0	255.0
24096	6020	598.0	260.0
24108	6020	626.0	267.0
24120	6020	663.0	276.0
24132	6020	716.0	289.0
24144	6020	796.0	308.0
24156	6020	933.0	342.0
24000	6066	480.0	231.0
24012	6066	482.0	232.0
24024	6066	485.0	232.0
24036	6066	487.0	232.0
24048	6066	490.0	234.0
24060	6066	493.0	235.0
24072	6066	498.0	235.0
24084	6066	502.0	237.0
24096	6066	507.0	239.0
24108	6066	514.0	240.0
24120	6066	521.0	242.0
24132	6066	530.0	244.0
24144	6066	541.0	247.0
24156	6066	554.0	250.0
24168	6066	569.0	253.0
24180	6066	589.0	258.0
24192	6066	614.0	265.0
24204	6066	650.0	274.0
24216	6066	701.0	287.0
24228	6066	783.0	308.0
24240	6066	928.0	346.0
24012	6069	941.0	258.0
24024	6069	907.0	254.0
24036	6069	876.0	252.0
24048	6069	848.0	250.0
24060	6069	821.0	244.33333333333334
24072	6069	800.0	246.0
24084	6069	782.0	244.0
24096	6069	763.0	243.0
24108	6069	748.0	241.0
24120	6069	734.0	241.0
24132	6069	720.5	238.0
24144	6069	708.0	238.0
24156	6069	698.0	238.0
24168	6069	690.0	237.0
24180	6069	679.0	237.0
24192	6069	669.0	235.0
24204	6069	662.0	235.0
24216	6069	656.0	242.0
24228	6069	685.0	253.0
24240	6069	716.0	257.0
24252	6069	753.0	262.0
24264	6069	799.0	268.0
24276	6069	862.0	277.0
24288	6069	944.0	289.0
24120	6081	479.0	231.0
24132	6081	483.0	232.0
24144	6081	484.0	232.0
24156	6081	487.0	233.0
24168	6081	491.0	235.0
24180	6081	493.0	235.0
24192	6081	497.0	235.0
24204	6081	502.0	237.0
24216	6081	508.0	239.0
24228	6081	514.0	240.0
24240	6081	521.0	241.0
24252	6081	530.0	244.0
24264	6081	539.0	247.0
24276	6081	550.0	249.0
24288	6081	565.0	254.0
24300	6081	584.0	258.0
24312	6081	608.0	264.0
24324	6081	640.0	271.0
24336	6081	686.0	283.0
24348	6081	754.0	300.0
24360	6081	869.0	329.0
24372	6081	1001.0	382.0
24408	6150	484.0	232.0
24420	6150	487.0	233.0
24432	6150	490.0	235.0
24444	6150	492.0	235.0
24456	6150	497.0	235.0
24468	6150	501.0	236.0
24480	6150	507.0	237.0
24492	6150	513.0	239.0
24504	6150	520.0	241.0
24516	6150	527.0	243.0
24528	6150	536.0	245.0
24540	6150	546.0	248.0
24552	6150	561.0	251.0
24564	6150	574.0	255.0
24576	6150	594.0	259.0
24588	6150	619.0	265.0
24600	6150	659.0	274.0
24612	6150	700.0	287.0
24624	6150	772.0	305.0
24636	6150	897.0	337.0
24648	6150	1003.0	393.0
24600	6181	480.0	233.0
24612	6181	482.6470588235294	233.41176470588235
24624	6181	485.6666666666667	234.0
24636	6181	488.0	233.33333333333334
24648	6181	492.0	236.0
24660	6181	495.0	235.0
24672	6181	499.0	237.0
24684	6181	504.0	239.0
24696	6181	509.0	240.0
24708	6181	516.0	242.0
24720	6181	523.0	244.0
24732	6181	529.0	245.0
24744	6181	539.0	248.0
24756	6181	549.0	250.0
24768	6181	562.0	253.0
24780	6181	578.0	257.0
24792	6181	600.0	263.0
24804	6181	626.0	269.0
24816	6181	661.0	279.0
24828	6181	711.0	292.0
24840	6181	786.0	311.0
24852	6181	911.0	343.0
24864	6181	1006.0	396.0
24684	6203	521.0	232.0
24696	6203	527.4	233.0
24708	6203	531.0	234.0
24720	6203	536.0	235.0
24732	6203	542.0	235.0
24744	6203	550.0	237.0
24756	6203	558.0	238.0
24768	6203	564.1	237.85
24780	6203	572.5	237.25
24792	6203	582.0	237.0
24804	6203	598.0	243.0
24816	6203	613.0	246.0
24828	6203	631.0	249.0
24840	6203	652.0	253.0
24852	6203	678.0	256.0
24864	6203	711.0	261.0
24876	6203	752.0	268.0
24888	6203	808.0	276.0
24900	6203	883.0	288.0
24912	6203	971.0	304.0
24756	6222	451.0	228.0
24768	6222	451.0	228.0
24780	6222	450.0	227.0
24792	6222	452.0	228.0
24804	6222	453.0	229.0
24816	6222	455.4	229.48
24828	6222	457.8	229.96
24840	6222	460.0	230.0
24852	6222	461.3333333333333	231.11111111111111
24864	6222	462.6666666666667	231.55555555555554
24876	6222	464.0	232.0
24888	6222	466.0	233.0
24900	6222	466.0	232.0
24912	6222	469.0	234.0
24924	6222	471.0	234.0
24936	6222	474.0	236.0
24948	6222	477.0	236.0
24960	6222	479.0	237.0
24972	6222	484.0	238.0
24984	6222	485.0	239.0
24996	6222	491.0	241.0
25008	6222	496.0	242.0
25020	6222	501.0	244.0
25032	6222	507.0	247.0
25044	6222	513.0	249.0
25056	6222	522.0	252.0
25068	6222	533.0	255.0
25080	6222	544.0	259.0
25092	6222	561.0	264.0
25104	6222	579.0	271.0
25116	6222	606.0	280.0
25128	6222	641.0	293.0
25140	6222	696.0	312.0
25152	6222	785.0	343.0
25164	6222	955.0	407.0
24780	6235	478.0	230.0
24792	6235	480.3636363636364	230.54545454545453
24804	6235	483.09090909090907	231.63636363636363
24816	6235	485.4117647058824	232.94117647058823
24828	6235	488.0	234.0
24840	6235	491.0	234.0
24852	6235	495.0	236.0
24864	6235	500.0	237.0
24876	6235	504.0	237.0
24888	6235	509.0	239.0
24900	6235	515.0	241.0
24912	6235	522.0	243.0
24924	6235	531.0	245.0
24936	6235	540.0	247.0
24948	6235	553.0	249.0
24960	6235	567.0	254.0
24972	6235	583.0	257.0
24984	6235	606.0	263.0
24996	6235	635.0	271.0
25008	6235	674.0	280.0
25020	6235	733.0	295.0
25032	6235	824.0	319.0
25044	6235	971.0	362.0
24840	6254	469.6666666666667	227.33333333333334
24852	6254	471.6521739130435	228.2173913043478
24864	6254	473.2173913043478	228.7391304347826
24876	6254	475.0	230.0
24888	6254	477.0	229.0
24900	6254	479.0	231.0
24912	6254	481.0	231.0
24924	6254	483.0	231.0
24936	6254	487.0	232.0
24948	6254	488.9	232.3
24960	6254	492.0	234.0
24972	6254	495.0	233.0
24984	6254	499.0	235.0
24996	6254	503.0	237.0
25008	6254	508.0	237.0
25020	6254	513.0	238.0
25032	6254	519.0	240.0
25044	6254	527.0	242.0
25056	6254	534.0	244.0
25068	6254	544.0	247.0
25080	6254	556.0	249.0
25092	6254	571.0	253.0
25104	6254	588.0	257.0
25116	6254	609.0	262.0
25128	6254	636.0	265.0
25140	6254	668.0	261.0
25152	6254	727.0	276.0
25164	6254	817.0	304.0
25176	6254	967.0	347.0
24852	6261	513.0	230.0
24864	6261	515.0	231.0
24876	6261	522.0	232.0
24888	6261	523.0	233.0
24900	6261	527.0	234.0
24912	6261	531.0	233.0
24924	6261	534.0	233.0
24936	6261	539.0	232.0
24948	6261	545.0	236.0
24960	6261	551.0	236.0
24972	6261	558.0	238.0
24984	6261	568.0	240.0
24996	6261	577.0	242.0
25008	6261	588.0	244.0
25020	6261	600.0	246.0
25032	6261	614.0	249.0
25044	6261	633.0	252.0
25056	6261	654.0	256.0
25068	6261	681.0	260.0
25080	6261	716.0	267.0
25092	6261	763.0	275.0
25104	6261	828.0	287.0
25116	6261	922.0	304.0
25128	6261	975.0	321.0
25140	6261	982.0	320.0
25152	6261	995.0	325.0
25008	6292	476.0	234.0
25020	6292	477.6	234.2
25032	6292	478.0	236.0
25044	6292	479.0	237.0
25056	6292	482.0	238.0
25068	6292	485.0	238.0
25080	6292	490.0	240.0
25092	6292	494.0	242.0
25104	6292	499.0	244.0
25116	6292	504.0	247.0
25128	6292	512.0	250.0
25140	6292	521.0	253.0
25152	6292	533.0	257.0
25164	6292	546.0	262.0
25176	6292	564.0	269.0
25188	6292	589.0	279.0
25200	6292	624.0	291.0
25212	6292	677.0	310.0
25224	6292	764.0	342.0
25236	6292	936.0	404.0
25068	6311	512.0	233.0
25080	6311	516.0909090909091	234.27272727272728
25092	6311	521.0	235.0
25104	6311	524.0	236.0
25116	6311	531.0	237.0
25128	6311	538.0	238.0
25140	6311	544.0	240.0
25152	6311	553.0	242.0
25164	6311	561.0	243.0
25176	6311	573.0	245.0
25188	6311	582.0	246.0
25200	6311	596.0	246.0
25212	6311	611.0	251.0
25224	6311	634.0	255.0
25236	6311	658.0	259.0
25248	6311	687.0	266.0
25260	6311	726.0	272.0
25272	6311	778.0	281.0
25284	6311	851.0	295.0
25296	6311	956.0	316.0
25212	6346	501.0	229.0
25224	6346	504.0	230.0
25236	6346	507.3333333333333	230.0
25248	6346	510.0	230.0
25260	6346	514.1538461538462	230.92307692307693
25272	6346	518.3076923076923	231.84615384615384
25284	6346	521.5	232.0
25296	6346	526.0	232.0
25308	6346	531.0	234.0
25320	6346	536.0	234.0
25332	6346	541.0	235.0
25344	6346	548.0	236.0
25356	6346	554.0	237.0
25368	6346	562.0	239.0
25380	6346	570.0	240.0
25392	6346	581.0	241.0
25404	6346	592.0	243.0
25416	6346	605.0	245.0
25428	6346	620.0	247.0
25440	6346	639.0	251.0
25452	6346	662.0	254.0
25464	6346	690.0	258.0
25476	6346	726.0	264.0
25488	6346	773.0	271.0
25500	6346	836.0	281.0
25512	6346	925.0	296.0
25524	6346	986.0	310.0
25368	6384	481.0	228.0
25380	6384	483.0	227.8
25392	6384	484.0	227.0
25404	6384	486.77777777777777	228.11111111111111
25416	6384	489.1111111111111	228.44444444444446
25428	6384	491.44444444444446	228.77777777777777
25440	6384	493.0	229.0
25452	6384	497.0	230.0
25464	6384	500.0	230.0
25476	6384	504.0	232.0
25488	6384	508.0	232.0
25500	6384	511.0	233.0
25512	6384	516.0	234.0
25524	6384	522.0	235.0
25536	6384	526.0	235.0
25548	6384	531.0	236.0
25560	6384	538.0	237.0
25572	6384	544.0	238.0
25584	6384	552.0	240.0
25596	6384	562.0	242.0
25608	6384	571.0	243.0
25620	6384	583.0	246.0
25632	6384	595.0	248.0
25644	6384	612.0	251.0
25656	6384	630.0	254.0
25668	6384	653.0	258.0
25680	6384	682.0	264.0
25692	6384	717.0	269.0
25704	6384	767.0	279.0
25716	6384	832.0	290.0
25728	6384	928.0	308.0
25740	6384	978.0	326.0
25752	6384	979.0	327.0
25764	6384	980.0	324.0
25776	6384	1000.0	343.0
25608	6433	465.0	234.0
25620	6433	467.0	235.0
25632	6433	468.0	235.0
25644	6433	470.0	236.0
25656	6433	472.0	237.0
25668	6433	474.0	236.0
25680	6433	477.0	239.0
25692	6433	480.0	240.0
25704	6433	483.0	242.0
25716	6433	487.0	244.0
25728	6433	490.0	245.0
25740	6433	496.0	246.0
25752	6433	501.0	248.0
25764	6433	509.0	252.0
25776	6433	518.0	254.0
25788	6433	528.0	259.0
25800	6433	542.0	264.0
25812	6433	557.0	270.0
25824	6433	580.0	278.0
25836	6433	610.0	289.0
25848	6433	655.0	306.0
25860	6433	724.0	333.0
25872	6433	849.0	380.0
25884	6433	1008.0	481.0
25680	6447	515.0	234.0
25692	6447	519.0	235.0
25704	6447	523.0	236.0
25716	6447	528.0	237.0
25728	6447	535.0	237.0
25740	6447	540.0	239.0
25752	6447	547.0	241.0
25764	6447	555.0	242.0
25776	6447	565.0	244.0
25788	6447	576.0	246.0
25800	6447	589.0	248.0
25812	6447	604.0	250.0
25824	6447	622.0	254.0
25836	6447	644.0	258.0
25848	6447	672.0	263.0
25860	6447	699.0	257.0
25872	6447	753.0	274.0
25884	6447	817.0	290.0
25896	6447	905.0	308.0
25908	6447	987.0	336.0
25704	6457	505.6666666666667	232.0
25716	6457	510.1111111111111	232.0
25728	6457	513.0	234.0
25740	6457	517.0	234.0
25752	6457	520.0	235.0
25764	6457	525.0	235.0
25776	6457	532.0	237.0
25788	6457	537.0	237.0
25800	6457	541.4666666666667	237.0
25812	6457	546.6666666666666	237.0
25824	6457	553.0	236.0
25836	6457	568.0	244.0
25848	6457	581.0	246.0
25860	6457	595.0	248.0
25872	6457	611.0	252.0
25884	6457	630.0	255.0
25896	6457	654.0	260.0
25908	6457	683.0	265.0
25920	6457	720.0	272.0
25932	6457	770.0	281.0
25944	6457	840.0	295.0
25956	6457	943.0	315.0
25836	6496	489.0	230.0
25848	6496	490.7142857142857	229.28571428571428
25860	6496	494.0	231.0
25872	6496	498.0	231.0
25884	6496	500.75	231.25
25896	6496	506.0	232.0
25908	6496	509.0	232.0
25920	6496	514.0	234.0
25932	6496	518.0	234.0
25944	6496	523.0	236.0
25956	6496	528.0	237.0
25968	6496	535.0	238.0
25980	6496	541.0	239.0
25992	6496	550.0	241.0
26004	6496	559.0	242.0
26016	6496	568.0	244.0
26028	6496	581.0	247.0
26040	6496	596.0	249.0
26052	6496	612.0	253.0
26064	6496	632.0	256.0
26076	6496	657.0	261.0
26088	6496	690.0	268.0
26100	6496	732.0	276.0
26112	6496	793.0	289.0
26124	6496	883.0	307.0
26136	6496	983.0	337.0
25896	6517	463.0	227.0
25908	6517	464.0	227.0
25920	6517	466.0	228.0
25932	6517	467.0	228.0
25944	6517	469.0	228.0
25956	6517	471.0	228.0
25968	6517	473.0	230.0
25980	6517	474.0	230.0
25992	6517	476.0	230.0
26004	6517	478.0	231.0
26016	6517	480.6	231.0
26028	6517	484.0	232.0
26040	6517	486.0	232.0
26052	6517	488.0	232.0
26064	6517	493.0	234.0
26076	6517	496.0	234.0
26088	6517	499.0	235.0
26100	6517	504.0	237.0
26112	6517	509.0	237.0
26124	6517	515.0	239.0
26136	6517	522.0	241.0
26148	6517	529.0	242.0
26160	6517	537.0	244.0
26172	6517	548.0	247.0
26184	6517	560.0	250.0
26196	6517	574.0	253.0
26208	6517	592.0	257.0
26220	6517	611.0	262.0
26232	6517	641.0	269.0
26244	6517	680.0	278.0
26256	6517	734.0	292.0
26268	6517	814.0	311.0
26280	6517	945.0	343.0
26292	6517	1001.0	378.0
26160	6595	502.0	232.0
26172	6595	504.0	233.0
26184	6595	509.0	234.0
26196	6595	513.0	235.0
26208	6595	518.0	236.0
26220	6595	522.0	236.0
26232	6595	529.0	237.0
26244	6595	535.0	239.0
26256	6595	543.0	240.0
26268	6595	552.0	242.0
26280	6595	561.0	244.0
26292	6595	572.0	246.0
26304	6595	587.0	248.0
26316	6595	603.0	252.0
26328	6595	623.0	255.0
26340	6595	648.0	260.0
26352	6595	680.0	266.0
26364	6595	722.0	275.0
26376	6595	782.0	285.0
26388	6595	870.0	302.0
26400	6595	977.0	330.0
26256	6607	460.0	227.0
26268	6607	460.0	228.0
26280	6607	460.2	229.2
26292	6607	461.0	230.0
26304	6607	462.0	229.0
26316	6607	462.1666666666667	230.33333333333334
26328	6607	462.56666666666666	231.13333333333333
26340	6607	462.96666666666664	231.93333333333334
26352	6607	465.0	233.0
26364	6607	466.0	233.0
26376	6607	467.0	234.0
26388	6607	469.0	235.0
26400	6607	472.0	235.0
26412	6607	475.0	237.0
26424	6607	476.0	238.0
26436	6607	480.0	239.0
26448	6607	485.0	241.0
26460	6607	489.0	243.0
26472	6607	494.0	245.0
26484	6607	501.0	248.0
26496	6607	508.0	250.0
26508	6607	518.0	254.0
26520	6607	530.0	258.0
26532	6607	545.0	264.0
26544	6607	565.0	272.0
26556	6607	591.0	282.0
26568	6607	630.0	296.0
26580	6607	694.0	320.0
26592	6607	807.0	362.0
26604	6607	996.0	460.0
26676	6662	496.0	230.0
26688	6662	499.0	230.6
26700	6662	503.0	231.4
26712	6662	507.0	232.0
26724	6662	509.3333333333333	232.0
26736	6662	515.0	235.0
26748	6662	519.0	234.0
26760	6662	525.0	235.0
26772	6662	531.0	237.0
26784	6662	538.0	239.0
26796	6662	546.0	240.0
26808	6662	555.0	242.0
26820	6662	564.0	243.0
26832	6662	580.0	246.0
26844	6662	594.0	249.0
26856	6662	613.0	252.0
26868	6662	638.0	257.0
26880	6662	670.0	263.0
26892	6662	711.0	270.0
26904	6662	768.0	281.0
26916	6662	853.0	297.0
26928	6662	972.0	324.0
26784	6700	499.0	231.0
26796	6700	501.5	230.3125
26808	6700	504.5	230.6875
26820	6700	508.7142857142857	232.0
26832	6700	514.0	233.0
26844	6700	518.0	233.0
26856	6700	525.0	236.0
26868	6700	526.7391304347826	235.30434782608697
26880	6700	531.4347826086956	235.82608695652175
26892	6700	537.5	235.1
26904	6700	545.0	237.0
26916	6700	553.5	237.5
26928	6700	563.0	241.0
26940	6700	574.0	243.0
26952	6700	585.0	247.0
26964	6700	601.0	249.0
26976	6700	621.0	253.0
26988	6700	643.0	257.0
27000	6700	670.0	262.0
27012	6700	702.0	268.0
27024	6700	743.0	269.0
27036	6700	806.0	276.0
27048	6700	899.0	301.0
27060	6700	981.0	328.0
27072	6700	980.0	325.0
27084	6700	984.0	330.0
27012	6746	508.8360655737705	230.0
27024	6746	508.44262295081967	230.0
27036	6746	508.04918032786884	230.0
27048	6746	507.655737704918	230.0
27060	6746	507.26229508196724	230.0
27072	6746	508.0	229.0
27084	6746	511.3333333333333	230.0
27096	6746	516.25	231.0
27108	6746	519.7	232.0
27120	6746	523.5	232.0
27132	6746	530.0	233.0
27144	6746	533.0	234.0
27156	6746	539.0	235.0
27168	6746	545.0	235.0
27180	6746	552.0	237.0
27192	6746	559.0	238.0
27204	6746	568.0	240.0
27216	6746	579.0	241.0
27228	6746	590.0	243.0
27240	6746	603.0	245.0
27252	6746	619.0	247.0
27264	6746	638.0	250.0
27276	6746	661.0	254.0
27288	6746	688.0	258.0
27300	6746	723.0	263.0
27312	6746	769.0	270.0
27324	6746	829.0	280.0
27336	6746	915.0	294.0
27348	6746	983.0	309.0
27036	6757	462.1111111111111	226.37037037037038
27048	6757	463.44444444444446	226.8148148148148
27060	6757	464.0	227.0
27072	6757	466.0	227.0
27084	6757	467.1276595744681	228.0212765957447
27096	6757	468.6595744680851	228.27659574468086
27108	6757	470.1914893617021	228.53191489361703
27120	6757	471.72340425531917	228.7872340425532
27132	6757	473.3333333333333	229.06666666666666
27144	6757	475.3333333333333	229.46666666666667
27156	6757	477.3333333333333	229.86666666666667
27168	6757	479.5	231.0
27180	6757	483.2	231.2
27192	6757	485.0	233.0
27204	6757	488.0	233.0
27216	6757	492.0	234.0
27228	6757	495.0	235.0
27240	6757	498.0	235.0
27252	6757	504.0	237.0
27264	6757	508.0	238.0
27276	6757	513.0	238.0
27288	6757	520.0	239.0
27300	6757	526.0	241.0
27312	6757	532.0	240.0
27324	6757	540.0	241.0
27336	6757	553.0	249.0
27348	6757	564.0	252.0
27360	6757	580.0	255.0
27372	6757	598.0	260.0
27384	6757	623.0	265.0
27396	6757	654.0	274.0
27408	6757	698.0	284.0
27420	6757	759.0	300.0
27432	6757	858.0	325.0
27444	6757	979.0	368.0
27156	6783	504.0	232.0
27168	6783	507.0	232.0
27180	6783	512.0	234.0
27192	6783	517.0	235.0
27204	6783	520.0	235.0
27216	6783	524.0	236.0
27228	6783	532.0	237.0
27240	6783	537.0	238.0
27252	6783	545.0	240.0
27264	6783	551.0	241.0
27276	6783	560.0	243.0
27288	6783	572.0	245.0
27300	6783	584.0	247.0
27312	6783	598.0	250.0
27324	6783	615.0	253.0
27336	6783	636.0	257.0
27348	6783	664.0	263.0
27360	6783	698.0	269.0
27372	6783	741.0	277.0
27384	6783	803.0	289.0
27396	6783	892.0	306.0
27408	6783	979.0	332.0
27420	6783	997.0	337.0
27264	6796	473.25	229.0
27276	6796	477.0	229.0
27288	6796	477.0	229.0
27300	6796	478.0	229.0
27312	6796	483.0	231.0
27324	6796	484.0	231.0
27336	6796	486.0	232.0
27348	6796	489.0	232.0
27360	6796	491.0	235.0
27372	6796	495.0	234.0
27384	6796	498.0	235.0
27396	6796	502.0	236.0
27408	6796	506.0	237.0
27420	6796	510.0	239.0
27432	6796	516.0	240.0
27444	6796	523.0	241.0
27456	6796	530.0	243.0
27468	6796	539.0	246.0
27480	6796	548.0	248.0
27492	6796	561.0	251.0
27504	6796	575.0	255.0
27516	6796	593.0	259.0
27528	6796	614.0	264.0
27540	6796	643.0	271.0
27552	6796	682.0	281.0
27564	6796	741.0	295.0
27576	6796	826.0	317.0
27588	6796	967.0	353.0
27456	6860	500.0	231.0
27468	6860	502.0	231.0
27480	6860	505.0	232.0
27492	6860	508.0	232.0
27504	6860	511.0	233.0
27516	6860	516.0	235.0
27528	6860	520.0	235.0
27540	6860	526.0	235.0
27552	6860	531.0	237.0
27564	6860	536.0	238.0
27576	6860	543.0	240.0
27588	6860	553.0	241.0
27600	6860	562.0	244.0
27612	6860	574.0	246.0
27624	6860	588.0	249.0
27636	6860	605.0	252.0
27648	6860	626.0	255.0
27660	6860	653.0	261.0
27672	6860	686.0	267.0
27684	6860	732.0	276.0
27696	6860	797.0	289.0
27708	6860	895.0	309.0
27720	6860	993.0	344.0
27492	6873	488.0	230.0
27504	6873	489.57142857142856	229.57142857142858
27516	6873	491.0	229.0
27528	6873	494.0	231.0
27540	6873	497.0	231.0
27552	6873	500.0	231.0
27564	6873	503.0	232.0
27576	6873	507.0	233.0
27588	6873	511.0	233.0
27600	6873	516.0	234.0
27612	6873	520.0	235.0
27624	6873	525.0	236.0
27636	6873	531.0	237.0
27648	6873	538.0	238.0
27660	6873	545.0	239.0
27672	6873	553.0	241.0
27684	6873	562.0	243.0
27696	6873	572.0	244.0
27708	6873	586.0	247.0
27720	6873	601.0	250.0
27732	6873	619.0	253.0
27744	6873	641.0	257.0
27756	6873	668.0	262.0
27768	6873	703.0	268.0
27780	6873	750.0	277.0
27792	6873	814.0	289.0
27804	6873	911.0	308.0
27816	6873	985.0	334.0
27564	6894	488.6666666666667	229.0
27576	6894	491.0	229.0
27588	6894	493.7931034482759	230.31034482758622
27600	6894	497.51724137931035	230.72413793103448
27612	6894	500.0	231.0
27624	6894	504.0	231.0
27636	6894	507.0	232.0
27648	6894	510.0	233.0
27660	6894	514.0	234.0
27672	6894	518.0	235.0
27684	6894	523.0	236.0
27696	6894	529.0	237.0
27708	6894	535.0	238.0
27720	6894	541.0	239.0
27732	6894	550.0	241.0
27744	6894	559.0	242.0
27756	6894	568.0	245.0
27768	6894	580.0	247.0
27780	6894	594.0	249.0
27792	6894	610.0	252.0
27804	6894	630.0	256.0
27816	6894	654.0	260.0
27828	6894	686.0	266.0
27840	6894	727.0	274.0
27852	6894	783.0	284.0
27864	6894	862.0	300.0
27876	6894	970.0	323.0
27708	6916	476.45454545454544	229.0
27720	6916	478.6363636363636	229.0
27732	6916	481.6666666666667	230.0
27744	6916	483.94117647058823	231.2941176470588
27756	6916	485.8333333333333	232.0
27768	6916	488.0	231.0
27780	6916	489.4	233.8
27792	6916	493.0	235.0
27804	6916	497.5	235.0
27816	6916	501.5	236.0
27828	6916	506.0	236.0
27840	6916	511.85714285714283	238.0
27852	6916	519.0	239.0
27864	6916	522.0	241.0
27876	6916	529.0	242.0
27888	6916	536.0	244.0
27900	6916	545.0	247.0
27912	6916	557.0	250.0
27924	6916	569.0	252.0
27936	6916	584.0	255.0
27948	6916	602.0	260.0
27960	6916	623.0	265.0
27972	6916	652.0	271.0
27984	6916	690.0	281.0
27996	6916	740.0	293.0
28008	6916	813.0	310.0
28020	6916	926.0	337.0
28032	6916	997.0	382.0
27732	6922	507.3157894736842	229.0
27744	6922	510.4736842105263	229.0
27756	6922	514.6842105263158	229.0
27768	6922	520.0	229.0
27780	6922	523.0	229.0
27792	6922	529.4	231.0
27804	6922	533.0	231.0
27816	6922	538.0	232.0
27828	6922	544.0	233.0
27840	6922	550.0	234.0
27852	6922	559.0	236.0
27864	6922	567.0	236.0
27876	6922	577.0	238.0
27888	6922	589.0	239.0
27900	6922	602.0	241.0
27912	6922	616.0	243.0
27924	6922	635.0	246.0
27936	6922	658.0	248.0
27948	6922	685.0	253.0
27960	6922	717.0	257.0
27972	6922	762.0	263.0
27984	6922	821.0	272.0
27996	6922	902.0	284.0
28008	6922	980.0	299.0
27816	6945	467.0	231.0
27828	6945	468.0	232.0
27840	6945	469.0	232.0
27852	6945	473.0	233.0
27864	6945	474.0	234.0
27876	6945	479.0	234.0
27888	6945	482.0	235.0
27900	6945	486.0	236.0
27912	6945	491.0	237.0
27924	6945	497.0	239.0
27936	6945	501.0	241.0
27948	6945	509.0	242.0
27960	6945	517.0	244.0
27972	6945	526.0	246.0
27984	6945	536.0	249.0
27996	6945	548.0	252.0
28008	6945	564.0	256.0
28020	6945	582.0	260.0
28032	6945	604.0	266.0
28044	6945	633.0	273.0
28056	6945	674.0	284.0
28068	6945	729.0	298.0
28080	6945	814.0	321.0
28092	6945	955.0	358.0
27960	6961	492.0	233.0
27972	6961	497.0	235.0
27984	6961	500.0	236.0
27996	6961	504.0	237.0
28008	6961	510.0	238.0
28020	6961	514.0	240.0
28032	6961	520.0	242.0
28044	6961	527.0	243.0
28056	6961	534.0	245.0
28068	6961	543.0	247.0
28080	6961	552.0	249.0
28092	6961	564.0	252.0
28104	6961	578.0	255.0
28116	6961	594.0	259.0
28128	6961	614.0	264.0
28140	6961	638.0	271.0
28152	6961	671.0	278.0
28164	6961	717.0	290.0
28176	6961	782.0	306.0
28188	6961	880.0	332.0
28200	6961	992.0	373.0
28068	7002	501.0	237.0
28080	7002	504.5	237.5
28092	7002	509.0	238.0
28104	7002	517.0	239.0
28116	7002	523.0	241.0
28128	7002	529.0	242.0
28140	7002	535.0	244.0
28152	7002	541.0	246.0
28164	7002	550.0	248.0
28176	7002	560.0	250.0
28188	7002	570.0	252.0
28200	7002	583.0	255.0
28212	7002	600.0	259.0
28224	7002	616.0	264.0
28236	7002	638.0	269.0
28248	7002	668.0	276.0
28260	7002	706.0	286.0
28272	7002	758.0	299.0
28284	7002	833.0	317.0
28296	7002	951.0	345.0
28308	7002	1001.0	387.0
28152	7025	477.5	229.0
28164	7025	479.0	230.0
28176	7025	482.0	231.0
28188	7025	484.0	232.0
28200	7025	486.0	233.0
28212	7025	488.0	232.0
28224	7025	490.0	234.0
28236	7025	493.0	234.0
28248	7025	497.0	235.0
28260	7025	500.0	235.0
28272	7025	503.0	237.0
28284	7025	508.0	238.0
28296	7025	512.0	238.0
28308	7025	518.0	240.0
28320	7025	524.0	241.0
28332	7025	531.0	243.0
28344	7025	541.0	246.0
28356	7025	548.0	248.0
28368	7025	558.0	250.0
28380	7025	572.0	254.0
28392	7025	587.0	257.0
28404	7025	605.0	262.0
28416	7025	628.0	268.0
28428	7025	658.0	275.0
28440	7025	697.0	284.0
28452	7025	752.0	298.0
28464	7025	832.0	318.0
28476	7025	959.0	350.0
28488	7025	1005.0	384.0
28176	7036	511.0	233.0
28188	7036	515.0	235.0
28200	7036	518.0	235.0
28212	7036	523.0	236.0
28224	7036	528.0	237.0
28236	7036	533.0	237.0
28248	7036	540.0	239.0
28260	7036	546.0	240.0
28272	7036	554.0	242.0
28284	7036	563.0	243.0
28296	7036	572.0	245.0
28308	7036	583.0	247.0
28320	7036	596.0	249.0
28332	7036	610.0	252.0
28344	7036	630.0	255.0
28356	7036	650.0	259.0
28368	7036	675.0	263.0
28380	7036	707.0	270.0
28392	7036	747.0	277.0
28404	7036	800.0	287.0
28416	7036	870.0	300.0
28428	7036	965.0	319.0
28212	7050	472.0	231.0
28224	7050	470.5	229.25
28236	7050	471.0	231.0
28248	7050	473.0	232.0
28260	7050	475.0	233.0
28272	7050	477.0	234.0
28284	7050	478.0	235.0
28296	7050	482.0	236.0
28308	7050	484.0	237.0
28320	7050	488.0	239.0
28332	7050	492.0	240.0
28344	7050	496.0	242.0
28356	7050	501.0	243.0
28368	7050	507.0	245.0
28380	7050	513.0	247.0
28392	7050	521.0	250.0
28404	7050	530.0	254.0
28416	7050	542.0	256.0
28428	7050	556.0	261.0
28440	7050	574.0	267.0
28452	7050	597.0	274.0
28464	7050	628.0	284.0
28476	7050	671.0	298.0
28488	7050	736.0	318.0
28500	7050	841.0	351.0
28512	7050	989.0	420.0
28248	7061	457.5	228.0
28260	7061	460.1	228.0
28272	7061	461.75	228.75
28284	7061	465.0	229.0
28296	7061	467.0	229.0
28308	7061	467.8181818181818	229.8181818181818
28320	7061	469.92857142857144	230.42857142857142
28332	7061	472.5	231.0
28344	7061	475.07142857142856	231.57142857142858
28356	7061	477.0	232.0
28368	7061	479.0	233.0
28380	7061	481.5	232.5
28392	7061	484.0	234.0
28404	7061	486.0	235.0
28416	7061	489.0	235.0
28428	7061	491.0	236.0
28440	7061	494.0	237.0
28452	7061	497.0	238.0
28464	7061	501.0	238.0
28476	7061	507.0	240.0
28488	7061	511.0	241.0
28500	7061	518.0	242.0
28512	7061	525.0	244.0
28524	7061	533.0	246.0
28536	7061	542.0	248.0
28548	7061	552.0	251.0
28560	7061	565.0	253.0
28572	7061	580.0	257.0
28584	7061	596.0	261.0
28596	7061	618.0	266.0
28608	7061	644.0	272.0
28620	7061	678.0	281.0
28632	7061	723.0	293.0
28644	7061	790.0	310.0
28656	7061	889.0	335.0
28668	7061	991.0	377.0
28440	7104	452.0	232.0
28452	7104	453.0	232.0
28464	7104	454.0	231.0
28476	7104	455.0	232.0
28488	7104	456.0	233.0
28500	7104	456.0	234.0
28512	7104	459.0	234.0
28524	7104	461.0	235.0
28536	7104	463.0	235.0
28548	7104	464.0	236.0
28560	7104	466.0	237.0
28572	7104	468.0	237.0
28584	7104	471.0	238.0
28596	7104	474.0	240.0
28608	7104	478.0	241.0
28620	7104	482.0	243.0
28632	7104	486.0	244.0
28644	7104	490.0	246.0
28656	7104	497.0	249.0
28668	7104	504.0	251.0
28680	7104	513.0	254.0
28692	7104	522.0	258.0
28704	7104	535.0	263.0
28716	7104	550.0	269.0
28728	7104	569.0	276.0
28740	7104	596.0	286.0
28752	7104	633.0	300.0
28764	7104	692.0	322.0
28776	7104	790.0	360.0
28788	7104	971.0	439.0
28524	7133	490.5	230.0
28536	7133	492.0	229.0
28548	7133	495.0	231.0
28560	7133	497.0	231.0
28572	7133	499.0	231.0
28584	7133	504.0	233.0
28596	7133	509.0	233.0
28608	7133	512.0	234.0
28620	7133	516.0	235.0
28632	7133	521.0	236.0
28644	7133	527.0	237.0
28656	7133	533.0	238.0
28668	7133	540.0	239.0
28680	7133	548.0	241.0
28692	7133	557.0	243.0
28704	7133	567.0	245.0
28716	7133	580.0	247.0
28728	7133	594.0	249.0
28740	7133	612.0	253.0
28752	7133	632.0	256.0
28764	7133	660.0	261.0
28776	7133	695.0	268.0
28788	7133	742.0	277.0
28800	7133	806.0	289.0
28812	7133	904.0	308.0
28776	7178	469.0	233.0
28788	7178	472.0	235.0
28800	7178	474.0	235.0
28812	7178	478.0	236.0
28824	7178	481.0	237.0
28836	7178	486.0	238.0
28848	7178	490.0	239.0
28860	7178	495.0	240.0
28872	7178	502.0	242.0
28884	7178	509.0	244.0
28896	7178	519.0	246.0
28908	7178	528.0	248.0
28920	7178	540.0	251.0
28932	7178	554.0	255.0
28944	7178	571.0	259.0
28956	7178	593.0	264.0
28968	7178	621.0	270.0
28980	7178	655.0	279.0
28992	7178	706.0	292.0
29004	7178	778.0	310.0
29016	7178	898.0	341.0
29028	7178	1004.0	394.0
28836	7187	465.0	235.0
28848	7187	466.0	236.0
28860	7187	469.0	236.0
28872	7187	472.0	237.0
28884	7187	475.0	239.0
28896	7187	479.0	240.0
28908	7187	483.0	241.0
28920	7187	488.0	244.0
28932	7187	492.0	245.0
28944	7187	498.0	247.0
28956	7187	505.0	250.0
28968	7187	513.0	253.0
28980	7187	524.0	256.0
28992	7187	536.0	261.0
29004	7187	552.0	267.0
29016	7187	571.0	274.0
29028	7187	600.0	285.0
29040	7187	642.0	300.0
29052	7187	707.0	324.0
29064	7187	824.0	367.0
29076	7187	1005.0	467.0
28944	7213	469.0	234.0
28956	7213	471.0	235.0
28968	7213	474.0	236.0
28980	7213	478.0	236.0
28992	7213	480.0	237.0
29004	7213	484.0	238.0
29016	7213	489.0	240.0
29028	7213	497.0	241.0
29040	7213	502.0	243.0
29052	7213	510.0	245.0
29064	7213	519.0	248.0
29076	7213	530.0	250.0
29088	7213	543.0	253.0
29100	7213	559.0	258.0
29112	7213	580.0	263.0
29124	7213	606.0	269.0
29136	7213	640.0	278.0
29148	7213	688.0	291.0
29160	7213	760.0	309.0
29172	7213	876.0	340.0
29184	7213	1001.0	398.0
28968	7226	454.0	228.0
28980	7226	455.0	228.75
28992	7226	457.0	229.0
29004	7226	457.6	229.0
29016	7226	458.0	229.0
29028	7226	461.0	231.0
29040	7226	462.0	231.0
29052	7226	462.0	231.0
29064	7226	464.0	232.0
29076	7226	466.0	232.0
29088	7226	468.0	233.0
29100	7226	470.0	234.0
29112	7226	472.0	234.0
29124	7226	474.0	235.0
29136	7226	477.0	237.0
29148	7226	479.0	238.0
29160	7226	483.0	238.0
29172	7226	486.0	240.0
29184	7226	491.0	242.0
29196	7226	496.0	243.0
29208	7226	501.0	245.0
29220	7226	507.0	247.0
29232	7226	514.0	251.0
29244	7226	523.0	253.0
29256	7226	534.0	257.0
29268	7226	547.0	262.0
29280	7226	564.0	268.0
29292	7226	587.0	276.0
29304	7226	618.0	287.0
29316	7226	664.0	304.0
29328	7226	737.0	330.0
29340	7226	873.0	378.0
29352	7226	1021.0	487.0
29184	7271	444.0	227.0
29196	7271	444.6666666666667	227.66666666666666
29208	7271	446.8	228.0
29220	7271	448.0	228.0
29232	7271	449.0	228.0
29244	7271	450.0	230.0
29256	7271	452.0	230.0
29268	7271	454.6521739130435	230.1304347826087
29280	7271	457.2608695652174	230.65217391304347
29292	7271	460.0	231.0
29304	7271	461.0	233.0
29316	7271	463.22222222222223	232.55555555555554
29328	7271	467.0	234.0
29340	7271	469.0	234.0
29352	7271	471.0	235.0
29364	7271	474.0	237.0
29376	7271	480.0	237.0
29388	7271	484.0	238.0
29400	7271	487.0	241.0
29412	7271	492.0	242.0
29424	7271	497.0	244.0
29436	7271	505.0	248.0
29448	7271	512.0	250.0
29460	7271	524.0	254.0
29472	7271	537.0	259.0
29484	7271	555.0	265.0
29496	7271	579.0	274.0
29508	7271	612.0	286.0
29520	7271	666.0	305.0
29532	7271	760.0	339.0
29544	7271	957.0	411.0
29244	7298	477.0	231.0
29256	7298	478.0	231.0
29268	7298	480.6	230.0
29280	7298	484.0	232.0
29292	7298	486.0	233.0
29304	7298	487.0	233.0
29316	7298	491.0	234.0
29328	7298	492.5	234.5
29340	7298	498.0	235.0
29352	7298	500.0	236.0
29364	7298	504.0	236.0
29376	7298	507.0	238.0
29388	7298	513.0	238.0
29400	7298	517.0	240.0
29412	7298	522.0	241.0
29424	7298	529.0	243.0
29436	7298	537.0	244.0
29448	7298	545.0	247.0
29460	7298	554.0	248.0
29472	7298	565.0	252.0
29484	7298	577.0	255.0
29496	7298	593.0	258.0
29436	7337	468.0	234.0
29448	7337	470.0	234.0
29460	7337	473.0	235.0
29472	7337	476.0	236.0
29484	7337	479.0	237.0
29496	7337	483.0	237.0
29508	7337	487.0	238.0
29520	7337	493.0	240.0
29532	7337	499.0	240.0
29544	7337	505.0	242.0
29556	7337	511.0	244.0
29568	7337	519.0	245.0
29580	7337	528.0	247.0
29592	7337	537.0	249.0
29604	7337	547.0	252.0
29616	7337	560.0	254.0
29628	7337	575.0	258.0
29640	7337	593.0	262.0
29652	7337	615.0	268.0
29664	7337	642.0	274.0
29676	7337	677.0	283.0
29688	7337	723.0	295.0
29700	7337	790.0	312.0
29712	7337	888.0	336.0
29724	7337	988.0	377.0
29520	7354	478.0	232.0
29532	7354	484.0	234.0
29544	7354	488.0	235.0
29556	7354	491.0	236.0
29568	7354	497.0	237.0
29580	7354	502.0	238.0
29592	7354	508.0	240.0
29604	7354	515.0	241.0
29616	7354	522.0	243.0
29628	7354	531.0	245.0
29640	7354	540.0	248.0
29652	7354	551.0	250.0
29664	7354	563.0	253.0
29676	7354	579.0	257.0
29688	7354	597.0	260.0
29700	7354	619.0	266.0
29712	7354	648.0	273.0
29724	7354	686.0	282.0
29736	7354	740.0	295.0
29748	7354	817.0	313.0
29760	7354	943.0	342.0
29772	7354	1002.0	380.0
29544	7364	469.4375	228.0
29556	7364	470.25	228.25
29568	7364	472.0	229.0
29580	7364	473.0	229.0
29592	7364	476.0	230.0
29604	7364	478.0	231.0
29616	7364	481.0	231.0
29628	7364	484.0	232.0
29640	7364	486.0	233.0
29652	7364	487.8	232.8
29664	7364	493.0	234.0
29676	7364	496.0	235.0
29688	7364	500.0	236.0
29700	7364	505.0	237.0
29712	7364	510.0	239.0
29724	7364	517.0	240.0
29736	7364	524.0	242.0
29748	7364	531.0	243.0
29760	7364	542.0	247.0
29772	7364	552.0	249.0
29784	7364	565.0	252.0
29796	7364	584.0	256.0
29808	7364	604.0	261.0
29820	7364	632.0	267.0
29832	7364	669.0	276.0
29844	7364	721.0	289.0
29856	7364	800.0	308.0
29868	7364	931.0	340.0
29556	7369	451.0	228.0
29568	7369	452.0	227.0
29580	7369	454.26	228.36
29592	7369	455.94	228.84
29604	7369	457.62	229.32
29616	7369	459.3	229.8
29628	7369	461.14285714285717	229.14285714285714
29640	7369	463.42857142857144	230.0
29652	7369	466.0	231.0
29664	7369	468.0	231.0
29676	7369	471.0	232.0
29688	7369	474.0	233.0
29700	7369	477.0	234.0
29712	7369	482.0	234.0
29724	7369	487.0	235.0
29736	7369	490.0	236.0
29748	7369	496.0	237.0
29760	7369	502.0	239.0
29772	7369	508.0	240.0
29784	7369	516.0	241.0
29796	7369	523.0	243.0
29808	7369	531.0	245.0
29820	7369	542.0	248.0
29832	7369	554.0	250.0
29844	7369	570.0	254.0
29856	7369	588.0	258.0
29868	7369	610.0	263.0
29880	7369	638.0	270.0
29892	7369	676.0	278.0
29904	7369	730.0	292.0
29916	7369	808.0	311.0
29928	7369	940.0	343.0
29652	7400	520.0	231.0
29664	7400	523.0	232.0
29676	7400	528.0	233.0
29688	7400	533.0	234.0
29700	7400	537.0	235.0
29712	7400	543.0	235.0
29724	7400	550.0	237.0
29736	7400	558.0	238.0
29748	7400	565.0	238.0
29760	7400	576.0	241.0
29772	7400	586.0	242.0
29784	7400	598.0	244.0
29796	7400	612.0	246.0
29808	7400	627.0	248.0
29820	7400	647.0	252.0
29832	7400	670.0	255.0
29844	7400	693.0	250.0
29856	7400	737.0	263.0
29868	7400	787.0	273.0
29880	7400	850.0	284.0
29892	7400	944.0	299.0
29772	7408	458.0	230.0
29784	7408	460.0	231.0
29796	7408	461.0	231.0
29808	7408	463.0	232.0
29820	7408	464.0	232.0
29832	7408	465.0	232.0
29844	7408	469.0	234.0
29856	7408	471.0	234.0
29868	7408	473.0	235.0
29880	7408	475.0	236.0
29892	7408	478.0	237.0
29904	7408	481.0	238.0
29916	7408	485.0	240.0
29928	7408	490.0	242.0
29940	7408	494.0	243.0
29952	7408	500.0	246.0
29964	7408	507.0	248.0
29976	7408	514.0	251.0
29988	7408	524.0	254.0
30000	7408	536.0	258.0
30012	7408	551.0	264.0
30024	7408	569.0	271.0
30036	7408	596.0	280.0
30048	7408	635.0	294.0
30060	7408	693.0	315.0
30072	7408	796.0	351.0
30084	7408	980.0	432.0
29784	7414	472.0	229.0
29796	7414	476.0	230.0
29808	7414	480.0	230.0
29820	7414	482.0	231.0
29832	7414	487.0	232.0
29844	7414	491.0	232.0
29856	7414	495.0	233.0
29868	7414	500.0	235.0
29880	7414	505.0	235.0
29892	7414	511.0	236.0
29904	7414	518.0	237.0
29916	7414	526.0	238.0
29928	7414	534.0	240.0
29940	7414	543.0	242.0
29952	7414	554.0	243.0
29964	7414	567.0	246.0
29976	7414	582.0	248.0
29988	7414	599.0	251.0
30000	7414	620.0	255.0
30012	7414	646.0	259.0
30024	7414	679.0	265.0
30036	7414	721.0	272.0
30048	7414	779.0	283.0
30060	7414	863.0	298.0
30072	7414	970.0	322.0
30060	7450	457.0	228.0
30072	7450	458.2631578947368	229.10526315789474
30084	7450	459.8421052631579	229.73684210526315
30096	7450	461.42105263157896	230.3684210526316
30108	7450	463.0	231.0
30120	7450	464.0	232.0
30132	7450	466.0	231.0
30144	7450	468.0	232.0
30156	7450	471.0	233.0
30168	7450	473.0	233.0
30180	7450	476.0	234.0
30192	7450	480.0	234.0
30204	7450	483.0	235.0
30216	7450	487.0	236.0
30228	7450	491.0	237.0
30240	7450	496.0	239.0
30252	7450	500.0	241.0
30264	7450	507.0	242.0
30276	7450	514.0	243.0
30288	7450	521.0	246.0
30300	7450	530.0	248.0
30312	7450	541.0	251.0
30324	7450	554.0	254.0
30336	7450	570.0	258.0
30348	7450	587.0	262.0
30360	7450	612.0	268.0
30372	7450	643.0	277.0
30384	7450	686.0	288.0
30396	7450	749.0	304.0
30408	7450	850.0	332.0
30420	7450	986.0	381.0
30144	7460	503.3333333333333	232.33333333333334
30156	7460	507.0	233.0
30168	7460	510.0	234.0
30180	7460	514.0	235.0
30192	7460	519.0	236.0
30204	7460	525.0	236.0
30216	7460	531.0	237.0
30228	7460	538.0	239.0
30240	7460	545.0	240.0
30252	7460	553.0	242.0
30264	7460	561.0	243.0
30276	7460	571.0	245.0
30288	7460	583.0	247.0
30300	7460	597.0	249.0
30312	7460	613.0	253.0
30324	7460	633.0	256.0
30336	7460	658.0	261.0
30348	7460	689.0	266.0
30360	7460	730.0	274.0
30372	7460	787.0	284.0
30384	7460	866.0	299.0
30396	7460	972.0	322.0
30276	7491	471.46153846153845	227.23076923076923
30288	7491	473.3076923076923	228.15384615384616
30300	7491	475.0	229.0
30312	7491	476.0	229.0
30324	7491	479.0	229.0
30336	7491	481.0	231.0
30348	7491	482.0	231.0
30360	7491	484.0	231.0
30372	7491	487.0	232.0
30384	7491	489.0	233.0
30396	7491	493.0	234.0
30408	7491	496.0	233.0
30420	7491	500.0	235.0
30432	7491	504.0	236.0
30444	7491	508.0	236.0
30456	7491	513.0	238.0
30468	7491	520.0	240.0
30480	7491	526.0	241.0
30492	7491	534.0	243.0
30504	7491	542.0	246.0
30516	7491	552.0	248.0
30528	7491	564.0	251.0
30540	7491	579.0	254.0
30552	7491	595.0	258.0
30564	7491	618.0	263.0
30576	7491	645.0	264.0
30588	7491	682.0	269.0
30600	7491	739.0	286.0
30612	7491	822.0	310.0
30624	7491	951.0	343.0
30636	7491	1000.0	373.0
30336	7505	525.0	230.0
30348	7505	528.5	231.0
30360	7505	533.0	232.0
30372	7505	537.0	233.0
30384	7505	543.0	234.0
30396	7505	548.0	235.0
30408	7505	555.0	235.0
30420	7505	562.0	236.0
30432	7505	569.0	237.0
30444	7505	577.0	238.0
30456	7505	588.0	240.0
30468	7505	598.0	241.0
30480	7505	611.0	243.0
30492	7505	623.0	244.0
30504	7505	640.0	247.0
30516	7505	659.0	250.0
30528	7505	682.0	253.0
30540	7505	708.0	256.0
30552	7505	743.0	261.0
30564	7505	784.0	267.0
30576	7505	840.0	275.0
30588	7505	911.0	285.0
30600	7505	976.0	297.0
30360	7516	470.22222222222223	234.0
30372	7516	474.0	234.0
30384	7516	476.0	235.0
30396	7516	477.0	236.0
30408	7516	482.0	237.0
30420	7516	483.0	238.0
30432	7516	487.0	240.0
30444	7516	492.0	241.0
30456	7516	497.0	243.0
30468	7516	501.0	245.0
30480	7516	506.0	247.0
30492	7516	514.0	249.0
30504	7516	522.0	253.0
30516	7516	533.0	256.0
30528	7516	546.0	260.0
30540	7516	563.0	266.0
30552	7516	583.0	273.0
30564	7516	613.0	283.0
30576	7516	655.0	298.0
30588	7516	719.0	320.0
30600	7516	832.0	360.0
30612	7516	999.0	448.0
30456	7542	465.0	229.0
30468	7542	464.0	230.0
30480	7542	467.2857142857143	229.0
30492	7542	468.75	229.0
30504	7542	472.0	231.0
30516	7542	474.0	231.0
30528	7542	478.0	232.0
30540	7542	481.0	232.0
30552	7542	482.0	233.0
30564	7542	486.0	234.0
30576	7542	489.0	234.0
30588	7542	493.0	236.0
30600	7542	497.0	236.0
30612	7542	500.0	237.0
30624	7542	505.0	239.0
30636	7542	510.0	239.0
30648	7542	517.0	241.0
30660	7542	523.0	242.0
30672	7542	530.0	245.0
30684	7542	537.0	246.0
30696	7542	547.0	249.0
30708	7542	557.0	251.0
30720	7542	570.0	254.0
30732	7542	584.0	258.0
30744	7542	603.0	262.0
30756	7542	627.0	268.0
30768	7542	656.0	275.0
30780	7542	697.0	285.0
30792	7542	752.0	299.0
30804	7542	834.0	320.0
30816	7542	961.0	352.0
30720	7621	514.0	231.0
30732	7621	516.75	231.75
30744	7621	520.2686567164179	232.07462686567163
30756	7621	523.3134328358209	232.2537313432836
30768	7621	526.3582089552239	232.43283582089552
30780	7621	529.4029850746268	232.61194029850745
30792	7621	532.4477611940299	232.7910447761194
30804	7621	535.4925373134329	232.97014925373134
30816	7621	539.6	233.4
30828	7621	544.6666666666666	234.0
30840	7621	552.0	235.0
30852	7621	559.0	236.0
30864	7621	566.0	237.0
30876	7621	577.0	238.0
30888	7621	588.0	240.0
30900	7621	600.0	242.0
30912	7621	615.0	244.0
30924	7621	631.0	246.0
30936	7621	650.0	248.0
30948	7621	675.0	252.0
30960	7621	702.0	255.0
30972	7621	737.0	260.0
30984	7621	784.0	267.0
30996	7621	843.0	275.0
31008	7621	926.0	286.0
30732	7630	468.5	229.0
30744	7630	470.0	231.0
30756	7630	471.0	231.0
30768	7630	474.7142857142857	231.0
30780	7630	476.0	232.0
30792	7630	479.0	232.0
30804	7630	483.0	233.0
30816	7630	485.0	235.0
30828	7630	489.0	235.0
30840	7630	493.0	236.0
30852	7630	496.0	237.0
30864	7630	499.0	237.0
30876	7630	505.0	238.0
30888	7630	509.0	241.0
30900	7630	516.0	241.0
30912	7630	522.0	243.0
30924	7630	530.0	246.0
30936	7630	539.0	248.0
30948	7630	549.0	250.0
30960	7630	562.0	253.0
30972	7630	577.0	257.0
30984	7630	596.0	262.0
30996	7630	618.0	267.0
31008	7630	651.0	275.0
31020	7630	692.0	286.0
31032	7630	752.0	301.0
31044	7630	844.0	325.0
31056	7630	976.0	366.0
30936	7686	507.0	232.0
30948	7686	511.0	233.0
30960	7686	514.0	234.0
30972	7686	518.0	235.0
30984	7686	522.0	235.0
30996	7686	530.0	236.0
31008	7686	537.0	237.0
31020	7686	539.0	238.0
31032	7686	546.0	240.0
31044	7686	554.0	241.0
31056	7686	563.0	243.0
31068	7686	574.0	245.0
31080	7686	587.0	248.0
31092	7686	602.0	250.0
31104	7686	620.0	254.0
31116	7686	643.0	257.0
31128	7686	672.0	263.0
31140	7686	709.0	270.0
31152	7686	758.0	278.0
31164	7686	828.0	292.0
31176	7686	932.0	312.0
30960	7697	487.0	234.0
30972	7697	489.75	234.875
30984	7697	494.0	236.0
30996	7697	497.0	236.0
31008	7697	501.0	237.0
31020	7697	506.0	239.0
31032	7697	511.0	240.0
31044	7697	518.0	242.0
31056	7697	525.0	244.0
31068	7697	533.0	246.0
31080	7697	542.0	248.0
31092	7697	553.0	251.0
31104	7697	566.0	254.0
31116	7697	583.0	258.0
31128	7697	603.0	263.0
31140	7697	629.0	269.0
31152	7697	663.0	278.0
31164	7697	712.0	290.0
31176	7697	783.0	309.0
31188	7697	899.0	338.0
31200	7697	1002.0	391.0
31008	7711	461.0	228.0
31020	7711	465.0	229.0
31032	7711	467.0	230.0
31044	7711	469.0	229.0
31056	7711	470.0	231.0
31068	7711	473.0	232.0
31080	7711	474.0	231.0
31092	7711	478.0	232.0
31104	7711	481.0	232.0
31116	7711	484.0	233.0
31128	7711	487.0	234.0
31140	7711	490.0	235.0
31152	7711	494.0	236.0
31164	7711	498.0	237.0
31176	7711	503.0	238.0
31188	7711	507.0	239.0
31200	7711	514.0	240.0
31212	7711	520.0	242.0
31224	7711	528.0	243.0
31236	7711	537.0	246.0
31248	7711	547.0	248.0
31260	7711	560.0	251.0
31272	7711	574.0	254.0
31284	7711	592.0	259.0
31296	7711	615.0	264.0
31308	7711	643.0	271.0
31320	7711	683.0	280.0
31332	7711	737.0	293.0
31344	7711	815.0	313.0
31356	7711	946.0	343.0
31368	7711	1002.0	380.0
31248	7801	502.0	231.0
31260	7801	504.0	232.0
31272	7801	507.0	232.0
31284	7801	510.0	233.0
31296	7801	516.0	234.0
31308	7801	519.0	235.0
31320	7801	524.0	235.0
31332	7801	529.0	237.0
31344	7801	536.0	238.0
31356	7801	542.0	239.0
31368	7801	551.0	241.0
31380	7801	559.0	243.0
31392	7801	570.0	245.0
31404	7801	582.0	247.0
31416	7801	594.0	249.0
31428	7801	612.0	252.0
31440	7801	633.0	256.0
31452	7801	658.0	261.0
31464	7801	690.0	266.0
31476	7801	731.0	274.0
31488	7801	788.0	285.0
31500	7801	870.0	300.0
31512	7801	972.0	324.0
31476	7847	501.0	230.0
31488	7847	503.6666666666667	230.0
31500	7847	507.258064516129	230.2258064516129
31512	7847	511.1290322580645	230.61290322580646
31524	7847	515.0	231.0
31536	7847	517.3333333333334	232.11111111111111
31548	7847	521.0	233.0
31560	7847	527.0	233.0
31572	7847	531.0	234.0
31584	7847	535.0	235.0
31596	7847	541.0	235.0
31608	7847	548.0	237.0
31620	7847	555.0	238.0
31632	7847	562.0	239.0
31644	7847	573.0	240.0
31656	7847	584.0	242.0
31668	7847	595.0	243.0
31680	7847	609.0	246.0
31692	7847	627.0	248.0
31704	7847	645.0	251.0
31716	7847	669.0	255.0
31728	7847	699.0	260.0
31740	7847	735.0	265.0
31752	7847	784.0	273.0
31764	7847	849.0	283.0
31776	7847	940.0	298.0
31584	7869	491.0	230.0
31596	7869	493.0	230.0
31608	7869	497.4	231.0
31620	7869	499.0	231.0
31632	7869	502.5	232.0
31644	7869	507.0	233.0
31656	7869	510.0	233.0
31668	7869	516.0	235.0
31680	7869	520.0	235.0
31692	7869	526.0	235.0
31704	7869	532.0	237.0
31716	7869	539.0	238.0
31728	7869	548.0	240.0
31740	7869	557.0	241.0
31752	7869	567.0	244.0
31764	7869	581.0	246.0
31776	7869	595.0	249.0
31788	7869	614.0	253.0
31800	7869	639.0	256.0
31812	7869	667.0	262.0
31824	7869	706.0	269.0
31836	7869	761.0	279.0
31848	7869	839.0	294.0
31860	7869	958.0	317.0
31596	7872	472.0	229.0
31608	7872	475.0	231.0
31620	7872	477.0	231.0
31632	7872	480.0	230.0
31644	7872	483.0	233.0
31656	7872	485.0	233.0
31668	7872	488.0	234.0
31680	7872	492.0	235.0
31692	7872	495.0	235.0
31704	7872	500.0	237.0
31716	7872	505.0	237.0
31728	7872	511.0	239.0
31740	7872	517.0	240.0
31752	7872	525.0	242.0
31764	7872	533.0	244.0
31776	7872	542.0	247.0
31788	7872	553.0	250.0
31800	7872	567.0	253.0
31812	7872	584.0	257.0
31824	7872	607.0	262.0
31836	7872	634.0	270.0
31848	7872	672.0	279.0
31860	7872	727.0	293.0
31872	7872	813.0	316.0
31884	7872	961.0	354.0
31776	7904	471.0	231.0
31788	7904	472.0	232.0
31800	7904	475.15384615384613	232.0
31812	7904	478.14285714285717	232.14285714285714
31824	7904	480.0	234.0
31836	7904	484.0	235.0
31848	7904	486.0	235.0
31860	7904	490.0	236.0
31872	7904	494.0	236.0
31884	7904	498.0	237.0
31896	7904	502.0	238.0
31908	7904	508.0	239.0
31920	7904	514.0	241.0
31932	7904	521.0	243.0
31944	7904	528.0	245.0
31956	7904	537.0	247.0
31968	7904	547.0	249.0
31980	7904	560.0	252.0
31992	7904	575.0	256.0
32004	7904	594.0	261.0
32016	7904	618.0	267.0
32028	7904	648.0	274.0
32040	7904	691.0	284.0
32052	7904	753.0	300.0
32064	7904	846.0	324.0
32076	7904	978.0	365.0
31884	7928	484.35714285714283	228.0
31896	7928	486.5	228.0
31908	7928	488.64285714285717	228.0
31920	7928	491.0	228.66666666666666
31932	7928	493.0	229.0
31944	7928	495.0	230.0
31956	7928	498.0	230.0
31968	7928	502.0	231.0
31980	7928	504.0	232.0
31992	7928	508.0	232.0
32004	7928	511.0	233.0
32016	7928	515.0	234.0
32028	7928	521.0	235.0
32040	7928	524.0	236.0
32052	7928	529.0	237.0
32064	7928	535.0	237.0
32076	7928	541.0	239.0
32088	7928	548.0	240.0
32100	7928	556.0	242.0
32112	7928	567.0	243.0
32124	7928	577.0	245.0
32136	7928	588.0	247.0
32148	7928	601.0	248.0
32160	7928	617.0	249.0
32172	7928	637.0	253.0
32184	7928	660.0	259.0
32196	7928	691.0	265.0
32208	7928	729.0	273.0
32220	7928	781.0	283.0
32232	7928	848.0	295.0
32244	7928	949.0	314.0
32256	7928	984.0	335.0
32268	7928	985.0	334.0
32280	7928	984.0	336.0
32292	7928	994.0	334.0
31956	7948	469.5	232.5
31968	7948	471.0	234.0
31980	7948	476.0	235.0
31992	7948	479.0	235.0
32004	7948	483.0	235.0
32016	7948	487.0	237.0
32028	7948	491.0	238.0
32040	7948	496.0	239.0
32052	7948	502.0	240.0
32064	7948	507.0	242.0
32076	7948	515.0	245.0
32088	7948	523.0	246.0
32100	7948	532.0	248.0
32112	7948	543.0	250.0
32124	7948	556.0	255.0
32136	7948	572.0	259.0
32148	7948	590.0	263.0
32160	7948	617.0	271.0
32172	7948	651.0	281.0
32184	7948	700.0	294.0
32196	7948	776.0	315.0
32208	7948	908.0	352.0
31956	7951	444.0	229.0
31968	7951	447.0	230.0
31980	7951	449.0	229.25
31992	7951	451.4	229.6
32004	7951	453.0	231.0
32016	7951	455.6	231.53333333333333
32028	7951	459.0	233.0
32040	7951	461.0	233.0
32052	7951	464.0	234.0
32064	7951	466.0	235.0
32076	7951	470.0	236.0
32088	7951	474.0	237.0
32100	7951	478.0	238.0
32112	7951	483.0	239.0
32124	7951	488.0	240.0
32136	7951	491.0	242.0
32148	7951	498.0	244.0
32160	7951	504.0	247.0
32172	7951	515.0	249.0
32184	7951	524.0	253.0
32196	7951	535.0	257.0
32208	7951	551.0	262.0
32220	7951	571.0	270.0
32232	7951	599.0	279.0
32244	7951	637.0	293.0
32256	7951	698.0	314.0
32268	7951	805.0	352.0
32280	7951	992.0	444.0
32088	7992	435.0	228.0
32100	7992	434.0	227.0
32112	7992	432.4	228.0
32124	7992	432.0	228.0
32136	7992	431.0	229.0
32148	7992	428.0	229.0
32160	7992	428.0	229.0
32172	7992	427.0	229.0
32184	7992	425.0	229.0
32196	7992	424.0	229.0
32208	7992	424.0	230.0
32220	7992	423.0	230.0
32232	7992	421.8888888888889	230.0
32244	7992	421.0	229.6
32256	7992	421.0	229.0
32268	7992	422.0	230.0
32280	7992	419.0	229.0
32292	7992	420.0	230.0
32304	7992	419.0	230.0
32316	7992	418.0	230.0
32328	7992	418.0	230.0
32340	7992	417.0	230.0
32352	7992	417.0	231.0
32364	7992	418.0	231.0
32376	7992	417.0	231.0
32388	7992	418.0	232.0
32400	7992	418.0	231.0
32412	7992	418.0	231.0
32424	7992	418.0	231.0
32436	7992	418.0	231.0
32448	7992	418.0	231.0
32460	7992	418.0	231.0
32472	7992	418.0	232.0
32484	7992	417.0	231.0
32496	7992	417.0	232.0
32508	7992	417.0	231.0
32520	7992	418.0	231.0
32532	7992	418.0	231.0
32544	7992	418.0	231.0
32556	7992	418.0	231.0
32568	7992	419.0	231.0
32580	7992	418.0	230.0
32592	7992	418.0	230.0
32604	7992	418.0	230.0
32616	7992	418.0	230.0
32628	7992	418.0	231.0
32640	7992	418.0	231.0
32652	7992	418.0	230.0
32664	7992	418.0	230.0
32676	7992	418.0	231.0
32688	7992	418.0	231.0
32700	7992	418.0	231.0
32712	7992	418.0	230.0
32724	7992	418.0	230.0
32736	7992	418.0	230.0
32748	7992	418.0	231.0
32760	7992	418.0	230.0
32772	7992	418.0	231.0
32784	7992	417.0	230.0
32796	7992	418.0	231.0
32808	7992	418.0	231.0
32820	7992	418.0	231.0
32832	7992	418.0	230.0
32844	7992	418.0	231.0
32856	7992	417.0	231.0
32868	7992	418.0	231.0
32880	7992	419.0	231.0
32892	7992	418.0	231.0
32904	7992	418.0	231.0
32916	7992	418.0	231.0
32928	7992	418.0	231.0
32940	7992	419.0	231.0
32952	7992	418.0	231.0
32964	7992	418.0	231.0
32976	7992	418.0	231.0
32988	7992	419.0	231.0
33000	7992	419.0	231.0
33012	7992	418.0	231.0
33024	7992	419.0	231.0
33036	7992	418.0	231.0
33048	7992	418.0	231.0
33060	7992	418.0	231.0
33072	7992	418.0	231.0
33084	7992	418.0	231.0
33096	7992	418.0	231.0
33108	7992	418.0	231.0
33120	7992	418.0	231.0
33132	7992	418.0	231.0
33144	7992	418.0	231.0
33156	7992	418.0	231.0
33168	7992	418.0	231.0
33180	7992	418.0	231.0
33192	7992	418.0	231.0
33204	7992	418.0	231.0
33216	7992	418.0	231.0
33228	7992	418.0	231.0
33240	7992	418.0	231.0
33252	7992	418.0	231.0
33264	7992	418.0	231.0
33276	7992	417.0	231.0
33288	7992	418.0	231.0
33300	7992	418.0	230.0
33312	7992	418.0	231.0
33324	7992	419.0	231.0
33336	7992	418.0	231.0
33348	7992	419.0	231.0
33360	7992	419.0	231.0
33372	7992	419.0	232.0
33384	7992	418.0	231.0
33396	7992	418.0	232.0
33408	7992	418.0	231.0
33420	7992	418.0	231.0
33432	7992	418.0	231.0
33444	7992	418.0	231.0
33456	7992	418.0	232.0
33468	7992	418.0	232.0
33480	7992	418.0	232.0
33492	7992	418.0	232.0
33504	7992	418.0	232.0
33516	7992	418.0	231.0
33528	7992	418.0	231.0
33540	7992	418.0	231.0
33552	7992	418.0	231.0
33564	7992	418.0	231.0
33576	7992	418.0	231.0
33588	7992	418.0	231.0
33600	7992	418.0	231.0
33612	7992	418.0	231.0
33624	7992	418.0	231.0
33636	7992	418.0	231.0
33648	7992	418.0	231.0
33660	7992	418.0	230.0
33672	7992	418.0	231.0
33684	7992	418.0	231.0
33696	7992	418.0	231.0
33708	7992	418.0	231.0
33720	7992	418.0	230.0
33732	7992	418.0	231.0
33744	7992	418.0	231.0
33756	7992	418.0	231.0
33768	7992	418.0	231.0
33780	7992	418.0	231.0
33792	7992	418.0	231.0
33804	7992	418.0	231.0
33816	7992	418.0	231.0
33828	7992	418.0	231.0
33840	7992	418.0	231.0
33852	7992	418.0	231.0
33864	7992	418.0	231.0
33876	7992	418.0	231.0
33888	7992	418.0	231.0
33900	7992	418.0	231.0
33912	7992	418.0	231.0
33924	7992	418.0	231.0
33936	7992	418.0	231.0
33948	7992	419.0	231.0
33960	7992	418.0	231.0
33972	7992	418.0	231.0
33984	7992	417.0	231.0
33996	7992	417.0	231.0
34008	7992	417.0	231.0
34020	7992	418.0	231.0
34032	7992	418.0	231.0
34044	7992	418.0	231.0
34056	7992	418.0	232.0
34068	7992	417.0	231.0
34080	7992	418.0	231.0
34092	7992	418.0	232.0
34104	7992	418.0	232.0
34116	7992	417.0	231.0
34128	7992	418.0	231.0
34140	7992	418.0	231.0
34152	7992	418.0	231.0
34164	7992	418.0	231.0
34176	7992	418.0	231.0
34188	7992	418.0	231.0
34200	7992	418.0	231.0
34212	7992	418.0	231.0
34224	7992	418.0	231.0
34236	7992	418.0	231.0
34248	7992	418.0	231.0
34260	7992	418.0	231.0
34272	7992	418.0	231.0
34284	7992	418.0	231.0
34296	7992	418.0	231.0
34308	7992	418.0	230.0
34320	7992	418.0	231.0
34332	7992	418.0	231.0
34344	7992	418.0	231.0
34356	7992	418.0	231.0
34368	7992	418.0	231.0
34380	7992	418.0	231.0
34392	7992	418.0	231.0
34404	7992	418.0	231.0
34416	7992	418.0	231.0
34428	7992	418.0	231.0
34440	7992	418.0	231.0
34452	7992	418.0	231.0
34464	7992	418.0	231.0
34476	7992	418.0	231.0
34488	7992	418.0	231.0
34500	7992	418.0	230.0
34512	7992	418.0	230.0
34524	7992	418.0	231.0
34536	7992	418.0	231.0
34548	7992	418.0	231.0
34560	7992	418.0	231.0
34572	7992	418.0	231.0
34584	7992	418.0	231.0
34596	7992	418.0	231.0
34608	7992	418.0	231.0
34620	7992	418.0	231.0
34632	7992	418.0	231.0
34644	7992	418.0	231.0
34656	7992	418.0	231.0
34668	7992	418.0	231.0
34680	7992	418.0	231.0
34692	7992	418.0	231.0
34704	7992	419.0	231.0
34716	7992	418.0	230.0
34728	7992	418.0	231.0
34740	7992	419.0	231.0
34752	7992	419.0	231.0
34764	7992	418.0	231.0
34776	7992	418.0	231.0
34788	7992	418.0	231.0
34800	7992	418.0	231.0
34812	7992	418.0	231.0
34824	7992	418.0	231.0
34836	7992	418.0	231.0
34848	7992	418.0	231.0
34860	7992	418.0	231.0
34872	7992	418.0	231.0
34884	7992	418.0	231.0
34896	7992	418.0	231.0
34908	7992	418.0	231.0
34920	7992	418.0	231.0
34932	7992	418.0	231.0
34944	7992	418.0	231.0
34956	7992	418.0	231.0
34968	7992	418.0	231.0
34980	7992	419.0	231.0
34992	7992	418.0	231.0
35004	7992	418.0	231.0
35016	7992	419.0	231.0
35028	7992	419.0	231.0
35040	7992	419.0	231.0
35052	7992	418.0	231.0
35064	7992	418.0	231.0
35076	7992	418.0	231.0
35088	7992	418.0	231.0
35100	7992	418.0	231.0
35112	7992	418.0	231.0
35124	7992	417.0	231.0
35136	7992	418.0	231.0
35148	7992	418.0	231.0
35160	7992	418.0	231.0
35172	7992	418.0	231.0
35184	7992	418.0	231.0
35196	7992	418.0	231.0
35208	7992	418.0	231.0
35220	7992	418.0	231.0
35232	7992	418.0	231.0
35244	7992	418.0	231.0
35256	7992	418.0	231.0
35268	7992	418.0	231.0
35280	7992	418.0	231.0
35292	7992	418.0	231.0
35304	7992	418.0	231.0
35316	7992	418.0	231.0
35328	7992	418.0	231.0
35340	7992	418.0	231.0
35352	7992	418.0	231.0
35364	7992	418.0	231.0
35376	7992	418.0	231.0
35388	7992	418.0	231.0
35400	7992	418.0	231.0
35412	7992	418.0	230.0
35424	7992	418.0	231.0
35436	7992	418.0	231.0
35448	7992	418.0	231.0
35460	7992	418.0	231.0
35472	7992	418.0	231.0
35484	7992	418.0	231.0
35496	7992	418.0	231.0
35508	7992	418.0	231.0
35520	7992	418.0	231.0
35532	7992	418.0	231.0
35544	7992	418.0	231.0
35556	7992	418.0	231.0
35568	7992	418.0	231.0
35580	7992	418.0	231.0
35592	7992	418.0	231.0
35604	7992	418.0	231.0
35616	7992	418.0	231.0
35628	7992	418.0	231.0
35640	7992	418.0	231.0
35652	7992	418.0	230.0
35664	7992	418.0	231.0
35676	7992	418.0	231.0
35688	7992	418.0	231.0
35700	7992	418.0	231.0
35712	7992	418.0	231.0
35724	7992	418.0	231.0
35736	7992	418.0	231.0
35748	7992	418.0	231.0
35760	7992	418.0	230.0
35772	7992	418.0	231.0
35784	7992	418.0	231.0
35796	7992	418.0	231.0
35808	7992	418.0	231.0
35820	7992	417.0	230.0
35832	7992	418.0	231.0
35844	7992	418.0	231.0
35856	7992	418.0	231.0
35868	7992	419.0	231.0
35880	7992	419.0	231.0
35892	7992	418.0	231.0
35904	7992	418.0	231.0
35916	7992	418.0	231.0
35928	7992	418.0	231.0
35940	7992	418.0	231.0
35952	7992	418.0	231.0
35964	7992	418.0	230.0
35976	7992	418.0	230.0
35988	7992	418.0	231.0
36000	7992	418.0	231.0
36012	7992	418.0	230.0
36024	7992	418.0	231.0
36036	7992	418.0	231.0
36048	7992	418.0	231.0
36060	7992	418.0	231.0
36072	7992	418.0	231.0
36084	7992	418.0	231.0
36096	7992	418.0	231.0
36108	7992	418.0	231.0
36120	7992	417.0	232.0
36132	7992	418.0	232.0
36144	7992	417.0	231.0
36156	7992	417.0	232.0
36168	7992	417.0	232.0
36180	7992	418.0	232.0
36192	7992	418.0	231.0
36204	7992	418.0	232.0
36216	7992	418.0	232.0
36228	7992	417.0	231.0
36240	7992	418.0	231.0
36252	7992	418.0	231.0
36264	7992	418.0	231.0
36276	7992	417.0	231.0
36288	7992	418.0	231.0
36300	7992	418.0	231.0
36312	7992	418.0	231.0
36324	7992	417.0	230.0
36336	7992	418.0	231.0
36348	7992	418.0	231.0
36360	7992	418.0	231.0
36372	7992	418.0	231.0
36384	7992	418.0	231.0
36396	7992	418.0	231.0
36408	7992	418.0	231.0
36420	7992	418.0	231.0
36432	7992	417.0	231.0
36444	7992	418.0	231.0
36456	7992	418.0	231.0
36468	7992	418.0	231.0
36480	7992	418.0	231.0
36492	7992	419.0	231.0
36504	7992	419.0	231.0
36516	7992	418.0	230.0
36528	7992	418.0	231.0
36540	7992	418.0	231.0
36552	7992	417.0	231.0
36564	7992	418.0	231.0
36576	7992	417.0	231.0
36588	7992	418.0	231.0
36600	7992	418.0	230.0
36612	7992	417.0	231.0
36624	7992	417.0	230.0
36636	7992	417.0	230.0
36648	7992	418.0	231.0
36660	7992	418.0	230.0
36672	7992	418.0	230.0
36684	7992	418.0	231.0
36696	7992	418.0	231.0
36708	7992	418.0	231.0
36720	7992	418.0	232.0
36732	7992	418.0	231.0
36744	7992	418.0	231.0
36756	7992	418.0	230.0
36768	7992	418.0	230.0
36780	7992	419.0	230.0
36792	7992	418.0	230.0
36804	7992	418.0	231.0
36816	7992	418.0	231.0
36828	7992	418.0	231.0
36840	7992	418.0	231.0
36852	7992	418.0	231.0
36864	7992	418.0	231.0
36876	7992	418.0	231.0
36888	7992	418.0	231.0
36900	7992	419.0	231.0
36912	7992	418.0	231.0
36924	7992	418.0	231.0
36936	7992	418.0	230.0
36948	7992	418.0	231.0
36960	7992	418.0	231.0
36972	7992	418.0	231.0
36984	7992	418.0	231.0
36996	7992	418.0	231.0
37008	7992	418.0	231.0
37020	7992	418.0	231.0
37032	7992	418.0	231.0
37044	7992	418.0	231.0
37056	7992	418.0	230.0
37068	7992	418.0	231.0
37080	7992	418.0	231.0
37092	7992	418.0	231.0
37104	7992	418.0	231.0
37116	7992	418.0	231.0
37128	7992	419.0	231.0
37140	7992	418.0	231.0
37152	7992	418.0	231.0
37164	7992	417.0	231.0
37176	7992	418.0	231.0
37188	7992	418.0	232.0
37200	7992	417.4	231.0
37212	7992	418.0	231.0
37224	7992	417.0	231.0
37236	7992	418.0	231.0
37248	7992	418.0	231.0
37260	7992	417.0	231.0
37272	7992	418.0	231.0
37284	7992	417.0	231.0
37296	7992	417.0	231.0
37308	7992	418.0	231.0
37320	7992	418.0	231.0
37332	7992	418.0	231.0
37344	7992	418.0	231.0
37356	7992	417.0	231.0
37368	7992	418.0	230.0
37380	7992	418.0	231.0
37392	7992	418.0	231.0
37404	7992	418.0	231.0
37416	7992	418.0	231.0
37428	7992	418.0	231.0
37440	7992	418.0	231.0
37452	7992	418.0	231.0
37464	7992	417.0	232.0
37476	7992	418.0	232.0
37488	7992	418.0	232.0
37500	7992	417.0	232.0
37512	7992	418.0	231.0
37524	7992	417.0	231.0
37536	7992	418.0	231.0
37548	7992	418.0	231.0
37560	7992	418.0	231.0
37572	7992	418.0	232.0
37584	7992	418.0	232.0
37596	7992	417.0	231.0
37608	7992	418.0	231.0
37620	7992	418.0	231.0
37632	7992	418.0	231.0
37644	7992	418.0	231.0
37656	7992	418.0	232.0
37668	7992	418.0	231.0
37680	7992	418.0	231.0
37692	7992	418.0	231.0
37704	7992	418.0	231.0
37716	7992	418.0	231.0
37728	7992	418.0	230.0
37740	7992	418.0	231.0
37752	7992	417.0	230.0
37764	7992	418.0	231.0
37776	7992	418.0	231.0
37788	7992	418.0	231.0
37800	7992	418.0	231.0
37812	7992	418.0	231.0
37824	7992	418.0	231.0
37836	7992	418.0	231.0
37848	7992	418.0	231.0
37860	7992	418.0	230.0
37872	7992	418.0	231.0
37884	7992	418.0	231.0
37896	7992	417.0	232.0
37908	7992	418.0	231.0
37920	7992	418.0	231.0
37932	7992	418.0	231.0
37944	7992	418.0	231.0
37956	7992	419.0	231.0
37968	7992	418.0	231.0
37980	7992	418.0	231.0
37992	7992	418.0	231.85714285714286
38004	7992	418.0	231.0
38016	7992	418.0	232.0
38028	7992	418.0	231.0
38040	7992	418.0	231.0
38052	7992	417.0	231.0
38064	7992	417.0	231.0
38076	7992	418.0	231.0
38088	7992	418.0	232.0
38100	7992	418.0	231.0
38112	7992	418.0	231.0
38124	7992	417.0	231.0
38136	7992	418.0	231.0
38148	7992	418.0	231.0
38160	7992	418.0	231.0
38172	7992	418.0	231.0
38184	7992	418.0	231.0
38196	7992	418.0	231.0
38208	7992	418.0	231.0
38220	7992	418.0	231.0
38232	7992	418.0	231.0
38244	7992	418.0	231.0
38256	7992	418.0	231.0
38268	7992	418.0	231.0
38280	7992	418.0	231.0
38292	7992	418.0	231.0
38304	7992	418.0	231.0
38316	7992	418.0	231.0
38328	7992	418.0	231.0
38340	7992	417.0	231.0
38352	7992	418.0	231.0
38364	7992	417.0	231.0
38376	7992	418.0	231.0
38388	7992	418.0	231.0
38400	7992	418.0	231.0
38412	7992	418.0	231.0
38424	7992	418.0	231.0
38436	7992	417.0	231.0
38448	7992	418.0	231.0
38460	7992	418.0	231.0
38472	7992	418.0	231.0
38484	7992	418.0	231.0
38496	7992	418.0	231.0
38508	7992	417.0	231.0
38520	7992	418.0	231.0
38532	7992	418.0	231.0
38544	7992	418.0	231.0
38556	7992	417.0	231.0
38568	7992	418.0	231.0
38580	7992	418.0	231.0
38592	7992	417.0	231.0
38604	7992	418.0	231.0
38616	7992	418.0	231.0
38628	7992	419.0	231.0
38640	7992	418.0	231.0
38652	7992	418.0	231.0
38664	7992	418.0	231.0
38676	7992	418.0	231.0
38688	7992	418.0	231.0
38700	7992	418.0	231.0
38712	7992	418.0	231.0
38724	7992	418.0	231.0
38736	7992	418.0	231.0
38748	7992	419.0	231.0
38760	7992	418.0	231.0
38772	7992	418.0	230.0
38784	7992	419.0	231.0
38796	7992	418.0	231.0
38808	7992	418.0	231.0
38820	7992	418.0	231.0
38832	7992	418.0	231.0
38844	7992	419.0	231.0
38856	7992	418.0	231.0
38868	7992	418.0	231.0
38880	7992	418.0	231.0
38892	7992	418.0	231.0
38904	7992	419.0	231.0
38916	7992	418.0	231.0
38928	7992	418.0	231.0
38940	7992	418.0	231.0
38952	7992	418.0	231.0
38964	7992	418.0	231.0
38976	7992	418.0	231.0
38988	7992	418.0	231.0
39000	7992	418.0	231.0
39012	7992	418.0	231.0
39024	7992	418.0	231.0
39036	7992	418.0	231.0
39048	7992	417.0	231.0
39060	7992	418.0	231.0
39072	7992	418.0	231.0
39084	7992	417.0	231.0
39096	7992	418.0	231.0
39108	7992	418.0	231.0
39120	7992	418.0	231.0
39132	7992	418.0	231.0
39144	7992	418.0	231.0
39156	7992	418.0	231.0
39168	7992	418.0	230.0
39180	7992	418.0	231.0
39192	7992	418.0	231.0
39204	7992	418.0	231.0
39216	7992	418.0	231.0
39228	7992	419.0	231.0
39240	7992	418.0	231.0
39252	7992	418.0	231.0
39264	7992	419.0	231.0
39276	7992	418.0	232.0
39288	7992	417.0	231.0
39300	7992	418.0	231.0
39312	7992	418.0	231.0
39324	7992	418.0	231.0
39336	7992	418.0	231.0
39348	7992	418.0	231.0
39360	7992	418.0	231.0
39372	7992	418.0	231.0
39384	7992	418.0	231.0
39396	7992	418.0	231.0
39408	7992	418.0	231.0
39420	7992	418.0	231.0
39432	7992	418.0	231.0
39444	7992	418.0	231.0
39456	7992	417.0	231.0
39468	7992	419.0	231.0
39480	7992	418.0	231.0
39492	7992	418.0	231.0
39504	7992	417.0	232.0
39516	7992	418.0	231.0
39528	7992	419.0	231.0
39540	7992	417.0	231.0
39552	7992	418.0	231.0
39564	7992	418.0	231.0
39576	7992	417.0	231.0
39588	7992	418.0	231.0
39600	7992	418.0	231.0
39612	7992	418.0	231.0
39624	7992	418.0	231.0
39636	7992	418.0	231.0
39648	7992	418.0	231.0
39660	7992	418.0	231.0
39672	7992	418.0	231.0
39684	7992	417.0	231.0
39696	7992	418.0	231.0
39708	7992	419.0	231.0
39720	7992	418.0	231.0
39732	7992	419.0	231.0
39744	7992	418.0	231.0
39756	7992	418.0	231.0
39768	7992	418.0	231.0
39780	7992	417.0	231.0
39792	7992	418.0	231.0
39804	7992	418.0	231.0
39816	7992	418.0	230.0
39828	7992	418.0	231.0
39840	7992	418.0	231.0
39852	7992	418.0	231.0
39864	7992	418.0	231.0
39876	7992	418.0	231.0
39888	7992	418.0	231.0
39900	7992	418.0	231.0
39912	7992	418.0	232.0
39924	7992	418.0	231.0
39936	7992	418.0	231.0
39948	7992	418.0	231.0
39960	7992	419.0	231.0
39972	7992	418.0	231.0
39984	7992	417.0	231.0
39996	7992	418.0	231.0
40008	7992	418.0	231.0
40020	7992	418.0	231.0
40032	7992	418.0	231.0
40044	7992	418.0	231.0
40056	7992	419.0	231.0
40068	7992	418.0	231.0
40080	7992	418.0	231.0
40092	7992	418.0	231.0
40104	7992	418.0	231.0
40116	7992	418.0	231.0
40128	7992	418.0	231.0
40140	7992	417.0	230.0
40152	7992	417.0	230.0
40164	7992	417.0	230.0
40176	7992	417.0	230.0
40188	7992	417.0	230.0
40200	7992	418.0	230.0
40212	7992	418.0	231.0
40224	7992	418.0	231.0
40236	7992	417.0	230.0
40248	7992	418.0	230.0
40260	7992	417.0	230.0
40272	7992	417.0	231.0
40284	7992	418.0	230.0
40296	7992	417.0	230.0
40308	7992	418.0	230.0
40320	7992	418.0	230.0
40332	7992	417.0	229.0
40344	7992	417.0	229.0
40356	7992	418.0	229.0
40368	7992	418.0	229.0
40380	7992	418.0	229.0
40392	7992	418.0	229.0
40404	7992	418.0	229.0
40416	7992	418.0	230.0
40428	7992	418.0	230.0
40440	7992	418.0	229.0
40452	7992	418.0	230.0
40464	7992	418.0	230.0
40476	7992	418.0	230.0
40488	7992	417.0	230.0
40500	7992	417.0	229.0
40512	7992	418.0	229.0
40524	7992	418.0	230.0
40536	7992	418.0	230.0
40548	7992	417.0	230.0
40560	7992	417.0	230.0
40572	7992	416.0	230.0
40584	7992	417.0	231.0
40596	7992	417.0	230.0
40608	7992	416.0	230.0
40620	7992	416.0	229.0
40632	7992	417.0	229.0
40644	7992	417.0	230.0
40656	7992	417.0	230.0
40668	7992	417.0	229.0
40680	7992	418.0	230.0
40692	7992	417.0	230.0
40704	7992	417.0	230.0
40716	7992	417.0	229.0
40728	7992	418.0	229.0
40740	7992	417.0	230.0
40752	7992	417.0	230.0
40764	7992	418.0	230.0
40776	7992	418.0	229.0
40788	7992	418.0	230.0
40800	7992	418.0	230.0
40812	7992	418.0	230.0
40824	7992	418.0	230.0
40836	7992	418.0	230.0
40848	7992	418.0	230.0
40860	7992	418.0	230.0
40872	7992	418.0	230.0
40884	7992	418.0	229.0
40896	7992	418.0	229.0
40908	7992	418.0	230.0
40920	7992	418.0	229.0
40932	7992	418.0	230.0
40944	7992	418.0	229.0
40956	7992	418.0	229.0
40968	7992	418.0	229.0
40980	7992	418.0	230.0
40992	7992	418.0	229.0
41004	7992	418.0	230.0
41016	7992	418.0	229.0
41028	7992	418.0	230.0
41040	7992	418.0	230.0
41052	7992	417.0	230.0
41064	7992	417.0	230.0
41076	7992	417.0	230.0
41088	7992	418.0	230.0
41100	7992	417.0	230.0
41112	7992	418.0	231.0
41124	7992	417.0	230.0
41136	7992	418.0	231.0
41148	7992	417.0	230.0
41160	7992	417.0	230.0
41172	7992	418.0	231.0
41184	7992	417.0	230.0
41196	7992	418.0	231.0
41208	7992	418.0	231.0
41220	7992	418.0	231.0
41232	7992	418.0	231.0
41244	7992	418.0	231.0
41256	7992	418.0	231.0
41268	7992	418.0	230.0
41280	7992	417.0	230.0
41292	7992	418.0	231.0
41304	7992	418.0	231.0
41316	7992	418.0	231.0
41328	7992	417.0	231.0
41340	7992	418.0	230.0
41352	7992	417.0	230.0
41364	7992	417.0	231.0
41376	7992	418.0	231.0
41388	7992	417.0	231.0
41400	7992	417.0	231.0
41412	7992	417.0	231.0
41424	7992	417.0	230.0
41436	7992	417.0	231.0
41448	7992	417.0	231.0
41460	7992	417.0	231.0
41472	7992	417.0	231.0
41484	7992	418.0	231.0
41496	7992	418.0	231.0
41508	7992	418.0	231.0
41520	7992	417.0	231.0
41532	7992	417.0	231.0
41544	7992	418.0	231.0
41556	7992	417.0	231.0
41568	7992	418.0	231.0
41580	7992	418.0	230.0
41592	7992	418.0	231.0
41604	7992	418.0	231.0
41616	7992	417.0	231.0
41628	7992	417.0	230.0
41640	7992	417.0	230.0
41652	7992	417.0	230.0
41664	7992	417.0	230.0
41676	7992	417.0	231.0
41688	7992	418.0	231.0
41700	7992	417.0	230.0
41712	7992	417.0	231.0
41724	7992	417.0	230.0
41736	7992	417.0	230.0
41748	7992	418.0	229.0
41760	7992	418.0	230.0
41772	7992	417.0	230.0
41784	7992	418.0	231.0
41796	7992	418.0	231.0
41808	7992	418.0	231.0
41820	7992	418.0	230.0
41832	7992	417.0	230.0
41844	7992	418.0	231.0
41856	7992	418.0	230.0
41868	7992	418.0	230.0
41880	7992	418.0	230.0
41892	7992	418.0	230.0
41904	7992	417.0	230.0
41916	7992	418.0	231.0
41928	7992	417.0	230.0
41940	7992	417.0	230.0
41952	7992	418.0	230.0
41964	7992	418.0	230.0
41976	7992	418.0	230.0
41988	7992	417.0	230.0
42000	7992	418.0	231.0
42012	7992	417.0	230.0
42024	7992	417.0	230.0
42036	7992	418.0	230.0
42048	7992	418.0	230.0
42060	7992	418.0	231.0
42072	7992	418.0	230.0
42084	7992	418.0	231.0
42096	7992	418.0	230.0
42108	7992	417.0	230.0
42120	7992	417.0	230.0
42132	7992	417.0	230.0
42144	7992	418.0	231.0
42156	7992	418.0	230.0
42168	7992	418.0	231.0
42180	7992	417.0	231.0
42192	7992	418.0	231.0
42204	7992	417.0	230.0
42216	7992	418.0	230.0
42228	7992	418.0	231.0
42240	7992	418.0	231.0
42252	7992	418.0	230.0
42264	7992	417.0	231.0
42276	7992	417.0	231.0
42288	7992	417.0	230.0
42300	7992	417.0	230.0
42312	7992	417.0	230.0
42324	7992	418.0	229.0
42336	7992	418.0	230.0
42348	7992	418.0	231.0
42360	7992	417.0	229.0
42372	7992	418.0	230.0
42384	7992	417.0	230.0
42396	7992	417.0	230.0
42408	7992	418.0	230.0
42420	7992	418.0	230.0
42432	7992	418.0	230.0
42444	7992	417.0	230.0
42456	7992	418.0	231.0
42468	7992	417.0	231.0
42480	7992	417.0	230.0
42492	7992	418.0	230.0
42504	7992	418.0	230.0
42516	7992	417.0	230.0
42528	7992	418.0	230.0
42540	7992	418.0	230.0
42552	7992	417.0	230.0
42564	7992	417.0	230.0
42576	7992	418.0	230.0
42588	7992	418.0	231.0
42600	7992	418.0	230.0
42612	7992	417.0	230.0
42624	7992	418.0	231.0
42636	7992	417.0	230.0
42648	7992	418.0	231.0
42660	7992	417.0	231.0
42672	7992	418.0	231.0
42684	7992	418.0	231.0
42696	7992	418.0	231.0
42708	7992	418.0	231.0
42720	7992	418.0	231.0
42732	7992	417.0	231.0
42744	7992	417.0	231.0
42756	7992	417.0	230.0
42768	7992	417.0	230.0
42780	7992	417.0	230.0
42792	7992	417.0	230.0
42804	7992	418.0	230.0
42816	7992	417.0	231.0
42828	7992	418.0	229.0
42840	7992	417.0	230.0
42852	7992	417.0	230.0
42864	7992	418.0	230.0
42876	7992	418.0	230.0
42888	7992	418.0	230.0
42900	7992	417.0	230.0
42912	7992	418.0	230.0
42924	7992	417.0	230.0
42936	7992	417.0	230.0
42948	7992	417.0	230.0
42960	7992	417.0	230.0
42972	7992	417.0	230.0
42984	7992	417.0	229.0
42996	7992	417.0	230.0
43008	7992	417.0	230.0
43020	7992	417.0	230.0
43032	7992	418.0	230.0
43044	7992	418.0	230.0
43056	7992	418.0	230.0
43068	7992	418.0	230.0
43080	7992	418.0	230.0
43092	7992	418.0	229.0
43104	7992	418.0	230.0
43116	7992	418.0	230.0
43128	7992	417.0	230.0
43140	7992	418.0	231.0
43152	7992	418.0	231.0
43164	7992	418.0	231.0
43176	7992	418.0	231.0
43188	7992	417.0	231.0
43200	7992	418.0	231.0
43212	7992	418.0	231.0
43224	7992	418.0	230.0
43236	7992	418.0	231.0
43248	7992	418.0	231.0
43260	7992	418.0	231.0
43272	7992	418.0	231.0
43284	7992	418.0	231.0
43296	7992	418.0	231.0
43308	7992	418.0	231.0
43320	7992	418.0	230.0
43332	7992	418.0	230.0
43344	7992	418.0	231.0
43356	7992	418.0	231.0
43368	7992	417.0	231.0
43380	7992	417.0	231.0
43392	7992	418.0	231.0
43404	7992	418.0	231.0
43416	7992	417.0	231.0
43428	7992	418.0	231.0
43440	7992	418.0	231.0
43452	7992	418.0	231.0
43464	7992	417.0	231.0
43476	7992	417.0	230.0
43488	7992	418.0	230.0
43500	7992	418.0	230.0
43512	7992	417.0	230.0
43524	7992	418.0	230.0
43536	7992	417.0	230.0
43548	7992	418.0	230.0
43560	7992	417.0	229.0
43572	7992	418.0	230.0
43584	7992	418.0	229.0
43596	7992	418.0	229.0
43608	7992	418.0	229.0
43620	7992	418.0	229.0
43632	7992	418.0	229.0
43644	7992	418.0	230.0
43656	7992	419.0	229.0
43668	7992	418.0	229.0
43680	7992	418.0	229.0
43692	7992	418.0	229.0
43704	7992	418.0	230.0
43716	7992	417.0	230.0
43728	7992	417.0	230.0
43740	7992	417.0	230.0
43752	7992	418.0	231.0
43764	7992	418.0	231.0
43776	7992	417.0	231.0
43788	7992	417.0	231.0
43800	7992	418.0	231.0
43812	7992	417.0	230.0
43824	7992	418.0	231.0
43836	7992	418.0	230.0
43848	7992	417.0	231.0
43860	7992	417.0	230.0
43872	7992	418.0	230.0
43884	7992	418.0	231.0
43896	7992	418.0	231.0
43908	7992	417.0	231.0
43920	7992	417.0	230.0
43932	7992	417.0	230.0
43944	7992	418.0	230.0
43956	7992	418.0	230.0
43968	7992	418.0	231.0
43980	7992	418.0	231.0
43992	7992	418.0	231.0
44004	7992	418.0	231.0
44016	7992	417.0	230.0
44028	7992	417.0	230.0
44040	7992	417.0	230.0
44052	7992	418.0	230.0
44064	7992	418.0	230.0
44076	7992	417.0	231.0
44088	7992	418.0	231.0
44100	7992	418.0	230.0
44112	7992	418.0	231.0
44124	7992	418.0	231.0
44136	7992	417.0	231.0
44148	7992	417.0	231.0
44160	7992	417.0	231.0
44172	7992	417.0	231.0
44184	7992	417.0	230.0
44196	7992	417.0	230.0
44208	7992	418.0	231.0
44220	7992	417.0	230.0
44232	7992	418.0	231.0
44244	7992	417.0	230.0
44256	7992	417.0	231.0
44268	7992	417.0	230.0
44280	7992	418.0	230.0
44292	7992	417.0	231.0
44304	7992	417.0	231.0
44316	7992	418.0	231.0
44328	7992	418.0	231.0
44340	7992	418.0	231.0
44352	7992	418.0	231.0
44364	7992	418.0	231.0
44376	7992	418.0	230.0
44388	7992	418.0	231.0
44400	7992	418.0	231.0
44412	7992	418.0	231.0
44424	7992	418.0	231.0
44436	7992	418.0	231.0
44448	7992	418.0	231.0
44460	7992	419.0	231.0
44472	7992	418.0	231.0
44484	7992	418.0	231.0
44496	7992	418.0	231.0
44508	7992	417.0	231.0
44520	7992	418.0	230.0
44532	7992	418.0	231.0
44544	7992	418.0	231.0
44556	7992	419.0	231.0
44568	7992	418.0	231.0
44580	7992	418.0	231.0
44592	7992	417.0	231.0
44604	7992	418.0	230.0
44616	7992	418.0	231.0
44628	7992	418.0	231.0
44640	7992	418.0	231.0
44652	7992	418.0	231.0
44664	7992	417.0	231.0
44676	7992	418.0	231.0
44688	7992	418.0	231.0
44700	7992	418.0	231.0
44712	7992	417.0	231.0
44724	7992	417.0	231.0
44736	7992	417.0	231.0
44748	7992	418.0	231.0
44760	7992	417.0	230.0
44772	7992	417.0	231.0
44784	7992	418.0	231.0
44796	7992	418.0	231.0
44808	7992	418.0	231.0
44820	7992	417.0	231.0
44832	7992	418.0	231.0
44844	7992	417.0	231.0
44856	7992	417.0	231.0
44868	7992	418.0	231.0
44880	7992	418.0	231.0
44892	7992	418.0	231.0
44904	7992	418.0	231.0
44916	7992	418.0	231.0
44928	7992	418.0	231.0
44940	7992	418.0	231.0
44952	7992	418.0	231.0
44964	7992	418.0	231.0
44976	7992	418.0	231.0
44988	7992	418.0	231.0
45000	7992	419.0	231.0
45012	7992	419.0	231.0
45024	7992	419.0	231.0
45036	7992	419.0	231.0
45048	7992	419.0	231.0
45060	7992	418.0	230.0
45072	7992	418.0	231.0
45084	7992	419.0	231.0
45096	7992	420.0	230.0
45108	7992	420.0	230.0
45120	7992	419.0	231.0
45132	7992	418.45454545454544	231.0
45144	7992	418.0	231.0
45156	7992	419.0	232.0
45168	7992	419.0	231.0
45180	7992	418.0	232.0
45192	7992	418.0	232.0
45204	7992	419.0	231.56
45216	7992	419.0	231.08
45228	7992	418.0	231.0
45240	7992	418.2	231.0
45252	7992	419.2857142857143	231.0
45264	7992	420.0	231.0
45276	7992	419.0	231.0
45288	7992	419.0	232.0
45300	7992	420.0	231.0
45312	7992	420.0	231.0
45324	7992	418.0	232.0
45336	7992	418.0	231.0
45348	7992	418.0	232.0
45360	7992	418.0	231.0
45372	7992	418.0	231.0
45384	7992	419.0	231.0
45396	7992	419.0	231.0
45408	7992	418.0	231.0
45420	7992	418.0	231.0
45432	7992	418.0	231.0
45444	7992	418.0	231.0
45456	7992	418.0	231.0
45468	7992	418.0	231.0
45480	7992	418.0	231.0
45492	7992	418.0	231.0
45504	7992	418.0	231.0
45516	7992	418.0	231.0
45528	7992	418.0	231.0
45540	7992	418.0	230.0
45552	7992	418.0	231.0
45564	7992	419.0	231.0
45576	7992	418.0	231.0
45588	7992	419.0	231.0
45600	7992	419.0	230.0
45612	7992	418.0	231.0
45624	7992	418.0	231.0
45636	7992	418.0	231.0
45648	7992	419.0	231.0
45660	7992	417.0	231.0
45672	7992	418.0	230.0
45684	7992	418.0	231.0
45696	7992	418.0	231.0
45708	7992	419.0	231.0
45720	7992	418.0	231.0
45732	7992	419.0	231.0
45744	7992	418.0	232.0
45756	7992	418.0	232.0
45768	7992	418.0	232.0
45780	7992	418.0	231.0
45792	7992	418.0	231.0
45804	7992	418.0	231.0
45816	7992	418.0	231.0
45828	7992	418.0	231.0
45840	7992	418.0	231.0
45852	7992	418.0	230.0
45864	7992	418.0	231.0
45876	7992	418.0	231.0
45888	7992	418.0	231.0
45900	7992	418.0	231.0
45912	7992	418.0	231.0
45924	7992	418.0	231.0
45936	7992	418.0	231.0
45948	7992	418.0	231.0
45960	7992	418.0	231.0
45972	7992	417.0	231.0
45984	7992	418.0	231.0
45996	7992	418.0	231.0
46008	7992	418.0	231.0
46020	7992	418.0	231.0
46032	7992	418.0	230.0
46044	7992	418.0	231.0
46056	7992	418.0	231.0
46068	7992	418.0	231.0
46080	7992	418.0	231.0
46092	7992	418.0	231.0
46104	7992	418.0	231.0
46116	7992	418.0	231.0
46128	7992	418.0	231.0
46140	7992	418.0	231.0
46152	7992	417.0	231.0
46164	7992	418.0	231.0
46176	7992	418.0	231.0
46188	7992	418.0	231.0
46200	7992	418.0	230.0
46212	7992	418.0	231.0
46224	7992	418.0	231.0
46236	7992	418.0	231.0
46248	7992	418.0	231.0
46260	7992	418.0	231.0
46272	7992	418.0	231.0
46284	7992	418.0	231.0
46296	7992	418.0	231.0
46308	7992	418.0	231.0
46320	7992	418.0	231.0
46332	7992	418.0	231.0
46344	7992	418.0	230.0
46356	7992	418.0	231.0
46368	7992	419.0	231.0
46380	7992	419.0	231.0
46392	7992	420.0	231.0
46404	7992	419.0	231.0
46416	7992	420.0	231.0
46428	7992	420.0	231.0
46440	7992	421.0	231.0
46452	7992	421.0	231.0
46464	7992	423.0	231.0
46476	7992	423.0	231.0
46488	7992	423.0	231.0
46500	7992	424.0	231.0
46512	7992	424.0	231.0
46524	7992	423.0	232.0
46536	7992	424.0	232.0
46548	7992	425.0	232.0
46560	7992	426.0	232.0
46572	7992	428.0	232.0
46584	7992	428.0	232.0
46596	7992	428.0	232.0
46608	7992	428.16326530612247	232.0408163265306
46620	7992	429.14285714285717	232.28571428571428
46632	7992	430.1224489795918	232.53061224489795
46644	7992	431.1020408163265	232.77551020408163
46656	7992	432.0	233.0
46668	7992	434.0	233.0
46680	7992	433.0	233.0
46692	7992	436.0	234.0
46704	7992	436.0	234.0
46716	7992	437.0	234.0
46728	7992	439.0	234.0
46740	7992	439.0	234.0
46752	7992	439.0	234.0
46764	7992	438.0	234.0
46776	7992	439.0	235.0
46788	7992	440.0	235.0
46800	7992	441.0	235.0
46812	7992	442.0	235.0
46824	7992	442.0	236.0
46836	7992	442.0	236.0
46848	7992	443.0	237.0
46860	7992	443.0	237.0
46872	7992	443.0	237.0
46884	7992	443.0	237.0
46896	7992	444.0	237.0
46908	7992	445.0	238.0
46920	7992	444.0	238.0
46932	7992	444.0	239.0
46944	7992	445.0	238.0
46956	7992	445.0	238.0
46968	7992	446.0	239.0
46980	7992	446.0	240.0
46992	7992	447.0	240.0
47004	7992	448.0	241.0
47016	7992	448.0	241.0
47028	7992	448.0	242.0
47040	7992	449.0	242.0
47052	7992	451.0	242.0
47064	7992	451.0	243.0
47076	7992	452.0	244.0
47088	7992	453.0	244.0
47100	7992	454.0	245.0
47112	7992	455.0	246.0
47124	7992	456.0	246.0
47136	7992	459.0	247.0
47148	7992	460.0	248.0
47160	7992	462.0	249.0
47172	7992	464.0	250.0
47184	7992	466.0	250.0
47196	7992	468.0	252.0
47208	7992	470.0	254.0
47220	7992	474.0	255.0
47232	7992	478.0	256.0
47244	7992	482.0	258.0
47256	7992	488.0	259.0
47268	7992	493.0	261.0
47280	7992	499.0	263.0
47292	7992	507.0	266.0
47304	7992	515.0	268.0
47316	7992	523.0	271.0
47328	7992	533.0	275.0
47340	7992	544.0	278.0
47352	7992	555.0	282.0
47364	7992	570.0	287.0
47376	7992	587.0	293.0
47388	7992	606.0	300.0
47400	7992	631.0	309.0
47412	7992	660.0	320.0
47424	7992	699.0	333.0
47436	7992	749.0	352.0
47448	7992	820.0	378.0
47460	7992	923.0	415.0
47472	7992	995.0	478.0
47484	7992	1012.0	522.0
32160	8010	485.25	232.08333333333334
32172	8010	486.75	232.58333333333334
32184	8010	489.0	234.0
32196	8010	492.0	235.0
32208	8010	494.0	234.0
32220	8010	497.0	236.0
32232	8010	499.0	236.0
32244	8010	503.0	237.0
32256	8010	507.0	238.0
32268	8010	510.0	238.0
32280	8010	516.0	240.0
32292	8010	522.0	242.0
32304	8010	527.0	243.0
32316	8010	534.0	244.0
32328	8010	542.0	246.0
32340	8010	549.0	247.0
32352	8010	560.0	250.0
32364	8010	571.0	253.0
32376	8010	584.0	256.0
32388	8010	602.0	260.0
32400	8010	622.0	265.0
32412	8010	646.0	270.0
32424	8010	680.0	278.0
32436	8010	723.0	289.0
32448	8010	783.0	303.0
32460	8010	874.0	324.0
32472	8010	980.0	357.0
32268	8049	492.0	234.0
32280	8049	495.0	235.0
32292	8049	496.0	236.0
32304	8049	501.0	237.0
32316	8049	502.0	237.0
32328	8049	508.0	239.0
32340	8049	511.0	240.0
32352	8049	517.0	241.0
32364	8049	523.0	242.0
32376	8049	529.0	244.0
32388	8049	536.0	246.0
32400	8049	543.0	248.0
32412	8049	553.0	250.0
32424	8049	564.0	253.0
32436	8049	577.0	256.0
32448	8049	592.0	259.0
32460	8049	611.0	264.0
32472	8049	634.0	269.0
32484	8049	663.0	277.0
32496	8049	703.0	287.0
32508	8049	757.0	299.0
32520	8049	836.0	320.0
32532	8049	958.0	351.0
32328	8063	492.0	234.0
32340	8063	494.0	235.0
32352	8063	497.0	236.0
32364	8063	501.0	238.0
32376	8063	505.0	238.0
32388	8063	509.0	239.0
32400	8063	512.0	240.0
32412	8063	518.0	241.0
32424	8063	524.0	243.0
32436	8063	530.0	244.0
32448	8063	537.0	246.0
32460	8063	545.0	248.0
32472	8063	553.0	249.0
32484	8063	563.0	252.0
32496	8063	575.0	255.0
32508	8063	587.0	258.0
32520	8063	603.0	261.0
32532	8063	621.0	265.0
32544	8063	643.0	271.0
32556	8063	669.0	277.0
32568	8063	705.0	286.0
32580	8063	749.0	297.0
32592	8063	812.0	313.0
32604	8063	900.0	335.0
32616	8063	986.0	372.0
32400	8072	466.0	234.0
32412	8072	468.0	235.0
32424	8072	469.0	235.0
32436	8072	472.0	235.0
32448	8072	474.0	237.0
32460	8072	476.0	237.0
32472	8072	479.0	238.0
32484	8072	481.0	239.0
32496	8072	486.0	240.0
32508	8072	489.0	241.0
32520	8072	493.0	243.0
32532	8072	498.0	244.0
32544	8072	503.0	247.0
32556	8072	510.0	249.0
32568	8072	517.0	252.0
32580	8072	526.0	255.0
32592	8072	535.0	258.0
32604	8072	549.0	262.0
32616	8072	563.0	268.0
32628	8072	583.0	275.0
32640	8072	610.0	284.0
32652	8072	647.0	296.0
32664	8072	699.0	314.0
32676	8072	783.0	341.0
32688	8072	931.0	388.0
32700	8072	1019.0	481.0
32472	8098	510.0	232.0
32484	8098	512.0	234.0
32496	8098	516.0	235.0
32508	8098	521.0	236.0
32520	8098	525.0	237.0
32532	8098	532.0	237.0
32544	8098	538.0	238.0
32556	8098	545.0	240.0
32568	8098	552.0	241.0
32580	8098	561.0	243.0
32592	8098	572.0	245.0
32604	8098	585.0	248.0
32616	8098	599.0	250.0
32628	8098	616.0	253.0
32640	8098	637.0	257.0
32652	8098	661.0	261.0
32664	8098	694.0	268.0
32676	8098	734.0	271.0
32688	8098	793.0	280.0
32700	8098	877.0	302.0
32712	8098	975.0	325.0
32532	8132	480.0	235.0
32544	8132	484.0	235.0
32556	8132	485.0	237.0
32568	8132	491.0	236.0
32580	8132	496.0	238.0
32592	8132	501.0	239.0
32604	8132	506.0	241.0
32616	8132	513.0	243.0
32628	8132	521.0	244.0
32640	8132	527.0	246.0
32652	8132	535.0	248.0
32664	8132	545.0	251.0
32676	8132	557.0	253.0
32688	8132	570.0	256.0
32700	8132	586.0	260.0
32712	8132	606.0	265.0
32724	8132	631.0	271.0
32736	8132	663.0	280.0
32748	8132	706.0	290.0
32760	8132	766.0	305.0
32772	8132	857.0	329.0
32784	8132	977.0	366.0
32532	8133	466.0	231.0
32544	8133	466.0	232.0
32556	8133	467.6666666666667	232.83333333333334
32568	8133	470.0	232.0
32580	8133	472.0	233.0
32592	8133	474.0	234.0
32604	8133	478.0	234.0
32616	8133	480.0	235.0
32628	8133	483.0	235.0
32640	8133	487.0	236.0
32652	8133	489.0	237.0
32664	8133	493.0	238.0
32676	8133	497.0	239.0
32688	8133	502.0	240.0
32700	8133	508.0	242.0
32712	8133	513.0	243.0
32724	8133	521.0	244.0
32736	8133	527.0	246.0
32748	8133	537.0	248.0
32760	8133	546.0	251.0
32772	8133	558.0	253.0
32784	8133	572.0	257.0
32796	8133	588.0	261.0
32808	8133	610.0	266.0
32820	8133	637.0	272.0
32832	8133	670.0	280.0
32844	8133	716.0	292.0
32856	8133	781.0	309.0
32868	8133	881.0	333.0
32880	8133	985.0	376.0
32760	8208	465.0	234.0
32772	8208	467.61538461538464	234.69230769230768
32784	8208	470.0	234.0
32796	8208	472.0	235.0
32808	8208	473.6666666666667	235.0
32820	8208	478.0	237.0
32832	8208	480.0	238.0
32844	8208	484.0	238.0
32856	8208	487.0	240.0
32868	8208	492.0	242.0
32880	8208	496.0	242.0
32892	8208	500.0	244.0
32904	8208	506.0	246.0
32916	8208	511.0	248.0
32928	8208	519.0	251.0
32940	8208	527.0	254.0
32952	8208	536.0	257.0
32964	8208	548.0	261.0
32976	8208	562.0	266.0
32988	8208	578.0	272.0
33000	8208	601.0	281.0
33012	8208	632.0	293.0
33024	8208	678.0	309.0
33036	8208	747.0	335.0
33048	8208	874.0	383.0
33060	8208	1016.0	482.0
32808	8216	489.0	234.0
32820	8216	492.0	235.0
32832	8216	497.0	235.0
32844	8216	501.0	236.0
32856	8216	506.0	237.0
32868	8216	511.0	238.0
32880	8216	517.0	240.0
32892	8216	524.0	242.0
32904	8216	532.0	243.0
32916	8216	541.0	245.0
32928	8216	552.0	247.0
32940	8216	566.0	249.0
32952	8216	581.0	252.0
32964	8216	599.0	256.0
32976	8216	620.0	261.0
32988	8216	650.0	266.0
33000	8216	687.0	274.0
33012	8216	737.0	284.0
33024	8216	808.0	298.0
33036	8216	916.0	319.0
32880	8258	458.0	230.0
32892	8258	460.3333333333333	230.33333333333334
32904	8258	462.0	231.0
32916	8258	464.0	231.0
32928	8258	466.0	231.0
32940	8258	470.0	232.0
32952	8258	473.0	232.0
32964	8258	476.0	234.0
32976	8258	480.0	234.0
32988	8258	483.0	236.0
33000	8258	488.0	236.0
33012	8258	493.0	237.0
33024	8258	499.0	238.0
33036	8258	504.0	240.0
33048	8258	511.0	242.0
33060	8258	519.0	243.0
33072	8258	527.0	245.0
33084	8258	537.0	248.0
33096	8258	548.0	250.0
33108	8258	562.0	253.0
33120	8258	579.0	257.0
33132	8258	600.0	263.0
33144	8258	627.0	268.0
33156	8258	663.0	277.0
33168	8258	710.0	288.0
33180	8258	782.0	306.0
33192	8258	894.0	334.0
33204	8258	1000.0	384.0
33168	8342	494.5	231.0
33180	8342	497.8	231.0
33192	8342	500.0	232.0
33204	8342	504.0	232.0
33216	8342	508.0	233.0
33228	8342	512.0	234.0
33240	8342	516.0	235.0
33252	8342	520.0	235.0
33264	8342	525.0	237.0
33276	8342	531.0	238.0
33288	8342	538.0	239.0
33300	8342	544.0	240.0
33312	8342	553.0	243.0
33324	8342	562.0	245.0
33336	8342	575.0	247.0
33348	8342	589.0	249.0
33360	8342	605.0	252.0
33372	8342	626.0	256.0
33384	8342	651.0	261.0
33396	8342	684.0	267.0
33408	8342	726.0	275.0
33420	8342	785.0	286.0
33432	8342	870.0	303.0
33444	8342	976.0	329.0
33432	8368	469.0	228.0
33444	8368	470.0	228.0
33456	8368	470.72	229.36
33468	8368	471.68	229.84
33480	8368	472.53333333333336	230.0
33492	8368	473.3333333333333	230.0
33504	8368	474.2857142857143	230.0
33516	8368	476.0	231.0
33528	8368	477.0	231.0
33540	8368	479.0	231.0
33552	8368	480.0	231.0
33564	8368	482.0	232.0
33576	8368	484.0	233.0
33588	8368	485.0	233.0
33600	8368	486.0	233.0
33612	8368	488.0	234.0
33624	8368	490.0	234.0
33636	8368	493.0	234.0
33648	8368	495.0	235.0
33660	8368	497.0	235.0
33672	8368	500.0	237.0
33504	8377	456.0	229.0
33516	8377	457.0	229.0
33528	8377	457.0	229.0
33540	8377	457.0	230.0
33552	8377	458.0	231.0
33564	8377	459.0	230.0
33576	8377	460.0	232.0
33588	8377	462.0	232.0
33600	8377	462.0	232.0
33612	8377	466.0	234.0
33624	8377	468.0	234.0
33636	8377	472.0	235.0
33648	8377	477.0	236.0
33660	8377	482.0	237.0
33672	8377	486.0	238.0
33684	8377	496.0	241.0
33696	8377	506.0	243.0
33708	8377	515.0	245.0
33720	8377	525.0	247.0
33732	8377	540.0	250.0
33744	8377	556.0	255.0
33756	8377	577.0	259.0
33768	8377	604.0	265.0
33780	8377	638.0	274.0
33792	8377	691.0	288.0
33804	8377	772.0	308.0
33816	8377	918.0	345.0
33540	8381	518.0	231.0
33552	8381	520.0	232.0
33564	8381	527.0	232.0
33576	8381	529.0	234.0
33588	8381	534.0	235.0
33600	8381	540.0	235.0
33612	8381	545.0	236.0
33624	8381	552.0	237.0
33636	8381	560.0	238.0
33648	8381	567.0	240.0
33660	8381	578.0	241.0
33672	8381	588.0	243.0
33684	8381	600.0	245.0
33696	8381	613.0	247.0
33708	8381	632.0	249.0
33720	8381	649.0	252.0
33732	8381	674.0	256.0
33744	8381	703.0	260.0
33756	8381	740.0	266.0
33768	8381	789.0	273.0
33780	8381	852.0	283.0
33792	8381	943.0	297.0
33612	8389	443.0	227.0
33624	8389	444.0	228.0
33636	8389	445.0	228.0
33648	8389	446.0	227.0
33660	8389	448.0	228.0
33672	8389	449.0	229.0
33684	8389	450.0	229.0
33696	8389	451.0	229.0
33708	8389	453.0	231.0
33720	8389	455.3333333333333	232.33333333333334
33732	8389	457.6190476190476	232.9047619047619
33744	8389	459.0	234.0
33756	8389	461.0	234.0
33768	8389	464.0	235.0
33780	8389	465.0	236.0
33792	8389	468.0	236.0
33804	8389	472.0	237.0
33816	8389	474.0	239.0
33828	8389	479.0	240.0
33840	8389	483.0	242.0
33852	8389	489.0	244.0
33864	8389	495.0	247.0
33876	8389	503.0	250.0
33888	8389	513.0	254.0
33900	8389	525.0	258.0
33912	8389	541.0	264.0
33924	8389	563.0	272.0
33936	8389	594.0	284.0
33948	8389	641.0	302.0
33960	8389	723.0	331.0
33972	8389	893.0	394.0
33636	8390	519.0	233.0
33648	8390	523.6923076923077	233.0
33660	8390	528.0	234.0
33672	8390	532.0	234.0
33684	8390	538.0	235.0
33696	8390	543.0	235.0
33708	8390	550.0	237.0
33720	8390	557.0	238.0
33732	8390	565.0	239.0
33744	8390	574.0	241.0
33756	8390	585.0	243.0
33768	8390	594.3333333333334	244.0
33780	8390	604.3333333333334	244.0
33792	8390	623.0	248.0
33804	8390	645.0	252.0
33816	8390	668.0	255.0
33828	8390	697.0	260.0
33840	8390	734.0	265.0
33852	8390	780.0	272.0
33864	8390	843.0	283.0
33876	8390	928.0	296.0
33888	8390	983.0	311.0
33732	8401	514.0	240.0
33744	8401	520.0	242.0
33756	8401	526.0	243.0
33768	8401	531.0	244.0
33780	8401	537.0	246.0
33792	8401	543.0	247.0
33804	8401	549.0	249.0
33816	8401	559.0	250.0
33828	8401	568.0	253.0
33840	8401	579.0	256.0
33852	8401	590.0	259.0
33864	8401	605.0	262.0
33876	8401	621.0	266.0
33888	8401	641.0	271.0
33900	8401	667.0	277.0
33912	8401	699.0	285.0
33924	8401	738.0	295.0
33936	8401	791.0	308.0
33948	8401	864.0	326.0
33960	8401	964.0	354.0
33972	8401	1004.0	398.0
33756	8406	488.0	234.0
33768	8406	495.0	233.0
33780	8406	495.0	236.0
33792	8406	499.0	235.0
33804	8406	501.0	236.0
33816	8406	506.0	238.0
33828	8406	510.0	238.0
33840	8406	516.0	240.0
33852	8406	522.0	242.0
33864	8406	529.0	243.0
33876	8406	535.0	245.0
33888	8406	543.0	247.0
33900	8406	552.0	249.0
33912	8406	561.0	252.0
33924	8406	573.0	256.0
33936	8406	575.0	245.0
33948	8406	601.0	262.0
33960	8406	619.0	270.0
33972	8406	643.0	278.0
33984	8406	673.0	288.0
33996	8406	716.0	302.0
34008	8406	784.0	324.0
34020	8406	897.0	362.0
34032	8406	1002.0	431.0
33852	8437	458.75757575757575	230.15151515151516
33864	8437	460.57575757575756	230.5151515151515
33876	8437	462.3939393939394	230.87878787878788
33888	8437	463.44444444444446	232.0
33900	8437	464.0	233.0
33912	8437	466.0	233.0
33924	8437	468.0	235.0
33936	8437	470.0	235.0
33948	8437	473.0	235.0
33960	8437	475.0	236.0
33972	8437	478.0	237.0
33984	8437	482.0	238.0
33996	8437	485.0	240.0
34008	8437	490.0	241.0
34020	8437	496.0	244.0
34032	8437	502.0	246.0
34044	8437	509.0	249.0
34056	8437	518.0	252.0
34068	8437	529.0	256.0
34080	8437	543.0	261.0
34092	8437	561.0	267.0
34104	8437	585.0	275.0
34116	8437	618.0	286.0
34128	8437	667.0	303.0
34140	8437	745.0	330.0
34152	8437	893.0	381.0
34164	8437	1018.0	474.0
34092	8485	491.0	235.0
34104	8485	493.0	234.0
34116	8485	496.0	236.0
34128	8485	500.0	236.0
34140	8485	503.0	237.0
34152	8485	508.0	238.0
34164	8485	514.0	240.0
34176	8485	519.0	242.0
34188	8485	525.0	243.0
34200	8485	533.0	245.0
34212	8485	542.0	247.0
34224	8485	550.0	249.0
34236	8485	560.0	252.0
34248	8485	575.0	255.0
34260	8485	591.0	259.0
34272	8485	612.0	265.0
34284	8485	638.0	271.0
34296	8485	672.0	279.0
34308	8485	721.0	292.0
34320	8485	789.0	308.0
34332	8485	896.0	336.0
34344	8485	996.0	382.0
34224	8521	489.8	229.0
34236	8521	492.0	231.0
34248	8521	496.0	231.0
34260	8521	498.0	231.0
34272	8521	501.0	233.0
34284	8521	504.0	232.66666666666666
34296	8521	509.0	234.0
34308	8521	513.0	235.0
34320	8521	517.0	235.0
34332	8521	522.0	237.0
34344	8521	528.0	238.0
34356	8521	535.0	240.0
34368	8521	541.0	241.0
34380	8521	549.0	243.0
34392	8521	558.0	245.0
34404	8521	567.0	247.0
34416	8521	579.0	250.0
34428	8521	593.0	253.0
34440	8521	609.0	258.0
34452	8521	630.0	263.0
34464	8521	658.0	269.0
34476	8521	695.0	278.0
34488	8521	747.0	291.0
34500	8521	830.0	312.0
34512	8521	962.0	346.0
34284	8539	441.0	226.0
34296	8539	442.45454545454544	225.0
34308	8539	444.0	225.0
34320	8539	444.0	226.0
34332	8539	444.0	226.0
34344	8539	445.0	227.0
34356	8539	446.0	226.0
34368	8539	447.0	227.0
34380	8539	448.0	226.0
34392	8539	448.0	227.0
34404	8539	449.0	229.0
34416	8539	449.5	227.0
34428	8539	451.0	227.0
34440	8539	452.0	229.0
34452	8539	453.0	229.0
34464	8539	453.0	229.0
34476	8539	454.0	230.0
34488	8539	456.0	231.0
34500	8539	458.0	231.0
34512	8539	460.0	232.0
34524	8539	461.0	232.0
34536	8539	463.0	234.0
34548	8539	465.0	234.0
34560	8539	467.0	235.0
34572	8539	470.0	236.0
34584	8539	473.0	237.0
34596	8539	476.0	239.0
34608	8539	480.0	240.0
34620	8539	484.0	242.0
34632	8539	488.0	243.0
34644	8539	494.0	245.0
34656	8539	501.0	248.0
34668	8539	510.0	251.0
34680	8539	521.0	255.0
34692	8539	536.0	259.0
34704	8539	551.0	265.0
34716	8539	572.0	272.0
34728	8539	603.0	282.0
34740	8539	647.0	297.0
34752	8539	717.0	321.0
34764	8539	842.0	363.0
34776	8539	1011.0	461.0
34296	8543	479.6666666666667	231.33333333333334
34308	8543	482.3333333333333	231.44444444444446
34320	8543	485.0	233.0
34332	8543	487.0	233.0
34344	8543	491.0	234.0
34356	8543	493.0	234.0
34368	8543	497.0	236.0
34380	8543	502.0	237.0
34392	8543	506.0	238.0
34404	8543	511.0	238.0
34416	8543	517.0	240.0
34428	8543	523.0	242.0
34440	8543	531.0	244.0
34452	8543	538.0	247.0
34464	8543	547.0	249.0
34476	8543	559.0	252.0
34488	8543	575.0	256.0
34500	8543	593.0	261.0
34512	8543	616.0	268.0
34524	8543	646.0	276.0
34536	8543	691.0	288.0
34548	8543	756.0	305.0
34560	8543	862.0	335.0
34572	8543	994.0	390.0
34740	8650	503.6666666666667	229.0
34752	8650	506.0	229.66666666666666
34764	8650	508.8421052631579	229.47368421052633
34776	8650	512.3333333333334	230.66666666666666
34788	8650	517.0	232.0
34800	8650	520.0	232.0
34812	8650	523.7	232.0
34824	8650	529.0	234.0
34836	8650	533.0	234.0
34848	8650	539.0	235.0
34860	8650	545.0	236.0
34872	8650	552.0	237.0
34884	8650	561.0	238.0
34896	8650	569.0	240.0
34908	8650	580.0	242.0
34920	8650	592.0	243.0
34932	8650	606.0	245.0
34944	8650	621.0	247.0
34956	8650	641.0	251.0
34968	8650	664.0	254.0
34980	8650	693.0	259.0
34992	8650	730.0	265.0
35004	8650	776.0	272.0
35016	8650	841.0	282.0
35028	8650	933.0	297.0
35040	8650	986.0	312.0
35028	8708	482.2	230.0
35040	8708	485.0	231.0
35052	8708	486.0	232.0
35064	8708	489.15384615384613	232.53846153846155
35076	8708	492.0	233.0
35088	8708	497.0	233.0
35100	8708	500.0	235.0
35112	8708	504.0	236.0
35124	8708	512.0	237.0
35136	8708	519.0	238.0
35148	8708	524.0	239.0
35160	8708	526.0	242.0
35172	8708	536.0	244.0
35184	8708	544.0	247.0
35196	8708	556.0	250.0
35208	8708	571.0	254.0
35220	8708	587.0	257.0
35232	8708	609.0	262.0
35244	8708	637.0	270.0
35256	8708	676.0	279.0
35268	8708	731.0	293.0
35280	8708	816.0	314.0
35292	8708	955.0	350.0
35280	8741	515.6666666666666	232.0
35292	8741	520.0	232.0
35304	8741	523.0	232.0
35316	8741	529.0	233.0
35328	8741	534.0	234.0
35340	8741	540.0	235.0
35352	8741	545.0	236.0
35364	8741	553.0	237.0
35376	8741	561.0	238.0
35388	8741	569.0	240.0
35400	8741	580.0	241.0
35412	8741	591.0	243.0
35424	8741	604.0	244.0
35436	8741	619.0	247.0
35448	8741	638.0	250.0
35460	8741	659.0	253.0
35472	8741	685.0	257.0
35484	8741	718.0	262.0
35496	8741	758.0	269.0
35508	8741	813.0	277.0
35520	8741	888.0	289.0
35532	8741	970.0	304.0
35340	8751	481.0	228.0
35352	8751	482.0	227.0
35364	8751	484.42857142857144	227.57142857142858
35376	8751	486.75	227.875
35388	8751	488.9130434782609	228.47826086956522
35400	8751	491.0	229.0
35412	8751	492.0	229.0
35424	8751	495.1578947368421	229.0
35436	8751	499.0	230.0
35448	8751	502.0	231.0
35460	8751	504.0	232.0
35472	8751	508.0	231.0
35484	8751	512.0	233.0
35496	8751	516.0	233.0
35508	8751	521.0	235.0
35520	8751	524.0	235.0
35532	8751	529.0	237.0
35544	8751	536.0	237.0
35556	8751	541.0	239.0
35568	8751	549.0	240.0
35580	8751	556.0	241.0
35592	8751	566.0	243.0
35604	8751	577.0	245.0
35616	8751	587.0	247.0
35628	8751	601.0	250.0
35640	8751	617.0	253.0
35652	8751	637.0	256.0
35664	8751	661.0	260.0
35676	8751	692.0	266.0
35688	8751	728.0	273.0
35700	8751	781.0	283.0
35712	8751	848.0	295.0
35724	8751	949.0	315.0
35736	8751	985.0	337.0
35748	8751	987.0	334.0
35760	8751	987.0	342.0
35772	8751	992.0	336.0
35388	8760	520.0	232.0
35400	8760	525.0	232.57142857142858
35412	8760	529.0	234.0
35424	8760	534.0	234.0
35436	8760	539.0	235.0
35448	8760	546.0	236.0
35460	8760	553.0	237.0
35472	8760	561.0	239.0
35484	8760	570.0	240.0
35496	8760	580.0	242.0
35508	8760	591.0	243.0
35520	8760	603.0	245.0
35532	8760	618.0	247.0
35544	8760	637.0	250.0
35556	8760	658.0	253.0
35568	8760	684.0	257.0
35580	8760	717.0	262.0
35592	8760	758.0	268.0
35604	8760	814.0	277.0
35616	8760	891.0	290.0
35628	8760	972.0	305.0
35496	8771	471.0	226.0
35508	8771	472.0	226.5
35520	8771	473.0	226.0
35532	8771	474.0	227.0
35544	8771	476.0	227.0
35556	8771	477.0	227.0
35568	8771	479.0	228.0
35580	8771	480.0	228.0
35592	8771	482.0	227.0
35604	8771	483.0	227.0
35616	8771	486.0	228.0
35628	8771	489.0	229.0
35640	8771	491.0	229.0
35652	8771	493.0	229.0
35664	8771	495.0	230.0
35676	8771	498.0	230.0
35688	8771	501.0	231.0
35700	8771	504.0	232.0
35712	8771	507.0	232.0
35724	8771	510.0	233.0
35736	8771	514.0	233.0
35748	8771	521.0	235.0
35760	8771	524.0	235.0
35772	8771	529.0	236.0
35784	8771	536.0	238.0
35796	8771	542.0	239.0
35808	8771	551.0	240.0
35820	8771	558.0	242.0
35832	8771	569.0	244.0
35844	8771	580.0	246.0
35856	8771	591.0	248.0
35868	8771	605.0	250.0
35880	8771	623.0	253.0
35892	8771	644.0	258.0
35904	8771	668.0	262.0
35916	8771	699.0	267.0
35928	8771	738.0	274.0
35940	8771	790.0	284.0
35952	8771	863.0	298.0
35964	8771	959.0	318.0
35976	8771	983.0	335.0
35988	8771	982.0	329.0
36000	8771	987.0	342.0
36012	8771	988.0	325.0
35544	8776	499.0	228.0
35556	8776	502.625	230.0
35568	8776	506.375	230.0
35580	8776	508.0	229.0
35592	8776	514.0	231.0
35604	8776	516.8	231.0
35616	8776	521.0	232.0
35628	8776	525.0	233.0
35640	8776	530.0	234.0
35652	8776	535.0	235.0
35664	8776	540.0	235.0
35676	8776	545.0	236.0
35688	8776	552.0	237.0
35700	8776	560.0	238.0
35712	8776	568.0	239.0
35724	8776	579.0	241.0
35736	8776	589.0	242.0
35748	8776	601.0	244.0
35760	8776	617.0	247.0
35772	8776	634.0	250.0
35784	8776	656.0	253.0
35796	8776	681.0	257.0
35808	8776	714.0	262.0
35820	8776	755.0	268.0
35832	8776	808.0	276.0
35844	8776	883.0	288.0
35856	8776	971.0	304.0
35808	8831	457.3636363636364	225.0
35820	8831	457.90909090909093	225.0
35832	8831	459.1333333333333	226.0
35844	8831	459.93333333333334	226.0
35856	8831	461.0	226.0
35868	8831	463.0	226.0
35880	8831	463.0	226.0
35892	8831	464.0	227.0
35904	8831	465.0	228.0
35916	8831	466.0	228.0
35928	8831	467.0	228.0
35940	8831	469.0	228.0
35952	8831	470.7142857142857	228.71428571428572
35964	8831	472.0	229.0
35976	8831	472.0	229.0
35988	8831	475.0	230.0
36000	8831	477.0	231.0
36012	8831	478.0	231.0
36024	8831	480.0	231.0
36036	8831	483.0	232.0
36048	8831	486.0	233.0
36060	8831	489.0	234.0
36072	8831	493.0	235.0
36084	8831	496.0	235.0
36096	8831	501.0	236.0
36108	8831	506.0	237.0
36120	8831	511.0	239.0
36132	8831	516.0	240.0
36144	8831	525.0	242.0
36156	8831	532.0	244.0
36168	8831	541.0	246.0
36180	8831	553.0	250.0
36192	8831	566.0	253.0
36204	8831	582.0	257.0
36216	8831	602.0	262.0
36228	8831	627.0	268.0
36240	8831	662.0	277.0
36252	8831	710.0	289.0
36264	8831	779.0	306.0
36276	8831	892.0	334.0
36288	8831	971.0	356.0
36300	8831	1004.0	387.0
36312	8831	1001.0	406.0
36324	8831	1001.0	394.0
35964	8876	533.0	232.0
35976	8876	539.3	232.1
35988	8876	544.0	234.0
36000	8876	548.8	234.0
36012	8876	555.0	235.0
36024	8876	561.0	236.0
36036	8876	567.0	237.0
36048	8876	577.0	238.0
36060	8876	586.0	239.0
36072	8876	597.0	241.0
36084	8876	609.0	243.0
36096	8876	623.0	244.0
36108	8876	639.0	246.0
36120	8876	659.0	249.0
36132	8876	681.0	252.0
36144	8876	709.0	256.0
36156	8876	743.0	261.0
36168	8876	785.0	266.0
36180	8876	842.0	274.0
36192	8876	916.0	285.0
36204	8876	975.0	297.0
36192	8957	491.0	228.0
36204	8957	491.0	228.0
36216	8957	494.5	230.0
36228	8957	497.77777777777777	230.0
36240	8957	502.4	230.2
36252	8957	507.0	232.0
36264	8957	510.0	232.0
36276	8957	515.0	233.0
36288	8957	520.0	233.0
36300	8957	528.0	235.0
36312	8957	533.0	235.0
36324	8957	541.0	236.0
36336	8957	549.0	238.0
36348	8957	558.0	239.0
36360	8957	570.0	241.0
36372	8957	582.0	243.0
36384	8957	596.0	244.0
36396	8957	613.0	247.0
36408	8957	635.0	250.0
36420	8957	662.0	254.0
36432	8957	693.0	259.0
36444	8957	735.0	266.0
36456	8957	790.0	275.0
36468	8957	868.0	287.0
36480	8957	969.0	305.0
36216	8964	469.0	229.0
36228	8964	470.0	229.0
36240	8964	472.7	230.0
36252	8964	475.0	231.0
36264	8964	477.2	231.0
36276	8964	480.0	232.0
36288	8964	483.0	233.0
36300	8964	486.0	234.0
36312	8964	490.0	234.0
36324	8964	494.0	235.0
36336	8964	499.0	235.0
36348	8964	503.0	237.0
36360	8964	509.0	238.0
36372	8964	518.0	240.0
36384	8964	526.0	242.0
36396	8964	535.0	243.0
36408	8964	545.0	246.0
36420	8964	558.0	248.0
36432	8964	574.0	251.0
36444	8964	593.0	255.0
36456	8964	616.0	260.0
36468	8964	648.0	266.0
36480	8964	688.0	275.0
36492	8964	744.0	286.0
36504	8964	826.0	304.0
36516	8964	952.0	331.0
36264	8971	458.0	229.0
36276	8971	459.64285714285717	229.42857142857142
36288	8971	461.5	231.5
36300	8971	463.0	232.0
36312	8971	465.0	232.0
36324	8971	469.0	233.0
36336	8971	472.0	234.0
36348	8971	475.0	234.0
36360	8971	479.0	235.0
36372	8971	481.0	236.0
36384	8971	487.0	237.0
36396	8971	493.0	239.0
36408	8971	499.0	240.0
36420	8971	506.0	242.0
36432	8971	516.0	245.0
36444	8971	525.0	247.0
36456	8971	537.0	249.0
36468	8971	551.0	253.0
36480	8971	568.0	256.0
36492	8971	588.0	262.0
36504	8971	614.0	269.0
36516	8971	649.0	277.0
36528	8971	700.0	291.0
36540	8971	777.0	311.0
36552	8971	904.0	344.0
36564	8971	1005.0	400.0
36480	9057	491.0	229.0
36492	9057	493.0	229.0
36504	9057	498.0	231.0
36516	9057	499.3333333333333	231.0
36528	9057	504.5	232.0
36540	9057	507.75	232.0
36552	9057	511.0	233.0
36564	9057	518.0	235.0
36576	9057	520.0	235.0
36588	9057	527.0	236.0
36600	9057	533.0	237.0
36612	9057	539.0	238.0
36624	9057	547.0	240.0
36636	9057	556.0	241.0
36648	9057	564.0	243.0
36660	9057	575.0	246.0
36672	9057	589.0	248.0
36684	9057	606.0	251.0
36696	9057	627.0	255.0
36708	9057	652.0	259.0
36720	9057	684.0	265.0
36732	9057	726.0	273.0
36744	9057	785.0	284.0
36756	9057	871.0	301.0
36768	9057	979.0	326.0
36588	9082	469.0	229.0
36600	9082	471.0	230.0
36612	9082	472.64	231.16
36624	9082	474.56	231.64
36636	9082	476.0	232.0
36648	9082	480.0	232.0
36660	9082	482.0	233.0
36672	9082	484.0	234.0
36684	9082	487.0	234.0
36696	9082	489.0	235.0
36708	9082	493.0	236.0
36720	9082	497.0	237.0
36732	9082	501.0	238.0
36744	9082	506.0	239.0
36756	9082	512.0	240.0
36768	9082	518.0	242.0
36780	9082	523.0	244.0
36792	9082	532.0	246.0
36804	9082	540.0	248.0
36816	9082	550.0	251.0
36828	9082	562.0	253.0
36840	9082	577.0	257.0
36852	9082	597.0	262.0
36864	9082	619.0	268.0
36876	9082	648.0	275.0
36888	9082	689.0	286.0
36900	9082	744.0	300.0
36912	9082	830.0	322.0
36924	9082	961.0	357.0
36648	9097	465.0	230.0
36660	9097	467.0	230.0
36672	9097	469.2	231.0
36684	9097	472.0	231.0
36696	9097	473.0	232.0
36708	9097	478.0	233.0
36720	9097	480.0	233.0
36732	9097	484.0	234.0
36744	9097	487.0	235.0
36756	9097	489.0	235.0
36768	9097	493.0	236.0
36780	9097	498.0	237.0
36792	9097	503.0	238.0
36804	9097	509.0	240.0
36816	9097	514.0	241.0
36828	9097	521.0	243.0
36840	9097	529.0	245.0
36852	9097	538.0	248.0
36864	9097	548.0	249.0
36876	9097	560.0	253.0
36888	9097	575.0	256.0
36900	9097	592.0	260.0
36912	9097	614.0	265.0
36924	9097	643.0	273.0
36936	9097	680.0	282.0
36948	9097	732.0	295.0
36960	9097	809.0	315.0
36972	9097	938.0	345.0
36984	9097	1003.0	389.0
36876	9147	466.0	235.0
36888	9147	466.0	235.0
36900	9147	469.0	236.0
36912	9147	473.0	237.0
36924	9147	475.0	238.0
36936	9147	478.0	238.0
36948	9147	481.0	240.0
36960	9147	487.0	243.0
36972	9147	494.0	244.0
36984	9147	499.0	246.0
36996	9147	508.0	249.0
37008	9147	516.0	253.0
37020	9147	527.0	256.0
37032	9147	540.0	261.0
37044	9147	559.0	268.0
37056	9147	581.0	276.0
37068	9147	613.0	287.0
37080	9147	658.0	304.0
37092	9147	734.0	331.0
37104	9147	871.0	381.0
37116	9147	1021.0	491.0
37044	9197	465.3333333333333	232.33333333333334
37056	9197	469.0	233.0
37068	9197	471.0	235.0
37080	9197	475.0	235.0
37092	9197	477.0	235.0
37104	9197	481.0	237.0
37116	9197	484.0	239.0
37128	9197	487.0	240.0
37140	9197	493.0	241.0
37152	9197	498.0	243.0
37164	9197	505.0	245.0
37176	9197	511.0	247.0
37188	9197	518.0	249.0
37200	9197	527.0	252.0
37212	9197	537.0	256.0
37224	9197	551.0	261.0
37236	9197	569.0	266.0
37248	9197	590.0	273.0
37260	9197	620.0	283.0
37272	9197	662.0	297.0
37284	9197	728.0	319.0
37296	9197	840.0	357.0
37308	9197	997.0	436.0
37164	9237	459.0	230.0
37176	9237	460.0	231.0
37188	9237	461.8181818181818	231.36363636363637
37200	9237	463.6363636363636	231.72727272727272
37212	9237	465.0	232.0
37224	9237	466.0	231.0
37236	9237	468.0	234.0
37248	9237	470.0	234.0
37260	9237	471.0	235.0
37272	9237	475.0	235.0
37284	9237	477.0	237.0
37296	9237	482.0	237.0
37308	9237	484.0	238.0
37320	9237	488.0	240.0
37332	9237	492.0	242.0
37344	9237	496.0	244.0
37356	9237	502.0	245.0
37368	9237	509.0	248.0
37380	9237	517.0	250.0
37392	9237	526.0	254.0
37404	9237	538.0	257.0
37416	9237	553.0	262.0
37428	9237	571.0	269.0
37440	9237	594.0	276.0
37452	9237	626.0	288.0
37464	9237	674.0	304.0
37476	9237	748.0	330.0
37488	9237	887.0	381.0
37500	9237	1020.0	484.0
37344	9282	478.0	231.0
37356	9282	480.0	231.0
37368	9282	483.0	233.0
37380	9282	486.0	232.0
37392	9282	488.0	234.0
37404	9282	490.0	235.0
37416	9282	494.0	235.0
37428	9282	498.0	236.0
37440	9282	502.0	237.0
37452	9282	507.0	238.0
37464	9282	512.0	240.0
37476	9282	519.0	241.0
37488	9282	527.0	243.0
37500	9282	535.0	244.0
37512	9282	544.0	247.0
37524	9282	556.0	250.0
37536	9282	568.0	253.0
37548	9282	585.0	256.0
37560	9282	605.0	261.0
37572	9282	632.0	267.0
37584	9282	666.0	275.0
37596	9282	713.0	287.0
37608	9282	780.0	303.0
37620	9282	887.0	329.0
37632	9282	996.0	376.0
37368	9285	452.0	228.0
37380	9285	452.73333333333335	228.73333333333332
37392	9285	454.0	229.0
37404	9285	455.0	229.0
37416	9285	456.3818181818182	229.1090909090909
37428	9285	457.90909090909093	229.54545454545453
37440	9285	459.43636363636364	229.98181818181817
37452	9285	460.96363636363634	230.4181818181818
37464	9285	462.4909090909091	230.85454545454544
37476	9285	465.0	233.0
37488	9285	466.0	233.14285714285714
37500	9285	468.0	234.0
37512	9285	473.0	234.0
37524	9285	475.0	235.0
37536	9285	478.0	236.0
37548	9285	482.0	237.0
37560	9285	486.0	237.0
37572	9285	490.0	238.0
37584	9285	496.0	240.0
37596	9285	502.0	242.0
37608	9285	508.0	243.0
37620	9285	514.0	245.0
37632	9285	523.0	247.0
37644	9285	534.0	249.0
37656	9285	545.0	253.0
37668	9285	559.0	256.0
37680	9285	577.0	260.0
37692	9285	598.0	265.0
37704	9285	623.0	271.0
37716	9285	659.0	280.0
37728	9285	707.0	293.0
37740	9285	777.0	310.0
37752	9285	886.0	339.0
37764	9285	994.0	386.0
37548	9315	452.0	227.0
37560	9315	453.0	227.0
37572	9315	453.0	228.0
37584	9315	454.1818181818182	228.0
37596	9315	455.0	227.0
37608	9315	456.0	228.0
37620	9315	458.0	229.0
37632	9315	459.2	229.6
37644	9315	461.0	230.0
37656	9315	463.57142857142856	231.0
37668	9315	466.0	232.0
37680	9315	468.0	231.0
37692	9315	470.0	232.0
37704	9315	472.0	233.0
37716	9315	475.0	233.0
37728	9315	479.0	234.0
37740	9315	481.0	235.0
37752	9315	486.0	236.0
37764	9315	490.0	237.0
37776	9315	495.0	238.0
37788	9315	502.0	240.0
37800	9315	508.0	242.0
37812	9315	516.0	243.0
37824	9315	525.0	245.0
37836	9315	536.0	248.0
37848	9315	549.0	251.0
37860	9315	564.0	255.0
37872	9315	584.0	260.0
37884	9315	609.0	265.0
37896	9315	642.0	274.0
37908	9315	687.0	285.0
37920	9315	754.0	301.0
37932	9315	863.0	327.0
37944	9315	991.0	376.0
37908	9381	470.5	233.0
37920	9381	473.3333333333333	232.0
37932	9381	478.0	235.0
37944	9381	481.0	234.0
37956	9381	485.0	236.0
37968	9381	490.0	237.0
37980	9381	496.0	238.0
37992	9381	502.0	239.0
38004	9381	509.0	240.0
38016	9381	518.0	242.0
38028	9381	528.0	245.0
38040	9381	538.0	247.0
38052	9381	551.0	249.0
38064	9381	566.0	253.0
38076	9381	584.0	256.0
38088	9381	607.0	262.0
38100	9381	637.0	268.0
38112	9381	676.0	277.0
38124	9381	731.0	290.0
38136	9381	814.0	310.0
38148	9381	951.0	341.0
37968	9385	458.0	227.0
37980	9385	461.0	229.625
37992	9385	462.42857142857144	230.0
38004	9385	464.0	229.0
38016	9385	466.0	230.0
38028	9385	470.0	231.0
38040	9385	471.0	231.0
38052	9385	474.0	232.0
38064	9385	478.0	232.0
38076	9385	480.0	232.0
38088	9385	485.0	234.0
38100	9385	487.0	234.0
38112	9385	490.0	235.0
38124	9385	495.0	236.0
38136	9385	500.0	236.0
38148	9385	506.0	238.0
38160	9385	511.0	239.0
38172	9385	518.0	242.0
38184	9385	523.0	242.0
38196	9385	531.0	244.0
38208	9385	541.0	248.0
38220	9385	551.0	250.0
38232	9385	564.0	252.0
38244	9385	579.0	257.0
38256	9385	596.0	260.0
38268	9385	619.0	267.0
38280	9385	648.0	274.0
38292	9385	689.0	284.0
38304	9385	745.0	298.0
38316	9385	830.0	320.0
38328	9385	965.0	358.0
38028	9397	530.9264705882352	231.0735294117647
38040	9397	530.75	231.25
38052	9397	530.5735294117648	231.4264705882353
38064	9397	530.3970588235294	231.60294117647058
38076	9397	530.2205882352941	231.77941176470588
38088	9397	530.0441176470588	231.9558823529412
38100	9397	531.0	233.16666666666666
38112	9397	535.0	234.0
38124	9397	542.0	234.0
38136	9397	549.0	236.0
38148	9397	555.0	237.0
38160	9397	560.0	238.0
38172	9397	572.0	240.0
38184	9397	583.0	241.0
38196	9397	594.0	243.0
38208	9397	606.0	245.0
38220	9397	622.0	247.0
38232	9397	641.0	251.0
38244	9397	665.0	254.0
38256	9397	696.0	259.0
38268	9397	735.0	266.0
38280	9397	787.0	274.0
38292	9397	860.0	286.0
38304	9397	963.0	303.0
38256	9425	491.0	230.0
38268	9425	494.0	230.0
38280	9425	496.0	231.0
38292	9425	498.8	231.1
38304	9425	502.0	232.0
38316	9425	506.0	233.0
38328	9425	509.0	234.0
38340	9425	514.0	234.0
38352	9425	518.0	235.0
38364	9425	522.0	235.0
38376	9425	528.0	237.0
38388	9425	533.0	237.0
38400	9425	541.0	239.0
38412	9425	548.0	240.0
38424	9425	555.0	241.0
38436	9425	565.0	244.0
38448	9425	577.0	247.0
38460	9425	590.0	248.0
38472	9425	605.0	251.0
38484	9425	625.0	254.0
38496	9425	648.0	259.0
38508	9425	676.0	264.0
38520	9425	714.0	271.0
38532	9425	763.0	280.0
38544	9425	834.0	294.0
38556	9425	941.0	314.0
38352	9456	481.57142857142856	228.0
38364	9456	482.8	228.11428571428573
38376	9456	485.2	228.45714285714286
38388	9456	487.6	228.8
38400	9456	490.0	229.66666666666666
38412	9456	492.0	231.0
38424	9456	494.0	231.0
38436	9456	497.0	231.0
38448	9456	501.0	232.0
38460	9456	503.0	232.0
38472	9456	506.0	232.0
38484	9456	510.0	234.0
38496	9456	515.0	235.0
38508	9456	519.0	235.0
38520	9456	523.0	236.0
38532	9456	529.0	237.0
38544	9456	535.0	238.0
38556	9456	543.0	241.0
38568	9456	552.0	241.0
38580	9456	561.0	243.0
38592	9456	572.0	245.0
38604	9456	586.0	247.0
38616	9456	601.0	250.0
38628	9456	617.0	253.0
38640	9456	638.0	257.0
38652	9456	663.0	261.0
38664	9456	695.0	261.0
38676	9456	738.0	271.0
38688	9456	794.0	284.0
38700	9456	873.0	300.0
38712	9456	972.0	323.0
38436	9478	469.0	233.0
38448	9478	472.4	234.4
38460	9478	476.0	235.0
38472	9478	478.0	236.0
38484	9478	482.0	237.0
38496	9478	485.0	238.0
38508	9478	490.0	238.0
38520	9478	495.0	240.0
38532	9478	501.0	242.0
38544	9478	508.0	243.0
38556	9478	516.0	246.0
38568	9478	524.0	248.0
38580	9478	534.0	250.0
38592	9478	546.0	253.0
38604	9478	560.0	257.0
38616	9478	578.0	261.0
38628	9478	599.0	267.0
38640	9478	627.0	274.0
38652	9478	663.0	283.0
38664	9478	714.0	298.0
38676	9478	788.0	318.0
38688	9478	912.0	352.0
38508	9510	452.0	227.33333333333334
38520	9510	453.0	228.0
38532	9510	453.7142857142857	228.0
38544	9510	455.42857142857144	228.0
38556	9510	456.0	229.0
38568	9510	457.0	230.0
38580	9510	458.0	230.0
38592	9510	458.0	230.0
38604	9510	460.0	231.0
38616	9510	462.0	231.0
38628	9510	462.5	230.5
38640	9510	463.0	232.0
38652	9510	465.0	233.0
38664	9510	466.0	233.0
38676	9510	468.0	234.0
38688	9510	469.0	234.0
38700	9510	471.0	235.0
38712	9510	473.0	236.0
38724	9510	477.0	237.0
38736	9510	480.0	238.0
38748	9510	483.0	238.0
38760	9510	486.0	240.0
38772	9510	490.0	241.0
38784	9510	494.0	243.0
38796	9510	499.0	245.0
38808	9510	504.0	246.0
38820	9510	511.0	249.0
38832	9510	519.0	251.0
38844	9510	527.0	254.0
38856	9510	537.0	258.0
38868	9510	551.0	262.0
38880	9510	567.0	268.0
38892	9510	586.0	275.0
38904	9510	614.0	284.0
38916	9510	650.0	297.0
38928	9510	706.0	316.0
38940	9510	797.0	347.0
38952	9510	960.0	406.0
38964	9510	1017.0	478.0
38616	9557	494.75	230.0
38628	9557	497.0	230.0
38640	9557	500.0	231.0
38652	9557	504.0	232.0
38664	9557	507.0	231.0
38676	9557	511.0	233.0
38688	9557	516.0	234.0
38700	9557	522.0	236.0
38712	9557	526.0	236.0
38724	9557	533.0	236.0
38736	9557	540.0	238.0
38748	9557	546.0	240.0
38760	9557	556.0	241.0
38772	9557	565.0	243.0
38784	9557	578.0	245.0
38796	9557	588.0	247.0
38808	9557	604.0	250.0
38820	9557	623.0	254.0
38832	9557	645.0	257.0
38844	9557	674.0	263.0
38856	9557	709.0	269.0
38868	9557	755.0	277.0
38880	9557	820.0	289.0
38892	9557	911.0	305.0
38904	9557	979.0	328.0
38916	9557	984.0	328.0
38928	9557	989.0	339.0
38940	9557	992.0	332.0
38628	9565	520.0	232.0
38640	9565	522.75	232.0
38652	9565	530.0	234.0
38664	9565	534.0	234.0
38676	9565	539.0	235.0
38688	9565	545.0	236.0
38700	9565	552.0	237.0
38712	9565	560.0	238.0
38724	9565	570.0	240.0
38736	9565	580.0	242.0
38748	9565	591.0	243.0
38760	9565	605.0	245.0
38772	9565	620.0	247.0
38784	9565	640.0	250.0
38796	9565	661.0	254.0
38808	9565	690.0	258.0
38820	9565	724.0	263.0
38832	9565	769.0	270.0
38844	9565	828.0	279.0
38856	9565	910.0	293.0
38868	9565	981.0	309.0
38808	9613	477.0	230.0
38820	9613	480.0	232.0
38832	9613	481.0	232.0
38844	9613	484.0	233.0
38856	9613	486.0	232.0
38868	9613	490.0	234.0
38880	9613	493.0	234.0
38892	9613	497.0	236.0
38904	9613	501.0	237.0
38916	9613	506.0	238.0
38928	9613	513.0	239.0
38940	9613	519.0	241.0
38952	9613	526.0	243.0
38964	9613	534.0	244.0
38976	9613	545.0	248.0
38988	9613	556.0	250.0
39000	9613	572.0	254.0
39012	9613	590.0	259.0
39024	9613	614.0	265.0
39036	9613	646.0	273.0
39048	9613	691.0	285.0
39060	9613	756.0	302.0
39072	9613	865.0	331.0
39084	9613	994.0	385.0
38892	9636	463.0	227.0
38904	9636	463.0	227.0
38916	9636	464.0	228.0
38928	9636	466.0	228.0
38940	9636	466.0	228.0
38952	9636	467.0	228.0
38964	9636	469.0	228.0
38976	9636	471.0	230.0
38988	9636	471.0	230.0
39000	9636	473.0	230.0
39012	9636	474.0	231.0
39024	9636	475.0	231.0
39036	9636	475.0	231.0
39048	9636	476.0	232.0
39060	9636	479.0	232.0
39072	9636	479.0	233.0
39084	9636	480.0	234.0
39096	9636	483.0	235.0
39108	9636	485.0	236.0
39120	9636	486.0	237.0
39132	9636	489.0	238.0
39144	9636	492.0	239.0
39156	9636	496.0	241.0
39168	9636	500.0	242.0
39180	9636	504.0	244.0
39192	9636	510.0	246.0
39204	9636	517.0	249.0
39216	9636	525.0	252.0
39228	9636	534.0	255.0
39240	9636	546.0	259.0
39252	9636	562.0	265.0
39264	9636	583.0	273.0
39276	9636	609.0	282.0
39288	9636	648.0	296.0
39300	9636	708.0	318.0
39312	9636	810.0	353.0
39324	9636	980.0	428.0
39168	9690	475.0	229.0
39180	9690	478.0	231.0
39192	9690	479.0	231.0
39204	9690	481.0	232.0
39216	9690	483.0	232.0
39228	9690	485.0	233.0
39240	9690	488.0	234.0
39252	9690	492.0	235.0
39264	9690	495.0	236.0
39276	9690	498.0	236.0
39288	9690	503.0	238.0
39300	9690	508.0	239.0
39312	9690	514.0	240.0
39324	9690	520.0	242.0
39336	9690	528.0	244.0
39348	9690	535.0	246.0
39360	9690	546.0	249.0
39372	9690	557.0	251.0
39384	9690	571.0	255.0
39396	9690	588.0	259.0
39408	9690	610.0	265.0
39420	9690	636.0	271.0
39432	9690	673.0	281.0
39444	9690	725.0	294.0
39456	9690	802.0	314.0
39468	9690	930.0	346.0
39480	9690	1009.0	399.0
39420	9717	488.0	230.0
39432	9717	490.8	230.0
39444	9717	494.2	231.0
39456	9717	497.5	231.375
39468	9717	500.0	232.33333333333334
39480	9717	504.57142857142856	233.0
39492	9717	509.0	234.0
39504	9717	513.0	234.0
39516	9717	518.0	236.0
39528	9717	524.0	237.0
39540	9717	531.0	238.0
39552	9717	538.0	240.0
39564	9717	548.0	241.0
39576	9717	559.0	243.0
39588	9717	571.0	246.0
39600	9717	585.0	248.0
39612	9717	603.0	251.0
39624	9717	623.0	255.0
39636	9717	650.0	260.0
39648	9717	684.0	266.0
39660	9717	730.0	274.0
39672	9717	793.0	286.0
39684	9717	887.0	305.0
39696	9717	986.0	333.0
39504	9741	470.1111111111111	228.0
39516	9741	472.0	229.0
39528	9741	474.14285714285717	228.14285714285714
39540	9741	476.3333333333333	229.0
39552	9741	479.0	230.0
39564	9741	482.0	231.0
39576	9741	484.0	231.0
39588	9741	487.0	233.0
39600	9741	488.0	233.0
39612	9741	492.0	234.0
39624	9741	496.0	235.0
39636	9741	501.0	236.0
39648	9741	506.0	237.0
39660	9741	513.0	239.0
39672	9741	518.0	240.0
39684	9741	526.0	242.0
39696	9741	536.0	244.0
39708	9741	544.0	248.0
39720	9741	560.0	250.0
39732	9741	574.0	254.0
39744	9741	595.0	259.0
39756	9741	621.0	265.0
39768	9741	656.0	274.0
39780	9741	706.0	286.0
39792	9741	785.0	306.0
39804	9741	920.0	339.0
39612	9773	529.5	231.0
39624	9773	534.3	232.1
39636	9773	538.0	233.0
39648	9773	543.0	234.0
39660	9773	549.0	235.0
39672	9773	555.0	235.0
39684	9773	561.0	236.0
39696	9773	571.0	236.83333333333334
39708	9773	580.0	238.0
39720	9773	590.0	240.0
39732	9773	602.0	242.0
39744	9773	615.0	243.0
39756	9773	631.0	246.0
39768	9773	647.0	246.0
39780	9773	668.0	248.0
39792	9773	696.0	254.0
39804	9773	729.0	259.0
39816	9773	769.0	265.0
39828	9773	822.0	272.0
39840	9773	893.0	282.0
39852	9773	970.0	294.0
39912	9850	525.0	230.0
39924	9850	530.0	232.0
39936	9850	533.4	232.0
39948	9850	538.6666666666666	233.0
39960	9850	545.0	234.0
39972	9850	550.0	235.0
39984	9850	556.0	236.0
39996	9850	564.0	236.0
40008	9850	572.0	237.0
40020	9850	581.0	239.0
40032	9850	591.0	240.0
40044	9850	601.0	242.0
40056	9850	613.0	244.0
40068	9850	629.0	246.0
40080	9850	645.0	247.0
40092	9850	665.0	250.0
40104	9850	690.0	254.0
40116	9850	719.0	258.0
40128	9850	755.0	263.0
40140	9850	801.0	269.0
40152	9850	862.0	278.0
40164	9850	945.0	290.0
40176	9850	983.0	299.0
40008	9882	518.0	232.0
40020	9882	520.0	233.0
40032	9882	526.0	233.0
40044	9882	530.0	233.0
40056	9882	534.0	235.0
40068	9882	539.0	235.0
40080	9882	544.5	236.0
40092	9882	550.5	237.0
40104	9882	561.0	238.0
40116	9882	567.9166666666666	240.08333333333334
40128	9882	578.75	240.75
40140	9882	588.0	236.0
40152	9882	601.0	243.0
40164	9882	616.75	244.75
40176	9882	634.0	248.0
40188	9882	653.0	252.0
40200	9882	674.0	256.0
40212	9882	705.0	260.0
40224	9882	743.0	266.0
40236	9882	789.0	273.0
40248	9882	852.0	283.0
40260	9882	937.0	295.0
40056	9899	486.0	232.0
40068	9899	488.0	233.0
40080	9899	490.0	234.0
40092	9899	492.0	235.0
40104	9899	496.0	235.0
40116	9899	499.0	235.0
40128	9899	503.0	237.0
40140	9899	508.0	238.0
40152	9899	514.0	239.0
40164	9899	522.0	241.0
40176	9899	529.0	243.0
40188	9899	538.0	245.0
40200	9899	548.0	248.0
40212	9899	562.0	251.0
40224	9899	578.0	256.0
40236	9899	597.0	260.0
40248	9899	623.0	266.0
40260	9899	657.0	274.0
40272	9899	705.0	287.0
40284	9899	778.0	305.0
40296	9899	901.0	336.0
40308	9899	1003.0	390.0
40188	9916	490.0	230.0
40200	9916	491.0	230.0
40212	9916	495.0	230.0
40224	9916	499.0	231.0
40236	9916	503.0	231.0
40248	9916	504.0	232.0
40260	9916	507.0	233.0
40272	9916	511.0	233.0
40284	9916	515.0	234.0
40296	9916	517.0	235.0
40308	9916	523.0	236.0
40320	9916	528.0	237.0
40332	9916	534.0	238.0
40344	9916	540.0	239.0
40356	9916	548.0	240.0
40368	9916	556.0	242.0
40380	9916	567.0	243.0
40392	9916	579.0	246.0
40404	9916	594.0	248.0
40416	9916	610.0	252.0
40428	9916	631.0	255.0
40440	9916	658.0	261.0
40452	9916	690.0	266.0
40464	9916	733.0	275.0
40476	9916	794.0	286.0
40488	9916	880.0	302.0
40500	9916	979.0	329.0
40248	9937	529.0	233.0
40260	9937	534.0	234.0
40272	9937	537.0	235.0
40284	9937	543.0	235.0
40296	9937	549.0	236.0
40308	9937	555.0	237.0
40320	9937	562.0	239.0
40332	9937	570.0	239.0
40344	9937	579.0	241.0
40356	9937	587.0	242.0
40368	9937	598.0	244.0
40380	9937	611.0	246.0
40392	9937	625.0	248.0
40404	9937	643.0	250.0
40416	9937	663.0	253.0
40428	9937	690.0	258.0
40440	9937	719.0	263.0
40452	9937	758.0	269.0
40464	9937	809.0	277.0
40476	9937	876.0	287.0
40488	9937	964.0	303.0
40284	9953	484.125	227.0
40296	9953	485.6923076923077	228.1153846153846
40308	9953	488.46153846153845	228.57692307692307
40320	9953	491.2307692307692	229.03846153846155
40332	9953	494.0	229.5
40344	9953	496.7692307692308	229.96153846153845
40356	9953	501.0	231.0
40368	9953	504.6666666666667	231.0
40380	9953	508.3333333333333	231.0
40392	9953	511.0	232.0
40404	9953	517.0	232.0
40416	9953	522.0	234.0
40428	9953	526.0	235.0
40440	9953	533.0	236.0
40452	9953	540.0	237.0
40464	9953	547.0	239.0
40476	9953	556.0	241.0
40488	9953	566.0	243.0
40500	9953	577.0	245.0
40512	9953	590.0	248.0
40524	9953	606.0	250.0
40536	9953	626.0	255.0
40548	9953	649.0	259.0
40560	9953	680.0	265.0
40572	9953	718.0	271.0
40584	9953	771.0	282.0
40596	9953	846.0	296.0
40608	9953	955.0	319.0
40620	9953	976.0	325.0
40632	9953	989.0	338.0
40644	9953	992.0	348.0
40356	9972	519.0	231.0
40368	9972	522.0	230.0
40380	9972	527.0	231.0
40392	9972	531.0	232.0
40404	9972	537.0	233.0
40416	9972	544.0	234.0
40428	9972	549.0	235.0
40440	9972	557.0	236.0
40452	9972	565.0	237.0
40464	9972	575.0	240.0
40476	9972	586.0	241.0
40488	9972	598.0	243.0
40500	9972	612.0	245.0
40512	9972	628.0	248.0
40524	9972	648.0	251.0
40536	9972	672.0	255.0
40548	9972	700.0	259.0
40560	9972	737.0	265.0
40572	9972	783.0	273.0
40584	9972	847.0	283.0
40596	9972	933.0	297.0
40452	9998	503.0	231.0
40464	9998	507.0	232.0
40476	9998	512.0	232.0
40488	9998	517.0	234.0
40500	9998	522.0	234.0
40512	9998	528.0	235.0
40524	9998	533.0	236.0
40536	9998	539.0	237.0
40548	9998	546.0	238.0
40560	9998	556.0	240.0
40572	9998	564.0	242.0
40584	9998	573.0	243.0
40596	9998	585.0	246.0
40608	9998	598.0	248.0
40620	9998	615.0	251.0
40632	9998	636.0	255.0
40644	9998	660.0	259.0
40656	9998	691.0	265.0
40668	9998	731.0	272.0
40680	9998	786.0	282.0
40692	9998	864.0	296.0
40704	9998	975.0	317.0
40452	10000	484.75	230.0
40464	10000	487.0	230.0
40476	10000	490.0	232.0
40488	10000	493.0	233.0
40500	10000	496.0	234.0
40512	10000	500.6666666666667	235.0
40524	10000	505.0	235.0
40536	10000	510.0	237.0
40548	10000	515.0	238.0
40560	10000	521.0	240.0
40572	10000	527.0	241.0
40584	10000	538.0	244.0
40596	10000	548.0	247.0
40608	10000	558.0	249.0
40620	10000	570.0	251.0
40632	10000	587.0	255.0
40644	10000	608.0	260.0
40656	10000	632.0	267.0
40668	10000	667.0	275.0
40680	10000	714.0	285.0
40692	10000	780.0	301.0
40704	10000	886.0	328.0
40716	10000	989.0	372.0
40728	10000	979.0	373.0
40740	10000	985.0	366.0
40596	10050	495.0	229.0
40608	10050	499.0	231.0
40620	10050	502.0	231.0
40632	10050	505.0	232.0
40644	10050	509.0	232.0
40656	10050	513.0	233.0
40668	10050	517.0	234.0
40680	10050	522.0	235.0
40692	10050	528.0	235.0
40704	10050	535.0	237.0
40716	10050	541.0	238.0
40728	10050	550.0	239.0
40740	10050	559.0	241.0
40752	10050	569.0	243.0
40764	10050	581.0	245.0
40776	10050	596.0	247.0
40788	10050	613.0	250.0
40800	10050	634.0	254.0
40812	10050	660.0	259.0
40824	10050	694.0	266.0
40836	10050	734.0	274.0
40848	10050	782.0	267.0
40860	10050	871.0	293.0
40872	10050	981.0	325.0
40608	10053	476.0	229.0
40620	10053	479.0	230.0
40632	10053	480.0	231.0
40644	10053	484.0	231.0
40656	10053	487.0	232.0
40668	10053	490.0	233.0
40680	10053	494.0	234.0
40692	10053	498.0	235.0
40704	10053	503.0	236.0
40716	10053	509.0	238.0
40728	10053	517.0	239.0
40740	10053	524.0	241.0
40752	10053	533.0	243.0
40764	10053	544.0	246.0
40776	10053	557.0	250.0
40788	10053	574.0	254.0
40800	10053	595.0	259.0
40812	10053	623.0	266.0
40824	10053	662.0	275.0
40836	10053	719.0	290.0
40848	10053	807.0	313.0
40860	10053	962.0	353.0
40836	10104	455.6666666666667	225.66666666666666
40848	10104	458.0	226.0
40860	10104	460.24	226.96
40872	10104	463.6	228.4
40884	10104	466.2	229.0
40896	10104	467.85714285714283	228.42857142857142
40908	10104	470.0	229.0
40920	10104	473.5	230.25
40932	10104	476.5	230.75
40944	10104	481.0	230.0
40956	10104	485.0	231.0
40968	10104	490.0	233.0
40980	10104	495.0	233.0
40992	10104	501.0	235.0
41004	10104	507.0	236.0
41016	10104	517.0	237.0
41028	10104	525.0	239.0
41040	10104	535.0	240.0
41052	10104	546.0	242.0
41064	10104	561.0	244.0
41076	10104	578.0	248.0
41088	10104	598.0	252.0
41100	10104	624.0	256.0
41112	10104	659.0	262.0
41124	10104	703.0	270.0
41136	10104	766.0	281.0
41148	10104	862.0	298.0
41160	10104	980.0	327.0
40860	10110	443.0	225.0
40872	10110	444.0	225.0
40884	10110	445.0	226.0
40896	10110	444.0	226.0
40908	10110	445.0	226.0
40920	10110	445.0	226.0
40932	10110	447.0	226.0
40944	10110	448.0	226.0
40956	10110	449.0	227.0
40968	10110	449.0	227.0
40980	10110	450.0	227.0
40992	10110	452.0	228.0
41004	10110	454.0	228.0
41016	10110	454.6875	228.6875
41028	10110	456.0	230.0
41040	10110	457.0	230.0
41052	10110	459.0	232.0
41064	10110	461.0	232.0
41076	10110	462.0	232.0
41088	10110	464.0	233.0
41100	10110	466.0	235.0
41112	10110	469.0	235.0
41124	10110	472.0	235.0
41136	10110	474.0	237.0
41148	10110	479.0	238.0
41160	10110	484.0	240.0
41172	10110	488.0	242.0
41184	10110	496.0	244.0
41196	10110	503.0	247.0
41208	10110	513.0	250.0
41220	10110	526.0	254.0
41232	10110	542.0	260.0
41244	10110	562.0	267.0
41256	10110	593.0	278.0
41268	10110	638.0	292.0
41280	10110	715.0	319.0
41292	10110	863.0	368.0
41016	10149	477.0	229.0
41028	10149	478.0	229.0
41040	10149	480.0	229.0
41052	10149	482.5	231.0
41064	10149	485.0	231.0
41076	10149	485.0	233.0
41088	10149	489.0	233.0
41100	10149	492.0	234.0
41112	10149	495.0	234.0
41124	10149	498.0	235.0
41136	10149	501.0	235.0
41148	10149	505.0	237.0
41160	10149	510.0	238.0
41172	10149	516.0	240.0
41184	10149	522.0	241.0
41196	10149	528.0	243.0
41208	10149	537.0	246.0
41220	10149	548.0	248.0
41232	10149	559.0	251.0
41244	10149	574.0	254.0
41232	10176	469.0	229.0
41244	10176	469.70588235294116	229.0
41256	10176	471.3695652173913	229.45652173913044
41268	10176	473.7173913043478	230.2391304347826
41280	10176	476.0652173913044	231.02173913043478
41292	10176	478.4130434782609	231.80434782608697
41304	10176	481.25	233.0
41316	10176	484.0	233.0
41328	10176	487.0	235.0
41340	10176	490.0	236.0
41352	10176	493.0	236.0
41364	10176	498.0	237.0
41376	10176	503.0	238.0
41388	10176	509.0	240.0
41400	10176	516.0	242.0
41412	10176	524.0	245.0
41424	10176	534.0	247.0
41436	10176	546.0	250.0
41448	10176	560.0	254.0
41460	10176	579.0	259.0
41472	10176	603.0	267.0
41484	10176	637.0	276.0
41496	10176	685.0	289.0
41508	10176	761.0	311.0
41520	10176	896.0	348.0
41340	10218	513.75	231.0
41352	10218	518.0	232.0
41364	10218	521.0	232.0
41376	10218	526.0	232.0
41388	10218	531.0	234.0
41400	10218	537.0	235.0
41412	10218	545.0	235.0
41424	10218	551.0	236.0
41436	10218	560.0	238.0
41448	10218	571.0	239.0
41460	10218	581.0	240.0
41472	10218	591.0	238.0
41484	10218	607.0	243.0
41496	10218	626.0	247.0
41508	10218	646.0	251.0
41520	10218	671.0	255.0
41532	10218	702.0	259.0
41544	10218	742.0	266.0
41556	10218	793.0	274.0
41568	10218	863.0	285.0
41580	10218	960.0	300.0
41448	10244	489.0	229.0
41460	10244	491.0	230.0
41472	10244	494.0	230.0
41484	10244	496.75	229.875
41496	10244	499.75	231.0
41508	10244	504.0	231.0
41520	10244	507.0	233.0
41532	10244	511.0	233.0
41544	10244	516.0	234.0
41556	10244	520.0	235.0
41568	10244	525.0	236.0
41580	10244	531.0	237.0
41592	10244	538.0	239.0
41604	10244	545.0	240.0
41616	10244	554.0	241.0
41628	10244	564.0	244.0
41640	10244	577.0	246.0
41652	10244	591.0	249.0
41664	10244	609.0	252.0
41676	10244	632.0	256.0
41688	10244	660.0	262.0
41700	10244	699.0	269.0
41712	10244	751.0	279.0
41724	10244	826.0	294.0
41736	10244	946.0	318.0
41892	10358	474.3333333333333	226.0
41904	10358	477.0	226.0
41916	10358	478.22222222222223	226.0
41928	10358	480.0	226.0
41940	10358	481.0	227.0
41952	10358	483.0	227.0
41964	10358	485.0	227.0
41976	10358	486.0	228.0
41988	10358	488.4	228.0
42000	10358	491.0	228.0
42012	10358	493.0	228.0
42024	10358	495.85714285714283	228.42857142857142
42036	10358	499.0	230.0
42048	10358	502.0	230.0
42060	10358	505.0	230.0
42072	10358	509.0	232.0
42084	10358	514.0	233.0
42096	10358	517.0	233.0
42108	10358	522.0	234.0
42120	10358	525.0	235.0
42132	10358	531.0	236.0
42144	10358	538.0	239.0
42156	10358	544.0	239.0
42168	10358	553.0	241.0
42180	10358	562.0	243.0
42192	10358	572.0	244.0
42204	10358	584.0	247.0
42216	10358	598.0	249.0
42228	10358	613.0	252.0
42240	10358	634.0	256.0
42252	10358	657.0	260.0
42264	10358	688.0	266.0
42276	10358	726.0	273.0
42288	10358	781.0	283.0
42300	10358	853.0	296.0
42312	10358	958.0	319.0
42324	10358	982.0	334.0
42336	10358	980.0	327.0
42348	10358	984.0	324.0
42360	10358	994.0	320.0
42204	10402	487.0	233.0
42216	10402	490.0	233.0
42228	10402	494.0	234.0
42240	10402	496.0	234.0
42252	10402	503.0	235.0
42264	10402	505.0	237.0
42276	10402	510.0	238.0
42288	10402	517.0	240.0
42300	10402	523.0	241.0
42312	10402	530.0	243.0
42324	10402	539.0	245.0
42336	10402	551.0	247.0
42348	10402	562.0	250.0
42360	10402	576.0	254.0
42372	10402	596.0	259.0
42384	10402	619.0	265.0
42396	10402	650.0	272.0
42408	10402	693.0	283.0
42420	10402	755.0	299.0
42432	10402	854.0	324.0
42444	10402	984.0	369.0
42420	10456	475.0	231.0
42432	10456	477.0	231.0
42444	10456	480.0	233.0
42456	10456	482.0	233.0
42468	10456	485.0	233.0
42480	10456	488.0	234.0
42492	10456	491.0	235.0
42504	10456	495.0	235.0
42516	10456	500.0	236.0
42528	10456	505.0	239.0
42540	10456	510.0	240.0
42552	10456	516.0	241.0
42564	10456	523.0	243.0
42576	10456	527.0	245.0
42588	10456	537.0	247.0
42600	10456	547.0	250.0
42612	10456	560.0	253.0
42624	10456	574.0	257.0
42636	10456	593.0	262.0
42648	10456	616.0	268.0
42660	10456	647.0	277.0
42672	10456	692.0	288.0
42684	10456	753.0	305.0
42696	10456	854.0	333.0
42708	10456	985.0	381.0
42708	10539	470.0	235.0
42720	10539	472.0	235.0
42732	10539	475.0	236.0
42744	10539	478.0	237.0
42756	10539	482.0	238.0
42768	10539	485.0	239.0
42780	10539	491.0	241.0
42792	10539	496.0	242.0
42804	10539	503.0	245.0
42816	10539	511.0	247.0
42828	10539	520.0	249.0
42840	10539	531.0	253.0
42852	10539	544.0	256.0
42864	10539	562.0	262.0
42876	10539	586.0	268.0
42888	10539	616.0	277.0
42900	10539	658.0	290.0
42912	10539	724.0	307.0
42924	10539	831.0	339.0
42936	10539	987.0	398.0
42936	10580	498.0	228.0
42948	10580	500.6	228.0
42960	10580	503.5	229.0
42972	10580	505.0	229.0
42984	10580	508.2	229.4
42996	10580	513.0	230.0
43008	10580	516.0	231.0
43020	10580	519.0	231.0
43032	10580	522.0	232.0
43044	10580	528.0	232.0
43056	10580	533.0	233.0
43068	10580	538.0	235.0
43080	10580	542.0	235.0
43092	10580	549.0	237.0
43104	10580	555.0	237.0
43116	10580	563.0	238.0
43128	10580	573.0	241.0
43140	10580	583.0	242.0
43152	10580	593.0	243.0
43164	10580	607.0	246.0
43176	10580	622.0	248.0
43188	10580	639.0	251.0
43200	10580	661.0	254.0
43212	10580	685.0	258.0
43224	10580	718.0	263.0
43236	10580	756.0	270.0
43248	10580	811.0	278.0
43260	10580	883.0	291.0
43272	10580	967.0	305.0
43032	10600	484.0	227.0
43044	10600	486.2	227.2
43056	10600	488.6	227.6
43068	10600	491.0	228.0
43080	10600	493.62068965517244	229.10344827586206
43092	10600	496.1034482758621	229.51724137931035
43104	10600	498.58620689655174	229.93103448275863
43116	10600	502.0	230.0
43128	10600	506.0	232.0
43140	10600	509.0	232.0
43152	10600	513.0	233.0
43164	10600	518.0	234.0
43176	10600	523.0	235.0
43188	10600	527.0	236.0
43200	10600	533.0	236.0
43212	10600	541.0	238.0
43224	10600	547.0	239.0
43236	10600	555.0	241.0
43248	10600	565.0	243.0
43260	10600	577.0	245.0
43272	10600	589.0	247.0
43284	10600	601.0	250.0
43296	10600	620.0	253.0
43308	10600	640.0	256.0
43320	10600	665.0	260.0
43332	10600	698.0	267.0
43344	10600	741.0	275.0
43356	10600	798.0	286.0
43368	10600	879.0	301.0
43380	10600	967.0	323.0
43392	10600	988.0	321.0
43404	10600	983.0	320.0
43416	10600	996.0	335.0
43116	10616	443.0	227.0
43128	10616	444.0	227.0
43140	10616	444.0	226.0
43152	10616	446.0	227.0
43164	10616	447.0	227.0
43176	10616	449.0	229.0
43188	10616	449.0	228.45454545454547
43200	10616	450.0	228.0
43212	10616	451.3333333333333	228.88888888888889
43224	10616	452.6666666666667	229.77777777777777
43236	10616	454.21276595744683	230.08510638297872
43248	10616	455.48936170212767	230.59574468085106
43260	10616	456.7659574468085	231.10638297872342
43272	10616	458.0425531914894	231.61702127659575
43284	10616	460.0	232.0
43296	10616	460.85714285714283	232.0
43308	10616	462.0	232.0
43320	10616	463.0	233.0
43332	10616	465.0	234.0
43344	10616	468.0	235.0
43356	10616	469.0	235.0
43368	10616	470.0	236.0
43380	10616	474.0	236.0
43392	10616	476.0	237.0
43404	10616	479.0	238.0
43416	10616	482.0	240.0
43428	10616	486.0	242.0
43440	10616	488.0	243.0
43452	10616	491.0	245.0
43464	10616	496.0	246.0
43476	10616	500.0	247.0
43488	10616	505.0	251.0
43500	10616	512.0	254.0
43512	10616	519.0	256.0
43524	10616	530.0	260.0
43536	10616	542.0	265.0
43548	10616	558.0	272.0
43560	10616	579.0	279.0
43572	10616	605.0	290.0
43584	10616	644.0	304.0
43596	10616	701.0	325.0
43608	10616	793.0	358.0
43620	10616	961.0	426.0
43632	10616	1028.0	529.0
43116	10617	476.0	229.0
43128	10617	479.0	229.0
43140	10617	481.77777777777777	229.88888888888889
43152	10617	484.0	231.0
43164	10617	488.0	232.0
43176	10617	490.0	234.0
43188	10617	492.0	233.0
43200	10617	499.0	235.0
43212	10617	502.0	236.0
43224	10617	506.0	237.0
43236	10617	512.0	239.0
43248	10617	519.0	241.0
43260	10617	525.0	243.0
43272	10617	533.0	244.0
43284	10617	545.0	248.0
43296	10617	558.0	250.0
43308	10617	575.0	255.0
43320	10617	596.0	260.0
43332	10617	620.0	267.0
43344	10617	657.0	275.0
43356	10617	710.0	289.0
43368	10617	792.0	310.0
43380	10617	937.0	347.0
43344	10665	503.0	232.0
43356	10665	506.3333333333333	232.0
43368	10665	510.0	234.0
43380	10665	514.0	234.0
43392	10665	518.0	235.0
43404	10665	523.0	236.0
43416	10665	528.0	237.0
43428	10665	534.0	238.0
43440	10665	539.0	239.0
43452	10665	547.0	241.0
43464	10665	555.0	242.0
43476	10665	563.0	243.0
43488	10665	573.0	245.0
43500	10665	585.0	247.0
43512	10665	600.0	250.0
43524	10665	616.0	253.0
43536	10665	636.0	256.0
43548	10665	658.0	261.0
43560	10665	687.0	266.0
43572	10665	725.0	273.0
43584	10665	775.0	283.0
43596	10665	843.0	296.0
43608	10665	944.0	315.0
43620	10665	994.0	342.0
43428	10685	514.0	234.0
43440	10685	517.0	235.0
43452	10685	520.0	236.0
43464	10685	526.0	237.0
43476	10685	531.0	237.0
43488	10685	539.0	239.0
43500	10685	545.0	240.0
43512	10685	553.0	242.0
43524	10685	562.0	244.0
43536	10685	572.0	245.0
43548	10685	584.0	247.0
43560	10685	597.0	249.0
43572	10685	614.0	253.0
43584	10685	629.0	253.0
43596	10685	647.0	247.0
43608	10685	684.0	260.0
43620	10685	720.0	271.0
43632	10685	764.0	280.0
43644	10685	826.0	292.0
43656	10685	911.0	308.0
43668	10685	984.0	332.0
43548	10703	491.0	229.0
43560	10703	492.0	230.0
43572	10703	496.0	230.0
43584	10703	497.0	231.0
43596	10703	500.0	231.0
43608	10703	504.46153846153845	231.6153846153846
43620	10703	507.0	232.0
43632	10703	509.0	232.0
43644	10703	515.0	234.0
43656	10703	519.0	234.0
43668	10703	524.0	236.0
43680	10703	528.0	237.0
43692	10703	535.0	237.0
43704	10703	541.0	239.0
43716	10703	550.0	241.0
43728	10703	557.0	241.0
43740	10703	568.0	244.0
43752	10703	580.0	246.0
43764	10703	593.0	248.0
43776	10703	610.0	251.0
43788	10703	628.0	254.0
43800	10703	650.0	258.0
43812	10703	677.0	263.0
43824	10703	710.0	269.0
43836	10703	755.0	277.0
43848	10703	817.0	289.0
43860	10703	904.0	305.0
43872	10703	982.0	329.0
43728	10735	500.875	231.375
43740	10735	504.0	232.0
43752	10735	508.0833333333333	232.0
43764	10735	514.0	234.0
43776	10735	518.0	233.33333333333334
43788	10735	524.0	236.0
43800	10735	529.0	236.0
43812	10735	536.0	238.0
43824	10735	543.0	239.0
43836	10735	552.0	240.0
43848	10735	562.0	242.0
43860	10735	574.0	245.0
43872	10735	587.0	247.0
43884	10735	603.0	250.0
43896	10735	622.0	253.0
43908	10735	645.0	257.0
43920	10735	675.0	263.0
43932	10735	712.0	269.0
43944	10735	762.0	279.0
43956	10735	833.0	291.0
43968	10735	939.0	312.0
43740	10741	490.0	234.0
43752	10741	494.0	235.0
43764	10741	497.0	235.0
43776	10741	499.0	236.0
43788	10741	502.0	237.0
43800	10741	506.0	238.0
43812	10741	512.0	240.0
43824	10741	516.0	241.0
43836	10741	521.0	243.0
43848	10741	528.0	244.0
43860	10741	535.0	246.0
43872	10741	542.0	248.0
43884	10741	551.0	250.0
43896	10741	562.0	253.0
43908	10741	575.0	256.0
43920	10741	590.0	260.0
43932	10741	609.0	265.0
43944	10741	632.0	271.0
43956	10741	661.0	278.0
43968	10741	701.0	289.0
43980	10741	757.0	302.0
43992	10741	836.0	324.0
44004	10741	934.0	326.0
43740	10742	464.0	233.0
43752	10742	465.0	234.0
43764	10742	467.0	235.0
43776	10742	468.0	236.0
43788	10742	470.0	235.0
43800	10742	473.0	237.0
43812	10742	476.0	238.0
43824	10742	479.0	240.0
43836	10742	484.0	241.0
43848	10742	487.0	243.0
43860	10742	492.0	245.0
43872	10742	498.0	247.0
43884	10742	505.0	250.0
43896	10742	512.0	253.0
43908	10742	522.0	256.0
43920	10742	534.0	261.0
43932	10742	550.0	267.0
43944	10742	570.0	275.0
43956	10742	597.0	285.0
43968	10742	638.0	300.0
43980	10742	702.0	324.0
43992	10742	812.0	365.0
44004	10742	991.0	458.0
44016	10819	518.4	232.0
44028	10819	521.0	232.0
44040	10819	527.0	234.0
44052	10819	532.0	234.0
44064	10819	537.0	235.0
44076	10819	542.0	235.0
44088	10819	550.0	237.0
44100	10819	556.0	237.0
44112	10819	564.0	239.0
44124	10819	572.0	241.0
44136	10819	584.0	242.0
44148	10819	595.0	244.0
44160	10819	608.0	246.0
44172	10819	623.0	249.0
44184	10819	642.0	251.0
44196	10819	664.0	255.0
44208	10819	693.0	260.0
44220	10819	726.0	265.0
44232	10819	771.0	272.0
44244	10819	831.0	282.0
44256	10819	915.0	296.0
44268	10819	983.0	315.0
44172	10875	480.0	228.0
44184	10875	480.0	228.0
44196	10875	481.0	227.0
44208	10875	483.0	229.0
44220	10875	483.0	229.0
44232	10875	484.7142857142857	229.0
44244	10875	487.0	230.0
44256	10875	488.0	230.0
44268	10875	490.0	231.0
44280	10875	492.0	232.0
44292	10875	493.0	232.0
44304	10875	496.0	233.0
44316	10875	499.0	234.0
44328	10875	503.0	235.0
44340	10875	506.0	236.0
44352	10875	511.0	238.0
44364	10875	516.0	239.0
44376	10875	521.0	240.0
44388	10875	528.0	242.0
44400	10875	536.0	244.0
44412	10875	546.0	247.0
44424	10875	557.0	249.0
44436	10875	569.0	252.0
44448	10875	586.0	256.0
44460	10875	607.0	260.0
44472	10875	635.0	267.0
44484	10875	669.0	276.0
44496	10875	716.0	286.0
44508	10875	784.0	302.0
44520	10875	887.0	327.0
44532	10875	986.0	369.0
44544	10875	992.0	376.0
44556	10875	975.0	344.0
44568	10875	1006.0	381.0
44196	10882	505.0	232.0
44208	10882	508.0	233.0
44220	10882	511.0	234.0
44232	10882	516.0	235.0
44244	10882	519.0	235.0
44256	10882	523.0	235.0
44268	10882	529.0	237.0
44280	10882	535.0	238.0
44292	10882	541.0	240.0
44304	10882	548.0	241.0
44316	10882	557.0	243.0
44328	10882	567.0	245.0
44340	10882	577.0	247.0
44352	10882	590.0	249.0
44364	10882	606.0	252.0
44376	10882	624.0	255.0
44388	10882	646.0	259.0
44400	10882	674.0	265.0
44412	10882	709.0	271.0
44424	10882	757.0	280.0
44436	10882	822.0	292.0
44448	10882	917.0	310.0
44460	10882	992.0	340.0
44412	10916	494.5	231.0
44424	10916	500.0	232.0
44436	10916	505.0	233.0
44448	10916	510.0	233.0
44460	10916	515.0	235.0
44472	10916	517.0	235.0
44484	10916	523.0	235.0
44496	10916	529.0	237.0
44508	10916	535.0	238.0
44520	10916	542.0	240.0
44532	10916	550.0	241.0
44544	10916	559.0	243.0
44556	10916	570.0	244.0
44568	10916	582.0	247.0
44580	10916	596.0	249.0
44592	10916	612.0	252.0
44604	10916	633.0	256.0
44616	10916	657.0	260.0
44628	10916	688.0	266.0
44640	10916	728.0	273.0
44652	10916	781.0	283.0
44664	10916	855.0	297.0
44676	10916	962.0	318.0
44484	10930	477.0	231.0
44496	10930	479.0	231.0
44508	10930	483.0	232.0
44520	10930	486.0	232.0
44532	10930	488.0	233.0
44544	10930	493.0	235.0
44556	10930	496.0	234.0
44568	10930	500.0	235.0
44580	10930	505.0	237.0
44592	10930	509.0	239.0
44604	10930	516.0	239.0
44616	10930	523.0	242.0
44628	10930	530.0	243.0
44640	10930	540.0	245.0
44652	10930	550.0	248.0
44664	10930	564.0	251.0
44676	10930	579.0	256.0
44688	10930	600.0	259.0
44700	10930	626.0	266.0
44712	10930	661.0	274.0
44724	10930	712.0	287.0
44736	10930	787.0	305.0
44748	10930	921.0	338.0
44712	10971	537.3333333333334	233.0
44724	10971	542.7	234.0
44736	10971	549.0	235.0
44748	10971	554.0	236.0
44760	10971	560.0	236.0
44772	10971	566.0	237.0
44784	10971	576.0	238.0
44796	10971	585.0	239.0
44808	10971	595.0	241.0
44820	10971	607.0	243.0
44832	10971	620.0	244.0
44844	10971	636.0	247.0
44856	10971	654.0	249.0
44868	10971	675.0	252.0
44880	10971	701.0	255.0
44892	10971	732.0	260.0
44904	10971	771.0	265.0
44916	10971	821.0	272.0
44928	10971	888.0	282.0
44940	10971	967.0	295.0
44748	10982	532.0	234.0
44760	10982	537.0	235.0
44772	10982	542.0	235.0
44784	10982	549.0	236.0
44796	10982	555.0	237.0
44808	10982	562.0	238.0
44820	10982	571.0	240.0
44832	10982	581.0	241.0
44844	10982	591.0	243.0
44856	10982	602.0	245.0
44868	10982	616.0	247.0
44880	10982	632.0	249.0
44892	10982	650.0	252.0
44904	10982	673.0	255.0
44916	10982	699.0	259.0
44928	10982	732.0	264.0
44940	10982	773.0	271.0
44952	10982	828.0	280.0
44964	10982	903.0	292.0
44976	10982	974.0	307.0
44784	10986	530.0	234.0
44796	10986	535.0	234.0
44808	10986	539.0	235.0
44820	10986	545.0	236.0
44832	10986	551.0	237.0
44844	10986	558.0	238.0
44856	10986	567.0	240.0
44868	10986	574.0	241.0
44880	10986	584.0	243.0
44892	10986	594.0	244.0
44904	10986	608.0	246.0
44916	10986	622.0	248.0
44928	10986	638.0	250.0
44940	10986	658.0	253.0
44952	10986	682.0	257.0
44964	10986	711.0	262.0
44976	10986	746.0	267.0
44988	10986	791.0	275.0
45000	10986	850.0	284.0
45012	10986	931.0	298.0
45024	10986	983.0	312.0
44868	11000	479.75	229.0
44880	11000	481.0	230.0
44892	11000	482.6666666666667	230.44444444444446
44904	11000	484.6666666666667	231.77777777777777
44916	11000	487.3636363636364	233.06060606060606
44928	11000	489.54545454545456	233.42424242424244
44940	11000	491.72727272727275	233.78787878787878
44952	11000	494.0	234.0
44964	11000	497.0	235.0
44976	11000	502.0	237.0
44988	11000	505.0	237.0
45000	11000	510.0	239.0
45012	11000	516.0	240.0
45024	11000	522.0	242.0
45036	11000	530.0	244.0
45048	11000	539.0	246.0
45060	11000	548.0	248.0
45072	11000	559.0	251.0
45084	11000	574.0	254.0
45096	11000	591.0	259.0
45108	11000	612.0	264.0
45120	11000	640.0	271.0
45132	11000	676.0	280.0
45144	11000	730.0	294.0
45156	11000	808.0	313.0
45168	11000	937.0	346.0
45180	11000	1008.0	396.0
44940	11011	531.0	235.0
44952	11011	534.0	234.0
44964	11011	538.0	235.0
44976	11011	543.0	235.0
44988	11011	549.0	237.0
45000	11011	556.0	238.0
45012	11011	563.0	239.0
45024	11011	571.0	240.0
45036	11011	580.0	242.0
45048	11011	590.0	244.0
45060	11011	602.0	245.0
45072	11011	617.0	247.0
45084	11011	634.0	250.0
45096	11011	654.0	253.0
45108	11011	677.0	257.0
45120	11011	706.0	261.0
45132	11011	743.0	267.0
45144	11011	789.0	274.0
45156	11011	852.0	285.0
45168	11011	934.0	297.0
45180	11011	966.0	269.0
45000	11020	461.0	232.0
45012	11020	461.0	232.0
45024	11020	463.0	233.0
45036	11020	464.0	234.0
45048	11020	466.0	234.0
45060	11020	468.0	236.0
45072	11020	470.0	235.0
45084	11020	473.0	236.0
45096	11020	475.0	238.0
45108	11020	478.0	239.0
45120	11020	481.0	240.0
45132	11020	486.0	242.0
45144	11020	491.0	244.0
45156	11020	495.0	246.0
45168	11020	501.0	247.0
45180	11020	507.0	250.0
45192	11020	515.0	253.0
45204	11020	525.0	257.0
45216	11020	537.0	261.0
45228	11020	553.0	267.0
45240	11020	571.0	275.0
45252	11020	598.0	284.0
45264	11020	633.0	298.0
45276	11020	687.0	317.0
45288	11020	775.0	350.0
45300	11020	942.0	411.0
45012	11022	492.0	234.0
45024	11022	496.0	235.0
45036	11022	498.0	235.0
45048	11022	503.0	235.0
45060	11022	508.0	237.0
45072	11022	512.0	238.0
45084	11022	517.0	238.0
45096	11022	524.0	240.0
45108	11022	530.0	242.0
45120	11022	537.0	244.0
45132	11022	546.0	246.0
45144	11022	556.0	248.0
45156	11022	567.0	251.0
45168	11022	582.0	255.0
45180	11022	600.0	259.0
45192	11022	621.0	264.0
45204	11022	649.0	271.0
45216	11022	687.0	280.0
45228	11022	740.0	294.0
45240	11022	819.0	314.0
45252	11022	952.0	346.0
45060	11032	486.0	232.0
45072	11032	487.75	232.375
45084	11032	491.0	234.0
45096	11032	494.0	234.0
45108	11032	497.0	235.0
45120	11032	502.0	236.0
45132	11032	506.0	238.0
45144	11032	510.0	239.0
45156	11032	518.0	240.0
45168	11032	524.0	242.0
45180	11032	532.0	244.0
45192	11032	541.0	246.0
45204	11032	551.0	248.0
45216	11032	566.0	252.0
45228	11032	582.0	256.0
45240	11032	601.0	261.0
45252	11032	627.0	268.0
45264	11032	663.0	276.0
45276	11032	712.0	288.0
45288	11032	784.0	305.0
45300	11032	903.0	319.0
45312	11032	972.0	317.0
45144	11061	467.0	234.0
45156	11061	470.0	235.0
45168	11061	470.0	236.0
45180	11061	473.0	238.0
45192	11061	476.0	238.0
45204	11061	480.0	238.0
45216	11061	484.0	240.0
45228	11061	487.0	242.0
45240	11061	490.0	243.0
45252	11061	496.0	244.0
45264	11061	501.0	246.0
45276	11061	508.0	249.0
45288	11061	515.0	252.0
45300	11061	523.0	255.0
45312	11061	532.0	259.0
45324	11061	545.0	263.0
45336	11061	560.0	269.0
45348	11061	579.0	276.0
45360	11061	604.0	286.0
45372	11061	642.0	299.0
45384	11061	696.0	320.0
45396	11061	786.0	354.0
45408	11061	956.0	422.0
45216	11089	465.22222222222223	233.0
45228	11089	467.0	234.0
45240	11089	468.0	235.0
45252	11089	470.0	236.0
45264	11089	473.0	236.0
45276	11089	475.0	237.0
45288	11089	479.0	238.0
45300	11089	481.0	239.0
45312	11089	485.0	240.0
45324	11089	490.0	242.0
45336	11089	494.0	243.0
45348	11089	499.0	245.0
45360	11089	505.0	247.0
45372	11089	511.0	249.0
45384	11089	519.0	252.0
45396	11089	529.0	255.0
45408	11089	541.0	258.0
45420	11089	554.0	263.0
45432	11089	570.0	269.0
45444	11089	592.0	276.0
45456	11089	620.0	286.0
45468	11089	659.0	299.0
45480	11089	718.0	320.0
45492	11089	812.0	353.0
45504	11089	971.0	416.0
45216	11090	533.0	232.0
45228	11090	537.1666666666666	232.16666666666666
45240	11090	539.9666666666667	232.56666666666666
45252	11090	542.7666666666667	232.96666666666667
45264	11090	547.0	234.0
45276	11090	555.0	235.0
45288	11090	562.0	236.0
45300	11090	572.0	237.5
45312	11090	581.0	238.0
45324	11090	591.0	240.0
45336	11090	604.0	242.0
45348	11090	617.0	243.0
45360	11090	632.0	246.0
45372	11090	650.0	248.0
45384	11090	673.0	251.0
45396	11090	700.0	254.0
45408	11090	733.0	260.0
45420	11090	775.0	265.0
45432	11090	827.0	272.0
45444	11090	901.0	283.0
45456	11090	974.0	296.0
45228	11094	511.5	233.5
45240	11094	515.0	234.0
45252	11094	518.0	235.0
45264	11094	523.0	235.0
45276	11094	527.0	236.0
45288	11094	533.0	237.0
45300	11094	538.0	238.0
45312	11094	544.0	240.0
45324	11094	550.0	240.0
45336	11094	556.0	240.0
45348	11094	565.0	240.0
45360	11094	578.0	245.0
45372	11094	588.0	247.0
45384	11094	602.0	250.0
45396	11094	618.0	253.0
45408	11094	637.0	257.0
45420	11094	659.0	261.0
45432	11094	688.0	266.0
45444	11094	724.0	273.0
45456	11094	771.0	282.0
45468	11094	835.0	294.0
45480	11094	928.0	311.0
45492	11094	989.0	337.0
45300	11120	496.0	231.0
45312	11120	500.0	232.0
45324	11120	503.0	232.0
45336	11120	507.0	233.0
45348	11120	510.0	234.0
45360	11120	515.0	235.0
45372	11120	518.0	235.0
45384	11120	523.0	235.0
45396	11120	528.0	235.0
45408	11120	533.0	234.0
45420	11120	539.5	234.5
45432	11120	548.0	239.0
45444	11120	557.0	241.0
45456	11120	567.0	244.0
45468	11120	578.0	246.0
45480	11120	590.0	248.0
45492	11120	604.0	251.0
45504	11120	622.0	254.0
45516	11120	644.0	258.0
45528	11120	669.0	262.0
45540	11120	701.0	268.0
45552	11120	742.0	275.0
45564	11120	796.0	285.0
45576	11120	872.0	299.0
45588	11120	970.0	319.0
45336	11139	456.0	230.0
45348	11139	457.0	230.0
45360	11139	457.0	229.0
45372	11139	457.0	230.0
45384	11139	459.0	231.0
45396	11139	460.0	231.0
45408	11139	461.45454545454544	231.72727272727272
45420	11139	463.0	232.0
45432	11139	464.0	232.0
45444	11139	465.0	233.0
45456	11139	465.0	234.0
45468	11139	467.0	234.0
45480	11139	468.0	235.0
45492	11139	471.0	235.0
45504	11139	473.0	237.0
45516	11139	475.0	238.0
45528	11139	478.0	238.0
45540	11139	481.0	240.0
45552	11139	485.0	242.0
45564	11139	490.0	243.0
45576	11139	495.0	244.0
45588	11139	501.0	247.0
45600	11139	507.0	249.0
45612	11139	515.0	252.0
45624	11139	525.0	255.0
45636	11139	535.0	259.0
45648	11139	548.0	263.0
45660	11139	563.0	269.0
45672	11139	582.0	277.0
45684	11139	610.0	286.0
45696	11139	648.0	300.0
45708	11139	703.0	321.0
45720	11139	796.0	355.0
45732	11139	963.0	421.0
45348	11140	479.8	229.8
45360	11140	482.0	231.0
45372	11140	484.5	231.0
45384	11140	487.0	232.0
45396	11140	490.0	233.0
45408	11140	493.0	234.0
45420	11140	496.0	234.0
45432	11140	500.0	236.0
45444	11140	505.0	237.0
45456	11140	511.0	237.0
45468	11140	516.0	238.0
45480	11140	523.0	241.0
45492	11140	531.0	243.0
45504	11140	540.0	245.0
45516	11140	550.0	247.0
45528	11140	563.0	250.0
45540	11140	579.0	254.0
45552	11140	599.0	259.0
45564	11140	623.0	265.0
45576	11140	658.0	273.0
45588	11140	705.0	285.0
45600	11140	778.0	302.0
45612	11140	899.0	332.0
45480	11167	490.0	234.0
45492	11167	492.0	234.0
45504	11167	497.0	235.0
45516	11167	500.0	235.0
45528	11167	505.0	237.0
45540	11167	509.0	238.0
45552	11167	515.0	238.0
45564	11167	521.0	240.0
45576	11167	527.0	242.0
45588	11167	534.0	243.0
45600	11167	542.0	245.0
45612	11167	550.0	247.0
45624	11167	562.0	249.0
45636	11167	573.0	252.0
45648	11167	588.0	255.0
45660	11167	606.0	259.0
45672	11167	627.0	264.0
45684	11167	654.0	270.0
45696	11167	689.0	279.0
45708	11167	737.0	290.0
45720	11167	808.0	307.0
45732	11167	888.5384615384615	310.15384615384613
45744	11167	964.0	325.0
45660	11215	461.0	232.0
45672	11215	463.0	232.0
45684	11215	464.0	232.0
45696	11215	465.0	233.0
45708	11215	467.0	234.0
45720	11215	468.0	234.0
45732	11215	470.0	235.0
45744	11215	472.0	236.0
45756	11215	475.0	237.0
45768	11215	477.0	238.0
45780	11215	480.0	240.0
45792	11215	484.0	241.0
45804	11215	487.0	243.0
45816	11215	491.0	244.0
45828	11215	496.0	246.0
45840	11215	503.0	248.0
45852	11215	509.0	250.0
45864	11215	518.0	254.0
45876	11215	528.0	258.0
45888	11215	538.0	262.0
45900	11215	555.0	268.0
45912	11215	574.0	274.0
45924	11215	600.0	284.0
45936	11215	638.0	298.0
45948	11215	693.0	319.0
45960	11215	787.0	353.0
45972	11215	961.0	419.0
45732	11224	522.0	232.5
45744	11224	528.0	234.0
45756	11224	532.0	234.0
45768	11224	537.0	235.0
45780	11224	543.0	236.0
45792	11224	550.0	237.0
45804	11224	558.0	238.0
45816	11224	564.0	239.0
45828	11224	573.0	241.0
45840	11224	585.0	243.0
45852	11224	596.0	244.0
45864	11224	610.0	246.0
45876	11224	625.0	248.0
45888	11224	641.0	251.0
45900	11224	663.0	254.0
45912	11224	690.0	258.0
45924	11224	722.0	263.0
45936	11224	761.0	269.0
45948	11224	813.0	277.0
45960	11224	883.0	289.0
45972	11224	967.0	303.0
45828	11260	465.0	232.0
45840	11260	466.0	232.5
45852	11260	467.0	233.0
45864	11260	468.0	235.0
45876	11260	472.0	235.0
45888	11260	474.0	236.0
45900	11260	476.0	237.0
45912	11260	479.0	237.0
45924	11260	483.0	238.0
45936	11260	485.0	240.0
45948	11260	490.0	241.0
45960	11260	494.0	243.0
45972	11260	499.0	244.0
45984	11260	504.0	246.0
45996	11260	511.0	248.0
46008	11260	518.0	251.0
46020	11260	527.0	254.0
46032	11260	539.0	258.0
46044	11260	552.0	262.0
46056	11260	567.0	267.0
46068	11260	588.0	274.0
46080	11260	616.0	284.0
46092	11260	655.0	298.0
46104	11260	713.0	318.0
46116	11260	810.0	351.0
46128	11260	972.0	413.0
45960	11314	467.0	234.0
45972	11314	467.0	235.0
45984	11314	470.0	235.0
45996	11314	473.0	237.0
46008	11314	476.0	237.0
46020	11314	479.0	239.0
46032	11314	482.0	240.0
46044	11314	486.0	242.0
46056	11314	491.0	243.0
46068	11314	497.0	245.0
46080	11314	502.0	247.0
46092	11314	510.0	250.0
46104	11314	517.0	252.0
46116	11314	527.0	256.0
46128	11314	539.0	261.0
46140	11314	554.0	266.0
46152	11314	572.0	273.0
46164	11314	598.0	282.0
46176	11314	634.0	296.0
46188	11314	690.0	316.0
46200	11314	782.0	350.0
46212	11314	958.0	416.0
45984	11318	445.0	226.0
45996	11318	445.0	226.0
46008	11318	444.22222222222223	226.0
46020	11318	444.8888888888889	226.0
46032	11318	446.0	227.0
46044	11318	448.0	227.0
46056	11318	448.0	227.0
46068	11318	448.0	227.0
46080	11318	448.0	227.0
46092	11318	448.6666666666667	227.33333333333334
46104	11318	449.6666666666667	227.83333333333334
46116	11318	450.0	228.0
46128	11318	451.0	228.0
46140	11318	452.0	229.0
46152	11318	453.0	230.0
46164	11318	454.0	229.0
46176	11318	455.8	229.8
46188	11318	457.0833333333333	232.0
46200	11318	458.0	232.0
46212	11318	459.52777777777777	232.30555555555554
46224	11318	461.19444444444446	232.63888888888889
46236	11318	462.8611111111111	232.97222222222223
46248	11318	464.0	234.0
46260	11318	468.0	235.0
46272	11318	469.0	236.0
46284	11318	471.0	236.0
46296	11318	474.0	237.0
46308	11318	477.0	238.0
46320	11318	482.0	239.0
46332	11318	487.0	240.0
46344	11318	492.0	242.0
46356	11318	498.0	244.0
46368	11318	506.0	246.0
46380	11318	514.0	248.0
46392	11318	524.0	250.0
46404	11318	536.0	254.0
46416	11318	550.0	257.0
46428	11318	568.0	262.0
46440	11318	588.0	268.0
46452	11318	616.0	275.0
46464	11318	652.0	285.0
46476	11318	704.0	298.0
46488	11318	782.0	320.0
46500	11318	910.0	353.0
46512	11318	1009.0	413.0
46152	11354	478.0	230.0
46164	11354	479.0	230.0
46176	11354	482.0	231.0
46188	11354	483.0	231.0
46200	11354	486.0	233.0
46212	11354	488.0	232.0
46224	11354	492.0	233.0
46236	11354	494.0	234.0
46248	11354	498.0	235.0
46260	11354	501.0	236.0
46272	11354	505.0	237.0
46284	11354	510.0	237.0
46296	11354	516.0	239.0
46308	11354	521.0	241.0
46320	11354	527.0	242.0
46332	11354	535.0	243.0
46344	11354	544.0	246.0
46356	11354	554.0	248.0
46368	11354	566.0	251.0
46380	11354	580.0	255.0
46392	11354	598.0	258.0
46404	11354	619.0	264.0
46416	11354	647.0	270.0
46428	11354	684.0	279.0
46440	11354	734.0	291.0
46452	11354	810.0	309.0
46464	11354	931.5	339.5
46476	11354	995.0	374.0
46368	11382	491.4	228.4
46380	11382	495.0	229.0
46392	11382	497.0	230.0
46404	11382	501.0	231.0
46416	11382	503.0	232.0
46428	11382	507.0	232.0
46440	11382	511.0	233.0
46452	11382	515.0	234.0
46464	11382	519.0	235.0
46476	11382	522.0	235.0
46488	11382	528.0	236.0
46500	11382	535.0	237.0
46512	11382	542.0	239.0
46524	11382	549.0	240.0
46536	11382	557.0	242.0
46548	11382	567.0	244.0
46560	11382	578.0	246.0
46572	11382	592.0	249.0
46584	11382	606.0	251.0
46596	11382	624.0	255.0
46608	11382	647.0	259.0
46620	11382	674.0	264.0
46632	11382	711.0	271.0
46644	11382	759.0	280.0
46656	11382	824.0	292.0
46668	11382	920.0	310.0
46680	11382	978.0	332.0
46692	11382	986.0	331.0
46704	11382	984.0	323.0
46716	11382	1001.0	343.0
46500	11418	476.0	230.0
46512	11418	478.0	230.0
46524	11418	480.0	230.0
46536	11418	482.0	232.0
46548	11418	485.0	232.0
46560	11418	487.0	233.0
46572	11418	490.0	235.0
46584	11418	492.0	235.0
46596	11418	497.0	236.0
46608	11418	501.0	237.0
46620	11418	506.0	238.0
46632	11418	512.0	240.0
46644	11418	519.0	241.0
46656	11418	525.0	243.0
46668	11418	533.0	245.0
46680	11418	542.0	248.0
46692	11418	554.0	251.0
46704	11418	569.0	254.0
46716	11418	586.0	259.0
46728	11418	609.0	265.0
46740	11418	638.0	272.0
46752	11418	680.0	282.0
46764	11418	738.0	298.0
46776	11418	831.0	322.0
46788	11418	975.0	365.0
46596	11435	452.0	229.0
46608	11435	451.875	228.5625
46620	11435	453.0	228.0
46632	11435	454.0	228.0
46644	11435	455.375	228.6875
46656	11435	456.875	229.4375
46668	11435	458.0	230.0
46680	11435	458.6666666666667	229.66666666666666
46692	11435	460.0	232.0
46704	11435	461.1111111111111	232.0
46716	11435	462.44444444444446	232.0
46728	11435	464.55555555555554	232.0
46740	11435	465.0	233.0
46752	11435	468.0	235.0
46764	11435	469.0	235.0
46776	11435	472.0	235.0
46788	11435	474.0	237.0
46800	11435	478.0	238.0
46812	11435	482.0	238.0
46824	11435	485.0	240.0
46836	11435	488.0	242.0
46848	11435	494.0	244.0
46860	11435	501.0	246.0
46872	11435	508.0	249.0
46884	11435	516.0	251.0
46896	11435	527.0	255.0
46908	11435	540.0	259.0
46920	11435	555.0	264.0
46932	11435	574.0	272.0
46944	11435	600.0	281.0
46956	11435	640.0	295.0
46968	11435	696.0	316.0
46980	11435	800.0	353.0
46992	11435	980.0	431.0
46668	11454	484.0	233.0
46680	11454	485.8	233.8
46692	11454	488.0	235.0
46704	11454	492.0	235.0
46716	11454	496.0	236.0
46728	11454	499.0	237.0
46740	11454	503.0	238.0
46752	11454	509.0	240.0
46764	11454	516.0	242.0
46776	11454	523.0	245.0
46788	11454	532.0	247.0
46800	11454	543.0	250.0
46812	11454	557.0	253.0
46824	11454	573.0	257.0
46836	11454	594.0	263.0
46848	11454	621.0	271.0
46860	11454	658.0	281.0
46872	11454	714.0	296.0
46884	11454	803.0	322.0
46896	11454	961.0	370.0
46728	11473	477.0	231.0
46740	11473	478.0	231.0
46752	11473	480.0	232.0
46764	11473	484.0	232.0
46776	11473	486.0	233.0
46788	11473	489.0	234.0
46800	11473	493.0	235.0
46812	11473	496.0	235.0
46824	11473	500.0	236.0
46836	11473	505.0	238.0
46848	11473	510.0	239.0
46860	11473	517.0	241.0
46872	11473	524.0	242.0
46884	11473	533.0	245.0
46896	11473	543.0	248.0
46908	11473	555.0	250.0
46920	11473	569.0	254.0
46932	11473	589.0	259.0
46944	11473	612.0	265.0
46956	11473	644.0	273.0
46968	11473	681.0	271.0
46980	11473	740.0	274.0
46992	11473	856.0	314.0
47004	11473	1010.0	389.0
46896	11533	495.0	231.0
46908	11533	497.6470588235294	231.0
46920	11533	500.0	232.0
46932	11533	503.4117647058824	232.47058823529412
46944	11533	507.6470588235294	233.88235294117646
46956	11533	511.5	234.0
46968	11533	516.0	235.0
46980	11533	520.0	236.0
46992	11533	526.0	237.0
47004	11533	532.0	237.0
47016	11533	539.0	239.0
47028	11533	547.0	240.0
47040	11533	556.0	242.0
47052	11533	567.0	244.0
47064	11533	578.0	246.0
47076	11533	593.0	248.0
47088	11533	610.0	252.0
47100	11533	632.0	255.0
47112	11533	658.0	260.0
47124	11533	690.0	265.0
47136	11533	734.0	273.0
47148	11533	792.0	284.0
47160	11533	874.0	300.0
47172	11533	975.0	323.0
47040	11574	468.0	234.0
47052	11574	469.0	234.0
47064	11574	473.0	236.0
47076	11574	478.0	237.0
47088	11574	481.0	238.0
47100	11574	486.0	238.0
47112	11574	490.0	241.0
47124	11574	496.0	242.0
47136	11574	502.0	244.0
47148	11574	509.0	246.0
47160	11574	518.0	249.0
47172	11574	526.0	252.0
47184	11574	539.0	256.0
47196	11574	552.0	260.0
47208	11574	568.0	266.0
47220	11574	592.0	274.0
47232	11574	623.0	284.0
47244	11574	671.0	300.0
47256	11574	744.0	325.0
47268	11574	884.0	372.0
47280	11574	1025.0	471.0
47388	11669	466.34615384615387	232.3846153846154
47400	11669	469.5769230769231	233.30769230769232
47412	11669	471.0	235.0
47424	11669	474.5	235.0
47436	11669	479.0	236.0
47448	11669	483.0	237.0
47460	11669	488.0	238.0
47472	11669	492.0	239.0
47484	11669	498.0	241.0
47496	11669	505.0	242.0
47508	11669	512.0	244.0
47520	11669	521.0	246.0
47532	11669	531.0	248.0
47544	11669	542.0	250.0
47556	11669	555.0	254.0
47568	11669	571.0	258.0
47580	11669	591.0	262.0
47592	11669	615.0	268.0
47604	11669	647.0	276.0
47616	11669	691.0	287.0
47628	11669	753.0	304.0
47640	11669	851.0	329.0
47652	11669	982.0	374.0
47520	11701	470.35714285714283	228.0
47532	11701	471.0	229.0
47544	11701	472.8181818181818	229.0
47556	11701	474.6363636363636	229.0
47568	11701	477.2	229.0
47580	11701	479.0	231.0
47592	11701	481.0	230.0
47604	11701	484.6923076923077	230.92307692307693
47616	11701	486.0	232.0
47628	11701	488.0	232.0
47640	11701	491.0	235.0
47652	11701	493.0	234.0
47664	11701	497.0	235.0
47676	11701	501.0	236.0
47688	11701	505.0	237.0
47700	11701	510.0	238.0
47712	11701	516.0	240.0
47724	11701	522.0	241.0
47736	11701	530.0	243.0
47748	11701	538.0	245.0
47760	11701	548.0	248.0
47772	11701	559.0	250.0
47784	11701	572.0	253.0
47796	11701	588.0	257.0
47808	11701	610.0	262.0
47820	11701	636.0	269.0
47832	11701	670.0	277.0
47844	11701	716.0	288.0
47856	11701	784.0	305.0
47868	11701	890.0	331.0
47880	11701	997.0	380.0
47616	11729	527.0	231.0
47628	11729	532.3333333333334	231.66666666666666
47640	11729	537.0	233.0
47652	11729	542.0	233.0
47664	11729	546.0	234.0
47676	11729	553.0	235.0
47688	11729	558.0	235.0
47700	11729	566.0	236.0
47712	11729	575.0	238.0
47724	11729	584.0	239.0
47736	11729	595.0	240.0
47748	11729	606.0	242.0
47760	11729	619.0	244.0
47772	11729	635.0	246.0
47784	11729	653.0	249.0
47796	11729	675.0	252.0
47808	11729	700.0	255.0
47820	11729	731.0	260.0
47832	11729	770.0	265.0
47844	11729	820.0	272.0
47856	11729	888.0	282.0
47868	11729	968.0	295.0
47940	11820	468.0	230.0
47952	11820	469.2903225806452	230.19354838709677
47964	11820	470.4516129032258	230.96774193548387
47976	11820	471.61290322580646	231.74193548387098
47988	11820	472.0	232.0
48000	11820	472.57142857142856	232.0
48012	11820	474.0	234.0
48024	11820	475.0	235.0
48036	11820	476.0	235.0
48048	11820	477.0	236.0
48060	11820	480.0	237.0
48072	11820	482.0	238.0
48084	11820	486.0	239.0
48096	11820	490.0	241.0
48108	11820	495.0	243.0
48120	11820	499.0	245.0
48132	11820	505.0	247.0
48144	11820	513.0	249.0
48156	11820	524.0	253.0
48168	11820	535.0	257.0
48180	11820	550.0	262.0
48192	11820	569.0	270.0
48204	11820	595.0	280.0
48216	11820	634.0	294.0
48228	11820	693.0	316.0
48240	11820	803.0	357.0
48252	11820	991.0	448.0
48012	11845	497.0	230.0
48024	11845	500.0	231.0
48036	11845	503.0	232.0
48048	11845	507.0	232.0
48060	11845	511.0	233.0
48072	11845	516.0	234.0
48084	11845	522.0	235.0
48096	11845	526.0	236.0
48108	11845	532.0	236.0
48120	11845	539.0	238.0
48132	11845	546.0	239.0
48144	11845	555.0	241.0
48156	11845	564.0	242.0
48168	11845	576.0	244.0
48180	11845	588.0	246.0
48192	11845	603.0	249.0
48204	11845	619.0	253.0
48216	11845	641.0	255.0
48228	11845	660.0	251.0
48240	11845	701.0	263.0
48252	11845	744.0	275.0
48264	11845	803.0	286.0
48276	11845	886.0	302.0
48288	11845	974.0	326.0
48300	11845	978.0	327.0
48312	11845	983.0	330.0
48324	11845	993.0	332.0
48264	11901	496.22727272727275	231.0
48276	11901	501.1363636363636	231.0
48288	11901	504.8	232.0
48300	11901	507.5	232.0
48312	11901	512.0	234.0
48324	11901	517.0	235.0
48336	11901	520.0	235.0
48348	11901	526.0	236.0
48360	11901	530.0	237.0
48372	11901	536.0	238.0
48384	11901	543.0	240.0
48396	11901	551.0	241.0
48408	11901	559.0	244.0
48420	11901	569.0	245.0
48432	11901	582.0	247.0
48444	11901	596.0	250.0
48456	11901	613.0	253.0
48468	11901	633.0	257.0
48480	11901	659.0	262.0
48492	11901	691.0	268.0
48504	11901	735.0	276.0
48516	11901	794.0	287.0
48528	11901	879.0	304.0
48540	11901	976.0	328.0
48360	11939	471.0	229.0
48372	11939	472.55555555555554	229.44444444444446
48384	11939	473.75	229.875
48396	11939	477.0	231.0
48408	11939	479.0	231.0
48420	11939	481.0	231.0
48432	11939	483.0	232.0
48444	11939	486.0	233.0
48456	11939	489.0	234.0
48468	11939	492.0	235.0
48480	11939	496.0	235.0
48492	11939	500.0	237.0
48504	11939	504.0	237.0
48516	11939	509.0	239.0
48528	11939	515.0	240.0
48540	11939	521.0	242.0
48552	11939	528.0	244.0
48564	11939	538.0	246.0
48576	11939	548.0	249.0
48588	11939	561.0	252.0
48600	11939	577.0	256.0
48612	11939	597.0	261.0
48624	11939	622.0	267.0
48636	11939	657.0	276.0
48648	11939	705.0	287.0
48660	11939	779.0	305.0
48672	11939	902.0	336.0
48684	11939	1003.0	386.0
48504	11960	477.0	231.0
48516	11960	480.0	231.0
48528	11960	482.0	231.0
48540	11960	485.0	232.0
48552	11960	487.0	233.0
48564	11960	490.0	234.0
48576	11960	493.0	234.0
48588	11960	497.0	235.0
48600	11960	502.0	235.0
48612	11960	505.0	237.0
48624	11960	510.0	238.0
48636	11960	517.0	240.0
48648	11960	523.0	241.0
48660	11960	531.0	243.0
48672	11960	540.0	245.0
48684	11960	549.0	248.0
48696	11960	561.0	250.0
48708	11960	576.0	254.0
48720	11960	594.0	258.0
48732	11960	616.0	262.0
48744	11960	645.0	269.0
48756	11960	684.0	278.0
48768	11960	739.0	291.0
48780	11960	819.0	312.0
48792	11960	952.0	344.0
48816	12022	439.0	227.0
48828	12022	440.0	227.0
48840	12022	442.0	226.0
48852	12022	443.0	227.0
48864	12022	443.0	228.0
48876	12022	444.0	229.0
48888	12022	446.0	228.0
48900	12022	448.0	229.0
48912	12022	449.0	230.0
48924	12022	449.0	230.0
48936	12022	451.0	230.0
48948	12022	454.0	232.0
48960	12022	455.0	232.0
48972	12022	457.0	232.0
48984	12022	460.0	233.0
48996	12022	462.0	233.0
49008	12022	463.0	234.0
49020	12022	466.0	235.0
49032	12022	469.0	236.0
49044	12022	472.0	236.0
49056	12022	476.0	237.0
49068	12022	480.0	239.0
49080	12022	484.0	240.0
49092	12022	489.0	241.0
49104	12022	493.0	243.0
49116	12022	501.0	246.0
49128	12022	511.0	248.0
49140	12022	520.0	252.0
49152	12022	530.0	255.0
49164	12022	543.0	260.0
49176	12022	560.0	265.0
49188	12022	583.0	273.0
49200	12022	614.0	284.0
49212	12022	657.0	298.0
49224	12022	727.0	323.0
49236	12022	853.0	367.0
49248	12022	1014.0	470.0
49032	12065	519.5	232.0
49044	12065	523.7	233.0
49056	12065	528.0	234.0
49068	12065	533.0	235.0
49080	12065	539.0	235.0
49092	12065	545.0	235.0
49104	12065	551.0	237.0
49116	12065	559.0	238.0
49128	12065	567.0	240.0
49140	12065	577.0	242.0
49152	12065	587.0	243.0
49164	12065	600.0	244.0
49176	12065	615.0	247.0
49188	12065	633.0	249.0
49200	12065	653.0	253.0
49212	12065	679.0	256.0
49224	12065	708.0	261.0
49236	12065	750.0	261.0
49248	12065	802.0	276.0
49260	12065	869.0	286.0
49272	12065	963.0	302.0
49116	12073	481.0	231.0
49128	12073	484.0	232.0
49140	12073	486.3333333333333	232.0
49152	12073	488.0	233.0
49164	12073	491.0	234.0
49176	12073	494.0	235.0
49188	12073	498.0	236.0
49200	12073	503.0	237.0
49212	12073	509.0	238.0
49224	12073	515.0	239.0
49236	12073	520.0	240.0
49248	12073	527.0	242.0
49260	12073	535.0	244.0
49272	12073	545.0	247.0
49284	12073	555.0	249.0
49296	12073	568.0	252.0
49308	12073	586.0	256.0
49320	12073	605.0	261.0
49332	12073	631.0	268.0
49344	12073	666.0	276.0
49356	12073	715.0	288.0
49368	12073	787.0	306.0
49380	12073	906.0	335.0
49392	12073	998.0	377.0
49308	12107	534.0	232.0
49320	12107	537.0	233.0
49332	12107	543.0	234.0
49344	12107	548.0	235.0
49356	12107	553.0	235.0
49368	12107	559.3333333333334	236.33333333333334
49380	12107	564.0	236.0
49392	12107	575.0	238.0
49404	12107	583.0	239.0
49416	12107	590.0	240.0
49428	12107	601.0	242.0
49440	12107	613.0	244.0
49452	12107	626.0	246.0
49464	12107	642.0	247.0
49476	12107	660.0	250.0
49488	12107	682.0	253.0
49500	12107	708.0	256.0
49512	12107	738.0	261.0
49524	12107	777.0	266.0
49536	12107	826.0	274.0
49548	12107	889.0	282.0
49560	12107	966.0	295.0
49392	12138	492.0	230.0
49404	12138	496.0	231.0
49416	12138	499.3333333333333	231.0
49428	12138	502.0	232.0
49440	12138	504.6	232.0
49452	12138	508.0	233.0
49464	12138	513.0	234.0
49476	12138	517.0	234.0
49488	12138	521.0	235.0
49500	12138	527.0	236.0
49512	12138	534.0	238.0
49524	12138	539.0	238.0
49536	12138	547.0	240.0
49548	12138	556.0	241.0
49560	12138	565.0	244.0
49572	12138	577.0	246.0
49584	12138	590.0	248.0
49596	12138	605.0	251.0
49608	12138	622.0	254.0
49620	12138	645.0	258.0
49632	12138	672.0	263.0
49644	12138	707.0	269.0
49656	12138	753.0	277.0
49668	12138	817.0	289.0
49680	12138	909.0	307.0
49692	12138	987.0	333.0
49392	12139	537.0	233.0
49404	12139	542.0	233.5
49416	12139	547.0	234.0
49428	12139	552.0	235.0
49440	12139	557.75	235.25
49452	12139	564.0	236.0
49464	12139	574.0	238.0
49476	12139	582.0	239.0
49488	12139	590.0	239.0
49500	12139	601.0	241.0
49512	12139	611.0	243.0
49524	12139	625.0	244.0
49536	12139	640.0	247.0
49548	12139	659.4	247.8
49560	12139	677.9032258064516	250.3548387096774
49572	12139	695.7096774193549	253.06451612903226
49584	12139	713.516129032258	255.7741935483871
49596	12139	755.0	262.0
49608	12139	799.0	268.0
49620	12139	859.0	277.0
49632	12139	949.0	291.0
49416	12148	464.0	228.0
49428	12148	464.6363636363636	227.36363636363637
49440	12148	465.8888888888889	227.0
49452	12148	467.0	228.0
49464	12148	468.0	229.0
49476	12148	470.0	230.0
49488	12148	472.61538461538464	230.26923076923077
49500	12148	475.38461538461536	230.73076923076923
49512	12148	477.0	231.0
49524	12148	479.0	231.0
49536	12148	482.0	232.0
49548	12148	484.0	233.4
49560	12148	487.3333333333333	234.66666666666666
49572	12148	491.0	235.0
49584	12148	494.0	235.0
49596	12148	498.0	237.0
49608	12148	502.0	238.0
49620	12148	507.0	239.0
49632	12148	514.0	240.0
49644	12148	521.0	242.0
49656	12148	527.0	245.0
49668	12148	536.0	247.0
49680	12148	547.0	249.0
49692	12148	561.0	253.0
49704	12148	578.0	257.0
49716	12148	599.0	262.0
49728	12148	626.0	269.0
49740	12148	663.0	278.0
49752	12148	716.0	292.0
49764	12148	796.0	313.0
49776	12148	934.0	348.0
49524	12181	502.85714285714283	233.0
49536	12181	507.0	233.0
49548	12181	509.0	234.0
49560	12181	515.0	234.0
49572	12181	519.0	236.0
49584	12181	523.0	236.0
49596	12181	529.0	237.0
49608	12181	535.0	238.0
49620	12181	541.0	239.0
49632	12181	548.0	240.0
49644	12181	557.0	242.0
49656	12181	565.0	244.0
49668	12181	576.0	245.0
49680	12181	589.0	247.0
49692	12181	603.0	250.0
49704	12181	620.0	253.0
49716	12181	641.0	256.0
49728	12181	666.0	261.0
49740	12181	698.0	266.0
49752	12181	737.0	274.0
49764	12181	780.0	270.0
49776	12181	844.0	287.0
49788	12181	960.0	315.0
49668	12223	515.5	232.25
49680	12223	520.25	232.0
49692	12223	523.0	232.42857142857142
49704	12223	527.0	233.0
49716	12223	535.0	234.0
49728	12223	549.0	235.0
49740	12223	550.0	236.0
49752	12223	557.0	237.0
49764	12223	565.0	239.0
49776	12223	574.0	241.0
49788	12223	585.0	243.0
49800	12223	599.0	244.0
49812	12223	615.0	247.0
49824	12223	634.0	250.0
49836	12223	657.0	253.0
49848	12223	685.0	257.0
49860	12223	721.0	264.0
49872	12223	767.0	270.0
49884	12223	830.0	280.0
49896	12223	918.0	296.0
49908	12223	985.0	313.0
49692	12231	490.0	230.0
49704	12231	493.25	231.0
49716	12231	496.0	231.0
49728	12231	498.3333333333333	231.66666666666666
49740	12231	503.0	233.0
49752	12231	507.0	233.0
49764	12231	511.0	235.0
49776	12231	516.0	235.0
49788	12231	521.0	236.0
49800	12231	528.0	237.0
49812	12231	535.0	238.0
49824	12231	542.25	239.75
49836	12231	548.625	239.125
49848	12231	560.0	242.0
49860	12231	574.0	246.0
49872	12231	588.0	249.0
49884	12231	606.0	252.0
49896	12231	627.0	256.0
49908	12231	655.0	261.0
49920	12231	689.0	267.0
49932	12231	737.0	276.0
49944	12231	803.0	289.0
49956	12231	905.0	308.0
49968	12231	992.0	340.0
49800	12277	477.5	230.0
49812	12277	481.0	230.0
49824	12277	482.0	232.0
49836	12277	485.0	232.0
49848	12277	487.0	234.0
49860	12277	492.0	235.0
49872	12277	494.0	235.0
49884	12277	498.0	236.0
49896	12277	502.0	237.0
49908	12277	507.0	238.0
49920	12277	511.0	240.0
49932	12277	519.0	241.0
49944	12277	526.0	243.0
49956	12277	534.0	245.0
49968	12277	545.0	248.0
49980	12277	557.0	251.0
49992	12277	572.0	254.0
50004	12277	590.0	259.0
50016	12277	614.0	265.0
50028	12277	646.0	273.0
50040	12277	690.0	284.0
50052	12277	756.0	301.0
50064	12277	862.0	328.0
50076	12277	992.0	379.0
49944	12315	479.0	231.0
49956	12315	481.0	230.0
49968	12315	484.0	231.0
49980	12315	485.9230769230769	232.0
49992	12315	489.0	234.0
50004	12315	492.0	234.0
50016	12315	496.0	234.0
50028	12315	499.0	235.0
50040	12315	503.0	237.0
50052	12315	508.0	238.0
50064	12315	514.0	239.0
50076	12315	520.0	240.0
50088	12315	526.0	241.0
50100	12315	534.0	244.0
50112	12315	542.0	247.0
50124	12315	552.0	249.0
50136	12315	564.0	251.0
50148	12315	578.0	255.0
50160	12315	596.0	259.0
50172	12315	617.0	264.0
50184	12315	646.0	271.0
50196	12315	682.0	280.0
50208	12315	734.0	293.0
50220	12315	811.0	312.0
50232	12315	934.0	343.0
50244	12315	1004.0	382.0
50016	12331	477.0	231.0
50028	12331	480.0	230.0
50040	12331	481.6666666666667	230.66666666666666
50052	12331	485.0	233.0
50064	12331	486.0	233.0
50076	12331	490.0	235.0
50088	12331	493.0	234.0
50100	12331	497.0	236.0
50112	12331	502.0	237.0
50124	12331	507.0	237.0
50136	12331	512.0	239.0
50148	12331	518.0	240.0
50160	12331	524.0	242.0
50172	12331	532.0	244.0
50184	12331	541.0	247.0
50196	12331	551.0	249.0
50208	12331	564.0	251.0
50220	12331	578.0	255.0
50232	12331	596.0	259.0
50244	12331	620.0	266.0
50256	12331	650.0	273.0
50268	12331	692.0	283.0
50280	12331	751.0	298.0
50292	12331	842.0	321.0
50304	12331	974.0	360.0
50088	12340	470.0	230.0
50100	12340	472.0	229.0
50112	12340	473.75	229.58333333333334
50124	12340	476.0	231.0
50136	12340	478.0	230.0
50148	12340	480.0625	230.6875
50160	12340	482.0	232.0
50172	12340	484.54545454545456	232.1818181818182
50184	12340	488.0	234.0
50196	12340	491.0	235.0
50208	12340	495.0	236.0
50220	12340	498.0	236.0
50232	12340	502.0	237.0
50244	12340	508.0	239.0
50256	12340	513.0	240.0
50268	12340	518.0	242.0
50280	12340	526.0	244.0
50292	12340	534.0	245.0
50304	12340	543.0	249.0
50316	12340	555.0	251.0
50328	12340	570.0	255.0
50340	12340	586.0	259.0
50352	12340	609.0	265.0
50364	12340	638.0	272.0
50376	12340	678.0	283.0
50388	12340	738.0	299.0
50400	12340	833.0	324.0
50412	12340	978.0	371.0
50436	12450	478.0	230.0
50448	12450	480.0	230.0
50460	12450	482.0	231.0
50472	12450	485.0	232.0
50484	12450	488.54545454545456	233.63636363636363
50496	12450	491.0	234.0
50508	12450	495.0	234.0
50520	12450	498.0	235.0
50532	12450	503.0	237.0
50544	12450	508.0	237.0
50556	12450	514.0	238.0
50568	12450	520.0	240.0
50580	12450	528.0	242.0
50592	12450	536.0	244.0
50604	12450	546.0	247.0
50616	12450	557.0	249.0
50628	12450	572.0	253.0
50640	12450	590.0	257.0
50652	12450	611.0	262.0
50664	12450	641.0	270.0
50676	12450	683.0	280.0
50688	12450	742.0	295.0
50700	12450	836.0	319.0
50712	12450	976.0	360.0
50520	12467	457.0	230.0
50532	12467	458.0	230.0
50544	12467	458.0	231.0
50556	12467	461.0	232.0
50568	12467	463.0	232.0
50580	12467	463.0	232.0
50592	12467	465.0	234.0
50604	12467	466.0	234.0
50616	12467	468.0	236.0
50628	12467	471.0	235.0
50640	12467	474.0	236.0
50652	12467	475.0	237.0
50664	12467	478.0	238.0
50676	12467	481.0	239.0
50688	12467	484.0	240.0
50700	12467	487.0	242.0
50712	12467	491.0	243.0
50724	12467	496.0	245.0
50736	12467	501.0	247.0
50748	12467	508.0	249.0
50760	12467	514.0	252.0
50772	12467	524.0	255.0
50784	12467	533.0	258.0
50796	12467	545.0	262.0
50808	12467	560.0	268.0
50820	12467	579.0	275.0
50832	12467	602.0	284.0
50844	12467	635.0	296.0
50856	12467	682.0	313.0
50868	12467	753.0	339.0
50880	12467	878.0	384.0
50892	12467	1010.0	479.0
50628	12486	515.0	235.0
50640	12486	517.0	235.0
50652	12486	521.0	236.0
50664	12486	526.0	237.0
50676	12486	531.0	237.0
50688	12486	536.0	238.0
50700	12486	542.0	240.0
50712	12486	550.0	241.0
50724	12486	558.0	243.0
50736	12486	567.0	244.0
50748	12486	577.0	246.0
50760	12486	589.0	248.0
50772	12486	601.0	250.0
50784	12486	619.0	253.0
50796	12486	638.0	257.0
50808	12486	661.0	261.0
50820	12486	691.0	266.0
50832	12486	728.0	274.0
50844	12486	778.0	283.0
50856	12486	845.0	295.0
50868	12486	943.0	313.0
50772	12531	488.0	230.0
50784	12531	491.2916666666667	230.0
50796	12531	493.7916666666667	230.0
50808	12531	496.2	231.06666666666666
50820	12531	498.6	231.86666666666667
50832	12531	501.45454545454544	232.8181818181818
50844	12531	505.0	233.0
50856	12531	508.0	234.0
50868	12531	511.0	234.0
50880	12531	516.0	235.0
50892	12531	519.0	236.0
50904	12531	524.0	237.0
50916	12531	530.0	237.0
50928	12531	536.0	238.0
50940	12531	542.0	240.0
50952	12531	551.0	241.0
50964	12531	558.0	243.0
50976	12531	568.0	245.0
50988	12531	579.0	247.0
51000	12531	591.0	248.0
51012	12531	606.0	251.0
51024	12531	623.0	254.0
51036	12531	643.0	258.0
51048	12531	669.0	262.0
51060	12531	701.0	268.0
51072	12531	741.0	276.0
51084	12531	796.0	286.0
51096	12531	871.0	300.0
51108	12531	967.0	320.0
50808	12536	453.0	228.0
50820	12536	454.0	229.0
50832	12536	455.28205128205127	229.25641025641025
50844	12536	456.8205128205128	229.56410256410257
50856	12536	458.35897435897436	229.87179487179486
50868	12536	459.0	231.0
50880	12536	461.0	231.0
50892	12536	462.0	232.0
50904	12536	465.0	232.0
50916	12536	466.0	233.0
50928	12536	468.0	234.0
50940	12536	470.0	234.0
50952	12536	472.0	235.0
50964	12536	475.0	236.0
50976	12536	479.0	237.0
50988	12536	482.0	238.0
51000	12536	487.0	240.0
51012	12536	491.0	241.0
51024	12536	495.0	243.0
51036	12536	501.0	245.0
51048	12536	508.0	247.0
51060	12536	516.0	250.0
51072	12536	525.0	253.0
51084	12536	536.0	257.0
51096	12536	550.0	262.0
51108	12536	569.0	268.0
51120	12536	592.0	276.0
51132	12536	623.0	288.0
51144	12536	670.0	305.0
51156	12536	743.0	331.0
51168	12536	875.0	377.0
51180	12536	1018.0	484.0
51012	12579	467.0	234.0
51024	12579	468.0	235.0
51036	12579	468.0	236.0
51048	12579	472.0	236.0
51060	12579	473.0	237.0
51072	12579	478.0	238.0
51084	12579	481.0	239.0
51096	12579	484.0	241.0
51108	12579	488.0	242.0
51120	12579	494.0	244.0
51132	12579	499.0	246.0
51144	12579	505.0	249.0
51156	12579	513.0	251.0
51168	12579	524.0	255.0
51180	12579	534.0	259.0
51192	12579	548.0	264.0
51204	12579	566.0	271.0
51216	12579	590.0	280.0
51228	12579	624.0	293.0
51240	12579	675.0	311.0
51252	12579	760.0	342.0
51264	12579	927.0	402.0
51276	12579	1022.0	502.0
51048	12582	445.05	226.05
51060	12582	445.35	226.35
51072	12582	445.65	226.65
51084	12582	445.95	226.95
51096	12582	446.0	227.0
51108	12582	448.0	226.0
51120	12582	448.0	227.0
51132	12582	447.8888888888889	227.88888888888889
51144	12582	447.0	227.0
51156	12582	448.4166666666667	228.0
51168	12582	449.0	228.0
51180	12582	450.0	228.0
51192	12582	451.0	229.0
51204	12582	453.0	229.0
51216	12582	452.0	230.0
51228	12582	453.0	230.0
51240	12582	454.95238095238096	231.0
51252	12582	457.23809523809524	231.0
51264	12582	457.0	231.5
51276	12582	459.0	233.0
51288	12582	461.0	233.0
51300	12582	463.0	234.0
51312	12582	464.0	234.0
51324	12582	466.0	235.0
51336	12582	468.0	236.0
51348	12582	472.0	237.0
51360	12582	474.0	238.0
51372	12582	477.0	239.0
51384	12582	481.0	241.0
51396	12582	485.0	243.0
51408	12582	490.0	245.0
51420	12582	495.0	246.0
51432	12582	502.0	249.0
51444	12582	510.0	252.0
51456	12582	518.0	255.0
51468	12582	531.0	260.0
51480	12582	545.0	265.0
51492	12582	563.0	272.0
51504	12582	589.0	281.0
51516	12582	623.0	294.0
51528	12582	677.0	313.0
51540	12582	765.0	346.0
51552	12582	938.0	409.0
51084	12585	464.0	232.0
51096	12585	464.0	232.0
51108	12585	466.0	234.0
51120	12585	468.0	235.0
51132	12585	471.0	235.0
51144	12585	474.0	237.0
51156	12585	477.0	237.0
51168	12585	481.0	238.0
51180	12585	486.0	240.0
51192	12585	490.0	242.0
51204	12585	496.0	244.0
51216	12585	501.0	246.0
51228	12585	508.0	249.0
51240	12585	516.0	252.0
51252	12585	527.0	255.0
51264	12585	538.0	260.0
51276	12585	553.0	265.0
51288	12585	574.0	274.0
51300	12585	602.0	284.0
51312	12585	643.0	299.0
51324	12585	709.0	325.0
51336	12585	831.0	370.0
51348	12585	1009.0	481.0
51240	12617	486.0	233.0
51252	12617	487.2	233.6
51264	12617	490.0	235.0
51276	12617	492.0	235.0
51288	12617	496.0	236.0
51300	12617	499.0	235.0
51312	12617	503.0	237.0
51324	12617	509.0	239.0
51336	12617	515.0	240.0
51348	12617	521.0	241.0
51360	12617	528.0	243.0
51372	12617	535.0	245.0
51384	12617	544.0	248.0
51396	12617	556.0	250.0
51408	12617	569.0	253.0
51420	12617	585.0	257.0
51432	12617	603.0	261.0
51444	12617	629.0	267.0
51456	12617	661.0	274.0
51468	12617	706.0	285.0
51480	12617	766.0	300.0
51492	12617	859.0	322.0
51504	12617	980.0	361.0
51432	12670	481.0	231.0
51444	12670	484.0	232.0
51456	12670	485.1666666666667	233.0
51468	12670	488.0	233.0
51480	12670	492.0	234.0
51492	12670	494.0	235.0
51504	12670	497.0	236.0
51516	12670	502.0	237.0
51528	12670	507.0	238.0
51540	12670	512.0	240.0
51552	12670	519.0	242.0
51564	12670	526.0	243.0
51576	12670	533.0	246.0
51588	12670	542.0	248.0
51600	12670	554.0	251.0
51612	12670	568.0	254.0
51624	12670	585.0	259.0
51636	12670	608.0	265.0
51648	12670	637.0	273.0
51660	12670	679.0	283.0
51672	12670	738.0	298.0
51684	12670	833.0	323.0
51696	12670	974.0	366.0
51504	12693	512.1111111111111	234.22222222222223
51516	12693	515.4444444444445	234.88888888888889
51528	12693	521.0	235.0
51540	12693	526.0	237.0
51552	12693	531.0	237.0
51564	12693	537.0	238.0
51576	12693	544.0	240.0
51588	12693	552.0	242.0
51600	12693	562.0	243.0
51612	12693	574.0	245.0
51624	12693	584.7714285714286	247.14285714285714
51636	12693	596.4285714285714	248.85714285714286
51648	12693	608.0857142857143	250.57142857142858
51660	12693	629.0	256.0
51672	12693	657.0	261.0
51684	12693	697.0	268.0
51696	12693	744.0	277.0
51708	12693	806.0	289.0
51720	12693	894.0	306.0
51732	12693	980.0	332.0
51600	12716	504.0	232.0
51612	12716	507.0	233.0
51624	12716	510.6666666666667	234.0
51636	12716	516.0	235.0
51648	12716	520.0	236.0
51660	12716	524.0	237.0
51672	12716	531.0	237.0
51684	12716	536.0	238.0
51696	12716	543.0	240.0
51708	12716	551.0	241.0
51720	12716	560.0	243.0
51732	12716	570.0	245.0
51744	12716	583.0	247.0
51756	12716	597.0	250.0
51768	12716	614.0	253.0
51780	12716	635.0	256.0
51792	12716	659.0	261.0
51804	12716	691.0	267.0
51816	12716	732.0	274.0
51828	12716	787.0	284.0
51840	12716	864.0	299.0
51852	12716	967.0	320.0
51780	12764	467.0	228.0
51792	12764	467.75	228.0
51804	12764	469.0	228.0
51816	12764	471.0	229.0
51828	12764	473.0	230.0
51840	12764	474.0	229.28571428571428
51852	12764	475.0	230.0
51864	12764	478.0	231.0
51876	12764	480.0	230.0
51888	12764	483.0	232.0
51900	12764	485.0	233.0
51912	12764	487.0	234.0
51924	12764	491.0	235.0
51936	12764	494.0	235.0
51948	12764	498.0	236.0
51960	12764	502.0	237.0
51972	12764	507.0	238.0
51984	12764	512.0	240.0
51996	12764	519.0	242.0
52008	12764	526.0	243.0
52020	12764	535.0	245.0
52032	12764	546.0	248.0
52044	12764	558.0	251.0
52056	12764	574.0	255.0
52068	12764	593.0	259.0
52080	12764	619.0	266.0
52092	12764	653.0	274.0
52104	12764	701.0	287.0
52116	12764	773.0	305.0
52128	12764	895.0	336.0
52140	12764	1008.0	395.0
52128	12834	504.8	233.0
52140	12834	508.0	234.0
52152	12834	512.0	234.0
52164	12834	518.0	236.0
52176	12834	523.0	236.0
52188	12834	528.0	237.0
52200	12834	535.0	238.0
52212	12834	542.0	240.0
52224	12834	551.0	242.0
52236	12834	559.0	243.0
52248	12834	571.0	245.0
52260	12834	584.0	247.0
52272	12834	599.0	250.0
52284	12834	616.0	253.0
52296	12834	639.0	258.0
52308	12834	667.0	263.0
52320	12834	704.0	271.0
52332	12834	754.0	280.0
52344	12834	824.0	294.0
52356	12834	932.0	314.0
52368	12834	993.0	338.0
52176	12839	493.0	231.0
52188	12839	495.22222222222223	231.0
52200	12839	498.0	231.0
52212	12839	501.0	233.0
52224	12839	503.6666666666667	233.33333333333334
52236	12839	508.0	234.0
52248	12839	509.0	235.0
52260	12839	514.0	236.0
52272	12839	519.0	236.0
52284	12839	524.0	237.0
52296	12839	530.0	238.0
52308	12839	536.0	239.0
52320	12839	543.0	241.0
52332	12839	551.0	242.0
52344	12839	560.0	244.0
52356	12839	571.0	246.0
52368	12839	584.0	249.0
52380	12839	598.0	251.0
52392	12839	616.0	255.0
52404	12839	635.0	259.0
52416	12839	661.0	264.0
52428	12839	694.0	271.0
52440	12839	738.0	280.0
52452	12839	799.0	293.0
52464	12839	889.0	313.0
52476	12839	984.0	344.0
52248	12852	469.3333333333333	231.22222222222223
52260	12852	470.6666666666667	232.11111111111111
52272	12852	472.0	233.0
52284	12852	473.0	235.5
52296	12852	475.0	236.0
52308	12852	477.0	236.0
52320	12852	478.6	236.6
52332	12852	481.0	237.0
52344	12852	485.0	239.0
52356	12852	489.0	242.0
52368	12852	494.0	243.0
52380	12852	497.0	243.0
52392	12852	502.0	241.0
52404	12852	509.0	246.0
52416	12852	516.0	249.0
52428	12852	524.0	251.0
52440	12852	534.0	255.0
52452	12852	545.0	260.0
52464	12852	559.0	266.0
52476	12852	576.0	271.0
52488	12852	598.0	279.0
52500	12852	627.0	291.0
52512	12852	669.0	306.0
52524	12852	732.0	329.0
52536	12852	838.0	367.0
52548	12852	985.0	442.0
52560	12852	1008.0	464.0
52392	12881	473.0	234.0
52404	12881	476.0	235.0
52416	12881	479.0	237.0
52428	12881	483.0	237.0
52440	12881	489.0	238.0
52452	12881	494.0	240.0
52464	12881	498.0	242.0
52476	12881	505.0	243.0
52488	12881	511.0	245.0
52500	12881	521.0	247.0
52512	12881	530.0	249.0
52524	12881	540.0	253.0
52536	12881	553.0	255.0
52548	12881	569.0	258.0
52560	12881	587.0	263.0
52572	12881	610.0	269.0
52584	12881	639.0	276.0
52596	12881	678.0	286.0
52608	12881	732.0	301.0
52620	12881	813.0	322.0
52632	12881	946.0	357.0
52548	12920	503.0	232.0
52560	12920	505.4	232.0
52572	12920	508.0	233.0
52584	12920	513.0	234.0
52596	12920	518.0	234.0
52608	12920	521.0	236.0
52620	12920	528.0	237.0
52632	12920	533.0	237.0
52644	12920	539.0	238.0
52656	12920	547.0	240.0
52668	12920	555.0	241.0
52680	12920	565.0	243.0
52692	12920	577.0	246.0
52704	12920	591.0	248.0
52716	12920	606.0	251.0
52728	12920	626.0	254.0
52740	12920	649.0	259.0
52752	12920	677.0	264.0
52764	12920	714.0	270.0
52776	12920	763.0	279.0
52788	12920	831.0	292.0
52800	12920	932.0	311.0
52812	12920	996.0	337.0
52548	12921	477.0	227.0
52560	12921	477.36842105263156	228.0
52572	12921	478.0	228.0
52584	12921	478.5	228.5
52596	12921	479.0	229.0
52608	12921	480.0	229.0
52620	12921	482.0	229.0
52632	12921	485.0	231.0
52644	12921	485.0	230.0
52656	12921	487.0	231.0
52668	12921	489.0	232.0
52680	12921	492.0	233.0
52692	12921	495.0	233.0
52704	12921	498.0	234.0
52716	12921	501.0	235.0
52728	12921	506.0	236.0
52740	12921	510.0	238.0
52752	12921	516.0	240.0
52764	12921	522.0	241.0
52776	12921	531.0	243.0
52788	12921	540.0	244.0
52800	12921	550.0	247.0
52812	12921	562.0	250.0
52824	12921	577.0	253.0
52836	12921	594.0	257.0
52848	12921	617.0	263.0
52860	12921	645.0	270.0
52872	12921	683.0	279.0
52884	12921	737.0	292.0
52896	12921	818.0	311.0
52908	12921	949.0	343.0
52920	12921	992.0	383.0
52932	12921	990.0	375.0
52944	12921	998.0	400.0
52596	12937	540.2857142857143	232.42857142857142
52608	12937	544.4444444444445	234.0
52620	12937	551.0	235.0
52632	12937	556.0	236.0
52644	12937	564.0	237.0
52656	12937	572.0	237.0
52668	12937	582.0	238.0
52680	12937	593.0	239.0
52692	12937	603.0	242.0
52704	12937	619.0	243.0
52716	12937	633.0	245.0
52728	12937	651.0	248.0
52740	12937	673.0	251.0
52752	12937	698.0	254.0
52764	12937	729.0	259.0
52776	12937	767.0	263.0
52788	12937	801.0	253.0
52800	12937	802.0	247.0
52812	12937	767.0	244.0
52824	12937	737.0	241.0
52836	12937	712.0	239.0
52848	12937	686.0	238.0
52944	13046	503.4	232.0
52956	13046	508.0	232.0
52968	13046	513.5	233.75
52980	13046	516.0	234.0
52992	13046	521.0	235.0
53004	13046	527.0	235.0
53016	13046	532.0	237.0
53028	13046	539.0	238.5
53040	13046	547.0	240.0
53052	13046	556.0	241.0
53064	13046	564.0	243.0
53076	13046	575.0	244.0
53088	13046	587.0	247.0
53100	13046	604.0	250.0
53112	13046	620.0	253.0
53124	13046	644.0	257.0
53136	13046	672.0	262.0
53148	13046	709.0	269.0
53160	13046	757.0	278.0
53172	13046	823.0	291.0
53184	13046	922.0	309.0
53016	13071	456.0	231.0
53028	13071	457.39130434782606	229.2608695652174
53040	13071	458.95652173913044	230.30434782608697
53052	13071	461.0	232.0
53064	13071	461.0	232.0
53076	13071	463.0	232.0
53088	13071	465.0	232.0
53100	13071	466.0	233.0
53112	13071	468.0	234.0
53124	13071	471.0	235.0
53136	13071	473.0	236.0
53148	13071	475.0	236.0
53160	13071	480.0	238.0
53172	13071	483.0	238.0
53184	13071	486.0	240.0
53196	13071	491.0	242.0
53208	13071	497.0	244.0
53220	13071	503.0	247.0
53232	13071	511.0	249.0
53244	13071	519.0	252.0
53256	13071	531.0	256.0
53268	13071	544.0	261.0
53280	13071	561.0	268.0
53292	13071	584.0	275.0
53304	13071	616.0	287.0
53316	13071	663.0	304.0
53328	13071	740.0	332.0
53340	13071	887.0	384.0
53352	13071	1027.0	495.0
53196	13145	504.0	229.0
53208	13145	507.57142857142856	230.0
53220	13145	511.0	230.0
53232	13145	515.0	231.0
53244	13145	516.5	229.0
53256	13145	521.0	229.0
53268	13145	526.0	231.0
53280	13145	529.0	232.0
53292	13145	537.0	234.0
53304	13145	542.0	235.0
53316	13145	549.0	237.0
53328	13145	555.0	237.0
53340	13145	563.0	238.0
53352	13145	573.0	240.0
53364	13145	583.0	242.0
53376	13145	593.0	243.0
53388	13145	607.0	245.0
53400	13145	622.0	248.0
53412	13145	639.0	250.0
53424	13145	661.0	253.0
53436	13145	687.0	257.0
53448	13145	720.0	262.0
53460	13145	760.0	269.0
53472	13145	817.0	279.0
53484	13145	891.0	290.0
53496	13145	966.0	304.0
53508	13145	980.0	311.0
53520	13145	984.0	311.25
53532	13145	993.0	314.0
53232	13155	464.2	232.4
53244	13155	467.0	233.0
53256	13155	467.0	232.0
53268	13155	469.0	233.0
53280	13155	471.0	234.0
53292	13155	473.0	235.0
53304	13155	476.0	235.0
53316	13155	479.0	237.0
53328	13155	482.0	238.0
53340	13155	485.0	240.0
53352	13155	490.0	241.0
53364	13155	495.0	243.0
53376	13155	501.0	245.0
53388	13155	507.0	246.0
53400	13155	516.0	249.0
53412	13155	524.0	252.0
53424	13155	536.0	255.0
53436	13155	550.0	260.0
53448	13155	566.0	265.0
53460	13155	591.0	273.0
53472	13155	622.0	282.0
53484	13155	666.0	295.0
53496	13155	732.0	316.0
53508	13155	843.0	349.0
53520	13155	1026.0	418.0
53292	13172	489.0	229.0
53304	13172	491.0	230.0
53316	13172	495.70588235294116	231.1764705882353
53328	13172	498.52941176470586	231.88235294117646
53340	13172	501.75	232.0
53352	13172	505.6666666666667	232.0
53364	13172	509.0	235.0
53376	13172	514.0	235.0
53388	13172	519.0	235.0
53400	13172	525.0	237.0
53412	13172	532.0	238.0
53424	13172	537.9230769230769	238.92307692307693
53436	13172	545.3076923076923	240.30769230769232
53448	13172	552.6923076923077	241.69230769230768
53460	13172	560.0769230769231	243.07692307692307
53472	13172	573.0	246.0
53484	13172	591.0	249.0
53496	13172	611.0	253.0
53508	13172	633.0	257.0
53520	13172	662.0	261.0
53532	13172	698.0	269.0
53544	13172	748.0	278.0
53556	13172	820.0	292.0
53568	13172	932.0	315.0
53424	13203	490.0	230.0
53436	13203	491.9230769230769	230.1846153846154
53448	13203	494.6923076923077	230.73846153846154
53460	13203	497.46153846153845	231.2923076923077
53472	13203	500.2307692307692	231.84615384615384
53484	13203	503.0	232.4
53496	13203	505.7692307692308	232.95384615384614
53508	13203	508.0	235.0
53520	13203	512.0	235.0
53532	13203	517.0	236.0
53544	13203	520.0	237.0
53556	13203	525.0	238.0
53568	13203	532.0	238.0
53580	13203	541.0	240.0
53592	13203	547.0	242.0
53604	13203	557.0	244.0
53616	13203	567.0	246.0
53628	13203	580.0	248.0
53640	13203	592.0	250.0
53652	13203	610.0	253.0
53664	13203	632.0	258.0
53676	13203	658.0	262.0
53688	13203	691.0	268.0
53700	13203	735.0	276.0
53712	13203	795.0	288.25
53724	13203	843.0	295.75
53736	13203	964.0	326.0
53436	13205	464.0	233.0
53448	13205	466.0	234.0
53460	13205	467.0	234.0
53472	13205	470.0	234.0
53484	13205	471.0	235.0
53496	13205	474.0	235.0
53508	13205	477.0	237.0
53520	13205	480.0	238.0
53532	13205	483.0	238.0
53544	13205	486.0	240.0
53556	13205	491.0	241.0
53568	13205	496.0	243.0
53580	13205	500.0	245.0
53592	13205	505.0	247.0
53604	13205	512.0	250.0
53616	13205	521.0	253.0
53628	13205	531.0	257.0
53640	13205	544.0	262.0
53652	13205	559.0	268.0
53664	13205	580.0	275.0
53676	13205	608.0	285.0
53688	13205	648.0	300.0
53700	13205	710.0	322.0
53712	13205	817.0	362.0
53724	13205	989.0	446.0
53748	13335	474.0	233.0
53760	13335	477.0	233.0
53772	13335	479.0	235.0
53784	13335	484.0	235.0
53796	13335	488.0	236.0
53808	13335	493.0	237.0
53820	13335	499.0	238.0
53832	13335	506.0	239.0
53844	13335	512.0	240.0
53856	13335	521.0	242.0
53868	13335	529.0	244.0
53880	13335	538.0	247.0
53892	13335	550.0	249.0
53904	13335	564.0	252.0
53916	13335	580.0	257.0
53928	13335	601.0	261.0
53940	13335	628.0	268.0
53952	13335	662.0	277.0
53964	13335	711.0	289.0
53976	13335	787.0	308.0
53988	13335	910.0	340.0
54000	13335	1005.0	391.0
53784	13348	452.0	228.0
53796	13348	453.29411764705884	229.2941176470588
53808	13348	454.0	230.0
53820	13348	455.45	229.0
53832	13348	456.0	229.0
53844	13348	458.0	231.0
53856	13348	461.0	232.0
53868	13348	461.9230769230769	232.0
53880	13348	463.0	232.0
53892	13348	465.0	232.42857142857142
53904	13348	466.0	234.0
53916	13348	468.0	234.0
53928	13348	470.0	235.0
53940	13348	474.0	235.0
53952	13348	477.0	237.0
53964	13348	480.0	238.0
53976	13348	485.0	238.0
53988	13348	488.0	240.0
54000	13348	493.0	242.0
54012	13348	499.0	243.0
54024	13348	507.0	246.0
54036	13348	515.0	248.0
54048	13348	525.0	250.0
54060	13348	537.0	254.0
54072	13348	552.0	258.0
54084	13348	570.0	262.0
54096	13348	593.0	269.0
54108	13348	623.0	277.0
54120	13348	665.0	288.0
54132	13348	723.0	303.0
54144	13348	815.0	328.0
54156	13348	963.0	369.0
53856	13366	489.0	234.0
53868	13366	493.0	236.0
53880	13366	496.0	235.0
53892	13366	502.0	237.0
53904	13366	506.0	238.0
53916	13366	511.0	239.0
53928	13366	517.0	241.0
53940	13366	525.0	243.0
53952	13366	532.0	244.0
53964	13366	540.0	247.0
53976	13366	551.0	249.0
53988	13366	563.0	252.0
54000	13366	580.0	257.0
54012	13366	598.0	260.0
54024	13366	622.0	267.0
54036	13366	654.0	274.0
54048	13366	697.0	285.0
54060	13366	760.0	301.0
54072	13366	860.0	326.0
54084	13366	984.0	369.0
54084	13467	479.0	229.0
54096	13467	482.0	229.0
54108	13467	485.88235294117646	229.8235294117647
54120	13467	490.6666666666667	231.22222222222223
54132	13467	493.0	231.0
54144	13467	498.0	232.33333333333334
54156	13467	503.14285714285717	232.9047619047619
54168	13467	508.0	235.0
54180	13467	513.0	234.0
54192	13467	518.0	235.0
54204	13467	524.0	237.0
54216	13467	530.0	237.0
54228	13467	537.0	239.0
54240	13467	543.0	240.0
54252	13467	553.0	242.0
54264	13467	563.0	244.0
54276	13467	574.0	246.0
54288	13467	586.0	248.0
54300	13467	603.0	251.0
54312	13467	620.0	254.0
54324	13467	644.0	258.0
54336	13467	673.0	263.0
54348	13467	711.0	270.0
54360	13467	763.0	280.0
54372	13467	836.0	293.0
54384	13467	949.0	315.0
54096	13473	467.0	231.0
54108	13473	469.0	232.0
54120	13473	471.8	231.0
54132	13473	475.0	232.0
54144	13473	477.0	232.0
54156	13473	481.0	233.0
54168	13473	484.0	234.0
54180	13473	487.0	235.0
54192	13473	491.0	236.0
54204	13473	494.0	236.0
54216	13473	499.0	238.0
54228	13473	503.0	238.0
54240	13473	510.0	240.0
54252	13473	516.0	241.0
54264	13473	522.0	243.0
54276	13473	528.0	245.0
54288	13473	538.0	247.0
54300	13473	547.0	249.0
54312	13473	558.0	252.0
54324	13473	572.0	255.0
54336	13473	589.0	259.0
54348	13473	609.0	263.0
54360	13473	634.0	270.0
54372	13473	666.0	277.0
54384	13473	709.0	288.0
54396	13473	770.0	303.0
54408	13473	865.0	326.0
54420	13473	980.0	364.0
54252	13537	468.0	234.0
54264	13537	468.0	235.0
54276	13537	469.0	235.0
54288	13537	471.0	235.0
54300	13537	473.0	237.0
54312	13537	476.0	238.0
54324	13537	478.0	239.0
54336	13537	482.0	240.0
54348	13537	487.0	242.0
54360	13537	491.0	245.0
54372	13537	496.0	246.0
54384	13537	503.0	249.0
54396	13537	511.0	252.0
54408	13537	523.0	256.0
54420	13537	535.0	261.0
54432	13537	552.0	268.0
54444	13537	576.0	277.0
54456	13537	608.0	290.0
54468	13537	658.0	309.0
54480	13537	745.0	344.0
54492	13537	932.0	416.0
54324	13549	499.0	232.0
54336	13549	504.0	233.0
54348	13549	507.0	235.0
54360	13549	511.3333333333333	234.66666666666666
54372	13549	516.0	235.0
54384	13549	521.0	236.0
54396	13549	528.0	237.0
54408	13549	533.0	238.0
54420	13549	539.0	238.0
54432	13549	547.0	239.0
54444	13549	557.0	240.0
54456	13549	568.0	245.0
54468	13549	580.0	247.0
54480	13549	594.0	249.0
54492	13549	612.0	252.0
54504	13549	633.0	256.0
54516	13549	658.0	261.0
54528	13549	691.0	267.0
54540	13549	734.0	275.0
54552	13549	794.0	286.0
54564	13549	879.0	302.0
54576	13549	977.0	325.0
54360	13555	466.0	233.0
54372	13555	466.0	235.0
54384	13555	469.0	234.0
54396	13555	471.0	235.0
54408	13555	473.0	236.0
54420	13555	477.0	237.0
54432	13555	480.0	238.0
54444	13555	485.0	239.0
54456	13555	490.0	240.0
54468	13555	496.0	242.0
54480	13555	502.0	244.0
54492	13555	511.0	246.0
54504	13555	521.0	249.0
54516	13555	532.0	252.0
54528	13555	545.0	255.0
54540	13555	562.0	259.0
54552	13555	583.0	265.0
54564	13555	610.0	271.0
54576	13555	645.0	280.0
54588	13555	696.0	293.0
54600	13555	769.0	312.0
54612	13555	889.0	343.0
54624	13555	1004.0	402.0
54504	13599	491.4	235.0
54516	13599	493.0	236.0
54528	13599	496.5	236.0
54540	13599	500.0	237.0
54552	13599	506.0	239.0
54564	13599	509.0	240.0
54576	13599	514.6666666666666	240.66666666666666
54588	13599	519.0	242.0
54600	13599	527.0	244.0
54612	13599	535.0	246.0
54624	13599	543.0	248.0
54636	13599	553.0	251.0
54648	13599	565.0	254.0
54660	13599	579.0	257.0
54672	13599	597.0	262.0
54684	13599	619.0	267.0
54696	13599	646.0	274.0
54708	13599	683.0	284.0
54720	13599	737.0	297.0
54732	13599	814.0	317.0
54744	13599	940.0	349.0
54540	13607	483.0	233.0
54552	13607	485.42857142857144	233.0
54564	13607	488.0	233.0
54576	13607	490.0	234.0
54588	13607	492.0	234.0
54600	13607	494.0	235.0
54612	13607	498.0	236.0
54624	13607	502.0	237.0
54636	13607	505.0	237.0
54648	13607	509.0	239.0
54660	13607	514.0	240.0
54672	13607	519.0	241.0
54684	13607	527.0	243.0
54696	13607	533.0	245.0
54708	13607	541.0	247.0
54720	13607	551.0	249.0
54732	13607	561.0	251.0
54744	13607	574.0	254.0
54756	13607	591.0	258.0
54768	13607	609.0	262.0
54780	13607	632.0	267.0
54792	13607	662.0	275.0
54804	13607	702.0	285.0
54816	13607	759.0	299.0
54828	13607	843.0	320.0
54840	13607	967.0	353.0
54564	13615	518.0	231.375
54576	13615	518.6666666666666	232.0
54588	13615	524.0	232.0
54600	13615	530.0	232.0
54612	13615	535.0	232.0
54624	13615	541.0	232.66666666666666
54636	13615	545.2	229.0
54648	13615	553.0	235.0
54660	13615	558.0	231.0
54672	13615	569.0	237.0
54684	13615	578.0	239.0
54696	13615	588.0	240.0
54708	13615	598.0	242.0
54720	13615	613.0	243.0
54732	13615	629.0	245.0
54744	13615	647.0	248.0
54756	13615	670.0	252.0
54768	13615	699.0	257.0
54780	13615	736.0	263.0
54792	13615	786.0	273.0
54804	13615	849.0	283.0
54816	13615	934.0	297.0
54828	13615	978.0	312.0
54840	13615	980.0	308.0
54852	13615	984.0	301.0
54864	13615	996.0	313.0
54636	13641	464.0	235.0
54648	13641	467.0	234.0
54660	13641	469.0	236.0
54672	13641	471.0	236.0
54684	13641	473.0	237.0
54696	13641	476.0	239.0
54708	13641	478.0	240.0
54720	13641	483.0	241.0
54732	13641	487.0	243.0
54744	13641	491.0	245.0
54756	13641	496.0	246.0
54768	13641	502.0	249.0
54780	13641	510.0	252.0
54792	13641	519.0	255.0
54804	13641	531.0	259.0
54816	13641	545.0	265.0
54828	13641	562.0	272.0
54840	13641	587.0	282.0
54852	13641	622.0	295.0
54864	13641	675.0	316.0
54876	13641	767.0	352.0
54888	13641	953.0	425.0
54768	13670	481.0	233.0
54780	13670	485.0	234.0
54792	13670	489.0	236.0
54804	13670	494.0	237.0
54816	13670	498.0	237.0
54828	13670	505.0	238.0
54840	13670	511.0	240.0
54852	13670	519.0	241.0
54864	13670	525.0	243.0
54876	13670	535.0	245.0
54888	13670	545.0	248.0
54900	13670	557.0	250.0
54912	13670	571.0	254.0
54924	13670	589.0	258.0
54936	13670	611.0	264.0
54948	13670	640.0	271.0
54960	13670	678.0	280.0
54972	13670	732.0	293.0
54984	13670	812.0	313.0
54996	13670	946.0	345.0
55008	13670	1007.0	388.0
54804	13676	465.0	234.0
54816	13676	468.0	235.0
54828	13676	469.0	235.0
54840	13676	473.0	236.0
54852	13676	475.0	237.0
54864	13676	478.0	237.0
54876	13676	481.0	238.0
54888	13676	486.0	240.0
54900	13676	490.0	241.0
54912	13676	495.0	243.0
54924	13676	501.0	246.0
54936	13676	508.0	248.0
54948	13676	516.0	251.0
54960	13676	526.0	255.0
54972	13676	538.0	259.0
54984	13676	553.0	264.0
54996	13676	571.0	271.0
55008	13676	598.0	281.0
55020	13676	635.0	294.0
55032	13676	692.0	316.0
55044	13676	791.0	352.0
55056	13676	976.0	431.0
54900	13703	438.0	229.0
54912	13703	438.0	228.0
54924	13703	438.0	228.0
54936	13703	438.0	229.0
54948	13703	439.0	230.0
54960	13703	438.0	230.0
54972	13703	439.0	231.0
54984	13703	439.0	231.0
54996	13703	440.0	231.0
55008	13703	441.0	233.0
55020	13703	442.0	232.0
55032	13703	445.0	234.0
55044	13703	446.0	234.0
55056	13703	449.0	235.0
55068	13703	453.0	236.0
55080	13703	456.0	237.0
55092	13703	460.0	238.0
55104	13703	465.0	240.0
55116	13703	470.0	243.0
55128	13703	476.0	245.0
55140	13703	484.0	247.0
55152	13703	492.0	249.0
55164	13703	502.0	253.0
55176	13703	513.0	257.0
55188	13703	527.0	262.0
55200	13703	545.0	270.0
55212	13703	569.0	279.0
55224	13703	604.0	292.0
55236	13703	657.0	313.0
55248	13703	750.0	349.0
55260	13703	949.0	429.0
54936	13708	490.0	229.0
54948	13708	493.0	229.0
54960	13708	496.0	230.0
54972	13708	497.0	231.0
54984	13708	501.0	231.0
54996	13708	504.0	232.0
55008	13708	507.0	232.0
55020	13708	510.0	233.0
55032	13708	514.0	234.0
55044	13708	521.0	235.0
55056	13708	525.0	236.0
55068	13708	530.0	236.0
55080	13708	537.0	238.0
55092	13708	544.0	239.0
55104	13708	553.0	241.0
55116	13708	560.0	242.0
55128	13708	571.0	244.0
55140	13708	582.0	246.0
55152	13708	595.0	248.0
55164	13708	612.0	251.0
55176	13708	629.0	254.0
55188	13708	650.0	258.0
55200	13708	677.0	262.0
55212	13708	712.0	270.0
55224	13708	756.0	277.0
55236	13708	814.0	288.0
55248	13708	903.0	304.0
55260	13708	975.0	327.0
55272	13708	988.0	335.0
55284	13708	990.0	346.0
55296	13708	992.0	339.0
54984	13720	523.3333333333334	232.33333333333334
54996	13720	526.0	233.0
55008	13720	531.0	235.0
55020	13720	537.0	235.0
55032	13720	543.0	236.0
55044	13720	550.0	237.0
55056	13720	557.0	238.0
55068	13720	564.0	239.0
55080	13720	576.0	241.0
55092	13720	586.0	242.0
55104	13720	597.0	244.0
55116	13720	611.0	246.0
55128	13720	627.0	249.0
55140	13720	646.0	252.0
55152	13720	669.0	254.0
55164	13720	698.0	259.0
55176	13720	733.0	265.0
55188	13720	779.0	273.0
55200	13720	842.0	282.0
55212	13720	930.0	297.0
55224	13720	991.0	316.0
55068	13743	498.0	231.0
55080	13743	501.0	232.0
55092	13743	503.85714285714283	232.0
55104	13743	509.0	234.0
55116	13743	513.0	234.0
55128	13743	519.0	235.0
55140	13743	523.0	235.0
55152	13743	528.0	236.0
55164	13743	535.0	238.0
55176	13743	541.0	239.0
55188	13743	548.0	240.0
55200	13743	557.0	241.0
55212	13743	565.0	243.0
55224	13743	577.0	246.0
55236	13743	588.0	248.0
55248	13743	602.0	250.0
55260	13743	620.0	254.0
55272	13743	641.0	257.0
55284	13743	666.0	262.0
55296	13743	697.0	270.0
55308	13743	728.0	260.0
55320	13743	792.0	278.0
55332	13743	866.0	298.0
55344	13743	965.0	318.0
55188	13775	461.0	230.0
55200	13775	463.60869565217394	230.0
55212	13775	466.0	229.0
55224	13775	470.27272727272725	231.0
55236	13775	472.3636363636364	232.27272727272728
55248	13775	475.09090909090907	232.8181818181818
55260	13775	479.22222222222223	233.0
55272	13775	482.0	234.0
55284	13775	485.0	235.0
55296	13775	489.0	236.0
55308	13775	493.0	236.0
55320	13775	499.0	237.0
55332	13775	505.0	238.0
55344	13775	511.0	240.0
55356	13775	517.0	241.0
55368	13775	524.0	243.0
55380	13775	533.0	245.0
55392	13775	543.0	247.0
55404	13775	553.0	250.0
55416	13775	567.0	253.0
55428	13775	583.0	256.0
55440	13775	604.0	262.0
55452	13775	628.0	268.0
55464	13775	662.0	276.0
55476	13775	709.0	287.0
55488	13775	777.0	304.0
55500	13775	884.0	330.0
55512	13775	995.0	376.0
55368	13852	503.0	233.0
55380	13852	506.75	233.0
55392	13852	511.0	235.0
55404	13852	514.0	235.0
55416	13852	519.0	236.0
55428	13852	524.0	237.0
55440	13852	531.0	238.0
55452	13852	535.0	239.0
55464	13852	542.0	240.0
55476	13852	550.0	242.0
55488	13852	559.0	243.0
55500	13852	568.0	245.0
55512	13852	580.0	248.0
55524	13852	595.0	250.0
55536	13852	609.0	253.0
55548	13852	629.0	257.0
55560	13852	653.0	261.0
55572	13852	682.0	266.0
55584	13852	721.0	274.0
55596	13852	772.0	283.0
55608	13852	845.0	298.0
55620	13852	953.0	319.0
55452	13893	480.0	231.0
55464	13893	482.0	232.0
55476	13893	484.0	233.0
55488	13893	487.0	235.0
55500	13893	490.0	235.0
55512	13893	494.0	236.0
55524	13893	498.0	237.0
55536	13893	502.0	237.0
55548	13893	508.0	239.0
55560	13893	514.0	241.0
55572	13893	521.0	242.0
55584	13893	529.0	245.0
55596	13893	538.0	247.0
55608	13893	548.0	249.0
55620	13893	563.0	253.0
55632	13893	580.0	257.0
55644	13893	602.0	262.0
55656	13893	629.0	269.0
55668	13893	666.0	279.0
55680	13893	720.0	292.0
55692	13893	802.0	314.0
55704	13893	946.0	350.0
55548	13926	528.0	234.0
55560	13926	531.0	234.0
55572	13926	536.0	235.0
55584	13926	541.6666666666666	235.33333333333334
55596	13926	548.0	236.0
55608	13926	555.5405405405405	238.0810810810811
55620	13926	562.027027027027	239.05405405405406
55632	13926	568.5135135135135	240.02702702702703
55644	13926	575.0	241.0
55656	13926	588.0	243.0
55668	13926	603.0	245.0
55680	13926	618.0	248.0
55692	13926	636.0	251.0
55704	13926	656.0	253.0
55716	13926	681.0	257.0
55728	13926	712.0	261.0
55740	13926	750.0	268.0
55752	13926	802.0	276.0
55764	13926	870.0	286.0
55776	13926	962.0	302.0
55560	13931	466.0	233.0
55572	13931	468.8333333333333	232.55555555555554
55584	13931	470.8333333333333	233.88888888888889
55596	13931	472.0	234.0
55608	13931	475.0	235.0
55620	13931	477.0	235.0
55632	13931	481.0	237.0
55644	13931	484.0	238.0
55656	13931	490.0	239.0
55668	13931	494.0	241.0
55680	13931	500.0	242.0
55692	13931	508.0	244.0
55704	13931	516.0	246.0
55716	13931	525.0	249.0
55728	13931	535.0	252.0
55740	13931	551.0	255.0
55752	13931	568.0	259.0
55764	13931	589.0	266.0
55776	13931	618.0	273.0
55788	13931	654.0	282.0
55800	13931	706.0	295.0
55812	13931	786.0	317.0
55824	13931	915.0	350.0
55836	13931	1008.0	404.0
55632	13942	508.0	234.0
55644	13942	512.0	235.0
55656	13942	515.0	235.0
55668	13942	520.0	236.0
55680	13942	525.0	237.0
55692	13942	532.0	238.0
55704	13942	537.0	239.0
55716	13942	546.0	240.0
55728	13942	553.0	241.0
55740	13942	563.0	244.0
55752	13942	574.0	246.0
55764	13942	583.8	244.5
55776	13942	594.0	242.0
55788	13942	619.0	253.0
55800	13942	642.0	258.0
55812	13942	671.0	264.0
55824	13942	708.0	271.0
55836	13942	755.0	280.0
55848	13942	823.0	292.0
55860	13942	922.0	312.0
55872	13942	995.0	341.0
55680	13951	481.0	234.0
55692	13951	484.0	235.0
55704	13951	488.0	237.0
55716	13951	491.0	238.0
55728	13951	497.0	239.0
55740	13951	503.0	240.0
55752	13951	508.0	242.0
55764	13951	515.0	244.0
55776	13951	524.0	246.0
55788	13951	533.0	249.0
55800	13951	544.0	251.0
55812	13951	558.0	254.0
55824	13951	575.0	258.0
55836	13951	595.0	263.0
55848	13951	621.0	269.0
55860	13951	654.0	278.0
55872	13951	702.0	289.0
55884	13951	770.0	305.0
55896	13951	876.0	332.0
55908	13951	991.0	376.0
55752	13970	470.0	233.0
55764	13970	474.0	233.0
55776	13970	476.0	235.0
55788	13970	479.0	235.0
55800	13970	483.0	235.0
55812	13970	487.0	237.0
55824	13970	491.0	237.0
55836	13970	497.0	238.0
55848	13970	503.0	240.0
55860	13970	508.0	241.0
55872	13970	517.0	243.0
55884	13970	524.0	244.0
55896	13970	533.0	246.0
55908	13970	543.0	249.0
55920	13970	555.0	252.0
55932	13970	571.0	255.0
55944	13970	588.0	259.0
55956	13970	608.0	264.0
55968	13970	636.0	271.0
55980	13970	670.0	279.0
55992	13970	719.0	290.0
56004	13970	789.0	309.0
56016	13970	897.0	335.0
56028	13970	997.0	381.0
55920	14016	482.0	231.0
55932	14016	484.6666666666667	232.0
55944	14016	486.2631578947368	233.42105263157896
55956	14016	488.5	234.0
55968	14016	491.0	234.0
55980	14016	495.0	235.0
55992	14016	498.0	236.0
56004	14016	502.0	237.0
56016	14016	507.0	239.0
56028	14016	512.0	239.0
56040	14016	517.0	240.0
56052	14016	524.0	243.0
56064	14016	532.0	245.0
56076	14016	540.0	247.0
56088	14016	549.0	249.0
56100	14016	561.0	252.0
56112	14016	577.0	256.0
56124	14016	594.0	260.0
56136	14016	617.0	265.0
56148	14016	646.0	273.0
56160	14016	685.0	282.0
56172	14016	741.0	296.0
56184	14016	823.0	317.0
56196	14016	957.0	351.0
56004	14051	465.0	235.0
56016	14051	467.0	235.0
56028	14051	468.0	235.0
56040	14051	470.0	236.0
56052	14051	472.0	237.0
56064	14051	476.0	237.0
56076	14051	479.0	238.0
56088	14051	482.0	240.0
56100	14051	487.0	242.0
56112	14051	491.0	243.0
56124	14051	497.0	245.0
56136	14051	502.0	248.0
56148	14051	510.0	251.0
56160	14051	520.0	254.0
56172	14051	532.0	258.0
56184	14051	545.0	263.0
56196	14051	562.0	270.0
56208	14051	586.0	278.0
56220	14051	618.0	290.0
56232	14051	666.0	308.0
56244	14051	742.0	336.0
56256	14051	887.0	389.0
56268	14051	1023.0	503.0
56124	14094	467.1	233.0
56136	14094	468.3	233.0
56148	14094	470.0	234.0
56160	14094	473.0	235.0
56172	14094	476.0	235.0
56184	14094	478.0	236.0
56196	14094	482.0	237.0
56208	14094	487.0	238.0
56220	14094	489.0	239.0
56232	14094	494.0	240.0
56244	14094	500.0	242.0
56256	14094	507.0	244.0
56268	14094	513.0	246.0
56280	14094	522.0	248.0
56292	14094	533.0	251.0
56304	14094	546.0	254.0
56316	14094	560.0	258.0
56328	14094	580.0	264.0
56340	14094	604.0	271.0
56352	14094	638.0	280.0
56364	14094	684.0	292.0
56376	14094	752.0	310.0
56388	14094	862.0	340.0
56400	14094	994.0	396.0
56280	14140	465.0	234.0
56292	14140	468.0	235.0
56304	14140	469.0	236.0
56316	14140	471.0	236.0
56328	14140	473.0	237.0
56340	14140	477.0	238.0
56352	14140	478.0	238.0
56364	14140	482.0	240.0
56376	14140	485.0	242.0
56388	14140	491.0	243.0
56400	14140	495.0	245.0
56412	14140	502.0	247.0
56424	14140	509.0	250.0
56436	14140	518.0	253.0
56448	14140	528.0	257.0
56460	14140	542.0	261.0
56472	14140	559.0	267.0
56484	14140	580.0	275.0
56496	14140	609.0	285.0
56508	14140	651.0	300.0
56520	14140	717.0	324.0
56532	14140	834.0	367.0
56544	14140	1002.0	462.0
56292	14145	480.0	230.0
56304	14145	485.0	232.0
56316	14145	489.0	232.0
56328	14145	494.0	234.0
56340	14145	499.0	234.0
56352	14145	505.0	235.0
56364	14145	511.0	236.0
56376	14145	518.0	237.0
56388	14145	527.0	239.0
56400	14145	536.0	240.0
56412	14145	546.0	242.0
56424	14145	557.0	244.0
56436	14145	570.0	246.0
56448	14145	584.0	249.0
56460	14145	604.0	253.0
56472	14145	627.0	256.0
56484	14145	655.0	262.0
56496	14145	691.0	268.0
56508	14145	739.0	277.0
56520	14145	811.0	292.0
56532	14145	919.0	312.0
56544	14145	989.0	329.0
56328	14147	449.0	227.0
56340	14147	449.0	228.0
56352	14147	451.1041666666667	228.02083333333334
56364	14147	452.3541666666667	228.27083333333334
56376	14147	453.6041666666667	228.52083333333334
56388	14147	454.8541666666667	228.77083333333334
56400	14147	456.0	229.0
56412	14147	458.3636363636364	229.1818181818182
56424	14147	460.0	231.0
56436	14147	461.0	231.0
56448	14147	462.0	231.0
56460	14147	463.0	232.0
56472	14147	463.0	232.0
56484	14147	466.0	235.0
56496	14147	467.0	234.0
56508	14147	472.0	235.0
56520	14147	474.0	237.0
56532	14147	476.0	238.0
56544	14147	480.0	238.0
56556	14147	485.0	240.0
56568	14147	490.0	242.0
56580	14147	496.0	245.0
56592	14147	503.0	247.0
56604	14147	509.0	250.0
56616	14147	519.0	253.0
56628	14147	531.0	258.0
56640	14147	547.0	263.0
56652	14147	567.0	271.0
56664	14147	594.0	281.0
56676	14147	636.0	295.0
56688	14147	700.0	319.0
56700	14147	821.0	362.0
56712	14147	1005.0	464.0
56616	14208	485.0	233.0
56628	14208	487.0	234.0
56640	14208	491.0	235.0
56652	14208	493.0	236.0
56664	14208	497.0	237.0
56676	14208	502.0	238.0
56688	14208	508.0	239.0
56700	14208	513.0	240.0
56712	14208	521.0	242.0
56724	14208	529.0	244.0
56736	14208	537.0	247.0
56748	14208	547.0	249.0
56760	14208	561.0	253.0
56772	14208	578.0	257.0
56784	14208	599.0	262.0
56796	14208	624.0	269.0
56808	14208	660.0	277.0
56820	14208	712.0	291.0
56832	14208	790.0	311.0
56844	14208	927.0	345.0
56760	14252	454.0	228.0
56772	14252	455.55555555555554	229.1851851851852
56784	14252	456.8888888888889	229.62962962962962
56796	14252	458.22222222222223	230.07407407407408
56808	14252	459.55555555555554	230.5185185185185
56820	14252	460.8888888888889	230.96296296296296
56832	14252	461.95652173913044	231.47826086956522
56844	14252	463.0	232.0
56856	14252	466.0	233.0
56868	14252	467.0	233.0
56880	14252	468.0	234.0
56892	14252	470.0	234.0
56904	14252	473.0	235.0
56916	14252	475.0	236.0
56928	14252	478.0	237.0
56940	14252	480.0	238.0
56952	14252	484.0	239.0
56964	14252	489.0	241.0
56976	14252	493.0	242.0
56988	14252	499.0	244.0
57000	14252	507.0	246.0
57012	14252	516.0	248.0
57024	14252	527.0	251.0
57036	14252	540.0	254.0
57048	14252	556.0	258.0
57060	14252	575.0	263.0
57072	14252	598.0	269.0
57084	14252	629.0	276.0
57096	14252	671.0	287.0
57108	14252	728.0	301.0
57120	14252	818.0	325.0
57132	14252	962.0	364.0
56964	14287	465.0	231.0
56976	14287	467.0	232.0
56988	14287	468.0	233.0
57000	14287	471.0	234.0
57012	14287	474.0	234.0
57024	14287	478.0	235.0
57036	14287	483.0	236.0
57048	14287	486.0	236.0
57060	14287	489.0	237.0
57072	14287	495.0	239.0
57084	14287	500.0	239.0
57096	14287	507.0	241.0
57108	14287	514.0	243.0
57120	14287	521.0	245.0
57132	14287	530.0	246.0
57144	14287	540.0	249.0
57156	14287	552.0	251.0
57168	14287	564.0	254.0
57180	14287	580.0	258.0
57192	14287	598.0	262.0
57204	14287	622.0	268.0
57216	14287	651.0	276.0
57228	14287	690.0	286.0
57240	14287	744.0	300.0
57252	14287	826.0	321.0
57264	14287	959.0	359.0
56976	14288	453.0	229.0
56988	14288	454.72727272727275	229.1818181818182
57000	14288	456.90909090909093	229.72727272727272
57012	14288	457.0	231.0
57024	14288	457.0	230.0
57036	14288	458.8181818181818	230.9090909090909
57048	14288	461.0	232.0
57060	14288	462.0	232.0
57072	14288	464.0	233.0
57084	14288	466.0	234.0
57096	14288	467.0	234.0
57108	14288	470.0	235.0
57120	14288	473.0	237.0
57132	14288	474.0	236.0
57144	14288	478.0	238.0
57156	14288	482.0	240.0
57168	14288	487.0	242.0
57180	14288	491.0	243.0
57192	14288	497.0	245.0
57204	14288	504.0	248.0
57216	14288	511.0	251.0
57228	14288	522.0	255.0
57240	14288	534.0	259.0
57252	14288	550.0	265.0
57264	14288	571.0	272.0
57276	14288	598.0	283.0
57288	14288	640.0	298.0
57300	14288	707.0	322.0
57312	14288	831.0	367.0
57324	14288	1012.0	474.0
57288	14361	474.0	229.0
57300	14361	477.0	230.0
57312	14361	479.0	231.0
57324	14361	481.0	230.0
57336	14361	484.0	232.0
57348	14361	486.0	232.0
57360	14361	488.0	233.0
57372	14361	492.0	235.0
57384	14361	495.0	235.0
57396	14361	498.0	236.0
57408	14361	503.0	237.0
57420	14361	507.0	238.0
57432	14361	512.0	239.0
57444	14361	519.0	240.0
57456	14361	526.0	242.0
57468	14361	534.0	244.0
57480	14361	542.0	247.0
57492	14361	554.0	249.0
57504	14361	567.0	253.0
57516	14361	584.0	256.0
57528	14361	605.0	262.0
57540	14361	631.0	269.0
57552	14361	670.0	278.0
57564	14361	722.0	292.0
57576	14361	804.0	313.0
57588	14361	949.0	350.0
57384	14368	467.0	235.0
57396	14368	468.1666666666667	234.0
57408	14368	469.0	236.0
57420	14368	472.0	235.0
57432	14368	474.0	237.0
57444	14368	476.0	239.0
57456	14368	478.0	238.0
57468	14368	482.0	240.0
57480	14368	486.0	242.0
57492	14368	490.0	243.0
57504	14368	493.0	245.0
57516	14368	500.0	246.0
57528	14368	504.0	249.0
57540	14368	510.0	251.0
57552	14368	518.0	254.0
57564	14368	527.0	257.0
57576	14368	537.0	261.0
57588	14368	550.0	266.0
57600	14368	566.0	272.0
57612	14368	586.0	280.0
57624	14368	614.0	292.0
57636	14368	654.0	308.0
57648	14368	716.0	332.0
57660	14368	819.0	375.0
57672	14368	989.0	468.0
57396	14372	484.48148148148147	231.1851851851852
57408	14372	488.037037037037	231.62962962962962
57420	14372	491.0	232.0
57432	14372	494.8888888888889	232.11111111111111
57444	14372	500.22222222222223	232.77777777777777
57456	14372	505.0	234.0
57468	14372	508.0	234.0
57480	14372	516.0	236.0
57492	14372	521.0	237.0
57504	14372	528.0	237.0
57516	14372	535.0	238.0
57528	14372	544.0	239.0
57540	14372	553.0	242.0
57552	14372	562.0	243.0
57564	14372	572.0	245.0
57576	14372	585.0	247.0
57588	14372	598.0	249.0
57600	14372	616.0	252.0
57612	14372	635.0	256.0
57624	14372	659.0	261.0
57636	14372	689.0	266.0
57648	14372	729.0	274.0
57660	14372	782.0	284.0
57672	14372	858.0	297.0
57684	14372	966.0	319.0
57648	14391	472.2068965517241	230.06896551724137
57660	14391	473.44827586206895	230.48275862068965
57672	14391	474.6896551724138	230.89655172413794
57684	14391	476.5	231.0
57696	14391	479.0	230.0
57708	14391	482.0	233.0
57720	14391	483.0	232.0
57732	14391	485.25	233.0
57744	14391	489.0	234.0
57756	14391	490.6	234.0
57768	14391	493.0	235.0
57780	14391	499.0	236.0
57792	14391	503.0	237.0
57804	14391	506.0	238.0
57816	14391	512.0	240.0
57828	14391	520.0	241.0
57840	14391	527.0	243.0
57852	14391	536.0	245.0
57864	14391	545.0	247.0
57876	14391	558.0	249.0
57888	14391	572.0	251.0
57900	14391	590.0	254.0
57912	14391	611.0	258.0
57924	14391	637.0	264.0
57936	14391	670.0	270.0
57948	14391	714.0	279.0
57960	14391	774.0	290.0
57972	14391	859.0	307.0
57984	14391	971.0	332.0
57816	14422	465.0	231.0
57828	14422	466.0	232.0
57840	14422	468.0	232.0
57852	14422	471.0	232.0
57864	14422	474.0	234.0
57876	14422	476.0	234.0
57888	14422	479.0	235.0
57900	14422	483.0	235.0
57912	14422	487.0	236.0
57924	14422	491.0	238.0
57936	14422	497.0	240.0
57948	14422	502.0	241.0
57960	14422	510.0	243.0
57972	14422	516.0	245.0
57984	14422	524.0	247.0
57996	14422	534.0	250.0
58008	14422	548.0	254.0
58020	14422	561.0	257.0
58032	14422	580.0	262.0
58044	14422	603.0	267.0
58056	14422	632.0	275.0
58068	14422	674.0	286.0
58080	14422	735.0	302.0
58092	14422	829.0	328.0
58104	14422	972.0	372.0
57948	14470	466.3076923076923	231.15384615384616
57960	14470	469.0	232.0
57972	14470	471.0	233.0
57984	14470	475.0	234.0
57996	14470	478.0	235.0
58008	14470	481.0	235.0
58020	14470	485.0	236.0
58032	14470	488.0	237.0
58044	14470	492.0	237.0
58056	14470	498.0	239.0
58068	14470	503.0	240.0
58080	14470	509.0	242.0
58092	14470	516.0	243.0
58104	14470	524.0	245.0
58116	14470	533.0	247.0
58128	14470	543.0	249.0
58140	14470	555.0	252.0
58152	14470	569.0	255.0
58164	14470	586.0	259.0
58176	14470	607.0	264.0
58188	14470	633.0	270.0
58200	14470	668.0	278.0
58212	14470	716.0	290.0
58224	14470	784.0	306.0
58236	14470	890.0	332.0
58248	14470	992.0	376.0
58056	14505	535.0	232.0
58068	14505	540.0	233.0
58080	14505	544.0	234.0
58092	14505	550.0	235.0
58104	14505	555.0	235.0
58116	14505	563.0	236.0
58128	14505	568.0	237.0
58140	14505	580.0	238.0
58152	14505	588.0	239.0
58164	14505	597.0	241.0
58176	14505	607.0	240.0
58188	14505	618.6315789473684	240.0
58200	14505	630.0	240.0
58212	14505	650.0	248.0
58224	14505	673.0	252.0
58236	14505	696.0	255.0
58248	14505	724.0	258.0
58260	14505	759.0	263.0
58272	14505	802.0	269.0
58284	14505	857.0	277.0
58296	14505	932.0	288.0
58308	14505	980.0	294.0
58056	14507	471.0	234.0
58068	14507	473.0	234.0
58080	14507	476.0	236.0
58092	14507	480.3333333333333	236.0
58104	14507	485.0	237.0
58116	14507	490.0	239.0
58128	14507	496.0	239.0
58140	14507	502.0	241.0
58152	14507	509.0	243.0
58164	14507	518.0	245.0
58176	14507	527.0	247.0
58188	14507	538.0	249.0
58200	14507	550.0	253.0
58212	14507	567.0	257.0
58224	14507	584.0	260.0
58236	14507	607.0	266.0
58248	14507	636.0	273.0
58260	14507	674.0	282.0
58272	14507	728.0	296.0
58284	14507	807.0	317.0
58296	14507	940.0	351.0
58140	14530	478.6	231.0
58152	14530	478.0	231.0
58164	14530	481.0	230.0
58176	14530	483.0	232.0
58188	14530	484.0	232.0
58200	14530	488.0	235.0
58212	14530	490.0	235.0
58224	14530	493.0	235.0
58236	14530	497.0	236.0
58248	14530	502.0	236.0
58260	14530	507.0	239.0
58272	14530	512.0	240.0
58284	14530	517.0	241.0
58296	14530	524.0	243.0
58308	14530	531.0	245.0
58320	14530	540.0	248.0
58332	14530	551.0	250.0
58344	14530	563.0	254.0
58356	14530	578.0	259.0
58368	14530	598.0	265.0
58380	14530	622.0	273.0
58392	14530	657.0	284.0
58404	14530	708.0	300.0
58416	14530	792.0	325.0
58428	14530	949.0	375.0
58140	14531	465.0	227.0
58152	14531	465.0	227.0
58164	14531	466.41379310344826	228.10344827586206
58176	14531	468.0689655172414	228.51724137931035
58188	14531	469.7241379310345	228.93103448275863
58200	14531	471.0	229.0
58212	14531	472.0	229.0
58224	14531	473.0	229.0
58236	14531	477.0	230.0
58248	14531	479.0	230.0
58260	14531	480.0	230.0
58272	14531	484.0	231.0
58284	14531	486.0	232.0
58296	14531	489.0	233.0
58308	14531	494.0	234.0
58320	14531	496.0	235.0
58332	14531	501.0	236.0
58344	14531	505.0	236.0
58356	14531	510.0	238.0
58368	14531	516.0	238.0
58380	14531	523.0	241.0
58392	14531	531.0	244.0
58404	14531	538.0	245.0
58416	14531	550.0	248.0
58428	14531	562.0	252.0
58440	14531	575.0	255.0
58452	14531	592.0	259.0
58464	14531	614.0	265.0
58476	14531	643.0	272.0
58488	14531	682.0	282.0
58500	14531	737.0	295.0
58512	14531	819.0	316.0
58524	14531	950.0	350.0
58536	14531	990.0	384.0
58548	14531	996.0	389.0
58560	14531	990.0	370.0
58572	14531	1004.0	366.0
58572	14698	498.0	231.0
58584	14698	500.0	232.0
58596	14698	502.4	233.0
58608	14698	506.0	234.0
58620	14698	508.0	234.0
58632	14698	512.0	235.0
58644	14698	516.0	236.0
58656	14698	521.0	236.0
58668	14698	526.0	237.0
58680	14698	533.0	238.0
58692	14698	540.0	240.0
58704	14698	548.0	242.0
58716	14698	557.0	243.0
58728	14698	565.0	245.0
58740	14698	579.0	247.0
58752	14698	594.0	250.0
58764	14698	610.0	253.0
58776	14698	631.0	257.0
58788	14698	656.0	261.0
58800	14698	688.0	267.0
58812	14698	730.0	275.0
58824	14698	788.0	285.0
58836	14698	868.0	300.0
58848	14698	971.0	323.0
58668	14730	465.29411764705884	228.0
58680	14730	466.0	228.0
58692	14730	466.875	228.0
58704	14730	468.85714285714283	228.42857142857142
58716	14730	471.8333333333333	229.83333333333334
58728	14730	473.0	229.0
58740	14730	475.0	230.0
58752	14730	477.0	231.0
58764	14730	480.0	231.0
58776	14730	482.0	231.0
58788	14730	485.0	232.0
58800	14730	487.0	232.0
58812	14730	491.0	234.0
58824	14730	494.0	234.0
58836	14730	498.0	235.0
58848	14730	501.0	236.0
58860	14730	505.0	237.0
58872	14730	510.0	238.0
58884	14730	517.0	240.0
58896	14730	524.0	242.0
58908	14730	530.0	243.0
58920	14730	539.0	246.0
58932	14730	549.0	248.0
58944	14730	561.0	251.0
58956	14730	576.0	255.0
58968	14730	595.0	259.0
58980	14730	618.0	265.0
58992	14730	649.0	273.0
59004	14730	692.0	284.0
59016	14730	756.0	300.0
59028	14730	854.0	325.0
59040	14730	988.0	374.0
58740	14741	509.0	234.0
58752	14741	512.0	235.0
58764	14741	517.0	235.0
58776	14741	521.0	236.0
58788	14741	526.0	237.0
58800	14741	533.0	239.0
58812	14741	539.0	239.0
58824	14741	547.0	240.0
58836	14741	556.0	242.0
58848	14741	565.0	245.0
58860	14741	577.0	246.0
58872	14741	589.0	249.0
58884	14741	605.0	252.0
58896	14741	624.0	255.0
58908	14741	647.0	260.0
58920	14741	677.0	265.0
58932	14741	715.0	272.0
58944	14741	765.0	281.0
58956	14741	835.0	295.0
58968	14741	941.0	316.0
58908	14780	482.0	231.0
58920	14780	483.8	231.26666666666668
58932	14780	486.0	232.0
58944	14780	488.3333333333333	232.33333333333334
58956	14780	491.22222222222223	233.55555555555554
58968	14780	495.0	234.0
58980	14780	497.0	235.0
58992	14780	502.0	237.0
59004	14780	506.0	237.0
59016	14780	511.0	238.0
59028	14780	518.0	240.0
59040	14780	524.0	242.0
59052	14780	530.0	244.0
59064	14780	539.0	246.0
59076	14780	551.0	249.0
59088	14780	561.0	252.0
59100	14780	576.0	256.0
59112	14780	592.0	260.0
59124	14780	616.0	267.0
59136	14780	646.0	274.0
59148	14780	689.0	285.0
59160	14780	747.0	300.0
59172	14780	832.0	323.0
59184	14780	968.0	366.0
59196	14780	986.0	388.0
59208	14780	972.0	363.0
59124	14818	493.77777777777777	229.44444444444446
59136	14818	496.26666666666665	229.06666666666666
59148	14818	499.46666666666664	229.86666666666667
59160	14818	501.6666666666667	230.83333333333334
59172	14818	504.8	232.0
59184	14818	509.0	233.0
59196	14818	511.0	234.0
59208	14818	520.5	234.0
59220	14818	523.0	235.0
59232	14818	528.0	236.0
59244	14818	535.0	237.0
59256	14818	543.0	239.0
59268	14818	550.0	240.0
59280	14818	561.0	242.0
59292	14818	572.0	244.0
59304	14818	586.0	247.0
59316	14818	601.0	250.0
59328	14818	621.0	254.0
59340	14818	645.0	259.0
59352	14818	675.0	264.0
59364	14818	717.0	272.0
59376	14818	771.0	282.0
59388	14818	850.0	297.0
59400	14818	962.0	321.0
59412	14818	997.0	340.0
59148	14821	513.0	232.0
59160	14821	517.0	231.0
59172	14821	520.0	231.0
59184	14821	525.5	232.0
59196	14821	531.0	233.0
59208	14821	535.0	234.0
59220	14821	542.0	235.0
59232	14821	549.0	235.0
59244	14821	557.0	237.0
59256	14821	564.0	238.0
59268	14821	575.0	240.0
59280	14821	588.0	242.0
59292	14821	601.0	244.0
59304	14821	619.0	247.0
59316	14821	639.0	250.0
59328	14821	663.0	253.0
59340	14821	692.0	257.0
59352	14821	730.0	264.0
59364	14821	781.0	271.0
59376	14821	848.0	282.0
59388	14821	949.0	298.0
59268	14844	475.0	237.0
59280	14844	477.0	237.0
59292	14844	480.0	238.0
59304	14844	484.0	240.0
59316	14844	488.0	241.0
59328	14844	492.0	243.0
59340	14844	497.0	245.0
59352	14844	501.0	247.0
59364	14844	507.0	249.0
59376	14844	514.0	251.0
59388	14844	522.0	254.0
59400	14844	532.0	258.0
59412	14844	544.0	263.0
59424	14844	559.0	268.0
59436	14844	577.0	274.0
59448	14844	601.0	283.0
59460	14844	632.0	295.0
59472	14844	677.0	311.0
59484	14844	744.0	336.0
59496	14844	860.0	379.0
59508	14844	997.0	467.0
59520	14844	1011.0	482.0
59268	14845	453.0	228.0
59280	14845	452.0	229.0
59292	14845	453.45454545454544	229.22727272727272
59304	14845	454.54545454545456	229.77272727272728
59316	14845	455.6363636363636	230.3181818181818
59328	14845	456.72727272727275	230.86363636363637
59340	14845	460.0	232.0
59352	14845	461.0	233.0
59364	14845	462.0	233.0
59376	14845	464.0	234.0
59388	14845	466.0	235.0
59400	14845	466.0	235.0
59412	14845	469.0	237.0
59424	14845	472.0	237.0
59436	14845	475.0	239.0
59448	14845	479.0	240.0
59460	14845	482.0	241.0
59472	14845	487.0	243.0
59484	14845	492.0	245.0
59496	14845	498.0	247.0
59508	14845	505.0	250.0
59520	14845	513.0	253.0
59532	14845	522.0	256.0
59544	14845	536.0	261.0
59556	14845	552.0	267.0
59568	14845	574.0	274.0
59580	14845	603.0	283.0
59592	14845	645.0	298.0
59604	14845	708.0	318.0
59616	14845	815.0	353.0
59628	14845	982.0	422.0
59340	14865	445.0	227.0
59352	14865	448.0	229.0
59364	14865	447.0	229.0
59376	14865	448.1	229.0
59388	14865	450.0	229.0
59400	14865	452.0	231.0
59412	14865	453.0	231.0
59424	14865	453.0	231.0
59436	14865	457.3333333333333	232.0
59448	14865	460.0	232.0
59460	14865	461.0	234.0
59472	14865	463.0	235.0
59484	14865	464.0	235.0
59496	14865	466.0	235.0
59508	14865	469.0	237.0
59520	14865	472.0	238.0
59532	14865	476.0	239.0
59544	14865	480.0	241.0
59556	14865	484.0	242.0
59568	14865	489.0	245.0
59580	14865	494.0	246.0
59592	14865	500.0	249.0
59604	14865	508.0	252.0
59616	14865	516.0	255.0
59628	14865	527.0	258.0
59640	14865	541.0	263.0
59652	14865	557.0	269.0
59664	14865	580.0	277.0
59676	14865	608.0	288.0
59688	14865	651.0	304.0
59700	14865	717.0	329.0
59712	14865	834.0	372.0
59724	14865	1002.0	467.0
59424	14884	505.0	232.0
59436	14884	509.0	234.0
59448	14884	517.0	235.0
59460	14884	527.0	235.0
59472	14884	535.0	237.0
59484	14884	542.0	238.0
59496	14884	549.0	240.0
59508	14884	557.0	242.0
59520	14884	570.0	244.0
59532	14884	583.0	247.0
59544	14884	597.0	250.0
59556	14884	612.0	252.0
59568	14884	633.0	256.0
59580	14884	657.0	261.0
59592	14884	688.0	267.0
59604	14884	728.0	276.0
59616	14884	772.0	273.0
59628	14884	851.0	286.0
59640	14884	966.0	321.0
59652	14884	981.0	329.0
59664	14884	983.0	330.0
59676	14884	984.0	322.0
59688	14884	991.0	315.0
59700	14974	500.0	230.0
59712	14974	502.8181818181818	230.0
59724	14974	505.0	231.0
59736	14974	507.3157894736842	231.0
59748	14974	510.4736842105263	231.0
59760	14974	514.3333333333334	231.33333333333334
59772	14974	519.0	232.0
59784	14974	521.0	232.0
59796	14974	528.0	234.0
59808	14974	532.0	235.0
59820	14974	537.0	235.0
59832	14974	543.0	236.0
59844	14974	549.0	237.0
59856	14974	557.0	238.0
59868	14974	565.0	240.0
59880	14974	575.0	242.0
59892	14974	586.0	243.0
59904	14974	598.0	244.0
59916	14974	613.0	247.0
59928	14974	630.0	250.0
59940	14974	652.0	253.0
59952	14974	677.0	257.0
59964	14974	708.0	262.0
59976	14974	747.0	268.0
59988	14974	801.0	277.0
60000	14974	874.0	288.0
60012	14974	966.0	304.0
59712	14985	465.22222222222223	228.0
59724	14985	466.0	228.0
59736	14985	467.6666666666667	228.0
59748	14985	469.9423076923077	228.26923076923077
59760	14985	471.5576923076923	228.73076923076923
59772	14985	473.1730769230769	229.19230769230768
59784	14985	474.78846153846155	229.65384615384616
59796	14985	477.0	231.0
59808	14985	478.0	231.0
59820	14985	481.0	231.0
59832	14985	483.5	233.0
59844	14985	485.0	233.0
59856	14985	489.0	234.0
59868	14985	492.0	234.0
59880	14985	494.0	235.0
59892	14985	498.0	236.0
59904	14985	502.0	237.0
59916	14985	506.0	238.0
59928	14985	511.0	239.0
59940	14985	516.0	240.0
59952	14985	523.0	242.0
59964	14985	530.0	244.0
59976	14985	538.0	246.0
59988	14985	548.0	248.0
60000	14985	560.0	250.0
60012	14985	573.0	254.0
60024	14985	589.0	258.0
60036	14985	609.0	263.0
60048	14985	635.0	269.0
60060	14985	669.0	278.0
60072	14985	718.0	290.0
60084	14985	790.0	307.0
60096	14985	906.0	336.0
60108	14985	1005.0	390.0
59940	15047	485.0	234.0
59952	15047	489.3333333333333	234.66666666666666
59964	15047	493.0	236.0
59976	15047	497.0	236.0
59988	15047	501.0	237.0
60000	15047	506.0	238.0
60012	15047	511.0	240.0
60024	15047	518.0	241.0
60036	15047	524.0	243.0
60048	15047	531.0	245.0
60060	15047	540.0	247.0
60072	15047	550.0	249.0
60084	15047	562.0	252.0
60096	15047	578.0	256.0
60108	15047	595.0	260.0
60120	15047	617.0	265.0
60132	15047	646.0	273.0
60144	15047	684.0	282.0
60156	15047	738.0	296.0
60168	15047	819.0	316.0
60180	15047	952.0	352.0
60012	15060	485.0	233.0
60024	15060	488.0	235.0
60036	15060	492.0	235.0
60048	15060	496.0	236.0
60060	15060	499.0	237.0
60072	15060	504.0	237.0
60084	15060	507.0	238.0
60096	15060	513.0	240.0
60108	15060	520.0	242.0
60120	15060	526.0	243.0
60132	15060	534.0	244.0
60144	15060	542.0	248.0
60156	15060	552.0	250.0
60168	15060	565.0	253.0
60180	15060	580.0	257.0
60192	15060	597.0	261.0
60204	15060	620.0	266.0
60216	15060	649.0	274.0
60228	15060	689.0	284.0
60240	15060	746.0	298.0
60252	15060	830.0	319.0
60264	15060	961.0	353.0
60048	15065	462.0	227.0
60060	15065	461.0	227.0
60072	15065	461.84615384615387	227.84615384615384
60084	15065	462.0	229.0
60096	15065	463.0	229.0
60108	15065	464.0	229.0
60120	15065	464.0	230.0
60132	15065	466.0	230.0
60144	15065	464.5	230.5
60156	15065	466.3333333333333	231.16666666666666
60168	15065	468.0	232.0
60180	15065	469.0	233.0
60192	15065	469.6923076923077	232.69230769230768
60204	15065	471.0	234.0
60216	15065	472.0	235.0
60228	15065	475.0	235.0
60240	15065	477.0	237.0
60252	15065	479.0	237.0
60264	15065	481.0	238.0
60276	15065	485.0	240.0
60288	15065	488.0	242.0
60300	15065	493.0	243.0
60312	15065	498.0	245.0
60324	15065	504.0	247.0
60336	15065	511.0	251.0
60348	15065	520.0	254.0
60360	15065	530.0	257.0
60372	15065	543.0	261.0
60384	15065	559.0	268.0
60396	15065	578.0	275.0
60408	15065	607.0	285.0
60420	15065	647.0	301.0
60432	15065	710.0	323.0
60444	15065	823.0	364.0
60456	15065	993.0	449.0
60216	15103	490.95238095238096	230.0
60228	15103	493.0	230.0
60240	15103	495.0	231.0
60252	15103	498.0	231.0
60264	15103	501.0	232.0
60276	15103	505.3333333333333	232.33333333333334
60288	15103	508.0	234.0
60300	15103	513.0	234.0
60312	15103	519.0	235.0
60324	15103	524.0	237.0
60336	15103	532.0	238.0
60348	15103	540.0	239.0
60360	15103	548.0	241.0
60372	15103	559.0	244.0
60384	15103	571.0	245.0
60396	15103	585.0	248.0
60408	15103	601.0	250.0
60420	15103	618.0	244.0
60432	15103	653.0	254.0
60444	15103	690.0	266.0
60456	15103	737.0	276.0
60468	15103	807.0	289.0
60480	15103	915.0	310.0
60360	15155	506.0	233.0
60372	15155	509.0	233.0
60384	15155	513.0	234.0
60396	15155	518.0	236.0
60408	15155	522.0	235.0
60420	15155	528.0	237.0
60432	15155	534.0	238.0
60444	15155	541.0	239.0
60456	15155	548.0	240.0
60468	15155	557.0	242.0
60480	15155	566.0	244.0
60492	15155	579.0	246.0
60504	15155	591.0	248.0
60516	15155	607.0	251.0
60528	15155	628.0	255.0
60540	15155	650.0	259.0
60552	15155	680.0	264.0
60564	15155	718.0	271.0
60576	15155	768.0	280.0
60588	15155	839.0	294.0
60600	15155	945.0	313.0
60396	15166	496.0	231.0
60408	15166	499.0	232.0
60420	15166	502.0	232.0
60432	15166	506.0	233.0
60444	15166	510.0	235.0
60456	15166	514.0	235.0
60468	15166	518.0	235.0
60480	15166	523.0	237.0
60492	15166	529.0	237.0
60504	15166	535.0	239.0
60516	15166	542.0	240.0
60528	15166	550.0	242.0
60540	15166	559.0	243.0
60552	15166	569.0	245.0
60564	15166	580.0	247.0
60576	15166	595.0	250.0
60588	15166	610.0	253.0
60600	15166	629.0	257.0
60612	15166	653.0	261.0
60624	15166	681.0	267.0
60636	15166	720.0	275.0
60648	15166	771.0	286.0
60660	15166	845.0	301.0
60672	15166	957.0	325.0
60684	15166	998.0	354.0
60432	15171	470.0	231.0
60444	15171	471.0	229.0
60456	15171	472.5	230.0
60468	15171	475.0	231.0
60480	15171	477.0	231.0
60492	15171	479.0	231.0
60504	15171	481.75	231.75
60516	15171	484.0	232.0
60528	15171	487.0	234.0
60540	15171	491.0	235.0
60552	15171	494.0	236.0
60564	15171	497.0	236.0
60576	15171	501.0	237.0
60588	15171	506.0	238.0
60600	15171	511.0	240.0
60612	15171	517.0	241.0
60624	15171	523.0	242.0
60636	15171	531.0	245.0
60648	15171	540.0	247.0
60660	15171	549.0	249.0
60672	15171	562.0	252.0
60684	15171	576.0	256.0
60696	15171	593.0	259.0
60708	15171	615.0	265.0
60720	15171	643.0	272.0
60732	15171	682.0	282.0
60744	15171	737.0	296.0
60756	15171	821.0	317.0
60768	15171	957.0	352.0
60600	15192	475.6666666666667	231.0
60612	15192	478.0	230.0
60624	15192	480.0	231.0
60636	15192	482.0	232.0
60648	15192	484.0	232.0
60660	15192	486.0	233.0
60672	15192	489.0	234.0
60684	15192	491.0	234.0
60696	15192	495.0	235.0
60708	15192	498.0	235.0
60720	15192	502.0	237.0
60732	15192	506.0	238.0
60744	15192	512.0	238.0
60756	15192	518.0	240.0
60768	15192	523.0	242.0
60780	15192	530.0	243.0
60792	15192	539.0	246.0
60804	15192	548.0	249.0
60816	15192	560.0	251.0
60828	15192	573.0	254.0
60840	15192	588.0	258.0
60852	15192	607.0	263.0
60864	15192	632.0	269.0
60876	15192	666.0	277.0
60888	15192	711.0	289.0
60900	15192	776.0	305.0
60912	15192	880.0	330.0
60924	15192	990.0	375.0
60624	15196	466.62068965517244	228.0
60636	15196	467.86206896551727	228.0
60648	15196	469.0	228.0
60660	15196	471.0	229.0
60672	15196	472.0	230.0
60684	15196	473.0	230.0
60696	15196	473.5	230.0
60708	15196	475.0	231.0
60720	15196	476.0	231.0
60732	15196	477.3333333333333	230.88888888888889
60744	15196	479.0	232.0
60756	15196	481.0	232.0
60768	15196	483.0	234.0
60780	15196	484.0	235.0
60792	15196	485.0	236.0
60804	15196	488.0	237.0
60816	15196	490.0	238.0
60828	15196	493.0	239.0
60840	15196	497.0	241.0
60852	15196	503.0	243.0
60864	15196	508.0	245.0
60876	15196	515.0	248.0
60888	15196	523.0	251.0
60900	15196	534.0	255.0
60912	15196	548.0	260.0
60924	15196	566.0	266.0
60936	15196	591.0	276.0
60948	15196	628.0	289.0
60960	15196	687.0	310.0
60972	15196	792.0	348.0
60984	15196	990.0	439.0
60888	15215	478.5	228.0
60900	15215	482.0	228.0
60912	15215	482.0	228.0
60924	15215	484.90909090909093	229.45454545454547
60936	15215	487.0	230.0
60948	15215	490.0	229.0
60960	15215	493.0	231.0
60972	15215	496.0	231.0
60984	15215	499.0	231.0
60996	15215	501.0	233.0
61008	15215	507.0	233.0
61020	15215	510.0	235.0
61032	15215	515.0	235.0
61044	15215	520.0	236.0
61056	15215	526.0	237.0
61068	15215	532.0	238.0
61080	15215	539.0	239.0
61092	15215	548.0	240.0
61104	15215	557.0	242.0
61116	15215	568.0	245.0
61128	15215	580.0	247.0
61140	15215	595.0	249.0
61152	15215	614.0	253.0
61164	15215	636.0	257.0
61176	15215	664.0	262.0
61188	15215	700.0	269.0
61200	15215	750.0	278.0
61212	15215	821.0	292.0
61224	15215	927.0	313.0
60996	15243	463.0	227.66666666666666
61008	15243	464.5217391304348	228.08695652173913
61020	15243	467.6521739130435	228.6086956521739
61032	15243	470.0	229.0
61044	15243	472.0	229.0
61056	15243	473.0	230.0
61068	15243	473.77777777777777	230.0
61080	15243	475.0	230.0
61092	15243	478.0	231.0
61104	15243	480.0	231.0
61116	15243	482.0	232.0
61128	15243	485.0	233.0
61140	15243	487.0	233.0
61152	15243	490.0	234.0
61164	15243	493.0	235.0
61176	15243	496.0	236.0
61188	15243	500.0	237.0
61200	15243	506.0	238.0
61212	15243	510.0	239.0
61224	15243	516.0	240.0
61236	15243	523.0	242.0
61248	15243	530.0	244.0
61260	15243	540.0	246.0
61272	15243	549.0	249.0
61284	15243	562.0	252.0
61296	15243	577.0	256.0
61308	15243	595.0	260.0
61320	15243	620.0	266.0
61332	15243	650.0	273.0
61344	15243	694.0	284.0
61356	15243	755.0	299.0
61368	15243	853.0	324.0
61380	15243	981.0	368.0
61488	15309	454.0	228.0
61500	15309	454.0	228.0
61512	15309	454.8727272727273	229.29090909090908
61524	15309	456.1818181818182	229.72727272727272
61536	15309	457.4909090909091	230.16363636363636
61548	15309	458.8	230.6
61560	15309	460.0	231.0
61572	15309	462.0	232.0
61584	15309	463.0	232.0
61596	15309	464.3333333333333	233.33333333333334
61608	15309	466.0	235.0
61620	15309	468.0	235.0
61632	15309	472.0	235.0
61644	15309	474.0	237.0
61656	15309	477.0	238.0
61668	15309	480.0	238.0
61680	15309	486.0	240.0
61692	15309	491.0	241.0
61704	15309	496.0	243.0
61716	15309	502.0	246.0
61728	15309	509.0	249.0
61740	15309	519.0	252.0
61752	15309	529.0	255.0
61764	15309	544.0	259.0
61776	15309	560.0	266.0
61788	15309	583.0	274.0
61800	15309	615.0	284.0
61812	15309	660.0	301.0
61824	15309	736.0	326.0
61836	15309	875.0	374.0
61848	15309	1022.0	479.0
61512	15318	492.2	231.0
61524	15318	494.3333333333333	230.66666666666666
61536	15318	497.0	231.66666666666666
61548	15318	500.0	232.0
61560	15318	503.75	232.875
61572	15318	507.0	234.0
61584	15318	510.3333333333333	234.0
61596	15318	515.0	235.0
61608	15318	520.0	236.0
61620	15318	525.0	237.0
61632	15318	530.0	238.0
61644	15318	537.0	239.0
61656	15318	542.0	240.0
61668	15318	551.0	242.0
61680	15318	559.0	244.0
61692	15318	570.0	246.0
61704	15318	582.0	248.0
61716	15318	595.0	250.0
61728	15318	612.0	253.0
61740	15318	632.0	257.0
61752	15318	656.0	262.0
61764	15318	687.0	268.0
61776	15318	727.0	276.0
61788	15318	782.0	286.0
61800	15318	860.0	301.0
61812	15318	966.0	324.0
61740	15348	462.375	231.0
61752	15348	464.625	231.0
61764	15348	466.0	232.0
61776	15348	469.0	232.0
61788	15348	471.0	234.0
61800	15348	474.0	234.0
61812	15348	477.0	235.0
61824	15348	480.0	235.0
61836	15348	485.0	236.0
61848	15348	488.0	238.0
61860	15348	495.0	240.0
61872	15348	500.0	241.0
61884	15348	508.0	243.0
61896	15348	516.0	245.0
61908	15348	525.0	248.0
61920	15348	537.0	250.0
61932	15348	549.0	253.0
61944	15348	566.0	258.0
61956	15348	587.0	263.0
61968	15348	614.0	270.0
61980	15348	651.0	279.0
61992	15348	703.0	293.0
62004	15348	784.0	315.0
62016	15348	926.0	352.0
62028	15348	1012.0	400.0
61764	15350	452.0	228.0
61776	15350	453.14285714285717	228.14285714285714
61788	15350	454.0	229.0
61800	15350	456.8	229.9
61812	15350	457.0	229.0
61824	15350	458.0	231.0
61836	15350	459.92	231.48
61848	15350	461.84	231.96
61860	15350	464.0	232.0
61872	15350	466.0	233.0
61884	15350	468.0	234.0
61896	15350	470.0	234.0
61908	15350	472.0	235.0
61920	15350	474.0	236.0
61932	15350	478.0	237.0
61944	15350	481.0	239.0
61956	15350	485.0	239.0
61968	15350	488.0	240.0
61980	15350	493.0	243.0
61992	15350	498.0	245.0
62004	15350	504.0	247.0
62016	15350	511.0	249.0
62028	15350	520.0	253.0
62040	15350	531.0	256.0
62052	15350	544.0	261.0
62064	15350	561.0	268.0
62076	15350	583.0	276.0
62088	15350	616.0	288.0
62100	15350	666.0	305.0
62112	15350	747.0	335.0
62124	15350	904.0	392.0
61932	15388	459.0	228.0
61944	15388	460.3333333333333	229.0
61956	15388	461.85714285714283	229.0
61968	15388	464.53846153846155	229.0
61980	15388	467.0	230.0
61992	15388	471.0	232.0
62004	15388	472.0	231.0
62016	15388	476.0	232.0
62028	15388	480.0	232.0
62040	15388	483.0	233.0
62052	15388	487.0	234.0
62064	15388	490.0	235.0
62076	15388	494.0	236.0
62088	15388	498.0	236.0
62100	15388	503.0	237.0
62112	15388	509.0	239.0
62124	15388	515.0	240.0
62136	15388	521.0	242.0
62148	15388	529.0	244.0
62160	15388	539.0	247.0
62172	15388	548.0	248.0
62184	15388	562.0	252.0
62196	15388	577.0	256.0
62208	15388	597.0	260.0
62220	15388	622.0	266.0
62232	15388	656.0	274.0
62244	15388	703.0	286.0
62256	15388	772.0	302.0
62268	15388	886.0	331.0
62280	15388	1003.0	384.0
61968	15405	438.0	228.0
61980	15405	439.0	229.0
61992	15405	439.0	228.0
62004	15405	441.0	228.0
62016	15405	441.0	230.0
62028	15405	442.0	230.0
62040	15405	443.0	230.0
62052	15405	445.0	231.0
62064	15405	447.0	231.0
62076	15405	448.0	231.0
62088	15405	450.0	232.0
62100	15405	452.0	232.0
62112	15405	454.0	234.0
62124	15405	456.0	235.0
62136	15405	458.0	235.0
62148	15405	461.0	236.0
62160	15405	464.0	237.0
62172	15405	467.0	238.0
62184	15405	471.0	240.0
62196	15405	474.0	242.0
62208	15405	479.0	243.0
62220	15405	485.0	245.0
62232	15405	491.0	248.0
62244	15405	499.0	250.0
62256	15405	508.0	255.0
62268	15405	520.0	259.0
62280	15405	535.0	265.0
62292	15405	555.0	272.0
62304	15405	582.0	283.0
62316	15405	621.0	298.0
62328	15405	684.0	323.0
62340	15405	802.0	367.0
62352	15405	1001.0	476.0
61980	15410	519.0	232.0
61992	15410	523.0	232.0
62004	15410	530.0	234.0
62016	15410	533.0	235.0
62028	15410	538.0	235.0
62040	15410	543.0	236.0
62052	15410	550.0	236.0
62064	15410	557.6	237.0
62076	15410	564.0	237.0
62088	15410	578.0	241.0
62100	15410	587.0	243.0
62112	15410	599.0	245.0
62124	15410	614.0	247.0
62136	15410	630.0	249.0
62148	15410	650.0	252.0
62160	15410	676.0	256.0
62172	15410	706.0	261.0
62184	15410	745.0	267.0
62196	15410	796.0	275.0
62208	15410	865.0	286.0
62220	15410	960.0	302.0
62064	15445	519.0	232.0
62076	15445	521.75	232.0
62088	15445	527.0	234.0
62100	15445	532.0	235.0
62112	15445	536.0	236.0
62124	15445	541.0	236.0
62136	15445	548.0	237.0
62148	15445	555.0	238.0
62160	15445	562.0	239.0
62172	15445	571.0	241.0
62184	15445	581.0	243.0
62196	15445	591.0	245.0
62208	15445	605.0	247.0
62220	15445	616.6785714285714	248.28571428571428
62232	15445	628.25	250.0
62244	15445	645.0	252.0
62256	15445	675.0	256.0
62268	15445	707.0	262.0
62280	15445	744.0	268.0
62292	15445	793.0	275.0
62304	15445	858.0	286.0
62316	15445	949.0	300.0
62220	15458	458.0	229.0
62232	15458	458.0	230.0
62244	15458	460.0	231.0
62256	15458	461.0	231.0
62268	15458	463.0	232.0
62280	15458	464.0	233.0
62292	15458	466.0	233.0
62304	15458	469.0	234.0
62316	15458	470.0	234.0
62328	15458	472.0	235.0
62340	15458	474.0	235.0
62352	15458	477.0	237.0
62364	15458	478.0	238.0
62376	15458	483.0	239.0
62388	15458	487.0	240.0
62400	15458	490.0	242.0
62412	15458	495.0	244.0
62424	15458	499.0	246.0
62436	15458	507.0	248.0
62448	15458	514.0	252.0
62460	15458	524.0	255.0
62472	15458	536.0	259.0
62484	15458	550.0	264.0
62496	15458	569.0	271.0
62508	15458	595.0	280.0
62520	15458	630.0	292.0
62532	15458	684.0	311.0
62544	15458	774.0	343.0
62556	15458	950.0	407.0
62304	15465	508.14285714285717	231.0
62316	15465	511.0	231.0
62328	15465	515.2	232.1
62340	15465	519.0	233.0
62352	15465	522.0	233.0
62364	15465	529.0	235.0
62376	15465	532.0	235.0
62388	15465	539.0	236.0
62400	15465	545.0	236.0
62412	15465	552.0	238.0
62424	15465	561.0	239.0
62436	15465	571.0	241.0
62448	15465	583.0	243.0
62460	15465	595.0	244.0
62472	15465	610.0	247.0
62484	15465	627.0	249.0
62496	15465	649.0	253.0
62508	15465	674.0	256.0
62520	15465	707.0	262.0
62532	15465	748.0	268.0
62544	15465	804.0	277.0
62556	15465	879.0	287.0
62568	15465	976.0	305.0
62496	15484	451.0	228.0
62508	15484	451.0	228.0
62520	15484	452.0	229.0
62532	15484	453.0	229.0
62544	15484	454.0	229.0
62556	15484	455.0	229.0
62568	15484	457.0	230.0
62580	15484	458.09090909090907	230.72727272727272
62592	15484	459.1818181818182	231.45454545454547
62604	15484	461.0	232.0
62616	15484	462.0	232.0
62628	15484	464.0	232.0
62640	15484	466.0	234.0
62652	15484	468.0	235.0
62664	15484	469.0	233.0
62676	15484	472.0	236.0
62688	15484	474.0	235.0
62700	15484	475.0	236.0
62712	15484	479.0	238.0
62724	15484	482.0	239.0
62736	15484	486.0	240.0
62748	15484	489.0	242.0
62760	15484	494.0	244.0
62772	15484	499.0	246.0
62784	15484	505.0	248.0
62796	15484	511.0	250.0
62808	15484	520.0	253.0
62820	15484	530.0	257.0
62832	15484	541.0	260.0
62844	15484	556.0	265.0
62856	15484	574.0	271.0
62868	15484	597.0	279.0
62880	15484	628.0	290.0
62892	15484	672.0	305.0
62904	15484	741.0	328.0
62916	15484	858.0	368.0
62928	15484	1000.0	445.0
62568	15500	490.0	230.0
62580	15500	493.0	231.0
62592	15500	495.0	231.0
62604	15500	498.125	232.0
62616	15500	500.0	232.0
62628	15500	505.0	233.0
62640	15500	508.0	234.0
62652	15500	511.0	234.0
62664	15500	516.0	235.0
62676	15500	520.0	236.0
62688	15500	526.0	237.0
62700	15500	532.0	238.0
62712	15500	539.0	239.0
62724	15500	547.0	241.0
62736	15500	555.0	243.0
62748	15500	566.0	245.0
62760	15500	578.0	247.0
62772	15500	591.0	249.0
62784	15500	608.0	252.0
62796	15500	628.0	256.0
62808	15500	652.0	261.0
62820	15500	683.0	267.0
62832	15500	723.0	274.0
62844	15500	779.0	285.0
62856	15500	858.0	301.0
62868	15500	966.0	324.0
62724	15536	528.0	231.0
62736	15536	534.0	232.71428571428572
62748	15536	538.0	233.0
62760	15536	543.0	234.0
62772	15536	548.0	235.0
62784	15536	553.6666666666666	235.0
62796	15536	560.0	236.0
62808	15536	565.6666666666666	236.0
62820	15536	576.5	238.0
62832	15536	585.0	240.0
62844	15536	596.0	241.0
62856	15536	606.0	243.0
62868	15536	620.0	244.0
62880	15536	635.0	246.0
62892	15536	649.0	247.0
62904	15536	671.0	249.0
62916	15536	697.0	255.0
62928	15536	726.0	260.0
62940	15536	764.0	265.0
62952	15536	810.0	272.0
62964	15536	873.0	281.0
62976	15536	959.0	294.0
62796	15549	488.0	234.0
62808	15549	492.0	235.0
62820	15549	494.0	235.0
62832	15549	497.0	237.0
62844	15549	500.0	237.0
62856	15549	504.0	239.0
62868	15549	509.0	240.0
62880	15549	514.0	240.0
62892	15549	518.0	242.0
62904	15549	525.0	244.0
62916	15549	532.0	245.0
62928	15549	539.0	248.0
62940	15549	548.0	250.0
62952	15549	558.0	252.0
62964	15549	570.0	255.0
62976	15549	584.0	259.0
62988	15549	601.0	263.0
63000	15549	622.0	268.0
63012	15549	649.0	275.0
63024	15549	684.0	284.0
63036	15549	733.0	296.0
63048	15549	801.0	314.0
63060	15549	907.0	341.0
63072	15549	995.0	386.0
62832	15560	465.2142857142857	232.78571428571428
62844	15560	466.3333333333333	232.0
62856	15560	468.0	234.0
62868	15560	470.0	234.0
62880	15560	471.0	234.0
62892	15560	474.0	235.0
62904	15560	475.0	236.0
62916	15560	478.0	237.0
62928	15560	481.0	238.0
62940	15560	485.0	239.0
62952	15560	484.0	240.0
62964	15560	488.0	242.0
62976	15560	491.0	242.0
62988	15560	496.0	244.0
63000	15560	500.0	245.0
63012	15560	506.0	247.0
63024	15560	513.0	249.0
63036	15560	519.0	252.0
63048	15560	526.0	255.0
63060	15560	534.0	258.0
63072	15560	544.0	262.0
63084	15560	555.0	266.0
63096	15560	569.0	272.0
63108	15560	587.0	279.0
63120	15560	613.0	287.0
63132	15560	648.0	300.0
63144	15560	699.0	318.0
63156	15560	779.0	345.0
63168	15560	920.0	392.0
63180	15560	1018.0	480.0
62856	15566	490.0	232.0
62868	15566	493.6363636363636	233.8181818181818
62880	15566	497.0	234.0
62892	15566	498.0	235.0
62904	15566	501.0	236.0
62916	15566	505.0	236.0
62928	15566	510.0	239.0
62940	15566	515.0	240.0
62952	15566	522.0	241.0
62964	15566	530.0	243.0
62976	15566	538.0	245.0
62988	15566	547.0	247.0
63000	15566	559.0	249.0
63012	15566	572.0	252.0
63024	15566	590.0	256.0
63036	15566	610.0	259.0
63048	15566	635.0	265.0
63060	15566	668.0	272.0
63072	15566	712.0	281.0
63084	15566	773.0	294.0
63096	15566	863.0	313.0
63108	15566	976.0	342.0
62964	15579	467.0	235.0
62976	15579	467.0	235.0
62988	15579	470.0	235.0
63000	15579	470.0	235.0
63012	15579	474.0	237.0
63024	15579	477.0	238.0
63036	15579	480.0	239.0
63048	15579	485.0	241.0
63060	15579	489.0	242.0
63072	15579	494.0	244.0
63084	15579	499.0	246.0
63096	15579	505.0	248.0
63108	15579	511.0	251.0
63120	15579	518.0	253.0
63132	15579	527.0	256.0
63144	15579	536.0	260.0
63156	15579	548.0	264.0
63168	15579	561.0	269.0
63180	15579	579.0	275.0
63192	15579	600.0	283.0
63204	15579	628.0	293.0
63216	15579	667.0	306.0
63228	15579	722.0	326.0
63240	15579	805.0	355.0
63252	15579	946.0	406.0
63264	15579	1015.0	490.0
63228	15682	508.0	235.0
63240	15682	512.0	235.0
63252	15682	517.0	236.0
63264	15682	521.0	236.0
63276	15682	527.0	237.0
63288	15682	532.0	238.0
63300	15682	539.0	240.0
63312	15682	545.0	241.0
63324	15682	554.0	242.0
63336	15682	564.0	244.0
63348	15682	574.0	246.0
63360	15682	584.0	248.0
63372	15682	599.0	251.0
63384	15682	616.0	253.0
63396	15682	637.0	258.0
63408	15682	663.0	262.0
63420	15682	695.0	268.0
63432	15682	737.0	275.0
63444	15682	793.0	286.0
63456	15682	872.0	301.0
63468	15682	971.0	323.0
63384	15744	494.0	230.0
63396	15744	495.0	231.0
63408	15744	499.0	231.0
63420	15744	501.8333333333333	231.83333333333334
63432	15744	506.0	232.0
63444	15744	509.0	233.0
63456	15744	513.0	234.0
63468	15744	517.0	234.0
63480	15744	519.0	235.0
63492	15744	523.0	235.0
63504	15744	529.0	237.0
63516	15744	534.0	237.0
63528	15744	540.0	238.0
63540	15744	548.0	240.0
63552	15744	556.0	241.0
63564	15744	564.0	243.0
63576	15744	574.0	245.0
63588	15744	585.0	247.0
63600	15744	597.0	249.0
63612	15744	613.0	252.0
63624	15744	632.0	256.0
63636	15744	654.0	259.0
63648	15744	681.0	265.0
63660	15744	717.0	271.0
63672	15744	762.0	280.0
63684	15744	824.0	292.0
63696	15744	914.0	309.0
63708	15744	989.0	337.0
63408	15752	479.0	228.0
63420	15752	480.15384615384613	228.0
63432	15752	481.6923076923077	228.0
63444	15752	483.2307692307692	228.0
63456	15752	487.0	228.0
63468	15752	488.0	229.0
63480	15752	491.0	229.0
63492	15752	494.0	230.0
63504	15752	496.0	231.0
63516	15752	499.0	231.0
63528	15752	502.0	232.0
63540	15752	506.0	232.0
63552	15752	509.0	234.0
63564	15752	513.0	235.0
63576	15752	518.0	235.0
63588	15752	522.0	235.0
63600	15752	527.0	237.0
63612	15752	533.0	238.0
63624	15752	540.0	238.0
63636	15752	546.0	240.0
63648	15752	556.0	241.0
63660	15752	566.0	244.0
63672	15752	578.0	246.0
63684	15752	589.0	248.0
63696	15752	603.0	250.0
63708	15752	621.0	252.0
63720	15752	642.0	255.0
63732	15752	671.0	262.0
63744	15752	703.0	266.0
63756	15752	746.0	273.0
63768	15752	802.0	278.0
63780	15752	888.0	288.0
63792	15752	972.0	308.0
63804	15752	988.0	328.0
63816	15752	993.0	342.0
63828	15752	989.0	337.0
63444	15771	465.0	230.0
63456	15771	466.0	231.0
63468	15771	468.5	230.0
63480	15771	472.0	231.0
63492	15771	474.0	231.0
63504	15771	477.0	232.0
63516	15771	481.0	233.0
63528	15771	484.0	234.0
63540	15771	487.0	235.0
63552	15771	491.0	236.0
63564	15771	496.0	237.0
63576	15771	501.0	238.0
63588	15771	505.0	239.0
63600	15771	510.0	240.0
63612	15771	516.0	242.0
63624	15771	524.0	243.0
63636	15771	531.0	245.0
63648	15771	538.0	247.0
63660	15771	548.0	250.0
63672	15771	559.0	252.0
63684	15771	571.0	254.0
63696	15771	585.0	258.0
63708	15771	602.0	261.0
63720	15771	623.0	267.0
63732	15771	649.0	273.0
63744	15771	685.0	281.0
63756	15771	734.0	294.0
63768	15771	803.0	311.0
63780	15771	912.0	339.0
63792	15771	1002.0	388.0
63456	15773	528.0	234.0
63468	15773	531.0	233.0
63480	15773	536.0	234.0
63492	15773	541.0	235.0
63504	15773	547.0	237.0
63516	15773	554.0	237.0
63528	15773	561.0	238.0
63540	15773	569.0	240.0
63552	15773	580.0	241.0
63564	15773	590.0	243.0
63576	15773	601.0	245.0
63588	15773	614.0	247.0
63600	15773	630.0	250.0
63612	15773	648.0	252.0
63624	15773	671.0	255.0
63636	15773	698.0	260.0
63648	15773	731.0	265.0
63660	15773	775.0	272.0
63672	15773	830.0	280.0
63684	15773	907.0	293.0
63696	15773	977.0	308.0
63552	15794	468.0	228.0
63564	15794	470.0	230.0
63576	15794	470.0	230.0
63588	15794	472.6	230.0
63600	15794	474.0	231.0
63612	15794	477.0	231.0
63624	15794	480.0	231.0
63636	15794	483.0	232.0
63648	15794	485.0	233.0
63660	15794	488.0	234.0
63672	15794	491.0	235.0
63684	15794	495.0	235.0
63696	15794	499.0	236.0
63708	15794	504.0	237.0
63720	15794	509.0	238.0
63732	15794	515.0	240.0
63744	15794	521.0	242.0
63756	15794	529.0	244.0
63768	15794	539.0	246.0
63780	15794	549.0	249.0
63792	15794	561.0	252.0
63804	15794	577.0	256.0
63816	15794	595.0	260.0
63828	15794	620.0	267.0
63840	15794	652.0	275.0
63852	15794	698.0	286.0
63864	15794	764.0	304.0
63876	15794	873.0	331.0
63888	15794	997.0	385.0
63624	15819	501.0	231.0
63636	15819	502.0	231.0
63648	15819	507.0	233.0
63660	15819	507.55555555555554	233.55555555555554
63672	15819	511.0	234.0
63684	15819	515.0	235.0
63696	15819	520.0	236.0
63708	15819	524.0	236.0
63720	15819	531.0	237.0
63732	15819	537.0	238.0
63744	15819	544.0	240.0
63756	15819	550.0	241.0
63768	15819	560.0	243.0
63780	15819	570.0	244.0
63792	15819	582.0	247.0
63804	15819	595.0	249.0
63816	15819	610.0	251.0
63828	15819	627.0	255.0
63840	15819	646.4285714285714	256.5
63852	15819	665.2857142857143	259.5
63864	15819	688.0	264.0
63876	15819	744.0	277.0
63888	15819	815.0	289.0
63900	15819	903.0	306.0
63912	15819	983.0	329.0
63744	15849	464.0	228.0
63756	15849	465.0	227.0
63768	15849	466.4117647058824	227.47058823529412
63780	15849	469.0	229.0
63792	15849	469.0	229.0
63804	15849	470.0	229.0
63816	15849	473.3636363636364	230.45454545454547
63828	15849	476.14285714285717	231.0
63840	15849	478.0	231.0
63852	15849	481.0	232.0
63864	15849	484.0	232.0
63876	15849	487.0	234.0
63888	15849	491.0	235.0
63900	15849	495.0	235.0
63912	15849	500.0	237.0
63924	15849	505.0	239.0
63936	15849	511.0	240.0
63948	15849	519.0	242.0
63960	15849	526.0	243.0
63972	15849	537.0	246.0
63984	15849	548.0	249.0
63996	15849	562.0	252.0
64008	15849	580.0	257.0
64020	15849	603.0	262.0
64032	15849	634.0	269.0
64044	15849	677.0	280.0
64056	15849	743.0	296.0
64068	15849	849.0	323.0
64080	15849	989.0	374.0
63804	15869	503.0	232.0
63816	15869	504.77777777777777	232.0
63828	15869	508.75	233.375
63840	15869	512.7272727272727	234.45454545454547
63852	15869	517.0	235.0
63864	15869	520.0	236.0
63876	15869	526.0	237.0
63888	15869	530.0	236.0
63900	15869	537.0	239.0
63912	15869	544.0	240.0
63924	15869	552.0	242.0
63936	15869	561.0	243.0
63948	15869	571.0	244.0
63960	15869	582.0	247.0
63972	15869	597.0	249.0
63984	15869	614.0	253.0
63996	15869	633.0	256.0
64008	15869	658.0	261.0
64020	15869	690.0	266.0
64032	15869	730.0	274.0
64044	15869	784.0	284.0
64056	15869	864.0	299.0
64068	15869	968.0	321.0
63924	15901	491.0	230.0
63936	15901	494.0	231.0
63948	15901	496.5	230.5
63960	15901	500.0	232.0
63972	15901	504.0	233.0
63984	15901	507.0	233.0
63996	15901	511.0	234.0
64008	15901	516.0	235.0
64020	15901	520.0	236.0
64032	15901	526.0	236.0
64044	15901	532.0	237.0
64056	15901	539.0	239.0
64068	15901	545.0	240.0
64080	15901	555.0	242.0
64092	15901	564.0	243.0
64104	15901	576.0	246.0
64116	15901	589.0	248.0
64128	15901	606.0	251.0
64140	15901	625.0	254.0
64152	15901	649.0	259.0
64164	15901	680.0	265.0
64176	15901	719.0	272.0
64188	15901	774.0	282.0
64200	15901	852.0	298.0
64212	15901	964.0	320.0
64020	15922	460.0	228.0
64032	15922	459.0	228.0
64044	15922	459.57142857142856	228.0
64056	15922	460.25714285714287	228.0
64068	15922	460.9428571428571	228.0
64080	15922	461.0	230.0
64092	15922	461.5925925925926	230.59259259259258
64104	15922	462.48148148148147	231.4814814814815
64116	15922	463.0	231.0
64128	15922	463.0	231.0
64140	15922	467.0	232.0
64152	15922	469.0	231.0
64164	15922	470.0	233.0
64176	15922	472.0	233.0
64188	15922	475.0	236.0
64200	15922	477.0	236.0
64212	15922	481.0	237.0
64224	15922	484.0	238.0
64236	15922	488.0	240.0
64248	15922	495.0	242.0
64260	15922	501.0	244.0
64272	15922	509.0	247.0
64284	15922	518.0	251.0
64296	15922	529.0	254.0
64308	15922	543.0	259.0
64320	15922	560.0	265.0
64332	15922	583.0	273.0
64344	15922	616.0	284.0
64356	15922	666.0	302.0
64368	15922	748.0	330.0
64380	15922	913.0	389.0
64164	15946	497.5	230.0
64176	15946	500.88235294117646	230.0
64188	15946	504.4117647058824	230.0
64200	15946	508.0	232.0
64212	15946	512.0	231.0
64224	15946	517.0	232.0
64236	15946	520.0	232.0
64248	15946	526.0	234.0
64260	15946	531.0	234.0
64272	15946	538.0	235.0
64284	15946	545.0	236.0
64296	15946	553.0	237.0
64308	15946	562.0	239.0
64320	15946	574.0	241.0
64332	15946	586.0	244.0
64344	15946	598.0	246.0
64356	15946	615.0	247.0
64368	15946	636.0	251.0
64380	15946	661.0	254.0
64392	15946	691.0	259.0
64404	15946	730.0	265.0
64416	15946	783.0	273.0
64428	15946	857.0	286.0
64440	15946	961.0	303.0
64344	15964	516.0	231.0
64356	15964	520.0	231.5
64368	15964	523.6666666666666	232.0
64380	15964	529.0	234.0
64392	15964	533.0	234.0
64404	15964	538.0	235.0
64416	15964	545.0	236.0
64428	15964	551.0	237.0
64440	15964	559.0	238.0
64452	15964	568.0	240.0
64464	15964	580.0	242.0
64476	15964	591.0	243.0
64488	15964	605.0	245.0
64500	15964	621.0	248.0
64512	15964	642.0	251.0
64524	15964	667.0	255.0
64536	15964	698.0	260.0
64548	15964	737.0	266.0
64560	15964	789.0	274.0
64572	15964	862.0	286.0
64584	15964	963.0	302.0
64452	15988	524.2727272727273	231.45454545454547
64464	15988	529.0	232.0
64476	15988	533.0	232.0
64488	15988	539.0	233.0
64500	15988	543.0	234.0
64512	15988	549.0	235.0
64524	15988	555.0	235.0
64536	15988	561.0	236.0
64548	15988	570.0	238.0
64560	15988	581.0	239.0
64572	15988	590.0	240.0
64584	15988	603.0	242.0
64596	15988	615.0	244.0
64608	15988	632.0	246.0
64620	15988	650.0	248.0
64632	15988	672.0	251.0
64644	15988	699.0	256.0
64656	15988	731.0	260.0
64668	15988	775.0	266.0
64680	15988	831.0	274.0
64692	15988	909.0	285.0
64476	15991	517.0	232.0
64488	15991	520.0	233.0
64500	15991	524.0	234.0
64512	15991	530.0	235.0
64524	15991	534.0	235.0
64536	15991	541.0	237.0
64548	15991	547.0	238.0
64560	15991	554.0	239.0
64572	15991	562.0	241.0
64584	15991	573.0	243.0
64596	15991	582.0	245.0
64608	15991	595.0	247.0
64620	15991	611.0	250.0
64632	15991	631.0	254.0
64644	15991	655.0	258.0
64656	15991	687.0	265.0
64668	15991	729.0	272.0
64680	15991	789.0	283.0
64692	15991	877.0	300.0
64704	15991	981.0	326.0
64500	15999	945.0	259.0
64512	15999	910.0	256.0
64524	15999	869.0	252.0
64536	15999	836.0	251.0
64548	15999	805.0	247.0
64560	15999	780.4	244.6
64572	15999	754.0	242.0
64584	15999	734.0	241.0
64596	15999	716.0	240.0
64608	15999	701.0	238.0
64620	15999	687.0	238.0
64632	15999	674.2307692307693	237.23076923076923
64644	15999	662.9666666666667	238.06666666666666
64656	15999	650.5666666666667	238.86666666666667
64668	15999	638.1666666666666	239.66666666666666
64680	15999	625.7666666666667	240.46666666666667
64692	15999	613.3666666666667	241.26666666666668
64704	15999	602.0	242.0
64716	15999	615.0	243.0
64728	15999	632.0	246.0
64740	15999	652.0	249.0
64752	15999	676.0	253.0
64764	15999	706.0	256.0
64776	15999	745.0	262.0
64788	15999	790.0	269.0
64800	15999	857.0	278.0
64812	15999	949.0	291.0
64512	16006	487.0	233.0
64524	16006	491.0	235.0
64536	16006	493.0	235.0
64548	16006	498.0	235.0
64560	16006	501.0	237.0
64572	16006	505.0	237.0
64584	16006	509.0	239.0
64596	16006	514.0	240.0
64608	16006	520.0	241.0
64620	16006	530.0	245.0
64632	16006	537.0	246.0
64644	16006	547.0	249.0
64656	16006	560.0	252.0
64668	16006	576.0	256.0
64680	16006	595.0	260.0
64692	16006	620.0	267.0
64704	16006	654.0	275.0
64716	16006	701.0	287.0
64728	16006	770.0	304.0
64740	16006	884.0	333.0
64752	16006	1002.0	387.0
64608	16030	480.0	231.0
64620	16030	482.6521739130435	231.3913043478261
64632	16030	485.2608695652174	232.95652173913044
64644	16030	488.0	235.0
64656	16030	493.0	235.0
64668	16030	497.0	236.0
64680	16030	501.0	236.0
64692	16030	506.0	238.0
64704	16030	513.0	239.0
64716	16030	520.0	241.0
64728	16030	528.0	244.0
64740	16030	537.0	246.0
64752	16030	550.0	249.0
64764	16030	564.0	252.0
64776	16030	581.0	256.0
64788	16030	606.0	263.0
64800	16030	637.0	271.0
64812	16030	681.0	282.0
64824	16030	750.0	299.0
64836	16030	865.0	329.0
64848	16030	1004.0	390.0
64716	16073	459.0	234.0
64728	16073	461.0	235.0
64740	16073	462.0	235.0
64752	16073	464.0	236.0
64764	16073	465.0	236.0
64776	16073	468.0	236.0
64788	16073	471.0	238.0
64800	16073	473.0	238.0
64812	16073	477.0	240.0
64824	16073	481.0	242.0
64836	16073	485.0	243.0
64848	16073	489.0	244.0
64860	16073	493.0	246.0
64872	16073	499.0	247.0
64884	16073	506.0	249.0
64896	16073	513.0	252.0
64908	16073	522.0	255.0
64920	16073	532.0	258.0
64932	16073	543.0	262.0
64944	16073	557.0	267.0
64956	16073	574.0	272.0
64968	16073	595.0	279.0
64980	16073	622.0	289.0
64992	16073	658.0	302.0
65004	16073	710.0	320.0
65016	16073	788.0	347.0
65028	16073	921.0	393.0
65040	16073	1015.0	483.0
64752	16081	516.0	232.0
64764	16081	518.4	232.2
64776	16081	521.5	234.0
64788	16081	526.0	234.0
64800	16081	530.0	236.0
64812	16081	534.0	236.0
64824	16081	539.0	237.0
64836	16081	545.0	238.0
64848	16081	552.0	240.0
64860	16081	560.0	242.0
64872	16081	569.0	244.0
64884	16081	582.0	246.0
64896	16081	595.0	248.0
64908	16081	612.0	252.0
64920	16081	633.0	255.0
64932	16081	658.0	260.0
64944	16081	692.0	267.0
64956	16081	736.0	275.0
64968	16081	800.0	287.0
64980	16081	896.0	305.0
64992	16081	990.0	338.0
64848	16119	471.0	235.0
64860	16119	472.0	235.0
64872	16119	474.0	235.0
64884	16119	478.0	237.0
64896	16119	481.0	238.0
64908	16119	481.0	239.0
64920	16119	485.0	239.0
64932	16119	488.0	241.0
64944	16119	494.0	242.0
64956	16119	497.0	244.0
64968	16119	502.0	246.0
64980	16119	509.0	249.0
64992	16119	516.0	251.0
65004	16119	522.0	253.0
65016	16119	532.0	256.0
65028	16119	541.0	260.0
65040	16119	554.0	264.0
65052	16119	569.0	269.0
65064	16119	587.0	276.0
65076	16119	610.0	284.0
65088	16119	642.0	295.0
65100	16119	685.0	309.0
65112	16119	747.0	330.0
65124	16119	839.0	361.0
65136	16119	973.0	416.0
65040	16159	466.2857142857143	233.0
65052	16159	468.0	233.0
65064	16159	471.0	234.0
65076	16159	472.0	235.0
65088	16159	475.0	236.0
65100	16159	478.0	237.0
65112	16159	481.0	238.0
65124	16159	486.0	239.0
65136	16159	490.0	241.0
65148	16159	495.0	243.0
65160	16159	500.0	245.0
65172	16159	508.0	248.0
65184	16159	516.0	250.0
65196	16159	526.0	254.0
65208	16159	538.0	258.0
65220	16159	553.0	263.0
65232	16159	572.0	270.0
65244	16159	597.0	279.0
65256	16159	633.0	292.0
65268	16159	687.0	311.0
65280	16159	777.0	342.0
65292	16159	951.0	403.0
65076	16183	507.5	234.0
65088	16183	511.0	235.0
65100	16183	516.0	236.0
65112	16183	520.0	236.0
65124	16183	525.0	237.0
65136	16183	531.0	238.0
65148	16183	538.0	239.0
65160	16183	544.0	241.0
65172	16183	552.0	242.0
65184	16183	561.0	245.0
65196	16183	572.0	246.0
65208	16183	584.0	248.0
65220	16183	598.0	251.0
65232	16183	615.0	254.0
65244	16183	633.0	256.0
65256	16183	658.0	262.0
65268	16183	686.0	267.0
65280	16183	714.0	259.0
65292	16183	779.0	281.0
65304	16183	845.0	296.0
65316	16183	941.0	315.0
65316	16231	513.1428571428571	231.0
65328	16231	518.0	232.0
65340	16231	520.0	232.0
65352	16231	526.0	234.0
65364	16231	530.0	234.0
65376	16231	535.0	234.0
65388	16231	541.0	235.0
65400	16231	547.5	236.5
65412	16231	555.0	237.0
65424	16231	563.0	239.0
65436	16231	572.0	241.0
65448	16231	584.0	242.0
65460	16231	596.0	243.0
65472	16231	609.0	246.0
65484	16231	625.0	248.0
65496	16231	644.0	251.0
65508	16231	666.0	254.0
65520	16231	693.0	259.0
65532	16231	727.0	264.0
65544	16231	770.0	270.0
65556	16231	827.0	280.0
65568	16231	905.0	292.0
65580	16231	977.0	307.0
65340	16235	479.0	231.0
65352	16235	481.0	230.0
65364	16235	483.0	231.5
65376	16235	484.0	233.0
65388	16235	486.0	233.0
65400	16235	490.0	234.0
65412	16235	493.0	234.0
65424	16235	497.0	236.0
65436	16235	500.0	236.0
65448	16235	504.0	237.0
65460	16235	509.0	239.0
65472	16235	515.0	241.0
65484	16235	522.0	241.0
65496	16235	528.0	244.0
65508	16235	539.0	246.0
65520	16235	547.0	249.0
65532	16235	559.0	252.0
65544	16235	574.0	256.0
65556	16235	593.0	260.0
65568	16235	617.0	266.0
65580	16235	647.0	274.0
65592	16235	691.0	286.0
65604	16235	753.0	302.0
65616	16235	855.0	329.0
65628	16235	987.0	377.0
65424	16243	470.0	229.0
65436	16243	472.0	230.0
65448	16243	471.0	228.0
65460	16243	472.6666666666667	229.0
65472	16243	475.42857142857144	231.0
65484	16243	477.14285714285717	230.28571428571428
65496	16243	481.0	231.0
65508	16243	484.0	232.0
65520	16243	485.0	233.0
65532	16243	488.0	235.0
65544	16243	493.0	236.0
65556	16243	495.3333333333333	234.33333333333334
65568	16243	501.0	237.0
65580	16243	506.0	239.0
65592	16243	510.0	240.0
65604	16243	517.0	241.0
65616	16243	525.0	243.0
65628	16243	533.0	245.0
65640	16243	542.0	248.0
65652	16243	553.0	251.0
65664	16243	567.0	254.0
65676	16243	584.0	258.0
65688	16243	606.0	263.0
65700	16243	633.0	269.0
65712	16243	670.0	279.0
65724	16243	724.0	292.0
65736	16243	804.0	313.0
65748	16243	938.0	347.0
65832	16315	519.0	232.0
65844	16315	521.0	232.28571428571428
65856	16315	527.0	234.0
65868	16315	530.0	234.0
65880	16315	537.0	235.0
65892	16315	540.0	235.0
65904	16315	548.0	237.0
65916	16315	554.0	238.0
65928	16315	562.0	239.0
65940	16315	570.0	240.5
65952	16315	580.0	243.0
65964	16315	590.0	244.0
65976	16315	603.0	246.0
65988	16315	617.0	248.0
66000	16315	636.0	252.0
66012	16315	657.0	255.0
66024	16315	684.0	259.0
66036	16315	717.0	264.0
66048	16315	760.0	271.0
66060	16315	817.0	280.0
66072	16315	895.0	293.0
66084	16315	976.0	310.0
65964	16330	461.0	228.0
65976	16330	461.1875	228.1875
65988	16330	461.5625	228.5625
66000	16330	461.9375	228.9375
66012	16330	462.0	230.0
66024	16330	462.54545454545456	230.54545454545453
66036	16330	463.0	231.0
66048	16330	464.0	232.0
66060	16330	465.0	232.0
66072	16330	467.0	233.0
66084	16330	470.0	234.0
66096	16330	472.0	235.0
66108	16330	475.0	236.0
66120	16330	479.0	238.0
66132	16330	483.0	239.0
66144	16330	488.0	240.0
66156	16330	494.0	243.0
66168	16330	500.0	245.0
66180	16330	509.0	248.0
66192	16330	519.0	251.0
66204	16330	531.0	256.0
66216	16330	545.0	261.0
66228	16330	565.0	268.0
66240	16330	592.0	278.0
66252	16330	630.0	292.0
66264	16330	694.0	315.0
66276	16330	809.0	356.0
66288	16330	999.0	457.0
66012	16335	503.0	231.0
66024	16335	506.0	232.0
66036	16335	509.0	233.0
66048	16335	515.0	234.0
66060	16335	518.0	234.0
66072	16335	523.0	236.0
66084	16335	529.0	236.0
66096	16335	535.0	237.0
66108	16335	542.0	238.0
66120	16335	550.0	241.0
66132	16335	558.0	241.0
66144	16335	568.0	243.0
66156	16335	580.0	246.0
66168	16335	595.0	248.0
66180	16335	612.0	252.0
66192	16335	632.0	255.0
66204	16335	658.0	260.0
66216	16335	690.0	265.0
66228	16335	733.0	274.0
66240	16335	792.0	285.0
66252	16335	877.0	301.0
66264	16335	978.0	326.0
66264	16371	489.0	227.0
66276	16371	490.0	227.0
66288	16371	493.2	227.8
66300	16371	495.0	229.0
66312	16371	497.0	228.0
66324	16371	499.0	229.0
66336	16371	503.0	229.0
66348	16371	505.0	230.0
66360	16371	507.0	229.0
66372	16371	510.0	230.0
66384	16371	516.0	231.0
66396	16371	519.0	231.0
66408	16371	521.0	232.0
66420	16371	526.0	233.0
66432	16371	531.0	234.0
66444	16371	536.0	234.0
66456	16371	541.0	235.0
66468	16371	547.0	236.0
66480	16371	554.0	237.0
66492	16371	562.0	239.0
66504	16371	571.0	240.0
66516	16371	581.0	242.0
66528	16371	593.0	243.0
66540	16371	606.0	245.0
66552	16371	621.0	247.0
66564	16371	640.0	250.0
66576	16371	662.0	254.0
66588	16371	688.0	258.0
66600	16371	723.0	263.0
66612	16371	766.0	270.0
66624	16371	823.0	279.0
66636	16371	903.0	293.0
66648	16371	978.0	309.0
66360	16397	487.0	229.0
66372	16397	489.0	230.0
66384	16397	491.0	230.0
66396	16397	494.0	229.0
66408	16397	497.0	231.0
66420	16397	500.0	232.0
66432	16397	503.0	231.0
66444	16397	507.0	232.0
66456	16397	510.0	232.0
66468	16397	515.0	234.0
66480	16397	519.0	235.0
66492	16397	522.0	236.0
66504	16397	529.0	237.0
66516	16397	535.0	238.0
66528	16397	541.0	239.0
66540	16397	550.0	240.0
66552	16397	558.0	242.0
66564	16397	568.0	244.0
66576	16397	581.0	246.0
66588	16397	593.0	249.0
66600	16397	610.0	252.0
66612	16397	629.0	255.0
66624	16397	655.0	260.0
66636	16397	684.0	265.0
66648	16397	725.0	273.0
66660	16397	780.0	283.0
66672	16397	857.0	298.0
66684	16397	967.0	320.0
66408	16411	474.0	229.0
66420	16411	475.0	229.0
66432	16411	476.0	228.0
66444	16411	480.0	230.0
66456	16411	481.0	231.0
66468	16411	482.8333333333333	231.0
66480	16411	487.0	232.0
66492	16411	490.0	233.0
66504	16411	493.0	235.0
66516	16411	497.0	235.0
66528	16411	501.0	236.0
66540	16411	506.0	237.0
66552	16411	511.0	238.0
66564	16411	518.0	240.0
66576	16411	527.0	243.0
66588	16411	536.0	245.0
66600	16411	549.0	248.0
66612	16411	564.0	252.0
66624	16411	582.0	256.0
66636	16411	607.0	262.0
66648	16411	640.0	270.0
66660	16411	686.0	282.0
66672	16411	759.0	299.0
66684	16411	884.0	330.0
66516	16419	464.0	228.0
66528	16419	466.0	228.0
66540	16419	467.0	229.0
66552	16419	469.0	228.0
66564	16419	471.0	229.0
66576	16419	473.0	230.0
66588	16419	476.0	229.0
66600	16419	479.0	231.0
66612	16419	483.0	231.0
66624	16419	485.0	232.0
66636	16419	489.0	232.0
66648	16419	493.0	235.0
66660	16419	496.0	234.0
66672	16419	500.0	236.0
66684	16419	506.0	237.0
66696	16419	509.0	238.0
66708	16419	517.0	240.0
66720	16419	523.0	241.0
66732	16419	532.0	243.0
66744	16419	543.0	246.0
66756	16419	554.0	249.0
66768	16419	568.0	252.0
66780	16419	585.0	256.0
66792	16419	608.0	261.0
66804	16419	637.0	268.0
66816	16419	676.0	277.0
66828	16419	732.0	290.0
66840	16419	821.0	312.0
66852	16419	962.0	348.0
66756	16456	521.0	233.0
66768	16456	525.0	233.0
66780	16456	530.0	234.0
66792	16456	535.0	235.0
66804	16456	541.0	235.0
66816	16456	547.0	237.0
66828	16456	554.0	237.0
66840	16456	563.0	239.0
66852	16456	572.0	241.0
66864	16456	584.0	242.0
66876	16456	595.0	244.0
66888	16456	609.0	246.0
66900	16456	627.0	249.0
66912	16456	645.0	251.0
66924	16456	670.0	255.0
66936	16456	699.0	260.0
66948	16456	736.0	265.0
66960	16456	787.0	274.0
66972	16456	854.0	284.0
66984	16456	951.0	299.0
66756	16457	493.0	228.0
66768	16457	495.45454545454544	228.0
66780	16457	499.0	229.0
66792	16457	502.0	230.0
66804	16457	505.0	230.0
66816	16457	508.15384615384613	230.3846153846154
66828	16457	512.0	231.0
66840	16457	517.0	232.0
66852	16457	520.0	232.0
66864	16457	526.0	233.0
66876	16457	530.0	234.0
66888	16457	536.0	235.0
66900	16457	542.0	235.0
66912	16457	549.0	237.0
66924	16457	557.0	238.0
66936	16457	567.0	239.0
66948	16457	578.0	242.0
66960	16457	590.0	243.0
66972	16457	604.0	245.0
66984	16457	621.0	247.0
66996	16457	641.0	251.0
67008	16457	667.0	254.0
67020	16457	699.0	260.0
67032	16457	741.0	266.0
67044	16457	796.0	275.0
67056	16457	873.0	288.0
67068	16457	970.0	305.0
66864	16467	478.0	230.0
66876	16467	481.0	231.0
66888	16467	483.5	231.5
66900	16467	486.0	232.0
66912	16467	489.0	232.33333333333334
66924	16467	492.0	234.0
66936	16467	496.0	234.0
66948	16467	499.0	236.0
66960	16467	505.0	237.0
66972	16467	509.0	238.0
66984	16467	516.0	239.0
66996	16467	523.0	241.0
67008	16467	531.0	243.0
67020	16467	541.0	246.0
67032	16467	552.0	248.0
67044	16467	567.0	252.0
67056	16467	585.0	256.0
67068	16467	608.0	262.0
67080	16467	639.0	269.0
67092	16467	682.0	279.0
67104	16467	747.0	295.0
67116	16467	852.0	320.0
67128	16467	990.0	367.0
67020	16477	479.0	230.0
67032	16477	481.0	231.0
67044	16477	483.27272727272725	231.27272727272728
67056	16477	486.0	232.0
67068	16477	488.5	233.0
67080	16477	492.0	234.0
67092	16477	495.0	234.0
67104	16477	499.0	236.0
67116	16477	503.0	236.0
67128	16477	509.0	238.0
67140	16477	514.0	240.0
67152	16477	521.0	241.0
67164	16477	529.0	243.0
67176	16477	537.0	245.0
67188	16477	547.0	247.0
67200	16477	559.0	250.0
67212	16477	574.0	254.0
67224	16477	594.0	258.0
67236	16477	617.0	264.0
67248	16477	649.0	271.0
67260	16477	692.0	281.0
67272	16477	757.0	296.0
67284	16477	855.0	320.0
67296	16477	985.0	362.0
67104	16485	439.0	227.0
67116	16485	440.0	228.0
67128	16485	440.22222222222223	227.0
67140	16485	442.0	227.4
67152	16485	443.0	227.0
67164	16485	444.0	228.0
67176	16485	445.0	228.0
67188	16485	445.8	226.2
67200	16485	448.0	228.0
67212	16485	450.0	230.0
67224	16485	451.3	229.7
67236	16485	452.0	229.0
67248	16485	454.0	231.0
67260	16485	456.1875	231.0
67272	16485	458.4375	231.0
67284	16485	460.0	232.0
67296	16485	461.125	232.0
67308	16485	463.0	233.0
67320	16485	465.0	235.0
67332	16485	466.0	235.0
67344	16485	470.0	236.0
67356	16485	472.0	237.0
67368	16485	475.0	238.0
67380	16485	478.0	239.0
67392	16485	481.0	240.0
67404	16485	486.0	242.0
67416	16485	491.0	243.0
67428	16485	496.0	245.0
67440	16485	502.0	247.0
67452	16485	510.0	249.0
67464	16485	520.0	253.0
67476	16485	530.0	257.0
67488	16485	543.0	261.0
67500	16485	560.0	266.0
67512	16485	581.0	274.0
67524	16485	611.0	284.0
67536	16485	651.0	298.0
67548	16485	713.0	320.0
67560	16485	818.0	357.0
67572	16485	989.0	441.0
67272	16514	504.0	232.0
67284	16514	507.0	232.0
67296	16514	511.0	233.0
67308	16514	516.0	234.0
67320	16514	520.0	235.0
67332	16514	525.0	237.0
67344	16514	532.0	237.0
67356	16514	538.0	239.0
67368	16514	546.0	240.0
67380	16514	555.0	242.0
67392	16514	565.0	243.0
67404	16514	576.0	246.0
67416	16514	590.0	248.0
67428	16514	605.0	251.0
67440	16514	626.0	254.0
67452	16514	650.0	259.0
67464	16514	685.0	265.0
67476	16514	726.0	273.0
67488	16514	787.0	285.0
67500	16514	872.0	301.0
67512	16514	969.0	327.0
67416	16546	470.0	230.0
67428	16546	470.0	229.0
67440	16546	471.0	231.0
67452	16546	472.0	231.0
67464	16546	473.5	231.0
67476	16546	475.0	232.0
67488	16546	475.4736842105263	232.94736842105263
67500	16546	477.0	235.0
67512	16546	477.0	235.0
67524	16546	478.0	236.0
67536	16546	481.0	237.0
67548	16546	484.0	239.0
67560	16546	487.0	240.0
67572	16546	491.0	241.0
67584	16546	496.0	243.0
67596	16546	502.0	246.0
67608	16546	508.0	249.0
67620	16546	517.0	252.0
67632	16546	528.0	256.0
67644	16546	543.0	261.0
67656	16546	562.0	268.0
67668	16546	587.0	277.0
67680	16546	624.0	290.0
67692	16546	680.0	310.0
67704	16546	778.0	343.0
67716	16546	970.0	420.0
67488	16564	503.6666666666667	232.0
67500	16564	506.81481481481484	232.5185185185185
67512	16564	509.9259259259259	233.40740740740742
67524	16564	514.0	234.5
67536	16564	517.0	235.0
67548	16564	521.0	236.0
67560	16564	528.0	236.0
67572	16564	534.0	238.0
67584	16564	540.0	238.0
67596	16564	549.0	241.0
67608	16564	556.0	241.0
67620	16564	566.0	244.0
67632	16564	579.0	246.0
67644	16564	593.0	249.0
67656	16564	609.0	252.0
67668	16564	629.0	255.0
67680	16564	655.0	260.0
67692	16564	686.0	266.0
67704	16564	726.0	266.0
67716	16564	793.0	284.0
67728	16564	879.0	301.0
67740	16564	980.0	326.0
67572	16580	465.0	235.0
67584	16580	466.8333333333333	235.0
67596	16580	470.0	236.0
67608	16580	473.0	236.0
67620	16580	477.0	237.0
67632	16580	480.0	238.0
67644	16580	484.0	240.0
67656	16580	488.0	242.0
67668	16580	493.0	243.0
67680	16580	497.0	245.0
67692	16580	505.0	247.0
67704	16580	511.0	250.0
67716	16580	521.0	254.0
67728	16580	533.0	258.0
67740	16580	548.0	263.0
67752	16580	566.0	269.0
67764	16580	590.0	279.0
67776	16580	625.0	292.0
67788	16580	677.0	311.0
67800	16580	764.0	343.0
67812	16580	940.0	407.0
67596	16590	522.75	233.0
67608	16590	528.5	233.5
67620	16590	533.0	234.0
67632	16590	537.0	235.0
67644	16590	542.0	235.0
67656	16590	549.0	236.0
67668	16590	557.0	238.0
67680	16590	565.0	239.0
67692	16590	575.0	241.0
67704	16590	585.0	242.0
67716	16590	596.0	243.0
67728	16590	610.0	246.0
67740	16590	625.0	248.0
67752	16590	643.0	251.0
67764	16590	666.0	254.0
67776	16590	693.0	259.0
67788	16590	726.0	264.0
67800	16590	770.0	271.0
67812	16590	828.0	280.0
67824	16590	909.0	292.0
67836	16590	981.0	309.0
67656	16606	461.0	233.0
67668	16606	464.0	232.0
67680	16606	466.0	234.0
67692	16606	467.0	234.0
67704	16606	468.0	234.0
67716	16606	471.0	235.0
67728	16606	474.0	237.0
67740	16606	476.0	237.0
67752	16606	479.0	238.0
67764	16606	482.0	240.0
67776	16606	487.0	242.0
67788	16606	491.0	243.0
67800	16606	496.0	244.0
67812	16606	501.0	246.0
67824	16606	507.0	249.0
67836	16606	513.0	251.0
67848	16606	523.0	254.0
67860	16606	533.0	258.0
67872	16606	546.0	262.0
67884	16606	563.0	268.0
67896	16606	584.0	275.0
67908	16606	613.0	286.0
67920	16606	653.0	300.0
67932	16606	714.0	322.0
67944	16606	819.0	358.0
67956	16606	981.0	431.0
67776	16675	460.1	231.1
67788	16675	462.0	232.0
67800	16675	463.5	233.0
67812	16675	464.0	233.0
67824	16675	466.0	235.0
67836	16675	468.0	234.0
67848	16675	471.0	236.0
67860	16675	473.0	236.0
67872	16675	476.0	238.0
67884	16675	479.0	238.0
67896	16675	481.0	239.0
67908	16675	486.0	241.0
67920	16675	491.0	242.0
67932	16675	496.0	245.0
67944	16675	502.0	246.0
67956	16675	508.0	249.0
67968	16675	516.0	251.0
67980	16675	526.0	255.0
67992	16675	537.0	258.0
68004	16675	552.0	263.0
68016	16675	569.0	270.0
68028	16675	593.0	277.0
68040	16675	624.0	288.0
68052	16675	669.0	304.0
68064	16675	738.0	328.0
68076	16675	855.0	369.0
68088	16675	1001.0	454.0
67824	16704	444.0	227.0
67836	16704	445.0	228.0
67848	16704	444.0	227.0
67860	16704	444.0	227.0
67872	16704	444.6666666666667	226.0
67884	16704	445.0	227.0
67896	16704	445.0	227.0
67908	16704	448.0	228.0
67920	16704	449.0	228.0
67932	16704	450.0	228.0
67944	16704	450.25	228.125
67956	16704	451.75	228.875
67968	16704	453.0	230.0
67980	16704	457.0	228.5
67992	16704	457.2857142857143	229.14285714285714
68004	16704	460.0	231.0
68016	16704	461.1666666666667	231.0
68028	16704	462.5	231.0
68040	16704	464.0	232.0
68052	16704	467.4	232.13333333333333
68064	16704	469.8	232.93333333333334
68076	16704	473.0	234.0
68088	16704	476.0	235.0
68100	16704	479.0	235.0
68112	16704	483.0	237.0
68124	16704	488.0	239.0
68136	16704	493.0	240.0
68148	16704	499.0	242.0
68160	16704	505.0	243.0
68172	16704	512.0	245.0
68184	16704	520.0	248.0
68196	16704	530.0	250.0
68208	16704	543.0	253.0
68220	16704	557.0	257.0
68232	16704	575.0	262.0
68244	16704	598.0	268.0
68256	16704	629.0	277.0
68268	16704	672.0	287.0
68280	16704	736.0	305.0
68292	16704	836.0	332.0
68304	16704	981.0	384.0
67968	16754	490.7	234.9
67980	16754	495.0	235.0
67992	16754	499.0	236.0
68004	16754	503.0	237.0
68016	16754	508.0	238.0
68028	16754	515.0	239.0
68040	16754	521.0	241.0
68052	16754	529.0	243.0
68064	16754	537.0	244.0
68076	16754	545.0	247.0
68088	16754	557.0	249.0
68100	16754	570.0	253.0
68112	16754	585.0	256.0
68124	16754	605.0	260.0
68136	16754	629.0	267.0
68148	16754	662.0	274.0
68160	16754	705.0	285.0
68172	16754	768.0	300.0
68184	16754	866.0	324.0
68196	16754	985.0	366.0
68268	16812	503.0	232.0
68280	16812	506.0	233.0
68292	16812	510.0	235.0
68304	16812	515.0	236.0
68316	16812	520.0	235.0
68328	16812	527.0	237.0
68340	16812	532.0	238.0
68352	16812	540.0	240.0
68364	16812	548.0	242.0
68376	16812	558.0	243.0
68388	16812	569.0	246.0
68400	16812	582.0	248.0
68412	16812	598.0	251.0
68424	16812	618.0	255.0
68436	16812	643.0	259.0
68448	16812	675.0	265.0
68460	16812	716.0	273.0
68472	16812	777.0	284.0
68484	16812	864.0	302.0
68496	16812	976.0	329.0
68376	16838	497.25	228.0
68388	16838	500.0	229.0
68400	16838	502.0	229.0
68412	16838	506.0	229.0
68424	16838	508.0	230.0
68436	16838	515.0	230.0
68448	16838	519.0	231.0
68460	16838	521.0	231.0
68472	16838	525.0	232.0
68484	16838	528.0	233.0
68496	16838	534.0	234.0
68508	16838	539.0	235.0
68520	16838	543.0	236.0
68532	16838	551.0	236.0
68544	16838	558.0	238.0
68556	16838	567.0	240.0
68568	16838	577.0	241.0
68580	16838	589.0	243.0
68592	16838	600.0	244.0
68604	16838	615.0	247.0
68616	16838	632.0	249.0
68628	16838	653.0	252.0
68640	16838	678.0	257.0
68652	16838	711.0	262.0
68664	16838	749.0	268.0
68676	16838	800.0	276.0
68688	16838	870.0	289.0
68700	16838	960.0	304.0
68712	16838	980.0	312.0
68724	16838	976.0	303.0
68736	16838	990.0	316.0
68376	16840	515.0	232.0
68388	16840	518.2	232.15
68400	16840	523.0	232.75
68412	16840	528.0	233.0
68424	16840	532.8	233.6
68436	16840	540.0	235.0
68448	16840	542.0	235.0
68460	16840	550.0	236.0
68472	16840	557.0	237.0
68484	16840	566.0	239.0
68496	16840	576.0	241.0
68508	16840	587.0	242.0
68520	16840	600.0	244.0
68532	16840	614.0	246.0
68544	16840	632.0	249.0
68556	16840	653.0	252.0
68568	16840	677.0	256.0
68580	16840	708.0	261.0
68592	16840	746.0	267.0
68604	16840	797.0	275.0
68616	16840	866.0	286.0
68628	16840	957.0	300.0
68400	16847	466.0	227.0
68412	16847	466.0	228.0
68424	16847	465.2	228.0
68436	16847	467.1	228.0
68448	16847	468.3	228.0
68460	16847	470.0	228.0
68472	16847	471.0	230.0
68484	16847	473.0	230.0
68496	16847	474.3333333333333	230.0
68508	16847	476.0	231.0
68520	16847	478.0	231.0
68532	16847	479.375	231.0
68544	16847	483.0	232.0
68556	16847	485.0	232.0
68568	16847	488.0	234.0
68580	16847	492.0	235.0
68592	16847	495.0	235.0
68604	16847	499.0	237.0
68616	16847	505.0	238.0
68628	16847	510.0	239.0
68640	16847	516.0	241.0
68652	16847	524.0	243.0
68664	16847	531.0	244.0
68676	16847	542.0	247.0
68688	16847	553.0	250.0
68700	16847	568.0	253.0
68712	16847	587.0	258.0
68724	16847	611.0	264.0
68736	16847	643.0	272.0
68748	16847	689.0	283.0
68760	16847	755.0	300.0
68772	16847	863.0	327.0
68784	16847	993.0	377.0
68628	16891	492.2857142857143	231.0
68640	16891	496.6666666666667	231.53333333333333
68652	16891	500.0	232.0
68664	16891	503.0	232.0
68676	16891	507.0	234.0
68688	16891	512.0	234.0
68700	16891	516.0	235.0
68712	16891	519.0	236.0
68724	16891	525.0	237.0
68736	16891	531.0	237.0
68748	16891	538.0	239.0
68760	16891	544.0	241.0
68772	16891	552.0	241.0
68784	16891	561.0	244.0
68796	16891	571.0	246.0
68808	16891	584.0	247.0
68820	16891	599.0	251.0
68832	16891	617.0	253.0
68844	16891	641.0	257.0
68856	16891	667.0	262.0
68868	16891	701.0	268.0
68880	16891	745.0	276.0
68892	16891	806.0	289.0
68904	16891	897.0	305.0
68916	16891	983.0	331.0
68760	16926	506.0	234.0
68772	16926	509.0	234.0
68784	16926	512.0	235.0
68796	16926	517.0	236.0
68808	16926	522.0	236.0
68820	16926	527.0	237.0
68832	16926	533.0	238.0
68844	16926	541.0	240.0
68856	16926	548.0	242.0
68868	16926	556.0	243.0
68880	16926	566.0	245.0
68892	16926	577.0	247.0
68904	16926	589.0	249.0
68916	16926	605.0	252.0
68928	16926	624.0	255.0
68940	16926	646.0	260.0
68952	16926	674.0	265.0
68964	16926	710.0	271.0
68976	16926	757.0	280.0
68988	16926	824.0	293.0
69000	16926	920.0	311.0
69012	16926	990.0	339.0
68772	16929	478.0	231.0
68784	16929	480.0	230.0
68796	16929	483.0	233.0
68808	16929	485.0	233.0
68820	16929	488.0	234.0
68832	16929	491.0	234.0
68844	16929	495.0	235.0
68856	16929	499.0	235.0
68868	16929	503.0	237.0
68880	16929	506.0	237.0
68892	16929	511.0	239.0
68904	16929	518.0	240.0
68916	16929	524.0	241.0
68928	16929	531.0	243.0
68940	16929	539.0	245.0
68952	16929	549.0	247.0
68964	16929	560.0	250.0
68976	16929	574.0	254.0
68988	16929	589.0	257.0
69000	16929	610.0	262.0
69012	16929	636.0	268.0
69024	16929	670.0	277.0
69036	16929	717.0	288.0
69048	16929	788.0	306.0
69060	16929	899.0	333.0
69072	16929	999.0	381.0
68892	16952	478.8421052631579	231.21052631578948
68904	16952	481.36842105263156	231.8421052631579
68916	16952	484.0	234.0
68928	16952	485.85714285714283	233.0
68940	16952	489.0	234.0
68952	16952	491.0	234.0
68964	16952	495.0	235.0
68976	16952	499.0	236.0
68988	16952	502.0	237.0
69000	16952	507.0	238.0
69012	16952	511.0	239.0
69024	16952	516.0	240.0
69036	16952	523.0	242.0
69048	16952	529.0	244.0
69060	16952	539.0	246.0
69072	16952	546.0	248.0
69084	16952	559.0	251.0
69096	16952	572.0	254.0
69108	16952	588.0	258.0
69120	16952	609.0	263.0
69132	16952	636.0	269.0
69144	16952	670.0	278.0
69156	16952	717.0	289.0
69168	16952	788.0	306.0
69180	16952	899.0	334.0
68940	16962	445.0	227.0
68952	16962	444.0	227.0
68964	16962	444.0	227.0
68976	16962	445.0	226.0
68988	16962	445.0	227.0
69000	16962	446.0	227.0
69012	16962	448.0	228.0
69024	16962	449.0	228.0
69036	16962	449.0	229.0
69048	16962	451.0	228.0
69060	16962	451.0	228.0
69072	16962	452.0	229.0
69084	16962	454.0	229.0
69096	16962	455.0	229.0
69108	16962	456.0	229.0
69120	16962	458.0	230.0
69132	16962	460.0	231.0
69144	16962	461.0	231.0
69156	16962	463.0	233.0
69168	16962	464.0	232.0
69180	16962	468.0	235.0
69192	16962	469.0	234.0
69204	16962	472.0	236.0
69216	16962	475.0	236.0
69228	16962	478.0	238.0
69240	16962	482.0	239.0
69252	16962	486.0	240.0
69264	16962	490.0	242.0
69276	16962	496.0	244.0
69288	16962	502.0	246.0
69300	16962	509.0	249.0
69312	16962	520.0	253.0
69324	16962	531.0	257.0
69336	16962	546.0	262.0
69348	16962	566.0	269.0
69360	16962	594.0	279.0
69372	16962	633.0	293.0
69384	16962	694.0	316.0
69396	16962	806.0	357.0
69408	16962	1000.0	458.0
69048	16975	488.0	233.0
69060	16975	491.0	234.0
69072	16975	493.0	235.0
69084	16975	495.0	235.0
69096	16975	500.0	236.0
69108	16975	502.0	237.0
69120	16975	507.0	237.0
69132	16975	511.0	239.0
69144	16975	516.0	240.0
69156	16975	521.0	241.0
69168	16975	530.0	243.0
69180	16975	536.0	245.0
69192	16975	545.0	247.0
69204	16975	556.0	249.0
69216	16975	568.0	252.0
69228	16975	583.0	256.0
69240	16975	602.0	260.0
69252	16975	625.0	266.0
69264	16975	655.0	273.0
69276	16975	694.0	282.0
69288	16975	750.0	296.0
69300	16975	833.0	317.0
69312	16975	961.0	348.0
69204	17031	510.0	234.0
69216	17031	512.0	234.0
69228	17031	517.0	236.0
69240	17031	520.0	236.0
69252	17031	527.0	237.0
69264	17031	531.0	238.0
69276	17031	538.5	239.0
69288	17031	545.0	240.0
69300	17031	553.0	242.0
69312	17031	562.0	244.0
69324	17031	573.0	246.0
69336	17031	585.0	248.0
69348	17031	600.0	250.0
69360	17031	617.0	253.0
69372	17031	638.0	256.0
69384	17031	664.0	257.0
69396	17031	702.0	268.0
69408	17031	743.0	276.0
69420	17031	802.0	287.0
69432	17031	887.0	303.0
69444	17031	978.0	326.0
69396	17099	477.0	227.0
69408	17099	478.14285714285717	228.0
69420	17099	479.85714285714283	228.0
69432	17099	481.57142857142856	228.0
69444	17099	484.0	228.0
69456	17099	485.6	229.0
69468	17099	488.0	230.0
69480	17099	490.0	230.0
69492	17099	492.0	229.0
69504	17099	495.0	231.0
69516	17099	498.0	231.0
69528	17099	500.0	232.0
69540	17099	505.0	233.0
69552	17099	508.0	233.0
69564	17099	512.0	234.0
69576	17099	517.0	235.0
69588	17099	521.0	236.0
69600	17099	528.0	237.0
69612	17099	533.0	237.0
69624	17099	540.0	238.0
69636	17099	547.0	240.0
69648	17099	555.0	242.0
69660	17099	565.0	243.0
69672	17099	577.0	246.0
69684	17099	590.0	248.0
69696	17099	605.0	250.0
69708	17099	624.0	254.0
69720	17099	647.0	258.0
69732	17099	676.0	263.0
69744	17099	712.0	270.0
69756	17099	761.0	278.0
69768	17099	830.0	292.0
69780	17099	932.0	310.0
69792	17099	995.0	339.0
69504	17141	466.0	228.0
69516	17141	466.54545454545456	228.0
69528	17141	467.0	228.0
69540	17141	469.0	229.0
69552	17141	471.1714285714286	229.05714285714285
69564	17141	473.22857142857146	229.74285714285713
69576	17141	475.2857142857143	230.42857142857142
69588	17141	477.0	231.0
69600	17141	479.0	231.0
69612	17141	481.0	232.0
69624	17141	483.0	232.0
69636	17141	486.0	234.0
69648	17141	490.0	235.0
69660	17141	492.0	235.0
69672	17141	496.0	236.0
69684	17141	499.0	237.0
69696	17141	505.0	238.0
69708	17141	509.0	239.0
69720	17141	516.0	241.0
69732	17141	523.0	243.0
69744	17141	530.0	245.0
69756	17141	540.0	247.0
69768	17141	550.0	250.0
69780	17141	563.0	253.0
69792	17141	580.0	257.0
69804	17141	600.0	262.0
69816	17141	627.0	269.0
69828	17141	662.0	278.0
69840	17141	712.0	290.0
69852	17141	786.0	310.0
69864	17141	909.0	341.0
69876	17141	1005.0	393.0
69768	17217	468.0	229.0
69780	17217	470.0	230.0
69792	17217	471.8333333333333	229.27777777777777
69804	17217	473.8333333333333	229.94444444444446
69816	17217	475.8333333333333	230.61111111111111
69828	17217	477.6	231.0
69840	17217	479.42857142857144	231.47619047619048
69852	17217	481.0	233.0
69864	17217	483.0	232.0
69876	17217	487.0	234.0
69888	17217	489.0	234.0
69900	17217	492.0	235.0
69912	17217	495.0	235.0
69924	17217	498.0	237.0
69936	17217	503.0	238.0
69948	17217	509.0	238.0
69960	17217	514.0	240.0
69972	17217	521.0	242.0
69984	17217	528.0	244.0
69996	17217	537.0	246.0
70008	17217	547.0	248.0
70020	17217	559.0	252.0
70032	17217	573.0	255.0
70044	17217	593.0	260.0
70056	17217	616.0	265.0
70068	17217	648.0	273.0
70080	17217	691.0	283.0
70092	17217	753.0	298.0
70104	17217	852.0	323.0
70116	17217	984.0	365.0
69792	17222	450.7826086956522	226.82608695652175
69804	17222	448.95652173913044	226.56521739130434
69816	17222	447.1304347826087	226.30434782608697
69828	17222	445.30434782608694	226.04347826086956
69840	17222	445.0	226.0
69852	17222	445.0	227.0
69864	17222	445.0	227.0
69876	17222	446.0	227.0
69888	17222	448.0	227.0
69900	17222	449.0	227.0
69912	17222	450.0	227.0
69924	17222	451.0	228.0
69936	17222	453.0	228.0
69948	17222	455.8	228.0
69960	17222	457.0	228.0
69972	17222	460.0	228.5
69984	17222	462.0	230.0
69996	17222	465.0	230.0
70008	17222	467.0	230.0
70020	17222	469.0	232.0
70032	17222	472.0	232.0
70044	17222	474.0	232.0
70056	17222	478.0	233.0
70068	17222	481.0	233.0
70080	17222	485.0	234.0
70092	17222	488.0	235.0
70104	17222	493.0	235.0
70116	17222	498.0	237.0
70128	17222	503.0	238.0
70140	17222	509.0	239.0
70152	17222	516.0	241.0
70164	17222	523.0	242.0
70176	17222	532.0	244.0
70188	17222	541.0	247.0
70200	17222	551.0	249.0
70212	17222	565.0	252.0
70224	17222	580.0	256.0
70236	17222	600.0	260.0
70248	17222	623.0	266.0
70260	17222	654.0	273.0
70272	17222	695.0	283.0
70284	17222	754.0	298.0
70296	17222	844.0	320.0
70308	17222	972.0	357.0
69864	17235	467.0	229.0
69876	17235	468.07142857142856	230.0
69888	17235	469.35714285714283	230.0
69900	17235	471.8888888888889	231.0
69912	17235	474.0	232.0
69924	17235	478.6	232.2
69936	17235	482.0	234.0
69948	17235	484.3333333333333	235.0
69960	17235	490.0	235.0
69972	17235	494.0	237.0
69984	17235	498.0	238.0
69996	17235	504.0	239.0
70008	17235	511.0	241.0
70020	17235	519.0	242.0
70032	17235	526.0	245.0
70044	17235	536.0	247.0
70056	17235	548.0	250.0
70068	17235	561.0	254.0
70080	17235	577.0	257.0
70092	17235	599.0	263.0
70104	17235	626.0	269.0
70116	17235	662.0	278.0
70128	17235	715.0	292.0
70140	17235	792.0	311.0
70152	17235	922.0	344.0
70248	17323	517.3333333333334	230.0
70260	17323	521.0	230.0
70272	17323	525.0	231.0
70284	17323	530.0	232.0
70296	17323	535.0	232.0
70308	17323	540.0	233.0
70320	17323	546.0	234.0
70332	17323	553.0	236.0
70344	17323	560.0	236.0
70356	17323	569.0	237.0
70368	17323	579.0	239.0
70380	17323	589.0	240.0
70392	17323	601.0	242.0
70404	17323	616.0	244.0
70416	17323	633.0	246.0
70428	17323	653.0	249.0
70440	17323	678.0	252.0
70452	17323	708.0	256.0
70464	17323	744.0	262.0
70476	17323	793.0	268.0
70488	17323	859.0	278.0
70500	17323	952.0	291.0
70308	17339	480.0	228.0
70320	17339	481.0	228.0
70332	17339	482.1818181818182	227.04545454545453
70344	17339	484.3636363636364	227.5909090909091
70356	17339	486.54545454545456	228.13636363636363
70368	17339	488.72727272727275	228.6818181818182
70380	17339	490.0	230.0
70392	17339	493.0	231.0
70404	17339	495.0	231.4
70416	17339	497.4	232.36
70428	17339	501.0	232.5
70440	17339	504.55555555555554	232.0
70452	17339	507.0	234.0
70464	17339	514.0	234.0
70476	17339	517.0	236.0
70488	17339	522.0	236.0
70500	17339	527.0	237.0
70512	17339	534.0	239.0
70524	17339	541.0	240.0
70536	17339	550.0	241.0
70548	17339	558.0	243.0
70560	17339	568.0	245.0
70572	17339	579.0	247.0
70584	17339	594.0	249.0
70596	17339	611.0	253.0
70608	17339	631.0	257.0
70620	17339	658.0	262.0
70632	17339	690.0	268.0
70644	17339	735.0	276.0
70656	17339	796.0	287.0
70668	17339	886.0	304.0
70680	17339	982.0	331.0
70488	17365	478.0	231.0
70500	17365	481.0	230.0
70512	17365	483.0	232.0
70524	17365	485.6	233.0
70536	17365	489.0	235.0
70548	17365	492.0	234.0
70560	17365	497.0	235.0
70572	17365	502.0	236.0
70584	17365	507.0	238.0
70596	17365	513.0	240.0
70608	17365	519.0	241.0
70620	17365	527.0	243.0
70632	17365	535.0	245.0
70644	17365	546.0	248.0
70656	17365	559.0	252.0
70668	17365	575.0	255.0
70680	17365	595.0	260.0
70692	17365	621.0	267.0
70704	17365	657.0	275.0
70716	17365	708.0	289.0
70728	17365	789.0	309.0
70740	17365	929.0	345.0
70620	17387	490.0	235.0
70632	17387	492.0	234.0
70644	17387	497.0	235.0
70656	17387	500.0	236.0
70668	17387	505.0	237.0
70680	17387	510.0	238.0
70692	17387	517.0	240.0
70704	17387	523.0	241.0
70716	17387	531.0	243.0
70728	17387	540.0	246.0
70740	17387	549.0	247.0
70752	17387	560.0	250.0
70764	17387	574.0	254.0
70776	17387	593.0	258.0
70788	17387	614.0	264.0
70800	17387	643.0	271.0
70812	17387	681.0	280.0
70824	17387	734.0	292.0
70836	17387	814.0	312.0
70848	17387	947.0	343.0
70656	17392	478.0	231.0
70668	17392	479.0	230.0
70680	17392	480.8	231.6
70692	17392	483.0	233.0
70704	17392	486.0	233.0
70716	17392	488.0	235.0
70728	17392	492.0	235.0
70740	17392	494.0	235.0
70752	17392	498.0	236.0
70764	17392	502.0	237.0
70776	17392	507.0	238.0
70788	17392	513.0	240.0
70800	17392	519.0	242.0
70812	17392	526.0	244.0
70824	17392	536.0	246.0
70836	17392	545.0	249.0
70848	17392	557.0	252.0
70860	17392	572.0	255.0
70872	17392	590.0	259.0
70884	17392	611.0	264.0
70896	17392	640.0	272.0
70908	17392	679.0	281.0
70920	17392	734.0	295.0
70932	17392	817.0	317.0
70944	17392	956.0	353.0
70692	17398	458.0	230.0
70704	17398	458.0	229.5625
70716	17398	458.0	230.0
70728	17398	460.0	231.0
70740	17398	460.0	232.0
70752	17398	461.0	232.0
70764	17398	463.0	232.0
70776	17398	464.0	232.0
70788	17398	467.0	232.0
70800	17398	469.0	234.0
70812	17398	469.0	234.0
70824	17398	471.0	235.0
70836	17398	473.0	235.0
70848	17398	476.0	236.0
70860	17398	478.0	237.0
70872	17398	481.0	239.0
70884	17398	485.0	238.0
70896	17398	488.0	240.0
70908	17398	492.0	242.0
70920	17398	497.0	243.0
70932	17398	501.0	244.0
70944	17398	507.0	246.0
70956	17398	513.0	248.0
70968	17398	521.0	251.0
70980	17398	530.0	254.0
70992	17398	541.0	257.0
71004	17398	553.0	262.0
71016	17398	567.0	267.0
71028	17398	588.0	274.0
71040	17398	612.0	283.0
71052	17398	648.0	294.0
71064	17398	696.0	312.0
71076	17398	775.0	338.0
71088	17398	912.0	385.0
71100	17398	1018.0	492.0
71112	17398	1016.0	492.0
70812	17436	493.2692307692308	231.07692307692307
70824	17436	496.5	232.0
70836	17436	499.7307692307692	232.92307692307693
70848	17436	503.0	234.0
70860	17436	507.0	234.0
70872	17436	510.0	235.0
70884	17436	515.0	236.0
70896	17436	521.0	237.0
70908	17436	526.0	237.0
70920	17436	532.0	238.0
70932	17436	539.0	240.0
70944	17436	547.0	242.0
70956	17436	555.0	244.0
70968	17436	565.0	246.0
70980	17436	577.0	248.0
70992	17436	591.0	250.0
71004	17436	607.0	253.0
71016	17436	626.0	257.0
71028	17436	652.0	262.0
71040	17436	684.0	268.0
71052	17436	725.0	275.0
71064	17436	781.0	286.0
71076	17436	862.0	301.0
71088	17436	979.0	326.0
70956	17482	462.0	232.0
70968	17482	464.0	232.0
70980	17482	466.0	233.0
70992	17482	467.0	233.0
71004	17482	468.0	235.0
71016	17482	469.0	235.0
71028	17482	472.0	235.0
71040	17482	475.0	236.0
71052	17482	478.0	237.0
71064	17482	481.0	238.0
71076	17482	486.0	240.0
71088	17482	490.0	241.0
71100	17482	495.0	243.0
71112	17482	499.0	244.0
71124	17482	508.0	247.0
71136	17482	517.0	250.0
71148	17482	527.0	253.0
71160	17482	539.0	256.0
71172	17482	557.0	261.0
71184	17482	579.0	268.0
71196	17482	607.0	276.0
71208	17482	646.0	287.0
71220	17482	705.0	304.0
71232	17482	801.0	332.0
71244	17482	962.0	379.0
71028	17501	452.0	228.0
71040	17501	454.0	228.0
71052	17501	454.0	228.0
71064	17501	454.0	229.0
71076	17501	454.7857142857143	229.0
71088	17501	455.0	229.0
71100	17501	457.0	230.0
71112	17501	457.0	230.0
71124	17501	460.0	231.0
71136	17501	460.0	231.0
71148	17501	462.0	232.0
71160	17501	463.0	232.0
71172	17501	465.0	233.0
71184	17501	467.0	234.0
71196	17501	468.0	235.0
71208	17501	470.0	234.0
71220	17501	473.0	235.0
71232	17501	476.0	236.0
71244	17501	479.0	237.0
71256	17501	483.0	237.0
71268	17501	487.0	238.0
71280	17501	492.0	240.0
71292	17501	497.0	241.0
71304	17501	503.0	242.0
71316	17501	510.0	244.0
71328	17501	517.0	247.0
71340	17501	526.0	248.0
71352	17501	535.0	250.0
71364	17501	549.0	254.0
71376	17501	562.0	257.0
71388	17501	580.0	261.0
71400	17501	601.0	267.0
71412	17501	627.0	274.0
71424	17501	664.0	283.0
71436	17501	713.0	296.0
71448	17501	786.0	315.0
71460	17501	901.0	345.0
71472	17501	1001.0	399.0
71220	17558	491.0	230.0
71232	17558	494.0	231.0
71244	17558	496.0	232.0
71256	17558	499.6666666666667	231.66666666666666
71268	17558	502.14285714285717	232.0
71280	17558	506.0	232.0
71292	17558	509.0	233.0
71304	17558	514.0	234.0
71316	17558	517.6666666666666	235.0
71328	17558	522.6271186440678	235.27118644067798
71340	17558	527.5084745762712	236.08474576271186
71352	17558	532.3898305084746	236.89830508474577
71364	17558	537.271186440678	237.71186440677965
71376	17558	542.1525423728814	238.52542372881356
71388	17558	549.0625	239.625
71400	17558	559.0	242.0
71412	17558	570.0	244.0
71424	17558	582.0	246.0
71436	17558	594.0	249.0
71448	17558	610.0	251.0
71460	17558	626.0	254.0
71472	17558	649.0	258.0
71484	17558	675.0	263.0
71496	17558	709.0	270.0
71508	17558	743.7647058823529	272.05882352941177
71520	17558	777.6470588235294	275.5882352941176
71532	17558	811.5294117647059	279.11764705882354
71544	17558	913.0	309.0
71328	17601	466.0	233.0
71340	17601	466.125	233.375
71352	17601	469.0	234.0
71364	17601	471.0	234.0
71376	17601	472.0	236.0
71388	17601	473.8	236.8
71400	17601	478.0	237.0
71412	17601	481.0	239.0
71424	17601	484.0	240.0
71436	17601	488.0	242.0
71448	17601	494.0	243.0
71460	17601	497.0	244.0
71472	17601	506.0	248.0
71484	17601	513.0	250.0
71496	17601	523.0	253.0
71508	17601	534.0	257.0
71520	17601	551.0	262.0
71532	17601	570.0	269.0
71544	17601	596.0	278.0
71556	17601	632.0	291.0
71568	17601	690.0	310.0
71580	17601	788.0	345.0
71592	17601	974.0	420.0
71352	17608	489.0	232.0
71364	17608	492.0	234.0
71376	17608	494.0	234.0
71388	17608	497.0	235.0
71400	17608	502.0	235.0
71412	17608	506.0	237.0
71424	17608	511.0	239.0
71436	17608	516.0	239.0
71448	17608	524.0	241.0
71460	17608	530.0	243.0
71472	17608	537.0	244.0
71484	17608	546.0	247.0
71496	17608	559.0	249.0
71508	17608	570.0	252.0
71520	17608	586.0	256.0
71532	17608	604.0	261.0
71544	17608	630.0	267.0
71556	17608	660.0	275.0
71568	17608	701.0	284.0
71580	17608	755.0	285.0
71592	17608	849.0	309.0
71604	17608	981.0	357.0
71448	17641	459.125	231.375
71460	17641	460.0	232.0
71472	17641	462.0	233.0
71484	17641	463.0	233.0
71496	17641	465.0	234.0
71508	17641	467.0	234.0
71520	17641	469.0	236.0
71532	17641	470.0	236.0
71544	17641	473.0	237.0
71556	17641	476.0	239.0
71568	17641	479.0	240.0
71580	17641	482.0	241.0
71592	17641	486.0	242.0
71604	17641	490.0	244.0
71616	17641	494.0	246.0
71628	17641	499.0	248.0
71640	17641	505.0	250.0
71652	17641	513.0	254.0
71664	17641	523.0	258.0
71676	17641	535.0	262.0
71688	17641	550.0	268.0
71700	17641	569.0	276.0
71712	17641	596.0	286.0
71724	17641	635.0	301.0
71736	17641	693.0	325.0
71748	17641	798.0	365.0
71760	17641	983.0	456.0
71448	17643	479.0	231.0
71460	17643	483.0	231.0
71472	17643	486.42857142857144	232.71428571428572
71484	17643	489.85714285714283	234.42857142857142
71496	17643	492.0	235.0
71508	17643	495.0	235.0
71520	17643	499.0	236.0
71532	17643	503.0	237.0
71544	17643	507.0	238.0
71556	17643	511.0	239.0
71568	17643	517.0	241.0
71580	17643	524.0	243.0
71592	17643	533.0	244.0
71604	17643	542.0	247.0
71616	17643	551.0	249.0
71628	17643	563.0	252.0
71640	17643	577.0	256.0
71652	17643	596.0	260.0
71664	17643	620.0	266.0
71676	17643	652.0	274.0
71688	17643	695.0	285.0
71700	17643	758.0	301.0
71712	17643	860.0	326.0
71724	17643	988.0	374.0
71592	17687	466.0	234.0
71604	17687	467.0	235.0
71616	17687	471.0	235.0
71628	17687	472.0	235.0
71640	17687	477.0	238.0
71652	17687	480.0	239.0
71664	17687	482.0	239.0
71676	17687	485.0	241.0
71688	17687	490.0	242.0
71700	17687	495.0	244.0
71712	17687	501.0	246.0
71724	17687	508.0	249.0
71736	17687	514.0	251.0
71748	17687	524.0	254.0
71760	17687	536.0	258.0
71772	17687	549.0	263.0
71784	17687	566.0	269.0
71796	17687	587.0	277.0
71808	17687	619.0	288.0
71820	17687	662.0	303.0
71832	17687	728.0	327.0
71844	17687	845.0	368.0
71856	17687	1002.0	457.0
71688	17717	470.0	236.0
71700	17717	476.0	236.0
71712	17717	477.0	237.0
71724	17717	479.0	238.0
71736	17717	488.0	240.0
71748	17717	487.0	241.0
71760	17717	493.0	242.0
71772	17717	496.0	244.0
71784	17717	501.0	246.0
71796	17717	507.0	249.0
71808	17717	515.0	251.0
71820	17717	522.0	254.0
71832	17717	533.0	258.0
71844	17717	545.0	262.0
71856	17717	560.0	268.0
71868	17717	579.0	275.0
71880	17717	605.0	284.0
71892	17717	641.0	297.0
71904	17717	693.0	316.0
71916	17717	776.0	345.0
71928	17717	930.0	401.0
71940	17717	1018.0	491.0
71868	17755	505.0	234.0
71880	17755	509.0	235.0
71892	17755	513.6666666666666	236.0
71904	17755	519.0	236.0
71916	17755	523.4	237.0
71928	17755	529.0	238.0
71940	17755	535.0	240.0
71952	17755	542.0	241.0
71964	17755	550.0	243.0
71976	17755	559.0	245.0
71988	17755	569.0	247.0
72000	17755	580.0	249.0
72012	17755	594.0	251.0
72024	17755	611.0	254.0
72036	17755	628.0	258.0
72048	17755	653.0	262.0
72060	17755	683.0	268.0
72072	17755	719.0	275.0
72084	17755	769.0	285.0
72096	17755	838.0	298.0
72108	17755	940.0	318.0
72120	17755	996.0	345.0
71892	17759	514.0	231.0
71904	17759	516.0	231.0
71916	17759	520.0	231.0
71928	17759	526.0	232.0
71940	17759	528.0	233.0
71952	17759	531.0	233.0
71964	17759	538.0	235.0
71976	17759	541.0	236.0
71988	17759	548.0	237.0
72000	17759	553.0	237.0
72012	17759	559.0	238.0
72024	17759	569.0	240.0
72036	17759	578.0	241.0
72048	17759	588.0	243.0
72060	17759	597.0	244.0
72072	17759	611.0	247.0
72084	17759	624.0	248.0
72096	17759	640.0	251.0
72108	17759	660.0	254.0
72120	17759	684.0	257.0
72132	17759	712.0	262.0
72144	17759	747.0	268.0
72156	17759	790.0	274.0
72168	17759	851.0	285.0
72180	17759	927.0	296.0
72192	17759	974.0	310.0
72204	17759	969.0	297.0
72216	17759	982.0	298.0
72228	17759	993.0	316.0
71928	17766	466.0	233.0
71940	17766	467.0	233.0
71952	17766	469.0	234.0
71964	17766	472.0	234.0
71976	17766	475.0	236.0
71988	17766	479.0	237.0
72000	17766	483.0	237.0
72012	17766	488.0	238.0
72024	17766	493.0	240.0
72036	17766	499.0	241.0
72048	17766	505.0	243.0
72060	17766	512.0	245.0
72072	17766	521.0	246.0
72084	17766	530.0	249.0
72096	17766	541.0	252.0
72108	17766	554.0	255.0
72120	17766	570.0	259.0
72132	17766	588.0	264.0
72144	17766	612.0	270.0
72156	17766	643.0	278.0
72168	17766	686.0	290.0
72180	17766	745.0	305.0
72192	17766	837.0	330.0
72204	17766	971.0	372.0
72060	17784	492.0	234.0
72072	17784	494.0	235.0
72084	17784	496.0	236.0
72096	17784	501.0	237.0
72108	17784	505.0	238.0
72120	17784	506.0	239.0
72132	17784	512.0	240.0
72144	17784	519.0	242.0
72156	17784	525.0	244.0
72168	17784	532.0	245.0
72180	17784	541.0	248.0
72192	17784	551.0	250.0
72204	17784	563.0	252.0
72216	17784	578.0	255.0
72228	17784	592.0	259.0
72240	17784	611.0	264.0
72252	17784	636.0	270.0
72264	17784	667.0	278.0
72276	17784	711.0	289.0
72288	17784	775.0	305.0
72300	17784	869.0	330.0
72312	17784	983.0	371.0
72084	17787	465.0	233.0
72096	17787	466.0	233.0
72108	17787	466.75	233.75
72120	17787	469.0	234.0
72132	17787	470.0	235.0
72144	17787	474.0	236.0
72156	17787	476.0	236.0
72168	17787	479.0	237.0
72180	17787	484.0	238.0
72192	17787	487.0	239.0
72204	17787	491.0	240.0
72216	17787	496.0	242.0
72228	17787	502.0	243.0
72240	17787	509.0	246.0
72252	17787	517.0	248.0
72264	17787	526.0	250.0
72276	17787	538.0	253.0
72288	17787	552.0	257.0
72300	17787	567.0	261.0
72312	17787	588.0	267.0
72324	17787	614.0	274.0
72336	17787	647.0	282.0
72348	17787	696.0	295.0
72360	17787	767.0	314.0
72372	17787	882.0	345.0
72384	17787	999.0	403.0
72192	17802	458.2142857142857	233.21428571428572
72204	17802	459.0	234.0
72216	17802	461.0	234.0
72228	17802	463.0	235.0
72240	17802	464.0	236.0
72252	17802	466.0	236.0
72264	17802	469.0	237.0
72276	17802	471.0	237.0
72288	17802	473.0	238.0
72300	17802	476.0	240.0
72312	17802	480.0	242.0
72324	17802	485.0	243.0
72336	17802	487.0	245.0
72348	17802	492.0	246.0
72360	17802	497.0	249.0
72372	17802	504.0	252.0
72384	17802	511.0	254.0
72396	17802	521.0	259.0
72408	17802	533.0	264.0
72420	17802	548.0	270.0
72432	17802	567.0	278.0
72444	17802	592.0	289.0
72456	17802	631.0	305.0
72468	17802	689.0	330.0
72480	17802	791.0	375.0
72492	17802	985.0	479.0
72216	17807	446.0	226.0
72228	17807	447.0	226.0
72240	17807	448.0	226.0
72252	17807	448.4166666666667	227.0
72264	17807	449.0	227.0
72276	17807	450.0	227.0
72288	17807	451.45454545454544	227.0
72300	17807	451.0	228.0
72312	17807	451.0	228.0
72324	17807	452.6666666666667	227.0
72336	17807	454.57142857142856	227.57142857142858
72348	17807	454.75	228.25
72360	17807	456.55	228.85
72372	17807	457.2413793103448	230.0
72384	17807	457.6551724137931	230.0
72396	17807	458.0	229.0
72408	17807	460.0	231.0
72420	17807	460.84615384615387	231.0
72432	17807	461.0	231.0
72444	17807	464.0	233.0
72456	17807	465.0	233.0
72468	17807	467.0	233.0
72480	17807	469.0	234.0
72492	17807	472.0	234.0
72504	17807	474.0	235.0
72516	17807	475.0	235.0
72528	17807	478.0	237.0
72540	17807	482.0	238.0
72552	17807	484.0	238.0
72564	17807	487.0	240.0
72576	17807	491.0	242.0
72588	17807	495.0	243.0
72600	17807	499.0	245.0
72612	17807	505.0	247.0
72624	17807	510.0	249.0
72636	17807	519.0	252.0
72648	17807	527.0	255.0
72660	17807	537.0	258.0
72672	17807	551.0	262.0
72684	17807	568.0	269.0
72696	17807	589.0	276.0
72708	17807	617.0	287.0
72720	17807	657.0	301.0
72732	17807	717.0	323.0
72744	17807	818.0	357.0
72756	17807	978.0	427.0
72336	17832	467.0	237.0
72348	17832	471.0	238.0
72360	17832	474.0	238.0
72372	17832	478.0	239.0
72384	17832	481.0	241.0
72396	17832	485.0	243.0
72408	17832	490.0	245.0
72420	17832	493.0	246.0
72432	17832	498.0	248.0
72444	17832	505.0	251.0
72456	17832	512.0	253.0
72468	17832	520.0	257.0
72480	17832	532.0	261.0
72492	17832	545.0	265.0
72504	17832	561.0	271.0
72516	17832	583.0	279.0
72528	17832	611.0	290.0
72540	17832	652.0	304.0
72552	17832	711.0	327.0
72564	17832	814.0	365.0
72576	17832	980.0	440.0
72480	17890	482.0	231.0
72492	17890	484.0	232.0
72504	17890	486.1666666666667	232.16666666666666
72516	17890	489.0	234.0
72528	17890	492.6	234.0
72540	17890	497.0	235.0
72552	17890	501.0	235.0
72564	17890	505.0	236.0
72576	17890	511.0	238.0
72588	17890	517.0	238.0
72600	17890	522.0	241.0
72612	17890	531.0	242.0
72624	17890	540.0	244.0
72636	17890	550.0	246.0
72648	17890	563.0	248.0
72660	17890	579.0	252.0
72672	17890	598.0	256.0
72684	17890	621.0	260.0
72696	17890	650.0	266.0
72708	17890	688.0	274.0
72720	17890	743.0	284.0
72732	17890	818.0	300.0
72744	17890	936.0	323.0
72768	17982	470.0	232.0
72780	17982	473.0	232.0
72792	17982	476.0	234.0
72804	17982	478.0	235.0
72816	17982	481.0	234.0
72828	17982	484.0	236.0
72840	17982	487.0	236.0
72852	17982	490.0	237.0
72864	17982	492.0	237.0
72876	17982	497.0	239.0
72888	17982	501.0	240.0
72900	17982	507.0	241.0
72912	17982	512.0	242.0
72924	17982	518.0	244.0
72936	17982	526.0	246.0
72948	17982	534.0	248.0
72960	17982	544.0	250.0
72972	17982	556.0	253.0
72984	17982	571.0	256.0
72996	17982	588.0	260.0
73008	17982	609.0	266.0
73020	17982	637.0	273.0
73032	17982	675.0	282.0
73044	17982	729.0	296.0
73056	17982	810.0	316.0
73068	17982	944.0	349.0
72912	18023	464.0	230.0
72924	18023	465.3333333333333	230.0
72936	18023	468.1	230.0
72948	18023	469.0	229.0
72960	18023	471.0	231.0
72972	18023	473.0	232.0
72984	18023	474.0	232.0
72996	18023	477.0	231.0
73008	18023	480.0	233.0
73020	18023	481.0	232.0
73032	18023	484.0	233.0
73044	18023	486.0	234.0
73056	18023	488.0	233.0
73068	18023	491.0	235.0
73080	18023	495.0	235.0
73092	18023	498.0	235.0
73104	18023	503.0	236.0
73116	18023	507.0	238.0
73128	18023	511.0	239.0
73140	18023	518.0	240.0
73152	18023	524.0	241.0
73164	18023	531.0	243.0
73176	18023	540.0	245.0
73188	18023	550.0	247.0
73200	18023	562.0	250.0
73212	18023	576.0	254.0
73224	18023	592.0	258.0
73236	18023	615.0	262.0
72960	18034	460.0	232.0
72972	18034	461.7241379310345	232.48275862068965
72984	18034	462.9655172413793	233.31034482758622
72996	18034	464.0	234.0
73008	18034	466.0	234.0
73020	18034	467.0	235.0
73032	18034	468.0	235.0
73044	18034	470.0	235.0
73056	18034	472.0	237.0
73068	18034	474.0	237.0
73080	18034	477.0	239.0
73092	18034	480.0	240.0
73104	18034	482.0	241.0
73116	18034	487.0	242.0
73128	18034	491.0	244.0
73140	18034	494.0	246.0
73152	18034	501.0	248.0
73164	18034	507.0	250.0
73176	18034	516.0	253.0
73188	18034	526.0	257.0
73200	18034	538.0	262.0
73212	18034	555.0	268.0
73224	18034	575.0	275.0
73236	18034	603.0	285.0
73248	18034	643.0	299.0
73260	18034	704.0	321.0
73272	18034	812.0	358.0
73284	18034	980.0	435.0
72996	18042	522.0	233.0
73008	18042	525.4285714285714	233.0
73020	18042	530.0	235.0
73032	18042	534.0	235.0
73044	18042	541.0	236.0
73056	18042	549.0	237.0
73068	18042	554.0	238.0
73080	18042	564.0	239.0
73092	18042	573.0	241.0
73104	18042	583.0	242.0
73116	18042	593.0	244.0
73128	18042	610.0	245.0
73140	18042	628.0	249.0
73152	18042	646.0	252.0
73164	18042	675.0	256.0
73176	18042	704.0	261.0
73188	18042	743.0	267.0
73200	18042	796.0	276.0
73212	18042	870.0	288.0
73224	18042	965.0	303.0
73116	18086	461.0	233.0
73128	18086	461.5263157894737	233.26315789473685
73140	18086	462.7894736842105	233.89473684210526
73152	18086	464.0	235.0
73164	18086	466.0	235.0
73176	18086	468.0	236.0
73188	18086	470.0	236.0
73200	18086	472.0	236.0
73212	18086	474.0	237.0
73224	18086	476.0	239.0
73236	18086	479.0	240.0
73248	18086	482.0	241.0
73260	18086	485.0	242.0
73272	18086	490.0	243.0
73284	18086	493.0	245.0
73296	18086	498.0	247.0
73308	18086	505.0	249.0
73320	18086	511.0	252.0
73332	18086	519.0	255.0
73344	18086	529.0	258.0
73356	18086	540.0	262.0
73368	18086	554.0	267.0
73380	18086	571.0	274.0
73392	18086	593.0	282.0
73404	18086	624.0	292.0
73416	18086	665.0	308.0
73428	18086	728.0	331.0
73440	18086	833.0	371.0
73452	18086	988.0	452.0
73176	18106	449.0	228.0
73188	18106	448.0	228.0
73200	18106	449.0	228.0
73212	18106	449.0	228.0
73224	18106	450.0	228.0
73236	18106	450.7142857142857	229.0
73248	18106	451.55555555555554	229.0
73260	18106	453.5	229.0
73272	18106	455.1304347826087	230.04347826086956
73284	18106	456.69565217391306	230.56521739130434
73296	18106	458.5	231.0
73308	18106	461.0	232.0
73320	18106	461.7142857142857	233.0
73332	18106	463.0	233.0
73344	18106	465.0	234.0
73356	18106	467.0	234.0
73368	18106	469.0	235.0
73380	18106	471.0	235.0
73392	18106	473.0	236.0
73404	18106	475.0	237.0
73416	18106	477.0	238.0
73428	18106	481.0	240.0
73440	18106	485.0	242.0
73452	18106	489.0	242.0
73464	18106	494.0	244.0
73476	18106	499.0	247.0
73488	18106	506.0	249.0
73500	18106	514.0	252.0
73512	18106	523.0	256.0
73524	18106	534.0	259.0
73536	18106	548.0	264.0
73548	18106	566.0	271.0
73560	18106	589.0	279.0
73572	18106	620.0	290.0
73584	18106	664.0	306.0
73596	18106	739.0	334.0
73608	18106	874.0	383.0
73620	18106	1020.0	497.0
73212	18123	486.5	233.0
73224	18123	490.0	235.0
73236	18123	493.0	235.0
73248	18123	498.0	236.0
73260	18123	503.0	237.0
73272	18123	509.0	238.0
73284	18123	515.0	240.0
73296	18123	523.0	241.0
73308	18123	531.0	243.0
73320	18123	540.0	244.0
73332	18123	552.0	246.0
73344	18123	564.0	248.0
73356	18123	578.0	251.0
73368	18123	596.0	254.0
73380	18123	618.0	258.0
73392	18123	645.0	263.0
73404	18123	678.0	269.0
73416	18123	721.5	278.0
73428	18123	783.0	289.0
73440	18123	870.0	305.0
73452	18123	949.0	307.0
73344	18194	490.0	233.0
73356	18194	493.875	232.625
73368	18194	498.0	234.0
73380	18194	501.0	234.0
73392	18194	507.0	236.0
73404	18194	513.0	236.0
73416	18194	520.0	237.0
73428	18194	526.0	238.0
73440	18194	534.0	240.0
73452	18194	543.0	242.0
73464	18194	553.0	243.0
73476	18194	563.0	245.0
73488	18194	576.0	247.0
73500	18194	591.0	249.0
73512	18194	609.0	253.0
73524	18194	631.0	257.0
73536	18194	658.0	262.0
73548	18194	693.0	268.0
73560	18194	740.0	277.0
73572	18194	806.0	289.0
73584	18194	903.0	307.0
73596	18194	992.0	339.0
73416	18209	504.0	232.0
73428	18209	508.0	234.0
73440	18209	511.0	235.0
73452	18209	515.0	235.0
73464	18209	520.0	236.0
73476	18209	526.0	238.0
73488	18209	532.0	238.0
73500	18209	538.0	239.0
73512	18209	546.0	241.0
73524	18209	555.0	242.0
73536	18209	565.0	244.0
73548	18209	576.0	246.0
73560	18209	590.0	249.0
73572	18209	605.0	246.0
73584	18209	626.0	249.0
73596	18209	656.0	259.0
73608	18209	688.0	265.0
73620	18209	729.0	273.0
73632	18209	786.0	283.0
73644	18209	868.0	299.0
73656	18209	970.0	321.0
73440	18216	458.0	227.0
73452	18216	459.3448275862069	226.13793103448276
73464	18216	460.37931034482756	226.55172413793105
73476	18216	461.41379310344826	226.9655172413793
73488	18216	462.44827586206895	227.3793103448276
73500	18216	463.48275862068965	227.79310344827587
73512	18216	463.1666666666667	228.0
73524	18216	464.0	229.0
73536	18216	464.45454545454544	228.0
73548	18216	465.75	228.875
73560	18216	467.0	230.0
73572	18216	469.0	230.0
73584	18216	470.0	229.0
73596	18216	473.61538461538464	231.15384615384616
73608	18216	475.46153846153845	231.6153846153846
73620	18216	477.0	232.0
73632	18216	479.0	233.0
73644	18216	481.0	232.0
73656	18216	483.0	232.0
73668	18216	485.0	234.0
73680	18216	488.0	235.0
73692	18216	491.0	235.0
73704	18216	494.0	236.0
73716	18216	498.0	237.0
73728	18216	501.0	238.0
73740	18216	506.0	239.0
73752	18216	512.0	240.0
73764	18216	519.0	242.0
73776	18216	525.0	243.0
73788	18216	533.0	245.0
73800	18216	543.0	248.0
73812	18216	554.0	251.0
73824	18216	567.0	254.0
73836	18216	583.0	258.0
73848	18216	602.0	262.0
73860	18216	629.0	269.0
73872	18216	664.0	278.0
73884	18216	712.0	289.0
73896	18216	784.0	307.0
73908	18216	899.0	335.0
73920	18216	995.0	382.0
73620	18247	514.5	233.0
73632	18247	517.0	232.0
73644	18247	520.75	232.75
73656	18247	526.0	235.0
73668	18247	531.0	235.0
73680	18247	536.0	235.0
73692	18247	541.0	236.0
73704	18247	548.0	237.0
73716	18247	554.0	238.0
73728	18247	561.0	240.0
73740	18247	571.0	241.0
73752	18247	580.0	243.0
73764	18247	591.0	244.0
73776	18247	603.0	246.0
73788	18247	619.0	248.0
73800	18247	635.0	251.0
73812	18247	657.0	254.0
73824	18247	682.0	258.0
73836	18247	713.0	263.0
73848	18247	753.0	269.0
73860	18247	804.0	278.0
73872	18247	874.0	289.0
73884	18247	966.0	304.0
74064	18294	514.0	231.5
74076	18294	518.0	232.0
74088	18294	520.0	232.0
74100	18294	525.5	234.0
74112	18294	530.0	235.0
74124	18294	535.0	235.0
74136	18294	540.0	236.0
74148	18294	547.0	237.0
74160	18294	553.0	238.0
74172	18294	560.0	238.0
74184	18294	569.0	240.0
74196	18294	579.0	242.0
74208	18294	589.0	244.0
74220	18294	601.0	245.0
74232	18294	615.0	247.0
74244	18294	632.0	250.0
74256	18294	652.0	253.0
74268	18294	676.0	256.0
74280	18294	704.0	261.0
74292	18294	742.0	267.0
74304	18294	789.0	274.0
74316	18294	851.0	284.0
74328	18294	939.0	298.0
74280	18327	473.875	230.0
74292	18327	476.0	231.0
74304	18327	477.0	231.0
74316	18327	479.0	231.0
74328	18327	481.0	232.0
74340	18327	482.625	233.625
74352	18327	485.0	234.0
74364	18327	488.0	234.0
74376	18327	491.0	235.0
74388	18327	494.0	235.0
74400	18327	498.0	236.0
74412	18327	501.0	238.0
74424	18327	505.0	239.0
74436	18327	510.0	240.0
74448	18327	516.0	241.0
74460	18327	521.0	242.0
74472	18327	528.0	244.0
74484	18327	535.0	246.0
74496	18327	544.0	249.0
74508	18327	556.0	251.0
74520	18327	568.0	254.0
74532	18327	585.0	258.0
74544	18327	604.0	262.0
74556	18327	629.0	269.0
74568	18327	661.0	276.0
74580	18327	704.0	287.0
74592	18327	767.0	302.0
74604	18327	862.0	325.0
74616	18327	981.0	364.0
74316	18336	529.0	232.0
74328	18336	534.0	233.0
74340	18336	540.0	234.0
74352	18336	544.0	235.0
74364	18336	550.0	236.0
74376	18336	557.0	237.0
74388	18336	565.0	237.0
74400	18336	574.0	239.0
74412	18336	582.0	240.0
74424	18336	591.0	241.0
74436	18336	602.0	243.0
74448	18336	614.0	245.0
74460	18336	629.0	247.0
74472	18336	645.0	249.0
74484	18336	664.0	253.0
74496	18336	688.0	256.0
74508	18336	717.0	261.0
74520	18336	754.0	267.0
74532	18336	804.0	275.0
74544	18336	873.0	287.0
74556	18336	964.0	303.0
74364	18353	516.4444444444445	232.11111111111111
74376	18353	521.2727272727273	233.1818181818182
74388	18353	525.0909090909091	233.72727272727272
74400	18353	530.0	235.0
74412	18353	534.0	235.0
74424	18353	540.0	236.0
74436	18353	546.0	237.0
74448	18353	552.0	238.0
74460	18353	560.0	239.0
74472	18353	569.0	241.0
74484	18353	580.0	242.0
74496	18353	591.0	244.0
74508	18353	605.0	246.0
74520	18353	617.0	247.0
74532	18353	633.0	250.0
74544	18353	652.0	253.0
74556	18353	678.0	257.0
74568	18353	710.0	262.0
74580	18353	751.0	268.0
74592	18353	802.0	277.0
74604	18353	873.0	289.0
74616	18353	931.0	263.0
74448	18387	445.0	229.0
74460	18387	447.0	229.0
74472	18387	447.0	229.0
74484	18387	448.0	230.0
74496	18387	449.0	231.0
74508	18387	449.0	230.0
74520	18387	451.0	232.0
74532	18387	454.0	232.0
74544	18387	455.84615384615387	232.6153846153846
74556	18387	460.0	233.0
74568	18387	461.0	234.0
74580	18387	464.0	235.0
74592	18387	467.0	236.0
74604	18387	471.0	237.0
74616	18387	474.0	238.0
74628	18387	478.0	239.0
74640	18387	484.0	241.0
74652	18387	490.0	243.0
74664	18387	495.0	244.0
74676	18387	502.0	246.0
74688	18387	511.0	249.0
74700	18387	521.0	253.0
74712	18387	535.0	257.0
74724	18387	552.0	261.0
74736	18387	572.0	268.0
74748	18387	601.0	276.0
74760	18387	642.0	289.0
74772	18387	706.0	306.0
74784	18387	809.0	337.0
74796	18387	978.0	397.0
74448	18392	489.0	235.0
74460	18392	491.0	235.0
74472	18392	494.0	236.0
74484	18392	498.0	237.0
74496	18392	503.0	238.0
74508	18392	507.0	239.0
74520	18392	511.0	240.0
74532	18392	518.0	242.0
74544	18392	524.0	243.0
74556	18392	532.0	245.0
74568	18392	540.0	247.0
74580	18392	551.0	249.0
74592	18392	564.0	252.0
74604	18392	580.0	256.0
74616	18392	600.0	261.0
74628	18392	626.0	267.0
74640	18392	661.0	275.0
74652	18392	708.0	287.0
74664	18392	779.0	304.0
74676	18392	891.0	331.0
74688	18392	998.0	377.0
74700	18445	492.0	235.0
74712	18445	496.0	236.0
74724	18445	499.0	237.0
74736	18445	503.0	238.0
74748	18445	507.0	239.0
74760	18445	514.0	240.0
74772	18445	519.0	241.0
74784	18445	527.0	244.0
74796	18445	532.0	245.0
74808	18445	542.0	247.0
74820	18445	551.0	249.0
74832	18445	564.0	251.0
74844	18445	577.0	255.0
74856	18445	595.0	259.0
74868	18445	616.0	265.0
74880	18445	643.0	271.0
74892	18445	677.0	280.0
74904	18445	727.0	292.0
74916	18445	798.0	311.0
74928	18445	912.0	338.0
74940	18445	1000.0	386.0
74748	18466	477.0	232.0
74760	18466	478.5	231.0
74772	18466	480.0	231.0
74784	18466	482.0	232.0
74796	18466	484.0	233.0
74808	18466	487.25	233.0
74820	18466	489.0	234.0
74832	18466	492.0	234.0
74844	18466	495.0	235.0
74856	18466	499.0	235.0
74868	18466	502.0	237.0
74880	18466	506.0	238.0
74892	18466	510.0	238.0
74904	18466	516.0	240.0
74916	18466	522.0	242.0
74928	18466	529.0	243.0
74940	18466	536.0	244.0
74952	18466	544.0	247.0
74964	18466	555.0	249.0
74976	18466	566.0	252.0
74988	18466	581.0	255.0
75000	18466	599.0	260.0
75012	18466	620.0	265.0
75024	18466	647.0	271.0
75036	18466	684.0	280.0
75048	18466	733.0	291.0
75060	18466	804.0	309.0
75072	18466	916.0	337.0
75084	18466	1002.0	379.0
74772	18475	504.875	232.0
74784	18475	508.0	234.0
74796	18475	512.0	234.0
74808	18475	515.0	235.0
74820	18475	521.0	236.0
74832	18475	527.0	237.0
74844	18475	533.0	239.0
74856	18475	539.0	239.0
74868	18475	546.0	241.0
74880	18475	555.0	242.0
74892	18475	565.0	244.0
74904	18475	576.0	246.0
74916	18475	590.0	249.0
74928	18475	605.0	252.0
74940	18475	625.0	254.0
74952	18475	646.0	259.0
74964	18475	675.0	264.0
74976	18475	711.0	271.0
74988	18475	760.0	280.0
75000	18475	828.0	292.0
75012	18475	922.0	310.0
75024	18475	990.0	340.0
74868	18493	489.0	234.0
74880	18493	491.0	234.0
74892	18493	494.0	235.0
74904	18493	496.0	236.0
74916	18493	500.0	237.0
74928	18493	505.0	238.0
74940	18493	509.0	239.0
74952	18493	515.0	240.0
74964	18493	520.0	242.0
74976	18493	525.0	243.0
74988	18493	533.0	245.0
75000	18493	542.0	248.0
75012	18493	551.0	250.0
75024	18493	562.0	253.0
75036	18493	576.0	257.0
75048	18493	593.0	260.0
75060	18493	612.0	265.0
75072	18493	638.0	272.0
75084	18493	672.0	280.0
75096	18493	718.0	292.0
75108	18493	785.0	309.0
75120	18493	888.0	335.0
75132	18493	994.0	381.0
75000	18531	486.6	234.0
75012	18531	491.0	234.0
75024	18531	492.0	235.0
75036	18531	496.0	235.0
75048	18531	499.0	237.0
75060	18531	502.0	238.0
75072	18531	508.0	238.0
75084	18531	512.0	240.0
75096	18531	517.0	241.0
75108	18531	524.0	244.0
75120	18531	532.0	245.0
75132	18531	540.0	248.0
75144	18531	550.0	250.0
75156	18531	563.0	253.0
75168	18531	577.0	257.0
75180	18531	596.0	262.0
75192	18531	619.0	268.0
75204	18531	648.0	275.0
75216	18531	689.0	286.0
75228	18531	747.0	301.0
75240	18531	836.0	324.0
75252	18531	971.0	364.0
75024	18534	507.875	234.125
75036	18534	513.125	234.875
75048	18534	517.0	235.0
75060	18534	519.8	235.2
75072	18534	526.0	236.0
75084	18534	530.0	238.0
75096	18534	537.0	238.0
75108	18534	543.0	241.0
75120	18534	553.0	242.0
75132	18534	560.0	244.0
75144	18534	570.0	246.0
75156	18534	584.0	249.0
75168	18534	598.0	251.0
75180	18534	616.0	255.0
75192	18534	637.0	258.0
75204	18534	662.0	262.0
75216	18534	695.0	268.0
75228	18534	723.0	259.0
75240	18534	784.0	280.0
75252	18534	865.0	297.0
75264	18534	971.0	324.0
75036	18537	463.1764705882353	233.1764705882353
75048	18537	463.88235294117646	233.88235294117646
75060	18537	465.0	234.0
75072	18537	467.0	235.0
75084	18537	469.0	236.0
75096	18537	472.0	237.0
75108	18537	476.0	239.0
75120	18537	481.0	240.0
75132	18537	485.0	242.0
75144	18537	489.0	244.0
75156	18537	494.0	246.0
75168	18537	501.0	248.0
75180	18537	511.0	251.0
75192	18537	521.0	256.0
75204	18537	536.0	261.0
75216	18537	554.0	268.0
75228	18537	578.0	277.0
75240	18537	614.0	291.0
75252	18537	669.0	313.0
75264	18537	774.0	352.0
75276	18537	985.0	447.0
75216	18594	479.57142857142856	235.0
75228	18594	474.6	235.0
75240	18594	469.8	235.0
75252	18594	465.0	235.0
75264	18594	463.0	234.0
75276	18594	464.0	235.0
75288	18594	466.0	236.0
75300	18594	468.0	236.0
75312	18594	471.0	237.0
75324	18594	473.0	239.0
75336	18594	478.0	240.0
75348	18594	482.0	242.0
75360	18594	486.0	243.0
75372	18594	491.0	246.0
75384	18594	497.0	248.0
75396	18594	505.0	251.0
75408	18594	516.0	255.0
75420	18594	529.0	259.0
75432	18594	546.0	266.0
75444	18594	568.0	275.0
75456	18594	600.0	287.0
75468	18594	652.0	306.0
75480	18594	743.0	340.0
75492	18594	939.0	412.0
75228	18599	490.0	237.0
75240	18599	491.75	237.0
75252	18599	496.0	239.0
75264	18599	500.57142857142856	238.85714285714286
75276	18599	506.0	240.0
75288	18599	512.0	241.0
75300	18599	518.0	243.0
75312	18599	524.0	245.0
75324	18599	533.0	247.0
75336	18599	542.0	249.0
75348	18599	552.0	251.0
75360	18599	564.0	254.0
75372	18599	579.0	258.0
75384	18599	599.0	262.0
75396	18599	620.0	267.0
75408	18599	649.0	274.0
75420	18599	686.0	283.0
75432	18599	738.0	295.0
75444	18599	812.0	313.0
75456	18599	927.0	341.0
75468	18599	1002.0	387.0
75240	18602	480.0	235.0
75252	18602	482.0	235.0
75264	18602	485.2	237.0
75276	18602	489.5	237.0
75288	18602	493.0	238.0
75300	18602	500.0	240.0
75312	18602	503.0	241.0
75324	18602	510.0	242.0
75336	18602	517.0	244.0
75348	18602	524.0	246.0
75360	18602	531.0	248.0
75372	18602	542.0	251.0
75384	18602	554.0	254.0
75396	18602	568.0	257.0
75408	18602	584.0	261.0
75420	18602	604.0	266.0
75432	18602	630.0	272.0
75444	18602	661.0	280.0
75456	18602	706.0	292.0
75468	18602	770.0	308.0
75480	18602	866.0	334.0
75492	18602	994.0	379.0
75360	18673	465.0	233.0
75372	18673	467.0	234.0
75384	18673	468.0	234.0
75396	18673	471.0	235.0
75408	18673	473.0	236.0
75420	18673	476.0	237.0
75432	18673	479.0	239.0
75444	18673	483.0	240.0
75456	18673	488.0	242.0
75468	18673	492.0	243.0
75480	18673	499.0	245.0
75492	18673	506.0	248.0
75504	18673	515.0	251.0
75516	18673	526.0	254.0
75528	18673	539.0	258.0
75540	18673	556.0	264.0
75552	18673	577.0	271.0
75564	18673	605.0	281.0
75576	18673	646.0	295.0
75588	18673	712.0	318.0
75600	18673	825.0	357.0
75612	18673	1000.0	447.0
75540	18730	516.6666666666666	233.0
75552	18730	522.5	234.5
75564	18730	528.0	236.0
75576	18730	533.0	237.0
75588	18730	539.0	238.0
75600	18730	547.0	240.0
75612	18730	555.0	241.0
75624	18730	565.0	243.0
75636	18730	573.0	244.0
75648	18730	586.0	247.0
75660	18730	599.0	249.0
75672	18730	615.0	252.0
75684	18730	635.0	256.0
75696	18730	657.0	260.0
75708	18730	686.0	266.0
75720	18730	724.0	272.0
75732	18730	775.0	281.0
75744	18730	840.0	294.0
75756	18730	934.0	311.0
75768	18730	982.0	336.0
75780	18730	983.0	333.0
75792	18730	995.0	330.0
75576	18764	493.6666666666667	231.0
75588	18764	497.0	231.0
75600	18764	500.0	232.0
75612	18764	503.0	232.0
75624	18764	506.0	232.0
75636	18764	511.0	235.0
75648	18764	515.0	235.0
75660	18764	520.0	235.0
75672	18764	525.0	237.0
75684	18764	531.0	237.0
75696	18764	537.0	239.0
75708	18764	545.0	240.0
75720	18764	552.0	241.0
75732	18764	563.0	244.0
75744	18764	575.0	246.0
75756	18764	587.0	248.0
75768	18764	603.0	251.0
75780	18764	622.0	254.0
75792	18764	645.0	258.0
75804	18764	674.0	264.0
75816	18764	712.0	271.0
75828	18764	762.0	280.0
75840	18764	833.0	294.0
75852	18764	941.0	313.0
75648	18779	449.3333333333333	228.0
75660	18779	450.1666666666667	229.0
75672	18779	451.0	230.0
75684	18779	453.0	229.0
75696	18779	454.25	230.08333333333334
75708	18779	455.75	230.58333333333334
75720	18779	457.25	231.08333333333334
75732	18779	458.75	231.58333333333334
75744	18779	461.0	233.0
75756	18779	462.0	233.0
75768	18779	463.0	234.0
75780	18779	466.0	234.0
75792	18779	467.0	236.0
75804	18779	469.0	236.0
75816	18779	472.0	237.0
75828	18779	474.0	238.0
75840	18779	477.0	240.0
75852	18779	481.0	241.0
75864	18779	485.0	243.0
75876	18779	490.0	245.0
75888	18779	495.0	247.0
75900	18779	502.0	249.0
75912	18779	509.0	252.0
75924	18779	518.0	256.0
75936	18779	530.0	261.0
75948	18779	543.0	267.0
75960	18779	563.0	276.0
75972	18779	589.0	286.0
75984	18779	629.0	303.0
75996	18779	694.0	331.0
76008	18779	820.0	383.0
76020	18779	1021.0	521.0
75660	18786	486.25	233.5
75672	18786	488.0	234.0
75684	18786	490.85714285714283	233.57142857142858
75696	18786	495.0	235.0
75708	18786	497.0	235.5
75720	18786	502.0	236.0
75732	18786	507.0	238.0
75744	18786	512.0	240.0
75756	18786	519.0	241.0
75768	18786	526.0	243.0
75780	18786	534.0	245.0
75792	18786	542.0	247.0
75804	18786	552.0	249.0
75816	18786	564.0	252.0
75828	18786	580.0	256.0
75840	18786	599.0	260.0
75852	18786	622.0	266.0
75864	18786	653.0	274.0
75876	18786	695.0	284.0
75888	18786	757.0	299.0
75900	18786	850.0	322.0
75912	18786	978.0	362.0
75696	18794	481.0	231.0
75708	18794	484.4	231.8
75720	18794	487.28	232.76
75732	18794	490.0	234.0
75744	18794	492.0	234.0
75756	18794	498.0	235.0
75768	18794	501.0	236.0
75780	18794	506.0	237.0
75792	18794	510.0	238.0
75804	18794	517.0	240.0
75816	18794	523.0	241.0
75828	18794	530.0	243.0
75840	18794	538.0	245.0
75852	18794	548.0	247.0
75864	18794	560.0	250.0
75876	18794	576.0	254.0
75888	18794	594.0	258.0
75900	18794	620.0	264.0
75912	18794	651.0	272.0
75924	18794	695.0	282.0
75936	18794	761.0	298.0
75948	18794	869.0	324.0
75960	18794	997.0	374.0
75792	18817	480.2	231.4
75804	18817	483.3333333333333	232.33333333333334
75816	18817	486.0	233.0
75828	18817	488.0	233.0
75840	18817	491.46153846153845	234.0
75852	18817	495.0	235.0
75864	18817	498.6666666666667	235.0
75876	18817	504.0	237.0
75888	18817	508.0	238.0
75900	18817	513.0	239.0
75912	18817	519.0	241.0
75924	18817	527.0	242.0
75936	18817	534.0	244.0
75948	18817	543.0	243.0
75960	18817	550.0	240.0
75972	18817	565.0	244.0
75984	18817	585.0	255.0
75996	18817	602.0	260.0
76008	18817	624.0	265.0
76020	18817	655.0	272.0
76032	18817	696.0	283.0
76044	18817	753.0	296.0
76056	18817	841.0	317.0
76068	18817	970.0	353.0
75924	18846	470.0	229.0
75936	18846	471.57142857142856	229.39285714285714
75948	18846	473.2857142857143	229.82142857142858
75960	18846	476.0	230.0
75972	18846	478.60869565217394	231.04347826086956
75984	18846	481.0	232.0
75996	18846	483.0	234.0
76008	18846	488.0	234.0
76020	18846	491.0	236.0
76032	18846	493.0	235.33333333333334
76044	18846	499.0	238.0
76056	18846	506.0	238.0
76068	18846	511.0	240.0
76080	18846	518.0	241.0
76092	18846	528.0	245.0
76104	18846	538.0	247.0
76116	18846	550.0	250.0
76128	18846	567.0	254.0
76140	18846	586.0	259.0
76152	18846	613.0	266.0
76164	18846	649.0	275.0
76176	18846	702.0	289.0
76188	18846	786.0	310.0
76200	18846	935.0	348.0
75948	18855	492.5	231.0
75960	18855	495.0	231.0
75972	18855	498.6666666666667	231.16666666666666
75984	18855	503.0	233.0
75996	18855	504.5	233.0
76008	18855	508.0	234.0
76020	18855	513.0	234.0
76032	18855	517.0	235.0
76044	18855	522.0	236.0
76056	18855	527.0	237.0
76068	18855	534.0	238.0
76080	18855	542.0	240.0
76092	18855	550.0	241.0
76104	18855	559.0	243.0
76116	18855	570.0	244.0
76128	18855	582.0	247.0
76140	18855	598.0	250.0
76152	18855	613.0	252.0
76164	18855	628.0	252.0
76176	18855	657.0	260.0
76188	18855	697.0	268.0
76200	18855	747.0	278.0
76212	18855	813.0	290.0
76224	18855	913.0	308.0
76236	18855	995.0	342.0
76164	18922	540.0	234.0
76176	18922	543.0	234.0
76188	18922	549.0	236.0
76200	18922	555.0	236.0
76212	18922	562.0	237.0
76224	18922	571.0	238.0
76236	18922	577.0	238.0
76248	18922	587.0	239.0
76260	18922	595.0	242.0
76272	18922	607.0	243.0
76284	18922	619.0	245.0
76296	18922	634.0	247.0
76308	18922	650.0	248.0
76320	18922	669.0	252.0
76332	18922	692.0	254.0
76344	18922	718.0	258.0
76356	18922	752.0	263.0
76368	18922	793.0	269.0
76380	18922	843.578947368421	275.42105263157896
76392	18922	886.5263157894736	280.4736842105263
76404	18922	950.0	291.0
76284	18971	473.0	232.0
76296	18971	475.0	233.0
76308	18971	478.0	233.0
76320	18971	481.0	234.0
76332	18971	485.0	235.0
76344	18971	489.0	236.0
76356	18971	494.0	237.0
76368	18971	499.0	239.0
76380	18971	506.0	240.0
76392	18971	513.0	241.0
76404	18971	520.0	243.0
76416	18971	528.0	245.0
76428	18971	538.0	247.0
76440	18971	548.0	249.0
76452	18971	560.0	252.0
76464	18971	576.0	256.0
76476	18971	594.0	260.0
76488	18971	618.0	266.0
76500	18971	649.0	273.0
76512	18971	692.0	284.0
76524	18971	754.0	299.0
76536	18971	855.0	325.0
76548	18971	985.0	369.0
76464	19031	485.0	234.0
76476	19031	488.0	235.0
76488	19031	491.0	235.0
76500	19031	494.0	235.0
76512	19031	497.0	237.0
76524	19031	502.0	237.0
76536	19031	506.0	238.0
76548	19031	511.0	240.0
76560	19031	517.0	241.0
76572	19031	523.0	243.0
76584	19031	531.0	245.0
76596	19031	539.0	247.0
76608	19031	549.0	248.0
76620	19031	559.0	252.0
76632	19031	573.0	255.0
76644	19031	591.0	259.0
76656	19031	611.0	264.0
76668	19031	636.0	270.0
76680	19031	671.0	278.0
76692	19031	717.0	290.0
76704	19031	785.0	307.0
76716	19031	888.0	332.0
76728	19031	992.0	377.0
76620	19089	486.0	233.0
76632	19089	487.6363636363636	233.0
76644	19089	490.0	235.0
76656	19089	493.0	234.0
76668	19089	497.0	235.0
76680	19089	500.0	236.0
76692	19089	504.0	237.0
76704	19089	510.0	238.0
76716	19089	516.0	240.0
76728	19089	522.0	241.0
76740	19089	528.0	242.0
76752	19089	535.0	244.0
76764	19089	546.0	247.0
76776	19089	555.0	249.0
76788	19089	568.0	252.0
76800	19089	582.0	255.0
76812	19089	600.0	260.0
76824	19089	622.0	265.0
76836	19089	651.0	271.0
76848	19089	690.0	281.0
76860	19089	743.0	294.0
76872	19089	826.0	314.0
76884	19089	953.0	345.0
76692	19108	477.0	231.0
76704	19108	478.84615384615387	231.92307692307693
76716	19108	482.0	233.0
76728	19108	485.0	233.0
76740	19108	488.0	234.0
76752	19108	490.0	234.0
76764	19108	494.0	235.0
76776	19108	498.0	236.0
76788	19108	502.0	237.0
76800	19108	506.0	239.0
76812	19108	512.0	240.0
76824	19108	519.0	241.0
76836	19108	526.0	243.0
76848	19108	535.0	245.0
76860	19108	544.0	247.0
76872	19108	556.0	251.0
76884	19108	570.0	253.0
76896	19108	587.0	258.0
76908	19108	609.0	263.0
76920	19108	637.0	270.0
76932	19108	673.0	279.0
76944	19108	726.0	292.0
76956	19108	807.0	312.0
76968	19108	946.0	345.0
76980	19108	1015.0	389.0
76776	19127	470.0	230.0
76788	19127	472.0	231.0
76800	19127	474.0	232.0
76812	19127	476.0	232.0
76824	19127	478.0	232.0
76836	19127	480.0	232.0
76848	19127	483.0	233.0
76860	19127	486.0	234.0
76872	19127	489.0	235.0
76884	19127	492.0	235.0
76896	19127	496.0	237.0
76908	19127	500.0	237.0
76920	19127	505.0	238.0
76932	19127	510.0	241.0
76944	19127	515.0	241.0
76956	19127	520.0	244.0
76968	19127	529.0	246.0
76980	19127	536.0	248.0
76992	19127	545.0	252.0
77004	19127	555.0	255.0
77016	19127	569.0	259.0
77028	19127	588.0	265.0
77040	19127	610.0	273.0
77052	19127	645.0	284.0
77064	19127	696.0	299.0
77076	19127	776.0	324.0
77088	19127	929.0	372.0
77100	19127	1020.0	450.0
76992	19210	503.0	230.0
77004	19210	504.2857142857143	230.0
77016	19210	508.5	231.0
77028	19210	511.0	231.0
77040	19210	516.0	232.0
77052	19210	518.5	232.0
77064	19210	523.0	233.0
77076	19210	528.6666666666666	234.0
77088	19210	534.0	235.0
77100	19210	538.0	235.0
77112	19210	545.0	236.0
77124	19210	550.0	237.0
77136	19210	559.0	239.0
77148	19210	568.0	240.0
77160	19210	579.0	242.0
77172	19210	591.0	244.0
77184	19210	603.0	246.0
77196	19210	619.0	248.0
77208	19210	638.0	251.0
77220	19210	661.0	254.0
77232	19210	689.0	259.0
77244	19210	724.0	265.0
77256	19210	771.0	272.0
77268	19210	835.0	282.0
77280	19210	925.0	298.0
77292	19210	989.0	318.0
77268	19245	529.6	232.0
77280	19245	533.0	232.0
77292	19245	537.0	233.0
77304	19245	543.0	234.0
77316	19245	549.0	235.0
77328	19245	555.0	236.0
77340	19245	562.0	237.0
77352	19245	570.0	238.0
77364	19245	580.0	239.0
77376	19245	589.0	240.0
77388	19245	600.0	241.0
77400	19245	612.0	244.0
77412	19245	627.0	246.0
77424	19245	644.0	247.0
77436	19245	665.0	251.0
77448	19245	690.0	254.0
77460	19245	721.0	259.0
77472	19245	756.0	263.0
77484	19245	803.0	270.0
77496	19245	866.0	279.0
77508	19245	952.0	291.0
77316	19254	507.0	231.0
77328	19254	512.0	232.0
77340	19254	515.0	232.0
77352	19254	519.0	232.0
77364	19254	522.0	233.0
77376	19254	529.0	234.0
77388	19254	534.0	235.0
77400	19254	541.0	235.0
77412	19254	549.0	237.0
77424	19254	556.0	238.0
77436	19254	565.0	239.0
77448	19254	577.0	241.0
77460	19254	588.0	242.0
77472	19254	603.0	245.0
77484	19254	620.0	247.0
77496	19254	640.0	250.0
77508	19254	665.0	254.0
77520	19254	696.0	259.0
77532	19254	737.0	266.0
77544	19254	790.0	274.0
77556	19254	866.0	286.0
77568	19254	966.0	303.0
77388	19272	478.2857142857143	227.0
77400	19272	479.0	227.5
77412	19272	481.0	227.0
77424	19272	484.0	227.0
77436	19272	485.0	229.0
77448	19272	488.0	229.0
77460	19272	490.0	229.0
77472	19272	493.0	229.0
77484	19272	496.0	230.0
77496	19272	498.0	231.0
77508	19272	501.0	231.0
77520	19272	504.0	232.0
77532	19272	508.0	232.0
77544	19272	512.0	233.0
77556	19272	517.0	234.0
77568	19272	521.0	235.0
77580	19272	526.0	236.0
77592	19272	532.0	237.0
77604	19272	537.0	238.0
77616	19272	545.0	240.0
77628	19272	554.0	241.0
77640	19272	563.0	243.0
77652	19272	574.0	244.0
77664	19272	588.0	247.0
77676	19272	602.0	250.0
77688	19272	620.0	253.0
77700	19272	642.0	257.0
77712	19272	671.0	263.0
77724	19272	707.0	269.0
77736	19272	753.0	278.0
77748	19272	820.0	291.0
77760	19272	918.0	309.0
77772	19272	981.0	334.0
77784	19272	985.0	331.0
77796	19272	979.0	316.0
77808	19272	998.0	335.0
77832	19383	491.2	230.0
77844	19383	494.54545454545456	230.3181818181818
77856	19383	498.90909090909093	230.86363636363637
77868	19383	502.0	231.0
77880	19383	505.15384615384613	232.0
77892	19383	508.0	233.0
77904	19383	513.0	234.0
77916	19383	516.0	235.0
77928	19383	521.0	235.0
77940	19383	527.0	237.0
77952	19383	532.0	237.0
77964	19383	538.0	239.0
77976	19383	546.0	240.0
77988	19383	554.0	242.0
78000	19383	565.0	245.0
78012	19383	576.0	246.0
78024	19383	590.0	249.0
78036	19383	607.0	252.0
78048	19383	628.0	256.0
78060	19383	654.0	261.0
78072	19383	687.0	267.0
78084	19383	732.0	276.0
78096	19383	795.0	288.0
78108	19383	889.0	306.0
78120	19383	985.0	335.0
78024	19424	491.0	230.0
78036	19424	493.0	231.0
78048	19424	495.1818181818182	231.36363636363637
78060	19424	498.45454545454544	231.9090909090909
78072	19424	501.0	232.0
78084	19424	505.0	232.0
78096	19424	508.0	234.0
78108	19424	511.0	234.0
78120	19424	516.0	235.0
78132	19424	520.0	236.0
78144	19424	526.0	237.0
78156	19424	531.0	237.0
78168	19424	537.0	239.0
78180	19424	544.0	240.0
78192	19424	552.0	242.0
78204	19424	560.0	244.0
78216	19424	570.0	245.0
78228	19424	584.0	247.0
78240	19424	597.0	250.0
78252	19424	615.0	253.0
78264	19424	636.0	257.0
78276	19424	661.0	262.0
78288	19424	694.0	268.0
78300	19424	736.0	275.0
78312	19424	795.0	286.0
78324	19424	878.0	302.0
78336	19424	976.0	325.0
78072	19446	445.0	227.0
78084	19446	446.0	226.0
78096	19446	447.1666666666667	227.0
78108	19446	449.0	228.0
78120	19446	449.0	228.0
78132	19446	449.0	228.0
78144	19446	450.0	228.0
78156	19446	451.85714285714283	227.42857142857142
78168	19446	453.0	229.0
78180	19446	453.0	229.0
78192	19446	454.8	229.0
78204	19446	456.0	230.0
78216	19446	458.0	231.0
78228	19446	459.2857142857143	231.0
78240	19446	460.0	232.0
78252	19446	462.0	232.0
78264	19446	464.0	233.0
78276	19446	465.0	235.0
78288	19446	468.0	234.0
78300	19446	470.0	236.0
78312	19446	472.0	236.0
78324	19446	474.0	237.0
78336	19446	478.0	239.0
78348	19446	481.0	240.0
78360	19446	487.0	241.0
78372	19446	492.0	243.0
78384	19446	498.0	245.0
78396	19446	506.0	247.0
78408	19446	516.0	251.0
78420	19446	528.0	254.0
78432	19446	543.0	258.0
78444	19446	562.0	263.0
78456	19446	588.0	271.0
78468	19446	620.0	280.0
78480	19446	670.0	293.0
78492	19446	742.0	312.0
78504	19446	862.0	346.0
78516	19446	1001.0	412.0
78156	19484	466.0	231.0
78168	19484	469.9230769230769	231.30769230769232
78180	19484	472.0	232.0
78192	19484	474.75	233.375
78204	19484	477.0	234.0
78216	19484	480.0	235.0
78228	19484	485.0	236.0
78240	19484	488.0	237.0
78252	19484	493.0	238.0
78264	19484	498.0	239.0
78276	19484	502.0	240.0
78288	19484	509.0	241.0
78300	19484	516.0	243.0
78312	19484	521.0	244.0
78324	19484	531.0	246.0
78336	19484	541.0	249.0
78348	19484	552.0	252.0
78360	19484	567.0	255.0
78372	19484	583.0	259.0
78384	19484	606.0	265.0
78396	19484	631.0	271.0
78408	19484	666.0	280.0
78420	19484	713.0	291.0
78432	19484	783.0	309.0
78444	19484	888.0	335.0
78456	19484	994.0	382.0
78228	19494	510.0	234.0
78240	19494	515.0	235.0
78252	19494	520.0	236.0
78264	19494	525.0	237.0
78276	19494	531.0	237.0
78288	19494	536.0	238.0
78300	19494	543.0	240.0
78312	19494	550.0	241.0
78324	19494	559.0	243.0
78336	19494	568.0	245.0
78348	19494	580.0	247.0
78360	19494	592.0	249.0
78372	19494	607.0	252.0
78384	19494	625.0	255.0
78396	19494	646.0	260.0
78408	19494	674.0	265.0
78420	19494	705.0	265.0
78432	19494	743.0	262.0
78444	19494	813.0	285.0
78456	19494	905.0	307.0
78468	19494	990.0	338.0
78336	19513	518.0	236.0
78348	19513	522.0	236.0
78360	19513	528.0	237.0
78372	19513	534.0	238.0
78384	19513	540.0	239.0
78396	19513	547.0	241.0
78408	19513	554.0	242.0
78420	19513	563.0	243.0
78432	19513	572.0	244.0
78444	19513	585.0	247.0
78456	19513	598.0	249.0
78468	19513	607.0	244.0
78480	19513	627.0	253.0
78492	19513	649.0	259.0
78504	19513	678.0	264.0
78516	19513	711.0	270.0
78528	19513	752.0	278.0
78540	19513	808.0	288.0
78552	19513	885.0	302.0
78564	19513	973.0	323.0
78444	19537	515.0	234.0
78456	19537	518.0	236.0
78468	19537	522.0	236.0
78480	19537	528.0	237.0
78492	19537	532.0	238.0
78504	19537	540.0	239.0
78516	19537	546.0	241.0
78528	19537	555.0	242.0
78540	19537	563.0	244.0
78552	19537	573.0	246.0
78564	19537	585.0	247.0
78576	19537	597.0	251.0
78588	19537	614.0	253.0
78600	19537	633.0	256.0
78612	19537	655.0	261.0
78624	19537	681.0	265.0
78636	19537	716.0	272.0
78648	19537	761.0	280.0
78660	19537	822.0	292.0
78672	19537	907.0	308.0
78684	19537	983.0	332.0
78504	19553	467.0	229.0
78516	19553	469.5	230.5
78528	19553	471.0	231.0
78540	19553	474.10526315789474	231.52631578947367
78552	19553	477.0	233.0
78564	19553	479.0	232.0
78576	19553	481.0	233.0
78588	19553	484.0	234.0
78600	19553	488.0	235.0
78612	19553	491.0	236.0
78624	19553	495.0	237.0
78636	19553	500.0	238.0
78648	19553	506.0	239.0
78660	19553	512.0	241.0
78672	19553	519.0	243.0
78684	19553	527.0	245.0
78696	19553	537.0	247.0
78708	19553	547.0	250.0
78720	19553	562.0	253.0
78732	19553	581.0	259.0
78744	19553	601.0	263.0
78756	19553	632.0	271.0
78768	19553	673.0	281.0
78780	19553	736.0	298.0
78792	19553	837.0	323.0
78804	19553	984.0	371.0
78576	19576	456.09090909090907	227.54545454545453
78588	19576	457.3	229.0
78600	19576	458.45454545454544	229.1818181818182
78612	19576	459.8181818181818	229.72727272727272
78624	19576	461.1818181818182	230.27272727272728
78636	19576	462.54545454545456	230.8181818181818
78648	19576	464.5	231.5
78660	19576	468.0	233.0
78672	19576	469.0	232.0
78684	19576	473.0	234.0
78696	19576	476.0	234.0
78708	19576	479.0	236.0
78720	19576	483.0	236.0
78732	19576	488.0	237.0
78744	19576	493.0	239.0
78756	19576	499.0	240.0
78768	19576	506.0	242.0
78780	19576	513.0	244.0
78792	19576	522.0	246.0
78804	19576	533.0	249.0
78816	19576	546.0	252.0
78828	19576	561.0	256.0
78840	19576	582.0	260.0
78852	19576	606.0	267.0
78864	19576	639.0	275.0
78876	19576	684.0	287.0
78888	19576	754.0	305.0
78900	19576	865.0	333.0
78912	19576	995.0	388.0
78816	19639	493.0	234.0
78828	19639	495.0	234.0
78840	19639	499.0	236.0
78852	19639	502.0	236.0
78864	19639	507.0	237.0
78876	19639	511.0	238.0
78888	19639	516.0	240.0
78900	19639	522.0	242.0
78912	19639	530.0	243.0
78924	19639	538.0	245.0
78936	19639	547.0	247.0
78948	19639	557.0	250.0
78960	19639	571.0	254.0
78972	19639	586.0	257.0
78984	19639	607.0	262.0
78996	19639	632.0	268.0
79008	19639	665.0	276.0
79020	19639	711.0	287.0
79032	19639	778.0	304.0
79044	19639	887.0	330.0
79056	19639	993.0	376.0
78840	19652	531.0	232.0
78852	19652	536.0	232.0
78864	19652	542.0	233.0
78876	19652	546.0	235.0
78888	19652	552.0	235.0
78900	19652	559.0	236.0
78912	19652	568.0	237.0
78924	19652	577.0	238.0
78936	19652	586.0	240.0
78948	19652	598.0	241.0
78960	19652	610.0	243.0
78972	19652	624.0	245.0
78984	19652	641.0	247.0
78996	19652	661.0	250.0
79008	19652	685.0	254.0
79020	19652	713.0	257.0
79032	19652	747.0	256.0
79044	19652	795.0	259.5
79056	19652	860.0	272.0
79068	19652	945.0	288.0
78888	19677	490.0	234.0
78900	19677	492.0	235.0
78912	19677	496.0	235.0
78924	19677	498.0	237.0
78936	19677	504.0	237.0
78948	19677	508.0	238.0
78960	19677	511.0	240.0
78972	19677	519.0	242.0
78984	19677	524.0	244.0
78996	19677	531.0	245.0
79008	19677	539.0	247.0
79020	19677	548.0	249.0
79032	19677	561.0	253.0
79044	19677	573.0	256.0
79056	19677	590.0	260.0
79068	19677	610.0	266.0
79080	19677	637.0	272.0
79092	19677	674.0	282.0
79104	19677	726.0	296.0
79116	19677	803.0	316.0
79128	19677	932.0	349.0
78984	19706	917.0	257.0
78996	19706	861.0	253.0
79008	19706	813.0	248.0
79020	19706	776.0	245.0
79032	19706	748.0	243.0
79044	19706	718.0	241.0
79056	19706	696.0	240.0
79068	19706	677.811320754717	241.1509433962264
79080	19706	656.5283018867924	241.37735849056602
79092	19706	635.2452830188679	241.60377358490567
79104	19706	613.9622641509434	241.83018867924528
79116	19706	596.0	242.0
79128	19706	610.0	244.0
79140	19706	624.0	246.0
79152	19706	642.0	248.0
79164	19706	663.0	251.0
79176	19706	688.0	255.0
79188	19706	719.0	259.0
79200	19706	758.0	264.0
79212	19706	808.0	271.0
79224	19706	875.0	281.0
79236	19706	963.0	295.0
79020	19718	492.0	236.0
79032	19718	494.0	235.0
79044	19718	498.0	237.0
79056	19718	502.0	238.0
79068	19718	506.0	239.0
79080	19718	511.0	240.0
79092	19718	517.0	242.0
79104	19718	523.0	243.0
79116	19718	530.0	245.0
79128	19718	538.0	248.0
79140	19718	548.0	249.0
79152	19718	560.0	252.0
79164	19718	574.0	256.0
79176	19718	589.0	259.0
79188	19718	611.0	265.0
79200	19718	636.0	271.0
79212	19718	671.0	281.0
79224	19718	719.0	293.0
79236	19718	791.0	312.0
79248	19718	908.0	342.0
79260	19718	1002.0	396.0
79068	19737	477.0	234.0
79080	19737	481.0	235.0
79092	19737	485.0	235.0
79104	19737	489.0	236.0
79116	19737	493.0	236.0
79128	19737	497.0	237.0
79140	19737	502.0	239.0
79152	19737	506.0	239.0
79164	19737	512.0	240.0
79176	19737	517.0	242.0
79188	19737	525.0	244.0
79200	19737	532.0	245.0
79212	19737	540.0	248.0
79224	19737	551.0	250.0
79236	19737	560.0	252.0
79248	19737	574.0	256.0
79260	19737	590.0	259.0
79272	19737	609.0	264.0
79284	19737	632.0	269.0
79296	19737	663.0	277.0
79308	19737	704.0	288.0
79320	19737	760.0	301.0
79332	19737	844.0	322.0
79344	19737	968.0	357.0
79164	19782	480.125	233.1875
79176	19782	484.625	233.9375
79188	19782	486.0	235.0
79200	19782	488.0	235.0
79212	19782	492.0	236.0
79224	19782	497.0	238.0
79236	19782	502.0	238.0
79248	19782	506.0	239.0
79260	19782	510.0	240.0
79272	19782	518.0	242.0
79284	19782	525.0	244.0
79296	19782	534.0	246.0
79308	19782	545.0	249.0
79320	19782	558.0	252.0
79332	19782	573.0	256.0
79344	19782	591.0	260.0
79356	19782	615.0	267.0
79368	19782	647.0	275.0
79380	19782	691.0	286.0
79392	19782	757.0	303.0
79404	19782	861.0	330.0
79416	19782	989.0	379.0
79308	19827	495.6666666666667	231.0
79320	19827	501.5	231.91666666666666
79332	19827	502.0	232.0
79344	19827	504.93333333333334	232.73333333333332
79356	19827	509.0	233.0
79368	19827	509.0	234.0
79380	19827	515.0	234.0
79392	19827	520.0	236.0
79404	19827	524.0	237.0
79416	19827	530.0	237.0
79428	19827	535.0	238.0
79440	19827	541.0	240.0
79452	19827	549.0	241.0
79464	19827	556.0	243.0
79476	19827	566.0	245.0
79488	19827	575.0	246.0
79500	19827	588.0	248.0
79512	19827	601.0	251.0
79524	19827	617.0	253.0
79536	19827	636.0	257.0
79548	19827	660.0	262.0
79560	19827	688.0	267.0
79572	19827	728.0	274.0
79584	19827	776.0	283.0
79596	19827	845.0	297.0
79608	19827	944.0	315.0
79620	19827	994.0	341.0
79416	19854	493.0	231.0
79428	19854	495.2631578947368	231.31578947368422
79440	19854	497.7894736842105	231.94736842105263
79452	19854	502.46153846153845	233.0
79464	19854	505.0	234.0
79476	19854	509.0	234.0
79488	19854	514.0	235.0
79500	19854	519.0	235.0
79512	19854	524.0	237.0
79524	19854	531.0	239.0
79536	19854	538.0	240.0
79548	19854	546.0	242.0
79560	19854	554.0	243.0
79572	19854	564.0	245.0
79584	19854	576.0	248.0
79596	19854	590.0	250.0
79608	19854	608.0	254.0
79620	19854	627.0	257.0
79632	19854	654.0	263.0
79644	19854	687.0	270.0
79656	19854	733.0	279.0
79668	19854	799.0	293.0
79680	19854	903.0	316.0
79692	19854	997.0	356.0
79428	19863	461.0	231.0
79440	19863	465.0	232.0
79452	19863	465.0	232.0
79464	19863	467.0	234.0
79476	19863	468.0	234.0
79488	19863	470.0	234.0
79500	19863	473.0	235.0
79512	19863	475.0	236.0
79524	19863	478.0	237.0
79536	19863	482.0	238.0
79548	19863	483.0	240.0
79560	19863	488.0	241.0
79572	19863	492.0	242.0
79584	19863	497.0	244.0
79596	19863	503.0	246.0
79608	19863	509.0	249.0
79620	19863	516.0	252.0
79632	19863	526.0	255.0
79644	19863	536.0	259.0
79656	19863	550.0	264.0
79668	19863	568.0	271.0
79680	19863	590.0	279.0
79692	19863	621.0	290.0
79704	19863	668.0	307.0
79716	19863	740.0	333.0
79728	19863	870.0	381.0
79740	19863	1020.0	492.0
79968	20045	528.0	232.0
79980	20045	531.0	232.0
79992	20045	535.0	232.0
80004	20045	540.0	234.0
80016	20045	544.0	234.0
80028	20045	550.0	235.0
80040	20045	557.0	236.0
80052	20045	564.0	237.0
80064	20045	575.0	238.0
80076	20045	583.0	239.0
80088	20045	593.0	241.0
80100	20045	605.0	242.0
80112	20045	620.0	244.0
80124	20045	636.0	247.0
80136	20045	656.0	249.0
80148	20045	680.0	253.0
80160	20045	708.0	256.0
80172	20045	743.0	262.0
80184	20045	789.0	267.0
80196	20045	850.0	277.0
80208	20045	934.0	289.0
79992	20054	486.0	235.0
80004	20054	488.2857142857143	235.0
80016	20054	492.0	236.0
80028	20054	495.0	235.0
80040	20054	498.0	237.0
80052	20054	504.0	239.0
80064	20054	509.0	240.0
80076	20054	515.0	242.0
80088	20054	521.0	243.0
80100	20054	527.0	245.0
80112	20054	536.0	247.0
80124	20054	546.0	250.0
80136	20054	558.0	254.0
80148	20054	573.0	258.0
80160	20054	590.0	263.0
80172	20054	615.0	270.0
80184	20054	646.0	280.0
80196	20054	693.0	293.0
80208	20054	763.0	316.0
80220	20054	887.0	353.0
80232	20054	1007.0	426.0
80076	20065	483.0	233.0
80088	20065	484.625	232.625
80100	20065	488.0	234.0
80112	20065	491.0	235.0
80124	20065	494.0	235.0
80136	20065	498.0	236.0
80148	20065	502.0	238.0
80160	20065	508.0	238.0
80172	20065	514.0	240.0
80184	20065	519.0	241.0
80196	20065	526.0	243.0
80208	20065	535.0	245.0
80220	20065	545.0	248.0
80232	20065	557.0	250.0
80244	20065	572.0	255.0
80256	20065	590.0	259.0
80268	20065	612.0	265.0
80280	20065	643.0	273.0
80292	20065	685.0	283.0
80304	20065	746.0	298.0
80316	20065	843.0	322.0
80328	20065	980.0	364.0
80136	20072	470.0	233.0
80148	20072	471.0	233.0
80160	20072	472.0	234.0
80172	20072	474.0	234.0
80184	20072	476.0	236.0
80196	20072	478.0	237.0
80208	20072	481.0	238.0
80220	20072	483.0	239.0
80232	20072	488.0	241.0
80244	20072	492.0	243.0
80256	20072	498.0	245.0
80268	20072	505.0	247.0
80280	20072	514.0	251.0
80292	20072	524.0	255.0
80304	20072	539.0	260.0
80316	20072	557.0	267.0
80328	20072	583.0	276.0
80340	20072	620.0	290.0
80352	20072	681.0	313.0
80364	20072	793.0	353.0
80376	20072	998.0	458.0
80328	20132	470.0	226.0
80340	20132	470.0	227.0
80352	20132	471.0	227.0
80364	20132	472.32	227.08
80376	20132	474.24	227.56
80388	20132	475.5	228.0
80400	20132	477.0	228.0
80412	20132	478.0	228.0
80424	20132	480.0	228.0
80436	20132	483.0	228.0
80448	20132	484.3333333333333	228.66666666666666
80460	20132	486.0	230.0
80472	20132	488.0	230.0
80484	20132	490.0	230.0
80496	20132	492.7692307692308	230.92307692307693
80508	20132	494.85714285714283	231.14285714285714
80520	20132	498.0	232.0
80532	20132	500.0	233.0
80544	20132	504.0	233.0
80556	20132	508.0	234.0
80568	20132	513.0	234.0
80580	20132	517.0	236.0
80592	20132	521.0	236.0
80604	20132	527.0	237.0
80616	20132	533.0	239.0
80628	20132	540.0	239.0
80640	20132	547.0	241.0
80652	20132	557.0	243.0
80664	20132	566.0	245.0
80676	20132	578.0	247.0
80688	20132	591.0	249.0
80700	20132	606.0	252.0
80712	20132	626.0	256.0
80724	20132	650.0	260.0
80736	20132	679.0	265.0
80748	20132	717.0	272.0
80760	20132	771.0	283.0
80772	20132	844.0	297.0
80784	20132	956.0	319.0
80628	20226	476.0	227.0
80640	20226	477.0	227.0
80652	20226	478.0	228.0
80664	20226	480.0	227.0
80676	20226	481.0	226.0
80688	20226	485.0	228.0
80700	20226	486.0	229.0
80712	20226	487.0	229.0
80724	20226	491.0	229.0
80736	20226	495.0	230.0
80748	20226	496.0	230.0
80760	20226	499.0	232.0
80772	20226	503.0	232.0
80784	20226	507.0	233.0
80796	20226	510.0	233.0
80808	20226	515.0	235.0
80820	20226	519.0	235.0
80832	20226	524.0	236.0
80844	20226	529.0	237.0
80856	20226	536.0	238.0
80868	20226	543.0	240.0
80880	20226	551.0	242.0
80892	20226	560.0	244.0
80904	20226	570.0	245.0
80916	20226	582.0	248.0
80928	20226	598.0	251.0
80940	20226	614.0	254.0
80952	20226	635.0	258.0
80964	20226	661.0	264.0
80976	20226	695.0	270.0
80988	20226	740.0	279.0
81000	20226	803.0	292.0
81012	20226	895.0	309.0
81024	20226	977.0	335.0
81036	20226	986.0	337.0
81048	20226	987.0	342.0
81060	20226	998.0	346.0
80952	20308	516.4	232.2
80964	20308	518.7777777777778	233.0
80976	20308	524.0	234.0
80988	20308	528.0	234.0
81000	20308	533.0	235.0
81012	20308	537.0	236.0
81024	20308	544.0	236.0
81036	20308	550.0	238.0
81048	20308	557.0	239.0
81060	20308	566.0	240.0
81072	20308	576.0	242.0
81084	20308	586.0	244.0
81096	20308	599.0	246.0
81108	20308	614.0	247.0
81120	20308	631.0	250.0
81132	20308	653.0	253.0
81144	20308	677.0	257.0
81156	20308	709.0	262.0
81168	20308	749.0	267.0
81180	20308	801.0	276.0
81192	20308	872.0	287.0
81204	20308	967.0	303.0
81000	20314	502.1875	233.0
81012	20314	504.4375	233.0
81024	20314	508.0	234.0
81036	20314	513.0	234.0
81048	20314	516.0	235.0
81060	20314	522.0	236.0
81072	20314	529.0	237.0
81084	20314	536.0	238.0
81096	20314	546.0	241.0
81108	20314	553.0	241.0
81120	20314	563.0	244.0
81132	20314	575.0	246.0
81144	20314	590.0	249.0
81156	20314	607.0	252.0
81168	20314	630.0	256.0
81180	20314	658.0	262.0
81192	20314	694.0	268.0
81204	20314	743.0	277.0
81216	20314	816.0	291.0
81228	20314	928.0	313.0
81012	20315	482.5	233.0
81024	20315	484.94117647058823	233.58823529411765
81036	20315	487.6666666666667	234.0
81048	20315	489.45454545454544	235.0
81060	20315	493.0	236.0
81072	20315	496.0	235.0
81084	20315	501.0	237.0
81096	20315	505.0	238.0
81108	20315	509.0	239.0
81120	20315	514.0	240.0
81132	20315	520.0	242.0
81144	20315	527.0	244.0
81156	20315	535.0	246.0
81168	20315	544.0	248.0
81180	20315	555.0	250.0
81192	20315	567.0	253.0
81204	20315	583.0	257.0
81216	20315	603.0	262.0
81228	20315	627.0	268.0
81240	20315	660.0	276.0
81252	20315	703.0	287.0
81264	20315	768.0	302.0
81276	20315	867.0	327.0
81288	20315	986.0	370.0
81096	20327	476.0	233.0
81108	20327	478.0	233.0
81120	20327	480.0	234.0
81132	20327	481.0	234.0
81144	20327	482.0	235.0
81156	20327	485.0	237.0
81168	20327	487.0	237.0
81180	20327	490.0	238.0
81192	20327	494.0	241.0
81204	20327	498.0	242.0
81216	20327	503.0	245.0
81228	20327	508.0	246.0
81240	20327	515.0	249.0
81252	20327	523.0	252.0
81264	20327	534.0	256.0
81276	20327	548.0	261.0
81288	20327	565.0	268.0
81300	20327	589.0	276.0
81312	20327	623.0	289.0
81324	20327	676.0	308.0
81336	20327	768.0	341.0
81348	20327	952.0	407.0
81192	20335	478.0	231.0
81204	20335	482.0	232.0
81216	20335	484.9	232.0
81228	20335	488.0	233.0
81240	20335	490.0	234.0
81252	20335	495.0	235.0
81264	20335	499.0	237.0
81276	20335	504.0	237.0
81288	20335	509.0	238.0
81300	20335	514.0	240.0
81312	20335	521.0	242.0
81324	20335	529.0	244.0
81336	20335	538.0	246.0
81348	20335	548.0	249.0
81360	20335	560.0	251.0
81372	20335	575.0	255.0
81384	20335	594.0	260.0
81396	20335	617.0	266.0
81408	20335	649.0	274.0
81420	20335	692.0	284.0
81432	20335	756.0	301.0
81444	20335	856.0	325.0
81456	20335	983.0	371.0
81300	20360	483.25	233.0
81312	20360	485.75	233.875
81324	20360	488.0	235.0
81336	20360	491.0	235.0
81348	20360	495.0	236.0
81360	20360	498.0	236.0
81372	20360	504.0	237.0
81384	20360	507.0	238.0
81396	20360	513.0	240.0
81408	20360	520.0	241.0
81420	20360	527.0	243.0
81432	20360	535.0	245.0
81444	20360	545.0	248.0
81456	20360	556.0	250.0
81468	20360	569.0	254.0
81480	20360	586.0	258.0
81492	20360	607.0	264.0
81504	20360	633.0	270.0
81516	20360	669.0	279.0
81528	20360	720.0	292.0
81540	20360	796.0	312.0
81552	20360	923.0	344.0
81408	20374	469.0	229.0
81420	20374	471.4	230.0
81432	20374	473.0344827586207	230.20689655172413
81444	20374	475.1034482758621	230.6206896551724
81456	20374	477.0	231.0
81468	20374	479.0	232.0
81480	20374	481.2857142857143	231.64285714285714
81492	20374	484.0	233.0
81504	20374	486.0	232.0
81516	20374	489.0	234.0
81528	20374	492.0	235.0
81540	20374	495.0	235.0
81552	20374	499.0	236.0
81564	20374	503.0	237.0
81576	20374	509.0	238.0
81588	20374	514.0	240.0
81600	20374	520.0	241.0
81612	20374	527.0	243.0
81624	20374	534.0	244.0
81636	20374	543.0	247.0
81648	20374	553.0	249.0
81660	20374	566.0	253.0
81672	20374	581.0	256.0
81684	20374	599.0	260.0
81696	20374	623.0	266.0
81708	20374	653.0	273.0
81720	20374	696.0	284.0
81732	20374	756.0	299.0
81744	20374	850.0	322.0
81756	20374	978.0	361.0
81588	20401	466.2857142857143	228.0
81600	20401	468.0	228.0
81612	20401	471.0	229.0
81624	20401	472.1	230.0
81636	20401	472.25	230.0
81648	20401	475.2352941176471	230.0
81660	20401	478.0	231.0
81672	20401	479.0	231.0
81684	20401	482.0	231.0
81696	20401	484.6666666666667	233.0
81708	20401	486.0	233.0
81720	20401	490.0	235.0
81732	20401	492.0	234.0
81744	20401	496.0	236.0
81756	20401	500.0	236.0
81768	20401	504.0	237.0
81780	20401	510.0	239.0
81792	20401	515.0	240.0
81804	20401	522.0	242.0
81816	20401	529.0	243.0
81828	20401	538.0	246.0
81840	20401	548.0	249.0
81852	20401	561.0	251.0
81864	20401	577.0	256.0
81876	20401	594.0	259.0
81888	20401	618.0	265.0
81900	20401	650.0	273.0
81912	20401	693.0	283.0
81924	20401	754.0	298.0
81936	20401	851.0	323.0
81948	20401	982.0	365.0
81648	20410	514.0	232.0
81660	20410	517.1666666666666	232.0
81672	20410	520.625	232.375
81684	20410	526.0	234.0
81696	20410	531.0	234.0
81708	20410	535.0	235.0
81720	20410	542.0	236.0
81732	20410	549.0	237.0
81744	20410	556.0	238.0
81756	20410	564.0	240.0
81768	20410	575.0	241.0
81780	20410	585.0	243.0
81792	20410	599.0	245.0
81804	20410	613.0	247.0
81816	20410	631.0	250.0
81828	20410	651.0	253.0
81840	20410	678.0	257.0
81852	20410	709.0	262.0
81864	20410	750.0	268.0
81876	20410	804.0	277.0
81888	20410	878.0	289.0
81900	20410	968.0	304.0
81708	20423	457.0	229.0
81720	20423	459.0	231.0
81732	20423	459.75	231.1875
81744	20423	461.25	231.5625
81756	20423	462.75	231.9375
81768	20423	463.0	232.0
81780	20423	465.0	232.25
81792	20423	468.0	234.0
81804	20423	468.0	234.0
81816	20423	471.0	236.0
81828	20423	473.0	235.0
81840	20423	476.0	237.0
81852	20423	479.0	238.0
81864	20423	483.0	239.0
81876	20423	486.0	240.0
81888	20423	490.0	242.0
81900	20423	495.0	243.0
81912	20423	500.0	246.0
81924	20423	506.0	247.0
81936	20423	514.0	250.0
81948	20423	523.0	253.0
81960	20423	534.0	258.0
81972	20423	547.0	262.0
81984	20423	563.0	268.0
81996	20423	584.0	275.0
82008	20423	613.0	286.0
82020	20423	656.0	301.0
82032	20423	720.0	323.0
82044	20423	836.0	365.0
82056	20423	999.0	452.0
81816	20444	505.0	235.0
81828	20444	507.0	235.0
81840	20444	511.0	235.0
81852	20444	515.0	236.0
81864	20444	520.0	237.0
81876	20444	524.0	237.0
81888	20444	529.0	238.0
81900	20444	534.0	239.0
81912	20444	539.0	241.0
81924	20444	545.0	242.0
81936	20444	553.0	243.0
81948	20444	560.0	245.0
81960	20444	569.0	247.0
81972	20444	579.0	248.0
81984	20444	591.0	250.0
81996	20444	604.0	253.0
82008	20444	620.0	257.0
82020	20444	634.0	253.0
82032	20444	664.0	264.0
82044	20444	695.0	271.0
82056	20444	731.0	279.0
82068	20444	781.0	289.0
82080	20444	850.0	302.0
82092	20444	948.0	322.0
82104	20444	991.0	347.0
81972	20471	492.0	230.0
81984	20471	496.0	231.0
81996	20471	498.75	231.45833333333334
82008	20471	501.75	231.95833333333334
82020	20471	504.57142857142856	232.0
82032	20471	509.0	234.0
82044	20471	513.0	234.0
82056	20471	517.0	235.0
82068	20471	523.0	236.0
82080	20471	528.0	237.0
82092	20471	535.0	238.0
82104	20471	542.0	240.0
82116	20471	550.0	241.0
82128	20471	559.0	243.0
82140	20471	569.0	245.0
82152	20471	583.0	248.0
82164	20471	598.0	250.0
82176	20471	615.0	253.0
82188	20471	637.0	258.0
82200	20471	665.0	262.0
82212	20471	699.0	269.0
82224	20471	745.0	277.0
82236	20471	809.0	289.0
82248	20471	902.0	307.0
82260	20471	988.0	334.0
82008	20480	463.0	227.0
82020	20480	466.0	228.0
82032	20480	466.25	228.0
82044	20480	468.0	229.0
82056	20480	470.0	229.0
82068	20480	472.57142857142856	230.0
82080	20480	475.0	230.0
82092	20480	477.0	232.0
82104	20480	478.0	231.0
82116	20480	482.0	232.0
82128	20480	484.0	233.0
82140	20480	487.0	234.0
82152	20480	491.0	234.0
82164	20480	495.0	235.0
82176	20480	498.0	236.0
82188	20480	504.0	237.0
82200	20480	510.0	239.0
82212	20480	516.0	240.0
82224	20480	523.0	241.0
82236	20480	532.0	244.0
82248	20480	541.0	246.0
82260	20480	553.0	250.0
82272	20480	567.0	253.0
82284	20480	586.0	258.0
82296	20480	609.0	263.0
82308	20480	640.0	271.0
82320	20480	685.0	283.0
82332	20480	751.0	299.0
82344	20480	860.0	327.0
82356	20480	998.0	383.0
82068	20498	493.0	228.0
82080	20498	496.2142857142857	228.64285714285714
82092	20498	498.0	229.0
82104	20498	500.0	230.0
82116	20498	504.0	230.0
82128	20498	505.0	230.0
82140	20498	509.0	232.0
82152	20498	512.0	231.0
82164	20498	517.0	232.0
82176	20498	520.0	232.0
82188	20498	526.0	233.0
82200	20498	530.0	234.0
82212	20498	535.5	235.0
82224	20498	541.0	235.0
82236	20498	547.0	237.0
82248	20498	553.0	237.0
82260	20498	561.0	238.0
82272	20498	570.075	239.7
82284	20498	578.775	240.9
82296	20498	587.475	242.1
82308	20498	598.0	244.0
82320	20498	616.0	247.0
82332	20498	636.0	251.0
82344	20498	656.0	253.0
82356	20498	683.0	258.0
82368	20498	714.0	263.0
82380	20498	754.0	269.0
82392	20498	808.0	277.0
82404	20498	881.0	289.0
82416	20498	970.0	306.0
82164	20517	478.0	228.0
82176	20517	480.0	227.0
82188	20517	482.0	229.0
82200	20517	483.0	230.0
82212	20517	485.0	230.0
82224	20517	487.0	230.0
82236	20517	490.0	231.0
82248	20517	494.0	231.0
82260	20517	497.0	232.0
82272	20517	500.0	233.0
82284	20517	504.0	233.0
82296	20517	507.0	235.0
82308	20517	512.0	235.0
82320	20517	518.0	236.0
82332	20517	523.0	237.0
82344	20517	529.0	238.0
82356	20517	537.0	240.0
82368	20517	544.0	241.0
82380	20517	553.0	243.0
82392	20517	564.0	245.0
82404	20517	577.0	247.0
82416	20517	592.0	250.0
82428	20517	609.0	253.0
