5.0	0.0	5.019141311645508	10.784128958129884
6.0	0.0	5.0130457534790045	12.003328958129883
7.0	0.0	5.0066449813842775	13.222528958129883
8.0	0.0	5.000244209289551	14.441424325561524
9.0	0.0	4.994148069763184	15.660928958129883
10.0	0.0	4.987747297668458	16.880128958129884
11.0	0.0	4.98165115814209	18.099328958129885
12.0	0.0	4.975250386047364	19.317919692993165
13.0	0.0	4.969154246520996	20.53833938598633
14.0	0.0	4.96275347442627	21.762111199951175
15.0	0.0	4.956657334899902	22.98222509765625
16.0	0.0	4.954219111633301	24.185574902343753
17.0	0.0	4.944161004638672	25.36941892089844
18.0	0.0	4.938064865112305	26.530706176757814
19.0	0.0	4.928311390686035	27.68467992553711
20.0	0.0	4.9389793441772465	28.859377990722656
21.0	0.0	4.953609846496582	30.056632818603518
22.0	0.0	4.98012741394043	31.260287255859378
23.0	0.0	4.998719883728028	32.42614865112305
24.0	0.0	5.007864093017578	33.552079925537114
25.0	0.0	5.009387837219238	34.63381389770508
26.0	0.0	5.022494595336914	35.69756524658203
27.0	0.0	5.035296139526367	36.75887953491211
28.0	0.0	5.04809768371582	37.82446100463867
29.0	0.0	5.061203860473633	38.89156563720703
30.0	0.0	5.074005404663086	39.958974902343755
31.0	0.0	5.087416795349121	41.024556372070315
32.0	0.0	5.098389381408691	42.087086865234376
33.0	0.0	5.119420655822754	43.152975292968755
34.0	0.0	5.119116023254395	44.235927795410156
35.0	0.0	5.097475483703613	45.34936215820313
36.0	0.0	5.056022200012207	46.49998494873047
37.0	0.0	4.99140463256836	47.68565676269532
38.0	0.0	4.89630694885254	48.88351853027344
39.0	0.0	4.804562258148193	50.07162740478516
40.0	0.0	4.71556071395874	51.25211813964844
41.0	0.0	4.640884748840333	52.43901313476563
42.0	0.0	4.565599227905274	53.644800000000004
43.0	0.0	4.4866560813903815	54.85150308837891
44.0	0.0	4.422038513946533	56.04113745117188
45.0	0.0	4.3680888999938965	57.215837841796876
46.0	0.0	4.3403519302368165	58.38779421386719
47.0	0.0	4.361383204650879	59.574684558105474
48.0	0.0	4.397654537200928	60.781387646484376
49.0	0.0	4.431791988372803	62.00150386962891
50.0	0.0	4.464100772094727	63.22466176757813
51.0	0.0	4.496104923248291	64.44416872558594
52.0	0.0	4.528108783721924	65.66245250244141
53.0	0.0	4.560417567443848	66.8813501953125
54.0	0.0	4.5924217185974125	68.11121931152344
55.0	0.0	4.624425579071045	69.31822470703125
56.0	0.0	4.65642973022461	70.47920965576172
57.0	0.0	4.708855309295655	71.62830695800781
58.0	0.0	4.767072104644775	72.81946215820312
59.0	0.0	4.817973648834228	74.05359613037109
60.0	0.0	4.84845347442627	75.32735559082032
61.0	0.0	4.899660232543946	76.58008377685547
62.0	0.0	4.957877027893066	77.81300386962891
63.0	0.0	5.0441351348876955	79.03768725585938
64.0	0.0	5.096255790710449	80.27578842773438
65.0	0.0	5.126126641845703	81.54619460449219
66.0	0.0	5.139537451171876	82.8574447998047
67.0	0.0	5.134661004638672	84.20283244628907
68.0	0.0	5.1267359069824225	85.56467490234375
69.0	0.0	5.113629730224609	86.92042470703126
70.0	0.0	5.059984748840332	88.25728264160156
71.0	0.0	4.992928958129883	89.58498764648438
72.0	0.0	4.939283976745606	90.9221432373047
73.0	0.0	4.924348841857911	92.27698146972656
74.0	0.0	4.928616023254395	93.64553049316407
75.0	0.0	4.925263320922852	95.01926989746094
76.0	0.0	4.922215251159669	96.39208842773438
77.0	0.0	4.919167181396484	97.76398608398438
78.0	0.0	4.916119111633301	99.13558608398438
79.0	0.0	4.912766409301758	100.50718608398438
80.0	0.0	4.9094137069702155	101.87878608398438
81.0	0.0	4.906061004638672	103.257399609375
82.0	0.0	4.9030129348754885	104.6222930419922
83.0	0.0	4.899964865112305	105.95853706054687
84.0	0.0	4.902707720947266	107.28380500488282
85.0	0.0	4.932273358154297	108.62035598144531
86.0	0.0	4.961534362792969	109.98372392578125
87.0	0.0	4.990795367431641	111.35776098632813
88.0	0.0	5.020055790710449	112.7278447998047
89.0	0.0	5.045049613952637	114.11133244628907
90.0	0.0	5.075224516296387	115.5222509765625
91.0	0.0	5.110886293029785	116.96120500488281
92.0	0.0	5.14197625579834	118.41053049316407
93.0	0.0	5.177637451171876	119.8494938232422
94.0	0.0	5.207507720947266	121.26010539550782
95.0	0.0	5.232501544189454	122.64359304199219
96.0	0.0	5.261762548828125	124.01366755371095
97.0	0.0	5.2910229721069335	125.38100734863282
98.0	0.0	5.320588609313965	126.75108186035158
99.0	0.0	5.349849613952637	128.12268186035158
100.0	0.0	5.379110618591309	129.49397490234375
101.0	0.0	5.4086762557983405	130.86526794433595
102.0	0.0	5.437936679077149	132.23656098632813
103.0	0.0	5.4671976837158205	133.6072494140625
104.0	0.0	5.4967633209228515	134.97976098632813
105.0	0.0	5.526023744201661	136.35624440917968
106.0	0.0	5.555589381408692	137.72997451171875
107.0	0.0	5.597042665100098	139.08541735839844
108.0	0.0	5.632399227905274	140.39697451171875
109.0	0.0	5.656783204650879	141.6719571533203
110.0	0.0	5.682081660461426	142.9091374511719
111.0	0.0	5.679033590698243	144.13351853027345
112.0	0.0	5.654649613952637	145.36338764648437
113.0	0.0	5.603443437194825	146.6060559814453
114.0	0.0	5.531510618591309	147.8563424560547
115.0	0.0	5.466893051147461	149.09809921875
116.0	0.0	5.401970269775391	150.3230942138672
117.0	0.0	5.355945753479004	151.54807990722657
118.0	0.0	5.309920655822754	152.78892509765626
119.0	0.0	5.269992279052735	154.03495136718752
120.0	0.0	5.250180116271973	155.23037607421875
121.0	0.0	5.2254909255981445	156.38312431640625
122.0	0.0	5.202935906982422	157.49321469726564
123.0	0.0	5.205983976745606	158.55238725585937
124.0	0.0	5.247741311645508	159.60609038085937
125.0	0.0	5.2888893814086915	160.66740234375
126.0	0.0	5.3275992279052735	161.73572783203124
127.0	0.0	5.366309074401856	162.80312314453127
128.0	0.0	5.405322972106934	163.86901157226563
129.0	0.0	5.443728186035156	164.9349
130.0	0.0	5.482742665100098	165.99987685546876
131.0	0.0	5.522671041870117	167.06392353515625
132.0	0.0	5.561380888366699	168.13256528320312
133.0	0.0	5.594909074401856	169.21246215820312
134.0	0.0	5.629046525573731	170.3036513671875
135.0	0.0	5.6442862930297855	171.3957521484375
136.0	0.0	5.630875483703614	172.47899765625002
137.0	0.0	5.607405404663086	173.55615981445314
138.0	0.0	5.597042665100098	174.63942392578127
139.0	0.0	5.612587065124512	175.73152470703127
140.0	0.0	5.629961004638672	176.82301157226564
141.0	0.0	5.625083976745605	177.90383862304688
142.0	0.0	5.6083198837280275	178.9718478515625
143.0	0.0	5.58972741394043	180.03133666992187
144.0	0.0	5.573267953491211	181.09540195312502
145.0	0.0	5.544006948852539	182.17987529296875
146.0	0.0	5.527548069763184	183.29727685546877
147.0	0.0	5.521451930236816	184.44697412109375
148.0	0.0	5.5031640930175785	185.6125401855469
149.0	0.0	5.4851808883667	186.785398828125
150.0	0.0	5.462016023254395	187.97016372070314
151.0	0.0	5.44860463256836	189.17381118164064
152.0	0.0	5.42940231628418	190.39576450195312
153.0	0.0	5.41050463256836	191.61617373046877
154.0	0.0	5.391606948852539	192.82166293945315
155.0	0.0	5.382767953491212	194.0207525390625
156.0	0.0	5.375148069763184	195.22501391601563
157.0	0.0	5.3672229721069336	196.44146059570315
158.0	0.0	5.359603088378907	197.66341391601563
159.0	0.0	5.351983204650879	198.88291157226564
160.0	0.0	5.344363320922852	200.10090234375002
161.0	0.0	5.336438223266602	201.31582353515626
162.0	0.0	5.3291229721069335	202.53502353515626
163.0	0.0	5.316016795349121	203.76977607421875
164.0	0.0	5.313273358154297	205.02311352539064
165.0	0.0	5.30534884185791	206.28833862304688
166.0	0.0	5.2974237442016605	207.56087490234376
167.0	0.0	5.277306948852539	208.84987529296876
168.0	0.0	5.268163320922852	210.17057607421876
169.0	0.0	5.272125869750977	211.5241864746094
170.0	0.0	5.263590925598145	212.89701430664064
171.0	0.0	5.255056562805176	214.2737860839844
172.0	0.0	5.246217567443848	215.64661391601564
173.0	0.0	5.237987837219238	217.01760000000002
174.0	0.0	5.228844209289551	218.38920000000002
175.0	0.0	5.220614479064942	219.76080000000002
176.0	0.0	5.211775483703613	221.13240000000002
177.0	0.0	5.203240539550782	222.50400000000002
178.0	0.0	5.1944015441894535	223.87560000000002
179.0	0.0	5.1858671813964845	225.24720000000002
180.0	0.0	5.1773328186035155	226.61880000000002
181.0	0.0	5.168493823242188	227.99010234375
182.0	0.0	5.159959460449219	229.36170234375
183.0	0.0	5.1514245162963865	230.73330234375
184.0	0.0	5.142585520935059	232.10520000000002
185.0	0.0	5.13405115814209	233.47497685546875
186.0	0.0	5.125516795349121	234.84291196289064
187.0	0.0	5.120639767456055	236.21877216796875
188.0	0.0	5.081320655822754	237.62238881835938
189.0	0.0	5.008473358154297	239.07262587890625
190.0	0.0	4.915509846496582	240.56431157226564
191.0	0.0	4.806086293029785	242.09502744140627
192.0	0.0	4.675022490692139	243.67541469726564
193.0	0.0	4.541215251159668	245.27591235351565
194.0	0.0	4.411065637207032	246.87854941406252
195.0	0.0	4.285183204650879	248.4659501953125
196.0	0.0	4.166616023254395	250.02285981445314
197.0	0.0	4.032808783721924	251.5383394042969
198.0	0.0	3.893515251159668	253.0214860839844
199.0	0.0	3.7612320465087894	254.48971274414063
200.0	0.0	3.6274248069763186	255.949698046875
201.0	0.0	3.5024568534851075	257.40146059570316
202.0	0.0	3.4012633209228516	258.84926059570313
203.0	0.0	3.334207239532471	260.31017607421876
204.0	0.0	3.2930591697692875	261.80156411132816
205.0	0.0	3.3022030883789064	263.3307358886719
206.0	0.0	3.354324034881592	264.88796176757813
207.0	0.0	3.452774420928955	266.4540243164063
208.0	0.0	3.503675965118408	268.0103386230469
209.0	0.0	3.5073335906982424	269.5465239257813
210.0	0.0	3.483559169769287	271.06961235351565
211.0	0.0	3.493922490692139	272.59147294921877
212.0	0.0	3.4975801162719726	274.1133521484375
213.0	0.0	3.501237741851807	275.6318641113281
214.0	0.0	3.506724034881592	277.1473250976563
215.0	0.0	3.519525579071045	278.66492548828126
216.0	0.0	3.5323271232604982	280.18769765625
217.0	0.0	3.544824034881592	281.71292548828126
218.0	0.0	3.557320655822754	283.23692548828126
219.0	0.0	3.570122490692139	284.7615394042969
220.0	0.0	3.582924034881592	286.28369765625
221.0	0.0	3.595420655822754	287.8022096191406
222.0	0.0	3.607917567443848	289.3274374511719
223.0	0.0	3.610356081390381	290.87521274414064
224.0	0.0	3.6066984558105473	292.45803706054687
225.0	0.0	3.588105695343018	294.0743849121094
226.0	0.0	3.537813706970215	295.7078107910156
227.0	0.0	3.4655759651184086	297.33697646484376
228.0	0.0	3.403396911621094	298.9496780273438
229.0	0.0	3.3573721046447758	300.5611517578125
230.0	0.0	3.3025080116271974	302.2110231445313
231.0	0.0	3.274466409301758	303.9069382324219
232.0	0.0	3.2552640930175785	305.64216254882814
233.0	0.0	3.2625793441772464	307.4316347167969
234.0	0.0	3.273856853485108	309.2250880371094
235.0	0.0	3.2714183395385743	310.99964018554687
236.0	0.0	3.273856853485108	312.75650039062504
237.0	0.0	3.276904923248291	314.5051192382813
238.0	0.0	3.2845248069763184	316.23885527343754
239.0	0.0	3.2820862930297854	317.94996943359376
240.0	0.0	3.2796480697631836	319.6547211914063
241.0	0.0	3.2677607139587406	321.38570390625
242.0	0.0	3.2848297302246094	323.1599211914063
243.0	0.0	3.2924496139526367	324.961001953125
244.0	0.0	3.3003744209289554	326.75382275390626
245.0	0.0	3.298240830230713	328.5201521484375
246.0	0.0	3.3009839767456057	330.27550546875
247.0	0.0	3.303727123260498	332.04150000000004
248.0	0.0	3.306470269775391	333.8175776367188
249.0	0.0	3.3207961395263674	335.5820466796875
250.0	0.0	3.3244534744262695	337.3105737304688
251.0	0.0	3.314395076751709	339.00405175781253
252.0	0.0	3.3168335906982422	340.6792239257813
253.0	0.0	3.319576737213135	342.3507498046875
254.0	0.0	3.322015251159668	344.02562431640627
255.0	0.0	3.3244534744262695	345.70202431640627
256.0	0.0	3.327196911621094	347.3796521484375
257.0	0.0	3.3296351348876954	349.0627494140625
258.0	0.0	3.332378281402588	350.74097255859374
259.0	0.0	3.3537144790649416	352.38719765625
260.0	0.0	3.3482278953552247	353.98650468750003
261.0	0.0	3.3259775093078616	355.5449211914063
262.0	0.0	3.2921446907043457	357.05400117187503
263.0	0.0	3.2189927604675295	358.53592001953126
264.0	0.0	3.1464503860473636	360.02520585937503
265.0	0.0	3.065678281402588	361.53060234375
266.0	0.0	2.987344690704346	363.04269609375
267.0	0.0	2.909316023254395	364.5526690429688
268.0	0.0	2.8309824325561523	366.06145136718754
269.0	0.0	2.7526488418579103	367.5726521484375
270.0	0.0	2.6724862930297855	369.0823274414063
271.0	0.0	2.599334362792969	370.5828498046875
272.0	0.0	2.534716795349121	372.06599648437503
273.0	0.0	2.473147297668457	373.5269305664063
274.0	0.0	2.420416795349121	374.9695215820313
275.0	0.0	2.3740872104644777	376.40329453125
276.0	0.0	2.326233590698242	377.8355791992188
277.0	0.0	2.278379970932007	379.26994746093754
278.0	0.0	2.2293072395324707	380.7052458984375
279.0	0.0	2.180539140701294	382.1414745117188
280.0	0.0	2.131466409301758	383.5731266601563
281.0	0.0	2.0833080116271976	385.00050000000005
282.0	0.0	2.0269200290679934	386.441900390625
283.0	0.0	1.9930872104644777	387.9110200195313
284.0	0.0	1.997354391860962	389.39327373046876
285.0	0.0	2.024786438369751	390.8270466796875
286.0	0.0	2.028444063949585	392.20809726562504
287.0	0.0	2.0287488418579103	393.53947646484374
288.0	0.0	1.9979639476776123	394.817203125
289.0	0.0	1.9824192569732666	396.0586529296875
290.0	0.0	1.9671791988372804	397.30285605468754
291.0	0.0	1.9516343627929689	398.55070546875004
292.0	0.0	1.9400519302368164	399.79457373046876
293.0	0.0	1.9089624034881594	401.04153017578125
294.0	0.0	1.9452335906982423	402.3018439453125
295.0	0.0	2.0189952220916747	403.5756266601563
296.0	0.0	2.146706467437744	404.84907451171875
297.0	0.0	2.230221573257446	406.1057791992188
298.0	0.0	2.2774656372070314	407.33896904296876
299.0	0.0	2.2619208011627197	408.55816904296876
300.0	0.0	2.265883204650879	409.7743552734375
301.0	0.0	2.2698456081390384	410.99202978515626
302.0	0.0	2.2738080116271973	412.2118250976563
303.0	0.0	2.2780751930236818	413.4310250976563
304.0	0.0	2.282037596511841	414.6502250976563
305.0	0.0	2.286304777908325	415.8694250976563
306.0	0.0	2.2902671813964846	417.08832744140625
307.0	0.0	2.2942295848846435	418.3078250976563
308.0	0.0	2.298191988372803	419.5270250976563
309.0	0.0	2.302154391860962	420.7462250976563
310.0	0.0	2.306116795349121	421.9654250976563
311.0	0.0	2.3103839767456056	423.18432744140625
312.0	0.0	2.31465115814209	424.4041227539063
313.0	0.0	2.318613561630249	425.62209492187503
314.0	0.0	2.3225759651184084	426.83612314453126
315.0	0.0	2.3265383686065677	428.05350000000004
316.0	0.0	2.3180040058135987	429.2891455078125
317.0	0.0	2.3155656372070315	430.56716982421875
318.0	0.0	2.3265383686065677	431.88028037109376
319.0	0.0	2.3436072395324707	433.23844863281255
320.0	0.0	2.344216795349121	434.6170807617188
321.0	0.0	2.3411688709259035	435.997498828125
322.0	0.0	2.338425579071045	437.37121962890626
323.0	0.0	2.3356824325561525	438.74162900390627
324.0	0.0	2.3329391407012943	440.11322900390627
325.0	0.0	2.3305007720947266	441.48482900390627
326.0	0.0	2.3277576255798342	442.85642900390627
327.0	0.0	2.3250143337249756	444.2280290039063
328.0	0.0	2.322271187210083	445.5996290039063
329.0	0.0	2.3195280406951904	446.9718243164063
330.0	0.0	2.316784748840332	448.341898828125
331.0	0.0	2.3140416023254398	449.70922001953124
332.0	0.0	2.311298455810547	451.08052236328126
333.0	0.0	2.303678426742554	452.468605078125
334.0	0.0	2.306116795349121	453.87983056640627
335.0	0.0	2.3027639476776125	455.2992788085938
336.0	0.0	2.300325579071045	456.70897880859377
337.0	0.0	2.2975824325561525	458.108298046875
338.0	0.0	2.289657625579834	459.5140541015625
339.0	0.0	2.286304777908325	460.9447760742188
340.0	0.0	2.284171187210083	462.4056729492188
341.0	0.0	2.2814280406951903	463.8961494140625
342.0	0.0	2.2872192569732666	465.4094709960938
343.0	0.0	2.2774656372070314	466.934103515625
344.0	0.0	2.231136052322388	468.4596290039063
345.0	0.0	2.164689672088623	469.9796478515625
346.0	0.0	2.1195791988372803	471.49970390625003
347.0	0.0	2.1275040058135986	473.0291733398438
348.0	0.0	2.177186438369751	474.5726698242188
349.0	0.0	2.233574420928955	476.12900273437504
350.0	0.0	2.2951440639495853	477.69080507812504
351.0	0.0	2.3576280406951904	479.2516772460938
352.0	0.0	2.4167591697692874	480.80827060546875
353.0	0.0	2.456383204650879	482.35545058593755
354.0	0.0	2.473147297668457	483.8910219726563
355.0	0.0	2.474061486053467	485.4156544921875
356.0	0.0	2.4719278953552246	486.93292001953125
357.0	0.0	2.472842374420166	488.45357138671875
358.0	0.0	2.460955309295654	489.9943517578125
359.0	0.0	2.4554687255859378	491.57687841796877
360.0	0.0	2.4630888999938967	493.1947517578125
361.0	0.0	2.476804923248291	494.85437138671875
362.0	0.0	2.477719111633301	496.53292939453127
363.0	0.0	2.478938513946533	498.214203515625
364.0	0.0	2.4798527023315433	499.8896733398438
365.0	0.0	2.4807671813964847	501.567896484375
366.0	0.0	2.481681660461426	503.25620273437505
367.0	0.0	2.460040830230713	504.9484529296875
368.0	0.0	2.4338280406951904	506.6367219726563
369.0	0.0	2.4082248069763184	508.3152799804688
370.0	0.0	2.382316795349121	509.98922431640625
371.0	0.0	2.356408783721924	511.6659219726563
372.0	0.0	2.3301959941864014	513.340796484375
373.0	0.0	2.304287982559204	515.0129548828126
374.0	0.0	2.278379970932007	516.6884247070312
375.0	0.0	2.2472904441833497	518.3770286132813
376.0	0.0	2.2207727313995362	520.0887752929688
377.0	0.0	2.193036052322388	521.83039921875
378.0	0.0	2.1665183395385745	523.5936776367188
379.0	0.0	2.138781660461426	525.3734015625
380.0	0.0	2.1491448360443117	527.1726219726563
381.0	0.0	2.1579839767456055	528.9889204101563
382.0	0.0	2.1665183395385745	530.8192458984375
383.0	0.0	2.175357625579834	532.6520270507813
384.0	0.0	2.1838919883728027	534.48019453125
385.0	0.0	2.192731129074097	536.30899453125
386.0	0.0	2.2012656372070314	538.13779453125
387.0	0.0	2.2098	539.96659453125
388.0	0.0	2.218639140701294	541.79539453125
389.0	0.0	2.2271736488342286	543.623896875
390.0	0.0	2.2360127895355224	545.4521015625
391.0	0.0	2.2445471523284914	547.2799713867188
392.0	0.0	2.247595222091675	549.1136455078125
393.0	0.0	2.231136052322388	550.9653278320312
394.0	0.0	2.228087982559204	552.8465525390625
395.0	0.0	2.23326964302063	554.7585474609375
396.0	0.0	2.222601544189453	556.69130390625
397.0	0.0	2.204923262786865	558.6362270507813
398.0	0.0	2.192731129074097	560.5942470703126
399.0	0.0	2.176881660461426	562.565401171875
400.0	0.0	2.1323807430267334	564.5453733398438
401.0	0.0	2.0909280406951907	566.5308521484375
402.0	0.0	2.0973288127899172	568.5242560546875
403.0	0.0	2.143963175582886	570.5313521484376
404.0	0.0	2.2414992279052735	572.54149921875
405.0	0.0	2.339644836044312	574.5437211914062
406.0	0.0	2.431389672088623	576.5401760742188
407.0	0.0	2.5258775093078616	578.5372262695313
408.0	0.0	2.6096976837158206	580.54249921875
409.0	0.0	2.7060144790649416	582.5553996093751
410.0	0.0	2.784957625579834	584.5725788085938
411.0	0.0	2.8306775093078613	586.5952274414062
412.0	0.0	2.840735906982422	588.6224525390626
413.0	0.0	2.817571332550049	590.6554447265626
414.0	0.0	2.776727895355225	592.6945760742187
415.0	0.0	2.7438095558166506	594.7376513671875
416.0	0.0	2.7102816604614257	596.7834799804688
417.0	0.0	2.6767534744262695	598.8225741210938
418.0	0.0	2.643530502319336	600.8488690429688
419.0	0.0	2.6115263511657716	602.8700293945312
420.0	0.0	2.617622490692139	604.8981474609375
421.0	0.0	2.637434362792969	606.9421529296875
422.0	0.0	2.67583928604126	608.9958694335937
423.0	0.0	2.7297888999938964	611.0529717773438
424.0	0.0	2.7806904441833495	613.1207525390626
425.0	0.0	2.812084748840332	615.2037509765626
426.0	0.0	2.8267152511596683	617.3047204101563
427.0	0.0	2.8233622581481934	619.4228050781251
428.0	0.0	2.798064093017578	621.5539494140626
429.0	0.0	2.7706320465087892	623.6869541015625
430.0	0.0	2.7450286674499513	625.812294140625
431.0	0.0	2.7221687255859375	627.9330949218751
432.0	0.0	2.7221687255859375	630.0566490234376
433.0	0.0	2.7221687255859375	632.188388671875
434.0	0.0	2.7221687255859375	634.3238490234376
435.0	0.0	2.721559169769287	636.4571513671875
436.0	0.0	2.721559169769287	638.5910490234376
437.0	0.0	2.730398455810547	640.72621171875
438.0	0.0	2.7188160232543948	642.8607046875001
439.0	0.0	2.719120655822754	644.99400703125
440.0	0.0	2.565196911621094	647.127309375
441.0	0.0	2.5633679534912113	649.260909375
120.0	1.0	20.20153436279297	153.87157529296877
121.0	1.0	20.24024362792969	154.93746372070314
122.0	1.0	20.137831274414065	156.31393784179687
123.0	1.0	20.176540539550782	157.37982626953126
124.0	1.0	20.074128186035157	158.756300390625
125.0	1.0	20.10887490234375	159.8956354980469
126.0	1.0	20.083576446533204	161.14227568359377
127.0	1.0	20.050962158203127	162.42822509765625
128.0	1.0	19.99609806518555	163.76049726562502
129.0	1.0	19.90252470703125	165.11747490234376
130.0	1.0	19.807732818603515	166.48297294921875
131.0	1.0	19.71446409301758	167.84817333984375
132.0	1.0	19.621195367431643	169.21246215820312
133.0	1.0	19.535851739501954	170.57796020507814
134.0	1.0	19.434962548828125	171.938602734375
135.0	1.0	19.299326641845703	173.28153471679687
136.0	1.0	19.17283436279297	174.59950078125001
137.0	1.0	19.064935134887698	175.8918498046875
138.0	1.0	19.002451739501954	177.15677724609375
139.0	1.0	18.96861892089844	178.3875486328125
140.0	1.0	18.934480307006837	179.5808525390625
141.0	1.0	18.91649768371582	180.752501953125
142.0	1.0	18.893637451171877	181.93116489257812
143.0	1.0	18.880226641845702	183.13267294921877
144.0	1.0	18.861024325561523	184.35187294921877
145.0	1.0	18.842431274414064	185.5753517578125
146.0	1.0	18.823228958129885	186.79576098632813
147.0	1.0	18.804635906982423	188.0143470703125
148.0	1.0	18.785433590698243	189.2332494140625
149.0	1.0	18.76684053955078	190.46251391601564
150.0	1.0	18.74794285583496	191.67226333007812
151.0	1.0	18.729045172119143	192.83781079101564
152.0	1.0	18.720206176757813	193.98447568359376
153.0	1.0	18.71258687438965	195.15978999023437
154.0	1.0	18.699785330200196	196.37685058593752
155.0	1.0	18.696736679077148	197.6466521484375
156.0	1.0	18.6888115814209	198.91766293945312
157.0	1.0	18.693993823242188	200.16947490234375
158.0	1.0	18.683325869750977	201.38806098632813
159.0	1.0	18.664123553466798	202.59293627929688
160.0	1.0	18.612917376708985	203.83256293945314
161.0	1.0	18.552566409301757	205.1200378417969
162.0	1.0	18.486120465087893	206.44591040039063
163.0	1.0	18.39132741394043	207.82331469726563
164.0	1.0	18.291353283691407	209.21441118164063
165.0	1.0	18.1910733581543	210.60368452148438
166.0	1.0	18.091099227905275	211.98962783203126
167.0	1.0	17.990514669799804	213.37707802734377
168.0	1.0	17.887188418579104	214.7654397949219
169.0	1.0	17.792090734863283	216.147401953125
170.0	1.0	17.730825869750976	217.51016528320312
171.0	1.0	17.67535251159668	218.84487451171876
172.0	1.0	17.634813125610354	220.16131508789064
173.0	1.0	17.5839115814209	221.47133745117188
174.0	1.0	17.527828958129884	222.777397265625
175.0	1.0	17.486986102294924	224.06762548828127
176.0	1.0	17.446446716308596	225.33437607421877
177.0	1.0	17.442485330200196	226.59502470703126
178.0	1.0	17.433950967407227	227.86878881835938
179.0	1.0	17.429377990722656	229.1870525390625
180.0	1.0	17.418710037231445	230.55742470703126
181.0	1.0	17.32483204650879	231.97931000976564
182.0	1.0	17.137989962768554	233.4481505859375
183.0	1.0	16.89536872558594	234.9876845214844
184.0	1.0	16.634155599975585	236.51992587890626
185.0	1.0	16.436644400024417	237.97565097656252
186.0	1.0	16.319906176757815	239.3789513671875
187.0	1.0	16.28759768371582	240.72768764648438
188.0	1.0	16.267480307006835	242.0081490234375
189.0	1.0	16.251022009277346	243.30965097656252
190.0	1.0	16.240354055786135	244.64253706054689
191.0	1.0	16.20865482788086	245.99006411132814
192.0	1.0	16.174822009277346	247.33909804687502
193.0	1.0	16.144645944213867	248.68571352539064
194.0	1.0	16.12239613952637	250.03779843750002
195.0	1.0	16.101669497680664	251.4017895996094
196.0	1.0	16.07515251159668	252.76972470703126
197.0	1.0	16.057777990722656	254.12426528320313
198.0	1.0	16.03735714416504	255.43642705078128
199.0	1.0	16.003524325561525	256.7095772460938
200.0	1.0	15.965119692993165	257.94522275390625
201.0	1.0	15.934334362792969	259.1781521484375
202.0	1.0	15.912693823242188	260.42691313476564
203.0	1.0	15.885871041870118	261.69061274414065
204.0	1.0	15.842285330200196	262.959800390625
205.0	1.0	15.876727413940431	264.2320390136719
206.0	1.0	15.956585330200197	265.50487294921874
207.0	1.0	16.06783667907715	266.7640146972656
208.0	1.0	16.1361115814209	267.99569765625
209.0	1.0	16.150437451171875	269.21063745117186
210.0	1.0	16.129406176757815	270.4338
211.0	1.0	16.13519768371582	271.6889605957031
212.0	1.0	16.14312278137207	272.9767517578125
213.0	1.0	16.14647490234375	274.28067216796876
214.0	1.0	16.15470463256836	275.5587150878906
215.0	1.0	16.15744748840332	276.79101196289065
216.0	1.0	16.16232509765625	277.98491118164065
217.0	1.0	16.172382623291018	279.17425253906254
218.0	1.0	16.18244131164551	280.38429960937503
219.0	1.0	16.192500000000003	281.6065505859375
220.0	1.0	16.202558688354493	282.8217880371094
221.0	1.0	16.212617376708984	284.0406903808594
222.0	1.0	16.218103088378907	285.2760382324219
223.0	1.0	16.233342855834962	286.53486372070313
224.0	1.0	16.244010809326173	287.80587451171874
225.0	1.0	16.259556372070314	289.06347216796877
226.0	1.0	16.265042083740234	290.29426215820314
227.0	1.0	16.27479613952637	291.5137598144531
228.0	1.0	16.278454055786135	292.7460752929688
229.0	1.0	16.283330502319338	294.0085470703125
230.0	1.0	16.282415441894532	295.2966358886719
231.0	1.0	16.259861004638672	296.5914219726563
232.0	1.0	16.24766872558594	297.8807386230469
233.0	1.0	16.24766872558594	299.1572374511719
234.0	1.0	16.269919692993167	300.42947607421877
235.0	1.0	16.301923553466796	301.7184764648438
236.0	1.0	16.329660232543947	303.0400888183594
237.0	1.0	16.365322009277346	304.39096450195314
238.0	1.0	16.379342083740234	305.7427517578125
239.0	1.0	16.39153436279297	307.0594899902344
240.0	1.0	16.386657916259768	308.3362864746094
241.0	1.0	16.375989962768557	309.5716529296875
242.0	1.0	16.377818920898438	310.78901118164066
243.0	1.0	16.379646716308596	312.00333706054687
244.0	1.0	16.381475674438477	313.22103017578127
245.0	1.0	16.38360926513672	314.44052783203125
246.0	1.0	16.385438223266604	315.65972783203125
247.0	1.0	16.387267181396485	316.8795231445313
248.0	1.0	16.38909613952637	318.09719765625
249.0	1.0	16.39092509765625	319.3124537109375
250.0	1.0	16.392754055786135	320.53102119140624
251.0	1.0	16.389705404663086	321.76242509765626
252.0	1.0	16.39153436279297	323.017604296875
253.0	1.0	16.392754055786135	324.3038513671875
254.0	1.0	16.400677990722656	325.61632939453125
255.0	1.0	16.40250694885254	326.93822080078127
256.0	1.0	16.408907720947266	328.2470525390625
257.0	1.0	16.406469497680664	329.52902080078127
258.0	1.0	16.408603088378907	330.79759453125
259.0	1.0	16.40494517211914	332.07532119140626
260.0	1.0	16.40738455810547	333.38110195312504
261.0	1.0	16.409518148803713	334.72129921875
262.0	1.0	16.41652818603516	336.08132783203126
263.0	1.0	16.423538223266604	337.4373752929688
264.0	1.0	16.42079536743164	338.77299609375
265.0	1.0	16.422624325561525	340.09462705078124
266.0	1.0	16.419880307006835	341.42596904296875
267.0	1.0	16.426891506958007	342.78112353515627
268.0	1.0	16.42902509765625	344.1533560546875
269.0	1.0	16.430854055786135	345.52919765625
270.0	1.0	16.433292279052736	346.90172783203127
271.0	1.0	16.435121237182617	348.2739231445313
272.0	1.0	16.43755946044922	349.649801953125
273.0	1.0	16.43969305114746	351.0192439453125
274.0	1.0	16.446703088378907	352.38143056640627
275.0	1.0	16.44883667907715	353.7310784179688
276.0	1.0	16.449445944213867	355.0563556640625
277.0	1.0	16.442131274414063	356.3520533203125
278.0	1.0	16.440302316284182	357.61999453125003
279.0	1.0	16.438473358154297	358.88614980468753
280.0	1.0	16.436644400024417	360.17209921875
281.0	1.0	16.434815441894532	361.4672015625
282.0	1.0	16.43816872558594	362.75162548828126
283.0	1.0	16.436644400024417	364.00617216796877
284.0	1.0	16.42993899536133	365.23727841796875
285.0	1.0	16.423233590698242	366.4680498046875
286.0	1.0	16.42140463256836	367.722596484375
287.0	1.0	16.424757916259768	369.0073552734375
288.0	1.0	16.422928958129884	370.3027552734375
289.0	1.0	16.4211	371.58684433593754
290.0	1.0	16.419575674438477	372.85299960937505
291.0	1.0	16.41347953491211	374.12127568359375
292.0	1.0	16.402202316284182	375.4383301757813
293.0	1.0	16.42079536743164	376.8007772460938
294.0	1.0	16.458286102294924	378.21077490234376
295.0	1.0	16.509187646484374	379.66895566406254
296.0	1.0	16.610075674438477	381.1740544921875
297.0	1.0	16.725290734863282	382.67245605468753
298.0	1.0	16.79905251159668	384.130301953125
299.0	1.0	16.855439767456055	385.54669921875
300.0	1.0	16.871289962768557	386.93020546875005
301.0	1.0	16.861231274414063	388.2993498046875
302.0	1.0	16.860926641845705	389.66789882812503
303.0	1.0	16.860622009277346	391.0425498046875
304.0	1.0	16.860317376708984	392.41507998046876
305.0	1.0	16.865193823242187	393.770494921875
306.0	1.0	16.860317376708984	395.1058552734375
307.0	1.0	16.85970694885254	396.42317021484376
308.0	1.0	16.854830502319338	397.7353505859375
309.0	1.0	16.860926641845705	399.0633439453125
310.0	1.0	16.865193823242187	400.4194286132813
311.0	1.0	16.865803088378907	401.8105250976563
312.0	1.0	16.864278762817385	403.22815019531254
313.0	1.0	16.84568687438965	404.65797919921874
314.0	1.0	16.796613125610353	406.09175214843754
315.0	1.0	16.735958688354494	407.523404296875
316.0	1.0	16.688713897705078	408.95319609375
317.0	1.0	16.651528958129884	410.3839552734375
318.0	1.0	16.610686102294924	411.817095703125
319.0	1.0	16.569537451171875	413.2502733398438
320.0	1.0	16.528694595336916	414.6828556640625
321.0	1.0	16.487545944213867	416.11662861328125
322.0	1.0	16.447618148803713	417.550996875
323.0	1.0	16.406469497680664	418.9820537109375
324.0	1.0	16.36105482788086	420.40485058593754
325.0	1.0	16.309238223266604	421.81696904296876
326.0	1.0	16.253155599975585	423.220901953125
327.0	1.0	16.195853283691406	424.62174667968753
328.0	1.0	16.139464865112306	426.0229262695313
329.0	1.0	16.083381079101564	427.425296484375
330.0	1.0	16.02699382324219	428.82770390625
331.0	1.0	15.970605404663086	430.2239721679688
332.0	1.0	15.90720694885254	431.62850039062505
333.0	1.0	15.852342855834962	433.05680390625
334.0	1.0	15.834664865112305	434.5012552734375
335.0	1.0	15.85051389770508	435.9502458984375
336.0	1.0	15.90720694885254	437.3874046875
337.0	1.0	15.972434362792969	438.817494140625
338.0	1.0	16.030651739501955	440.25096943359375
339.0	1.0	16.08856332092285	441.68384941406254
340.0	1.0	16.147085330200195	443.11609687500004
341.0	1.0	16.204996911621095	444.5477490234375
342.0	1.0	16.266871041870118	445.980294140625
343.0	1.0	16.322344400024416	447.4171552734375
344.0	1.0	16.358310809326174	448.8606764648438
345.0	1.0	16.377513125610353	450.3127552734375
346.0	1.0	16.377208493041994	451.77182900390625
347.0	1.0	16.370807720947266	453.2348466796875
348.0	1.0	16.368064865112306	454.69912939453127
349.0	1.0	16.365017376708984	456.1621470703125
350.0	1.0	16.36196872558594	457.62609492187505
351.0	1.0	16.35922586975098	459.0909729492188
352.0	1.0	16.350691506958007	460.5522046875
353.0	1.0	16.360139767456054	462.00454394531255
354.0	1.0	16.38360926513672	463.4456466796875
355.0	1.0	16.424453283691406	464.8812799804688
356.0	1.0	16.45066563720703	466.31929453125
357.0	1.0	16.458286102294924	467.76955019531255
358.0	1.0	16.44883667907715	469.20942509765626
359.0	1.0	16.451885330200195	470.6212458984375
360.0	1.0	16.43725482788086	472.02670429687504
361.0	1.0	16.40829845581055	473.4668768554688
362.0	1.0	16.375989962768557	474.9454470703125
363.0	1.0	16.342461776733398	476.47432119140626
364.0	1.0	16.322649032592775	478.01692470703125
365.0	1.0	16.309238223266604	479.5665231445313
366.0	1.0	16.303446716308596	481.10789882812503
367.0	1.0	16.32386872558594	482.6285501953125
368.0	1.0	16.33636563720703	484.11538037109375
369.0	1.0	16.339413125610353	485.56437099609377
370.0	1.0	16.34459536743164	486.9862749023438
371.0	1.0	16.34215714416504	488.39779804687504
372.0	1.0	16.343071041870118	489.8166509765625
373.0	1.0	16.33209845581055	491.25987451171875
374.0	1.0	16.340023553466796	492.73479843750005
375.0	1.0	16.345813897705078	494.2258702148438
376.0	1.0	16.346728958129884	495.712700390625
377.0	1.0	16.347642855834962	497.1900799804688
378.0	1.0	16.343680307006835	498.6744544921875
379.0	1.0	16.349471813964843	500.1691725585938
380.0	1.0	16.350691506958007	501.7221196289063
381.0	1.0	16.351605404663086	503.31439453125
382.0	1.0	16.330269497680664	504.9441741210938
383.0	1.0	16.3068	506.5373791992188
384.0	1.0	16.28302586975098	508.08634511718753
385.0	1.0	16.259251739501956	509.594494921875
386.0	1.0	16.23608687438965	511.118494921875
387.0	1.0	16.2123115814209	512.642197265625
388.0	1.0	16.188537451171875	514.1658996093751
389.0	1.0	16.16506795349121	515.689601953125
390.0	1.0	16.14159845581055	517.213601953125
391.0	1.0	16.117824325561525	518.737304296875
392.0	1.0	16.09435482788086	520.261304296875
393.0	1.0	16.07057953491211	521.8042054687501
394.0	1.0	16.046805404663086	523.2879474609375
395.0	1.0	16.023640539550783	524.7348544921875
396.0	1.0	16.01358185119629	526.1305274414062
397.0	1.0	16.02089768371582	527.577397265625
398.0	1.0	16.028212353515627	529.0614741210937
399.0	1.0	16.035528186035158	530.6046729492188
400.0	1.0	16.042233590698242	532.1286729492188
401.0	1.0	16.049854055786135	533.65330546875
402.0	1.0	16.05686409301758	535.1757799804687
403.0	1.0	16.064178762817384	536.695501171875
404.0	1.0	16.071189962768557	538.2167478515626
405.0	1.0	16.073628186035158	539.7517239257812
406.0	1.0	16.065703088378907	541.3321297851563
407.0	1.0	16.073018920898438	542.9472498046875
408.0	1.0	16.101669497680664	544.6068694335938
409.0	1.0	16.120871813964843	546.2930548828125
410.0	1.0	16.129101544189453	547.9810262695313
411.0	1.0	16.11599536743164	549.6467478515625
412.0	1.0	16.112946716308596	551.2890290039063
413.0	1.0	16.109594595336915	552.9096556640625
414.0	1.0	16.106545944213867	554.5296498046876
415.0	1.0	16.098317376708984	556.1740517578125
416.0	1.0	16.10014517211914	557.8391780273438
417.0	1.0	16.09679305114746	559.5161733398438
418.0	1.0	16.098622009277346	561.1791788085937
419.0	1.0	16.090392279052736	562.8144278320312
420.0	1.0	16.082162548828126	564.4432772460938
421.0	1.0	16.062350967407227	566.1160309570313
422.0	1.0	16.05716872558594	567.835702734375
423.0	1.0	16.06204517211914	569.5995764648438
424.0	1.0	16.07057953491211	571.4240976562501
425.0	1.0	16.123310037231445	573.2629807617187
426.0	1.0	16.21200694885254	575.0487694335937
427.0	1.0	16.329964865112306	576.7971278320313
428.0	1.0	16.44639845581055	578.5213760742188
429.0	1.0	16.548201544189453	580.2450290039063
430.0	1.0	16.631717376708984	581.9394
431.0	1.0	16.70425946044922	583.5874482421875
432.0	1.0	16.743273358154298	585.2120560546875
433.0	1.0	16.746017376708984	586.8308223632813
434.0	1.0	16.741444400024413	588.4517466796875
435.0	1.0	16.7457115814209	590.0812286132813
436.0	1.0	16.735043627929688	591.7268211914063
437.0	1.0	16.730167181396485	593.388896484375
438.0	1.0	16.69633436279297	595.0616501953125
439.0	1.0	16.625925869750976	596.7368223632812
440.0	1.0	16.584472586059572	598.4315282226563
441.0	1.0	16.576242855834963	600.0707211914063
442.0	1.0	16.58416795349121	601.6718513671875
443.0	1.0	16.587215441894532	603.2217474609375
444.0	1.0	16.578376446533206	604.8207196289063
445.0	1.0	16.549725869750976	606.457196484375
446.0	1.0	16.529608493041994	608.1522
447.0	1.0	16.510101544189453	609.8286
448.0	1.0	16.489985330200195	611.505
449.0	1.0	16.470172586059572	613.18110234375
450.0	1.0	16.450361004638673	614.8575023437501
451.0	1.0	16.430854055786135	616.5336046875001
452.0	1.0	16.41073667907715	618.2100046875
453.0	1.0	16.390620465087892	619.8864046875
454.0	1.0	16.371112353515628	621.5624698242187
455.0	1.0	16.351300772094728	623.2501807617188
456.0	1.0	16.331489190673828	624.9156046875
457.0	1.0	16.311676446533205	626.5337384765626
458.0	1.0	16.29643667907715	628.1336408203125
459.0	1.0	16.29643667907715	629.7515513671875
460.0	1.0	16.29643667907715	631.4169380859375
461.0	1.0	16.29643667907715	633.1049466796875
462.0	1.0	16.29613204650879	634.7810490234375
463.0	1.0	16.29613204650879	636.4574490234376
464.0	1.0	16.29613204650879	638.1332537109375
465.0	1.0	16.29613204650879	639.8105466796875
466.0	1.0	16.29613204650879	641.49059296875
467.0	1.0	16.294912353515628	643.171606640625
468.0	1.0	16.293693823242187	644.8513552734375
469.0	1.0	16.292474130249023	646.5277552734375
470.0	1.0	16.291255599975585	648.2041552734376
0.0	2.0	12.12738185119629	11.934138995361328
1.0	2.0	12.120981079101563	13.153034362792969
2.0	2.0	12.114886102294923	14.372538995361328
3.0	2.0	12.108485330200196	15.591738995361329
4.0	2.0	12.102084558105469	16.81063436279297
5.0	2.0	12.095988418579102	18.03013899536133
6.0	2.0	12.089892279052735	19.249338995361327
7.0	2.0	12.083186874389648	20.468538995361328
8.0	2.0	12.077090734863281	21.68773899536133
9.0	2.0	12.070994595336915	22.90693899536133
10.0	2.0	12.06428919067383	24.12583436279297
11.0	2.0	12.05849768371582	25.357531274414065
12.0	2.0	12.052096911621094	26.56484362792969
13.0	2.0	12.045696139526369	27.72064517211914
14.0	2.0	12.053010809326173	28.85694093017578
15.0	2.0	12.067641311645508	30.012742474365236
16.0	2.0	12.082576446533205	31.220054827880862
17.0	2.0	12.09720694885254	32.450837841796876
18.0	2.0	12.112446716308595	33.67125637207032
19.0	2.0	12.12707721862793	34.89563745117188
20.0	2.0	12.142012353515625	36.117886102294925
21.0	2.0	12.168225869750977	37.3221498046875
22.0	2.0	12.187123553466797	38.48221853027344
23.0	2.0	12.195962548828126	39.607847497558595
24.0	2.0	12.197486874389648	40.68958146972656
25.0	2.0	12.21059305114746	41.753330493164064
26.0	2.0	12.223394595336915	42.8146471069336
27.0	2.0	12.236500772094727	43.88022857666016
28.0	2.0	12.24930231628418	44.947330883789064
29.0	2.0	12.262408493041994	46.014130883789065
30.0	2.0	12.275210037231446	47.080930883789065
31.0	2.0	12.288622009277343	48.15809304199219
32.0	2.0	12.299594595336915	49.21361931152344
33.0	2.0	12.321539767456056	50.22768764648438
34.0	2.0	12.337389962768555	51.22986833496094
35.0	2.0	12.329769497680665	52.25247568359375
36.0	2.0	12.2880115814209	53.323847497558596
37.0	2.0	12.213945172119141	54.42234323730469
38.0	2.0	12.11275251159668	55.518099609375
39.0	2.0	12.019788418579102	56.61903706054688
40.0	2.0	11.926519692993164	57.71997451171875
41.0	2.0	11.833555599975586	58.82182818603516
42.0	2.0	11.740591506958008	59.92581196289063
43.0	2.0	11.645189190673829	61.02187529296875
44.0	2.0	11.568684558105469	62.098121228027345
45.0	2.0	11.503761776733398	63.14998725585938
46.0	2.0	11.464746716308595	64.18722161865234
47.0	2.0	11.473281079101563	65.22902779541016
48.0	2.0	11.50650463256836	66.28272161865235
49.0	2.0	11.53667953491211	67.3449498046875
50.0	2.0	11.564417376708985	68.44070617675781
51.0	2.0	11.589105404663087	69.47154093017579
52.0	2.0	11.618061776733398	70.4566528930664
53.0	2.0	11.657075674438477	71.43597451171875
54.0	2.0	11.733580307006836	72.49637490234376
55.0	2.0	11.810695367431642	73.60767451171876
56.0	2.0	11.893600772094727	74.80889421386719
57.0	2.0	11.973458688354492	76.02687568359376
58.0	2.0	12.053315441894531	77.24790347900391
59.0	2.0	12.132868725585938	78.46466176757814
60.0	2.0	12.212117376708985	79.67837373046875
61.0	2.0	12.29563204650879	80.8954436279297
62.0	2.0	12.364822009277344	82.12226176757812
63.0	2.0	12.418161776733399	83.36798107910157
64.0	2.0	12.457175674438478	84.63808029785157
65.0	2.0	12.491008493041992	85.921899609375
66.0	2.0	12.487351739501953	87.19992392578125
67.0	2.0	12.448945944213868	88.45722392578125
68.0	2.0	12.392558688354493	89.70355715332032
69.0	2.0	12.353238995361329	90.96146176757813
70.0	2.0	12.356287646484375	92.23583049316407
71.0	2.0	12.376099227905273	93.50715754394531
72.0	2.0	12.376403860473634	94.75500695800781
73.0	2.0	12.373356372070313	95.97938803710937
74.0	2.0	12.369393823242188	97.19462548828126
75.0	2.0	12.366650967407228	98.41138842773438
76.0	2.0	12.36390694885254	99.63028146972657
77.0	2.0	12.361164093017578	100.84978842773438
78.0	2.0	12.358115441894531	102.06898842773438
79.0	2.0	12.355372586059572	103.28818842773438
80.0	2.0	12.35232509765625	104.52475480957031
81.0	2.0	12.349581079101563	105.7113428466797
82.0	2.0	12.346533590698243	106.85708686523438
83.0	2.0	12.366955599975586	107.95985676269532
84.0	2.0	12.393167953491211	109.10529382324219
85.0	2.0	12.419075674438478	110.29188186035157
86.0	2.0	12.445593823242188	111.52815058593751
87.0	2.0	12.471501544189454	112.7470436279297
88.0	2.0	12.497409265136719	113.96593666992187
89.0	2.0	12.52362278137207	115.18483901367188
90.0	2.0	12.549835134887696	116.40373205566407
91.0	2.0	12.575742855834962	117.62353666992188
92.0	2.0	12.59982278137207	118.84426215820314
93.0	2.0	12.631522009277344	120.06346215820314
94.0	2.0	12.667793051147461	121.27443010253907
95.0	2.0	12.688519692993165	122.47168725585938
96.0	2.0	12.681203860473634	123.65522431640626
97.0	2.0	12.647371041870118	124.83023166503907
98.0	2.0	12.605918920898437	126.00309960937501
99.0	2.0	12.56995251159668	127.17658146972657
100.0	2.0	12.534290734863282	128.35066794433595
101.0	2.0	12.498628958129883	129.52627990722658
102.0	2.0	12.462662548828126	130.70341735839844
103.0	2.0	12.425171813964845	131.87689921875
104.0	2.0	12.388900772094727	133.03971196289064
105.0	2.0	12.359030502319337	134.19368803710938
106.0	2.0	12.352020465087891	135.35741235351563
107.0	2.0	12.367260232543947	136.54247490234377
108.0	2.0	12.40200694885254	137.7345509765625
109.0	2.0	12.440411581420898	138.90040539550782
110.0	2.0	12.450165637207032	140.02176950683594
111.0	2.0	12.468758688354493	141.116000390625
112.0	2.0	12.487656372070314	142.2169378417969
113.0	2.0	12.516611581420898	143.34043205566408
114.0	2.0	12.541300772094727	144.47977646484375
115.0	2.0	12.565685330200196	145.6306922607422
116.0	2.0	12.590373358154297	146.79228647460937
117.0	2.0	12.61414748840332	147.96973088378908
118.0	2.0	12.653467181396485	149.0913926513672
119.0	2.0	12.678461004638672	150.1767868652344
120.0	2.0	12.699796911621094	151.20610078125
121.0	2.0	12.70345482788086	152.26801735839845
122.0	2.0	12.699796911621094	153.3738382324219
123.0	2.0	12.675107720947267	154.52780500488282
124.0	2.0	12.655905404663086	155.67507451171875
125.0	2.0	12.636398455810548	156.82082783203126
126.0	2.0	12.617196139526367	157.9656509765625
127.0	2.0	12.59768919067383	159.11170195312502
128.0	2.0	12.576657916259766	160.25438569335938
129.0	2.0	12.555017376708985	161.38916293945314
130.0	2.0	12.543434362792969	162.5220984375
131.0	2.0	12.553188418579103	163.66997255859377
132.0	2.0	12.585192279052736	164.8489517578125
133.0	2.0	12.631522009277344	166.05626411132815
134.0	2.0	12.680899227905273	167.27758491210938
135.0	2.0	12.725095367431642	168.50350078125
136.0	2.0	12.75313667907715	169.7355
137.0	2.0	12.777215441894532	170.97237333984376
138.0	2.0	12.768986874389649	172.2025494140625
139.0	2.0	12.725095367431642	173.4153498046875
140.0	2.0	12.671145172119141	174.618997265625
141.0	2.0	12.631217376708985	175.83241157226564
142.0	2.0	12.623292279052736	177.06349921875
143.0	2.0	12.625121237182618	178.301302734375
144.0	2.0	12.61201389770508	179.53268803710938
145.0	2.0	12.593117376708985	180.75402744140627
146.0	2.0	12.573	181.971701953125
147.0	2.0	12.55440694885254	183.18967412109376
148.0	2.0	12.53520463256836	184.40857646484375
149.0	2.0	12.516611581420898	185.62777646484375
150.0	2.0	12.49771389770508	186.84666020507814
151.0	2.0	12.478817376708985	188.06586020507814
152.0	2.0	12.459919692993164	189.28537646484375
153.0	2.0	12.441022009277344	190.51006450195314
154.0	2.0	12.422124325561525	191.72011157226564
155.0	2.0	12.402922009277344	192.90364863281252
156.0	2.0	12.395301544189454	194.07866528320312
157.0	2.0	12.387376446533203	195.2655509765625
158.0	2.0	12.37975714416504	196.47956059570313
159.0	2.0	12.37213667907715	197.70486254882815
160.0	2.0	12.364517376708985	198.92406254882815
161.0	2.0	12.356592279052736	200.14326254882815
162.0	2.0	12.349276446533203	201.36216489257814
163.0	2.0	12.34135251159668	202.58196020507813
164.0	2.0	12.33373204650879	203.80147646484377
165.0	2.0	12.323977990722657	205.01732783203127
166.0	2.0	12.313614669799806	206.23042587890626
167.0	2.0	12.316054055786134	207.45023979492188
168.0	2.0	12.347753283691407	208.692601171875
169.0	2.0	12.400177990722657	209.96848608398437
170.0	2.0	12.46997721862793	211.27212744140627
171.0	2.0	12.540386874389648	212.5876378417969
172.0	2.0	12.608661776733399	213.9028505859375
173.0	2.0	12.676327413940431	215.2134868652344
174.0	2.0	12.744297683715821	216.52626254882813
175.0	2.0	12.812267953491212	217.84391235351563
176.0	2.0	12.886638995361329	219.15607412109375
177.0	2.0	12.945161004638672	220.44477685546877
178.0	2.0	12.976555599975587	221.69078452148437
179.0	2.0	12.990271041870118	222.89688764648437
180.0	2.0	12.972288418579103	224.08957763671876
181.0	2.0	12.958267181396485	225.29108569335938
182.0	2.0	12.952475674438476	226.5078486328125
183.0	2.0	12.944856372070314	227.73101118164064
184.0	2.0	12.937235906982423	228.9514390136719
185.0	2.0	12.929615441894532	230.17032275390625
186.0	2.0	12.921691506958009	231.38922509765627
187.0	2.0	12.914375674438476	232.60842509765627
188.0	2.0	12.906451739501954	233.82762509765627
189.0	2.0	12.898831274414063	235.04652744140625
190.0	2.0	12.891210809326173	236.26541118164064
191.0	2.0	12.883591506958009	237.48492744140626
192.0	2.0	12.875666409301758	238.70686215820314
193.0	2.0	12.859511581420898	239.94100078125
194.0	2.0	12.843053283691408	241.19830078125003
195.0	2.0	12.835432818603516	242.4863895996094
196.0	2.0	12.822022009277344	243.79641196289063
197.0	2.0	12.792761004638672	245.11437802734378
198.0	2.0	12.760757144165039	246.43446489257815
199.0	2.0	12.732410037231446	247.75364018554689
200.0	2.0	12.71717026977539	249.0648903808594
201.0	2.0	12.70345482788086	250.35387216796877
202.0	2.0	12.675718148803712	251.61057685546876
203.0	2.0	12.645237451171875	252.83982275390628
204.0	2.0	12.609575674438478	254.05476254882814
205.0	2.0	12.605613125610352	255.263898046875
206.0	2.0	12.61932973022461	256.4672478515625
207.0	2.0	12.636703088378907	257.66542587890626
208.0	2.0	12.635178762817384	258.86419921875
209.0	2.0	12.614757916259766	260.07212548828124
210.0	2.0	12.602565637207032	261.28918608398436
211.0	2.0	12.612319692993164	262.51022783203126
212.0	2.0	12.615062548828126	263.7303394042969
213.0	2.0	12.618110037231446	264.9495394042969
214.0	2.0	12.620854055786133	266.1687394042969
215.0	2.0	12.623901544189454	267.3879394042969
216.0	2.0	12.626949032592774	268.6071394042969
217.0	2.0	12.629997683715821	269.8263394042969
218.0	2.0	12.632740539550781	271.0455394042969
219.0	2.0	12.63578919067383	272.2647394042969
220.0	2.0	12.63853204650879	273.488199609375
221.0	2.0	12.64157953491211	274.7034370605469
222.0	2.0	12.644628186035156	275.89977333984376
223.0	2.0	12.648895367431642	277.0894123535156
224.0	2.0	12.658954055786133	278.2860648925781
225.0	2.0	12.669011581420898	279.5009860839844
226.0	2.0	12.679374902343751	280.7244648925781
227.0	2.0	12.689433590698243	281.9436648925781
228.0	2.0	12.699796911621094	283.1625486328125
229.0	2.0	12.709855599975587	284.38236254882816
230.0	2.0	12.719913125610352	285.60003706054687
231.0	2.0	12.730276446533203	286.81406528320315
232.0	2.0	12.740030502319337	288.03112587890627
233.0	2.0	12.737896911621094	289.2667899902344
234.0	2.0	12.74155482788086	290.54511196289064
235.0	2.0	12.759232818603516	291.85941313476565
236.0	2.0	12.783617376708985	293.21668842773437
237.0	2.0	12.794894595336915	294.5876745117188
238.0	2.0	12.804953283691408	295.94952626953125
239.0	2.0	12.812267953491212	297.2912490234375
240.0	2.0	12.819888418579103	298.6183494140625
241.0	2.0	12.831165637207032	299.9390501953125
242.0	2.0	12.844271813964845	301.2612764648438
243.0	2.0	12.85615946044922	302.5932509765625
244.0	2.0	12.861950967407227	303.9392525390625
245.0	2.0	12.864693823242188	305.3001741210938
246.0	2.0	12.866827413940431	306.6699509765625
247.0	2.0	12.868656372070314	308.04276020507814
248.0	2.0	12.870789962768555	309.41588569335937
249.0	2.0	12.872923553466798	310.7874856933594
250.0	2.0	12.875057144165039	312.159104296875
251.0	2.0	12.877190734863282	313.530704296875
252.0	2.0	12.879324325561525	314.902304296875
253.0	2.0	12.881457916259766	316.273904296875
254.0	2.0	12.883286874389649	317.645504296875
255.0	2.0	12.88572509765625	319.017104296875
256.0	2.0	12.887554055786133	320.388704296875
257.0	2.0	12.889687646484376	321.760304296875
258.0	2.0	12.891821237182619	323.131904296875
259.0	2.0	12.89395482788086	324.503504296875
260.0	2.0	12.896088418579103	325.875104296875
261.0	2.0	12.897917376708985	327.246704296875
262.0	2.0	12.900355599975587	328.618304296875
263.0	2.0	12.90218455810547	329.989904296875
264.0	2.0	12.904318148803712	331.361504296875
265.0	2.0	12.906451739501954	332.733104296875
266.0	2.0	12.908585330200196	334.104704296875
267.0	2.0	12.910718920898438	335.476304296875
268.0	2.0	12.91285251159668	336.847904296875
269.0	2.0	12.914986102294922	338.219504296875
270.0	2.0	12.917119692993165	339.591104296875
271.0	2.0	12.919253283691408	340.962704296875
272.0	2.0	12.921386874389649	342.334304296875
273.0	2.0	12.923520465087892	343.705904296875
274.0	2.0	12.925654055786133	345.077504296875
275.0	2.0	12.927787646484376	346.449104296875
276.0	2.0	12.929615441894532	347.820704296875
277.0	2.0	12.931749032592775	349.192304296875
278.0	2.0	12.933882623291016	350.5617462890625
279.0	2.0	12.936017376708985	351.935504296875
280.0	2.0	12.938150967407227	353.3183780273438
281.0	2.0	12.939064865112305	354.70489804687503
282.0	2.0	12.937235906982423	356.0877717773438
283.0	2.0	12.93540694885254	357.46152978515624
284.0	2.0	12.933577990722657	358.8309717773438
285.0	2.0	12.931749032592775	360.20227412109375
286.0	2.0	12.929921237182619	361.57387412109375
287.0	2.0	12.928092279052734	362.94547412109375
288.0	2.0	12.925958688354493	364.31707412109375
289.0	2.0	12.92412973022461	365.6889717773438
290.0	2.0	12.922300772094728	367.06027412109376
291.0	2.0	12.920471813964845	368.4324694335938
292.0	2.0	12.918642855834962	369.8028788085938
293.0	2.0	12.91681389770508	371.16744667968754
294.0	2.0	12.914986102294922	372.53569804687504
295.0	2.0	12.89395482788086	373.94755605468754
296.0	2.0	12.897611581420898	375.4096807617188
297.0	2.0	12.907974902343751	376.92575566406254
298.0	2.0	12.924434362792969	378.4957807617188
299.0	2.0	12.964667953491212	380.1194211914063
300.0	2.0	12.996062548828126	381.78331962890627
301.0	2.0	13.030504632568361	383.4341211914063
302.0	2.0	13.054278762817383	385.0440694335938
303.0	2.0	13.059156372070314	386.61442939453127
304.0	2.0	13.052755599975587	388.1502984375
305.0	2.0	13.050926641845704	389.6709498046875
306.0	2.0	13.050926641845704	391.19007568359376
307.0	2.0	13.050622009277344	392.7131455078125
308.0	2.0	13.050317376708986	394.240196484375
309.0	2.0	13.050011581420899	395.7617780273438
310.0	2.0	13.050011581420899	397.2720486328125
311.0	2.0	13.050011581420899	398.77807763671876
312.0	2.0	13.054889190673828	400.2883482421875
313.0	2.0	13.060070269775391	401.80959492187503
314.0	2.0	13.064946716308594	403.3363482421875
315.0	2.0	13.070128958129883	404.8603482421875
316.0	2.0	13.075310037231446	406.3843482421875
317.0	2.0	13.080187646484376	407.9089807617188
318.0	2.0	13.085368725585939	409.4314552734375
319.0	2.0	13.090550967407227	410.9505439453125
320.0	2.0	13.095427413940431	412.47242314453126
321.0	2.0	13.088111581420899	414.01320351562504
322.0	2.0	13.086588418579103	415.59539531250005
323.0	2.0	13.09877953491211	417.21360351562504
324.0	2.0	13.116763320922852	418.87322314453127
325.0	2.0	13.122249032592775	420.5517439453125
326.0	2.0	13.128040539550781	422.2330552734375
327.0	2.0	13.133527413940431	423.91098076171875
328.0	2.0	13.139013125610353	425.5867482421875
329.0	2.0	13.1445	427.2631482421875
330.0	2.0	13.149986874389649	428.935604296875
331.0	2.0	13.15577721862793	430.61565058593754
332.0	2.0	13.161264093017579	432.31337021484376
333.0	2.0	13.165531274414063	434.01722900390627
334.0	2.0	13.162482623291016	435.71494863281254
335.0	2.0	13.159435134887696	437.39532978515626
336.0	2.0	13.15577721862793	439.06774863281254
337.0	2.0	13.15242509765625	440.74414863281254
338.0	2.0	13.149071813964845	442.42054863281254
339.0	2.0	13.146024325561523	444.09694863281254
340.0	2.0	13.142671041870118	445.7730509765625
341.0	2.0	13.139318920898438	447.4494509765625
342.0	2.0	13.135661004638672	449.12614863281254
343.0	2.0	13.132612353515626	450.80254863281255
344.0	2.0	13.129260232543945	452.4786509765625
345.0	2.0	13.12590694885254	454.1550509765625
346.0	2.0	13.12255482788086	455.8314509765625
347.0	2.0	13.119201544189453	457.5078509765625
348.0	2.0	13.116154055786133	459.1842509765625
349.0	2.0	13.112800772094728	460.86094863281255
350.0	2.0	13.10944748840332	462.5373486328125
351.0	2.0	13.10609536743164	464.21404628906254
352.0	2.0	13.102742083740235	465.88892080078125
353.0	2.0	13.099389962768555	467.5662509765625
354.0	2.0	13.097865637207033	469.23654902343753
355.0	2.0	13.07957721862793	470.90197294921876
356.0	2.0	13.066166409301758	472.60185058593754
357.0	2.0	13.062203860473634	474.3462278320313
358.0	2.0	13.057022781372071	476.13082587890625
359.0	2.0	13.038734362792969	477.9623791992188
360.0	2.0	13.022274902343751	479.7890211914063
361.0	2.0	13.018922781372071	481.59374824218753
362.0	2.0	13.013435906982423	483.36097060546876
363.0	2.0	13.000938995361329	485.08979531250003
364.0	2.0	12.987832818603517	486.78297568359375
365.0	2.0	12.989966409301758	488.4581478515625
366.0	2.0	12.991186102294922	490.12997138671875
367.0	2.0	12.99240463256836	491.8054784179688
368.0	2.0	12.993319692993165	493.48094824218754
369.0	2.0	12.994233590698244	495.1524741210938
370.0	2.0	12.995453283691408	496.82675332031255
371.0	2.0	12.983870269775391	498.5266309570313
372.0	2.0	12.97838455810547	500.2935556640625
373.0	2.0	12.986003860473634	502.10527763671877
374.0	2.0	12.99301389770508	503.98315371093753
375.0	2.0	12.964363320922851	505.87747529296877
376.0	2.0	12.936322009277344	507.72305566406254
377.0	2.0	12.907974902343751	509.54054472656253
378.0	2.0	12.879324325561525	511.3687494140625
379.0	2.0	12.85128185119629	513.1972517578125
380.0	2.0	12.822935906982423	515.0257541015625
381.0	2.0	12.794589962768555	516.8545541015625
382.0	2.0	12.766242855834962	518.6830192382813
383.0	2.0	12.737592279052736	520.5267764648438
384.0	2.0	12.709550967407226	522.332098828125
385.0	2.0	12.681203860473634	524.0917309570312
386.0	2.0	12.660172586059572	525.8186953125
387.0	2.0	12.669011581420898	527.5783274414063
388.0	2.0	12.677545944213868	529.3839474609375
389.0	2.0	12.686080307006836	531.2277046875
390.0	2.0	12.694920465087892	533.0565046875
391.0	2.0	12.70345482788086	534.8853046875
392.0	2.0	12.712293823242188	536.7141046875
393.0	2.0	12.720828186035156	538.5429046875
394.0	2.0	12.729362548828126	540.3717046875
395.0	2.0	12.738201544189454	542.2005046875
396.0	2.0	12.746735906982423	544.024095703125
397.0	2.0	12.755574902343751	545.8577698242187
398.0	2.0	12.76410926513672	547.712503125
399.0	2.0	12.76410926513672	549.5751243164062
400.0	2.0	12.76045251159668	551.4298204101563
401.0	2.0	12.756794595336915	553.2631968750001
402.0	2.0	12.753441311645508	555.0871227539063
403.0	2.0	12.75008919067383	556.9165552734376
404.0	2.0	12.746126641845704	558.7441274414062
405.0	2.0	12.742773358154297	560.5689462890625
406.0	2.0	12.730276446533203	562.3941
407.0	2.0	12.735763320922851	564.2311227539063
408.0	2.0	12.773863320922851	566.0986552734375
409.0	2.0	12.816230502319337	568.0088270507813
410.0	2.0	12.874446716308594	569.9592196289062
411.0	2.0	12.949428186035156	571.9566046875
412.0	2.0	13.03324748840332	573.98989453125
413.0	2.0	13.15242509765625	575.9973254882813
414.0	2.0	13.238988418579103	577.970898046875
415.0	2.0	13.311225869750977	579.913998046875
416.0	2.0	13.364870269775391	581.85099609375
417.0	2.0	13.396264865112306	583.7648513671875
418.0	2.0	13.435278762817383	585.6292957031251
419.0	2.0	13.470635906982423	587.4718250976563
420.0	2.0	13.47642741394043	589.3161776367187
421.0	2.0	13.503249032592775	591.1772733398437
422.0	2.0	13.508431274414063	593.0563772460938
423.0	2.0	13.49532509765625	594.9409505859376
424.0	2.0	13.491362548828125	596.8267517578125
425.0	2.0	13.484352511596681	598.7210733398438
426.0	2.0	13.471245172119142	600.5437713867187
427.0	2.0	13.422781851196289	602.3378200195313
428.0	2.0	13.384681851196289	604.06210546875
429.0	2.0	13.363041311645508	605.8165286132813
430.0	2.0	13.341400772094728	607.61850234375
431.0	2.0	13.320064865112306	609.4588737304688
432.0	2.0	13.298424325561523	611.2876737304688
433.0	2.0	13.271296911621095	613.1314309570313
434.0	2.0	13.254228186035157	614.9955776367187
435.0	2.0	13.232281851196289	616.8749791992187
436.0	2.0	13.20972741394043	618.7598501953125
437.0	2.0	13.187476446533204	620.6444235351563
438.0	2.0	13.165226641845704	622.5284015625
439.0	2.0	13.143280307006837	624.3803443359375
440.0	2.0	13.116154055786133	626.1932941406251
441.0	2.0	13.083235134887696	628.0278984375001
442.0	2.0	13.089635906982423	629.9189085937501
443.0	2.0	13.102132818603517	631.8467537109375
444.0	2.0	13.102132818603517	633.838594921875
445.0	2.0	13.102132818603517	635.8247062500001
446.0	2.0	13.102132818603517	637.80679921875
447.0	2.0	13.102132818603517	639.7879992187501
448.0	2.0	13.101828186035156	641.7722501953125
449.0	2.0	13.100608493041992	643.7601474609376
450.0	2.0	13.099085330200197	645.7410498046876
451.0	2.0	13.097561004638672	647.7222498046875
133.0	3.0	21.792590734863282	153.20771813964845
134.0	3.0	21.6898737487793	154.58419226074218
135.0	3.0	21.58776370239258	155.96036872558594
136.0	3.0	21.485046716308595	157.33653588867188
137.0	3.0	21.38263436279297	158.71271235351563
138.0	3.0	21.280222009277345	160.08888881835938
139.0	3.0	21.17780965576172	161.46474902343752
140.0	3.0	21.075394976806642	162.8424509765625
141.0	3.0	20.97267799072266	164.22350156250002
142.0	3.0	20.87087490234375	165.59906411132815
143.0	3.0	20.77333899536133	166.95633940429687
144.0	3.0	20.671535906982424	168.28892783203125
145.0	3.0	20.58009497680664	169.60473588867188
146.0	3.0	20.52949806518555	170.91903706054688
147.0	3.0	20.49231428833008	172.23851000976563
148.0	3.0	20.431657525634765	173.55921079101563
149.0	3.0	20.355152893066407	174.87412587890626
150.0	3.0	20.30181428833008	176.17897646484377
151.0	3.0	20.272857916259767	177.46706528320314
152.0	3.0	20.249996520996095	178.7292394042969
153.0	3.0	20.22226100463867	179.96397333984376
154.0	3.0	20.203973748779298	181.1816478515625
155.0	3.0	20.185379534912112	182.39628999023438
156.0	3.0	20.166483013916018	183.61426215820313
157.0	3.0	20.14758416748047	184.83375981445315
158.0	3.0	20.128687646484376	186.05295981445315
159.0	3.0	20.10978880004883	187.27215981445315
160.0	3.0	20.090892279052735	188.49106215820314
161.0	3.0	20.071993432617187	189.72092197265627
162.0	3.0	20.053096911621093	190.92946215820314
163.0	3.0	20.03450502319336	192.09318647460938
164.0	3.0	20.01865482788086	193.23923745117187
165.0	3.0	20.009206567382815	194.39991079101563
166.0	3.0	20.007681079101562	195.60722314453125
167.0	3.0	20.001281469726564	196.84471040039062
168.0	3.0	19.973238995361328	198.0870903808594
169.0	3.0	19.92660463256836	199.34956215820313
170.0	3.0	19.85924362792969	200.63002353515625
171.0	3.0	19.768414288330078	201.92237255859376
172.0	3.0	19.683984558105468	203.21961430664064
173.0	3.0	19.599554827880862	204.51560961914063
174.0	3.0	19.51542973022461	205.81223745117188
175.0	3.0	19.431	207.11221391601563
176.0	3.0	19.34717953491211	208.4036513671875
177.0	3.0	19.2786	209.67192744140627
178.0	3.0	19.208800772094726	210.9057498046875
179.0	3.0	19.149060232543945	212.108801953125
180.0	3.0	19.125286102294922	213.30270117187501
181.0	3.0	19.116751739501954	214.50757646484377
182.0	3.0	19.109435906982423	215.7371386230469
183.0	3.0	19.10151080932617	216.99352705078127
184.0	3.0	19.092976446533203	218.27519765625001
185.0	3.0	19.087186102294922	219.58523862304688
186.0	3.0	19.07651814880371	220.92878452148437
187.0	3.0	19.060058688354495	222.30496098632813
188.0	3.0	19.0292733581543	223.70764746093752
189.0	3.0	18.972275674438478	225.1295513671875
190.0	3.0	18.896990734863284	226.56118491210938
191.0	3.0	18.82688687438965	227.9955903808594
192.0	3.0	18.757087646484376	229.42813549804688
193.0	3.0	18.686982623291016	230.86192705078128
194.0	3.0	18.61718455810547	232.29904863281251
195.0	3.0	18.54707953491211	233.72887763671875
196.0	3.0	18.490387646484375	235.13643823242188
197.0	3.0	18.42881814880371	236.51657724609376
198.0	3.0	18.381877990722657	237.87476411132815
199.0	3.0	18.35597026977539	239.21496137695314
200.0	3.0	18.348045172119143	240.53780156250002
201.0	3.0	18.323966409301757	241.84417763671877
202.0	3.0	18.26392123718262	243.14566098632812
203.0	3.0	18.1910733581543	244.45447412109377
204.0	3.0	18.105120465087893	245.77182626953126
205.0	3.0	18.023128958129885	247.09648959960938
206.0	3.0	17.954548260498047	248.42022275390627
207.0	3.0	17.937785330200196	249.73026372070314
208.0	3.0	17.921325869750977	251.00949726562501
209.0	3.0	17.900903860473633	252.25431430664065
210.0	3.0	17.853964865112307	253.47900234375
211.0	3.0	17.796053283691407	254.70703901367187
212.0	3.0	17.764354055786132	255.95306528320313
213.0	3.0	17.72808185119629	257.21888569335937
214.0	3.0	17.67535251159668	258.5014864746094
215.0	3.0	17.595189962768554	259.78866372070314
216.0	3.0	17.54215482788086	261.0669856933594
217.0	3.0	17.5077115814209	262.3224625488281
218.0	3.0	17.484546716308596	263.55872197265626
219.0	3.0	17.491557916259765	264.7974370605469
220.0	3.0	17.49673899536133	266.0574903808594
221.0	3.0	17.486986102294924	267.3489278320313
222.0	3.0	17.44400849304199	268.6592478515625
223.0	3.0	17.356226641845705	269.9668517578125
224.0	3.0	17.283074130249023	271.26011235351564
225.0	3.0	17.23278185119629	272.5317370605469
226.0	3.0	17.216323553466797	273.7795864746094
227.0	3.0	17.21815251159668	274.98384785156253
228.0	3.0	17.21053204650879	276.1430143066406
229.0	3.0	17.190414669799807	277.28082392578125
230.0	3.0	17.165422009277343	278.4445482421875
231.0	3.0	17.149876446533202	279.6570509765625
232.0	3.0	17.129760232543948	280.8978868652344
233.0	3.0	17.109642855834963	282.136899609375
234.0	3.0	17.089222009277346	283.37286137695315
235.0	3.0	17.06910463256836	284.607
236.0	3.0	17.048988418579103	285.8396131347656
237.0	3.0	17.02765251159668	287.07161235351566
238.0	3.0	17.007535134887696	288.309397265625
239.0	3.0	16.99290463256836	289.5618231445313
240.0	3.0	16.985589962768554	290.83437802734375
241.0	3.0	16.98437026977539	292.1218529296875
242.0	3.0	16.98406563720703	293.41511352539067
243.0	3.0	16.98254131164551	294.7074625488281
244.0	3.0	16.981018148803713	295.9982860839844
245.0	3.0	16.97918919067383	297.28851430664065
246.0	3.0	16.978578762817385	298.5790401855469
247.0	3.0	16.980712353515624	299.8683382324219
248.0	3.0	16.98406563720703	301.15977568359375
249.0	3.0	16.986808493041995	302.4557895996094
250.0	3.0	16.985894595336916	303.75331040039066
251.0	3.0	16.98223667907715	305.0493243164063
252.0	3.0	16.979493823242187	306.34107802734377
253.0	3.0	16.976750967407227	307.63037607421876
254.0	3.0	16.9743115814209	308.9205856933594
255.0	3.0	16.97156872558594	310.2114278320313
256.0	3.0	16.968521237182618	311.5025490234375
257.0	3.0	16.966692279052737	312.794600390625
258.0	3.0	16.963948260498046	314.08360078125
259.0	3.0	16.958157916259765	315.36590390625
260.0	3.0	16.947489962768554	316.6390541015625
261.0	3.0	16.934382623291018	317.90546982421876
262.0	3.0	16.920362548828127	319.1688717773438
263.0	3.0	16.907256372070314	320.4328690429688
264.0	3.0	16.893844400024413	321.69779648437503
265.0	3.0	16.880433590698242	322.9627239257813
266.0	3.0	16.86732741394043	324.2282466796875
267.0	3.0	16.854525869750976	325.49410429687504
268.0	3.0	16.841419692993163	326.75810156250003
269.0	3.0	16.824350967407227	328.0172247070313
270.0	3.0	16.80240463256836	329.2699482421875
271.0	3.0	16.776496911621095	330.5180953125
272.0	3.0	16.749978762817385	331.7641215820313
273.0	3.0	16.72407104187012	333.0104455078125
274.0	3.0	16.69846795349121	334.257401953125
275.0	3.0	16.672560232543947	335.50465605468753
276.0	3.0	16.64665251159668	336.7512776367188
277.0	3.0	16.621048260498046	337.99607607421876
278.0	3.0	16.591788418579103	339.23994433593754
279.0	3.0	16.56587953491211	340.49024941406253
280.0	3.0	16.557650967407227	341.75793017578127
281.0	3.0	16.572586102294924	343.0484560546875
282.0	3.0	16.60306563720703	344.3529717773438
283.0	3.0	16.642994595336916	345.662994140625
284.0	3.0	16.684446716308596	346.97763017578126
285.0	3.0	16.712793823242187	348.3071490234375
286.0	3.0	16.743577990722656	349.65437841796876
287.0	3.0	16.747540539550783	350.99915214843753
288.0	3.0	16.7457115814209	352.3350706054688
289.0	3.0	16.747845172119142	353.675602734375
290.0	3.0	16.749674130249023	355.02982705078125
291.0	3.0	16.746931274414063	356.3892231445313
292.0	3.0	16.741749032592775	357.7239509765625
293.0	3.0	16.716145944213867	359.0214717773438
294.0	3.0	16.692981079101564	360.29830546875
295.0	3.0	16.673778762817385	361.57022783203126
296.0	3.0	16.65792973022461	362.8473219726563
297.0	3.0	16.640861004638673	364.128694921875
298.0	3.0	16.624096911621095	365.4097702148438
299.0	3.0	16.60702818603516	366.6893200195313
300.0	3.0	16.59026409301758	367.96522353515627
301.0	3.0	16.57045251159668	369.24049453125
302.0	3.0	16.552773358154298	370.5279694335938
303.0	3.0	16.549725869750976	371.84442861328125
304.0	3.0	16.56892818603516	373.19924824218754
305.0	3.0	16.602456372070314	374.5827544921875
306.0	3.0	16.638118148803713	375.97842744140627
307.0	3.0	16.671340539550783	377.37380273437503
308.0	3.0	16.70425946044922	378.7658293945313
309.0	3.0	16.73656795349121	380.155400390625
310.0	3.0	16.768571813964844	381.54255292968753
311.0	3.0	16.79417490234375	382.9330541015625
312.0	3.0	16.83562818603516	384.3369498046875
313.0	3.0	16.90298919067383	385.7582211914063
314.0	3.0	16.97095946044922	387.18440390625
315.0	3.0	17.014240539550784	388.59347138671876
316.0	3.0	17.021861004638673	389.97787060546875
317.0	3.0	17.013022009277346	391.34764746093754
318.0	3.0	17.012717376708984	392.7146709960938
319.0	3.0	17.0124115814209	394.0853780273438
320.0	3.0	17.0124115814209	395.46092197265625
321.0	3.0	17.01210694885254	396.82917333984375
322.0	3.0	17.011802316284182	398.1831
323.0	3.0	17.014545172119142	399.5315200195313
324.0	3.0	17.01942278137207	400.8851490234375
325.0	3.0	17.023689962768554	402.253400390625
326.0	3.0	17.028261776733398	403.6283490234375
327.0	3.0	17.032833590698242	404.99965136718754
328.0	3.0	17.037405404663087	406.37125136718754
329.0	3.0	17.04197721862793	407.7431490234375
330.0	3.0	17.046549032592775	409.1147490234375
331.0	3.0	17.051122009277346	410.4863490234375
332.0	3.0	17.055693823242187	411.8579490234375
333.0	3.0	17.059961004638673	413.2295490234375
334.0	3.0	17.064532818603517	414.60114902343753
335.0	3.0	17.06910463256836	415.97274902343753
336.0	3.0	17.073981079101564	417.34434902343753
337.0	3.0	17.078248260498047	418.71594902343753
338.0	3.0	17.082821237182618	420.08754902343753
339.0	3.0	17.087393051147462	421.4597443359375
340.0	3.0	17.091964865112306	422.8298560546875
341.0	3.0	17.09653667907715	424.19717724609376
342.0	3.0	17.101108493041995	425.56814472656254
343.0	3.0	17.100803860473633	426.95622744140627
344.0	3.0	17.110862548828127	428.36775058593753
345.0	3.0	17.11512973022461	429.78020390625
346.0	3.0	17.120006176757812	431.1920247070313
347.0	3.0	17.11543436279297	432.62062587890625
348.0	3.0	17.135856372070315	434.07969960937504
349.0	3.0	17.16450694885254	435.57750585937504
350.0	3.0	17.223942855834963	437.09324589843754
351.0	3.0	17.26844362792969	438.6154227539063
352.0	3.0	17.277282623291015	440.14399921875
353.0	3.0	17.265091506958008	441.66740390625
354.0	3.0	17.26234748840332	443.1904737304688
355.0	3.0	17.25899536743164	444.7147713867188
356.0	3.0	17.25625251159668	446.23817607421876
357.0	3.0	17.253203860473633	447.76306904296877
358.0	3.0	17.250156372070315	449.2916455078125
359.0	3.0	17.24924131164551	450.81869648437504
360.0	3.0	17.24893667907715	452.3320552734375
361.0	3.0	17.235525869750976	453.81609492187505
362.0	3.0	17.20748455810547	455.26910390625
363.0	3.0	17.173345944213867	456.7065231445313
364.0	3.0	17.137989962768554	458.14517021484374
365.0	3.0	17.10476640930176	459.59055175781253
366.0	3.0	17.071542855834963	461.0398772460938
367.0	3.0	17.038014669799807	462.489798046875
368.0	3.0	17.004792279052737	463.9388258789063
369.0	3.0	16.967301544189453	465.38111923828126
370.0	3.0	16.95267104187012	466.8094227539063
371.0	3.0	16.94992818603516	468.23437763671876
372.0	3.0	16.97095946044922	469.6501795898438
373.0	3.0	16.98193204650879	471.05772158203126
374.0	3.0	16.9926	472.4817462890625
375.0	3.0	16.98223667907715	473.93628076171876
376.0	3.0	16.9743115814209	475.42765019531254
377.0	3.0	16.968521237182618	476.9327490234375
378.0	3.0	16.964254055786135	478.42839726562505
379.0	3.0	16.958462548828127	479.92467802734376
380.0	3.0	16.950537451171876	481.4206239257813
381.0	3.0	16.941393823242187	482.91690468750005
382.0	3.0	16.934077990722656	484.4131482421875
383.0	3.0	16.925848260498046	485.90909414062503
384.0	3.0	16.910913125610353	487.40414707031255
385.0	3.0	16.887748260498046	488.89860468750004
386.0	3.0	16.858182623291018	490.392094921875
387.0	3.0	16.82739845581055	491.88532470703126
388.0	3.0	16.797832818603517	493.37885214843755
389.0	3.0	16.768267181396485	494.87267724609376
390.0	3.0	16.738701544189453	496.36620468750004
391.0	3.0	16.70913590698242	497.859694921875
392.0	3.0	16.677132046508788	499.3373721679688
393.0	3.0	16.647261776733398	500.8571305664063
394.0	3.0	16.631717376708984	502.42042119140626
395.0	3.0	16.626535134887696	504.0215513671875
396.0	3.0	16.618914669799807	505.5842466796875
397.0	3.0	16.619220465087892	507.1082466796875
398.0	3.0	16.606113125610353	508.57100390625004
399.0	3.0	16.571061776733398	510.03617958984375
400.0	3.0	16.522903088378907	511.5068247070313
401.0	3.0	16.488156372070314	513.0085749023438
402.0	3.0	16.477488418579103	514.5459694335938
403.0	3.0	16.473830502319338	516.1031953125
404.0	3.0	16.46529613952637	517.6637698242188
405.0	3.0	16.45645714416504	519.2194702148438
406.0	3.0	16.447312353515628	520.7736451171875
407.0	3.0	16.438473358154297	522.3482466796876
408.0	3.0	16.42902509765625	523.8594474609375
409.0	3.0	16.420186102294924	525.3374223632812
410.0	3.0	16.441826641845704	526.7547498046875
411.0	3.0	16.472915441894532	528.2153490234375
412.0	3.0	16.50796795349121	529.7165039062501
413.0	3.0	16.54362973022461	531.273097265625
414.0	3.0	16.578681079101564	532.8101941406251
415.0	3.0	16.613733590698242	534.3479235351563
416.0	3.0	16.648786102294924	535.8856529296876
417.0	3.0	16.683532818603517	537.4239776367187
418.0	3.0	16.718585330200195	538.9613721679688
419.0	3.0	16.75302741394043	540.4957529296876
420.0	3.0	16.790518148803713	542.030394140625
421.0	3.0	16.822522009277346	543.5684211914063
422.0	3.0	16.854830502319338	545.1369208007812
423.0	3.0	16.87372818603516	546.741399609375
424.0	3.0	16.883481079101564	548.341897265625
425.0	3.0	16.87616640930176	549.9137455078126
426.0	3.0	16.860317376708984	551.4603301757812
427.0	3.0	16.850563320922852	553.0321784179688
428.0	3.0	16.854221237182617	554.6485262695313
429.0	3.0	16.863364865112306	556.3087784179688
430.0	3.0	16.8600115814209	557.9872992187501
431.0	3.0	16.85726872558594	559.6685733398438
432.0	3.0	16.853915441894532	561.346498828125
433.0	3.0	16.850563320922852	563.0226011718751
434.0	3.0	16.847514669799807	564.6980709960937
435.0	3.0	16.845991506958008	566.3711223632813
436.0	3.0	16.83837104187012	568.04629453125
437.0	3.0	16.819473358154298	569.7327776367188
438.0	3.0	16.824655599975586	571.4536772460938
439.0	3.0	16.864278762817385	573.1727537109375
440.0	3.0	16.937431274414063	574.8518698242187
441.0	3.0	17.010582623291018	576.51580546875
442.0	3.0	17.078248260498047	578.2019537109376
443.0	3.0	17.135551739501953	579.9368803710938
444.0	3.0	17.198035134887697	581.7007541015626
445.0	3.0	17.260519692993164	583.4539494140625
446.0	3.0	17.328185330200196	585.2077772460938
447.0	3.0	17.39066872558594	586.9536799804688
448.0	3.0	17.425415441894533	588.6800490234375
449.0	3.0	17.43120694885254	590.3808196289062
450.0	3.0	17.4092617767334	592.06179609375
451.0	3.0	17.382134362792968	593.7348474609375
452.0	3.0	17.36018919067383	595.4088290039062
453.0	3.0	17.338242855834963	597.0852290039063
454.0	3.0	17.31660231628418	598.7814231445312
455.0	3.0	17.29435251159668	600.4145513671875
456.0	3.0	17.269054055786135	602.0062309570313
457.0	3.0	17.265091506958008	603.5704517578125
458.0	3.0	17.294046716308596	605.2139235351563
459.0	3.0	17.34616795349121	606.8982486328125
460.0	3.0	17.416881079101564	608.6627548828126
461.0	3.0	17.49094748840332	610.4360791992187
462.0	3.0	17.5616617767334	612.2081756835938
463.0	3.0	17.63207026977539	613.9769235351563
464.0	3.0	17.702478762817385	615.7456713867188
465.0	3.0	17.773193051147462	617.5171725585938
466.0	3.0	17.848782623291015	619.2889713867188
467.0	3.0	17.919496911621096	621.0534776367188
468.0	3.0	17.95973050231934	622.8088309570313
469.0	3.0	17.970093823242188	624.5090062500001
470.0	3.0	17.949671813964844	626.1740953125001
471.0	3.0	17.924982623291015	627.7904431640625
472.0	3.0	17.924982623291015	629.417506640625
473.0	3.0	17.922849032592776	631.08691171875
474.0	3.0	17.924677990722657	632.7882404296876
475.0	3.0	17.93473667907715	634.4966384765626
476.0	3.0	17.949671813964844	636.2111384765625
477.0	3.0	17.95973050231934	637.9186435546875
478.0	3.0	17.951805404663087	639.6102984375
479.0	3.0	17.914620465087893	641.300390625
480.0	3.0	17.87530077209473	643.018908984375
481.0	3.0	17.85792741394043	644.7760482421876
482.0	3.0	17.829275674438477	646.5572976562501
483.0	3.0	17.797576446533203	648.3455419921876
484.0	3.0	17.76557258605957	650.130809765625
485.0	3.0	17.733873358154298	651.9336392578125
486.0	3.0	17.701869497680665	653.6716541015626
487.0	3.0	17.66986563720703	655.479394921875
488.0	3.0	17.66559845581055	656.9174466796875
489.0	3.0	17.668645944213868	658.7002587890626
21.0	4.0	11.23675714416504	11.727485330200196
22.0	4.0	11.230051739501954	13.099085330200197
23.0	4.0	11.222735906982422	14.470685330200196
24.0	4.0	11.215725869750978	15.842285330200196
25.0	4.0	11.208714669799805	17.213885330200196
26.0	4.0	11.20170463256836	18.585485330200196
27.0	4.0	11.194694595336914	19.95708416748047
28.0	4.0	11.187684558105468	21.32868416748047
29.0	4.0	11.180673358154298	22.70028416748047
30.0	4.0	11.173358688354492	24.075542083740235
31.0	4.0	11.166347488403321	25.45110463256836
32.0	4.0	11.159337451171876	26.796187646484377
33.0	4.0	11.151718148803711	28.103475292968753
34.0	4.0	11.168481079101563	29.404056372070315
35.0	4.0	11.18524517211914	30.73267992553711
36.0	4.0	11.20200926513672	32.100317376708986
37.0	4.0	11.218773358154298	33.479537841796876
38.0	4.0	11.234928186035157	34.850830883789065
39.0	4.0	11.251996911621095	36.22182161865234
40.0	4.0	11.268456372070313	37.59464247436524
41.0	4.0	11.28522046508789	38.970509655761724
42.0	4.0	11.302289190673829	40.34332818603516
43.0	4.0	11.322405404663087	41.7036498046875
44.0	4.0	11.338864865112305	43.03928455810547
45.0	4.0	11.355324325561524	44.34443745117188
46.0	4.0	11.365992279052735	45.62551274414063
47.0	4.0	11.381536679077149	46.89530965576172
48.0	4.0	11.397081079101563	48.17546872558594
49.0	4.0	11.412626641845703	49.42636911621094
50.0	4.0	11.439448260498047	50.63032818603516
51.0	4.0	11.470233590698243	51.79954053955078
52.0	4.0	11.500713125610352	52.9175467163086
53.0	4.0	11.52570694885254	54.021530493164065
54.0	4.0	11.542166409301759	55.110887255859375
55.0	4.0	11.566855599975586	56.190184167480474
56.0	4.0	11.599773358154298	57.291730883789064
57.0	4.0	11.629338995361328	58.40943475341797
58.0	4.0	11.662257916259767	59.516771813964844
59.0	4.0	11.686945944213868	60.599115051269536
60.0	4.0	11.714682623291017	61.66439421386719
61.0	4.0	11.74302973022461	62.726315441894535
62.0	4.0	11.770766409301759	63.79158995361328
63.0	4.0	11.799112353515625	64.8590038696289
64.0	4.0	11.826849032592774	65.92427838134766
65.0	4.0	11.855196139526369	66.98650656738282
66.0	4.0	11.882932818603516	68.0590969116211
67.0	4.0	11.907622009277345	69.15028146972656
68.0	4.0	11.936272586059571	70.18385559082031
69.0	4.0	11.966142855834962	71.17049304199219
70.0	4.0	12.041428958129883	72.1614
71.0	4.0	12.115190734863281	73.221800390625
72.0	4.0	12.186513125610352	74.33035598144532
73.0	4.0	12.263932818603516	75.51023745117188
74.0	4.0	12.346838223266602	76.71480578613281
75.0	4.0	12.426696139526367	77.93187568359376
76.0	4.0	12.506554055786134	79.1495501953125
77.0	4.0	12.590982623291016	80.3687501953125
78.0	4.0	12.655296139526367	81.59892626953125
79.0	4.0	12.701015441894532	82.85195676269532
80.0	4.0	12.729667181396485	84.131199609375
81.0	4.0	12.747040539550781	85.4293436279297
82.0	4.0	12.729971813964845	86.73023166503907
83.0	4.0	12.675107720947267	88.02136215820313
84.0	4.0	12.604394595336915	89.30578608398437
85.0	4.0	12.55135946044922	90.59570734863281
86.0	4.0	12.542214669799804	91.890800390625
87.0	4.0	12.548006176757813	93.17187568359375
88.0	4.0	12.540081079101563	94.42094362792969
89.0	4.0	12.533375674438478	95.64623627929689
90.0	4.0	12.518440539550783	96.87793784179688
91.0	4.0	12.508992279052736	98.15352509765626
92.0	4.0	12.512344400024414	99.46537990722656
93.0	4.0	12.52148919067383	100.82661774902344
94.0	4.0	12.518440539550783	102.20370578613282
95.0	4.0	12.527585330200196	103.55305598144531
96.0	4.0	12.530632818603516	104.8222436279297
97.0	4.0	12.52118455810547	106.04083901367189
98.0	4.0	12.510821237182618	107.18322509765626
99.0	4.0	12.536728958129883	108.31891391601563
100.0	4.0	12.56263667907715	109.50641352539063
101.0	4.0	12.588849032592774	110.74206833496095
102.0	4.0	12.612928958129883	111.96066372070312
103.0	4.0	12.646457144165039	113.17864519042969
104.0	4.0	12.679985330200196	114.39784519042969
105.0	4.0	12.682728186035156	115.61856137695312
106.0	4.0	12.65712509765625	116.84294245605469
107.0	4.0	12.603785330200196	118.07159304199219
108.0	4.0	12.531546716308595	119.30482009277344
109.0	4.0	12.46662509765625	120.5416934326172
110.0	4.0	12.401397683715821	121.77796215820314
111.0	4.0	12.33647490234375	123.01666794433595
112.0	4.0	12.271553283691407	124.25842470703125
113.0	4.0	12.21150694885254	125.48860078125
114.0	4.0	12.164263320922853	126.68798803710938
115.0	4.0	12.114886102294923	127.84500578613282
116.0	4.0	12.077395367431642	128.96911391601563
117.0	4.0	12.082881079101563	130.0898548095703
118.0	4.0	12.110618920898439	131.2188370605469
119.0	4.0	12.142012353515625	132.34812626953126
120.0	4.0	12.16548185119629	133.45698881835938
121.0	4.0	12.18377026977539	134.5371926513672
122.0	4.0	12.206325869750977	135.60216950683593
123.0	4.0	12.229186102294923	136.6647
124.0	4.0	12.252045172119141	137.72997451171875
125.0	4.0	12.274905404663087	138.79738842773438
126.0	4.0	12.297765637207032	139.86266293945314
127.0	4.0	12.320625869750977	140.92428186035156
128.0	4.0	12.343180307006836	141.9883378417969
129.0	4.0	12.354154055786134	143.07068107910158
130.0	4.0	12.37152741394043	144.19600773925782
131.0	4.0	12.403226641845704	145.35637412109375
132.0	4.0	12.441326641845704	146.55942626953126
133.0	4.0	12.467538995361329	147.79173244628907
134.0	4.0	12.493446716308595	149.0051374511719
135.0	4.0	12.519660232543947	150.16825715332033
136.0	4.0	12.560807720947267	151.31216872558593
137.0	4.0	12.605003860473634	152.4734559814453
138.0	4.0	12.64950463256836	153.68138225097658
139.0	4.0	12.693700772094727	154.91063745117188
140.0	4.0	12.737896911621094	156.12922353515626
141.0	4.0	12.782397683715821	157.34780961914063
142.0	4.0	12.826898455810548	158.566098046875
143.0	4.0	12.871094595336915	159.7843864746094
144.0	4.0	12.915290734863282	161.00267490234376
145.0	4.0	12.959791506958009	162.22126098632813
146.0	4.0	13.003987646484376	163.4395494140625
147.0	4.0	13.048182623291016	164.6578378417969
148.0	4.0	13.09268455810547	165.87612626953126
149.0	4.0	13.138403860473634	167.09380078125
150.0	4.0	13.1826	168.3132984375
151.0	4.0	13.219786102294922	169.5358470703125
152.0	4.0	13.254837451171875	170.75841430664065
153.0	4.0	13.268248260498048	171.9739494140625
154.0	4.0	13.248741311645508	173.17761547851563
155.0	4.0	13.219480307006837	174.3745470703125
156.0	4.0	13.203631274414063	175.57821313476563
157.0	4.0	13.217346716308594	176.79374824218752
158.0	4.0	13.233501544189453	178.01661313476563
159.0	4.0	13.226186874389649	179.23947802734375
160.0	4.0	13.207593823242188	180.45897568359376
161.0	4.0	13.186257916259766	181.67756176757814
162.0	4.0	13.167360232543945	182.89676176757814
163.0	4.0	13.148767181396485	184.11566411132813
164.0	4.0	13.129564865112306	185.33486411132813
165.0	4.0	13.110971813964845	186.55374785156252
166.0	4.0	13.091769497680664	187.77294785156252
167.0	4.0	13.073481079101564	188.99214785156252
168.0	4.0	13.054278762817383	190.21836137695314
169.0	4.0	13.035686874389649	191.43054785156252
170.0	4.0	13.01648455810547	192.61348959960938
171.0	4.0	13.005815441894532	193.78513901367188
172.0	4.0	12.998196139526367	194.96806215820314
173.0	4.0	12.990575674438476	196.18024863281252
174.0	4.0	12.982651739501954	197.40646215820314
175.0	4.0	12.975031274414063	198.62566215820314
176.0	4.0	12.967410809326173	199.84486215820314
177.0	4.0	12.959791506958009	201.06406215820314
178.0	4.0	12.951866409301758	202.28326215820314
179.0	4.0	12.944245944213868	203.50246215820314
180.0	4.0	12.936626641845704	204.72166215820315
181.0	4.0	12.929006176757813	205.94086215820315
182.0	4.0	12.921386874389649	207.16006215820315
183.0	4.0	12.913766409301758	208.37926215820315
184.0	4.0	12.905841311645508	209.59816450195314
185.0	4.0	12.898222009277344	210.81766215820315
186.0	4.0	12.890601544189455	212.03656450195314
187.0	4.0	12.882981079101564	213.25576450195314
188.0	4.0	12.875057144165039	214.47496450195314
189.0	4.0	12.86743667907715	215.69416450195314
190.0	4.0	12.859817376708985	216.91336450195314
191.0	4.0	12.852196911621094	218.13256450195314
192.0	4.0	12.844271813964845	219.35176450195314
193.0	4.0	12.83665251159668	220.57096450195314
194.0	4.0	12.82903204650879	221.79016450195314
195.0	4.0	12.821411581420898	223.00936450195314
196.0	4.0	12.813487646484376	224.2282482421875
197.0	4.0	12.805867181396485	225.4474482421875
198.0	4.0	12.798246716308594	226.6666482421875
199.0	4.0	12.790627413940431	227.8858482421875
200.0	4.0	12.78270231628418	229.1050482421875
201.0	4.0	12.775387646484376	230.3242482421875
202.0	4.0	12.767462548828126	231.5434482421875
203.0	4.0	12.759842083740235	232.7626482421875
204.0	4.0	12.75222278137207	233.9815505859375
205.0	4.0	12.74460231628418	235.20045292968751
206.0	4.0	12.73698185119629	236.41965292968752
207.0	4.0	12.729057916259766	237.63976450195312
208.0	4.0	12.721132818603516	238.86169921875
209.0	4.0	12.708940539550781	240.09217294921876
210.0	4.0	12.692786874389649	241.3409525390625
211.0	4.0	12.683032818603516	242.61410273437502
212.0	4.0	12.666877990722657	243.90583784179688
213.0	4.0	12.63792278137207	245.20458647460939
214.0	4.0	12.606223553466798	246.50456293945314
215.0	4.0	12.577876446533203	247.80178608398438
216.0	4.0	12.560503088378907	249.09048881835938
217.0	4.0	12.563551739501953	250.35723940429688
218.0	4.0	12.56263667907715	251.58985253906252
219.0	4.0	12.560503088378907	252.79411391601565
220.0	4.0	12.550139767456056	253.98922236328127
221.0	4.0	12.525756372070314	255.1931860839844
222.0	4.0	12.515088418579102	256.41026528320316
223.0	4.0	12.525145944213868	257.63190234375
224.0	4.0	12.528194595336915	258.85231157226565
225.0	4.0	12.530937451171877	260.07151157226565
226.0	4.0	12.533986102294923	261.29071157226565
227.0	4.0	12.536728958129883	262.50991157226565
228.0	4.0	12.539776446533203	263.72911157226565
229.0	4.0	12.54282509765625	264.94831157226565
230.0	4.0	12.545872586059572	266.16751157226565
231.0	4.0	12.548615441894531	267.38671157226565
232.0	4.0	12.551664093017578	268.60591157226565
233.0	4.0	12.55440694885254	269.82511157226566
234.0	4.0	12.557455599975587	271.04431157226566
235.0	4.0	12.560503088378907	272.26351157226566
236.0	4.0	12.563245944213868	273.48699038085937
237.0	4.0	12.566294595336915	274.70222783203127
238.0	4.0	12.569037451171875	275.8988617675781
239.0	4.0	12.573609265136719	277.08911469726564
240.0	4.0	12.583667953491211	278.2845394042969
241.0	4.0	12.594031274414062	279.4939725585938
242.0	4.0	12.603785330200196	280.71622353515625
243.0	4.0	12.601651739501953	281.95311547851566
244.0	4.0	12.613233590698243	283.22321469726563
245.0	4.0	12.63548455810547	284.5250143066406
246.0	4.0	12.646761776733399	285.8432780273438
247.0	4.0	12.657734362792969	287.1685366699219
248.0	4.0	12.663830502319337	288.50599921875
249.0	4.0	12.679985330200196	289.86206528320315
250.0	4.0	12.691567181396485	291.23548842773437
251.0	4.0	12.707722009277344	292.6134880371094
252.0	4.0	12.71473204650879	293.98386020507814
253.0	4.0	12.701625869750977	295.33992626953125
254.0	4.0	12.67967953491211	296.68073745117186
255.0	4.0	12.664439767456056	298.0087494140625
256.0	4.0	12.666877990722657	299.33036176757815
257.0	4.0	12.689128958129883	300.6516764648438
258.0	4.0	12.723875674438478	301.9818278320313
259.0	4.0	12.757708493041992	303.3278107910156
260.0	4.0	12.783311581420898	304.68996020507814
261.0	4.0	12.79397953491211	306.06156020507814
262.0	4.0	12.79123667907715	307.43468569335937
263.0	4.0	12.793065637207032	308.806899609375
264.0	4.0	12.795503860473634	310.1791135253906
265.0	4.0	12.797332818603516	311.550397265625
266.0	4.0	12.799466409301758	312.921997265625
267.0	4.0	12.8016	314.293299609375
268.0	4.0	12.803733590698243	315.665197265625
269.0	4.0	12.805867181396485	317.036499609375
270.0	4.0	12.808000772094728	318.40809960937503
271.0	4.0	12.810134362792969	319.77969960937503
272.0	4.0	12.811963320922851	321.15129960937503
273.0	4.0	12.814096911621094	322.523197265625
274.0	4.0	12.816230502319337	323.89449960937503
275.0	4.0	12.818364093017578	325.26609960937503
276.0	4.0	12.820497683715821	326.63769960937503
277.0	4.0	12.822631274414062	328.00929960937503
278.0	4.0	12.824764865112305	329.381197265625
279.0	4.0	12.827203088378907	330.752797265625
280.0	4.0	12.82903204650879	332.124397265625
281.0	4.0	12.831165637207032	333.495997265625
282.0	4.0	12.833299227905274	334.867597265625
283.0	4.0	12.835432818603516	336.239197265625
284.0	4.0	12.837566409301758	337.610797265625
285.0	4.0	12.839395367431642	338.982397265625
286.0	4.0	12.841833590698243	340.353997265625
287.0	4.0	12.843662548828126	341.72529960937504
288.0	4.0	12.846100772094728	343.09689960937504
289.0	4.0	12.84792973022461	344.46849960937504
290.0	4.0	12.850063320922851	345.84039726562503
291.0	4.0	12.852196911621094	347.21199726562503
292.0	4.0	12.854025869750977	348.58359726562503
293.0	4.0	12.856464093017578	349.95519726562503
294.0	4.0	12.858293051147461	351.3243788085938
295.0	4.0	12.860731274414062	352.698099609375
296.0	4.0	12.862560232543945	354.08097333984375
297.0	4.0	12.861645172119141	355.467195703125
298.0	4.0	12.859511581420898	356.8500694335938
299.0	4.0	12.857682623291016	358.2238274414063
300.0	4.0	12.85585482788086	359.5932694335938
301.0	4.0	12.854025869750977	360.9648694335938
302.0	4.0	12.852196911621094	362.3364694335938
303.0	4.0	12.850063320922851	363.7080694335938
304.0	4.0	12.848538995361329	365.0796694335938
305.0	4.0	12.846405404663086	366.451901953125
306.0	4.0	12.844881079101564	367.82227412109376
307.0	4.0	12.843053283691408	369.1884046875
308.0	4.0	12.841224325561525	370.55695371093753
309.0	4.0	12.826898455810548	371.9535196289063
310.0	4.0	12.815010809326173	373.40224980468753
311.0	4.0	12.808000772094728	374.90094902343753
312.0	4.0	12.80220926513672	376.45542158203125
313.0	4.0	12.80220926513672	378.0614258789063
314.0	4.0	12.808000772094728	379.7225709960938
315.0	4.0	12.846405404663086	381.4142258789063
316.0	4.0	12.90827953491211	383.0903282226563
317.0	4.0	12.947903860473634	384.714005859375
318.0	4.0	12.974726641845704	386.3035274414063
319.0	4.0	12.981127413940431	387.84732158203127
320.0	4.0	12.974726641845704	389.3667451171875
321.0	4.0	12.974726641845704	390.8804015625
322.0	4.0	12.974422009277344	392.40347138671876
323.0	4.0	12.968935134887696	393.94361923828126
324.0	4.0	12.974117376708985	395.50423095703127
325.0	4.0	12.973811581420899	397.071800390625
326.0	4.0	12.97350694885254	398.6357235351563
327.0	4.0	12.966801544189455	400.2115529296875
328.0	4.0	12.971373358154297	401.8242544921875
329.0	4.0	12.989357144165039	403.4795953125
330.0	4.0	12.994842855834962	405.1599764648438
331.0	4.0	13.00032973022461	406.84125058593753
332.0	4.0	13.005815441894532	408.5188784179688
333.0	4.0	13.01160694885254	410.1946458984375
334.0	4.0	13.017093823242188	411.8710458984375
335.0	4.0	13.02257953491211	413.5477807617188
336.0	4.0	13.028371041870118	415.2241807617188
337.0	4.0	13.033857916259766	416.90058076171874
338.0	4.0	13.039343627929687	418.57698076171874
339.0	4.0	13.045135134887696	420.2530458984375
340.0	4.0	13.050622009277344	421.9294458984375
341.0	4.0	13.056107720947267	423.6058458984375
342.0	4.0	13.061594595336915	425.2822458984375
343.0	4.0	13.067080307006837	426.9586458984375
344.0	4.0	13.072871813964845	428.63445058593754
345.0	4.0	13.078358688354493	430.308097265625
346.0	4.0	13.083844400024415	431.99272001953125
347.0	4.0	13.089635906982423	433.69077451171876
348.0	4.0	13.091464865112306	435.381796875
349.0	4.0	13.088722009277344	437.0405235351563
350.0	4.0	13.080187646484376	438.6590293945313
351.0	4.0	13.076834362792969	440.258596875
352.0	4.0	13.074091506958009	441.85544824218755
353.0	4.0	13.075920465087892	443.4413235351563
354.0	4.0	13.072567181396485	445.0040560546875
355.0	4.0	13.064946716308594	446.5408552734375
356.0	4.0	13.061899227905274	448.0642227539063
357.0	4.0	13.058851739501954	449.5839439453125
358.0	4.0	13.055803088378907	451.1067533203125
359.0	4.0	13.052755599975587	452.6310509765625
360.0	4.0	13.04970694885254	454.1550509765625
361.0	4.0	13.04665946044922	455.67964628906253
362.0	4.0	13.043610809326173	457.20245566406254
363.0	4.0	13.040563320922852	458.7212466796875
364.0	4.0	13.037514669799805	460.24312587890626
365.0	4.0	13.021970269775391	461.7835713867188
366.0	4.0	13.011911581420899	463.36609804687504
367.0	4.0	13.015874130249024	464.9842690429688
368.0	4.0	13.025018920898438	466.6433305664063
369.0	4.0	13.021665637207033	468.32549765625004
370.0	4.0	13.024408493041992	470.0028278320313
371.0	4.0	13.007035134887696	471.6600290039063
372.0	4.0	12.98173667907715	473.32087646484376
373.0	4.0	12.950646716308594	475.0106709960938
374.0	4.0	12.910718920898438	476.7425466796875
375.0	4.0	12.883591506958009	478.49667216796877
376.0	4.0	12.874446716308594	480.2450305664063
377.0	4.0	12.882676446533203	481.98419882812505
378.0	4.0	12.896393051147461	483.7066239257813
379.0	4.0	12.909803860473634	485.40679921875005
380.0	4.0	12.914986102294922	487.088705859375
381.0	4.0	12.913157144165039	488.7626501953125
382.0	4.0	12.914071041870118	490.4350690429688
383.0	4.0	12.914986102294922	492.10599960937503
384.0	4.0	12.91620463256836	493.78057646484376
385.0	4.0	12.90462278137207	495.4737196289063
386.0	4.0	12.898831274414063	497.20864628906253
387.0	4.0	12.906756372070314	498.98565410156255
388.0	4.0	12.920776446533203	500.81229609375004
389.0	4.0	12.921691506958009	502.68470273437504
390.0	4.0	12.906145944213868	504.60097646484377
391.0	4.0	12.8778	506.4937725585938
392.0	4.0	12.849148260498048	508.3341439453125
393.0	4.0	12.82110694885254	510.15047958984377
394.0	4.0	12.792761004638672	511.97894472656253
395.0	4.0	12.76441389770508	513.8074470703125
396.0	4.0	12.736067953491212	515.6362470703125
397.0	4.0	12.707722009277344	517.4647494140626
398.0	4.0	12.679374902343751	519.2932517578125
399.0	4.0	12.651028958129883	521.1369717773438
400.0	4.0	12.622987646484376	522.9429266601563
401.0	4.0	12.594640539550781	524.7025215820313
402.0	4.0	12.585801544189454	526.4301556640626
403.0	4.0	12.594335906982423	528.1900482421876
404.0	4.0	12.603174902343751	529.99570546875
405.0	4.0	12.611709265136719	531.8397231445313
406.0	4.0	12.620548260498047	533.6685231445313
407.0	4.0	12.629082623291016	535.4973231445313
408.0	4.0	12.637618148803712	537.3261231445313
409.0	4.0	12.64615251159668	539.1549231445313
410.0	4.0	12.654991506958009	540.9837231445313
411.0	4.0	12.663830502319337	542.8073513671875
412.0	4.0	12.672060232543945	544.6407278320313
413.0	4.0	12.680899227905273	546.4951262695313
414.0	4.0	12.689128958129883	548.3580451171875
415.0	4.0	12.694614669799805	550.2130760742187
416.0	4.0	12.679374902343751	552.0482756835938
417.0	4.0	12.632435906982423	553.8752525390626
418.0	4.0	12.574828958129883	555.70129921875
419.0	4.0	12.522098455810548	557.5124258789062
420.0	4.0	12.471196911621094	559.3098231445313
421.0	4.0	12.443460232543947	561.11090390625
422.0	4.0	12.438277990722657	562.93970390625
423.0	4.0	12.456261776733399	564.8023250976563
424.0	4.0	12.495886102294923	566.6844799804687
425.0	4.0	12.52148919067383	568.5693509765625
426.0	4.0	12.558064865112305	570.4505756835938
427.0	4.0	12.619634362792969	572.3397254882813
428.0	4.0	12.690653283691407	574.2096764648438
429.0	4.0	12.75222278137207	576.0372486328125
430.0	4.0	12.808610037231446	577.84930546875
431.0	4.0	12.85920694885254	579.6765799804688
432.0	4.0	12.915290734863282	581.5456007812501
433.0	4.0	12.974726641845704	583.4341552734376
434.0	4.0	13.031419692993165	585.3144498046876
435.0	4.0	13.069519692993165	587.19749765625
436.0	4.0	13.089635906982423	589.0842290039063
437.0	4.0	13.091160232543945	590.9739741210938
438.0	4.0	13.089635906982423	592.8649470703125
439.0	4.0	13.091464865112306	594.7562548828125
440.0	4.0	13.093598455810547	596.6472278320313
441.0	4.0	13.09573204650879	598.5528231445313
442.0	4.0	13.097561004638672	600.4206533203126
443.0	4.0	13.099999227905274	602.2424211914063
444.0	4.0	13.128955599975587	604.0322282226563
445.0	4.0	13.163093051147461	605.85340078125
446.0	4.0	13.191134362792969	607.7208960937501
447.0	4.0	13.214603860473634	609.62589609375
448.0	4.0	13.23685482788086	611.5162737304688
449.0	4.0	13.260324325561523	613.4063537109375
450.0	4.0	13.283489190673828	615.296396484375
451.0	4.0	13.306958688354493	617.1873694335937
452.0	4.0	13.330428186035157	619.080202734375
453.0	4.0	13.349630502319336	620.9705803710938
454.0	4.0	13.38437721862793	622.8593953125
455.0	4.0	13.422781851196289	624.7165470703126
456.0	4.0	13.451433590698242	626.5267435546875
457.0	4.0	13.462101544189453	628.33240078125
458.0	4.0	13.475818148803711	630.1734046875
459.0	4.0	13.473378762817383	632.0646380859375
460.0	4.0	13.478561004638673	633.9681498046875
461.0	4.0	13.478256372070312	635.83691015625
462.0	4.0	13.472769497680664	637.67821171875
463.0	4.0	13.472769497680664	639.50701171875
464.0	4.0	13.472769497680664	641.3345466796875
465.0	4.0	13.471855599975587	643.1661
466.0	4.0	13.470635906982423	644.9982486328125
467.0	4.0	13.469111581420899	646.8270486328125
468.0	4.0	13.467588418579103	648.6558486328125
37.0	5.0	8.358225869750976	12.646761776733399
38.0	5.0	8.351215251159669	14.018666409301758
39.0	5.0	8.34420463256836	15.39026640930176
40.0	5.0	8.338109074401856	16.60946640930176
41.0	5.0	8.331707720947266	17.828666409301757
42.0	5.0	8.325306948852539	19.04817104187012
43.0	5.0	8.319211390686036	20.266151348876953
44.0	5.0	8.313115251159669	21.48108416748047
45.0	5.0	8.306714479064942	22.69906563720703
46.0	5.0	8.296351158142091	23.93411583251953
47.0	5.0	8.293607720947266	25.202691888427736
48.0	5.0	8.287512162780763	26.464870660400393
49.0	5.0	8.284768725585938	27.676145562744143
50.0	5.0	8.287512162780763	28.853587646484378
51.0	5.0	8.298484748840332	30.04596370239258
52.0	5.0	8.317687065124511	31.29076911621094
53.0	5.0	8.333536679077149	32.56940502319336
54.0	5.0	8.352738995361328	33.829446716308595
55.0	5.0	8.363712162780763	35.0644969116211
56.0	5.0	8.378342665100098	36.28247838134766
57.0	5.0	8.393277799987793	37.49771583251953
58.0	5.0	8.407907720947266	38.714476446533205
59.0	5.0	8.422843437194825	39.92849304199219
60.0	5.0	8.43777857208252	41.14464671630859
61.0	5.0	8.441131274414063	42.381524707031254
62.0	5.0	8.457590153503418	43.656200390625
63.0	5.0	8.484107720947266	44.96013475341797
64.0	5.0	8.503310618591309	46.26376215820313
65.0	5.0	8.51580694885254	47.55794362792969
66.0	5.0	8.520379344177247	48.837800390625006
67.0	5.0	8.5356191116333	50.11674093017579
68.0	5.0	8.569451930236816	51.42250308837891
69.0	5.0	8.605722972106934	52.75996563720703
70.0	5.0	8.641994595336914	54.129737841796874
71.0	5.0	8.677961004638671	55.509565246582035
72.0	5.0	8.714232046508789	56.87964440917969
73.0	5.0	8.748064865112305	58.24667259521485
74.0	5.0	8.79012741394043	59.61522161865235
75.0	5.0	8.82060694885254	60.998709265136725
76.0	5.0	8.834628186035157	62.40993475341797
77.0	5.0	8.83767625579834	63.85681853027344
78.0	5.0	8.826093823242187	65.33357490234376
79.0	5.0	8.787993823242187	66.83288803710938
80.0	5.0	8.75355115814209	68.34103784179688
81.0	5.0	8.719109074401857	69.78274053955079
82.0	5.0	8.681618339538575	71.1832969116211
83.0	5.0	8.705393051147462	72.55337142333985
84.0	5.0	8.729167181396484	73.98562818603516
85.0	5.0	8.753246525573731	75.45659421386719
86.0	5.0	8.777020655822755	76.96779034423828
87.0	5.0	8.8011	78.46405715332031
88.0	5.0	8.824874130249023	79.96031931152343
89.0	5.0	8.84895347442627	81.45627451171876
90.0	5.0	8.872728186035157	82.95345754394532
91.0	5.0	8.89680694885254	84.45306833496095
92.0	5.0	8.932164093017578	85.95116293945313
93.0	5.0	8.94405115814209	87.43797451171875
94.0	5.0	8.91387625579834	88.90620117187501
95.0	5.0	8.856573358154296	90.35918225097657
96.0	5.0	8.80140463256836	91.80727990722657
97.0	5.0	8.77945946044922	93.25721931152344
98.0	5.0	8.777630502319337	94.70898186035157
99.0	5.0	8.774277799987793	96.1549494140625
100.0	5.0	8.776716023254394	97.5862946044922
101.0	5.0	8.774887065124512	98.99416215820312
102.0	5.0	8.767267181396484	100.37856137695313
103.0	5.0	8.763914479064942	101.74924980468751
104.0	5.0	8.760866409301759	103.12786333007813
105.0	5.0	8.757818339538575	104.48848725585938
106.0	5.0	8.754465637207032	105.80248146972657
107.0	5.0	8.752941311645507	107.09330500488282
108.0	5.0	8.78250694885254	108.39968107910157
109.0	5.0	8.811767953491211	109.75451931152344
110.0	5.0	8.841028958129883	111.13556989746094
111.0	5.0	8.870594595336915	112.50808146972656
112.0	5.0	8.899855018615723	113.87937451171875
113.0	5.0	8.929116023254394	115.25066755371094
114.0	5.0	8.958681660461426	116.62196989746094
115.0	5.0	8.987942665100098	117.99326293945313
116.0	5.0	9.017507720947266	119.36455598144532
117.0	5.0	9.046768725585938	120.73584902343751
118.0	5.0	9.07602973022461	122.10715136718751
119.0	5.0	9.105595367431642	123.47844440917969
120.0	5.0	9.13455115814209	124.84973745117188
121.0	5.0	9.164116795349122	126.22042587890625
122.0	5.0	9.193682432556153	127.5935513671875
123.0	5.0	9.222943437194825	128.96788608398438
124.0	5.0	9.250984748840333	130.33156098632813
125.0	5.0	9.28573204650879	131.68518068847658
126.0	5.0	9.299448069763184	133.0610501953125
127.0	5.0	9.297009846496582	134.4957440185547
128.0	5.0	9.290303860473633	135.9825555908203
129.0	5.0	9.280550386047365	137.5214942138672
130.0	5.0	9.24915579071045	139.11651313476563
131.0	5.0	9.207398455810548	140.73987451171877
132.0	5.0	9.165640539550783	142.35958029785158
133.0	5.0	9.124187837219239	143.97806755371096
134.0	5.0	9.082430502319337	145.60174519042968
135.0	5.0	9.042196911621094	147.2156559814453
136.0	5.0	9.025432818603516	148.75977568359374
137.0	5.0	9.005925869750977	150.2532938232422
138.0	5.0	9.015679344177247	151.69713127441406
139.0	5.0	9.0284808883667	153.07178225097658
140.0	5.0	9.069323744201661	154.4412428466797
141.0	5.0	9.121444981384277	155.81498225097658
142.0	5.0	9.17112741394043	157.18322431640627
143.0	5.0	9.221114479064942	158.55391274414063
144.0	5.0	9.271101544189454	159.924898828125
145.0	5.0	9.320479344177247	161.29558725585937
146.0	5.0	9.37046640930176	162.66657333984375
147.0	5.0	9.42045347442627	164.0363501953125
148.0	5.0	9.470135906982422	165.40368999023437
149.0	5.0	9.521037451171875	166.77223901367188
150.0	5.0	9.56340463256836	168.15481508789063
151.0	5.0	9.602114479064943	169.56542666015625
152.0	5.0	9.651796911621094	171.00468764648437
153.0	5.0	9.68441061859131	172.4588872558594
154.0	5.0	9.669780116271973	173.91217529296875
155.0	5.0	9.645090925598145	175.35631040039064
156.0	5.0	9.630765637207032	176.790101953125
157.0	5.0	9.651187065124512	178.2122849121094
158.0	5.0	9.702393823242188	179.61895253906252
159.0	5.0	9.778289190673828	181.01218842773437
160.0	5.0	9.89837953491211	182.39628999023438
161.0	5.0	9.976713125610353	183.77215019531252
162.0	5.0	10.010241311645508	185.14192705078125
163.0	5.0	9.99865946044922	186.50833666992187
164.0	5.0	9.96848455810547	187.87567646484376
165.0	5.0	9.94714748840332	189.25185292968752
166.0	5.0	9.926117376708985	190.61887646484377
167.0	5.0	9.904780307006837	191.96273862304687
168.0	5.0	9.88710231628418	193.29806176757813
169.0	5.0	9.878567953491212	194.64224018554688
170.0	5.0	9.870033590698243	196.0086498046875
171.0	5.0	9.861194595336915	197.38544018554688
172.0	5.0	9.852660232543945	198.75704018554688
173.0	5.0	9.843821237182617	200.12864018554689
174.0	5.0	9.835286874389649	201.5002401855469
175.0	5.0	9.826446716308594	202.8718401855469
176.0	5.0	9.81821814880371	204.2434401855469
177.0	5.0	9.809377990722657	205.6150401855469
178.0	5.0	9.800843627929687	206.98632392578125
179.0	5.0	9.79200463256836	208.35792392578125
180.0	5.0	9.78347026977539	209.72952392578125
181.0	5.0	9.774631274414062	211.10112392578125
182.0	5.0	9.766096911621094	212.47272392578125
183.0	5.0	9.757562548828126	213.84432392578125
184.0	5.0	9.748722972106934	215.21592392578125
185.0	5.0	9.740188609313964	216.58752392578126
186.0	5.0	9.731654246520996	217.95912392578126
187.0	5.0	9.723119883728028	219.33072392578126
188.0	5.0	9.7142808883667	220.70232392578126
189.0	5.0	9.705746525573732	222.07392392578126
190.0	5.0	9.697212162780762	223.44552392578126
191.0	5.0	9.68837258605957	224.81682626953125
192.0	5.0	9.679838223266602	226.18842626953125
193.0	5.0	9.671303860473634	227.56002626953125
194.0	5.0	9.662464865112305	228.93162626953125
195.0	5.0	9.653930502319337	230.30322626953125
196.0	5.0	9.645090925598145	231.67482626953125
197.0	5.0	9.636556562805175	233.04642626953125
198.0	5.0	9.627717567443849	234.41802626953125
199.0	5.0	9.619183204650879	235.78871469726565
200.0	5.0	9.61064884185791	237.15847294921875
201.0	5.0	9.601809846496582	238.53191469726565
202.0	5.0	9.57955946044922	239.92239726562502
203.0	5.0	9.559442665100098	241.34551040039065
204.0	5.0	9.550603088378907	242.80916059570313
205.0	5.0	9.539935134887696	244.30330195312501
206.0	5.0	9.50610231628418	245.81236333007814
207.0	5.0	9.46922142791748	247.3253872558594
208.0	5.0	9.436607720947267	248.83444863281252
209.0	5.0	9.423806176757813	250.3288876464844
210.0	5.0	9.400641311645508	251.79588647460938
211.0	5.0	9.365284748840333	253.23302666015627
212.0	5.0	9.335719111633301	254.6503354980469
213.0	5.0	9.305238995361329	256.063700390625
214.0	5.0	9.275368725585938	257.4852880371094
215.0	5.0	9.240316795349122	258.9202888183594
216.0	5.0	9.194292279052735	260.37601391601567
217.0	5.0	9.203131274414062	261.85002626953127
218.0	5.0	9.252203860473633	263.33287529296877
219.0	5.0	9.328099227905273	264.8163382324219
220.0	5.0	9.374123744201661	266.2854764648438
221.0	5.0	9.36437026977539	267.73692275390624
222.0	5.0	9.343338995361329	269.18412744140625
223.0	5.0	9.349130502319337	270.64441040039065
224.0	5.0	9.357664865112305	272.13122197265625
225.0	5.0	9.361017567443849	273.6342
226.0	5.0	9.369856562805177	275.11857451171875
227.0	5.0	9.368332818603516	276.56607685546874
228.0	5.0	9.378696139526367	277.9916270507813
229.0	5.0	9.390583204650879	279.41808881835937
230.0	5.0	9.40247026977539	280.8606984375
231.0	5.0	9.414662548828126	282.31368881835937
232.0	5.0	9.426549613952638	283.7654513671875
233.0	5.0	9.43843667907715	285.209902734375
234.0	5.0	9.450628958129883	286.64001079101564
235.0	5.0	9.462516023254395	288.0628262695313
236.0	5.0	9.462516023254395	289.4993525390625
237.0	5.0	9.474098455810548	290.9721370605469
238.0	5.0	9.501225869750977	292.4802868652344
239.0	5.0	9.51402741394043	294.00398920898436
240.0	5.0	9.516161004638672	295.52432431640625
241.0	5.0	9.503968725585938	297.0303347167969
242.0	5.0	9.482937451171875	298.5256853027344
243.0	5.0	9.462516023254395	300.0179849121094
244.0	5.0	9.446971041870118	301.51456333007815
245.0	5.0	9.43782741394043	303.02209921875004
246.0	5.0	9.434169497680665	304.54092744140627
247.0	5.0	9.435693823242188	306.0664529296875
248.0	5.0	9.43965579071045	307.5922760742188
249.0	5.0	9.442094595336915	309.11688999023437
250.0	5.0	9.444228186035156	310.64088999023437
251.0	5.0	9.44666640930176	312.16487138671874
252.0	5.0	9.44910463256836	313.68887138671874
253.0	5.0	9.451238223266602	315.21287138671875
254.0	5.0	9.453677027893066	316.73687138671875
255.0	5.0	9.456115251159668	318.26057373046876
256.0	5.0	9.45824884185791	319.78457373046876
257.0	5.0	9.460687065124512	321.30857373046877
258.0	5.0	9.462820655822755	322.83287138671875
259.0	5.0	9.46525946044922	324.35687138671875
260.0	5.0	9.46739305114746	325.88087138671875
261.0	5.0	9.469831274414062	327.40487138671875
262.0	5.0	9.472269497680665	328.92887138671875
263.0	5.0	9.474403088378907	330.45287138671875
264.0	5.0	9.476841311645508	331.97687138671876
265.0	5.0	9.479280116271973	333.5005737304688
266.0	5.0	9.481413706970216	335.0245737304688
267.0	5.0	9.483851930236817	336.5485737304688
268.0	5.0	9.486290153503418	338.0725737304688
269.0	5.0	9.488423744201661	339.5965737304688
270.0	5.0	9.490862548828126	341.1205737304688
271.0	5.0	9.493300772094727	342.6445737304688
272.0	5.0	9.495434362792968	344.1685737304688
273.0	5.0	9.498177799987793	345.6925737304688
274.0	5.0	9.500616023254395	347.2165737304688
275.0	5.0	9.502749613952638	348.7405737304688
276.0	5.0	9.504883204650879	350.2630482421875
277.0	5.0	9.50732142791748	351.78887138671877
278.0	5.0	9.509760232543945	353.321094140625
279.0	5.0	9.510369497680665	354.8560702148438
280.0	5.0	9.508540539550781	356.3883301757813
281.0	5.0	9.50640694885254	357.9138556640625
282.0	5.0	9.504273358154297	359.4363301757813
283.0	5.0	9.502139767456056	360.9603301757813
284.0	5.0	9.500006176757813	362.4843301757813
285.0	5.0	9.498177799987793	364.0083301757813
286.0	5.0	9.49604420928955	365.5323301757813
287.0	5.0	9.49391061859131	367.05599531250004
288.0	5.0	9.491777027893066	368.58062783203127
289.0	5.0	9.489948069763184	370.1028046875
290.0	5.0	9.487814479064943	371.62040507812503
291.0	5.0	9.485071041870118	373.1431772460938
292.0	5.0	9.46525946044922	374.69857998046876
293.0	5.0	9.460992279052736	376.29937529296876
294.0	5.0	9.461296911621094	377.9407262695313
295.0	5.0	9.476841311645508	379.6284
296.0	5.0	9.474403088378907	381.349001953125
297.0	5.0	9.471964865112305	383.07079453125004
298.0	5.0	9.470440539550781	384.7770717773438
299.0	5.0	9.470135906982422	386.46597333984374
300.0	5.0	9.469831274414062	388.1448290039063
301.0	5.0	9.469831274414062	389.8190709960938
302.0	5.0	9.469526641845704	391.4939455078125
303.0	5.0	9.469526641845704	393.1703455078125
304.0	5.0	9.46922142791748	394.848903515625
305.0	5.0	9.468612162780762	396.5234803710938
306.0	5.0	9.468612162780762	398.18979726562503
307.0	5.0	9.472269497680665	399.853100390625
308.0	5.0	9.47775579071045	401.5194544921875
309.0	5.0	9.483242665100098	403.193994140625
310.0	5.0	9.489033590698243	404.8722544921875
311.0	5.0	9.494215251159668	406.54895214843754
312.0	5.0	9.500006176757813	408.22535214843754
313.0	5.0	9.505797683715821	409.90175214843754
314.0	5.0	9.511283976745606	411.57815214843754
315.0	5.0	9.51677026977539	413.25455214843754
316.0	5.0	9.522561776733399	414.9306544921875
317.0	5.0	9.528048069763184	416.6070544921875
318.0	5.0	9.533534362792969	418.2840498046875
319.0	5.0	9.539020655822755	419.9592219726563
320.0	5.0	9.54450694885254	421.6304501953125
321.0	5.0	9.550298455810548	423.3050270507813
322.0	5.0	9.54328783721924	425.00062587890625
323.0	5.0	9.549993823242188	426.73220390625005
324.0	5.0	9.567367181396484	428.49150117187503
325.0	5.0	9.577425869750977	430.24804511718753
326.0	5.0	9.579254246520996	431.99670117187503
327.0	5.0	9.573158688354493	433.7578215820313
328.0	5.0	9.568890925598145	435.55157255859376
329.0	5.0	9.578035134887696	437.3767262695313
330.0	5.0	9.574072586059572	439.210102734375
331.0	5.0	9.570719883728028	441.0410235351563
332.0	5.0	9.566757334899902	442.8713490234375
333.0	5.0	9.56340463256836	444.69955371093755
334.0	5.0	9.559747297668457	446.5280560546875
335.0	5.0	9.556394595336915	448.3568560546875
336.0	5.0	9.55243204650879	450.1859537109375
337.0	5.0	9.548774130249024	452.0147537109375
338.0	5.0	9.54542142791748	453.8435537109375
339.0	5.0	9.541764093017578	455.6723537109375
340.0	5.0	9.538106176757813	457.5011537109375
341.0	5.0	9.53444884185791	459.3299537109375
342.0	5.0	9.531096139526367	461.1587537109375
343.0	5.0	9.527438223266602	462.9875537109375
344.0	5.0	9.5237808883667	464.81665136718755
345.0	5.0	9.519818339538574	466.64850234375
346.0	5.0	9.516465637207032	468.46844707031255
347.0	5.0	9.511283976745606	470.27317412109375
348.0	5.0	9.503054246520996	472.0897702148438
349.0	5.0	9.517380116271973	473.9597211914063
350.0	5.0	9.548774130249024	475.86382822265625
351.0	5.0	9.595103860473634	477.82430390625
352.0	5.0	9.6393	479.799401953125
353.0	5.0	9.684105404663086	481.7595799804688
354.0	5.0	9.710928186035156	483.6764490234375
355.0	5.0	9.722205404663086	485.5552552734375
356.0	5.0	9.716414479064943	487.3919803710938
357.0	5.0	9.7155	489.21527373046877
358.0	5.0	9.704222200012207	491.0556451171875
359.0	5.0	9.698735906982423	492.94297177734376
360.0	5.0	9.706661004638672	494.8653474609375
361.0	5.0	9.720377027893067	496.829804296875
362.0	5.0	9.721596139526367	498.80397216796877
363.0	5.0	9.722815251159668	500.7989015625
364.0	5.0	9.724034362792969	502.8291776367188
365.0	5.0	9.703917567443849	504.87195527343755
366.0	5.0	9.673437451171875	506.9003709960938
367.0	5.0	9.642652702331544	508.8904262695313
368.0	5.0	9.611867953491211	510.86217568359376
369.0	5.0	9.581083204650879	512.8430780273437
370.0	5.0	9.550603088378907	514.8239803710937
371.0	5.0	9.519818339538574	516.8051803710938
372.0	5.0	9.489033590698243	518.7860455078126
373.0	5.0	9.45855347442627	520.7779239257812
374.0	5.0	9.427768725585938	522.7481478515625
375.0	5.0	9.397288609313966	524.6714537109375
376.0	5.0	9.388754246520996	526.5773466796875
377.0	5.0	9.398203088378907	528.5006525390626
378.0	5.0	9.407651930236817	530.4711741210938
379.0	5.0	9.417100772094727	532.4633501953125
380.0	5.0	9.426244981384277	534.4445501953126
381.0	5.0	9.435693823242188	536.4257501953125
382.0	5.0	9.445142665100098	538.4066525390625
383.0	5.0	9.454590925598145	540.3887455078125
384.0	5.0	9.464039767456056	542.3705780273438
385.0	5.0	9.475317567443849	544.3572474609375
386.0	5.0	9.485376255798341	546.3448470703125
387.0	5.0	9.484156562805175	548.3126525390626
388.0	5.0	9.46800231628418	550.25240390625
389.0	5.0	9.464649613952638	552.1720262695313
390.0	5.0	9.474403088378907	554.0928764648438
391.0	5.0	9.488728958129883	556.0277537109375
392.0	5.0	9.500006176757813	557.9659795898438
393.0	5.0	9.511588609313966	559.9026799804687
394.0	5.0	9.523171041870118	561.8366270507813
395.0	5.0	9.53475347442627	563.7678208007812
396.0	5.0	9.545726641845704	565.7008749023438
397.0	5.0	9.548164865112305	567.6485513671876
398.0	5.0	9.557003860473634	569.6294537109376
399.0	5.0	9.588703088378907	571.6578694335938
400.0	5.0	9.6393	573.7073443359375
401.0	5.0	9.70513667907715	575.7416015625
402.0	5.0	9.777069497680664	577.7627247070312
403.0	5.0	9.829190734863282	579.7924054687501
404.0	5.0	9.874910037231446	581.8595537109376
405.0	5.0	9.907524325561523	583.9449706054688
406.0	5.0	9.895941311645508	586.0136443359376
407.0	5.0	9.875520465087892	588.0643470703126
408.0	5.0	9.883444400024414	590.0940278320313
409.0	5.0	9.918496911621094	592.105402734375
410.0	5.0	9.991343627929687	594.1009274414063
411.0	5.0	10.021824325561523	596.0842482421875
412.0	5.0	10.024871813964845	598.0758290039063
413.0	5.0	10.039197683715821	600.0469458984376
414.0	5.0	10.053218920898438	601.9699541015625
415.0	5.0	10.091318920898438	603.8746192382813
416.0	5.0	10.144048260498048	605.7973297851563
417.0	5.0	10.200436679077148	607.7684466796875
418.0	5.0	10.253471813964845	609.7618505859375
419.0	5.0	10.28730463256836	611.7436458984375
420.0	5.0	10.29797258605957	613.7248458984375
421.0	5.0	10.289438223266602	615.7063807617188
422.0	5.0	10.277856372070312	617.6875807617188
423.0	5.0	10.269626641845704	619.6687807617188
424.0	5.0	10.261092279052734	621.6502784179688
425.0	5.0	10.253167181396485	623.6381756835938
426.0	5.0	10.244632818603517	625.609590234375
427.0	5.0	10.23731814880371	627.552392578125
428.0	5.0	10.2464617767334	629.493408984375
429.0	5.0	10.253167181396485	631.4702929687501
430.0	5.0	10.261396911621095	633.48780703125
431.0	5.0	10.26505482788086	635.5463976562501
432.0	5.0	10.264139767456054	637.6117599609375
433.0	5.0	10.266577990722658	639.6739968750001
434.0	5.0	10.27541814880371	641.7076587890625
435.0	5.0	10.256520465087892	643.694291015625
436.0	5.0	10.22695482788086	645.6426
437.0	5.0	10.170871041870118	647.5457396484376
438.0	5.0	10.121189190673828	649.4181462890625
439.0	5.0	10.073944400024414	651.2975478515625
440.0	5.0	10.026700772094728	653.1596109375
441.0	5.0	9.979457144165039	654.9756117187501
442.0	5.0	9.954158688354493	656.773008984375
443.0	5.0	9.9441	658.589307421875
444.0	5.0	9.93343204650879	660.4643929687501
445.0	5.0	9.922764093017578	662.3395529296876
31.0	6.0	1.3146024616241456	10.794796911621095
32.0	6.0	1.3075919883728029	12.166092279052735
33.0	6.0	1.3002767372131347	13.537692279052735
34.0	6.0	1.2941807430267334	14.756892279052735
35.0	6.0	1.2871704151153565	16.128492279052736
36.0	6.0	1.2850368244171144	17.349521237182618
37.0	6.0	1.2746736488342285	18.578474130249024
38.0	6.0	1.2682727313995361	19.78852933959961
39.0	6.0	1.2621767372131347	21.005292279052735
40.0	6.0	1.2557759651184082	22.224492279052736
41.0	6.0	1.2493751930236816	23.448873358154298
42.0	6.0	1.2432791988372804	24.67020811157227
43.0	6.0	1.2405360523223878	25.87233938598633
44.0	6.0	1.2307824325561525	27.04459806518555
45.0	6.0	1.226515251159668	28.20283899536133
46.0	6.0	1.2365736488342285	29.37479536743164
47.0	6.0	1.255471187210083	30.578145172119143
48.0	6.0	1.2701015441894532	31.804661004638675
49.0	6.0	1.2853416023254396	33.031481469726565
50.0	6.0	1.3112496139526368	34.23665906982422
51.0	6.0	1.3304519302368165	35.3964231628418
52.0	6.0	1.338986438369751	36.522049804687505
53.0	6.0	1.340815251159668	37.603786102294926
54.0	6.0	1.3536167953491212	38.667232818603516
55.0	6.0	1.3667232627868653	39.7288494140625
56.0	6.0	1.3798295848846436	40.79443088378906
57.0	6.0	1.3926311290740967	41.861537841796874
58.0	6.0	1.4057375965118408	42.928337841796875
59.0	6.0	1.418539140701294	43.995137841796875
60.0	6.0	1.431645608139038	45.061937841796876
61.0	6.0	1.4444471523284912	46.12873784179688
62.0	6.0	1.4575536197662353	47.195230883789066
63.0	6.0	1.4703551639556887	48.2632494140625
64.0	6.0	1.4834616313934328	49.32883088378907
65.0	6.0	1.496263175582886	50.38953823242188
66.0	6.0	1.515160859298706	51.44688764648438
67.0	6.0	1.5413736488342287	52.50271622314453
68.0	6.0	1.5755112453460693	53.56585598144532
69.0	6.0	1.5977616313934326	54.64606911621094
70.0	6.0	1.6029431465148927	55.752489953613285
71.0	6.0	1.596542374420166	56.89366215820313
72.0	6.0	1.574596766281128	58.064400000000006
73.0	6.0	1.525828812789917	59.25250887451172
74.0	6.0	1.4810232627868654	60.44641274414063
75.0	6.0	1.4362175674438478	61.63787490234375
76.0	6.0	1.3911072395324708	62.82903475341797
77.0	6.0	1.3463015441894532	64.02202239990234
78.0	6.0	1.2993624034881592	65.2113498046875
79.0	6.0	1.2579095558166504	66.39031505126954
80.0	6.0	1.230477654647827	67.55495559082031
81.0	6.0	1.2201143337249756	68.71136872558594
82.0	6.0	1.2329160232543945	69.8561965209961
83.0	6.0	1.265834362792969	70.98517877197266
84.0	6.0	1.3322807430267334	72.10562200927735
85.0	6.0	1.4069568534851076	73.22667451171876
86.0	6.0	1.4810232627868654	74.36205637207031
87.0	6.0	1.5523463802337647	75.51877181396485
88.0	6.0	1.6297656372070313	76.70261583251954
89.0	6.0	1.712671187210083	77.90535637207032
90.0	6.0	1.796186438369751	79.10261352539062
91.0	6.0	1.873605550003052	80.28706215820313
92.0	6.0	1.91902080116272	81.48462626953125
93.0	6.0	1.9562064674377442	82.7373498046875
94.0	6.0	1.9961351348876955	84.02818264160156
95.0	6.0	2.035759169769287	85.37264941406251
96.0	6.0	2.0275295848846437	86.73541274414063
97.0	6.0	1.9769328186035158	88.0841490234375
98.0	6.0	1.9092671813964845	89.42070000000001
99.0	6.0	1.8608040058135986	90.76273901367188
100.0	6.0	1.8574511581420898	92.10964284667969
101.0	6.0	1.8617183395385744	93.44557990722657
102.0	6.0	1.8583656372070314	94.76871774902344
103.0	6.0	1.850440830230713	96.10099921875
104.0	6.0	1.8425160232543947	97.4814451904297
105.0	6.0	1.8327624034881593	98.89998186035157
106.0	6.0	1.81416964302063	100.3581440185547
107.0	6.0	1.7873471523284914	101.86080578613281
108.0	6.0	1.736140830230713	103.38571735839844
109.0	6.0	1.6867631755828858	104.91185676269532
110.0	6.0	1.6376904441833497	106.42549460449219
111.0	6.0	1.6096488418579102	107.93638842773439
112.0	6.0	1.596542374420166	109.45520734863281
113.0	6.0	1.5883127895355225	110.97432392578125
114.0	6.0	1.5877032337188721	112.4708930419922
115.0	6.0	1.5739872104644776	113.9223486328125
116.0	6.0	1.5593568534851074	115.33997373046876
117.0	6.0	1.5742919883728028	116.75821274414064
118.0	6.0	1.609039140701294	118.20235715332032
119.0	6.0	1.6450055500030518	119.6751509765625
120.0	6.0	1.6764000000000001	121.15220500488282
121.0	6.0	1.7077944499969484	122.61006950683594
122.0	6.0	1.7382744209289551	124.05786950683594
123.0	6.0	1.764791988372803	125.51938029785157
124.0	6.0	1.8016727313995362	127.00741970214844
125.0	6.0	1.8385536197662355	128.5042864746094
126.0	6.0	1.8842736488342287	129.97495019531252
127.0	6.0	1.9083528476715088	131.4035513671875
128.0	6.0	1.9254215732574465	132.7906946044922
129.0	6.0	1.9546824325561525	134.1595505859375
130.0	6.0	1.9839431465148927	135.52566254882814
131.0	6.0	2.013508783721924	136.89573706054688
132.0	6.0	2.04276964302063	138.2676440185547
133.0	6.0	2.0720303569793703	139.63893706054688
134.0	6.0	2.1015959941864013	141.01023010253908
135.0	6.0	2.1308568534851076	142.38153244628907
136.0	6.0	2.160117567443848	143.75251853027345
137.0	6.0	2.189683204650879	145.12442548828125
138.0	6.0	2.218944063949585	146.49663010253906
139.0	6.0	2.2466807430267335	147.859700390625
140.0	6.0	2.2799040058135986	149.21758029785158
141.0	6.0	2.302154391860962	150.60503049316407
142.0	6.0	2.339949613952637	152.04308225097657
143.0	6.0	2.3835360523223876	153.52288029785157
144.0	6.0	2.4240744209289553	155.05176372070312
145.0	6.0	2.439619111633301	156.61630078125
146.0	6.0	2.4551640930175784	158.1875351074219
147.0	6.0	2.470708783721924	159.75543940429688
148.0	6.0	2.48594884185791	161.32027412109375
149.0	6.0	2.5011888999938967	162.88877373046876
150.0	6.0	2.516428667449951	164.4612358886719
151.0	6.0	2.5353263511657715	166.02517763671875
152.0	6.0	2.5679400581359864	167.55617255859377
153.0	6.0	2.5868377418518067	169.04573745117187
154.0	6.0	2.607564093017578	170.49627216796875
155.0	6.0	2.6368248069763185	171.90749765625
156.0	6.0	2.653588899993897	173.30653784179688
157.0	6.0	2.6642568534851074	174.70678725585938
158.0	6.0	2.681325579071045	176.11343627929688
159.0	6.0	2.7075385139465333	177.52131313476562
160.0	6.0	2.7127198837280275	178.93192470703127
161.0	6.0	2.695956081390381	180.35046137695312
162.0	6.0	2.6691335906982423	181.77052353515626
163.0	6.0	2.6520648651123047	183.178698046875
164.0	6.0	2.625547297668457	184.56614824218752
165.0	6.0	2.6045160232543947	185.9374505859375
166.0	6.0	2.583180116271973	187.30447412109376
167.0	6.0	2.56214884185791	188.67486489257814
168.0	6.0	2.5408129348754884	190.04858569335937
169.0	6.0	2.519476737213135	191.41745097656252
170.0	6.0	2.498445462799072	192.77716333007814
171.0	6.0	2.488387065124512	194.14083823242188
172.0	6.0	2.474671332550049	195.5255351074219
173.0	6.0	2.470708783721924	196.93370961914064
174.0	6.0	2.4737568534851078	198.33732626953125
175.0	6.0	2.4649175674438477	199.70526137695313
176.0	6.0	2.4448007720947267	201.047300390625
177.0	6.0	2.4173688709259036	202.40031547851564
178.0	6.0	2.4225503860473636	203.790798046875
179.0	6.0	2.4185879825592043	205.20446059570313
180.0	6.0	2.4097488418579105	206.61447685546875
181.0	6.0	2.3960328186035156	208.01868881835938
182.0	6.0	2.372867953491211	209.44849921875002
183.0	6.0	2.377744836044312	210.9209860839844
184.0	6.0	2.38566964302063	212.40476528320315
185.0	6.0	2.3847551639556888	213.82268803710937
186.0	6.0	2.3759160232543945	215.19428803710937
187.0	6.0	2.359761631393433	216.5192490234375
188.0	6.0	2.334463175582886	217.77868842773438
189.0	6.0	2.3122127895355225	219.0466482421875
190.0	6.0	2.3106887546539308	220.35881000976565
191.0	6.0	2.31465115814209	221.71396450195314
192.0	6.0	2.306116795349121	223.0876853027344
193.0	6.0	2.2972776546478273	224.46447568359375
194.0	6.0	2.288743146514893	225.8372849121094
195.0	6.0	2.280208783721924	227.20828959960937
196.0	6.0	2.27136964302063	228.57988959960937
197.0	6.0	2.2628351348876956	229.95148959960937
198.0	6.0	2.2539959941864014	231.32308959960938
199.0	6.0	2.245461631393433	232.69468959960938
200.0	6.0	2.2366223453521727	234.0665872558594
201.0	6.0	2.2283927604675293	235.43727568359375
202.0	6.0	2.2195536197662356	236.80491313476563
203.0	6.0	2.211324034881592	238.17560156250002
204.0	6.0	2.1909024616241455	239.56182392578125
205.0	6.0	2.171395222091675	240.97944902343752
206.0	6.0	2.1616416023254397	242.43426254882814
207.0	6.0	2.1485351348876955	243.91590234375002
208.0	6.0	2.1159215732574466	245.40972744140626
209.0	6.0	2.0799551639556886	246.906901171875
210.0	6.0	2.048255936050415	248.40163784179688
211.0	6.0	2.0327112453460696	249.8847845214844
212.0	6.0	2.0162519302368165	251.34050961914065
213.0	6.0	1.9842480697631837	252.7575394042969
214.0	6.0	1.9470624034881592	254.13950156250002
215.0	6.0	1.9178015441894531	255.50317646484376
216.0	6.0	1.8739103279113771	256.87325097656253
217.0	6.0	1.8669	258.2649613769531
218.0	6.0	1.9095719593048097	259.67131274414066
219.0	6.0	1.9537679534912111	261.0654602050781
220.0	6.0	1.9784568534851075	262.42822353515623
221.0	6.0	1.9601688709259035	263.7748390136719
222.0	6.0	1.9434047779083252	265.1308864746094
223.0	6.0	1.9537679534912111	266.4985239257813
224.0	6.0	1.9619975383758546	267.8582362792969
225.0	6.0	1.9604736488342287	269.1920525390625
226.0	6.0	1.9635215732574465	270.5115254882813
227.0	6.0	1.9616927604675294	271.84320234375
228.0	6.0	1.969922345352173	273.1992498046875
229.0	6.0	1.9732751930236818	274.5708498046875
230.0	6.0	1.9766280406951906	275.94336137695313
231.0	6.0	1.9824192569732666	277.31161274414063
232.0	6.0	1.9940015441894532	278.6789525390625
233.0	6.0	2.0052791988372802	280.0496223632813
234.0	6.0	2.0165568534851075	281.4218362792969
235.0	6.0	2.028139140701294	282.7934362792969
236.0	6.0	2.0394167953491213	284.1653525390625
237.0	6.0	2.0509992279052733	285.5366362792969
238.0	6.0	2.0625816604614258	286.9082362792969
239.0	6.0	2.073554391860962	288.28045019531254
240.0	6.0	2.0854416023254396	289.65052470703125
241.0	6.0	2.096414333724976	291.0175482421875
242.0	6.0	2.1076919883728027	292.39005981445314
243.0	6.0	2.1140927604675293	293.7793517578125
244.0	6.0	2.125979970932007	295.1933119628906
245.0	6.0	2.126284748840332	296.6237362792969
246.0	6.0	2.093366409301758	298.0480772460938
247.0	6.0	2.0439887546539306	299.4522892089844
248.0	6.0	1.9888200290679932	300.843701953125
249.0	6.0	1.9360896720886231	302.24577451171876
250.0	6.0	1.9034759651184083	303.68564941406254
251.0	6.0	1.8861024616241455	305.16606137695317
252.0	6.0	1.89036964302063	306.68031313476564
253.0	6.0	1.8961608592987063	308.2088895996094
254.0	6.0	1.8982944499969483	309.73776372070313
255.0	6.0	1.9007328186035157	311.2623776367188
256.0	6.0	1.9031711872100832	312.7857451171875
257.0	6.0	1.9053047779083252	314.3097451171875
258.0	6.0	1.9077431465148926	315.8337451171875
259.0	6.0	1.910181660461426	317.3577451171875
260.0	6.0	1.9123152511596682	318.8817451171875
261.0	6.0	1.9147536197662354	320.40514980468754
262.0	6.0	1.9171919883728028	321.9306752929688
263.0	6.0	1.919325579071045	323.4595494140625
264.0	6.0	1.9217639476776125	324.98477724609376
265.0	6.0	1.9363944499969483	326.49110390625003
266.0	6.0	1.9379183395385744	327.9642046875
267.0	6.0	1.9287744209289552	329.405605078125
268.0	6.0	1.9309080116271973	330.83082041015626
269.0	6.0	1.9330416023254395	332.2484455078125
270.0	6.0	1.9403568534851074	333.6542015625
271.0	6.0	1.9373087837219238	335.0413541015625
272.0	6.0	1.939442374420166	336.4129541015625
273.0	6.0	1.9415759651184084	337.7802752929688
274.0	6.0	1.9437095558166504	339.15064746093753
275.0	6.0	1.9455383686065675	340.5225451171875
276.0	6.0	1.947976737213135	341.8941451171875
277.0	6.0	1.9498055500030518	343.2657451171875
278.0	6.0	1.952244063949585	344.6373451171875
279.0	6.0	1.9540727313995363	346.0089451171875
280.0	6.0	1.9562064674377442	347.3805451171875
281.0	6.0	1.9583400581359864	348.7521451171875
282.0	6.0	1.9601688709259035	350.1237451171875
283.0	6.0	1.9626072395324707	351.49504746093754
284.0	6.0	1.9644360523223878	352.8669451171875
285.0	6.0	1.9668744209289553	354.24040546875
286.0	6.0	1.9650456081390382	355.61412626953125
287.0	6.0	1.9632167953491213	356.9875494140625
288.0	6.0	1.9613879825592042	358.3594470703125
289.0	6.0	1.9595591697692871	359.73045175781255
290.0	6.0	1.9577303569793703	361.10205175781255
291.0	6.0	1.9559015441894532	362.4736517578125
292.0	6.0	1.9537679534912111	363.8452517578125
293.0	6.0	1.951939140701294	365.2174470703125
294.0	6.0	1.950110327911377	366.58781923828127
295.0	6.0	1.948281660461426	367.9548799804688
296.0	6.0	1.9464528476715088	369.3264799804688
297.0	6.0	1.9397471523284913	370.71359531250005
298.0	6.0	1.9427952220916749	372.11994667968753
299.0	6.0	1.9440143337249758	373.5397297851563
300.0	6.0	1.9397471523284913	374.9661729492188
301.0	6.0	1.9077431465148926	376.4042247070313
302.0	6.0	1.8711671813964845	377.86634941406254
303.0	6.0	1.835810327911377	379.3562305664063
304.0	6.0	1.779727268600464	380.8631525390625
305.0	6.0	1.7236440639495851	382.37706943359376
306.0	6.0	1.6703040058135987	383.8913211914063
307.0	6.0	1.637995222091675	385.4037498046875
308.0	6.0	1.6276320465087892	386.9064301757813
309.0	6.0	1.618183204650879	388.39140000000003
310.0	6.0	1.6209263511657717	389.86662158203126
311.0	6.0	1.6157448360443116	391.3513309570313
312.0	6.0	1.6206215732574463	392.8600760742188
313.0	6.0	1.620316795349121	394.38895019531253
314.0	6.0	1.620316795349121	395.91722900390624
315.0	6.0	1.6248887546539308	397.4247462890625
316.0	6.0	1.620316795349121	398.9060698242188
317.0	6.0	1.625193532562256	400.37704980468754
318.0	6.0	1.625193532562256	401.8611266601563
319.0	6.0	1.6349471523284913	403.3689788085938
320.0	6.0	1.6401288127899172	404.8932764648438
321.0	6.0	1.645310327911377	406.42155527343755
322.0	6.0	1.6504919883728029	407.9470807617188
323.0	6.0	1.6553688709259033	409.4704482421875
324.0	6.0	1.6605503860473634	410.9944482421875
325.0	6.0	1.6657320465087893	412.5184482421875
326.0	6.0	1.670608783721924	414.0424482421875
327.0	6.0	1.6757904441833498	415.5664482421875
328.0	6.0	1.6806671813964844	417.0904482421875
329.0	6.0	1.6858488418579103	418.6144482421875
330.0	6.0	1.69103035697937	420.1384482421875
331.0	6.0	1.6959072395324708	421.6624482421875
332.0	6.0	1.7007839767456057	423.1864482421875
333.0	6.0	1.7059656372070313	424.7104482421875
334.0	6.0	1.7111471523284913	426.2344482421875
335.0	6.0	1.7160240348815918	427.75785292968754
336.0	6.0	1.7212055500030519	429.2827458984375
337.0	6.0	1.7263872104644775	430.8116200195313
338.0	6.0	1.7312639476776124	432.3380756835938
339.0	6.0	1.7410175674438477	433.85050429687504
340.0	6.0	1.7330927604675295	435.3431015625
341.0	6.0	1.7300448360443117	436.82137412109375
342.0	6.0	1.7273015441894533	438.29142392578126
343.0	6.0	1.736140830230713	439.74562353515626
344.0	6.0	1.7340072395324708	441.1681227539063
345.0	6.0	1.7187671813964844	442.55739609375
346.0	6.0	1.716328812789917	443.92840078125005
347.0	6.0	1.7135856662750244	445.293601171875
348.0	6.0	1.7108423744201662	446.65969453125
349.0	6.0	1.7080992279052736	448.030996875
350.0	6.0	1.7004791988372803	449.41480078125005
351.0	6.0	1.6974311290740967	450.8257286132813
352.0	6.0	1.69986964302063	452.2649709960938
353.0	6.0	1.6968215732574463	453.71429648437504
354.0	6.0	1.6989551639556886	455.148404296875
355.0	6.0	1.69103035697937	456.55594628906255
356.0	6.0	1.683410327911377	457.95530273437504
357.0	6.0	1.6663416023254396	459.3814482421875
358.0	6.0	1.6779240348815918	460.850605078125
359.0	6.0	1.679752847671509	462.34320234375
360.0	6.0	1.6770095558166505	463.8312231445313
361.0	6.0	1.6739616313934327	465.30830507812504
362.0	6.0	1.6660368244171144	466.79297724609376
363.0	6.0	1.6678656372070313	468.30172236328127
364.0	6.0	1.66176964302063	469.82602001953126
365.0	6.0	1.6590263511657715	471.3494247070313
366.0	6.0	1.6803624034881592	472.8642717773438
367.0	6.0	1.7193767372131348	474.37271923828126
368.0	6.0	1.7757648651123048	475.8802737304688
369.0	6.0	1.837944063949585	477.386600390625
370.0	6.0	1.9016471523284912	478.8926293945313
371.0	6.0	1.9601688709259035	480.4010768554688
372.0	6.0	1.997354391860962	481.9131706054688
373.0	6.0	2.017775965118408	483.43259414062504
374.0	6.0	2.0183856662750244	484.95904980468754
375.0	6.0	2.0162519302368165	486.4839799804688
376.0	6.0	2.0220431465148927	487.9924274414063
377.0	6.0	2.0180807430267333	489.476504296875
378.0	6.0	2.0189952220916747	490.94897255859377
379.0	6.0	2.015032818603516	492.43334707031255
380.0	6.0	2.020824034881592	493.94149687500004
381.0	6.0	2.0214335906982424	495.46460390625003
382.0	6.0	2.022652847671509	496.98797138671875
383.0	6.0	2.0235671813964844	498.5122690429688
384.0	6.0	2.011984748840332	500.0515239257813
385.0	6.0	2.0138135616302493	501.6276509765625
386.0	6.0	2.0269200290679934	503.24552431640626
387.0	6.0	2.0058887546539306	504.88564746093755
388.0	6.0	1.9802856662750246	506.52610546875
389.0	6.0	1.9552919883728028	508.15342939453126
390.0	6.0	1.929993532562256	509.77253056640626
391.0	6.0	1.905	511.397398828125
392.0	6.0	1.8745200290679933	513.0381544921876
393.0	6.0	1.8540984558105469	514.699299609375
394.0	6.0	1.8278856662750245	516.375401953125
395.0	6.0	1.8016727313995362	518.0560807617188
396.0	6.0	1.7757648651123048	519.7333737304688
397.0	6.0	1.7498568534851076	521.4112992187501
398.0	6.0	1.7239488418579103	523.0852807617188
399.0	6.0	1.697736052322388	524.75159765625
400.0	6.0	1.6904208011627198	526.4130776367188
401.0	6.0	1.6986503860473634	528.0739250976562
402.0	6.0	1.7062704151153565	529.7475717773438
403.0	6.0	1.701698455810547	531.44469609375
404.0	6.0	1.710537596511841	533.1680513671876
405.0	6.0	1.730654391860962	534.9203537109375
406.0	6.0	1.7300448360443117	536.7061795898438
407.0	6.0	1.7556480697631838	538.5307007812501
408.0	6.0	1.7955767372131348	540.3951451171876
409.0	6.0	1.8720816604614259	542.3016706054688
410.0	6.0	1.919325579071045	544.201796484375
411.0	6.0	1.9452335906982423	546.068994140625
412.0	6.0	1.944624034881592	547.9054215820313
413.0	6.0	1.9431	549.7311706054688
414.0	6.0	1.9397471523284913	551.56030546875
415.0	6.0	1.9363944499969483	553.3921192382812
416.0	6.0	1.9327368244171144	555.224602734375
417.0	6.0	1.9293839767456056	557.0537003906251
418.0	6.0	1.930603233718872	558.8660548828125
419.0	6.0	1.9220688709259035	560.6555270507813
420.0	6.0	1.9187160232543947	562.43249765625
421.0	6.0	1.910181660461426	564.216798046875
422.0	6.0	1.9056095558166506	566.0248737304688
423.0	6.0	1.9037807430267335	567.8698215820312
424.0	6.0	1.9324320465087892	569.7513439453126
425.0	6.0	1.9802856662750246	571.672194140625
426.0	6.0	2.0671536197662355	573.6274980468751
427.0	6.0	2.1817583976745607	575.595898828125
428.0	6.0	2.3024591697692873	577.5554443359375
429.0	6.0	2.3719536197662356	579.4802756835937
430.0	6.0	2.4112727313995364	581.3633235351563
431.0	6.0	2.4262080116271973	583.2058529296876
432.0	6.0	2.3759160232543945	585.0151192382813
433.0	6.0	2.314346380233765	586.823194921875
434.0	6.0	2.256739140701294	588.6401258789062
435.0	6.0	2.1909024616241455	590.4695211914063
436.0	6.0	2.142744063949585	592.3156968750001
437.0	6.0	2.129942374420166	594.1844200195313
438.0	6.0	2.1311616313934327	596.0629286132813
439.0	6.0	2.1101303569793703	597.9334749023437
440.0	6.0	2.069896766281128	599.7909243164063
441.0	6.0	2.0488656372070313	601.6468482421875
442.0	6.0	2.066239140701294	603.5094694335938
443.0	6.0	2.0900135616302493	605.3669560546875
444.0	6.0	2.077212017440796	607.2082204101563
445.0	6.0	2.0467320465087893	609.0330764648438
446.0	6.0	2.0253959941864013	610.8567046875
447.0	6.0	1.9985736488342287	612.7007223632813
448.0	6.0	1.9815047779083252	614.5700780273438
449.0	6.0	1.9589496139526368	616.4482517578125
450.0	6.0	1.9421856662750245	618.311803125
451.0	6.0	1.915363175582886	620.1561556640626
452.0	6.0	1.8809208011627199	622.002294140625
453.0	6.0	1.859279970932007	623.8798725585938
454.0	6.0	1.848612017440796	625.79339296875
455.0	6.0	1.8257519302368166	627.715210546875
456.0	6.0	1.825142374420166	629.6250474609375
457.0	6.0	1.825142374420166	631.526996484375
458.0	6.0	1.8196559360504152	633.443307421875
459.0	6.0	1.8248375965118409	635.3870027343751
460.0	6.0	1.8248375965118409	637.3413392578125
461.0	6.0	1.8245328186035157	639.285704296875
462.0	6.0	1.8248375965118409	641.2288042968751
463.0	6.0	1.8236183395385743	643.1633466796875
464.0	6.0	1.8220944499969483	645.1302591796875
465.0	6.0	1.8205704151153566	646.9590591796875
466.0	6.0	1.81935115814209	648.9402591796876
43.0	7.0	1.224381660461426	9.106509846496582
44.0	7.0	1.217371187210083	10.47810926513672
45.0	7.0	1.2103607866287232	11.84940463256836
46.0	7.0	1.2033503860473633	13.22130926513672
47.0	7.0	1.1960352075576783	14.59260463256836
48.0	7.0	1.2127992279052735	15.958108493041992
49.0	7.0	1.2158472249984742	17.3330617767334
50.0	7.0	1.2103607866287232	18.71624362792969
51.0	7.0	1.201216795349121	20.104303088378906
52.0	7.0	1.1942063947677612	21.492362548828126
53.0	7.0	1.1868912162780763	22.878287255859377
54.0	7.0	1.1798808156967164	24.269395367431642
55.0	7.0	1.1728704151153566	25.663245172119144
56.0	7.0	1.1704319738388063	27.040942474365234
57.0	7.0	1.173479970932007	28.37108919067383
58.0	7.0	1.1820144063949585	29.661917376708985
59.0	7.0	1.1801855936050416	30.90976911621094
60.0	7.0	1.1750040058135987	32.117081469726564
61.0	7.0	1.1878056226730347	33.31890811157227
62.0	7.0	1.2048744209289552	34.532010809326174
63.0	7.0	1.2192	35.75547799072266
64.0	7.0	1.2344400581359865	36.98138455810547
65.0	7.0	1.2490704151153564	38.2033262512207
66.0	7.0	1.2755879825592042	39.40728764648438
67.0	7.0	1.2941807430267334	40.56765867919922
68.0	7.0	1.3030200290679932	41.69328764648438
69.0	7.0	1.3048488418579103	42.775021618652346
70.0	7.0	1.3176503860473634	43.83907760009766
71.0	7.0	1.3307568534851075	44.900087255859376
72.0	7.0	1.3417295848846436	45.961706176757815
73.0	7.0	1.3597127895355225	47.02576215820313
74.0	7.0	1.371295222091675	48.10292431640625
75.0	7.0	1.3688568534851075	49.2029501953125
76.0	7.0	1.3591032337188722	50.331625488281254
77.0	7.0	1.3444727313995362	51.48620617675782
78.0	7.0	1.3158215732574463	52.65816254882813
79.0	7.0	1.291437596511841	53.83926254882813
80.0	7.0	1.2670536197662354	55.020669506835944
81.0	7.0	1.2423648651123047	56.198416223144534
82.0	7.0	1.2182855936050416	57.37920926513672
83.0	7.0	1.193596766281128	58.56457877197266
84.0	7.0	1.1713463802337647	59.74201853027344
85.0	7.0	1.164640830230713	60.88928803710938
86.0	7.0	1.1478768098831178	61.99570887451172
87.0	7.0	1.1369040058135986	63.06372740478516
88.0	7.0	1.1396472249984742	64.09456215820313
89.0	7.0	1.1643359796524049	65.10802122802734
90.0	7.0	1.1929872104644776	66.12422431640626
91.0	7.0	1.2198095558166504	67.15475676269531
92.0	7.0	1.2475463802337647	68.192600390625
93.0	7.0	1.2746736488342285	69.22008186035157
94.0	7.0	1.3008864383697512	70.22896911621095
95.0	7.0	1.32405115814209	71.2372471069336
96.0	7.0	1.3968984558105468	72.26777490234376
97.0	7.0	1.4670024616241455	73.32390578613281
98.0	7.0	1.5368015441894531	74.39284053955079
99.0	7.0	1.6062959941864015	75.46055676269532
100.0	7.0	1.676095222091675	76.52186872558595
101.0	7.0	1.745589672088623	77.58135289306641
102.0	7.0	1.8108167953491212	78.6508922607422
103.0	7.0	1.8455639476776124	79.76981931152343
104.0	7.0	1.8827496139526367	80.93445520019532
105.0	7.0	1.9135343627929688	82.14756254882813
106.0	7.0	1.9406616313934326	83.40699265136719
107.0	7.0	1.9580351348876954	84.71671735839844
108.0	7.0	1.9473671813964846	86.03071157226563
109.0	7.0	1.8879311290740968	87.331599609375
110.0	7.0	1.817827268600464	88.6236509765625
111.0	7.0	1.759915251159668	89.92392509765625
112.0	7.0	1.7382744209289551	91.24523049316407
113.0	7.0	1.7364456081390383	92.59031118164063
114.0	7.0	1.7303496139526369	93.95216293945313
115.0	7.0	1.726996766281128	95.32193049316406
116.0	7.0	1.7242536197662355	96.69536293945313
117.0	7.0	1.7212055500030519	98.06848842773438
118.0	7.0	1.718157625579834	99.44008842773438
119.0	7.0	1.7148047779083253	100.81168842773438
120.0	7.0	1.7114519302368165	102.18328842773438
121.0	7.0	1.7084040058135987	103.55732548828125
122.0	7.0	1.7053559360504151	104.92648842773438
123.0	7.0	1.7020032337188722	106.28589382324219
124.0	7.0	1.7132807430267334	107.64103901367189
125.0	7.0	1.7422368244171142	109.00013745117188
126.0	7.0	1.7718024616241457	110.369300390625
127.0	7.0	1.8010631755828859	111.74303049316407
128.0	7.0	1.830324034881592	113.11432353515626
129.0	7.0	1.859889672088623	114.48562587890626
130.0	7.0	1.8891503860473633	115.85691892089844
131.0	7.0	1.9184112453460693	117.22821196289063
132.0	7.0	1.947976737213135	118.59950500488281
133.0	7.0	1.977237596511841	119.97080734863282
134.0	7.0	2.0064984558105468	121.3417934326172
135.0	7.0	2.0360639476776123	122.71308647460938
136.0	7.0	2.0653248069763186	124.0849934326172
137.0	7.0	2.0948904441833496	125.4565934326172
138.0	7.0	2.122322345352173	126.8254494140625
139.0	7.0	2.1558503860473635	128.1933938232422
140.0	7.0	2.192731129074097	129.56743088378906
141.0	7.0	2.212543146514893	130.9551880371094
142.0	7.0	2.2232112453460693	132.3618370605469
143.0	7.0	2.2198583976745607	133.78495019531252
144.0	7.0	2.20035115814209	135.21751391601563
145.0	7.0	2.1851112453460693	136.65311931152345
146.0	7.0	2.1701759651184083	138.0868922607422
147.0	7.0	2.155240830230713	139.52158608398437
148.0	7.0	2.1400007720947265	140.9602424560547
149.0	7.0	2.1250656372070313	142.39249921875
150.0	7.0	2.121712789535523	143.80341774902345
151.0	7.0	2.1089112453460697	145.18111970214844
152.0	7.0	2.097024034881592	146.5326
