8.0	0.0	5.1462434371948245	14.695322781372072
9.0	0.0	5.16270231628418	15.07632278137207
10.0	0.0	5.178856562805176	15.457018148803712
11.0	0.0	5.195316023254395	15.83832278137207
12.0	0.0	5.211470269775391	16.21932278137207
13.0	0.0	5.227624516296387	16.60032278137207
14.0	0.0	5.243779344177247	16.981018148803713
15.0	0.0	5.2599335906982425	17.36018919067383
16.0	0.0	5.282183976745606	17.739055599975586
17.0	0.0	5.269687065124512	18.124322781372072
18.0	0.0	5.241645753479004	18.52452509765625
19.0	0.0	5.189829730224609	18.945454055786133
20.0	0.0	5.139842665100098	19.38284131164551
21.0	0.0	5.106009846496582	19.82845946044922
22.0	0.0	5.099609074401855	20.277125097656253
23.0	0.0	5.084673358154297	20.724265246582032
24.0	0.0	5.069433590698242	21.16988455810547
25.0	0.0	5.054498455810547	21.614283013916015
26.0	0.0	5.037734362792969	22.057460614013674
27.0	0.0	5.022494595336914	22.496982623291018
28.0	0.0	5.014874130249024	22.924007720947266
29.0	0.0	5.017617567443848	23.33518262329102
30.0	0.0	5.02767625579834	23.733860614013672
31.0	0.0	5.039563320922852	24.127662158203126
32.0	0.0	5.049621427917481	24.52237992553711
33.0	0.0	5.059984748840332	24.918618530273438
34.0	0.0	5.070043437194824	25.31485946044922
35.0	0.0	5.0801015441894535	25.71109806518555
36.0	0.0	5.090464865112305	26.107338995361328
37.0	0.0	5.100522972106934	26.50357992553711
38.0	0.0	5.110581660461426	26.89981853027344
39.0	0.0	5.120944981384278	27.29605946044922
40.0	0.0	5.131003088378907	27.692298065185547
41.0	0.0	5.141671041870118	28.08853899536133
42.0	0.0	5.151729730224609	28.48477992553711
43.0	0.0	5.161787837219238	28.88101853027344
44.0	0.0	5.17215115814209	29.27725946044922
45.0	0.0	5.1822098464965825	29.673498065185548
46.0	0.0	5.192572586059571	30.06973899536133
47.0	0.0	5.202631274414062	30.465979925537113
48.0	0.0	5.212689381408691	30.862218530273438
49.0	0.0	5.223052702331543	31.25845946044922
50.0	0.0	5.233111390686036	31.65469806518555
51.0	0.0	5.243474130249024	32.051243627929686
52.0	0.0	5.2535328186035155	32.44748455810547
53.0	0.0	5.263590925598145	32.84189536743164
54.0	0.0	5.274259460449219	33.23965946044922
55.0	0.0	5.284622200012207	33.64351853027344
56.0	0.0	5.29620463256836	34.033052893066404
57.0	0.0	5.301386293029785	34.365286102294924
58.0	0.0	5.304129730224609	34.64783629760743
59.0	0.0	5.307177799987794	34.873083013916016
60.0	0.0	5.307177799987794	35.04834208374024
61.0	0.0	5.301690925598145	35.1663
62.0	0.0	5.2965098464965825	35.268712353515625
63.0	0.0	5.2916328186035155	35.37722200927735
64.0	0.0	5.286755790710449	35.489996520996094
65.0	0.0	5.281574130249024	35.60185946044922
66.0	0.0	5.27669768371582	35.71341544189453
67.0	0.0	5.271820655822754	35.82527838134766
68.0	0.0	5.266944209289551	35.93683436279297
69.0	0.0	5.261762548828125	36.048694976806644
70.0	0.0	5.256885520935059	36.16055791625977
71.0	0.0	5.2520090744018555	36.27241853027344
72.0	0.0	5.24682741394043	36.38397683715821
73.0	0.0	5.242255018615723	36.49583745117188
74.0	0.0	5.237073358154297	36.60769806518555
75.0	0.0	5.231892279052735	36.71925637207031
76.0	0.0	5.227319883728027	36.831116986083984
77.0	0.0	5.222138223266602	36.94297992553711
78.0	0.0	5.217261776733399	37.05453590698242
79.0	0.0	5.212384748840332	37.166396520996095
80.0	0.0	5.207507720947266	37.27825946044922
81.0	0.0	5.202326641845703	37.389815441894534
82.0	0.0	5.197449613952637	37.50167838134766
83.0	0.0	5.192572586059571	37.61323436279297
84.0	0.0	5.1873909255981445	37.725706567382815
85.0	0.0	5.182819111633301	37.83878571166992
86.0	0.0	5.1773328186035155	37.95034401855469
87.0	0.0	5.172455790710449	38.055498065185546
88.0	0.0	5.169103088378907	38.15486409301758
89.0	0.0	5.167579344177247	38.256971813964846
90.0	0.0	5.167579344177247	38.37218571166992
91.0	0.0	5.168188609313965	38.50294517211914
92.0	0.0	5.168493823242188	38.64223899536133
93.0	0.0	5.168188609313965	38.781837451171874
94.0	0.0	5.168493823242188	38.91930347900391
95.0	0.0	5.168798455810547	39.05615559082032
96.0	0.0	5.168798455810547	39.19331931152344
97.0	0.0	5.169103088378907	39.330780688476565
98.0	0.0	5.169103088378907	39.46794440917969
99.0	0.0	5.169407720947266	39.604796520996096
100.0	0.0	5.169407720947266	39.73890926513672
101.0	0.0	5.176418339538574	39.872412744140625
102.0	0.0	5.1526442092895515	40.01475289306641
103.0	0.0	5.120030502319336	40.18086833496094
104.0	0.0	5.063642665100098	40.378991125488284
105.0	0.0	5.031028958129883	40.60241004638672
106.0	0.0	5.0103023162841795	40.83558186035157
107.0	0.0	5.018532046508789	41.06814440917969
108.0	0.0	5.018836679077149	41.29704671630859
109.0	0.0	5.019141311645508	41.52534440917969
110.0	0.0	5.019141311645508	41.75394440917969
111.0	0.0	5.019446525573731	41.98254440917969
112.0	0.0	5.01975115814209	42.21114440917969
113.0	0.0	5.020055790710449	42.43974440917969
114.0	0.0	5.020361004638672	42.66834440917969
115.0	0.0	5.020665637207031	42.89694440917969
116.0	0.0	5.020970269775391	43.12554440917969
117.0	0.0	5.021275483703613	43.35414440917969
118.0	0.0	5.021275483703613	43.58274440917969
119.0	0.0	5.021580116271973	43.81134440917969
120.0	0.0	5.021884748840332	44.03841892089844
121.0	0.0	5.021275483703613	44.265191125488286
122.0	0.0	5.021580116271973	44.49592122802735
123.0	0.0	5.026151930236817	44.73762740478516
124.0	0.0	5.037124516296387	44.99305367431641
125.0	0.0	5.052364865112305	45.258530493164066
126.0	0.0	5.06882374420166	45.527062939453124
127.0	0.0	5.084064093017578	45.794981469726565
128.0	0.0	5.099303860473633	46.06198377685547
129.0	0.0	5.11515347442627	46.32868377685547
130.0	0.0	5.130393823242188	46.595081469726566
131.0	0.0	5.145938223266602	46.86208377685547
132.0	0.0	5.16117857208252	47.128481469726566
133.0	0.0	5.176418339538574	47.39548377685547
134.0	0.0	5.191963320922852	47.66218377685547
135.0	0.0	5.207203088378907	47.928581469726566
136.0	0.0	5.222748069763184	48.19528146972657
137.0	0.0	5.238293051147461	48.46198146972657
138.0	0.0	5.2535328186035155	48.72898377685547
139.0	0.0	5.268772586059571	48.99538146972657
140.0	0.0	5.284317567443848	49.26025367431641
141.0	0.0	5.301386293029785	49.52420965576172
142.0	0.0	5.316931274414062	49.79365367431641
143.0	0.0	5.323332046508789	50.07772470703125
144.0	0.0	5.317235906982422	50.380696911621094
145.0	0.0	5.301996139526367	50.69799382324219
146.0	0.0	5.285232046508789	51.02077877197266
147.0	0.0	5.270296911621094	51.342647497558595
148.0	0.0	5.255361776733399	51.662683776855474
149.0	0.0	5.24012142791748	51.98242239990235
150.0	0.0	5.224881660461426	52.30245867919922
151.0	0.0	5.209946525573731	52.622499609375005
152.0	0.0	5.194706176757813	52.942540539550784
153.0	0.0	5.18007625579834	53.26258146972656
154.0	0.0	5.164835906982423	53.58262239990235
155.0	0.0	5.149596139526367	53.90296563720703
156.0	0.0	5.134661004638672	54.22300656738282
157.0	0.0	5.119420655822754	54.5430474975586
158.0	0.0	5.104790153503418	54.86339073486329
159.0	0.0	5.089550386047364	55.18282239990235
160.0	0.0	5.0743106185913085	55.49828686523438
161.0	0.0	5.058155790710449	55.813146716308594
162.0	0.0	5.042916023254395	56.141722009277345
163.0	0.0	5.035296139526367	56.50199304199219
164.0	0.0	5.033467181396484	56.90402431640625
165.0	0.0	5.038648841857911	57.33775598144531
166.0	0.0	5.045049613952637	57.78520308837891
167.0	0.0	5.050231274414063	58.232040930175785
168.0	0.0	5.055717567443848	58.67460926513672
169.0	0.0	5.061203860473633	59.11656833496094
170.0	0.0	5.066385520935059	59.55883436279297
171.0	0.0	5.071567181396484	60.001100390625005
172.0	0.0	5.07705347442627	60.443361767578125
173.0	0.0	5.0822351348876955	60.88562779541016
174.0	0.0	5.087721427917481	61.32789382324219
175.0	0.0	5.092903088378907	61.77015985107422
176.0	0.0	5.098084748840332	62.212421228027345
177.0	0.0	5.103266409301758	62.65499421386719
178.0	0.0	5.108752702331543	63.09756254882813
179.0	0.0	5.113934362792969	63.54013088378907
180.0	0.0	5.119116023254395	63.98208995361328
181.0	0.0	5.12429768371582	64.42405367431641
182.0	0.0	5.129783976745606	64.86631505126954
183.0	0.0	5.134965637207031	65.30858107910157
184.0	0.0	5.140147297668458	65.75084710693359
185.0	0.0	5.14502374420166	66.19311313476562
186.0	0.0	5.1505106185913085	66.63537451171875
187.0	0.0	5.155692279052735	67.07764053955079
188.0	0.0	5.160873358154297	67.51990656738282
189.0	0.0	5.166055018615723	67.96217259521485
190.0	0.0	5.171541311645508	68.40443397216798
191.0	0.0	5.176722972106933	68.8467
192.0	0.0	5.18190463256836	69.28896602783203
193.0	0.0	5.187086293029785	69.73122740478516
194.0	0.0	5.192572586059571	70.17349343261719
195.0	0.0	5.197754246520996	70.61575946044923
196.0	0.0	5.202935906982422	71.05802548828126
197.0	0.0	5.208117567443848	71.50028686523437
198.0	0.0	5.2132992279052734	71.9425528930664
199.0	0.0	5.2184808883667	72.38451196289063
200.0	0.0	5.223662548828125	72.82677799072266
201.0	0.0	5.228844209289551	73.2690440185547
202.0	0.0	5.234025869750977	73.71131004638673
203.0	0.0	5.239512162780762	74.15357142333984
204.0	0.0	5.244693823242188	74.59583745117187
205.0	0.0	5.2498754837036135	75.03810347900391
206.0	0.0	5.255056562805176	75.48036950683594
207.0	0.0	5.2605434371948245	75.92263088378907
208.0	0.0	5.265724516296387	76.3648969116211
209.0	0.0	5.270906176757813	76.80563745117188
210.0	0.0	5.276087837219238	77.24942431640625
211.0	0.0	5.281574130249024	77.69961544189454
212.0	0.0	5.28645115814209	78.1525505859375
213.0	0.0	5.2894992279052735	78.60273706054689
214.0	0.0	5.2922426651000976	79.04652392578126
215.0	0.0	5.2952901535034185	79.48726911621094
216.0	0.0	5.298643437194825	79.92953049316407
217.0	0.0	5.301386293029785	80.371801171875
218.0	0.0	5.304434362792969	80.81467646484376
219.0	0.0	5.307482432556153	81.25571931152344
220.0	0.0	5.310530502319336	81.69371118164062
221.0	0.0	5.313883204650879	82.13476333007813
222.0	0.0	5.316931274414062	82.59196333007813
223.0	0.0	5.317845753479004	83.06988764648437
224.0	0.0	5.317235906982422	83.55573706054687
225.0	0.0	5.31510231628418	84.02451774902345
226.0	0.0	5.312664093017578	84.46586755371094
227.0	0.0	5.310835134887696	84.8901486328125
228.0	0.0	5.309006176757813	85.31138803710938
229.0	0.0	5.306872586059571	85.73749226074219
230.0	0.0	5.305044209289551	86.17000539550781
231.0	0.0	5.302910618591309	86.60191391601563
232.0	0.0	5.300777027893067	87.01948842773437
233.0	0.0	5.297728958129883	87.4010930419922
234.0	0.0	5.297119111633301	87.74338842773437
235.0	0.0	5.2959000000000005	88.04971391601563
236.0	0.0	5.2946808883667	88.34170539550782
237.0	0.0	5.293156562805176	88.63370617675781
238.0	0.0	5.2916328186035155	88.93027412109376
239.0	0.0	5.290413706970215	89.22806989746094
240.0	0.0	5.289194595336914	89.5252424560547
241.0	0.0	5.287670269775391	89.82211735839844
242.0	0.0	5.286146525573731	90.11960617675781
243.0	0.0	5.284622200012207	90.41678803710938
244.0	0.0	5.283403088378907	90.71396989746094
245.0	0.0	5.282183976745606	91.01114245605469
246.0	0.0	5.280660232543946	91.30832431640626
247.0	0.0	5.279135906982422	91.60550617675781
248.0	0.0	5.277916795349121	91.90238107910157
249.0	0.0	5.276393051147461	92.19986989746094
250.0	0.0	5.275173358154297	92.50070734863282
251.0	0.0	5.274564093017578	92.80306098632813
252.0	0.0	5.273039767456055	93.09567568359375
253.0	0.0	5.26724884185791	93.35536215820314
254.0	0.0	5.255666409301758	93.5736
255.0	0.0	5.239816795349121	93.75922587890625
256.0	0.0	5.2239671813964845	93.93631274414064
257.0	0.0	5.208422200012207	94.12163166503906
258.0	0.0	5.193487065124512	94.31335019531251
259.0	0.0	5.178247297668458	94.50415715332032
260.0	0.0	5.163312162780762	94.69465715332032
261.0	0.0	5.148071813964844	94.88515715332032
262.0	0.0	5.132832046508789	95.07565715332032
263.0	0.0	5.117896911621094	95.26615715332032
264.0	0.0	5.102656562805176	95.45695480957032
265.0	0.0	5.087416795349121	95.64745480957032
266.0	0.0	5.0721770278930665	95.83795480957032
267.0	0.0	5.057241311645508	96.02815715332032
268.0	0.0	5.042306176757813	96.21835019531251
269.0	0.0	5.026761776733399	96.40915715332032
270.0	0.0	5.011826641845704	96.60118264160157
271.0	0.0	4.995671813964844	96.79411970214844
272.0	0.0	4.980736679077149	96.98218264160157
273.0	0.0	4.9700687255859375	97.1577440185547
274.0	0.0	4.965496911621094	97.31745520019531
275.0	0.0	4.965801544189453	97.46467412109375
276.0	0.0	4.966411390686035	97.60732587890625
277.0	0.0	4.966716023254395	97.75058225097656
278.0	0.0	4.966716023254395	97.89505715332032
279.0	0.0	4.966716023254395	98.04013666992188
280.0	0.0	4.966716023254395	98.18491853027344
281.0	0.0	4.966716023254395	98.3293934326172
282.0	0.0	4.967020655822754	98.47448225097656
283.0	0.0	4.967020655822754	98.61925480957032
284.0	0.0	4.967020655822754	98.76403666992188
285.0	0.0	4.967020655822754	98.90881853027344
286.0	0.0	4.967325869750977	99.0532934326172
287.0	0.0	4.967325869750977	99.19838225097656
288.0	0.0	4.967325869750977	99.34315480957032
289.0	0.0	4.967325869750977	99.48793666992188
290.0	0.0	4.967325869750977	99.63088608398438
291.0	0.0	4.967020655822754	99.77353784179688
292.0	0.0	4.967325869750977	99.92075676269532
293.0	0.0	4.969459460449219	100.08016098632812
294.0	0.0	4.975250386047364	100.25603862304688
295.0	0.0	4.982870269775391	100.4440922607422
296.0	0.0	4.990795367431641	100.63673166503906
297.0	0.0	4.998719883728028	100.82875715332031
298.0	0.0	5.006339767456055	101.01955480957032
299.0	0.0	5.013960232543946	101.20975715332031
300.0	0.0	5.021884748840332	101.40025715332031
301.0	0.0	5.02950463256836	101.59075715332031
302.0	0.0	5.037124516296387	101.78125715332031
303.0	0.0	5.0447449813842775	101.97175715332031
304.0	0.0	5.0526694976806645	102.16225715332031
305.0	0.0	5.060289381408691	102.35275715332031
306.0	0.0	5.067909846496582	102.54325715332031
307.0	0.0	5.075834362792969	102.73436176757814
308.0	0.0	5.083454246520996	102.92455480957032
309.0	0.0	5.091074130249024	103.11232009277344
310.0	0.0	5.098999227905273	103.29641118164064
311.0	0.0	5.108143437194824	103.48081853027344
312.0	0.0	5.1160679534912115	103.67497412109375
313.0	0.0	5.119725869750977	103.89077490234375
314.0	0.0	5.117287065124512	104.13278803710938
315.0	0.0	5.109971813964844	104.39521853027344
316.0	0.0	5.102047297668458	104.66557412109375
317.0	0.0	5.095036679077149	104.93501813964845
318.0	0.0	5.087721427917481	105.20202509765626
319.0	0.0	5.081016023254395	105.46872509765626
320.0	0.0	5.074005404663086	105.73542509765626
321.0	0.0	5.066690153503418	106.00212509765626
322.0	0.0	5.059680116271973	106.26882509765626
323.0	0.0	5.0526694976806645	106.53552509765626
324.0	0.0	5.045659460449219	106.80222509765626
325.0	0.0	5.038648841857911	107.06892509765626
326.0	0.0	5.031638223266602	107.33562509765626
327.0	0.0	5.024322972106934	107.60232509765626
328.0	0.0	5.017617567443848	107.86811352539063
329.0	0.0	5.010606948852539	108.13725058593751
330.0	0.0	5.003292279052735	108.41126176757813
331.0	0.0	4.995977027893066	108.67888264160156
332.0	0.0	4.986222972106934	108.91357529296876
333.0	0.0	4.982261004638672	109.10894941406251
334.0	0.0	4.98165115814209	109.25738686523438
335.0	0.0	4.982261004638672	109.38784401855469
336.0	0.0	4.982870269775391	109.5274447998047
337.0	0.0	4.983480116271973	109.68471892089845
338.0	0.0	4.983480116271973	109.84931352539063
339.0	0.0	4.984089381408691	110.01085715332032
340.0	0.0	4.984394595336914	110.17026137695314
341.0	0.0	4.984699227905273	110.33028881835938
342.0	0.0	4.985003860473633	110.49030695800782
343.0	0.0	4.985309074401855	110.65032509765625
344.0	0.0	4.985613706970215	110.81034323730469
345.0	0.0	4.985918339538575	110.97036137695314
346.0	0.0	4.986528186035157	111.13038881835938
347.0	0.0	4.986528186035157	111.29040695800782
348.0	0.0	4.987137451171876	111.44920656738282
349.0	0.0	4.987442665100098	111.61227568359375
350.0	0.0	4.987747297668458	111.78143745117188
351.0	0.0	4.988051930236817	111.9374930419922
352.0	0.0	4.986832818603516	112.06002509765625
353.0	0.0	4.987442665100098	112.15694941406251
354.0	0.0	4.996281660461426	112.27124941406251
355.0	0.0	5.0087785720825195	112.44255058593751
356.0	0.0	5.017007720947266	112.65346794433594
357.0	0.0	5.031943437194824	112.91620539550782
358.0	0.0	5.0462687255859375	113.20271813964844
359.0	0.0	5.060899227905273	113.48466372070313
360.0	0.0	5.075224516296387	113.76050734863281
361.0	0.0	5.089550386047364	114.03756950683594
362.0	0.0	5.1041808883667	114.31676176757813
363.0	0.0	5.120030502319336	114.59656794433594
364.0	0.0	5.134661004638672	114.87058842773438
365.0	0.0	5.140756562805176	115.12996794433595
366.0	0.0	5.135880116271973	115.36923706054688
367.0	0.0	5.122164093017578	115.59387451171875
368.0	0.0	5.107533590698242	115.81272626953125
369.0	0.0	5.093817567443848	116.03248029785156
370.0	0.0	5.0807113906860355	116.25407607421876
371.0	0.0	5.066995367431641	116.47444401855469
372.0	0.0	5.053888609313965	116.69786293945313
373.0	0.0	5.040477799987793	116.92615598144532
374.0	0.0	5.025237451171876	117.15628146972657
375.0	0.0	5.0103023162841795	117.3921926513672
376.0	0.0	5.004206176757813	117.64243784179688
377.0	0.0	5.009693051147461	117.91858842773438
378.0	0.0	5.023409074401855	118.21881196289063
379.0	0.0	5.039258688354493	118.52788146972657
380.0	0.0	5.053279344177247	118.83573244628907
381.0	0.0	5.066995367431641	119.14113706054688
382.0	0.0	5.081016023254395	119.44533244628907
383.0	0.0	5.095036679077149	119.74708146972657
384.0	0.0	5.109057334899902	120.04761196289063
385.0	0.0	5.12307857208252	120.35728608398438
386.0	0.0	5.136794595336914	120.6913494140625
387.0	0.0	5.1505106185913085	121.05802470703125
388.0	0.0	5.164226641845703	121.4496938232422
389.0	0.0	5.1779426651000975	121.85050656738282
390.0	0.0	5.191048841857911	122.25010078125001
391.0	0.0	5.204764865112305	122.64695097656251
392.0	0.0	5.2184808883667	123.04258264160157
393.0	0.0	5.232196911621094	123.4372934326172
394.0	0.0	5.250180116271973	123.83170656738282
395.0	0.0	5.254751930236817	124.23130078125001
396.0	0.0	5.237987837219238	124.64247568359376
397.0	0.0	5.205679344177247	125.06919382324219
398.0	0.0	5.151729730224609	125.50779960937501
399.0	0.0	5.084673358154297	125.95128881835939
400.0	0.0	5.021580116271973	126.39476872558595
401.0	0.0	4.958790925598144	126.84251813964845
402.0	0.0	4.89630694885254	127.27868686523438
403.0	0.0	4.8332137069702155	127.68925715332031
404.0	0.0	4.769205695343018	128.08610734863282
405.0	0.0	4.75366071395874	128.48661313476563
406.0	0.0	4.762195076751709	128.91149882812502
407.0	0.0	4.79999044418335	129.36047607421875
408.0	0.0	4.860035906982422	129.82711735839845
409.0	0.0	4.905755790710449	130.31663166503907
410.0	0.0	4.922824516296387	130.81771735839845
411.0	0.0	4.945380116271973	131.3139382324219
412.0	0.0	4.968239767456055	131.81838186035156
413.0	0.0	4.9911	132.34660078125
414.0	0.0	5.004816023254395	132.88396333007813
415.0	0.0	5.017312934875489	133.41492626953126
416.0	0.0	5.030114479064942	133.92820656738283
417.0	0.0	5.042916023254395	134.43966372070312
418.0	0.0	5.055412934875489	134.96483166503907
419.0	0.0	5.067909846496582	135.49274362792968
420.0	0.0	5.0807113906860355	136.02005097656252
421.0	0.0	5.093512934875489	136.5467444091797
422.0	0.0	5.106314479064942	137.07343784179687
423.0	0.0	5.1188113906860355	137.59982431640626
424.0	0.0	5.131612934875489	138.1246946044922
425.0	0.0	5.14502374420166	138.64924863281252
426.0	0.0	5.157825869750977	139.17808146972658
427.0	0.0	5.166055018615723	139.71788107910157
428.0	0.0	5.169103088378907	140.27231235351564
429.0	0.0	5.167883976745606	140.83832431640624
430.0	0.0	5.165750386047364	141.408298828125
431.0	0.0	5.164531274414062	141.97797568359377
432.0	0.0	5.163312162780762	142.54611774902344
433.0	0.0	5.162093051147461	143.11426911621095
434.0	0.0	5.160568725585938	143.6818065673828
435.0	0.0	5.159349613952637	144.24781853027343
436.0	0.0	5.157520655822754	144.81200734863282
437.0	0.0	5.155996911621094	145.38136794433595
438.0	0.0	5.160264093017578	145.96902509765627
439.0	0.0	5.170322200012207	146.5831922607422
440.0	0.0	5.185562548828125	147.21901391601563
441.0	0.0	5.201412162780762	147.8630490234375
442.0	0.0	5.2160426651000975	148.50556794433595
443.0	0.0	5.2309777999877936	149.14534284667968
444.0	0.0	5.245912934875489	149.78633627929688
445.0	0.0	5.260848069763184	150.43221313476565
446.0	0.0	5.280050386047364	151.07442509765625
447.0	0.0	5.2916328186035155	151.69286176757814
448.0	0.0	5.283707720947266	152.28691853027345
449.0	0.0	5.265115251159668	152.88188686523438
450.0	0.0	5.2507893814086914	153.53141931152345
451.0	0.0	5.243474130249024	154.21874479980468
452.0	0.0	5.244693823242188	154.95270000000002
453.0	0.0	5.244693823242188	155.7174440185547
454.0	0.0	5.244693823242188	156.4861505859375
455.0	0.0	5.244388609313965	157.24876450195313
456.0	0.0	5.244388609313965	158.01106215820315
457.0	0.0	5.244083976745606	158.77793627929688
458.0	0.0	5.243779344177247	159.54146176757814
459.0	0.0	5.244083976745606	160.2891370605469
460.0	0.0	5.243779344177247	161.01517646484376
461.0	0.0	5.243474130249024	161.72566333007813
462.0	0.0	5.243474130249024	162.43036450195314
463.0	0.0	5.243169497680665	163.1316984375
464.0	0.0	5.244388609313965	163.836101953125
465.0	0.0	5.245912934875489	164.5572486328125
466.0	0.0	5.247741311645508	165.30492392578125
467.0	0.0	5.249570269775391	166.07423510742188
468.0	0.0	5.260238223266602	166.84356489257814
469.0	0.0	5.242560232543946	167.59092392578125
470.0	0.0	5.20872741394043	168.31147529296877
471.0	0.0	5.1541679534912115	169.02257607421876
472.0	0.0	5.145938223266602	169.74372275390627
473.0	0.0	5.160873358154297	170.47677568359376
474.0	0.0	5.215737451171876	171.20584746093752
475.0	0.0	5.249570269775391	171.9221386230469
476.0	0.0	5.273039767456055	172.6341509765625
477.0	0.0	5.266944209289551	173.34584707031252
478.0	0.0	5.268772586059571	174.047199609375
479.0	0.0	5.270296911621094	174.72416293945312
480.0	0.0	5.272125869750977	175.36851430664063
481.0	0.0	5.273344981384278	175.98756489257812
482.0	0.0	5.274564093017578	176.59472783203125
483.0	0.0	5.276087837219238	177.1997513671875
484.0	0.0	5.277612162780762	177.8084397949219
485.0	0.0	5.279135906982422	178.41924902343752
486.0	0.0	5.280355018615723	179.02976059570312
487.0	0.0	5.281574130249024	179.64027216796876
488.0	0.0	5.290718339538574	180.25048608398438
489.0	0.0	5.269992279052735	180.86008608398438
490.0	0.0	5.239206948852539	181.46968608398439
491.0	0.0	5.18007625579834	182.07807685546877
492.0	0.0	5.1492909255981445	182.68676528320313
493.0	0.0	5.134661004638672	183.29604902343752
494.0	0.0	5.1514245162963865	183.90596528320313
495.0	0.0	5.184952702331543	184.51647685546877
496.0	0.0	5.246217567443848	185.12698842773437
497.0	0.0	5.279745753479004	185.7368860839844
498.0	0.0	5.302910618591309	186.34587216796876
499.0	0.0	5.29620463256836	186.95517451171875
500.0	0.0	5.2974237442016605	187.5663
501.0	0.0	5.298338223266602	188.1786347167969
502.0	0.0	5.29620463256836	188.7906903808594
503.0	0.0	5.301081660461426	189.39876489257813
504.0	0.0	5.31632142791748	190.00043979492187
505.0	0.0	5.3254656372070315	190.59601274414064
506.0	0.0	5.316931274414062	191.18853471679688
507.0	0.0	5.292851930236817	191.78107529296875
508.0	0.0	5.2584098464965825	192.37482509765627
509.0	0.0	5.228234362792969	192.9694864746094
510.0	0.0	5.198059460449219	193.5638501953125
511.0	0.0	5.168188609313965	194.15821391601563
512.0	0.0	5.138013706970215	194.7516474609375
513.0	0.0	5.1054	195.3444856933594
514.0	0.0	5.075224516296387	195.94037490234376
515.0	0.0	5.060594595336914	196.54448686523438
516.0	0.0	5.060899227905273	197.15957490234376
517.0	0.0	5.076748841857911	197.7828856933594
518.0	0.0	5.095036679077149	198.4092474609375
519.0	0.0	5.110581660461426	199.03501391601563
520.0	0.0	5.126431274414062	199.6601478515625
521.0	0.0	5.1422808883667	200.285300390625
522.0	0.0	5.157825869750977	200.9098390136719
523.0	0.0	5.1758090744018554	201.5328521484375
524.0	0.0	5.191658688354493	202.15402353515626
525.0	0.0	5.197754246520996	202.7736880371094
526.0	0.0	5.189219883728027	203.39242236328127
527.0	0.0	5.170017567443848	204.0096498046875
528.0	0.0	5.148681660461426	204.62535175781252
529.0	0.0	5.129783976745606	205.24103510742188
530.0	0.0	5.110581660461426	205.85735097656251
531.0	0.0	5.091379344177247	206.47364824218752
532.0	0.0	5.0721770278930665	207.08996411132813
533.0	0.0	5.053279344177247	207.70596372070312
534.0	0.0	5.034077027893066	208.32226098632813
535.0	0.0	5.0151793441772465	208.93857685546877
536.0	0.0	4.995977027893066	209.55457646484376
537.0	0.0	4.976774130249024	210.17087373046877
538.0	0.0	4.957571813964844	210.78718959960938
539.0	0.0	4.938674130249024	211.40348686523438
540.0	0.0	4.919471813964844	212.01948647460938
541.0	0.0	4.900574130249024	212.63639765625
542.0	0.0	4.882590925598144	213.25301118164063
543.0	0.0	4.862169497680664	213.8678015625
544.0	0.0	4.8371759651184085	214.47952236328126
545.0	0.0	4.81035347442627	215.0900525390625
546.0	0.0	4.785359941864014	215.70177333984375
547.0	0.0	4.765243146514893	216.31624746093752
548.0	0.0	4.747259941864014	216.93286098632814
549.0	0.0	4.727752702331543	217.54977216796877
550.0	0.0	4.708855309295655	218.16547412109375
551.0	0.0	4.689652702331543	218.7820876464844
552.0	0.0	4.670755309295655	219.4023474609375
553.0	0.0	4.650638513946533	220.0238351074219
554.0	0.0	4.631435906982422	220.6334351074219
555.0	0.0	4.616805695343018	221.21286020507813
556.0	0.0	4.609185520935059	221.75388764648437
557.0	0.0	4.605832818603516	222.2622845214844
558.0	0.0	4.603699227905274	222.7545521484375
559.0	0.0	4.600041602325439	223.24557333984376
560.0	0.0	4.599127123260498	223.74210117187502
561.0	0.0	4.598212934875488	224.24166137695315
562.0	0.0	4.596993532562256	224.73787294921877
563.0	0.0	4.595164865112305	225.23957255859375
564.0	0.0	4.596993532562256	225.78089765625
565.0	0.0	4.602784748840333	226.3682478515625
566.0	0.0	4.609795076751709	227.00009765625
567.0	0.0	4.620463320922852	227.6782888183594
568.0	0.0	4.635398455810547	228.39578920898438
569.0	0.0	4.6491144790649415	229.1196892089844
570.0	0.0	4.662525579071045	229.83810117187502
571.0	0.0	4.67654652557373	230.55346215820313
572.0	0.0	4.690262258148193	231.26670234375
573.0	0.0	4.70489276046753	231.9783984375
574.0	0.0	4.718608783721924	232.69956372070314
575.0	0.0	4.727752702331543	233.44539726562502
576.0	0.0	4.730800772094727	234.22356372070314
577.0	0.0	4.729276737213135	235.0263984375
578.0	0.0	4.726533590698242	235.83870234375001
579.0	0.0	4.7250095558166505	236.64975981445315
580.0	0.0	4.7231808883666995	237.45871508789062
581.0	0.0	4.721351930236817	238.2642845214844
582.0	0.0	4.720132818603516	239.06317529296877
583.0	0.0	4.718303860473633	239.8669401855469
584.0	0.0	4.720742374420166	240.70726098632812
585.0	0.0	4.721351930236817	241.58936528320314
586.0	0.0	4.719523262786866	242.51656450195313
587.0	0.0	4.720437741851807	243.47393862304688
588.0	0.0	4.721656853485108	244.42400156250002
589.0	0.0	4.722571332550049	245.35730273437503
590.0	0.0	4.72379044418335	246.28266020507814
591.0	0.0	4.724704923248291	247.21047333984376
592.0	0.0	4.725924034881592	248.1379888183594
593.0	0.0	4.725619111633301	249.06396020507813
594.0	0.0	4.726838513946533	249.99787529296876
595.0	0.0	4.732324806976319	250.95219843750002
596.0	0.0	4.744211872100831	251.9333478515625
597.0	0.0	4.760671332550049	252.93492392578128
598.0	0.0	4.777740058135986	253.94624824218752
599.0	0.0	4.794199227905274	254.95301469726564
600.0	0.0	4.81035347442627	255.95092587890628
601.0	0.0	4.830165637207031	256.94487451171875
602.0	0.0	4.852416023254395	257.93638608398436
603.0	0.0	4.878019111633301	258.93491118164064
604.0	0.0	4.894783204650879	259.9523374511719
605.0	0.0	4.902098455810547	261.01121235351565
606.0	0.0	4.899964865112305	262.1057501953125
607.0	0.0	4.891430502319336	263.2447876464844
608.0	0.0	4.891735134887695	264.407898046875
609.0	0.0	4.896916795349122	265.57619882812503
610.0	0.0	4.900574130249024	266.7402394042969
611.0	0.0	4.903622200012207	267.90487529296877
612.0	0.0	4.907280116271973	269.0676880371094
613.0	0.0	4.903622200012207	270.2204362792969
614.0	0.0	4.937760232543946	271.3594737304688
615.0	0.0	4.979517567443848	272.4780845214844
616.0	0.0	5.043830502319336	273.5741478515625
617.0	0.0	5.076138995361329	274.6491892089844
618.0	0.0	5.096865637207031	275.7111150878906
619.0	0.0	5.088940539550782	276.7739525390625
620.0	0.0	5.0886359069824225	277.84013862304687
621.0	0.0	5.088940539550782	278.9072362792969
622.0	0.0	5.0886359069824225	279.9746501953125
623.0	0.0	5.0886359069824225	281.04236176757814
624.0	0.0	5.0886359069824225	282.1082501953125
625.0	0.0	5.0886359069824225	283.1701760742188
626.0	0.0	5.0886359069824225	284.22661391601565
627.0	0.0	5.0886359069824225	285.27877294921876
628.0	0.0	5.088331274414063	286.32972275390625
629.0	0.0	5.088331274414063	287.3809888183594
630.0	0.0	5.088026641845703	288.4322362792969
631.0	0.0	5.088026641845703	289.48380000000003
632.0	0.0	5.088026641845703	290.5380984375
633.0	0.0	5.089855018615723	291.5933270507813
634.0	0.0	5.089855018615723	292.64090961914064
635.0	0.0	5.0807113906860355	293.6677864746094
636.0	0.0	5.059375483703613	294.6678370605469
637.0	0.0	5.028895367431641	295.6471633300781
638.0	0.0	4.996586293029785	296.61915981445316
639.0	0.0	4.966106176757813	297.59178881835936
640.0	0.0	4.935626641845704	298.5665386230469
641.0	0.0	4.904841311645508	299.54249765625
642.0	0.0	4.874361486053467	300.5184752929688
643.0	0.0	4.845710327911378	301.4907880371094
644.0	0.0	4.811572876739502	302.45943588867186
645.0	0.0	4.770424806976319	303.43327412109375
646.0	0.0	4.735677509307862	304.4305899902344
647.0	0.0	4.722266409301758	305.46263862304687
648.0	0.0	4.713427123260498	306.51907646484375
649.0	0.0	4.673498455810547	307.57977451171877
650.0	0.0	4.614672104644776	308.63835175781253
651.0	0.0	4.546396911621094	309.6981382324219
652.0	0.0	4.507687065124512	310.7557853027344
653.0	0.0	4.492142374420166	311.80094941406253
654.0	0.0	4.502505695343018	312.82723095703125
655.0	0.0	4.508601544189453	313.8403784179688
656.0	0.0	4.51500231628418	314.85229804687503
657.0	0.0	4.521098455810547	315.868198828125
658.0	0.0	4.527194304656983	316.88990390625
659.0	0.0	4.533595076751709	317.912204296875
660.0	0.0	4.539081660461426	318.9128501953125
661.0	0.0	4.544567953491211	319.87115449218754
662.0	0.0	4.5473111000061035	320.79653056640626
663.0	0.0	4.5558454627990725	321.723394921875
664.0	0.0	4.58175347442627	322.7015305664063
665.0	0.0	4.6192439186096195	323.71679882812504
666.0	0.0	4.665268725585937	324.77842705078126
667.0	0.0	4.707940830230713	325.8644258789063
668.0	0.0	4.745735906982422	326.95317802734377
669.0	0.0	4.785055309295655	328.0367211914063
670.0	0.0	4.824374420928955	329.11818076171875
671.0	0.0	4.863693532562256	330.20202158203125
672.0	0.0	4.9030129348754885	331.2910713867188
673.0	0.0	4.944770269775391	332.37677255859376
674.0	0.0	4.982870269775391	333.43899609375
675.0	0.0	5.0066449813842775	334.45552939453125
676.0	0.0	5.017922200012207	335.4360462890625
677.0	0.0	5.0145694976806645	336.3705752929688
678.0	0.0	5.007254246520996	337.2816266601563
679.0	0.0	5.002987065124512	338.18992470703125
680.0	0.0	4.998415251159668	339.103096875
681.0	0.0	4.993843437194824	340.0193200195313
682.0	0.0	4.98957625579834	340.9325293945313
683.0	0.0	4.984699227905273	341.84052978515626
684.0	0.0	4.981041311645508	342.74607451171875
685.0	0.0	4.980736679077149	343.65377724609374
686.0	0.0	4.98012741394043	344.56724707031253
687.0	0.0	4.979517567443848	345.484102734375
688.0	0.0	4.977993823242188	346.40032587890624
689.0	0.0	4.977383976745606	347.31290273437503
690.0	0.0	4.981955790710449	348.21632666015626
691.0	0.0	4.993233590698242	349.1078443359375
692.0	0.0	5.009693051147461	349.9902462890625
693.0	0.0	5.027066409301758	350.869001953125
694.0	0.0	5.043220655822754	351.7486505859375
695.0	0.0	5.059680116271973	352.628596875
696.0	0.0	5.075834362792969	353.50887802734377
697.0	0.0	5.093512934875489	354.3921729492188
698.0	0.0	5.109971813964844	355.27703056640627
699.0	0.0	5.121249613952637	356.15850234375
700.0	0.0	5.12582142791748	357.028402734375
701.0	0.0	5.125212162780762	357.8787694335938
702.0	0.0	5.123687837219238	358.70692353515625
703.0	0.0	5.12307857208252	359.50155410156253
704.0	0.0	5.122468725585938	360.2623262695313
705.0	0.0	5.127040539550782	361.0066529296875
706.0	0.0	5.132222200012207	361.753695703125
707.0	0.0	5.137099227905273	362.5187466796875
708.0	0.0	5.1422808883667	363.28807646484375
709.0	0.0	5.146548069763184	364.0369795898438
710.0	0.0	5.149596139526367	364.7395227539063
711.0	0.0	5.155996911621094	365.4085795898438
712.0	0.0	5.160568725585938	366.03127646484376
713.0	0.0	5.164531274414062	366.6363
714.0	0.0	5.168493823242188	367.239798046875
715.0	0.0	5.172455790710449	367.848505078125
716.0	0.0	5.176722972106933	368.45870039062504
717.0	0.0	5.180990153503418	369.068598046875
718.0	0.0	5.184952702331543	369.678198046875
719.0	0.0	5.188915251159668	370.28750039062504
720.0	0.0	5.1928777999877935	370.89710039062504
721.0	0.0	5.197144981384278	371.50670039062504
722.0	0.0	5.201106948852539	372.116598046875
723.0	0.0	5.2132992279052734	372.72683056640625
724.0	0.0	5.195620655822754	373.3367282226563
725.0	0.0	5.167274130249024	373.9463282226563
726.0	0.0	5.110886293029785	374.554998046875
727.0	0.0	5.082539767456055	375.16430039062504
728.0	0.0	5.064861776733399	375.77419804687503
729.0	0.0	5.07705347442627	376.38443056640625
730.0	0.0	5.081016023254395	376.9943282226563
731.0	0.0	5.085283204650879	377.6039282226563
732.0	0.0	5.0892457534790045	378.2135282226563
733.0	0.0	5.093207720947266	378.8234258789063
734.0	0.0	5.097170269775391	379.4327282226563
735.0	0.0	5.101132818603516	380.0389795898438
736.0	0.0	5.106009846496582	380.64400312500004
737.0	0.0	5.110886293029785	381.25877490234376
738.0	0.0	5.112105404663086	381.8985498046875
739.0	0.0	5.106314479064942	382.5718482421875
740.0	0.0	5.093207720947266	383.2701498046875
741.0	0.0	5.076138995361329	383.97849726562504
742.0	0.0	5.058765637207031	384.68565410156253
743.0	0.0	5.042306176757813	385.38882978515625
744.0	0.0	5.025847297668458	386.0928984375
745.0	0.0	5.009387837219238	386.80065058593755
746.0	0.0	4.992319111633301	387.50963056640626
747.0	0.0	4.973726641845704	388.2173455078125
748.0	0.0	4.955438223266602	388.9220466796875
749.0	0.0	4.937150386047364	389.62492470703125
750.0	0.0	4.918862548828125	390.328695703125
751.0	0.0	4.900269497680664	391.03187138671876
752.0	0.0	4.881981660461426	391.7359772460938
753.0	0.0	4.863693532562256	392.44309687500004
754.0	0.0	4.844186293029785	393.1514443359375
755.0	0.0	4.825898455810547	393.85067607421877
756.0	0.0	4.812487065124512	394.5230443359375
757.0	0.0	4.805781660461426	395.1570521484375
758.0	0.0	4.804562258148193	395.7669498046875
759.0	0.0	4.804562258148193	396.3850702148438
760.0	0.0	4.805476737213135	397.0516713867188
761.0	0.0	4.8012095558166505	397.75361923828126
762.0	0.0	4.7990759651184085	398.50282001953127
763.0	0.0	4.7972472976684575	399.2736752929688
764.0	0.0	4.795418339538575	400.04453056640625
765.0	0.0	4.793284748840332	400.7967451171875
766.0	0.0	4.79176071395874	401.51911962890625
767.0	0.0	4.789932046508789	402.21165410156254
768.0	0.0	4.788408011627197	402.8916498046875
769.0	0.0	4.786579344177246	403.5841470703125
770.0	0.0	4.785055309295655	404.3065215820313
771.0	0.0	4.783226351165772	405.05877333984375
772.0	0.0	4.78109276046753	405.8296286132813
773.0	0.0	4.779264093017578	406.60107919921876
774.0	0.0	4.777130502319336	407.3490521484375
775.0	0.0	4.773167953491211	408.05312080078124
776.0	0.0	4.774387065124512	408.7157780273438
777.0	0.0	4.772863320922852	409.34792548828125
778.0	0.0	4.77133928604126	409.98587724609376
779.0	0.0	4.7695103279113775	410.6573525390625
780.0	0.0	4.767986293029786	411.3629466796875
781.0	0.0	4.766157625579834	412.07921923828127
782.0	0.0	4.764328667449951	412.7793439453125
783.0	0.0	4.7631095558166505	413.45022392578124
784.0	0.0	4.761585520935059	414.1119509765625
785.0	0.0	4.759756853485108	414.78737021484375
786.0	0.0	4.757927895355225	415.47655605468753
787.0	0.0	4.755184748840333	416.15684941406255
788.0	0.0	4.752441602325439	416.80060546875
789.0	0.0	4.750003088378906	417.41567490234377
790.0	0.0	4.748479344177246	418.0356556640625
791.0	0.0	4.747869497680664	418.70069414062505
792.0	0.0	4.742688127899171	419.40204667968754
793.0	0.0	4.739335134887695	420.15035449218755
794.0	0.0	4.736287065124512	420.91782392578125
795.0	0.0	4.73323928604126	421.6908
796.0	0.0	4.730191216278077	422.4555533203125
797.0	0.0	4.726838513946533	423.201703125
798.0	0.0	4.72379044418335	423.9222544921875
799.0	0.0	4.721351930236817	424.6263231445313
800.0	0.0	4.718913706970215	425.3468745117188
801.0	0.0	4.715865637207031	426.1088745117188
802.0	0.0	4.711903088378906	426.9123231445313
803.0	0.0	4.708550386047364	427.73284980468753
804.0	0.0	4.70550231628418	428.53540546875
805.0	0.0	4.702149613952637	429.3077490234375
806.0	0.0	4.699101544189453	430.066102734375
807.0	0.0	4.69605347442627	430.8384462890625
808.0	0.0	4.692700772094727	431.6403694335938
809.0	0.0	4.689652702331543	432.4578451171875
810.0	0.0	4.686604923248291	433.25980546875
811.0	0.0	4.683251930236817	434.0312560546875
812.0	0.0	4.680203860473633	434.7859262695313
813.0	0.0	4.677765637207031	435.55920000000003
814.0	0.0	4.67685115814209	436.3794290039063
815.0	0.0	4.670450386047364	437.2450505859375
816.0	0.0	4.664049613952637	438.11283017578126
817.0	0.0	4.661001544189453	438.9385286132813
818.0	0.0	4.660391988372803	439.7157462890625
819.0	0.0	4.658867953491211	440.48477841796876
820.0	0.0	4.65703928604126	441.2918733398438
821.0	0.0	4.654296139526368	442.14622119140626
822.0	0.0	4.651552702331543	443.020400390625
823.0	0.0	4.6491144790649415	443.871994921875
824.0	0.0	4.64759044418335	444.68307099609376
825.0	0.0	4.645456853485108	445.4679533203125
826.0	0.0	4.643018339538575	446.2579702148438
827.0	0.0	4.641189672088624	447.0815478515625
828.0	0.0	4.63875115814209	447.9404721679688
829.0	0.0	4.636617567443848	448.8125305664063
830.0	0.0	4.634179344177246	449.66747373046877
831.0	0.0	4.631740830230713	450.4797776367188
832.0	0.0	4.630216795349122	451.250298046875
833.0	0.0	4.6283881278991705	452.00589843750004
834.0	0.0	4.626254537200928	452.7767537109375
835.0	0.0	4.624120655822754	453.574100390625
836.0	0.0	4.621987065124512	454.38882275390625
837.0	0.0	4.61985347442627	455.20722861328125
838.0	0.0	4.617719883728028	456.02559726562504
839.0	0.0	4.615891216278077	456.84002197265625
840.0	0.0	4.613757625579834	457.63800117187503
841.0	0.0	4.611319111633301	458.4146235351563
842.0	0.0	4.60949044418335	459.175098046875
843.0	0.0	4.607661486053467	459.9322239257813
844.0	0.0	4.605527895355225	460.69333095703126
845.0	0.0	4.603394304656983	461.45562861328125
846.0	0.0	4.601565637207031	462.21762861328125
847.0	0.0	4.599736679077148	462.9802239257813
848.0	0.0	4.597603088378906	463.74162861328125
849.0	0.0	4.595469497680664	464.49752666015627
850.0	0.0	4.593640830230713	465.2549501953125
851.0	0.0	4.593640830230713	466.0297494140625
852.0	0.0	4.591507239532471	466.85150390625
853.0	0.0	4.58022973022461	467.7076749023438
854.0	0.0	4.570780888366699	468.610503515625
855.0	0.0	4.566513706970215	469.5334239257813
856.0	0.0	4.568342374420166	470.4560466796875
857.0	0.0	4.573524034881592	471.3704466796875
858.0	0.0	4.576572104644776	472.2821305664063
859.0	0.0	4.579924806976319	473.195005078125
860.0	0.0	4.582972876739502	474.10665175781253
861.0	0.0	4.586325579071045	475.0253305664063
862.0	0.0	4.589373648834229	475.94765566406255
863.0	0.0	4.59120231628418	476.8425219726563
864.0	0.0	4.616196139526368	477.68593095703125
865.0	0.0	4.650638513946533	478.48815175781255
866.0	0.0	4.707331274414063	479.23582705078127
867.0	0.0	4.739944690704346	479.9627780273438
868.0	0.0	4.770119883728028	480.6997749023438
869.0	0.0	4.767681660461426	481.4434690429688
870.0	0.0	4.772558397674561	482.18474472656254
871.0	0.0	4.777740058135986	482.9293690429688
872.0	0.0	4.782921718597413	483.698103515625
873.0	0.0	4.788408011627197	484.5021474609375
874.0	0.0	4.793894304656983	485.330896875
875.0	0.0	4.799685520935059	486.1718501953125
876.0	0.0	4.805476737213135	487.01339882812505
877.0	0.0	4.811267953491211	487.8482501953125
878.0	0.0	4.817059169769287	488.68246904296876
879.0	0.0	4.822850386047364	489.5325752929688
880.0	0.0	4.8289465255737305	490.41434472656255
881.0	0.0	4.8350423744201665	491.3232752929688
882.0	0.0	4.840833590698242	492.22576904296875
883.0	0.0	4.84692973022461	493.08867451171875
884.0	0.0	4.852720655822754	493.9104290039063
885.0	0.0	4.858816795349122	494.73214628906254
886.0	0.0	4.8649129348754885	495.59322861328127
887.0	0.0	4.8707038604736335	496.5039451171875
888.0	0.0	4.87619044418335	497.4229215820313
889.0	0.0	4.883200772094727	498.33002900390625
890.0	0.0	4.888077799987793	499.09202900390625
891.0	0.0	4.893564093017578	499.85402900390625
334.0	1.0	1.8665952220916748	20.13142933959961
335.0	1.0	1.8669	20.745296520996096
336.0	1.0	1.8672047779083254	21.202496520996096
337.0	1.0	1.8669	21.81240347900391
338.0	1.0	1.8669	22.269296520996093
339.0	1.0	1.8665952220916748	22.72893590698242
340.0	1.0	1.8480024616241455	23.144377990722656
341.0	1.0	1.821484748840332	23.52232933959961
342.0	1.0	1.7952719593048097	23.858220465087893
343.0	1.0	1.7782032337188722	24.165762158203126
344.0	1.0	1.7672303569793701	24.464467181396486
345.0	1.0	1.7532095558166505	24.7665231628418
346.0	1.0	1.739493532562256	25.071323162841797
347.0	1.0	1.7257776546478272	25.37551389770508
348.0	1.0	1.7117568534851075	25.680923162841797
349.0	1.0	1.698040830230713	25.99182046508789
350.0	1.0	1.6831055500030518	26.301496911621093
351.0	1.0	1.6690847488403322	26.59440926513672
352.0	1.0	1.6590263511657715	26.843126641845704
353.0	1.0	1.6602456081390382	27.056790344238284
354.0	1.0	1.6654272686004639	27.22625906982422
355.0	1.0	1.6715232627868652	27.37865906982422
356.0	1.0	1.6767047779083253	27.5304498046875
357.0	1.0	1.6818864383697512	27.687116986083986
358.0	1.0	1.6867631755828858	27.845005023193362
359.0	1.0	1.6919448360443117	28.002586102294924
360.0	1.0	1.6974311290740967	28.160167181396485
361.0	1.0	1.7023080116271974	28.31774826049805
362.0	1.0	1.7074896720886232	28.475024707031253
363.0	1.0	1.712671187210083	28.632608111572267
364.0	1.0	1.7175480697631837	28.78988455810547
365.0	1.0	1.7227295848846436	28.94746563720703
366.0	1.0	1.7279112453460694	29.105046716308596
367.0	1.0	1.7327879825592043	29.262627795410157
368.0	1.0	1.73796964302063	29.419906567382814
369.0	1.0	1.7428463802337648	29.577487646484375
370.0	1.0	1.7480280406951905	29.73506872558594
371.0	1.0	1.7532095558166505	29.892345172119143
372.0	1.0	1.758086438369751	30.049926251220704
373.0	1.0	1.7635727313995362	30.20720502319336
374.0	1.0	1.768754391860962	30.364786102294925
375.0	1.0	1.7736311290740967	30.522367181396486
376.0	1.0	1.7788127895355226	30.679948260498048
377.0	1.0	1.7839944499969482	30.836615441894534
378.0	1.0	1.788871187210083	30.996026641845706
379.0	1.0	1.794052847671509	31.16031428833008
380.0	1.0	1.805025579071045	31.31850463256836
381.0	1.0	1.8022824325561524	31.448654827880862
382.0	1.0	1.7754599418640138	31.536437841796875
383.0	1.0	1.741627268600464	31.5849
384.0	1.0	1.7145000000000001	31.594652893066407
385.0	1.0	1.7065751930236817	31.598920074462892
386.0	1.0	1.7123664093017579	31.62391389770508
387.0	1.0	1.7123664093017579	31.667806567382815
388.0	1.0	1.7123664093017579	31.70834362792969
389.0	1.0	1.7123664093017579	31.726021618652346
390.0	1.0	1.712671187210083	31.726021618652346
391.0	1.0	1.7129759651184082	31.733642083740236
392.0	1.0	1.712671187210083	31.782411199951174
393.0	1.0	1.7123664093017579	31.865620074462893
394.0	1.0	1.7123664093017579	31.95187992553711
395.0	1.0	1.7123664093017579	32.018936297607425
396.0	1.0	1.7123664093017579	32.082027795410156
397.0	1.0	1.712671187210083	32.17529652099609
398.0	1.0	1.7123664093017579	32.30910463256836
399.0	1.0	1.7120616313934327	32.482840539550786
400.0	1.0	1.7120616313934327	32.68065637207032
401.0	1.0	1.7120616313934327	32.884567181396484
402.0	1.0	1.7120616313934327	33.07963899536133
403.0	1.0	1.7120616313934327	33.25337490234375
404.0	1.0	1.7154143337249756	33.417662548828126
405.0	1.0	1.7111471523284913	33.615783013916015
406.0	1.0	1.700174420928955	33.86724208374024
407.0	1.0	1.6824959941864015	34.171128186035155
408.0	1.0	1.6608551639556886	34.528352893066405
409.0	1.0	1.6556736488342285	34.93617683715821
410.0	1.0	1.6593311290740969	35.385147106933594
411.0	1.0	1.659940830230713	35.835031274414064
412.0	1.0	1.6605503860473634	36.27851583251953
413.0	1.0	1.6608551639556886	36.72169343261719
414.0	1.0	1.6614648651123047	37.164873358154296
415.0	1.0	1.662074420928955	37.607748651123046
416.0	1.0	1.6614648651123047	38.050316986083985
417.0	1.0	1.662074420928955	38.494410809326176
418.0	1.0	1.66695115814209	38.94246718139649
419.0	1.0	1.6770095558166505	39.39509304199219
420.0	1.0	1.69103035697937	39.85138146972656
421.0	1.0	1.7062704151153565	40.309190734863286
422.0	1.0	1.7205959941864015	40.767
423.0	1.0	1.7352263511657715	41.2242
424.0	1.0	1.7495519302368165	41.681706958007815
425.0	1.0	1.7638776546478272	42.138600000000004
426.0	1.0	1.7782032337188722	42.59092122802735
427.0	1.0	1.7943576255798341	43.04294014892578
428.0	1.0	1.808683204650879	43.50776293945313
429.0	1.0	1.812340830230713	44.00580695800782
430.0	1.0	1.8083784267425538	44.54469034423828
431.0	1.0	1.7934431465148926	45.116190344238284
432.0	1.0	1.7769839767456055	45.70110347900391
433.0	1.0	1.7620488418579103	46.28479343261719
434.0	1.0	1.7471135616302491	46.86513475341797
435.0	1.0	1.7321784267425537	47.441206567382814
436.0	1.0	1.7172431465148927	48.0120973022461
437.0	1.0	1.6995648651123048	48.59182470703125
438.0	1.0	1.6885919883728029	49.22215367431641
439.0	1.0	1.6901160232543946	49.8981961303711
440.0	1.0	1.7047463802337648	50.62423088378907
441.0	1.0	1.7315688709259034	51.39568146972657
442.0	1.0	1.7654015441894533	52.21833823242188
443.0	1.0	1.7964912162780762	53.04952470703125
444.0	1.0	1.8272759651184083	53.87553475341797
445.0	1.0	1.8583656372070314	54.697275292968754
446.0	1.0	1.8891503860473633	55.51505328369141
447.0	1.0	1.9260311290740968	56.332222009277345
448.0	1.0	1.9251167953491213	57.166459460449225
449.0	1.0	1.9031711872100832	58.04976833496094
450.0	1.0	1.8608040058135986	58.97270269775391
451.0	1.0	1.7858232627868653	59.93556950683594
452.0	1.0	1.7145000000000001	60.94658686523438
453.0	1.0	1.6578072395324708	61.972547497558594
454.0	1.0	1.596237596511841	62.99636872558594
455.0	1.0	1.5349727313995363	64.01531583251953
456.0	1.0	1.473403233718872	65.04066254882812
457.0	1.0	1.4081759651184083	66.06722779541016
458.0	1.0	1.3554456081390382	67.06026950683594
459.0	1.0	1.3182599418640137	67.99783088378906
460.0	1.0	1.2944856662750244	68.87809343261719
461.0	1.0	1.2832080116271973	69.69221583251954
462.0	1.0	1.2880847488403322	70.44903475341798
463.0	1.0	1.2908280406951904	71.14154132080078
464.0	1.0	1.2917423744201662	71.8151467163086
465.0	1.0	1.2917423744201662	72.52015019531251
466.0	1.0	1.2923519302368165	73.25319382324219
467.0	1.0	1.2926568534851075	73.98562818603516
468.0	1.0	1.2932664093017578	74.70068686523437
469.0	1.0	1.293571187210083	75.40721583251954
470.0	1.0	1.2941807430267334	76.11831196289063
471.0	1.0	1.2947904441833498	76.83489613037109
472.0	1.0	1.304239140701294	77.54172740478516
473.0	1.0	1.282598455810547	78.23453627929688
474.0	1.0	1.2417551639556885	78.92978686523438
475.0	1.0	1.186281587791443	79.66252353515625
476.0	1.0	1.1433047779083252	80.43793666992188
477.0	1.0	1.1231879825592042	81.25175676269532
478.0	1.0	1.1259312017440797	82.05612626953125
479.0	1.0	1.1225784267425538	82.83031157226563
480.0	1.0	1.119225579071045	83.58682353515626
481.0	1.0	1.1088624034881593	84.37138029785157
482.0	1.0	1.1216640203475954	85.20318068847656
483.0	1.0	1.1542775819778444	86.0736949951172
484.0	1.0	1.2106655645370483	86.9856486328125
485.0	1.0	1.239012017440796	87.90828068847657
486.0	1.0	1.2566904441833497	88.82603862304688
487.0	1.0	1.2448032337188721	89.73922009277344
488.0	1.0	1.240840830230713	90.65331313476563
489.0	1.0	1.2368784267425539	91.56802009277344
490.0	1.0	1.2326112453460694	92.48211313476563
491.0	1.0	1.2289536197662354	93.39559226074219
492.0	1.0	1.228039140701294	94.30451352539063
493.0	1.0	1.2286488418579102	95.20946293945313
494.0	1.0	1.2295631755828857	96.12386293945313
495.0	1.0	1.2323064674377442	97.0693494140625
496.0	1.0	1.2313919883728028	98.05385676269532
497.0	1.0	1.2320015441894532	99.08011970214844
498.0	1.0	1.2329160232543945	100.12253049316406
499.0	1.0	1.2338303569793703	101.17318264160157
500.0	1.0	1.2344400581359865	102.23235520019531
501.0	1.0	1.235354391860962	103.29031853027344
502.0	1.0	1.2384024616241456	104.33913823242187
503.0	1.0	1.2405360523223878	105.38551157226563
504.0	1.0	1.2472416023254396	106.46846872558594
505.0	1.0	1.248460859298706	107.59013049316407
506.0	1.0	1.2490704151153564	108.76422626953125
507.0	1.0	1.2521183395385742	109.94623784179689
508.0	1.0	1.2551664093017578	111.11179460449219
509.0	1.0	1.2579095558166504	112.2581432373047
510.0	1.0	1.2606528476715089	113.39352509765625
511.0	1.0	1.2633959941864015	114.52250734863281
512.0	1.0	1.266139140701294	115.64295058593751
513.0	1.0	1.2688824325561525	116.75881735839845
514.0	1.0	1.2670536197662354	117.87956755371094
515.0	1.0	1.2627864383697511	119.00458725585938
516.0	1.0	1.2582143337249756	120.12472353515625
517.0	1.0	1.2542519302368165	121.22536333007812
518.0	1.0	1.2499847488403322	122.29825598144532
519.0	1.0	1.2460223453521728	123.36536293945314
520.0	1.0	1.2423648651123047	124.45959382324219
521.0	1.0	1.2374879825592042	125.58918068847657
522.0	1.0	1.2332208011627197	126.72394863281251
523.0	1.0	1.2289536197662354	127.82671853027344
524.0	1.0	1.2448032337188721	128.89443010253908
525.0	1.0	1.264310327911377	129.94782626953125
526.0	1.0	1.2838175674438477	131.0094451904297
527.0	1.0	1.3033248069763184	132.086300390625
528.0	1.0	1.3075919883728029	133.16742509765626
529.0	1.0	1.3054583976745606	134.24031774902343
530.0	1.0	1.3036295848846435	135.2964486328125
531.0	1.0	1.3018007720947267	136.33703627929688
532.0	1.0	1.2996671813964844	137.37031274414062
533.0	1.0	1.2978383686065675	138.4075424560547
534.0	1.0	1.2957047779083253	139.46154323730468
535.0	1.0	1.293571187210083	140.54480734863282
536.0	1.0	1.291437596511841	141.64878647460938
537.0	1.0	1.2893040058135987	142.75186333007812
538.0	1.0	1.2874751930236816	143.84791735839843
539.0	1.0	1.2853416023254396	144.95281735839845
540.0	1.0	1.2844272686004639	146.08363205566408
541.0	1.0	1.2838175674438477	147.22998068847656
542.0	1.0	1.2835127895355225	148.36078608398438
543.0	1.0	1.2832080116271973	149.46020734863282
544.0	1.0	1.2832080116271973	150.552298828125
545.0	1.0	1.2832080116271973	151.67183049316407
546.0	1.0	1.282598455810547	152.82397412109376
547.0	1.0	1.282598455810547	153.98251735839844
548.0	1.0	1.282293532562256	155.1215548095703
549.0	1.0	1.2819887546539308	156.24290961914062
550.0	1.0	1.2816839767456056	157.35696254882814
551.0	1.0	1.2816839767456056	158.45881157226563
552.0	1.0	1.2813791988372802	159.54116411132813
553.0	1.0	1.2813791988372802	160.60582470703125
554.0	1.0	1.281074420928955	161.66317412109376
555.0	1.0	1.281074420928955	162.72571391601562
556.0	1.0	1.2816839767456056	163.8016482421875
557.0	1.0	1.2841223453521728	164.90106020507812
558.0	1.0	1.2868656372070313	166.02973549804688
559.0	1.0	1.289608783721924	167.18646489257813
560.0	1.0	1.2923519302368165	168.3730529296875
561.0	1.0	1.2954	169.58706254882813
562.0	1.0	1.2984480697631837	170.81052275390627
563.0	1.0	1.3011912162780763	172.01876528320312
564.0	1.0	1.303934362792969	173.19802353515627
565.0	1.0	1.3069824325561523	174.36267802734375
566.0	1.0	1.309725579071045	175.54102470703126
567.0	1.0	1.3124688709259034	176.74467216796876
568.0	1.0	1.3155167953491211	177.96571391601563
569.0	1.0	1.3182599418640137	179.19008569335938
570.0	1.0	1.320698455810547	180.41051352539063
571.0	1.0	1.3231368244171142	181.629099609375
572.0	1.0	1.3252704151153565	182.848299609375
573.0	1.0	1.327708783721924	184.067499609375
574.0	1.0	1.3304519302368165	185.28640195312502
575.0	1.0	1.3328904441833498	186.505899609375
576.0	1.0	1.3350240348815918	187.72539726562502
577.0	1.0	1.3365480697631837	188.94521118164064
578.0	1.0	1.3380719593048096	190.16472744140626
579.0	1.0	1.338986438369751	191.38452275390625
580.0	1.0	1.340510327911377	192.6040390136719
581.0	1.0	1.3392912162780763	193.81957412109375
582.0	1.0	1.3447776546478272	195.03116528320314
583.0	1.0	1.3600175674438477	196.2491374511719
584.0	1.0	1.3633704151153565	197.4936382324219
585.0	1.0	1.3557503860473634	198.77806215820314
586.0	1.0	1.3365480697631837	200.094800390625
587.0	1.0	1.302410327911377	201.4252494140625
588.0	1.0	1.2740639476776123	202.75508452148438
589.0	1.0	1.2466320465087892	204.08127333984376
590.0	1.0	1.2192	205.4062529296875
591.0	1.0	1.1914631755828857	206.72754902343752
592.0	1.0	1.1658600145339966	208.04824980468752
593.0	1.0	1.1387328186035157	209.38236372070313
594.0	1.0	1.0963655645370485	210.74847568359377
595.0	1.0	1.0463784267425538	212.1557386230469
596.0	1.0	0.9820655645370484	213.59286020507813
597.0	1.0	0.9101328186035157	215.04097646484377
598.0	1.0	0.8424671813964845	216.4899856933594
599.0	1.0	0.7799832046508789	217.93748803710938
600.0	1.0	0.7196328186035157	219.38649726562502
601.0	1.0	0.6583680261611938	220.83582275390626
602.0	1.0	0.5919216095924378	222.28362275390626
603.0	1.0	0.5422392133712769	223.73082744140626
604.0	1.0	0.5193791988372803	225.17831118164062
605.0	1.0	0.5148072031974793	226.62672509765625
606.0	1.0	0.5327904078483582	228.07575292968752
607.0	1.0	0.565099191570282	229.5238505859375
608.0	1.0	0.5925312017440796	230.97194824218752
609.0	1.0	0.6202680261611939	232.42036215820315
610.0	1.0	0.6477	233.8666366699219
611.0	1.0	0.6751319738388062	235.30773940429688
612.0	1.0	0.7028687982559204	236.7524884277344
613.0	1.0	0.7321295848846436	238.2255892089844
614.0	1.0	0.7610855936050416	239.74501274414064
615.0	1.0	0.789127195930481	241.30315019531253
616.0	1.0	0.8199120174407959	242.90731274414063
617.0	1.0	0.8522208011627198	244.54073862304688
618.0	1.0	0.8845295848846436	246.17842470703127
619.0	1.0	0.9168383686065674	247.81032509765626
620.0	1.0	0.9491472249984741	249.44040234375
621.0	1.0	0.9811512308120728	251.07168881835938
622.0	1.0	1.0152888273239136	252.70327294921876
623.0	1.0	1.0475976110458374	254.33305253906252
624.0	1.0	1.0698479970932007	255.95702783203126
625.0	1.0	1.0875264238357545	257.57367333984377
626.0	1.0	1.0930127895355226	259.18271000976563
627.0	1.0	1.0872215732574464	260.78687255859376
628.0	1.0	1.0799063947677612	262.3892119628906
629.0	1.0	1.075943991279602	263.9942860839844
630.0	1.0	1.0817352075576783	265.6054621582031
631.0	1.0	1.0917936052322388	267.2199868652344
632.0	1.0	1.106728812789917	268.8299351074219
633.0	1.0	1.099413634300232	270.43197685546875
634.0	1.0	1.090269570350647	272.03277216796874
635.0	1.0	1.063142374420166	273.6473154785156
636.0	1.0	1.033881587791443	275.2846853027344
637.0	1.0	1.0287	276.9482860839844
638.0	1.0	1.0372344354629517	278.644498828125
639.0	1.0	1.0408919883728027	280.3800394042969
640.0	1.0	1.0405872104644776	282.1512243164063
641.0	1.0	1.0421111726760866	283.96631352539066
642.0	1.0	1.0439399854660034	285.7996899902344
643.0	1.0	1.0457687982559205	287.6342756835938
644.0	1.0	1.0479023889541625	289.4636895996094
645.0	1.0	1.0497312017440796	291.29157802734375
646.0	1.0	1.051864792442322	293.12311274414066
647.0	1.0	1.0585704151153565	294.95801469726564
648.0	1.0	1.051864792442322	296.78497294921874
649.0	1.0	1.0162032337188722	298.5872629394531
650.0	1.0	0.9558527750015259	300.3602895996094
651.0	1.0	0.8842248069763184	302.12446098632813
652.0	1.0	0.841857625579834	303.90967294921876
653.0	1.0	0.8226551639556885	305.7253760742188
654.0	1.0	0.8333231901168824	307.5578223632813
655.0	1.0	0.8354567808151245	309.3905849121094
656.0	1.0	0.8391144063949585	311.21847333984374
657.0	1.0	0.8500872104644775	313.0463803710938
658.0	1.0	0.8610600145339966	314.87119921875
659.0	1.0	0.8723375965118408	316.6905486328125
660.0	1.0	0.8796527750015259	318.5297293945313
661.0	1.0	0.899769570350647	320.42617177734377
662.0	1.0	0.934212017440796	322.3750760742188
663.0	1.0	0.9768839767456056	324.38522314453127
664.0	1.0	1.025347224998474	326.44812978515625
665.0	1.0	1.0756392133712769	328.5728745117188
666.0	1.0	1.1241023889541626	330.71652041015625
667.0	1.0	1.1704319738388063	332.83642822265625
668.0	1.0	1.1978640203475952	334.9090458984375
669.0	1.0	1.2070080116271973	336.94694941406254
670.0	1.0	1.1981687982559204	338.9421764648438
671.0	1.0	1.184757625579834	340.9200278320313
672.0	1.0	1.1746992279052735	342.8963537109375
673.0	1.0	1.173479970932007	344.87204707031253
674.0	1.0	1.1823191843032836	346.8340482421875
675.0	1.0	1.2015215732574462	348.774097265625
676.0	1.0	1.2307824325561525	350.6955799804688
677.0	1.0	1.2640055500030518	352.6100305664063
678.0	1.0	1.2932664093017578	354.53207138671877
679.0	1.0	1.3124688709259034	356.47122744140626
680.0	1.0	1.3213080116271974	358.4301776367188
681.0	1.0	1.320393532562256	360.40434550781254
682.0	1.0	1.3319759651184082	362.38554550781254
683.0	1.0	1.3447776546478272	364.3679733398438
684.0	1.0	1.3578839767456055	366.350698828125
685.0	1.0	1.371295222091675	368.3370706054688
686.0	1.0	1.3844015441894533	370.3243725585938
687.0	1.0	1.3972032337188722	372.2903548828125
688.0	1.0	1.4090904441833496	374.21302822265625
689.0	1.0	1.436827268600464	376.10247568359375
690.0	1.0	1.4886431465148926	378.0233258789063
691.0	1.0	1.538325579071045	380.00757685546876
692.0	1.0	1.5633192569732668	382.0524752929688
693.0	1.0	1.567281660461426	384.1623
694.0	1.0	1.5444215732574464	386.3245494140625
695.0	1.0	1.496263175582886	388.5477439453125
696.0	1.0	1.4474952220916748	390.7862305664063
697.0	1.0	1.3965935325622558	393.008494921875
698.0	1.0	1.353312017440796	395.17014902343755
699.0	1.0	1.3222223453521729	397.27967607421874
700.0	1.0	1.3002767372131347	399.32457451171877
701.0	1.0	1.2874751930236816	401.30912314453127
702.0	1.0	1.2889992279052735	403.2302709960938
703.0	1.0	1.284732046508789	405.1197556640625
704.0	1.0	1.2801599418640137	407.0427266601563
705.0	1.0	1.2746736488342285	409.00867177734375
706.0	1.0	1.2701015441894532	410.99537841796877
707.0	1.0	1.2652248069763183	412.9823455078125
708.0	1.0	1.2606528476715089	414.96477333984376
709.0	1.0	1.253337596511841	416.946903515625
710.0	1.0	1.2454127895355225	418.92747099609375
711.0	1.0	1.2374879825592042	420.9044293945313
712.0	1.0	1.2295631755828857	422.8831737304688
713.0	1.0	1.2213335906982423	424.8738243164063
714.0	1.0	1.2134087837219238	426.88977568359377
715.0	1.0	1.2051791988372804	428.9380227539063
716.0	1.0	1.1966448360443116	431.0112729492188
717.0	1.0	1.188415178489685	433.0952015625
718.0	1.0	1.1801855936050416	435.17913017578127
719.0	1.0	1.1713463802337647	437.2663702148438
720.0	1.0	1.163116795349121	439.3637305664063
721.0	1.0	1.157325579071045	441.46135136718755
722.0	1.0	1.151839213371277	443.55473056640625
723.0	1.0	1.1463527750015259	445.65387685546875
724.0	1.0	1.1433047779083252	447.7920533203125
725.0	1.0	1.1347704151153566	449.97379921875
726.0	1.0	1.1289791988372804	452.18512470703126
727.0	1.0	1.1231879825592042	454.38792978515625
728.0	1.0	1.117396766281128	456.56539687500003
729.0	1.0	1.1122151784896852	458.7203537109375
730.0	1.0	1.106424034881592	460.8676458984375
731.0	1.0	1.1015472249984741	463.022602734375
732.0	1.0	1.0954512308120727	465.206804296875
733.0	1.0	1.088745608139038	467.435803125
734.0	1.0	1.0786872104644776	469.70137646484375
735.0	1.0	1.0771631755828859	472.01327255859377
736.0	1.0	1.0850879825592041	474.34254433593753
737.0	1.0	1.0954512308120727	476.66634667968754
738.0	1.0	1.1039855936050416	478.9697223632813
739.0	1.0	1.1143487691879272	481.2392768554688
740.0	1.0	1.1274551639556885	483.46887099609376
741.0	1.0	1.1423903715133668	485.6649788085938
742.0	1.0	1.1579352075576783	487.84519921875
743.0	1.0	1.1728704151153566	490.02694511718755
744.0	1.0	1.1875007720947266	492.2013984375
745.0	1.0	1.202740830230713	494.378902734375
746.0	1.0	1.2170664093017578	496.525897265625
747.0	1.0	1.2329160232543945	498.812194921875
748.0	1.0	1.24785115814209	500.9442694335938
175.0	2.0	16.431158688354493	17.40987104187012
176.0	2.0	16.405555599975585	18.213324325561523
177.0	2.0	16.37995251159668	19.017081079101562
178.0	2.0	16.354043627929688	19.820838995361328
179.0	2.0	16.327831274414063	20.664220074462893
180.0	2.0	16.300094595336915	21.46797799072266
181.0	2.0	16.272357916259768	22.274175292968753
182.0	2.0	16.24492586975098	23.07488455810547
183.0	2.0	16.217189190673828	23.875593823242188
184.0	2.0	16.188842083740234	24.67508455810547
185.0	2.0	16.161105404663086	25.48310965576172
186.0	2.0	16.137940539550783	26.31368919067383
187.0	2.0	16.119957916259768	27.17352973022461
188.0	2.0	16.10593667907715	28.05562007446289
189.0	2.0	16.093135134887696	28.946247106933594
190.0	2.0	16.079419692993167	29.835957916259765
191.0	2.0	16.065703088378907	30.723840930175783
192.0	2.0	16.05168185119629	31.60928455810547
193.0	2.0	16.03796640930176	32.49137490234375
194.0	2.0	16.024250967407227	33.37163745117188
195.0	2.0	16.007791506958007	34.2534231628418
196.0	2.0	15.997732818603517	35.13856215820313
197.0	2.0	16.008705404663086	36.025226641845705
198.0	2.0	16.031870269775393	36.910365637207036
199.0	2.0	16.075761776733398	37.794590734863284
200.0	2.0	16.125748260498046	38.678511199951174
201.0	2.0	16.172688418579103	39.56212470703125
202.0	2.0	16.21932278137207	40.44543823242188
203.0	2.0	16.26595714416504	41.33088186035157
204.0	2.0	16.312591506958007	42.22150656738282
205.0	2.0	16.36349305114746	43.10816872558594
206.0	2.0	16.365017376708984	43.96770695800782
207.0	2.0	16.33423204650879	44.783652502441406
208.0	2.0	16.263213125610353	45.57217181396484
209.0	2.0	16.194938223266604	46.37623436279297
210.0	2.0	16.150437451171875	47.234247106933594
211.0	2.0	16.14677953491211	48.12791813964844
212.0	2.0	16.150437451171875	49.070055981445314
213.0	2.0	16.150742083740234	50.02316524658203
214.0	2.0	16.15135251159668	50.97079112548828
215.0	2.0	16.15165714416504	51.91658455810547
216.0	2.0	16.152571041870118	52.86877760009766
217.0	2.0	16.152571041870118	53.81548725585938
218.0	2.0	16.150742083740234	54.72562239990235
219.0	2.0	16.151046716308596	55.58942548828125
220.0	2.0	16.159276446533205	56.4102498046875
221.0	2.0	16.169639767456054	57.18444440917969
222.0	2.0	16.177869497680664	57.92205985107422
223.0	2.0	16.186099227905274	58.65418725585938
224.0	2.0	16.194024325561525	59.39210965576172
225.0	2.0	16.201948260498046	60.13216215820313
226.0	2.0	16.210177990722656	60.87161004638672
227.0	2.0	16.21779845581055	61.61135559082032
228.0	2.0	16.22602818603516	62.35202200927735
229.0	2.0	16.233953283691406	63.09268377685547
230.0	2.0	16.24187721862793	63.83304323730469
231.0	2.0	16.24949768371582	64.57279343261719
232.0	2.0	16.25742278137207	65.31224132080078
233.0	2.0	16.265346716308596	66.05168455810548
234.0	2.0	16.272967181396485	66.79112779541016
235.0	2.0	16.281196911621095	67.53087799072266
236.0	2.0	16.289122009277346	68.27062818603515
237.0	2.0	16.29674131164551	69.01007142333985
238.0	2.0	16.30466640930176	69.74951931152344
239.0	2.0	16.312591506958007	70.48926950683594
240.0	2.0	16.320515441894532	71.22871274414062
241.0	2.0	16.328440539550783	71.96815598144532
242.0	2.0	16.336061004638673	72.70790617675782
243.0	2.0	16.343986102294924	73.4473494140625
244.0	2.0	16.352214669799807	74.18709960937501
245.0	2.0	16.359835134887696	74.9268498046875
246.0	2.0	16.367760232543947	75.66629304199219
247.0	2.0	16.37537953491211	76.40086215820313
248.0	2.0	16.38330463256836	77.14518416748048
249.0	2.0	16.39153436279297	77.90992818603516
250.0	2.0	16.396410809326174	78.68229499511719
251.0	2.0	16.400677990722656	79.44703901367188
252.0	2.0	16.40494517211914	80.19135637207032
253.0	2.0	16.408907720947266	80.92592548828125
254.0	2.0	16.41317490234375	81.6641501953125
255.0	2.0	16.417442083740234	82.40938842773438
256.0	2.0	16.42140463256836	83.16102626953125
257.0	2.0	16.426891506958007	83.86876911621094
258.0	2.0	16.42170926513672	84.5149436279297
259.0	2.0	16.415308493041994	85.09223862304688
260.0	2.0	16.409212353515628	85.58997568359375
261.0	2.0	16.401288418579103	86.01852626953125
262.0	2.0	16.38360926513672	86.38549921875
263.0	2.0	16.366540539550783	86.70889343261719
264.0	2.0	16.349776446533205	87.03838029785156
265.0	2.0	16.333012353515628	87.37488068847657
266.0	2.0	16.315943627929688	87.70985559082031
267.0	2.0	16.299485330200195	88.04513745117188
268.0	2.0	16.282721237182617	88.38041931152344
269.0	2.0	16.26565251159668	88.71570117187501
270.0	2.0	16.248888418579103	89.05097373046875
271.0	2.0	16.231819692993167	89.3859486328125
272.0	2.0	16.215360232543947	89.72123049316407
273.0	2.0	16.19859613952637	90.05651235351563
274.0	2.0	16.18152741394043	90.39026872558594
275.0	2.0	16.16476332092285	90.73133627929688
276.0	2.0	16.147999227905274	91.07728725585937
277.0	2.0	16.133977990722656	91.37812470703126
278.0	2.0	16.103803088378907	91.62044479980469
279.0	2.0	16.06753204650879	91.7984432373047
280.0	2.0	16.043757916259768	91.90969226074219
281.0	2.0	16.02059305114746	91.96608881835938
282.0	2.0	16.01358185119629	91.96608881835938
283.0	2.0	16.01815482788086	91.96608881835938
284.0	2.0	16.01815482788086	91.96608881835938
285.0	2.0	16.009010037231445	91.96608881835938
286.0	2.0	16.02882278137207	91.96608881835938
287.0	2.0	16.064178762817384	91.98528764648438
288.0	2.0	16.122700772094728	92.04350734863282
289.0	2.0	16.155924325561525	92.12396755371094
290.0	2.0	16.177564865112306	92.20931118164063
291.0	2.0	16.169030502319337	92.2839949951172
292.0	2.0	16.16872586975098	92.34678186035157
293.0	2.0	16.16872586975098	92.39951352539063
294.0	2.0	16.16872586975098	92.44675715332032
295.0	2.0	16.16049613952637	92.49521931152344
296.0	2.0	16.18213667907715	92.54155136718751
297.0	2.0	16.21383590698242	92.59031118164063
298.0	2.0	16.271138223266604	92.65249343261719
299.0	2.0	16.30222818603516	92.73783706054688
300.0	2.0	16.32356409301758	92.85609960937501
301.0	2.0	16.318687646484374	93.00423010253907
302.0	2.0	16.317772586059572	93.1639505859375
303.0	2.0	16.316858688354493	93.30628608398438
304.0	2.0	16.316248260498046	93.40351735839845
305.0	2.0	16.316554055786135	93.46691813964844
306.0	2.0	16.316554055786135	93.52330539550782
307.0	2.0	16.316554055786135	93.59676137695313
308.0	2.0	16.31533436279297	93.70222470703125
309.0	2.0	16.31533436279297	93.83298881835938
310.0	2.0	16.31563899536133	93.98294245605469
311.0	2.0	16.315943627929688	94.13961196289063
312.0	2.0	16.31563899536133	94.29201196289063
313.0	2.0	16.308019692993163	94.44410500488281
314.0	2.0	16.329964865112306	94.59620734863282
315.0	2.0	16.362273358154297	94.74890500488281
316.0	2.0	16.422928958129884	94.90222587890625
317.0	2.0	16.454932818603517	95.05492353515625
318.0	2.0	16.477182623291018	95.20702587890625
319.0	2.0	16.469258688354493	95.35911892089844
320.0	2.0	16.469258688354493	95.51121196289063
321.0	2.0	16.469258688354493	95.66361196289063
322.0	2.0	16.469563320922852	95.81662587890625
323.0	2.0	16.46986795349121	95.96810500488282
324.0	2.0	16.469563320922852	96.11532392578125
325.0	2.0	16.460724325561525	96.26528686523439
326.0	2.0	16.480231274414063	96.43323010253907
327.0	2.0	16.51619768371582	96.6276926513672
328.0	2.0	16.576242855834963	96.83647990722656
329.0	2.0	16.599407720947266	97.03033784179688
330.0	2.0	16.606418920898438	97.18761196289063
331.0	2.0	16.571061776733398	97.30465598144532
332.0	2.0	16.550944400024417	97.39121813964844
333.0	2.0	16.54423899536133	97.46193010253907
334.0	2.0	16.548810809326174	97.52776794433595
335.0	2.0	16.548810809326174	97.59482431640626
336.0	2.0	16.548810809326174	97.66402009277344
337.0	2.0	16.548810809326174	97.73351352539063
338.0	2.0	16.548810809326174	97.80300695800781
339.0	2.0	16.549115441894532	97.87188647460938
340.0	2.0	16.549115441894532	97.94077529296875
341.0	2.0	16.549115441894532	98.01026872558595
342.0	2.0	16.549115441894532	98.0818922607422
343.0	2.0	16.549115441894532	98.15596215820312
344.0	2.0	16.549115441894532	98.23185520019531
345.0	2.0	16.549421237182617	98.30836215820312
346.0	2.0	16.549421237182617	98.38486911621094
347.0	2.0	16.549421237182617	98.46076215820312
348.0	2.0	16.549115441894532	98.53696215820312
349.0	2.0	16.549421237182617	98.61316215820312
350.0	2.0	16.549421237182617	98.68966911621094
351.0	2.0	16.549421237182617	98.76586911621094
352.0	2.0	16.549725869750976	98.84206911621094
353.0	2.0	16.549725869750976	98.91826911621094
354.0	2.0	16.549725869750976	98.99446911621094
355.0	2.0	16.549421237182617	99.07066911621094
356.0	2.0	16.549725869750976	99.14656215820312
357.0	2.0	16.549725869750976	99.22276215820312
358.0	2.0	16.549725869750976	99.29896215820312
359.0	2.0	16.549725869750976	99.37638068847657
360.0	2.0	16.550335134887696	99.45379921875
361.0	2.0	16.550335134887696	99.52847373046876
362.0	2.0	16.548201544189453	99.59736254882813
363.0	2.0	16.542714669799807	99.65801931152345
364.0	2.0	16.5354	99.71257412109375
365.0	2.0	16.527170269775393	99.764998828125
366.0	2.0	16.519550967407227	99.81742353515625
367.0	2.0	16.511930502319338	99.87046215820313
368.0	2.0	16.504310037231445	99.92410539550782
369.0	2.0	16.496690734863282	99.97745097656251
370.0	2.0	16.48937490234375	100.03078725585938
371.0	2.0	16.481450967407227	100.08412353515625
372.0	2.0	16.473830502319338	100.13746911621094
373.0	2.0	16.466514669799807	100.19080539550782
374.0	2.0	16.458590734863282	100.24415097656251
375.0	2.0	16.45127490234375	100.29748725585938
376.0	2.0	16.443655599975585	100.35082353515625
377.0	2.0	16.436035134887696	100.40447607421875
378.0	2.0	16.428414669799807	100.45720773925781
379.0	2.0	16.42079536743164	100.50596755371095
380.0	2.0	16.417442083740234	100.5553505859375
381.0	2.0	16.403422009277346	100.62118842773438
382.0	2.0	16.376599227905274	100.71445715332031
383.0	2.0	16.343986102294924	100.82723166503906
384.0	2.0	16.322649032592775	100.93848068847657
385.0	2.0	16.316858688354493	101.04028842773438
386.0	2.0	16.321735134887696	101.15458842773438
387.0	2.0	16.322039767456054	101.30728608398438
388.0	2.0	16.322039767456054	101.50023244628906
389.0	2.0	16.322039767456054	101.70413627929688
390.0	2.0	16.322344400024416	101.89250617675782
391.0	2.0	16.322344400024416	102.07324863281251
392.0	2.0	16.322649032592775	102.27533862304688
393.0	2.0	16.322649032592775	102.5176494140625
394.0	2.0	16.322649032592775	102.7773451904297
395.0	2.0	16.32295482788086	103.01325637207032
396.0	2.0	16.318687646484374	103.21442548828125
397.0	2.0	16.32356409301758	103.4030930419922
398.0	2.0	16.349167181396485	103.62560039062501
399.0	2.0	16.37995251159668	103.89443049316407
400.0	2.0	16.397021237182617	104.20075598144531
401.0	2.0	16.406774130249023	104.55341352539062
402.0	2.0	16.403117376708984	104.92038647460939
403.0	2.0	16.404031274414063	105.28523862304688
404.0	2.0	16.404640539550783	105.64550500488282
405.0	2.0	16.405250967407227	106.00578068847656
406.0	2.0	16.406164865112306	106.36483784179688
407.0	2.0	16.407078762817385	106.71871391601563
408.0	2.0	16.40738455810547	107.07563166503907
409.0	2.0	16.409518148803713	107.45723627929688
410.0	2.0	16.41256563720703	107.88547990722657
411.0	2.0	16.411651739501956	108.35091196289063
412.0	2.0	16.411651739501956	108.86267607421875
413.0	2.0	16.412870269775393	109.39973166503907
414.0	2.0	16.414089962768557	109.93953127441407
415.0	2.0	16.415003860473632	110.4741498046875
416.0	2.0	16.416223553466796	111.00694519042969
417.0	2.0	16.417442083740234	111.54034519042969
418.0	2.0	16.418661776733398	112.07374519042969
419.0	2.0	16.419575674438477	112.60653127441407
420.0	2.0	16.419575674438477	113.13931735839844
421.0	2.0	16.42079536743164	113.67333127441407
422.0	2.0	16.426891506958007	114.21191235351563
423.0	2.0	16.438473358154297	114.75536755371094
424.0	2.0	16.455237451171875	115.30309226074219
425.0	2.0	16.47230617675781	115.8462498046875
426.0	2.0	16.48876563720703	116.4015926513672
427.0	2.0	16.504920465087892	116.98223627929688
428.0	2.0	16.518940539550783	117.57202353515626
429.0	2.0	16.531742083740234	118.14779304199219
430.0	2.0	16.545763320922852	118.6970432373047
431.0	2.0	16.558564865112306	119.24751196289063
432.0	2.0	16.567708493041994	119.83638764648438
433.0	2.0	16.56892818603516	120.46671196289063
434.0	2.0	16.56587953491211	121.1293505859375
435.0	2.0	16.56222278137207	121.80508608398438
436.0	2.0	16.559478762817385	122.48022626953126
437.0	2.0	16.55673590698242	123.1513946044922
438.0	2.0	16.553688418579103	123.82134440917969
439.0	2.0	16.551249032592775	124.48976872558595
440.0	2.0	16.548201544189453	125.15728146972657
441.0	2.0	16.545763320922852	125.83119382324219
442.0	2.0	16.542714669799807	126.54320617675782
443.0	2.0	16.539667181396485	127.22108107910157
444.0	2.0	16.536619692993163	127.85110773925781
445.0	2.0	16.545154055786135	128.43997412109377
446.0	2.0	16.558260232543947	129.09072509765625
447.0	2.0	16.57167104187012	129.77225559082032
448.0	2.0	16.58477721862793	130.50591313476562
449.0	2.0	16.59788455810547	131.28132626953126
450.0	2.0	16.610990734863282	132.0987926513672
451.0	2.0	16.614342855834963	132.93791352539063
452.0	2.0	16.612513897705078	133.69716950683593
453.0	2.0	16.6116	134.41222353515624
454.0	2.0	16.610075674438477	135.04621274414063
455.0	2.0	16.60885714416504	135.66586794433596
456.0	2.0	16.607332818603517	136.2867509765625
457.0	2.0	16.605808493041994	136.9115872558594
458.0	2.0	16.604589962768557	137.53673049316407
459.0	2.0	16.60306563720703	138.16096215820312
460.0	2.0	16.60154131164551	138.78306372070313
461.0	2.0	16.60032278137207	139.40546293945314
462.0	2.0	16.59879845581055	140.03853127441408
463.0	2.0	16.597274130249023	140.6932447998047
464.0	2.0	16.595750967407227	141.37386372070313
465.0	2.0	16.594226641845705	142.07246293945315
466.0	2.0	16.592702316284182	142.77685715332032
467.0	2.0	16.591177990722656	143.4818559814453
468.0	2.0	16.58965482788086	144.18259460449218
469.0	2.0	16.587825869750976	144.87631970214844
470.0	2.0	16.586910809326174	145.56455676269533
471.0	2.0	16.586301544189453	146.2473057861328
472.0	2.0	16.585996911621095	146.9260922607422
473.0	2.0	16.585387646484374	147.59970695800783
474.0	2.0	16.585387646484374	148.2690428466797
475.0	2.0	16.58477721862793	148.93838803710938
476.0	2.0	16.584472586059572	149.6089424560547
477.0	2.0	16.58416795349121	150.27950617675782
478.0	2.0	16.583863320922852	150.9488513671875
479.0	2.0	16.583558688354493	151.6181872558594
480.0	2.0	16.582948260498046	152.29027646484377
481.0	2.0	16.582643627929688	152.97058842773438
482.0	2.0	16.58233899536133	153.66187646484377
483.0	2.0	16.58203436279297	154.36138725585937
484.0	2.0	16.58172973022461	155.06394902343752
485.0	2.0	16.58142509765625	155.76590617675782
486.0	2.0	16.580814669799807	156.46754707031252
487.0	2.0	16.580510037231445	157.16737412109376
488.0	2.0	16.580205404663086	157.8662895996094
489.0	2.0	16.578071813964844	158.56914902343752
490.0	2.0	16.577767181396485	159.28177529296875
491.0	2.0	16.58660617675781	159.99927568359377
492.0	2.0	16.607332818603517	160.70274902343752
493.0	2.0	16.637507720947266	161.372698828125
494.0	2.0	16.66920694885254	162.01185981445315
495.0	2.0	16.69938185119629	162.62938491210937
496.0	2.0	16.729862548828127	163.2359525390625
497.0	2.0	16.76095251159668	163.84311547851564
498.0	2.0	16.792651739501952	164.4545386230469
499.0	2.0	16.82953204650879	165.0717474609375
500.0	2.0	16.85147721862793	165.69446293945313
501.0	2.0	16.856964093017577	166.33118686523437
502.0	2.0	16.854221237182617	167.0078525390625
503.0	2.0	16.83745714416504	167.72168803710937
504.0	2.0	16.834713125610353	168.4742374511719
505.0	2.0	16.839590734863283	169.24172548828125
506.0	2.0	16.841419692993163	170.008897265625
507.0	2.0	16.84324748840332	170.77121352539064
508.0	2.0	16.845076446533206	171.53351118164062
509.0	2.0	16.846905404663087	172.294301953125
510.0	2.0	16.84903899536133	173.05172548828125
511.0	2.0	16.850563320922852	173.81220000000002
512.0	2.0	16.849343627929688	174.58822705078126
513.0	2.0	16.854525869750976	175.3868015625
514.0	2.0	16.871899227905274	176.1990868652344
515.0	2.0	16.89445482788086	177.00925136718752
516.0	2.0	16.91182818603516	177.81392783203125
517.0	2.0	16.9164	178.6179903808594
518.0	2.0	16.914875674438477	179.4254015625
519.0	2.0	16.91609536743164	180.23495214843751
520.0	2.0	16.917619692993163	181.04357255859375
521.0	2.0	16.9188382232666	181.85068608398439
522.0	2.0	16.920057916259765	182.65566020507814
523.0	2.0	16.921276446533206	183.45972275390625
524.0	2.0	16.922800772094728	184.27171040039065
525.0	2.0	16.92432509765625	185.10382705078126
526.0	2.0	16.925543627929688	185.9624351074219
527.0	2.0	16.92706795349121	186.84301391601562
528.0	2.0	16.928592279052737	187.73516411132815
529.0	2.0	16.929506176757812	188.62822587890625
530.0	2.0	16.930115441894532	189.51702744140627
531.0	2.0	16.930725869750976	190.40155019531252
532.0	2.0	16.931335134887696	191.28302197265626
533.0	2.0	16.930421237182617	192.16481000976563
534.0	2.0	16.930725869750976	193.05117451171876
535.0	2.0	16.940478762817385	193.94972431640625
536.0	2.0	16.96242509765625	194.86442197265626
537.0	2.0	16.993819692993164	195.79163979492188
538.0	2.0	17.026737451171876	196.72341547851565
539.0	2.0	17.05782741394043	197.65457724609377
540.0	2.0	17.089222009277346	198.58421352539062
541.0	2.0	17.120310809326174	199.51567294921875
542.0	2.0	17.15140077209473	200.44623940429688
543.0	2.0	17.186453283691407	201.37161547851562
544.0	2.0	17.215408493041995	202.28722470703127
545.0	2.0	17.22211389770508	203.18456528320314
546.0	2.0	17.211751739501953	204.06086528320313
547.0	2.0	17.178223553466797	204.91947333984376
548.0	2.0	17.138294595336916	205.76894707031252
549.0	2.0	17.102023553466797	206.6196486328125
550.0	2.0	17.06605714416504	207.47278725585937
551.0	2.0	17.029786102294924	208.32622353515626
552.0	2.0	16.993819692993164	209.17965981445315
553.0	2.0	16.95754748840332	210.03279843750002
554.0	2.0	16.921276446533206	210.88623471679688
555.0	2.0	16.885310037231445	211.73998725585938
556.0	2.0	16.850258688354494	212.59373979492187
557.0	2.0	16.81337721862793	213.4456505859375
558.0	2.0	16.771620465087892	214.29512431640626
559.0	2.0	16.728033590698242	215.14400273437502
560.0	2.0	16.686580307006835	215.99377412109376
561.0	2.0	16.64939536743164	216.8456849121094
562.0	2.0	16.614342855834963	217.69791196289063
563.0	2.0	16.57654748840332	218.55043666992188
564.0	2.0	16.540581079101564	219.4053984375
565.0	2.0	16.51345482788086	220.2686015625
566.0	2.0	16.498519692993163	221.14702236328125
567.0	2.0	16.492423553466796	222.02516411132814
568.0	2.0	16.488461004638673	222.8880509765625
569.0	2.0	16.485107720947266	223.74362666015625
570.0	2.0	16.483278762817385	224.60528569335938
571.0	2.0	16.481450967407227	225.48463666992188
572.0	2.0	16.479622009277346	226.37129882812502
573.0	2.0	16.47596409301758	227.2530868652344
574.0	2.0	16.474135134887696	228.13945136718752
575.0	2.0	16.481450967407227	229.038001171875
576.0	2.0	16.500957916259768	229.95301508789063
577.0	2.0	16.529608493041994	230.88021430664062
578.0	2.0	16.55978455810547	231.81228764648438
579.0	2.0	16.588435134887696	232.74344941406252
580.0	2.0	16.616781079101564	233.67308569335938
581.0	2.0	16.645432818603517	234.60272197265627
582.0	2.0	16.67408455810547	235.53572548828126
583.0	2.0	16.70456409301758	236.47023588867188
584.0	2.0	16.68840926513672	237.3977513671875
585.0	2.0	16.648480307006835	238.308802734375
586.0	2.0	16.572280307006835	239.19057216796875
587.0	2.0	16.523818148803713	240.04432470703125
588.0	2.0	16.494861776733398	240.89015214843752
589.0	2.0	16.513149032592775	241.74267685546877
590.0	2.0	16.529303860473632	242.60921000976563
591.0	2.0	16.545458688354493	243.4812498046875
592.0	2.0	16.561612353515624	244.35176411132815
593.0	2.0	16.57898687438965	245.2234876464844
594.0	2.0	16.59483590698242	246.08881157226563
595.0	2.0	16.606418920898438	246.93798764648437
596.0	2.0	16.61220926513672	247.76521157226563
597.0	2.0	16.612819692993163	248.57598999023438
598.0	2.0	16.613124325561525	249.38064785156251
599.0	2.0	16.613733590698242	250.1865521484375
600.0	2.0	16.61464748840332	250.99426098632813
601.0	2.0	16.615562548828127	251.80260234375
602.0	2.0	16.616476446533206	252.6084880371094
603.0	2.0	16.618000772094728	253.41011352539064
604.0	2.0	16.62043899536133	254.2214872558594
605.0	2.0	16.616476446533206	255.04201391601563
606.0	2.0	16.602151739501952	255.87807451171875
607.0	2.0	16.58172973022461	256.76200195312504
608.0	2.0	16.55399305114746	257.676699609375
609.0	2.0	16.52534131164551	258.63987802734374
610.0	2.0	16.498213897705078	259.61431157226565
611.0	2.0	16.47078185119629	260.57748999023437
612.0	2.0	16.443655599975585	261.54035214843753
613.0	2.0	16.41805251159668	262.50686059570313
614.0	2.0	16.393058688354493	263.47429921875
615.0	2.0	16.343680307006835	264.4280270507813
616.0	2.0	16.269613897705078	265.3491243164063
617.0	2.0	16.20133899536133	266.23061469726565
618.0	2.0	16.149218920898438	267.0916598144531
619.0	2.0	16.11934748840332	267.97315019531254
620.0	2.0	16.121176446533205	268.8631609863281
621.0	2.0	16.11355714416504	269.73549843750004
622.0	2.0	16.10867953491211	270.59717607421874
623.0	2.0	16.109594595336915	271.468601953125
624.0	2.0	16.110508493041994	272.3741652832031
625.0	2.0	16.111728186035158	273.2970856933594
626.0	2.0	16.112642083740234	274.2114856933594
627.0	2.0	16.11355714416504	275.126201953125
628.0	2.0	16.114471041870118	276.03998803710937
629.0	2.0	16.115386102294924	276.955299609375
630.0	2.0	16.11660463256836	277.87457373046874
631.0	2.0	16.117519692993167	278.79081547851564
632.0	2.0	16.118433590698242	279.68996059570316
633.0	2.0	16.119042855834962	280.56291196289067
634.0	2.0	16.120262548828126	281.42397568359377
635.0	2.0	16.121176446533205	282.30241508789067
636.0	2.0	16.122091506958007	283.2030856933594
637.0	2.0	16.123005404663086	284.10407255859377
638.0	2.0	16.123920465087892	284.981898046875
639.0	2.0	16.12483436279297	285.84418959960936
640.0	2.0	16.125748260498046	286.7220150878906
641.0	2.0	16.12666332092285	287.6226856933594
642.0	2.0	16.12788185119629	288.5236725585938
643.0	2.0	16.128796911621095	289.401498046875
644.0	2.0	16.129406176757815	290.26347333984376
645.0	2.0	16.130321237182617	291.1416150878906
646.0	2.0	16.131539767456054	292.04351352539067
647.0	2.0	16.137331274414063	292.94570961914064
648.0	2.0	16.129710809326173	293.82262353515625
649.0	2.0	16.087648260498046	294.67605981445314
650.0	2.0	16.033089962768557	295.535598046875
651.0	2.0	15.959937451171875	296.42196254882816
652.0	2.0	15.919703860473634	297.3324
653.0	2.0	15.896234362792969	298.2519903808594
654.0	2.0	15.905073358154297	299.16942275390625
655.0	2.0	15.906293051147461	300.0841390136719
656.0	2.0	15.90690231628418	300.9985390136719
657.0	2.0	15.907817376708985	301.91262275390625
658.0	2.0	15.908731274414063	302.82702275390625
659.0	2.0	15.909645172119141	303.74142275390625
660.0	2.0	15.910864865112305	304.6561390136719
661.0	2.0	15.911474130249024	305.57053901367186
662.0	2.0	15.912693823242188	306.48493901367186
663.0	2.0	15.913303088378907	307.39933901367186
664.0	2.0	15.91452278137207	308.3183154785156
665.0	2.0	15.91543667907715	309.22813901367186
666.0	2.0	15.916351739501954	310.1181498046875
667.0	2.0	15.917874902343751	311.00084941406254
668.0	2.0	15.92366640930176	311.8908602050781
669.0	2.0	15.929153283691408	312.801
670.0	2.0	15.934638995361329	313.71997646484374
671.0	2.0	15.940125869750977	314.63437646484374
672.0	2.0	15.945917376708985	315.54877646484374
673.0	2.0	15.951098455810548	316.46317646484374
674.0	2.0	15.956889962768555	317.3778741210938
675.0	2.0	15.962375674438478	318.29197646484374
676.0	2.0	15.967862548828126	319.20209765625003
677.0	2.0	15.968471813964845	320.11162353515624
678.0	2.0	15.978530502319337	321.03272080078125
679.0	2.0	16.012972586059572	321.98339765625
680.0	2.0	16.066007720947265	322.9721745117188
681.0	2.0	16.14159845581055	323.9898984375
682.0	2.0	16.214750967407227	325.01952861328124
683.0	2.0	16.281501544189453	326.0488239257813
684.0	2.0	16.349167181396485	327.0741752929688
685.0	2.0	16.417137451171875	328.098298828125
686.0	2.0	16.485412353515624	329.1236501953125
687.0	2.0	16.553382623291018	330.1529455078125
688.0	2.0	16.625925869750976	331.18257568359377
689.0	2.0	16.692371813964844	332.200597265625
690.0	2.0	16.732605404663087	333.1896717773438
691.0	2.0	16.755770269775393	334.1400509765625
692.0	2.0	16.75272278137207	335.0614458984375
693.0	2.0	16.743882623291018	335.97190195312504
694.0	2.0	16.739615441894532	336.8807953125
695.0	2.0	16.73473899536133	337.7903211914063
696.0	2.0	16.730471813964844	338.702898046875
697.0	2.0	16.72559536743164	339.630097265625
698.0	2.0	16.721023553466797	340.5771278320313
699.0	2.0	16.716145944213867	341.5381482421875
700.0	2.0	16.710964865112306	342.51594902343754
701.0	2.0	16.710355599975586	343.5248548828125
702.0	2.0	16.709745172119142	344.57122822265626
703.0	2.0	16.70913590698242	345.64167451171875
704.0	2.0	16.708526641845705	346.71427880859375
705.0	2.0	16.707917376708984	347.78226943359374
706.0	2.0	16.70730694885254	348.8484741210938
707.0	2.0	16.70639305114746	349.91557177734376
708.0	2.0	16.705782623291018	350.98237177734376
709.0	2.0	16.705173358154298	352.04917177734376
710.0	2.0	16.70456409301758	353.11597177734376
711.0	2.0	16.703649032592775	354.18277177734376
712.0	2.0	16.703039767456055	355.24957177734376
713.0	2.0	16.702430502319338	356.31666943359374
714.0	2.0	16.701821237182617	357.3905015625
715.0	2.0	16.70090617675781	358.45026943359375
716.0	2.0	16.700296911621095	359.480197265625
717.0	2.0	16.70090617675781	360.4991490234375
718.0	2.0	16.708526641845705	361.52907685546876
719.0	2.0	16.71553667907715	362.58824941406255
720.0	2.0	16.722546716308596	363.6632721679688
721.0	2.0	16.729557916259765	364.7349462890625
722.0	2.0	16.73656795349121	365.8035694335938
723.0	2.0	16.743882623291018	366.8551517578125
724.0	2.0	16.75058919067383	367.88080078125
725.0	2.0	16.757294595336916	368.8936505859375
726.0	2.0	16.764	369.919299609375
727.0	2.0	16.771314669799807	370.9708447265625
728.0	2.0	16.778325869750976	372.03950507812505
729.0	2.0	16.78533590698242	373.1111791992188
730.0	2.0	16.792345944213867	374.1788721679688
731.0	2.0	16.79935714416504	375.24537451171875
732.0	2.0	16.806671813964844	376.3127698242188
733.0	2.0	16.81368185119629	377.37897451171875
734.0	2.0	16.82069305114746	378.44060273437503
735.0	2.0	16.830751739501952	379.50223095703126
736.0	2.0	16.830751739501952	380.5787791992188
737.0	2.0	16.815206176757812	381.692794921875
738.0	2.0	16.787774130249023	382.8455803710938
739.0	2.0	16.746931274414063	384.03307998046876
740.0	2.0	16.689324325561525	385.24067138671876
741.0	2.0	16.634155599975585	386.4592760742188
742.0	2.0	16.578376446533206	387.67724824218755
743.0	2.0	16.520769497680664	388.8903462890625
744.0	2.0	16.462857916259768	390.09250546875
745.0	2.0	16.40494517211914	391.28852548828127
746.0	2.0	16.343986102294924	392.48789414062503
747.0	2.0	16.286682623291018	393.69522509765625
748.0	2.0	16.25254517211914	394.90772783203124
749.0	2.0	16.233038223266604	396.10497568359375
750.0	2.0	16.220845944213867	397.249798828125
751.0	2.0	16.218103088378907	398.35469882812504
752.0	2.0	16.220845944213867	399.41387138671877
753.0	2.0	16.218103088378907	400.4297721679688
754.0	2.0	16.215664865112306	401.45330039062503
755.0	2.0	16.213226641845704	402.50912431640626
756.0	2.0	16.210482623291018	403.58172861328126
757.0	2.0	16.204996911621095	404.61924667968754
758.0	2.0	16.198291506958007	405.606200390625
759.0	2.0	16.20072973022461	406.55289609375
760.0	2.0	16.20133899536133	407.4392791992188
761.0	2.0	16.204692279052736	408.33630351562505
762.0	2.0	16.199814669799807	409.2839293945313
763.0	2.0	16.194633590698242	410.2824544921875
764.0	2.0	16.191586102294924	411.28797451171874
765.0	2.0	16.189146716308596	412.25386904296874
766.0	2.0	16.187623553466796	413.175896484375
767.0	2.0	16.186099227905274	414.10097490234375
768.0	2.0	16.183356372070314	415.0739015625
769.0	2.0	16.179393823242187	416.09103017578127
770.0	2.0	16.175126641845704	417.1069309570313
771.0	2.0	16.17085946044922	418.0786297851563
772.0	2.0	16.167810809326173	419.0067219726563
773.0	2.0	16.164154055786135	419.9211219726563
774.0	2.0	16.16049613952637	420.83492666015627
775.0	2.0	16.156228958129883	421.734704296875
776.0	2.0	16.152875674438476	422.59909804687504
777.0	2.0	16.14982818603516	423.42602431640626
778.0	2.0	16.14677953491211	424.2331192382813
779.0	2.0	16.14373204650879	425.0402513671875
780.0	2.0	16.140378762817384	425.8531505859375
781.0	2.0	16.137026641845704	426.67092392578127
782.0	2.0	16.133673358154297	427.4859439453125
783.0	2.0	16.13062586975098	428.2839231445313
784.0	2.0	16.127272586059572	429.05965253906254
785.0	2.0	16.12422509765625	429.82102001953126
786.0	2.0	16.121176446533205	430.5827223632813
787.0	2.0	16.12666332092285	431.3477733398438
788.0	2.0	16.110508493041994	432.10032275390626
789.0	2.0	16.06692278137207	432.822994921875
790.0	2.0	16.040100000000002	433.51642236328127
791.0	2.0	16.033089962768557	434.1988737304688
792.0	2.0	16.04772046508789	434.88619921875
793.0	2.0	16.098317376708984	435.58204511718753
794.0	2.0	16.140989190673828	436.2800490234375
795.0	2.0	16.18396563720703	436.9765274414063
796.0	2.0	16.226637451171875	437.673601171875
797.0	2.0	16.269613897705078	438.3679215820313
798.0	2.0	16.31228687438965	439.05677255859376
799.0	2.0	16.35556795349121	439.74380039062504
800.0	2.0	16.39945946044922	440.43265136718753
801.0	2.0	16.443350967407227	441.12726943359377
802.0	2.0	16.48693667907715	441.82438037109375
803.0	2.0	16.53082818603516	442.5202262695313
804.0	2.0	16.575024325561525	443.2160721679688
805.0	2.0	16.618914669799807	443.9116204101563
806.0	2.0	16.662501544189453	444.6093266601563
807.0	2.0	16.70730694885254	445.3100466796875
808.0	2.0	16.75302741394043	446.00682275390625
809.0	2.0	16.792956372070314	446.6831721679688
810.0	2.0	16.817644400024413	447.3247702148438
811.0	2.0	16.82678919067383	447.92949609375
812.0	2.0	16.824960232543948	448.51137685546877
813.0	2.0	16.822217376708984	449.0862254882813
814.0	2.0	16.82160694885254	449.663194921875
815.0	2.0	16.82069305114746	450.2426200195313
816.0	2.0	16.819777990722656	450.8223799804688
817.0	2.0	16.818864093017577	451.40210273437503
818.0	2.0	16.817949032592775	451.98152783203125
819.0	2.0	16.817035134887696	452.5612505859375
820.0	2.0	16.816121237182617	453.14067568359377
821.0	2.0	16.815510809326174	453.7203984375
822.0	2.0	16.814596911621095	454.2998235351563
823.0	2.0	16.813987646484374	454.87954628906255
824.0	2.0	16.81276795349121	455.4592690429688
825.0	2.0	16.811854055786135	456.038694140625
826.0	2.0	16.81093899536133	456.6181192382813
827.0	2.0	16.81032973022461	457.1978791992188
828.0	2.0	16.809414669799807	457.77760195312504
829.0	2.0	16.80819613952637	458.35702705078126
830.0	2.0	16.80758687438965	458.9367498046875
831.0	2.0	16.806671813964844	459.5161749023438
832.0	2.0	16.806062548828127	460.09589765625003
833.0	2.0	16.80514748840332	460.6753227539063
834.0	2.0	16.804233590698242	461.2550455078125
835.0	2.0	16.80301389770508	461.83447060546877
836.0	2.0	16.80240463256836	462.4142305664063
837.0	2.0	16.801490734863282	462.9939533203125
838.0	2.0	16.800575674438477	463.5733784179688
839.0	2.0	16.79996640930176	464.152803515625
840.0	2.0	16.79905251159668	464.73252626953126
841.0	2.0	16.798137451171876	465.3122490234375
842.0	2.0	16.797223553466797	465.8916741210938
843.0	2.0	16.796308493041995	466.47139687500004
844.0	2.0	16.795699227905274	467.05082197265625
845.0	2.0	16.794785330200195	467.62812626953126
846.0	2.0	16.79356563720703	468.2099698242188
847.0	2.0	16.792651739501952	468.80282666015626
848.0	2.0	16.79173667907715	469.39992509765625
849.0	2.0	16.789603088378907	469.99244707031255
850.0	2.0	16.787164865112306	470.5746254882813
851.0	2.0	16.784726641845705	471.151594921875
852.0	2.0	16.782288418579103	471.7310200195313
853.0	2.0	16.781677990722656	472.3107799804688
854.0	2.0	16.777715441894532	472.89050273437505
855.0	2.0	16.766742855834963	473.4702254882813
856.0	2.0	16.75272278137207	474.05024589843754
857.0	2.0	16.741444400024413	474.62967099609375
858.0	2.0	16.73717721862793	475.2100262695313
859.0	2.0	16.736872586059572	475.79525566406255
860.0	2.0	16.740835134887696	476.3786247070313
861.0	2.0	16.731691506958008	476.9452505859375
862.0	2.0	16.694505404663087	477.4673768554688
863.0	2.0	16.65518687438965	477.9547517578125
864.0	2.0	16.627449032592775	478.39639921875005
865.0	2.0	16.610990734863282	478.81762001953126
866.0	2.0	16.615867181396485	479.2382455078125
867.0	2.0	16.621048260498046	479.6631498046875
868.0	2.0	16.607332818603517	480.0813196289063
869.0	2.0	16.575328958129884	480.485201953125
870.0	2.0	16.526561004638673	480.87840585937505
871.0	2.0	16.493946716308596	481.27280039062504
872.0	2.0	16.47870694885254	481.67605019531254
873.0	2.0	16.482364865112306	482.085997265625
874.0	2.0	16.479317376708984	482.4974698242188
875.0	2.0	16.47626872558594	482.9074541015625
876.0	2.0	16.473221237182617	483.31680585937505
877.0	2.0	16.470172586059572	483.7264552734375
878.0	2.0	16.46712509765625	484.13610468750005
879.0	2.0	16.464076446533205	484.5457541015625
880.0	2.0	16.461028958129884	484.95540351562505
881.0	2.0	16.457980307006835	485.3650529296875
882.0	2.0	16.454932818603517	485.77470234375005
883.0	2.0	16.452189962768557	486.18405410156254
884.0	2.0	16.44883667907715	486.593703515625
885.0	2.0	16.44578919067383	487.00335292968754
886.0	2.0	16.442740539550783	487.41300234375
887.0	2.0	16.43969305114746	487.82265175781254
888.0	2.0	16.436644400024417	488.232301171875
889.0	2.0	16.433596911621095	488.64195058593754
890.0	2.0	16.430548260498046	489.05130234375
891.0	2.0	16.427500772094728	489.46095175781255
892.0	2.0	16.424453283691406	489.870601171875
893.0	2.0	16.42140463256836	490.28025058593755
894.0	2.0	16.41835714416504	490.6899
895.0	2.0	16.415308493041994	491.09954941406255
896.0	2.0	16.412261004638673	491.509198828125
897.0	2.0	16.409212353515628	491.91884824218755
898.0	2.0	16.406164865112306	492.32849765625
899.0	2.0	16.403117376708984	492.7378494140625
900.0	2.0	16.40006872558594	493.14749882812504
901.0	2.0	16.397021237182617	493.5571482421875
902.0	2.0	16.393972586059572	493.96679765625004
903.0	2.0	16.390620465087892	494.3764470703125
904.0	2.0	16.387876446533205	494.78609648437504
905.0	2.0	16.384524325561525	495.1957458984375
906.0	2.0	16.381475674438477	495.60509765625005
907.0	2.0	16.37842818603516	496.0147470703125
908.0	2.0	16.375685330200195	496.42439648437505
909.0	2.0	16.37263667907715	496.8340458984375
910.0	2.0	16.36958919067383	497.24369531250005
911.0	2.0	16.366540539550783	497.6533447265625
912.0	2.0	16.36349305114746	498.062696484375
913.0	2.0	16.360444400024416	498.4726807617188
914.0	2.0	16.357396911621095	498.875298046875
915.0	2.0	16.354348260498046	499.28130117187504
916.0	2.0	16.347033590698242	499.7415521484375
917.0	2.0	16.365931274414063	500.2484235351563
918.0	2.0	16.40738455810547	500.8007247070313
919.0	2.0	16.468648260498046	501.4194776367188
920.0	2.0	16.511015441894532	501.9882243164063
921.0	2.0	16.526561004638673	502.54815292968755
922.0	2.0	16.525645944213867	502.9721270507813
923.0	2.0	16.52412278137207	503.39639882812503
131.0	3.0	20.992795367431643	20.088452893066407
132.0	3.0	20.993100000000002	20.749563702392578
133.0	3.0	20.993100000000002	21.35885906982422
134.0	3.0	20.93457799072266	21.86909536743164
135.0	3.0	20.892820074462893	22.53416872558594
136.0	3.0	20.850452893066407	23.186440539550784
137.0	3.0	20.81022046508789	23.8615737487793
138.0	3.0	20.768462548828126	24.52877953491211
139.0	3.0	20.72700926513672	25.19476911621094
140.0	3.0	20.685555981445315	25.859537841796875
141.0	3.0	20.643798065185546	26.524306567382816
142.0	3.0	20.602651739501955	27.186026641845704
143.0	3.0	20.557540539550782	27.8462235534668
144.0	3.0	20.516391888427734	28.516477990722656
145.0	3.0	20.493532818603516	29.212642474365236
146.0	3.0	20.488351739501955	29.943246716308597
147.0	3.0	20.502676446533204	30.70037026977539
148.0	3.0	20.51974517211914	31.468160614013673
149.0	3.0	20.533765246582032	32.232600000000005
150.0	3.0	20.547787646484377	32.98850502319336
151.0	3.0	20.562112353515626	33.74197066040039
152.0	3.0	20.576744018554688	34.49756872558594
153.0	3.0	20.591373358154296	35.2583501953125
154.0	3.0	20.6072235534668	36.02156872558594
155.0	3.0	20.621852893066407	36.783873358154295
156.0	3.0	20.632217376708986	37.545873358154296
157.0	3.0	20.637398455810548	38.30756872558594
158.0	3.0	20.638312353515627	39.06956872558594
159.0	3.0	20.638007720947268	39.83156872558594
160.0	3.0	20.638921618652343	40.59356872558594
161.0	3.0	20.639837841796876	41.35495946044922
162.0	3.0	20.640751739501955	42.118787255859374
163.0	3.0	20.641665637207034	42.887186865234376
164.0	3.0	20.648372204589844	43.65193088378906
165.0	3.0	20.64136100463867	44.38467220458985
166.0	3.0	20.608442083740236	45.06833745117188
167.0	3.0	20.57339073486328	45.714511962890626
168.0	3.0	20.545957525634766	46.297290344238284
169.0	3.0	20.539557916259767	46.88616602783203
170.0	3.0	20.532546716308595	47.53782857666016
171.0	3.0	20.517612744140624	48.22911196289063
172.0	3.0	20.525537841796876	48.97160617675782
173.0	3.0	20.55022470703125	49.74335906982422
174.0	3.0	20.585887646484377	50.51237259521485
175.0	3.0	20.616671813964846	51.273456372070314
176.0	3.0	20.647760614013674	52.034540148925785
177.0	3.0	20.678851739501955	52.7968471069336
178.0	3.0	20.709635906982424	53.56006563720703
179.0	3.0	20.741640930175784	54.32389343261719
180.0	3.0	20.77242509765625	55.08375867919922
181.0	3.0	20.7977235534668	55.83356872558594
182.0	3.0	20.815096911621094	56.570272595214846
183.0	3.0	20.82698455810547	57.29660965576172
184.0	3.0	20.837651348876953	58.01898416748047
185.0	3.0	20.84953899536133	58.74197259521485
186.0	3.0	20.861122009277345	59.46617490234375
187.0	3.0	20.87300965576172	60.19068416748047
188.0	3.0	20.885201934814454	60.91489112548828
189.0	3.0	20.896782623291017	61.639400390625006
190.0	3.0	20.908670269775392	62.364821228027346
191.0	3.0	20.92025328369141	63.0902467163086
192.0	3.0	20.931836297607422	63.81597451171875
193.0	3.0	20.943416986083985	64.54048377685547
194.0	3.0	20.955000000000002	65.26469073486328
195.0	3.0	20.966887646484377	65.9892
196.0	3.0	20.978775292968752	66.71340695800781
197.0	3.0	20.990355981445312	67.43760926513673
198.0	3.0	21.00193899536133	68.16211853027345
199.0	3.0	21.013522009277345	68.88632548828126
200.0	3.0	21.025105023193362	69.61083475341798
201.0	3.0	21.03668571166992	70.33503706054688
202.0	3.0	21.048573358154297	71.0592440185547
203.0	3.0	21.06046100463867	71.78375328369141
204.0	3.0	21.07204401855469	72.50795559082032
205.0	3.0	21.08362470703125	73.23216254882813
206.0	3.0	21.09520772094727	73.95667181396485
207.0	3.0	21.10709536743164	74.68118107910156
208.0	3.0	21.118678381347657	75.40569034423828
209.0	3.0	21.13056370239258	76.12349304199219
210.0	3.0	21.142146716308595	76.854099609375
211.0	3.0	21.15372973022461	77.61061622314453
212.0	3.0	21.164091888427734	78.37718803710938
213.0	3.0	21.172321618652344	79.13400695800782
214.0	3.0	21.180246716308595	79.86430656738281
215.0	3.0	21.188476446533205	80.58241157226563
216.0	3.0	21.196401544189452	81.30661853027344
217.0	3.0	21.204326641845704	82.03143010253906
218.0	3.0	21.212251739501955	82.75899499511719
219.0	3.0	21.22109073486328	83.48776911621094
220.0	3.0	21.22932046508789	84.207399609375
221.0	3.0	21.233892279052736	84.90203627929688
222.0	3.0	21.234196911621094	85.56436794433594
223.0	3.0	21.23114826049805	86.20170578613282
224.0	3.0	21.227490344238284	86.8295930419922
225.0	3.0	21.224748651123047	87.45869882812501
226.0	3.0	21.221700000000002	88.09085559082031
227.0	3.0	21.218651348876953	88.72362626953125
228.0	3.0	21.215605023193362	89.35608068847657
229.0	3.0	21.212861004638672	89.9885444091797
230.0	3.0	21.209812353515627	90.62099882812501
231.0	3.0	21.20676370239258	91.25346254882813
232.0	3.0	21.204022009277345	91.89171196289062
233.0	3.0	21.200973358154297	92.51929226074219
234.0	3.0	21.19792470703125	93.12188803710939
235.0	3.0	21.195183013916015	93.71198225097656
236.0	3.0	21.195487646484377	94.30938764648438
237.0	3.0	21.195792279052736	94.93331235351563
238.0	3.0	21.196096911621094	95.5770498046875
239.0	3.0	21.196401544189452	96.21377373046876
240.0	3.0	21.195487646484377	96.82368068847657
241.0	3.0	21.193657525634766	97.38725559082032
242.0	3.0	21.195792279052736	97.91334440917969
243.0	3.0	21.197620074462893	98.393101171875
244.0	3.0	21.197620074462893	98.84694323730469
245.0	3.0	21.19822933959961	99.29743666992188
246.0	3.0	21.19822933959961	99.75341813964845
247.0	3.0	21.198536297607422	100.21123205566407
248.0	3.0	21.198840930175784	100.66781813964845
249.0	3.0	21.198840930175784	101.1268505859375
250.0	3.0	21.199145562744143	101.59136176757814
251.0	3.0	21.1994501953125	102.05191970214844
252.0	3.0	21.197010809326173	102.46766176757814
253.0	3.0	21.195183013916015	102.83708107910157
254.0	3.0	21.197620074462893	103.16230773925781
255.0	3.0	21.20036409301758	103.43601196289063
256.0	3.0	21.200973358154297	103.68076911621094
257.0	3.0	21.201582623291017	103.92552626953126
258.0	3.0	21.202191888427734	104.17606911621094
259.0	3.0	21.202803479003908	104.42813745117188
260.0	3.0	21.203108111572266	104.679601171875
261.0	3.0	21.203717376708987	104.93105559082032
262.0	3.0	21.204022009277345	105.18251931152345
263.0	3.0	21.204631274414062	105.43397373046875
264.0	3.0	21.20554517211914	105.68543745117188
265.0	3.0	21.2058498046875	105.93690117187501
266.0	3.0	21.20645906982422	106.18835559082032
267.0	3.0	21.20676370239258	106.43981931152344
268.0	3.0	21.207375292968752	106.69097607421875
269.0	3.0	21.20798455810547	106.94273745117188
270.0	3.0	21.20859382324219	107.19785676269532
271.0	3.0	21.20859382324219	107.4544922607422
272.0	3.0	21.20950772094727	107.70016098632813
273.0	3.0	21.211947106933597	107.91718029785157
274.0	3.0	21.217737451171875	108.09640656738281
275.0	3.0	21.225662548828126	108.24697412109376
276.0	3.0	21.233892279052736	108.38657490234375
277.0	3.0	21.241817376708987	108.5273942138672
278.0	3.0	21.249742474365235	108.67186911621094
279.0	3.0	21.257972204589844	108.81694863281251
280.0	3.0	21.265590344238284	108.96203745117188
281.0	3.0	21.273820074462893	109.10651235351563
282.0	3.0	21.281440539550783	109.25160117187501
283.0	3.0	21.289670269775392	109.39607607421875
284.0	3.0	21.29759536743164	109.54115559082032
285.0	3.0	21.305215832519533	109.68563049316407
286.0	3.0	21.313445562744143	109.83071931152344
287.0	3.0	21.32106370239258	109.97550117187501
288.0	3.0	21.329293432617188	110.11997607421876
289.0	3.0	21.33691389770508	110.26474863281251
290.0	3.0	21.345143627929687	110.40953049316407
291.0	3.0	21.35306872558594	110.55431235351563
292.0	3.0	21.360689190673828	110.6990942138672
293.0	3.0	21.368918920898437	110.84356911621094
294.0	3.0	21.37653938598633	110.9883509765625
295.0	3.0	21.38476911621094	111.13343049316407
296.0	3.0	21.392387255859376	111.27790539550782
297.0	3.0	21.400616986083985	111.4229942138672
298.0	3.0	21.408542083740237	111.56746911621094
299.0	3.0	21.416467181396484	111.7125486328125
300.0	3.0	21.424392279052736	111.85702353515626
301.0	3.0	21.432012744140625	112.00211235351563
302.0	3.0	21.440242474365235	112.14658725585939
303.0	3.0	21.448165246582032	112.29167607421876
304.0	3.0	21.456090344238284	112.4361509765625
305.0	3.0	21.46401544189453	112.58123049316407
306.0	3.0	21.471940539550783	112.72601235351563
307.0	3.0	21.479865637207034	112.87048725585939
308.0	3.0	21.48779073486328	113.01435754394532
309.0	3.0	21.495715832519533	113.16187412109376
310.0	3.0	21.50364093017578	113.31458107910157
311.0	3.0	21.516442474365235	113.45783745117188
312.0	3.0	21.516747106933593	113.56360773925782
313.0	3.0	21.499983013916015	113.63248725585937
314.0	3.0	21.476816986083985	113.65687646484376
315.0	3.0	21.454871813964846	113.65961118164063
316.0	3.0	21.44999536743164	113.65961118164063
317.0	3.0	21.454262548828126	113.65961118164063
318.0	3.0	21.454262548828126	113.65961118164063
319.0	3.0	21.454262548828126	113.65961118164063
320.0	3.0	21.454262548828126	113.65961118164063
321.0	3.0	21.454262548828126	113.65961118164063
322.0	3.0	21.454262548828126	113.65961118164063
323.0	3.0	21.454262548828126	113.65961118164063
324.0	3.0	21.454262548828126	113.65961118164063
325.0	3.0	21.454262548828126	113.65961118164063
326.0	3.0	21.454262548828126	113.65961118164063
327.0	3.0	21.454262548828126	113.65961118164063
328.0	3.0	21.454262548828126	113.65961118164063
329.0	3.0	21.454262548828126	113.65961118164063
330.0	3.0	21.454262548828126	113.65961118164063
331.0	3.0	21.454567181396484	113.65961118164063
332.0	3.0	21.454262548828126	113.65961118164063
333.0	3.0	21.454567181396484	113.67271735839844
334.0	3.0	21.454567181396484	113.71021274414063
335.0	3.0	21.454871813964846	113.74861970214845
336.0	3.0	21.454871813964846	113.76934401855469
337.0	3.0	21.454871813964846	113.77117646484376
338.0	3.0	21.454871813964846	113.77117646484376
339.0	3.0	21.454871813964846	113.77117646484376
340.0	3.0	21.454871813964846	113.77117646484376
341.0	3.0	21.454871813964846	113.77117646484376
342.0	3.0	21.454871813964846	113.77117646484376
343.0	3.0	21.454871813964846	113.77117646484376
344.0	3.0	21.454871813964846	113.77117646484376
345.0	3.0	21.46401544189453	113.77117646484376
346.0	3.0	21.444205023193362	113.77117646484376
347.0	3.0	21.408846716308595	113.77117646484376
348.0	3.0	21.348192279052736	113.77117646484376
349.0	3.0	21.31252933959961	113.77117646484376
350.0	3.0	21.2930235534668	113.77117646484376
351.0	3.0	21.301862548828126	113.77117646484376
352.0	3.0	21.302167181396484	113.77117646484376
353.0	3.0	21.301862548828126	113.77117646484376
354.0	3.0	21.301862548828126	113.77117646484376
355.0	3.0	21.301557916259767	113.77117646484376
356.0	3.0	21.301862548828126	113.77117646484376
357.0	3.0	21.301557916259767	113.77117646484376
358.0	3.0	21.301557916259767	113.77117646484376
359.0	3.0	21.301862548828126	113.77117646484376
360.0	3.0	21.301557916259767	113.77117646484376
361.0	3.0	21.301862548828126	113.77117646484376
362.0	3.0	21.301862548828126	113.77117646484376
363.0	3.0	21.302167181396484	113.77117646484376
364.0	3.0	21.302167181396484	113.77117646484376
365.0	3.0	21.302167181396484	113.77117646484376
366.0	3.0	21.302471813964846	113.77543666992189
367.0	3.0	21.304606567382812	113.84158146972656
368.0	3.0	21.304911199951174	113.94277529296876
369.0	3.0	21.30338571166992	114.10279343261719
370.0	3.0	21.30338571166992	114.26586254882812
371.0	3.0	21.303994976806642	114.39388264160156
372.0	3.0	21.303994976806642	114.49811813964844
373.0	3.0	21.304606567382812	114.61363666992187
374.0	3.0	21.30064401855469	114.76939460449219
375.0	3.0	21.305215832519533	114.96507568359375
376.0	3.0	21.33051428833008	115.20098686523438
377.0	3.0	21.35947066040039	115.47988146972656
378.0	3.0	21.37501389770508	115.79839226074219
379.0	3.0	21.38476911621094	116.1571424560547
380.0	3.0	21.381111199951174	116.55308107910157
381.0	3.0	21.38202509765625	116.98101774902344
382.0	3.0	21.380806567382812	117.41596794433595
383.0	3.0	21.37958571166992	117.83628647460938
384.0	3.0	21.377757916259768	118.21820734863282
385.0	3.0	21.376234753417968	118.58823127441407
386.0	3.0	21.37653938598633	118.99666215820314
387.0	3.0	21.37653938598633	119.45142509765626
388.0	3.0	21.372576837158203	119.94550656738282
389.0	3.0	21.36830965576172	120.48621774902344
390.0	3.0	21.365870269775392	121.05742009277344
391.0	3.0	21.363737841796876	121.63226872558594
392.0	3.0	21.361298455810548	122.20163862304688
393.0	3.0	21.35885906982422	122.76947373046876
394.0	3.0	21.356422009277345	123.33671352539064
395.0	3.0	21.354287255859376	123.89906989746095
396.0	3.0	21.347278381347657	124.4632494140625
397.0	3.0	21.348192279052736	125.04481391601563
398.0	3.0	21.37501389770508	125.66934323730469
399.0	3.0	21.418906567382813	126.35758029785157
400.0	3.0	21.489313897705077	127.00375480957032
401.0	3.0	21.56673475341797	127.60817373046875
402.0	3.0	21.645371813964847	128.14188068847656
403.0	3.0	21.73467799072266	128.75971274414064
404.0	3.0	21.82367953491211	129.406501171875
405.0	3.0	21.912681079101564	130.1428934326172
406.0	3.0	22.010216986083986	130.8317444091797
407.0	3.0	22.07696872558594	131.60105559082032
408.0	3.0	22.1202498046875	132.4005509765625
409.0	3.0	22.13000502319336	133.2701444091797
410.0	3.0	22.112936297607423	134.10925598144533
411.0	3.0	22.103181079101564	134.9050864746094
412.0	3.0	22.105620465087892	135.64423205566408
413.0	3.0	22.104401934814454	136.4104922607422
414.0	3.0	22.102876446533205	137.17341313476564
415.0	3.0	22.101353283691406	137.93479921875002
416.0	3.0	22.099827795410157	138.69741313476564
417.0	3.0	22.09860926513672	139.4584922607422
418.0	3.0	22.096781469726565	140.21501352539065
419.0	3.0	22.095560614013674	140.97183244628906
420.0	3.0	22.094646716308596	141.7481571533203
421.0	3.0	22.092818920898438	142.5610563720703
422.0	3.0	22.09098880004883	143.4117486328125
423.0	3.0	22.089161004638672	144.27372392578127
424.0	3.0	22.087637841796877	145.12991352539063
425.0	3.0	22.087026251220703	145.99401892089844
426.0	3.0	22.086721618652344	146.881899609375
427.0	3.0	22.086416986083986	147.7956949951172
428.0	3.0	22.086416986083986	148.71709921875
429.0	3.0	22.086112353515627	149.63271774902344
430.0	3.0	22.085807720947265	150.54651313476563
431.0	3.0	22.085503088378907	151.46151774902344
432.0	3.0	22.085503088378907	152.37469921875
433.0	3.0	22.085503088378907	153.28422509765625
434.0	3.0	22.08519845581055	154.1967926513672
435.0	3.0	22.08519845581055	155.1270428466797
436.0	3.0	22.08489382324219	156.0819892089844
437.0	3.0	22.084589190673828	157.04606059570312
438.0	3.0	22.080931274414063	157.9967374511719
439.0	3.0	22.081540539550783	158.93582431640627
440.0	3.0	22.10379034423828	159.88802666015627
441.0	3.0	22.14493899536133	160.87466411132814
442.0	3.0	22.205898065185547	161.8768354980469
443.0	3.0	22.278137841796877	162.86652392578125
444.0	3.0	22.34854517211914	163.84341313476563
445.0	3.0	22.41986872558594	164.82182783203126
446.0	3.0	22.490887646484378	165.81516254882814
447.0	3.0	22.562515832519534	166.81612470703126
448.0	3.0	22.63383938598633	167.81373823242188
449.0	3.0	22.70516061401367	168.81073784179688
450.0	3.0	22.777398065185547	169.80712353515625
451.0	3.0	22.848721618652345	170.80535097656252
452.0	3.0	22.915777990722656	171.80722470703125
453.0	3.0	22.977348651123048	172.81397255859375
454.0	3.0	23.03525906982422	173.82438530273438
455.0	3.0	23.091953283691407	174.83632353515625
456.0	3.0	23.14925443725586	175.8476478515625
457.0	3.0	23.206862548828127	176.8595860839844
458.0	3.0	23.26447066040039	177.8733474609375
459.0	3.0	23.321467181396486	178.8886529296875
460.0	3.0	23.37877066040039	179.90820000000002
461.0	3.0	23.441557525634767	180.92501235351563
462.0	3.0	23.489717376708985	181.92688608398439
463.0	3.0	23.508918530273437	182.89646411132813
464.0	3.0	23.506786102294924	183.82487255859377
465.0	3.0	23.475694976806643	184.7203899902344
466.0	3.0	23.429672204589846	185.60095019531252
467.0	3.0	23.389437451171876	186.4836498046875
468.0	3.0	23.34950965576172	187.37671157226563
469.0	3.0	23.309274902343752	188.27191274414062
470.0	3.0	23.268126251220703	189.16620234375
471.0	3.0	23.22728455810547	190.06017568359377
472.0	3.0	23.193147106933594	190.94866098632812
473.0	3.0	23.223931274414063	191.80911079101563
474.0	3.0	23.281539385986328	192.6235354980469
475.0	3.0	23.373891888427735	193.3989486328125
476.0	3.0	23.43454865112305	194.12833666992188
477.0	3.0	23.467465246582034	194.82663823242189
478.0	3.0	23.441862158203126	195.51883784179688
479.0	3.0	23.411991888427735	196.21622783203125
480.0	3.0	23.382121618652345	196.91908725585938
481.0	3.0	23.351946716308596	197.62531391601564
482.0	3.0	23.32024865112305	198.32696411132812
483.0	3.0	23.290378381347658	199.01062470703127
484.0	3.0	23.269347106933594	199.67294707031252
485.0	3.0	23.260508111572268	200.33742744140625
486.0	3.0	23.2632498046875	201.0210880371094
487.0	3.0	23.26568919067383	201.71419921875
488.0	3.0	23.254410809326174	202.3899347167969
489.0	3.0	23.232770269775394	203.02606333007813
490.0	3.0	23.198632818603517	203.63170078125
491.0	3.0	23.16236061401367	204.22422275390625
492.0	3.0	23.1282231628418	204.81462392578126
493.0	3.0	23.094085711669923	205.41021547851562
494.0	3.0	23.059643627929688	206.00670000000002
495.0	3.0	23.025506176757812	206.60288686523438
496.0	3.0	22.991673358154298	207.19877607421876
497.0	3.0	22.95753590698242	207.79466528320313
498.0	3.0	22.92339845581055	208.39085214843752
499.0	3.0	22.888956372070314	208.98672275390626
500.0	3.0	22.85481892089844	209.58290961914062
501.0	3.0	22.820681469726562	210.17911508789064
502.0	3.0	22.786848651123048	210.77498569335938
503.0	3.0	22.75271119995117	211.37117255859377
504.0	3.0	22.7185737487793	211.96706176757814
505.0	3.0	22.68412933959961	212.56356489257814
506.0	3.0	22.650908111572267	213.1597517578125
507.0	3.0	22.61585443725586	213.75411547851564
508.0	3.0	22.576231274414063	214.34633979492187
509.0	3.0	22.534777990722656	214.93703862304687
510.0	3.0	22.4948501953125	215.52896528320315
511.0	3.0	22.459491888427735	216.12362666015625
512.0	3.0	22.42627066040039	216.71949726562502
513.0	3.0	22.392130883789065	217.31600039062502
514.0	3.0	22.35799343261719	217.9124849121094
515.0	3.0	22.324160614013675	218.51142509765626
516.0	3.0	22.287281469726565	219.11096059570315
517.0	3.0	22.254667181396485	219.70258959960938
518.0	3.0	22.239426251220703	220.27347568359377
519.0	3.0	22.232417376708984	220.81694018554688
520.0	3.0	22.24247490234375	221.33936411132814
521.0	3.0	22.256801934814455	221.85996489257815
522.0	3.0	22.268991888427735	222.36958959960938
523.0	3.0	22.28087953491211	222.85726215820313
524.0	3.0	22.293071813964843	223.336098046875
525.0	3.0	22.307091888427735	223.82256137695313
526.0	3.0	22.325076837158203	224.33371157226563
527.0	3.0	22.33482973022461	224.860098046875
528.0	3.0	22.324772204589845	225.38832626953126
529.0	3.0	22.302215441894532	225.926898046875
530.0	3.0	22.259543627929688	226.47341352539064
531.0	3.0	22.209251348876954	227.02296137695313
532.0	3.0	22.162312353515627	227.57282548828127
533.0	3.0	22.115677990722656	228.12177802734377
534.0	3.0	22.06873899536133	228.669800390625
535.0	3.0	22.021800000000002	229.21691118164063
536.0	3.0	21.971203088378907	229.76311040039064
537.0	3.0	21.925482623291018	230.31388608398439
538.0	3.0	21.90140502319336	230.87746098632815
539.0	3.0	21.89134517211914	231.45811391601563
540.0	3.0	21.902928186035158	232.0515474609375
541.0	3.0	21.919083013916016	232.64987373046876
542.0	3.0	21.93157992553711	233.2472884277344
543.0	3.0	21.944381469726565	233.84317763671876
544.0	3.0	21.956878381347657	234.43813666992187
545.0	3.0	21.96967992553711	235.03432353515626
546.0	3.0	21.982481469726565	235.6350868652344
547.0	3.0	21.999245562744143	236.2358501953125
548.0	3.0	22.009303088378907	236.82290273437502
549.0	3.0	21.992843627929688	237.37732470703125
550.0	3.0	21.96022933959961	237.89091196289064
551.0	3.0	21.90079343261719	238.37188725585938
552.0	3.0	21.834348651123047	238.8394494140625
553.0	3.0	21.772473358154297	239.31067646484377
554.0	3.0	21.71029343261719	239.77915019531252
555.0	3.0	21.64842046508789	240.2302482421875
556.0	3.0	21.58745906982422	240.67282587890625
557.0	3.0	21.523451348876954	241.1254494140625
558.0	3.0	21.46492933959961	241.60551313476563
559.0	3.0	21.430791888427734	242.1032501953125
560.0	3.0	21.410372204589844	242.5884856933594
561.0	3.0	21.403665637207034	243.04477412109375
562.0	3.0	21.407628186035158	243.46936215820313
563.0	3.0	21.408237451171875	243.87657451171876
564.0	3.0	21.408846716308595	244.28287529296875
565.0	3.0	21.409151348876954	244.6937525390625
566.0	3.0	21.409455981445312	245.1067505859375
567.0	3.0	21.418294976806642	245.5164
568.0	3.0	21.393608111572266	245.92117529296877
569.0	3.0	21.348801544189453	246.32929921875
570.0	3.0	21.29027953491211	246.75876137695315
571.0	3.0	21.201887255859376	247.22297490234376
572.0	3.0	21.132698455810548	247.71797724609377
573.0	3.0	21.076615832519533	248.22851352539064
574.0	3.0	21.013217376708987	248.73661274414064
575.0	3.0	20.965362158203128	249.22886176757814
576.0	3.0	20.95835328369141	249.70678608398438
577.0	3.0	21.03059073486328	250.18471040039063
578.0	3.0	21.16012933959961	250.68153588867187
579.0	3.0	21.33660926513672	251.1990856933594
580.0	3.0	21.482305023193362	251.71786333007813
581.0	3.0	21.5868498046875	252.22291157226564
582.0	3.0	21.611843627929687	252.71759765625
583.0	3.0	21.62617066040039	253.21137216796876
584.0	3.0	21.640800000000002	253.70972314453127
585.0	3.0	21.655124707031252	254.209599609375
586.0	3.0	21.669451739501955	254.70765292968753
587.0	3.0	21.684081079101563	255.21117568359375
588.0	3.0	21.70145443725586	255.70007607421877
589.0	3.0	21.675242083740237	256.16672666015626
590.0	3.0	21.623122009277346	256.64861352539066
591.0	3.0	21.553930883789064	257.17926020507815
592.0	3.0	21.441156372070314	257.7492347167969
593.0	3.0	21.35215482788086	258.3561
594.0	3.0	21.288147106933597	258.95504018554686
595.0	3.0	21.21590965576172	259.55031547851564
596.0	3.0	21.14610926513672	260.14741391601564
597.0	3.0	21.07204401855469	260.7463354980469
598.0	3.0	20.997976446533205	261.3306347167969
599.0	3.0	20.997671813964846	261.880498828125
600.0	3.0	21.028760614013674	262.3980486328125
601.0	3.0	21.100998065185546	262.91347763671877
602.0	3.0	21.155557525634766	263.47461547851566
603.0	3.0	21.186648651123047	264.0747648925781
604.0	3.0	21.155252893066407	264.71422353515624
605.0	3.0	21.113801934814454	265.3625374511719
606.0	3.0	21.07204401855469	266.0071864746094
607.0	3.0	21.030286102294923	266.6481892089844
608.0	3.0	20.988528186035158	267.2897872558594
609.0	3.0	20.946465637207034	267.9313853027344
610.0	3.0	20.905012353515627	268.58061079101566
611.0	3.0	20.86325443725586	269.2185625488281
612.0	3.0	20.821496520996096	269.81841430664065
613.0	3.0	20.784008111572266	270.39326293945317
614.0	3.0	20.7422501953125	270.97177646484374
615.0	3.0	20.687081469726564	271.57862314453126
616.0	3.0	20.641665637207034	272.20712431640624
617.0	3.0	20.61240463256836	272.8371509765625
618.0	3.0	20.60508880004883	273.4808884277344
619.0	3.0	20.61149073486328	274.15174980468754
620.0	3.0	20.61240463256836	274.8506652832031
621.0	3.0	20.61301389770508	275.57882548828127
622.0	3.0	20.613927795410156	276.33107724609374
623.0	3.0	20.614844018554688	277.09551430664067
624.0	3.0	20.61545328369141	277.86177451171875
625.0	3.0	20.616367181396484	278.62500234375
626.0	3.0	20.617281079101563	279.3863884277344
627.0	3.0	20.61819497680664	280.1483884277344
628.0	3.0	20.618806567382812	280.9103884277344
629.0	3.0	20.61972046508789	281.6723884277344
630.0	3.0	20.62032973022461	282.4343884277344
631.0	3.0	20.62124362792969	283.1963884277344
632.0	3.0	20.622157525634766	283.95900234375
633.0	3.0	20.62276911621094	284.72007216796874
634.0	3.0	20.62368301391602	285.47628647460937
635.0	3.0	20.624596911621094	286.23341235351563
636.0	3.0	20.62581544189453	287.00943940429687
637.0	3.0	20.62855946044922	287.8293521484375
638.0	3.0	20.62703629760742	288.69101118164065
639.0	3.0	20.62825482788086	289.57707802734376
640.0	3.0	20.62886409301758	290.4561127441406
641.0	3.0	20.62977799072266	291.3226645019531
642.0	3.0	20.630996520996096	292.19652744140626
643.0	3.0	20.631608111572266	293.09507724609375
644.0	3.0	20.632826641845703	294.011300390625
645.0	3.0	20.633740539550782	294.93057451171876
646.0	3.0	20.63465443725586	295.84679765625003
647.0	3.0	20.640447106933596	296.7624254882813
648.0	3.0	20.630082623291017	297.67591391601565
649.0	3.0	20.592287255859375	298.583598046875
650.0	3.0	20.534986102294923	299.48490117187504
651.0	3.0	20.464881079101563	300.386501953125
652.0	3.0	20.42281853027344	301.29450234375
653.0	3.0	20.39965482788086	302.2085860839844
654.0	3.0	20.408798455810548	303.12482783203126
655.0	3.0	20.409712353515626	304.0404370605469
656.0	3.0	20.410626251220705	304.95392548828124
657.0	3.0	20.411542474365234	305.86222353515626
658.0	3.0	20.412456372070313	306.7723633300781
659.0	3.0	20.41428416748047	307.69986020507815
660.0	3.0	20.417028186035157	308.67187529296876
661.0	3.0	20.41611428833008	309.68137646484377
662.0	3.0	20.416418920898437	310.70397451171874
663.0	3.0	20.42220926513672	311.73449765625
664.0	3.0	20.428611199951174	312.77599687500003
665.0	3.0	20.43531544189453	313.83762509765626
666.0	3.0	20.441717376708986	314.90989453125
667.0	3.0	20.448116986083985	315.97669453125
668.0	3.0	20.45421428833008	317.04412705078124
669.0	3.0	20.46091853027344	318.11029453125
670.0	3.0	20.46732046508789	319.17162509765626
671.0	3.0	20.46579497680664	320.2341462890625
672.0	3.0	20.49017953491211	321.3131501953125
673.0	3.0	20.545652893066407	322.4314447265625
674.0	3.0	20.624596911621094	323.5869462890625
675.0	3.0	20.740420074462893	324.78207333984375
676.0	3.0	20.86508455810547	325.9939807617188
677.0	3.0	20.97999382324219	327.2064462890625
678.0	3.0	21.096730883789064	328.415302734375
679.0	3.0	21.213470269775392	329.62780546875
680.0	3.0	21.33721853027344	330.83937802734374
681.0	3.0	21.439326251220706	332.03480273437503
682.0	3.0	21.508212744140625	333.190601953125
683.0	3.0	21.55057992553711	334.30919414062504
684.0	3.0	21.560332818603516	335.38849570312505
685.0	3.0	21.547835906982424	336.45105410156253
686.0	3.0	21.5423501953125	337.5123474609375
687.0	3.0	21.53716911621094	338.5785521484375
688.0	3.0	21.531985711669922	339.65145410156254
689.0	3.0	21.526500000000002	340.7127474609375
690.0	3.0	21.5216235534668	341.751195703125
691.0	3.0	21.517356372070314	342.7808258789063
692.0	3.0	21.516747106933593	343.81927412109377
693.0	3.0	21.516137841796876	344.8806046875
694.0	3.0	21.515221618652344	345.95317177734375
695.0	3.0	21.514612353515627	347.01997177734376
696.0	3.0	21.514003088378907	348.08677177734376
697.0	3.0	21.51339382324219	349.15357177734376
698.0	3.0	21.51247992553711	350.22037177734376
699.0	3.0	21.51187066040039	351.28717177734376
700.0	3.0	21.51125906982422	352.3536741210938
701.0	3.0	21.5106498046875	353.42140429687504
702.0	3.0	21.509735906982424	354.49337607421876
703.0	3.0	21.509126641845704	355.56140390625
704.0	3.0	21.508517376708987	356.6132466796875
705.0	3.0	21.507908111572267	357.65415058593754
706.0	3.0	21.507296520996096	358.66365175781254
707.0	3.0	21.506382623291017	359.62954628906255
708.0	3.0	21.507908111572267	360.5680192382813
709.0	3.0	21.514307720947265	361.50132041015627
710.0	3.0	21.52101428833008	362.46115019531254
711.0	3.0	21.527413897705078	363.4325513671875
712.0	3.0	21.533815832519533	364.382000390625
713.0	3.0	21.539910809326173	365.31132041015627
714.0	3.0	21.545703479003908	366.22419492187504
715.0	3.0	21.551798455810548	367.13372080078125
716.0	3.0	21.558198065185547	368.0472278320313
717.0	3.0	21.56429536743164	368.9619254882813
718.0	3.0	21.570085711669922	369.87692080078125
719.0	3.0	21.576183013916015	370.79042783203124
720.0	3.0	21.58227799072266	371.7002513671875
721.0	3.0	21.588375292968752	372.6125305664063
722.0	3.0	21.594470269775393	373.53697646484375
723.0	3.0	21.600872204589844	374.4843046875
724.0	3.0	21.607271813964847	375.46210546875
725.0	3.0	21.613978381347657	376.47190429687504
726.0	3.0	21.620987255859376	377.5063713867188
727.0	3.0	21.62769382324219	378.542996484375
728.0	3.0	21.638055981445312	379.56957568359377
729.0	3.0	21.63531428833008	380.59857333984377
730.0	3.0	21.617024707031252	381.6693544921875
731.0	3.0	21.584108111572267	382.7763752929688
732.0	3.0	21.538083013916015	383.92789570312505
733.0	3.0	21.471940539550783	385.10352626953124
734.0	3.0	21.408542083740237	386.2928490234375
735.0	3.0	21.345143627929687	387.48127880859374
736.0	3.0	21.279612744140625	388.66420195312503
737.0	3.0	21.21377490234375	389.833098046875
738.0	3.0	21.147634753417968	390.9959293945313
739.0	3.0	21.081796911621094	392.16542080078125
740.0	3.0	21.012303479003908	393.3352470703125
741.0	3.0	20.955000000000002	394.49502744140625
742.0	3.0	20.915072204589844	395.62917216796876
743.0	3.0	20.886115832519533	396.7276725585938
744.0	3.0	20.875446716308595	397.7944725585938
745.0	3.0	20.876665246582032	398.8524544921875
746.0	3.0	20.874532818603516	399.9302305664063
747.0	3.0	20.8739235534668	401.05674785156253
748.0	3.0	20.869047106933596	402.2207698242188
749.0	3.0	20.86538919067383	403.4317470703125
750.0	3.0	20.862035906982424	404.641496484375
751.0	3.0	20.859596520996096	405.81649453125004
752.0	3.0	20.85715946044922	406.9491509765625
753.0	3.0	20.85441544189453	408.05952041015627
754.0	3.0	20.851978381347656	409.16657841796876
755.0	3.0	20.84923436279297	410.2830498046875
756.0	3.0	20.846490344238283	411.42087802734375
757.0	3.0	20.84344401855469	412.5739239257813
758.0	3.0	20.840700000000002	413.7251466796875
759.0	3.0	20.838260614013674	414.86632353515625
760.0	3.0	20.83521428833008	416.01207685546876
761.0	3.0	20.830642474365234	417.19012587890626
762.0	3.0	20.824849804687503	418.3986474609375
763.0	3.0	20.819973358154297	419.61174550781254
764.0	3.0	20.815096911621094	420.8026309570313
765.0	3.0	20.81052509765625	421.9547466796875
766.0	3.0	20.80595328369141	423.07579453125004
767.0	3.0	20.801686102294923	424.185903515625
768.0	3.0	20.7977235534668	425.316401953125
769.0	3.0	20.792237841796876	426.4862282226563
770.0	3.0	20.787663702392578	427.68288076171876
771.0	3.0	20.782787255859375	428.87372900390625
772.0	3.0	20.777910809326173	430.0316490234375
773.0	3.0	20.77333899536133	431.159096484375
774.0	3.0	20.768767181396484	432.27467490234375
775.0	3.0	20.7645	433.39296943359375
776.0	3.0	20.760232818603516	434.51070585937504
777.0	3.0	20.75566100463867	435.6085737304688
778.0	3.0	20.75139382324219	436.6860521484375
779.0	3.0	20.747735906982424	437.7647211914063
780.0	3.0	20.74285946044922	438.87360234375
781.0	3.0	20.738287646484377	440.0156721679688
782.0	3.0	20.73493436279297	441.16202080078125
783.0	3.0	20.732190344238283	442.296500390625
784.0	3.0	20.729448651123047	443.4294544921875
785.0	3.0	20.7264	444.5782215820313
786.0	3.0	20.723351348876953	445.74652236328126
787.0	3.0	20.719998065185546	446.92122275390625
788.0	3.0	20.717256372070313	448.0950301757813
789.0	3.0	20.714207720947268	449.2602799804688
790.0	3.0	20.71085443725586	450.411205078125
791.0	3.0	20.708112744140625	451.5532749023438
792.0	3.0	20.70475946044922	452.70390234375003
793.0	3.0	20.70201544189453	453.88284433593753
794.0	3.0	20.69896911621094	455.09263095703125
795.0	3.0	20.695615832519533	456.31942119140626
796.0	3.0	20.692262548828126	457.54595097656255
797.0	3.0	20.68921389770508	458.755700390625
798.0	3.0	20.685860614013674	459.9352749023438
799.0	3.0	20.683118920898437	461.0849721679688
800.0	3.0	20.68037490234375	462.22187021484376
801.0	3.0	20.677021618652343	463.37007919921876
802.0	3.0	20.67519382324219	464.5484258789063
803.0	3.0	20.670317376708987	465.7560544921875
804.0	3.0	20.66086911621094	466.99322548828127
805.0	3.0	20.65263938598633	468.2581529296875
806.0	3.0	20.65050463256836	469.53401923828125
807.0	3.0	20.65355328369141	470.80687177734376
808.0	3.0	20.659952893066407	472.0666274414063
809.0	3.0	20.664220074462893	473.3187556640625
810.0	3.0	20.668487255859375	474.5736
811.0	3.0	20.67275443725586	475.82844433593755
812.0	3.0	20.677021618652343	477.08637685546876
813.0	3.0	20.68098416748047	478.34825332031255
814.0	3.0	20.685555981445315	479.60220468750003
815.0	3.0	20.6883	480.8238231445313
816.0	3.0	20.695615832519533	482.00704394531255
817.0	3.0	20.705368725585938	483.14703017578125
818.0	3.0	20.71329382324219	484.2662548828125
819.0	3.0	20.72091428833008	485.37907998046876
820.0	3.0	20.72853475341797	486.48059414062504
821.0	3.0	20.73584826049805	487.5629466796875
822.0	3.0	20.74316409301758	488.62762587890626
823.0	3.0	20.750175292968752	489.68344980468754
824.0	3.0	20.75748880004883	490.7441478515625
825.0	3.0	20.76541389770508	491.82557021484376
826.0	3.0	20.77516911621094	492.95030156250004
827.0	3.0	20.7803501953125	494.1194953125
828.0	3.0	20.78857992553711	495.3051717773438
829.0	3.0	20.79711428833008	496.4771560546875
830.0	3.0	20.804427795410156	497.61371923828125
831.0	3.0	20.812657525634766	498.83291923828125
832.0	3.0	20.821191888427734	500.05211923828125
148.0	4.0	17.18340463256836	21.35855443725586
149.0	4.0	17.18340463256836	21.9678498046875
150.0	4.0	17.1831	22.5774498046875
151.0	4.0	17.1831	23.3394498046875
152.0	4.0	17.18279536743164	23.9490498046875
153.0	4.0	17.182490734863283	24.653444018554687
154.0	4.0	17.182490734863283	25.299923162841797
155.0	4.0	17.182490734863283	25.94945328369141
156.0	4.0	17.182490734863283	26.61147799072266
157.0	4.0	17.181575674438477	27.28508571166992
158.0	4.0	17.178223553466797	27.92760463256836
159.0	4.0	17.181880307006836	28.5210498046875
160.0	4.0	17.17487026977539	29.10138880004883
161.0	4.0	17.19102509765625	29.7289737487793
162.0	4.0	17.22973436279297	30.39739806518555
163.0	4.0	17.290085330200196	31.10575482788086
164.0	4.0	17.37420926513672	31.80709806518555
165.0	4.0	17.44400849304199	32.48588919067383
166.0	4.0	17.510760232543944	33.16345946044922
167.0	4.0	17.581777990722657	33.867546716308595
168.0	4.0	17.65645482788086	34.59327683715821
169.0	4.0	17.739055599975586	35.323271813964844
170.0	4.0	17.81434053955078	36.04351389770508
171.0	4.0	17.891760232543945	36.756747106933595
172.0	4.0	17.968569497680665	37.472112744140624
173.0	4.0	18.04568455810547	38.18869691162109
174.0	4.0	18.122493823242188	38.904976446533205
175.0	4.0	18.19838919067383	39.62095367431641
176.0	4.0	18.27550308837891	40.33723088378906
177.0	4.0	18.357189962768555	41.053512744140626
178.0	4.0	18.444667181396486	41.76948764648438
179.0	4.0	18.537326641845706	42.485769506835936
180.0	4.0	18.630290734863284	43.20143745117188
181.0	4.0	18.722644400024414	43.91802161865235
182.0	4.0	18.814694595336913	44.6373498046875
183.0	4.0	18.90674362792969	45.35759421386719
184.0	4.0	18.99848919067383	46.07631313476563
185.0	4.0	19.094805404663088	46.7928973022461
186.0	4.0	19.17832123718262	47.51009073486328
187.0	4.0	19.2405	48.23155367431641
188.0	4.0	19.285914669799805	48.95758377685547
189.0	4.0	19.309994595336914	49.68758107910156
190.0	4.0	19.320662548828125	50.41940617675782
191.0	4.0	19.3365115814209	51.15153823242188
192.0	4.0	19.3523617767334	51.8827494140625
193.0	4.0	19.367906176757813	52.61457451171875
194.0	4.0	19.383756372070312	53.34884132080079
195.0	4.0	19.397471813964845	54.08401505126953
196.0	4.0	19.4127115814209	54.81126833496094
197.0	4.0	19.43862046508789	55.51840656738282
198.0	4.0	19.47458687438965	56.19810926513672
199.0	4.0	19.520915441894534	56.8576969116211
200.0	4.0	19.568770660400393	57.509052502441406
201.0	4.0	19.614793432617187	58.16163127441406
202.0	4.0	19.661123162841797	58.816949414062506
203.0	4.0	19.707148260498048	59.472574511718754
204.0	4.0	19.752868725585937	60.12576254882813
205.0	4.0	19.801330883789063	60.778341320800784
206.0	4.0	19.847355981445315	61.43640347900391
207.0	4.0	19.88088416748047	62.11000887451172
208.0	4.0	19.90435482788086	62.804650195312504
209.0	4.0	19.914412353515626	63.51452779541016
210.0	4.0	19.922642083740236	64.230200390625
211.0	4.0	19.933006567382815	64.9443474975586
212.0	4.0	19.943368725585938	65.65605289306642
213.0	4.0	19.953730883789063	66.36776293945313
214.0	4.0	19.964095367431643	67.07946833496094
215.0	4.0	19.974457525634765	67.79117838134766
216.0	4.0	19.984822009277345	68.50288377685547
217.0	4.0	19.99518416748047	69.2148961303711
218.0	4.0	20.005548651123046	69.92660617675782
219.0	4.0	20.015910809326172	70.63831622314453
220.0	4.0	20.02657992553711	71.35032857666016
221.0	4.0	20.036942083740236	72.06203397216797
222.0	4.0	20.047306567382815	72.7737440185547
223.0	4.0	20.057668725585938	73.4854494140625
224.0	4.0	20.068337841796875	74.19746176757813
225.0	4.0	20.0787	74.90917181396485
226.0	4.0	20.089062158203127	75.62088186035156
227.0	4.0	20.099426641845703	76.3267969116211
228.0	4.0	20.10978880004883	77.0442973022461
229.0	4.0	20.12015328369141	77.78678686523438
230.0	4.0	20.128383013916018	78.53903862304688
231.0	4.0	20.135391888427737	79.28152353515625
232.0	4.0	20.142098455810547	79.99780539550781
233.0	4.0	20.14880502319336	80.70890617675782
234.0	4.0	20.15550926513672	81.43067607421875
235.0	4.0	20.168006176757814	82.12561970214844
236.0	4.0	20.16312973022461	82.76783166503907
237.0	4.0	20.143012353515626	83.36981352539063
238.0	4.0	20.11740926513672	83.9120501953125
239.0	4.0	20.09363629760742	84.44239921875
240.0	4.0	20.08205328369141	85.00262548828125
241.0	4.0	20.082357916259767	85.58021813964844
242.0	4.0	20.07991853027344	86.13190539550781
243.0	4.0	20.07961389770508	86.63848842773437
244.0	4.0	20.077481469726564	87.13073745117188
245.0	4.0	20.075346716308594	87.64188764648438
246.0	4.0	20.07290965576172	88.17863627929688
247.0	4.0	20.07047026977539	88.72544941406251
248.0	4.0	20.068030883789064	89.25915637207032
249.0	4.0	20.063763702392578	89.757200390625
250.0	4.0	20.061935906982423	90.214400390625
251.0	4.0	20.062240539550782	90.6301424560547
252.0	4.0	20.052792279052735	91.01053784179688
253.0	4.0	20.07290965576172	91.38635676269531
254.0	4.0	20.10308455810547	91.77253784179688
255.0	4.0	20.161911199951174	92.15323088378906
256.0	4.0	20.196962548828125	92.50710695800781
257.0	4.0	20.214031274414065	92.83141274414064
258.0	4.0	20.20366911621094	93.13285480957032
259.0	4.0	20.20244826049805	93.41876293945313
260.0	4.0	20.20122973022461	93.68973244628907
261.0	4.0	20.20153436279297	93.94545637207031
262.0	4.0	20.20153436279297	94.18685559082031
263.0	4.0	20.20153436279297	94.42246911621095
264.0	4.0	20.20214362792969	94.67362587890625
265.0	4.0	20.20214362792969	94.95190656738282
266.0	4.0	20.20244826049805	95.23720078125001
267.0	4.0	20.202752893066407	95.49901735839845
268.0	4.0	20.19391389770508	95.73706794433595
269.0	4.0	20.21707992553711	95.97146293945313
270.0	4.0	20.253349804687502	96.20433244628907
271.0	4.0	20.298156372070313	96.42256098632814
272.0	4.0	20.31065328369141	96.62952509765626
273.0	4.0	20.313701934814453	96.84593049316406
274.0	4.0	20.282610809326172	97.07818608398438
275.0	4.0	20.27834362792969	97.31532509765626
276.0	4.0	20.282610809326172	97.54666911621094
277.0	4.0	20.28291544189453	97.77374362792969
278.0	4.0	20.28291544189453	98.00173901367188
279.0	4.0	20.28291544189453	98.23063666992188
280.0	4.0	20.283220074462893	98.46015754394531
281.0	4.0	20.282306176757814	98.69027373046876
282.0	4.0	20.282306176757814	98.9170505859375
283.0	4.0	20.287182623291017	99.13589304199219
284.0	4.0	20.297851739501954	99.34376872558595
285.0	4.0	20.313090344238283	99.54341235351563
286.0	4.0	20.329549804687503	99.74031196289063
287.0	4.0	20.34479073486328	99.93721157226562
288.0	4.0	20.36002933959961	100.13563666992188
289.0	4.0	20.37557490234375	100.33375480957032
290.0	4.0	20.390815832519532	100.53066372070313
291.0	4.0	20.40788455810547	100.72725637207031
292.0	4.0	20.423427795410156	100.9269
293.0	4.0	20.429525097656253	101.13508264160157
294.0	4.0	20.423427795410156	101.35392509765626
295.0	4.0	20.40849382324219	101.58069265136719
296.0	4.0	20.391425097656253	101.81081813964845
297.0	4.0	20.37618416748047	102.04033901367188
298.0	4.0	20.3612501953125	102.26923666992188
299.0	4.0	20.34600926513672	102.4981436279297
300.0	4.0	20.33107529296875	102.72735754394532
301.0	4.0	20.314006567382812	102.95138107910157
302.0	4.0	20.298765637207033	103.16992587890626
303.0	4.0	20.29327992553711	103.39090773925781
304.0	4.0	20.29998416748047	103.62133088378907
305.0	4.0	20.31583436279297	103.8633440185547
306.0	4.0	20.333207720947268	104.10931970214844
307.0	4.0	20.349057916259767	104.35376989746095
308.0	4.0	20.364908111572266	104.59638764648437
309.0	4.0	20.380451348876953	104.84510734863282
310.0	4.0	20.396301544189456	105.098998828125
311.0	4.0	20.417332818603516	105.32881735839844
312.0	4.0	20.4216	105.50591352539062
313.0	4.0	20.410321618652343	105.63819382324219
314.0	4.0	20.391425097656253	105.72506293945312
315.0	4.0	20.368563702392578	105.76194440917969
316.0	4.0	20.363382623291017	105.7875428466797
317.0	4.0	20.36825906982422	105.81193205566407
318.0	4.0	20.36795443725586	105.84514863281251
319.0	4.0	20.36825906982422	105.9018428466797
320.0	4.0	20.36825906982422	105.98993049316407
321.0	4.0	20.36825906982422	106.08167373046875
322.0	4.0	20.36825906982422	106.13867490234375
323.0	4.0	20.368563702392578	106.1560505859375
324.0	4.0	20.368563702392578	106.1560505859375
325.0	4.0	20.368563702392578	106.1560505859375
326.0	4.0	20.368563702392578	106.1560505859375
327.0	4.0	20.368563702392578	106.1560505859375
328.0	4.0	20.368563702392578	106.1560505859375
329.0	4.0	20.368563702392578	106.1560505859375
330.0	4.0	20.368870660400393	106.1560505859375
331.0	4.0	20.368563702392578	106.1590922607422
332.0	4.0	20.368870660400393	106.19445754394532
333.0	4.0	20.368870660400393	106.24444519042969
334.0	4.0	20.36917529296875	106.28589382324219
335.0	4.0	20.36917529296875	106.30479499511719
336.0	4.0	20.36917529296875	106.30631118164062
337.0	4.0	20.36917529296875	106.30631118164062
338.0	4.0	20.36917529296875	106.30631118164062
339.0	4.0	20.36917529296875	106.30631118164062
340.0	4.0	20.36917529296875	106.30631118164062
341.0	4.0	20.36917529296875	106.30631118164062
342.0	4.0	20.36917529296875	106.30631118164062
343.0	4.0	20.36917529296875	106.30631118164062
344.0	4.0	20.36917529296875	106.31241313476563
345.0	4.0	20.36917529296875	106.3465505859375
346.0	4.0	20.36947992553711	106.39196176757812
347.0	4.0	20.36917529296875	106.43098264160157
348.0	4.0	20.36917529296875	106.46237607421875
349.0	4.0	20.36947992553711	106.5019922607422
350.0	4.0	20.36947992553711	106.55168225097657
351.0	4.0	20.36917529296875	106.59160539550781
352.0	4.0	20.36978455810547	106.60837646484376
353.0	4.0	20.36978455810547	106.60837646484376
354.0	4.0	20.36947992553711	106.60837646484376
355.0	4.0	20.36978455810547	106.60837646484376
356.0	4.0	20.36947992553711	106.60837646484376
357.0	4.0	20.36978455810547	106.60837646484376
358.0	4.0	20.36978455810547	106.60837646484376
359.0	4.0	20.36978455810547	106.60837646484376
360.0	4.0	20.36978455810547	106.6162922607422
361.0	4.0	20.37008919067383	106.64647646484376
362.0	4.0	20.37008919067383	106.69493862304688
363.0	4.0	20.37039382324219	106.75162353515626
364.0	4.0	20.37039382324219	106.80893166503907
365.0	4.0	20.37039382324219	106.86013784179688
366.0	4.0	20.370698455810548	106.89122431640625
367.0	4.0	20.362773358154296	106.90402353515626
368.0	4.0	20.381365246582032	106.91805058593751
369.0	4.0	20.4167235534668	106.95401118164062
370.0	4.0	20.47737799072266	107.0067428466797
371.0	4.0	20.513040930175784	107.04850773925781
372.0	4.0	20.532546716308595	107.06679499511719
373.0	4.0	20.523403088378906	107.06679499511719
374.0	4.0	20.523707720947268	107.06679499511719
375.0	4.0	20.524012353515626	107.0701436279297
376.0	4.0	20.525842474365234	107.12287529296876
377.0	4.0	20.523707720947268	107.21583706054687
378.0	4.0	20.524012353515626	107.33349499511719
379.0	4.0	20.524316986083985	107.45297607421875
380.0	4.0	20.526756372070313	107.57976833496095
381.0	4.0	20.529193432617188	107.75259499511719
382.0	4.0	20.525537841796876	107.96138225097657
383.0	4.0	20.526147106933596	108.21405520019532
384.0	4.0	20.52706100463867	108.47649499511719
385.0	4.0	20.527365637207033	108.73343745117188
386.0	4.0	20.52827953491211	108.98093862304688
387.0	4.0	20.52888880004883	109.22995598144531
388.0	4.0	20.53010965576172	109.49787451171875
389.0	4.0	20.530718920898437	109.79810734863281
390.0	4.0	20.5310235534668	110.1370447998047
391.0	4.0	20.531937451171878	110.5122498046875
392.0	4.0	20.532851348876953	110.91093244628907
393.0	4.0	20.534072204589844	111.32362353515626
394.0	4.0	20.534986102294923	111.73175676269531
395.0	4.0	20.53620463256836	112.12159343261719
396.0	4.0	20.53681389770508	112.50137490234376
397.0	4.0	20.537727795410156	112.8899930419922
