12	269832	265.0	247.0
24	269832	265.0	246.0
36	269832	267.0	247.0
48	269832	267.0	247.0
60	269832	268.0	246.0
72	269832	269.0	247.0
84	269832	270.0	247.0
96	269832	270.0	247.0
108	269832	270.07142857142856	247.0
120	269832	270.92857142857144	247.0
132	269832	271.0	247.0
144	269832	273.0	247.0
156	269832	273.0	248.0
168	269832	274.0	248.0
180	269832	276.0	248.0
192	269832	276.0	249.0
204	269832	277.0	248.0
216	269832	278.0	248.0
228	269832	280.0	249.0
240	269832	282.0	249.0
252	269832	283.0	250.0
264	269832	283.0	250.0
276	269832	285.0	250.0
288	269832	287.0	250.0
300	269832	288.0	250.0
312	269832	289.0	250.0
324	269832	290.0	251.0
336	269832	292.0	251.0
348	269832	294.0	252.0
360	269832	296.0	252.0
372	269832	297.0	253.0
384	269832	298.0	253.0
396	269832	300.0	254.0
408	269832	302.0	254.0
420	269832	304.0	255.0
432	269832	307.0	255.0
444	269832	309.0	256.0
456	269832	312.0	256.0
468	269832	315.0	257.0
480	269832	319.0	257.0
492	269832	322.0	258.0
504	269832	326.0	258.0
516	269832	331.0	259.0
528	269832	336.0	260.0
540	269832	341.0	262.0
552	269832	346.0	262.0
564	269832	354.0	264.0
576	269832	360.0	265.0
588	269832	368.0	266.0
600	269832	376.0	268.0
612	269832	386.0	269.0
624	269832	396.0	271.0
636	269832	408.0	272.0
648	269832	421.0	275.0
660	269832	436.0	277.0
672	269832	454.0	281.0
684	269832	475.0	285.0
696	269832	499.0	290.0
708	269832	529.0	296.0
720	269832	566.0	304.0
732	269832	613.0	314.0
744	269832	677.0	328.0
756	269832	765.0	346.0
768	269832	897.0	376.0
780	269832	1005.0	425.0
204	269920	262.0	246.0
216	269920	262.0	245.0
228	269920	264.0	246.0
240	269920	265.0	247.0
252	269920	266.0	246.86206896551724
264	269920	266.0	246.44827586206895
276	269920	266.0	246.0344827586207
288	269920	267.0	247.0
300	269920	268.0	247.0
312	269920	268.0	247.0
324	269920	269.1578947368421	247.57894736842104
336	269920	270.42105263157896	248.21052631578948
348	269920	271.6842105263158	248.8421052631579
360	269920	272.0	249.0
372	269920	272.0	249.0
384	269920	274.0	249.0
396	269920	274.0	249.0
408	269920	276.0	249.0
420	269920	276.0	250.0
432	269920	278.0	250.0
444	269920	280.0	250.0
456	269920	281.0	251.0
468	269920	282.0	251.0
480	269920	284.0	250.0
492	269920	285.0	250.0
504	269920	287.0	251.0
516	269920	288.0	251.0
528	269920	289.0	251.0
540	269920	291.0	251.0
552	269920	292.0	252.0
564	269920	294.0	252.0
576	269920	297.0	253.0
588	269920	299.0	253.0
600	269920	300.0	254.0
612	269920	303.0	255.0
624	269920	306.0	255.0
636	269920	308.0	256.0
648	269920	312.0	257.0
660	269920	315.0	258.0
672	269920	318.0	258.0
684	269920	321.0	259.0
696	269920	325.0	260.0
708	269920	330.0	261.0
720	269920	336.0	262.0
732	269920	341.0	263.0
744	269920	347.0	264.0
756	269920	354.0	265.0
768	269920	361.0	267.0
780	269920	369.0	268.0
792	269920	379.0	270.0
804	269920	390.0	271.0
816	269920	402.0	273.0
828	269920	415.0	275.0
840	269920	431.0	278.0
852	269920	450.0	282.0
864	269920	471.0	286.0
876	269920	495.0	291.0
888	269920	525.0	298.0
900	269920	561.0	306.0
912	269920	608.0	316.0
924	269920	671.0	330.0
936	269920	757.0	349.0
948	269920	890.0	378.0
960	269920	1004.0	428.0
672	269984	254.0	246.0
684	269984	254.0	245.0
696	269984	254.0	245.0
708	269984	254.0	245.0
720	269984	255.0	246.0
732	269984	255.0	246.0
744	269984	255.0	245.0
756	269984	255.0	246.0
768	269984	256.0	247.0
780	269984	256.0	246.0
792	269984	257.0	247.0
804	269984	257.0	247.0
816	269984	258.0	246.0
828	269984	259.0	247.0
840	269984	259.0	247.0
852	269984	260.0	246.0
864	269984	261.0	247.0
876	269984	262.0	247.0
888	269984	263.0	247.0
900	269984	263.0	247.0
912	269984	265.0	246.0
924	269984	265.0	247.0
936	269984	266.0	248.0
948	269984	266.0	248.0
960	269984	268.0	248.0
972	269984	268.0	249.0
984	269984	269.0	249.0
996	269984	271.0	249.0
1008	269984	271.0	248.0
1020	269984	272.0	248.0
1032	269984	273.0	248.0
1044	269984	274.0	248.0
1056	269984	274.0	248.0
1068	269984	275.0	249.0
1080	269984	276.0	249.0
1092	269984	277.0	249.0
1104	269984	278.0	249.0
1116	269984	280.0	250.0
1128	269984	280.0	250.0
1140	269984	280.0	250.0
1152	269984	281.0	250.0
1164	269984	282.0	250.0
1176	269984	284.0	250.0
1188	269984	286.0	251.0
1200	269984	288.0	251.0
1212	269984	289.0	251.0
1224	269984	290.0	252.0
1236	269984	292.0	252.0
1248	269984	293.0	253.0
1260	269984	295.0	253.0
1272	269984	296.0	253.0
1284	269984	300.0	254.0
1296	269984	301.0	254.0
1308	269984	302.0	255.0
1320	269984	305.0	256.0
1332	269984	307.0	257.0
1344	269984	310.0	257.0
1356	269984	313.0	257.0
1368	269984	317.0	258.0
1380	269984	320.0	259.0
1392	269984	323.0	260.0
1404	269984	327.0	260.0
1416	269984	332.0	262.0
1428	269984	336.0	263.0
1440	269984	341.0	264.0
1452	269984	346.0	264.0
1464	269984	352.0	266.0
1476	269984	358.0	266.0
1488	269984	365.0	268.0
1500	269984	372.0	269.0
1512	269984	380.0	271.0
1524	269984	388.0	273.0
1536	269984	398.0	275.0
1548	269984	410.0	278.0
1560	269984	422.0	280.0
1572	269984	437.0	284.0
1584	269984	455.0	289.0
1596	269984	476.0	294.0
1608	269984	502.0	300.0
1620	269984	534.0	308.0
1632	269984	575.0	318.0
1644	269984	630.0	332.0
1656	269984	705.0	349.0
1668	269984	815.0	375.0
1680	269984	970.0	415.0
1692	269984	1044.0	493.0
708	269992	296.0	253.0
720	269992	299.0	252.0
732	269992	303.0	253.0
744	269992	305.0	253.0
756	269992	306.0	255.0
768	269992	310.0	256.0
780	269992	312.0	257.0
792	269992	314.0	257.0
804	269992	318.0	257.0
816	269992	323.0	259.0
828	269992	326.0	260.0
840	269992	331.0	261.0
852	269992	336.0	262.0
864	269992	342.0	263.0
876	269992	347.0	264.0
888	269992	354.0	266.0
900	269992	362.0	267.0
912	269992	370.0	268.0
924	269992	378.0	270.0
936	269992	389.0	271.0
948	269992	401.0	274.0
960	269992	413.0	276.0
972	269992	428.0	279.0
984	269992	446.0	283.0
996	269992	467.0	287.0
1008	269992	491.0	292.0
1020	269992	520.0	299.0
1032	269992	557.0	307.0
1044	269992	605.0	318.0
1056	269992	669.0	333.0
1068	269992	758.0	352.0
1080	269992	893.0	383.0
1092	269992	1006.0	436.0
720	269999	275.0	246.0
732	269999	275.0	246.0
744	269999	277.0	246.0
756	269999	278.0	247.0
768	269999	279.0	246.33333333333334
780	269999	279.8076923076923	247.0
792	269999	279.34615384615387	247.0
804	269999	279.0	247.0
816	269999	278.5833333333333	246.0
828	269999	279.0	247.0
840	269999	279.23809523809524	246.0
852	269999	279.8095238095238	246.0
864	269999	283.0	247.0
876	269999	283.42857142857144	246.0
888	269999	285.0	246.0
900	269999	285.1818181818182	246.0
912	269999	286.0	245.0
924	269999	287.875	246.0
936	269999	289.0	247.0
948	269999	290.8	247.0
960	269999	294.1666666666667	247.0
972	269999	296.44444444444446	247.55555555555554
984	269999	298.0	248.0
996	269999	299.0	247.0
1008	269999	300.0	247.0
1020	269999	301.0	248.0
1032	269999	303.0	249.0
1044	269999	304.0	248.0
1056	269999	303.0	249.0
1068	269999	302.0	248.0
1080	269999	306.0	249.0
1092	269999	306.0	250.0
1104	269999	307.0	250.0
1116	269999	308.0	250.0
1128	269999	310.0	251.0
1140	269999	310.0	251.0
1152	269999	312.0	252.0
1164	269999	313.0	253.0
1176	269999	315.0	252.0
1188	269999	316.0	253.0
1200	269999	319.0	253.0
1212	269999	319.0	254.0
1224	269999	321.0	255.0
1236	269999	323.0	256.0
1248	269999	325.0	256.0
1260	269999	329.0	257.0
1272	269999	333.0	258.0
1284	269999	337.0	259.0
1296	269999	342.0	260.0
1308	269999	346.0	262.0
1320	269999	352.0	263.0
1332	269999	358.0	264.0
1344	269999	365.0	265.0
1356	269999	371.0	266.0
1368	269999	380.0	268.0
1380	269999	389.0	270.0
1392	269999	399.0	272.0
1404	269999	411.0	274.0
1416	269999	424.0	276.0
1428	269999	441.0	279.0
1440	269999	458.0	283.0
1452	269999	479.0	288.0
1464	269999	506.0	293.0
1476	269999	538.0	302.0
1488	269999	577.0	309.0
1500	269999	632.0	322.0
1512	269999	704.0	338.0
1524	269999	809.0	360.0
1536	269999	965.0	397.0
1548	269999	1031.0	462.0
864	270027	295.0	245.0
876	270027	297.0	248.0
888	270027	299.0	248.0
900	270027	301.0	248.0
912	270027	303.0	248.0
924	270027	304.0	248.0
936	270027	306.0	248.0
948	270027	308.0	248.0
960	270027	310.0	249.0
972	270027	312.0	248.0
984	270027	316.0	249.0
996	270027	317.0	249.0
1008	270027	319.0	248.0
1020	270027	322.0	249.0
1032	270027	325.0	249.0
1044	270027	328.0	249.0
1056	270027	330.0	250.0
1068	270027	332.0	251.0
1080	270027	335.0	251.0
1092	270027	339.0	251.0
1104	270027	342.0	252.0
1116	270027	345.0	252.0
1128	270027	350.0	252.0
1140	270027	352.0	253.0
1152	270027	356.0	254.0
1164	270027	361.0	254.0
1176	270027	365.0	255.0
1188	270027	370.0	256.0
1200	270027	375.0	256.0
1212	270027	381.0	257.0
1224	270027	387.0	258.0
1236	270027	394.0	259.0
1248	270027	401.0	260.0
1260	270027	410.0	261.0
1272	270027	419.0	262.0
1284	270027	431.0	264.0
1296	270027	443.0	265.0
1308	270027	456.0	267.0
1320	270027	471.0	269.0
1332	270027	489.0	270.0
1344	270027	510.0	272.0
1356	270027	533.0	275.0
1368	270027	561.0	279.0
1380	270027	593.0	282.0
1392	270027	633.0	287.0
1404	270027	682.0	293.0
1416	270027	742.0	301.0
1428	270027	822.0	311.0
1440	270027	930.0	325.0
1452	270027	993.0	344.0
1116	270068	318.0	246.0
1128	270068	320.0833333333333	247.41666666666666
1140	270068	322.5833333333333	247.91666666666666
1152	270068	326.0	248.0
1164	270068	326.0	248.0
1176	270068	329.0	248.0
1188	270068	332.0	250.0
1200	270068	336.0	250.0
1212	270068	339.0	250.0
1224	270068	342.0	251.0
1236	270068	346.0	252.0
1248	270068	350.0	252.0
1260	270068	353.0	252.0
1272	270068	357.0	253.0
1284	270068	363.0	254.0
1296	270068	367.0	255.0
1308	270068	373.0	255.0
1320	270068	380.0	256.0
1332	270068	386.0	257.0
1344	270068	393.0	257.0
1356	270068	402.0	259.0
1368	270068	411.0	261.0
1380	270068	421.0	262.0
1392	270068	431.0	263.0
1404	270068	446.0	264.0
1416	270068	459.0	266.0
1428	270068	476.0	267.0
1440	270068	494.0	268.0
1452	270068	515.0	272.0
1464	270068	540.0	274.0
1476	270068	570.0	277.0
1488	270068	607.0	282.0
1500	270068	651.0	286.0
1332	270103	276.0	250.0
1344	270103	274.94444444444446	250.0
1356	270103	274.27777777777777	250.0
1368	270103	273.0	250.0
1380	270103	272.6	250.0
1392	270103	272.0	251.0
1404	270103	273.0	251.0
1416	270103	273.0	251.0
1428	270103	275.0	252.0
1440	270103	276.0	253.0
1452	270103	278.0	253.0
1464	270103	280.0	253.0
1476	270103	283.0	253.0
1488	270103	285.0	253.0
1500	270103	286.0	253.0
1512	270103	292.0	255.0
1524	270103	295.0	255.0
1536	270103	296.0	255.0
1548	270103	300.0	256.0
1560	270103	301.0	256.0
1572	270103	304.0	256.0
1584	270103	309.0	258.0
1596	270103	312.0	257.0
1608	270103	316.0	259.0
1620	270103	321.0	261.0
1632	270103	325.0	262.0
1644	270103	330.0	263.0
1656	270103	336.0	264.0
1668	270103	342.0	265.0
1680	270103	349.0	266.0
1692	270103	356.0	268.0
1704	270103	363.0	269.0
1716	270103	372.0	270.0
1728	270103	381.0	271.0
1740	270103	391.0	274.0
1752	270103	403.0	276.0
1764	270103	417.0	279.0
1776	270103	432.0	283.0
1788	270103	449.0	287.0
1800	270103	469.0	291.0
1812	270103	493.0	297.0
1824	270103	523.0	304.0
1836	270103	560.0	313.0
1848	270103	608.0	325.0
1860	270103	672.0	340.0
1872	270103	760.0	361.0
1884	270103	899.0	394.0
1896	270103	1008.0	447.0
1356	270107	286.0	250.0
1368	270107	287.0	251.0
1380	270107	288.0	251.0
1392	270107	290.0	251.0
1404	270107	292.0	251.0
1416	270107	295.0	253.0
1428	270107	297.0	253.0
1440	270107	299.0	254.0
1452	270107	301.0	254.0
1464	270107	304.0	255.0
1476	270107	306.0	255.0
1488	270107	309.0	256.0
1500	270107	311.0	257.0
1512	270107	315.0	257.0
1524	270107	319.0	258.0
1536	270107	321.0	259.0
1548	270107	326.0	259.0
1560	270107	331.0	260.0
1572	270107	335.0	262.0
1584	270107	340.0	263.0
1596	270107	345.0	263.0
1608	270107	352.0	264.0
1620	270107	358.0	266.0
1632	270107	365.0	267.0
1644	270107	373.0	269.0
1656	270107	382.0	270.0
1668	270107	392.0	271.0
1680	270107	402.0	273.0
1692	270107	415.0	275.0
1704	270107	430.0	278.0
1716	270107	446.0	281.0
1728	270107	464.0	285.0
1740	270107	487.0	290.0
1752	270107	513.0	295.0
1764	270107	544.0	303.0
1776	270107	583.0	312.0
1788	270107	633.0	323.0
1800	270107	700.0	338.0
1812	270107	792.0	357.0
1824	270107	931.0	389.0
1836	270107	1013.0	441.0
1668	270166	289.75	245.0
1680	270166	291.0	244.0
1692	270166	292.0	245.0
1704	270166	293.0	245.0
1716	270166	294.0	244.0
1728	270166	296.0	245.0
1740	270166	297.0	247.0
1752	270166	298.0	247.0
1764	270166	299.0	247.0
1776	270166	301.0	246.0
1788	270166	303.0	247.0
1800	270166	304.0	247.0
1812	270166	305.0	248.0
1824	270166	307.0	247.0
1836	270166	309.0	247.0
1848	270166	310.0	247.0
1860	270166	311.0	247.0
1872	270166	314.0	248.0
1884	270166	316.0	248.0
1896	270166	318.0	248.0
1908	270166	318.0	248.0
1920	270166	322.0	248.0
1932	270166	324.0	249.0
1944	270166	326.0	249.0
1956	270166	328.0	249.0
1968	270166	330.0	250.0
1980	270166	333.0	250.0
1992	270166	335.0	250.0
2004	270166	339.0	251.0
2016	270166	341.0	252.0
2028	270166	344.0	253.0
2040	270166	347.0	252.0
2052	270166	351.0	253.0
2064	270166	354.0	253.0
2076	270166	358.0	254.0
2088	270166	362.0	255.0
2100	270166	366.0	255.0
2112	270166	371.0	257.0
2124	270166	376.0	257.0
2136	270166	383.0	258.0
2148	270166	389.0	259.0
2160	270166	396.0	260.0
2172	270166	404.0	261.0
2184	270166	413.0	262.0
2196	270166	423.0	264.0
2208	270166	434.0	265.0
2220	270166	446.0	266.0
2232	270166	461.0	268.0
2244	270166	475.0	269.0
2256	270166	494.0	271.0
2268	270166	514.0	273.0
2280	270166	538.0	276.0
2292	270166	566.0	279.0
2304	270166	600.0	283.0
2316	270166	639.0	287.0
2328	270166	690.0	294.0
2340	270166	752.0	301.0
2352	270166	832.0	312.0
2364	270166	943.0	326.0
2376	270166	998.0	348.0
1716	270176	250.0	249.0
1728	270176	251.0	249.0
1740	270176	253.0	250.0
1752	270176	253.0	250.0
1764	270176	255.0	250.0
1776	270176	255.0	250.0
1788	270176	256.0	250.0
1800	270176	259.0	250.0
1812	270176	259.0	251.0
1824	270176	261.0	250.0
1836	270176	263.0	250.0
1848	270176	265.0	250.0
1860	270176	268.0	252.0
1872	270176	269.0	252.0
1884	270176	272.0	252.0
1896	270176	274.0	252.0
1908	270176	277.0	253.0
1920	270176	280.0	252.0
1932	270176	282.0	253.0
1944	270176	285.0	253.0
1956	270176	288.0	254.0
1968	270176	290.0	254.0
1980	270176	294.0	254.0
1992	270176	297.0	255.0
2004	270176	300.0	256.0
2016	270176	301.0	256.0
2028	270176	303.0	257.0
2040	270176	307.0	257.0
2052	270176	308.0	258.0
2064	270176	312.0	258.0
2076	270176	314.0	260.0
2088	270176	318.0	260.0
2100	270176	321.0	261.0
2112	270176	324.0	262.0
2124	270176	328.0	263.0
2136	270176	332.0	265.0
2148	270176	336.0	265.0
2160	270176	341.0	266.0
2172	270176	346.0	268.0
2184	270176	352.0	269.0
2196	270176	358.0	271.0
2208	270176	365.0	272.0
2220	270176	372.0	274.0
2232	270176	381.0	275.0
2244	270176	390.0	277.0
2256	270176	402.0	280.0
2268	270176	415.0	283.0
2280	270176	429.0	286.0
2292	270176	445.0	291.0
2304	270176	464.0	295.0
2316	270176	488.0	301.0
2328	270176	517.0	310.0
2340	270176	555.0	318.0
2352	270176	604.0	331.0
2364	270176	672.0	347.0
2376	270176	766.0	368.0
2388	270176	909.0	401.0
2400	270176	1008.0	456.0
1992	270222	313.5	247.5
2004	270222	318.0	249.0
2016	270222	317.9	249.0
2028	270222	321.5	248.5
2040	270222	323.0	247.0
2052	270222	329.0	251.0
2064	270222	332.0	250.0
2076	270222	336.0	249.0
2088	270222	339.14285714285717	249.71428571428572
2100	270222	344.2631578947368	251.1578947368421
2112	270222	349.3157894736842	251.78947368421052
2124	270222	352.77777777777777	252.88888888888889
2136	270222	357.3636363636364	255.0
2148	270222	362.0	255.0
2160	270222	367.5	254.0
2172	270222	373.0	256.0
2184	270222	380.0	256.0
2196	270222	388.0	257.0
2208	270222	396.0	259.0
2220	270222	404.0	261.0
2232	270222	413.0	261.0
2244	270222	424.0	262.0
2256	270222	437.0	264.0
2268	270222	449.0	266.0
2280	270222	464.0	267.0
2292	270222	479.0	268.0
2304	270222	496.0	270.0
2316	270222	517.0	272.0
2328	270222	540.0	275.0
2340	270222	567.0	278.0
2352	270222	588.0	261.0
2364	270222	614.0	234.0
2376	270222	666.0	234.0
2040	270229	276.0	252.0
2052	270229	279.24	252.0
2064	270229	283.08	252.0
2076	270229	285.0	253.0
2088	270229	287.0	254.0
2100	270229	290.0	254.0
2112	270229	292.0	255.0
2124	270229	296.0	256.0
2136	270229	297.0	257.0
2148	270229	303.0	257.0
2160	270229	306.0	258.0
2172	270229	309.0	259.0
2184	270229	312.0	260.0
2196	270229	316.0	261.0
2208	270229	319.0	261.0
2220	270229	325.0	263.0
2232	270229	330.0	264.0
2244	270229	336.0	265.0
2256	270229	342.0	266.0
2268	270229	351.0	267.0
2280	270229	359.0	269.0
2292	270229	369.0	270.0
2304	270229	378.0	271.0
2316	270229	388.0	274.0
2328	270229	399.0	275.0
2340	270229	412.0	277.0
2352	270229	425.0	280.0
2364	270229	441.0	284.0
2376	270229	459.0	288.0
2388	270229	479.0	292.0
2400	270229	504.0	298.0
2412	270229	535.0	305.0
2424	270229	573.0	314.0
2436	270229	622.0	326.0
2448	270229	687.0	341.0
2460	270229	775.0	361.0
2472	270229	909.0	392.0
2484	270229	1006.0	443.0
2136	270242	201.0	247.0
2148	270242	209.0	248.0
2160	270242	214.0	248.0
2172	270242	219.0	248.0
2184	270242	224.85714285714286	250.0
2196	270242	229.0	250.0
2208	270242	232.0	250.0
2220	270242	234.5	249.0
2232	270242	239.0	249.0
2244	270242	239.0	248.0
2256	270242	243.0	248.0
2268	270242	242.0	248.0
2280	270242	244.0	249.0
2292	270242	244.0	248.0
2304	270242	245.0	249.0
2316	270242	244.0	249.0
2328	270242	246.0	249.33333333333334
2340	270242	248.0	250.0
2352	270242	248.9090909090909	250.0
2364	270242	250.0	250.0
2376	270242	251.0	250.0
2388	270242	251.0	251.0
2400	270242	249.0	250.0
2412	270242	252.0	251.0
2424	270242	252.0	252.0
2436	270242	253.5	251.5
2448	270242	257.0	253.0
2460	270242	258.0	253.0
2472	270242	259.0	253.0
2484	270242	262.0	254.0
2496	270242	266.0	255.0
2508	270242	268.0	255.0
2520	270242	271.0	256.0
2532	270242	274.0	256.0
2544	270242	278.0	257.0
2556	270242	283.0	256.0
2568	270242	287.0	257.0
2580	270242	292.0	259.0
2592	270242	298.0	259.0
2604	270242	303.0	260.0
2616	270242	310.0	260.0
2628	270242	316.0	261.0
2640	270242	322.0	263.0
2652	270242	329.0	263.0
2664	270242	336.0	264.0
2676	270242	344.0	266.0
2688	270242	353.0	267.0
2700	270242	362.0	268.0
2712	270242	373.0	270.0
2724	270242	385.0	271.0
2736	270242	398.0	274.0
2748	270242	413.0	276.0
2760	270242	430.0	279.0
2772	270242	450.0	282.0
2784	270242	474.0	287.0
2796	270242	499.0	292.0
2808	270242	531.0	299.0
2820	270242	571.0	308.0
2832	270242	622.0	320.0
2844	270242	691.0	335.0
2856	270242	790.0	358.0
2868	270242	949.0	394.0
2880	270242	1026.0	458.0
2196	270256	298.0	257.0
2208	270256	300.0	258.0
2220	270256	303.0	259.0
2232	270256	307.0	260.0
2244	270256	311.0	261.0
2256	270256	315.0	261.0
2268	270256	317.0	262.0
2280	270256	325.0	263.0
2292	270256	333.0	264.0
2304	270256	337.0	265.0
2316	270256	344.0	266.0
2328	270256	352.0	268.0
2340	270256	359.0	269.0
2352	270256	368.0	271.0
2364	270256	377.0	272.0
2376	270256	387.0	274.0
2388	270256	398.0	276.0
2400	270256	414.0	280.0
2412	270256	432.0	283.0
2424	270256	450.0	287.0
2436	270256	471.0	292.0
2448	270256	496.0	297.0
2460	270256	526.0	304.0
2472	270256	563.0	312.0
2484	270256	610.0	323.0
2496	270256	669.0	338.0
2508	270256	754.0	357.0
2520	270256	879.0	386.0
2532	270256	994.0	433.0
2544	270256	1034.0	493.0
2280	270274	293.5	253.0
2292	270274	296.0	252.0
2304	270274	294.0	253.0
2316	270274	301.0	254.0
2328	270274	303.2857142857143	253.28571428571428
2340	270274	303.0	255.0
2352	270274	309.0	256.0
2364	270274	309.6666666666667	256.0
2376	270274	313.0	257.0
2388	270274	318.0	257.0
2400	270274	320.0	257.0
2412	270274	325.0	259.0
2424	270274	328.0	260.0
2436	270274	332.0	261.0
2448	270274	337.0	262.0
2460	270274	342.0	263.0
2472	270274	347.0	264.0
2484	270274	353.0	265.0
2496	270274	359.0	266.0
2508	270274	366.0	268.0
2520	270274	374.0	270.0
2532	270274	382.0	271.0
2544	270274	392.0	273.0
2556	270274	403.0	274.0
2568	270274	416.0	277.0
2580	270274	431.0	280.0
2592	270274	447.0	284.0
2604	270274	467.0	289.0
2616	270274	490.0	293.0
2628	270274	518.0	299.0
2640	270274	553.0	309.0
2652	270274	597.0	318.0
2664	270274	656.0	332.0
2676	270274	736.0	350.0
2688	270274	857.0	379.0
2700	270274	990.0	424.0
2304	270283	261.36	244.0
2316	270283	261.84	244.0
2328	270283	262.0	244.0
2340	270283	262.0	243.0
2352	270283	262.0	245.0
2364	270283	263.0	246.0
2376	270283	263.0	246.0
2388	270283	263.0	245.0
2400	270283	265.0	246.0
2412	270283	265.0	246.0
2424	270283	266.0	245.0
2436	270283	266.0	243.0
2448	270283	267.0	244.0
2460	270283	268.0	244.0
2472	270283	268.0	244.0
2484	270283	269.0	245.0
2496	270283	268.3333333333333	243.0
2508	270283	268.0	238.0
2520	270283	269.0	237.0
2532	270283	270.0	237.0
2544	270283	272.38461538461536	239.07692307692307
2556	270283	274.7142857142857	240.0
2568	270283	274.0	239.0
2580	270283	276.0	240.0
2592	270283	275.0	239.0
2604	270283	276.0	238.0
2616	270283	278.7647058823529	242.47058823529412
2628	270283	281.0	247.0
2640	270283	281.0	244.0
2652	270283	282.2857142857143	243.57142857142858
2664	270283	286.85714285714283	248.71428571428572
2676	270283	284.0	249.0
2688	270283	285.0	250.0
2700	270283	285.0	248.0
2712	270283	287.0	251.0
2724	270283	288.0	252.0
2736	270283	290.0	252.0
2748	270283	292.0	252.0
2760	270283	295.0	253.0
2772	270283	296.0	254.0
2784	270283	298.0	254.0
2796	270283	300.0	253.0
2808	270283	302.0	253.0
2820	270283	305.0	254.0
2832	270283	308.0	255.0
2844	270283	310.0	256.0
2856	270283	312.0	256.0
2868	270283	315.0	257.0
2880	270283	319.0	258.0
2892	270283	322.0	259.0
2904	270283	325.0	259.0
2916	270283	330.0	260.0
2928	270283	333.0	260.0
2940	270283	337.0	262.0
2952	270283	342.0	263.0
2964	270283	348.0	264.0
2976	270283	354.0	266.0
2988	270283	360.0	267.0
3000	270283	368.0	268.0
3012	270283	376.0	270.0
3024	270283	384.0	271.0
3036	270283	395.0	273.0
3048	270283	409.0	279.0
3060	270283	421.0	277.0
3072	270283	437.0	282.0
3084	270283	455.0	285.0
3096	270283	477.0	289.0
3108	270283	499.0	295.0
3120	270283	528.0	302.0
3132	270283	565.0	310.0
3144	270283	613.0	322.0
3156	270283	677.0	337.0
3168	270283	766.0	357.0
3180	270283	897.0	390.0
3192	270283	975.0	440.0
3204	270283	988.0	498.0
3216	270283	961.0	431.0
3228	270283	994.0	459.0
3240	270283	1000.0	401.0
2304	270285	310.0	249.0
2316	270285	313.0	248.25
2328	270285	315.4	249.0
2340	270285	319.27272727272725	249.54545454545453
2352	270285	324.0	250.0
2364	270285	325.5	250.0
2376	270285	328.0	250.0
2388	270285	334.0	250.0
2400	270285	339.0	254.0
2412	270285	341.0	251.0
2424	270285	345.0	250.0
2436	270285	350.0	252.0
2448	270285	355.0	253.0
2460	270285	360.0	253.0
2472	270285	366.0	254.0
2484	270285	373.0	255.0
2496	270285	380.0	256.0
2508	270285	388.0	257.0
2520	270285	396.0	258.0
2532	270285	407.0	261.0
2544	270285	419.0	262.0
2556	270285	430.0	262.0
2568	270285	442.0	264.0
2580	270285	455.0	266.0
2592	270285	471.0	267.0
2604	270285	488.0	268.0
2616	270285	507.0	270.0
2628	270285	530.0	272.0
2640	270285	550.0	266.0
2328	270291	278.72727272727275	250.63636363636363
2340	270291	282.0	251.0
2352	270291	285.0	252.0
2364	270291	285.3	250.0
2376	270291	287.0	250.0
2388	270291	293.0	253.0
2400	270291	295.0	255.0
2412	270291	296.5	252.0
2424	270291	300.0	255.0
2436	270291	303.0	256.0
2448	270291	305.0	255.0
2460	270291	308.0	258.0
2472	270291	311.0	258.0
2484	270291	315.0	259.0
2496	270291	318.0	260.0
2508	270291	323.0	261.0
2520	270291	328.0	262.0
2532	270291	334.0	263.0
2544	270291	340.0	264.0
2556	270291	345.0	265.0
2568	270291	353.0	267.0
2580	270291	359.0	268.0
2592	270291	367.0	270.0
2604	270291	377.0	271.0
2616	270291	387.0	272.0
2628	270291	399.0	274.0
2640	270291	412.0	276.0
2652	270291	426.0	280.0
2664	270291	443.0	283.0
2676	270291	463.0	287.0
2688	270291	486.0	292.0
2700	270291	513.0	299.0
2712	270291	547.0	307.0
2724	270291	590.0	317.0
2736	270291	647.0	331.0
2748	270291	722.0	348.0
2760	270291	837.0	375.0
2772	270291	981.0	417.0
2784	270291	1030.0	467.0
2364	270305	346.42857142857144	254.0
2376	270305	350.0	254.0
2388	270305	355.0	255.0
2400	270305	361.0	253.0
2412	270305	368.0	257.0
2424	270305	374.0	256.0
2436	270305	381.0	259.0
2448	270305	387.0	258.0
2460	270305	394.0	260.0
2472	270305	403.0	260.0
2484	270305	412.0	261.0
2496	270305	421.0	263.0
2508	270305	432.0	264.0
2520	270305	445.0	265.0
2532	270305	458.0	267.0
2544	270305	474.0	269.0
2556	270305	490.0	270.0
2568	270305	511.0	273.0
2580	270305	533.0	275.0
2592	270305	560.0	278.0
2604	270305	592.0	282.0
2616	270305	631.0	286.0
2628	270305	679.0	292.0
2640	270305	741.0	300.0
2652	270305	820.0	310.0
2664	270305	928.0	324.0
2676	270305	994.0	344.0
2532	270357	199.0	247.0
2544	270357	203.0	247.0
2556	270357	209.0	248.0
2568	270357	213.0	248.0
2580	270357	217.0	248.0
2592	270357	221.5	247.75
2604	270357	225.0	249.0
2616	270357	228.0	249.0
2628	270357	232.0	250.0
2640	270357	235.0	249.0
2652	270357	239.0	248.0
2664	270357	241.0	248.0
2676	270357	245.0	249.0
2688	270357	248.0	249.0
2700	270357	249.0	249.0
2712	270357	250.0	249.0
2724	270357	251.0	249.0
2736	270357	251.0	249.0
2748	270357	253.0	250.0
2760	270357	252.0	250.0
2772	270357	254.0	250.0
2784	270357	255.0	250.0
2796	270357	256.0	250.0
2808	270357	258.0	250.0
2820	270357	260.0	250.0
2832	270357	262.0	251.0
2844	270357	264.0	250.0
2856	270357	266.0	250.0
2868	270357	268.0	251.0
2880	270357	270.0	252.0
2892	270357	272.0	252.0
2904	270357	275.0	252.0
2916	270357	277.0	252.0
2928	270357	281.0	253.0
2940	270357	282.0	253.0
2952	270357	284.0	254.0
2964	270357	288.0	253.0
2976	270357	288.0	255.0
2988	270357	293.0	255.0
3000	270357	295.0	255.0
3012	270357	299.0	256.0
3024	270357	302.0	256.0
3036	270357	307.0	258.0
3048	270357	312.0	258.0
3060	270357	317.0	258.0
3072	270357	322.0	259.0
3084	270357	328.0	261.0
3096	270357	333.0	262.0
3108	270357	339.0	263.0
3120	270357	345.0	264.0
3132	270357	351.0	265.0
3144	270357	357.0	266.0
3156	270357	365.0	268.0
3168	270357	373.0	270.0
3180	270357	383.0	271.0
3192	270357	393.0	272.0
3204	270357	405.0	275.0
3216	270357	419.0	277.0
3228	270357	434.0	280.0
3240	270357	454.0	284.0
3252	270357	477.0	289.0
3264	270357	502.0	294.0
3276	270357	535.0	300.0
3288	270357	576.0	310.0
3300	270357	631.0	322.0
3312	270357	704.0	337.0
3324	270357	807.0	359.0
3336	270357	961.0	394.0
3348	270357	1032.0	466.0
2544	270367	252.0	250.0
2556	270367	255.0	251.0
2568	270367	258.0	251.0
2580	270367	262.0	252.0
2592	270367	264.0	251.0
2604	270367	267.0	252.0
2616	270367	271.0	252.0
2628	270367	275.0	253.0
2640	270367	278.0	253.0
2652	270367	283.0	253.0
2664	270367	286.0	254.0
2676	270367	291.0	255.0
2688	270367	296.0	256.0
2700	270367	301.0	256.0
2712	270367	306.0	256.0
2724	270367	312.0	257.0
2736	270367	319.0	258.0
2748	270367	326.0	258.0
2760	270367	334.0	259.0
2772	270367	342.0	260.0
2784	270367	350.0	261.0
2796	270367	361.0	262.0
2808	270367	372.0	263.0
2820	270367	383.0	265.0
2832	270367	396.0	266.0
2844	270367	411.0	268.0
2856	270367	427.0	269.0
2868	270367	446.0	271.0
2880	270367	468.0	274.0
2892	270367	494.0	277.0
2904	270367	525.0	282.0
2916	270367	562.0	285.0
2928	270367	609.0	292.0
2940	270367	670.0	300.0
2952	270367	749.0	310.0
2964	270367	860.0	326.0
2976	270367	980.0	346.0
2676	270419	194.0	245.0
2688	270419	197.0	245.0
2700	270419	205.0	247.0
2712	270419	210.0	247.0
2724	270419	214.0	248.0
2736	270419	218.5	247.0
2748	270419	225.5	248.0
2760	270419	227.0	250.0
2772	270419	229.0	250.0
2784	270419	233.0	249.0
2796	270419	236.0	247.6
2808	270419	240.0	247.0
2820	270419	240.0	249.0
2832	270419	242.75	248.0
2844	270419	245.0	248.0
2856	270419	247.0	249.0
2868	270419	248.0	249.0
2880	270419	248.0	249.0
2892	270419	251.0	250.0
2904	270419	252.0	250.0
2916	270419	253.0	250.0
2928	270419	253.0	250.0
2940	270419	254.0	251.0
2952	270419	257.0	251.0
2964	270419	260.0	250.0
2976	270419	260.0	251.0
2988	270419	263.0	251.0
3000	270419	265.0	251.0
3012	270419	267.0	251.0
3024	270419	269.0	252.0
3036	270419	272.0	252.0
3048	270419	274.0	253.0
3060	270419	277.0	253.0
3072	270419	280.0	253.0
3084	270419	285.0	255.0
3096	270419	288.0	255.0
3108	270419	290.0	255.0
3120	270419	293.0	256.0
3132	270419	295.0	255.0
3144	270419	299.0	256.0
3156	270419	303.0	258.0
3168	270419	306.0	258.0
3180	270419	309.0	259.0
3192	270419	313.0	259.0
3204	270419	318.0	260.0
3216	270419	323.0	261.0
3228	270419	328.0	262.0
3240	270419	333.0	263.0
3252	270419	338.0	264.0
3264	270419	344.0	265.0
3276	270419	351.0	266.0
3288	270419	358.0	268.0
3300	270419	367.0	270.0
3312	270419	376.0	272.0
3324	270419	385.0	273.0
3336	270419	397.0	275.0
3348	270419	411.0	277.0
3360	270419	427.0	281.0
3372	270419	445.0	284.0
3384	270419	467.0	289.0
3396	270419	494.0	296.0
3408	270419	528.0	304.0
3420	270419	571.0	314.0
3432	270419	626.0	326.0
3444	270419	705.0	343.0
3456	270419	822.0	369.0
3468	270419	978.0	414.0
3480	270419	1035.0	469.0
2784	270458	324.0	251.0
2796	270458	329.0	251.0
2808	270458	333.0	251.0
2820	270458	338.0	251.0
2832	270458	341.0	252.0
2844	270458	346.0	252.0
2856	270458	350.0	252.0
2868	270458	355.0	254.0
2880	270458	359.0	253.0
2892	270458	364.0	254.0
2904	270458	370.0	256.0
2916	270458	376.0	256.0
2928	270458	383.0	257.0
2940	270458	390.0	258.0
2952	270458	397.0	259.0
2964	270458	406.0	260.0
2976	270458	415.0	261.0
2988	270458	426.0	262.0
3000	270458	438.0	263.0
3012	270458	450.0	265.0
3024	270458	465.0	267.0
3036	270458	482.0	268.0
3048	270458	501.0	271.0
3060	270458	523.0	273.0
3072	270458	549.0	276.0
3084	270458	582.0	280.0
3096	270458	620.0	285.0
3108	270458	667.0	290.0
3120	270458	728.0	297.0
3132	270458	807.0	307.0
3144	270458	915.0	320.0
3156	270458	994.0	342.0
3144	270529	272.0	251.0
3156	270529	275.0	250.0
3168	270529	276.0	251.0
3180	270529	278.0	252.0
3192	270529	279.0	253.0
3204	270529	279.0	252.0
3216	270529	281.0	252.0
3228	270529	284.0	253.0
3240	270529	286.0	253.0
3252	270529	288.0	253.0
3264	270529	290.0	253.0
3276	270529	294.0	254.0
3288	270529	295.0	255.0
3300	270529	297.0	254.0
3312	270529	299.0	256.0
3324	270529	302.0	256.0
3336	270529	305.0	256.0
3348	270529	310.0	259.0
3360	270529	312.0	258.0
3372	270529	316.0	259.0
3384	270529	320.0	260.0
3396	270529	325.0	261.0
3408	270529	330.0	263.0
3420	270529	335.0	263.0
3432	270529	341.0	264.0
3444	270529	346.0	265.0
3456	270529	352.0	267.0
3468	270529	359.0	268.0
3480	270529	367.0	269.0
3492	270529	375.0	271.0
3504	270529	384.0	272.0
3516	270529	394.0	274.0
3528	270529	405.0	275.0
3540	270529	418.0	278.0
3552	270529	433.0	281.0
3564	270529	450.0	285.0
3576	270529	469.0	289.0
3588	270529	493.0	295.0
3600	270529	520.0	300.0
3612	270529	554.0	308.0
3624	270529	594.0	318.0
3636	270529	648.0	330.0
3648	270529	722.0	347.0
3660	270529	827.0	370.0
3672	270529	971.0	409.0
3684	270529	1030.0	482.0
3216	270543	289.0	255.0
3228	270543	294.0	257.0
3240	270543	298.0	258.0
3252	270543	301.0	258.0
3264	270543	305.0	258.0
3276	270543	308.0	259.0
3288	270543	314.0	261.0
3300	270543	319.0	261.0
3312	270543	325.0	262.0
3324	270543	331.0	263.0
3336	270543	337.0	264.0
3348	270543	344.0	266.0
3360	270543	352.0	267.0
3372	270543	359.0	268.0
3384	270543	367.0	270.0
3396	270543	374.0	271.0
3408	270543	383.0	273.0
3420	270543	392.0	275.0
3432	270543	403.0	277.0
3444	270543	415.0	280.0
3456	270543	428.0	283.0
3468	270543	443.0	286.0
3480	270543	462.0	291.0
3492	270543	485.0	297.0
3504	270543	511.0	303.0
3516	270543	544.0	311.0
3528	270543	586.0	321.0
3540	270543	641.0	334.0
3552	270543	718.0	352.0
3564	270543	830.0	379.0
3576	270543	976.0	419.0
3588	270543	1034.0	490.0
3252	270554	260.0	247.0
3264	270554	261.0	247.0
3276	270554	262.0	248.0
3288	270554	261.0	248.0
3300	270554	262.0	248.0
3312	270554	263.0	247.0
3324	270554	263.0	247.0
3336	270554	264.0	247.0
3348	270554	265.0	247.0
3360	270554	266.0	248.0
3372	270554	267.0	248.0
3384	270554	267.0	249.0
3396	270554	267.44444444444446	248.0
3408	270554	268.0	248.0
3420	270554	269.94117647058823	249.2941176470588
3432	270554	271.4	250.0
3444	270554	273.0	249.0
3456	270554	274.0	250.0
3468	270554	275.0	250.0
3480	270554	275.0	249.0
3492	270554	275.0	249.0
3504	270554	277.0	250.0
3516	270554	278.0	250.0
3528	270554	280.0	250.0
3540	270554	280.0	250.0
3552	270554	282.0	251.0
3564	270554	284.0	252.0
3576	270554	285.0	253.0
3588	270554	287.0	254.0
3600	270554	288.0	253.0
3612	270554	290.0	253.0
3624	270554	292.0	253.0
3636	270554	295.0	254.0
3648	270554	297.0	254.0
3660	270554	299.0	255.0
3672	270554	304.0	256.0
3684	270554	306.0	256.0
3696	270554	309.0	257.0
3708	270554	312.0	259.0
3720	270554	318.0	258.0
3732	270554	321.0	260.0
3744	270554	327.0	261.0
3756	270554	330.0	263.0
3768	270554	336.0	264.0
3780	270554	342.0	265.0
3792	270554	350.0	267.0
3804	270554	357.0	269.0
3816	270554	368.0	271.0
3828	270554	379.0	273.0
3840	270554	392.0	275.0
3852	270554	407.0	278.0
3864	270554	424.0	282.0
3876	270554	447.0	288.0
3888	270554	473.0	292.0
3900	270554	506.0	299.0
3912	270554	549.0	310.0
3924	270554	607.0	322.0
3936	270554	691.0	340.0
3948	270554	818.0	367.0
3960	270554	990.0	416.0
3408	270595	297.0	248.0
3420	270595	299.75	248.0
3432	270595	301.0	248.0
3444	270595	303.0	248.0
3456	270595	306.0	249.0
3468	270595	306.0	248.0
3480	270595	308.0	249.0
3492	270595	310.0	249.0
3504	270595	312.0	250.0
3516	270595	315.0	250.0
3528	270595	317.0	250.0
3540	270595	319.0	250.0
3552	270595	321.0	249.0
3564	270595	324.0	250.0
3576	270595	325.0	251.0
3588	270595	329.0	252.0
3600	270595	332.0	252.0
3612	270595	335.0	252.0
3624	270595	339.0	252.0
3636	270595	343.0	253.0
3648	270595	346.0	253.0
3660	270595	351.0	253.0
3672	270595	355.0	254.0
3684	270595	360.0	254.0
3696	270595	365.0	255.0
3708	270595	371.0	256.0
3720	270595	377.0	256.0
3732	270595	383.0	257.0
3744	270595	390.0	258.0
3756	270595	397.0	259.0
3768	270595	406.0	261.0
3780	270595	415.0	262.0
3792	270595	425.0	263.0
3804	270595	437.0	265.0
3816	270595	450.0	267.0
3828	270595	464.0	268.0
3840	270595	481.0	270.0
3852	270595	499.0	272.0
3864	270595	520.0	274.0
3876	270595	545.0	278.0
3888	270595	575.0	281.0
3900	270595	611.0	286.0
3912	270595	656.0	292.0
3924	270595	712.0	298.0
3936	270595	787.0	307.0
3948	270595	887.0	320.0
3492	270618	261.0	246.0
3504	270618	261.0	246.0
3516	270618	263.0	247.0
3528	270618	264.0	247.0
3540	270618	264.2	246.2
3552	270618	265.78688524590166	247.2622950819672
3564	270618	266.9672131147541	247.65573770491804
3576	270618	268.1475409836066	248.04918032786884
3588	270618	269.327868852459	248.44262295081967
3600	270618	270.5081967213115	248.8360655737705
3612	270618	271.5	249.0
3624	270618	273.0	249.0
3636	270618	273.0	248.0
3648	270618	274.0	248.0
3660	270618	275.0	248.0
3672	270618	277.0	249.0
3684	270618	278.0	249.0
3696	270618	279.0	250.0
3708	270618	281.0	250.0
3720	270618	281.0	250.0
3732	270618	283.0	250.0
3744	270618	285.0	250.0
3756	270618	287.0	251.0
3768	270618	288.0	252.0
3780	270618	290.0	252.0
3792	270618	292.0	253.0
3804	270618	293.0	253.0
3816	270618	296.0	254.0
3828	270618	299.0	254.0
3840	270618	300.0	255.0
3852	270618	303.0	256.0
3864	270618	306.0	256.0
3876	270618	308.0	258.0
3888	270618	310.0	258.0
3900	270618	313.0	259.0
3912	270618	316.0	259.0
3924	270618	319.0	260.0
3936	270618	322.0	260.0
3948	270618	327.0	262.0
3960	270618	331.0	263.0
3972	270618	337.0	264.0
3984	270618	343.0	265.0
3996	270618	350.0	266.0
4008	270618	356.0	267.0
4020	270618	366.0	269.0
4032	270618	374.0	270.0
4044	270618	384.0	272.0
4056	270618	397.0	274.0
4068	270618	410.0	276.0
4080	270618	426.0	279.0
4092	270618	444.0	283.0
4104	270618	466.0	287.0
4116	270618	492.0	293.0
4128	270618	523.0	300.0
4140	270618	565.0	311.0
4152	270618	618.0	322.0
4164	270618	694.0	338.0
4176	270618	805.0	362.0
4188	270618	969.0	403.0
3648	270645	261.0	247.0
3660	270645	261.0	247.0
3672	270645	262.0	246.0
3684	270645	262.0	246.0
3696	270645	265.0	247.0
3708	270645	265.0	248.0
3720	270645	265.0	247.0
3732	270645	266.0	248.0
3744	270645	267.0	248.0
3756	270645	269.0	249.0
3768	270645	271.0	250.0
3780	270645	271.0	250.0
3792	270645	273.0	250.0
3804	270645	274.0	250.0
3816	270645	276.0	250.0
3828	270645	276.0	250.0
3840	270645	277.0	251.0
3852	270645	280.0	251.0
3864	270645	282.0	252.0
3876	270645	283.0	253.0
3888	270645	285.0	253.0
3900	270645	288.0	253.0
3912	270645	289.0	253.0
3924	270645	291.0	253.0
3936	270645	294.0	254.0
3948	270645	296.0	254.0
3960	270645	297.0	255.0
3972	270645	299.0	254.0
3984	270645	302.0	255.0
3996	270645	304.0	256.0
4008	270645	308.0	256.0
4020	270645	311.0	257.0
4032	270645	313.0	257.0
4044	270645	316.0	258.0
4056	270645	320.0	259.0
4068	270645	323.0	259.0
4080	270645	328.0	260.0
4092	270645	332.0	261.0
4104	270645	337.0	262.0
4116	270645	342.0	264.0
4128	270645	349.0	265.0
4140	270645	356.0	266.0
4152	270645	364.0	268.0
4164	270645	372.0	269.0
4176	270645	381.0	271.0
4188	270645	393.0	273.0
4200	270645	405.0	274.0
4212	270645	420.0	278.0
4224	270645	436.0	281.0
4236	270645	456.0	286.0
4248	270645	480.0	291.0
4260	270645	508.0	298.0
4272	270645	543.0	306.0
4284	270645	588.0	316.0
4296	270645	648.0	331.0
4308	270645	734.0	350.0
4320	270645	861.0	380.0
4332	270645	994.0	428.0
3804	270659	317.1111111111111	249.77777777777777
3816	270659	322.0	250.0
3828	270659	326.0	251.0
3840	270659	330.0	251.0
3852	270659	334.0	253.0
3864	270659	339.0	253.0
3876	270659	344.0	254.0
3888	270659	348.0	254.0
3900	270659	355.0	255.0
3912	270659	360.0	255.0
3924	270659	366.0	256.0
3936	270659	370.0	257.0
3948	270659	376.0	257.0
3960	270659	383.0	258.0
3972	270659	390.0	259.0
3984	270659	398.0	260.0
3996	270659	406.0	261.0
4008	270659	415.0	261.0
4020	270659	426.0	262.0
4032	270659	438.0	264.0
4044	270659	451.0	265.0
4056	270659	465.0	267.0
4068	270659	482.0	269.0
4080	270659	501.0	270.0
4092	270659	524.0	272.0
4104	270659	550.0	275.0
4116	270659	582.0	279.0
4128	270659	618.0	283.0
4140	270659	666.0	289.0
4152	270659	725.0	295.0
4164	270659	802.0	304.0
4176	270659	912.0	315.0
4188	270659	977.0	301.0
4020	270705	288.0	248.0
4032	270705	289.2258064516129	248.03225806451613
4044	270705	291.93548387096774	248.41935483870967
4056	270705	294.64516129032256	248.80645161290323
4068	270705	296.0	249.0
4080	270705	298.0	249.0
4092	270705	301.0	249.0
4104	270705	303.0	249.0
4116	270705	307.0	250.0
4128	270705	309.0	250.0
4140	270705	312.0	250.0
4152	270705	315.0	250.0
4164	270705	319.0	250.0
4176	270705	322.0	251.0
4188	270705	325.0	251.0
4200	270705	329.0	252.0
4212	270705	332.0	253.0
4224	270705	336.0	253.0
4236	270705	341.0	254.0
4248	270705	346.0	254.0
4260	270705	351.0	255.0
4272	270705	356.0	256.0
4284	270705	362.0	257.0
4296	270705	369.0	257.0
4308	270705	376.0	258.0
4320	270705	383.0	259.0
4332	270705	392.0	260.0
4344	270705	400.0	261.0
4356	270705	411.0	263.0
4368	270705	422.0	265.0
4380	270705	434.0	265.0
4392	270705	448.0	267.0
4404	270705	465.0	269.0
4416	270705	483.0	270.0
4428	270705	504.0	273.0
4440	270705	528.0	275.0
4452	270705	559.0	279.0
4464	270705	595.0	283.0
4476	270705	640.0	289.0
4488	270705	697.0	295.0
4500	270705	772.0	305.0
4512	270705	873.0	317.0
4524	270705	979.0	335.0
4032	270707	275.6	245.0
4044	270707	276.5	245.5
4056	270707	276.14814814814815	245.0
4068	270707	277.037037037037	245.0
4080	270707	277.9259259259259	245.0
4092	270707	279.0	245.0
4104	270707	280.0	246.0
4116	270707	280.9230769230769	245.69230769230768
4128	270707	281.84615384615387	245.3846153846154
4140	270707	282.7692307692308	245.07692307692307
4152	270707	283.0	244.0
4164	270707	284.0	244.0
4176	270707	285.0	245.0
4188	270707	286.0	245.0
4200	270707	287.5	246.0
4212	270707	288.0	247.0
4224	270707	289.0	247.0
4236	270707	290.0	247.0
4248	270707	291.0	247.0
4260	270707	292.0	247.0
4272	270707	293.0	248.0
4284	270707	294.6363636363636	248.8181818181818
4296	270707	295.2	248.0
4308	270707	296.5	247.0
4320	270707	298.0	248.0
4332	270707	300.0	249.0
4344	270707	302.0	250.0
4356	270707	303.0	249.0
4368	270707	305.0	250.0
4380	270707	307.0	250.0
4392	270707	307.0	250.0
4404	270707	309.0	250.0
4416	270707	312.0	250.0
4428	270707	313.0	250.0
4440	270707	315.0	250.0
4452	270707	315.0	250.0
4464	270707	315.0	251.0
4476	270707	314.0	251.0
4488	270707	315.0	252.0
4500	270707	317.0	252.0
4512	270707	319.0	253.0
4524	270707	320.0	253.0
4536	270707	321.0	253.0
4548	270707	323.0	254.0
4560	270707	326.0	254.0
4572	270707	327.0	254.0
4584	270707	329.0	256.0
4596	270707	330.0	257.0
4608	270707	332.0	258.0
4620	270707	335.0	259.0
4632	270707	339.0	260.0
4644	270707	342.0	262.0
4656	270707	345.0	263.0
4668	270707	351.0	264.0
4680	270707	356.0	265.0
4692	270707	363.0	267.0
4704	270707	370.0	269.0
4716	270707	380.0	271.0
4728	270707	390.0	273.0
4740	270707	402.0	275.0
4752	270707	417.0	278.0
4764	270707	433.0	282.0
4776	270707	454.0	286.0
4788	270707	480.0	292.0
4800	270707	511.0	299.0
4812	270707	552.0	309.0
4824	270707	607.0	321.0
4836	270707	688.0	340.0
4848	270707	810.0	367.0
4860	270707	980.0	415.0
4200	270744	261.0	247.0
4212	270744	261.0	246.0909090909091
4224	270744	261.0	247.0
4236	270744	262.0	248.33333333333334
4248	270744	262.0	248.0
4260	270744	264.0	249.0
4272	270744	265.0	249.0
4284	270744	265.0	249.0
4296	270744	266.0	248.0
4308	270744	266.0	249.0
4320	270744	267.0	250.0
4332	270744	267.0	250.0
4344	270744	269.0	250.0
4356	270744	268.0	250.0
4368	270744	274.5	249.5
4380	270744	277.0	249.0
4392	270744	277.0	251.0
4404	270744	276.0	251.0
4416	270744	278.0	251.0
4428	270744	277.0	251.0
4440	270744	280.0	251.0
4452	270744	282.0	251.0
4464	270744	282.0	251.0
4476	270744	282.0	251.0
4488	270744	285.0	252.0
4500	270744	287.0	253.0
4512	270744	289.0	253.0
4524	270744	290.0	253.0
4536	270744	292.0	253.0
4548	270744	294.0	254.0
4560	270744	296.0	253.0
4572	270744	298.0	254.0
4584	270744	301.0	254.0
4596	270744	303.0	255.0
4608	270744	305.0	256.0
4620	270744	307.0	256.0
4632	270744	310.0	257.0
4644	270744	312.0	258.0
4656	270744	315.0	258.0
4668	270744	318.0	259.0
4680	270744	322.0	260.0
4692	270744	327.0	262.0
4704	270744	331.0	262.0
4716	270744	338.0	264.0
4728	270744	344.0	265.0
4740	270744	352.0	267.0
4752	270744	361.0	269.0
4764	270744	370.0	271.0
4776	270744	381.0	273.0
4788	270744	395.0	274.0
4800	270744	412.0	277.0
4812	270744	429.0	280.0
4824	270744	448.0	285.0
4836	270744	471.0	289.0
4848	270744	499.0	296.0
4860	270744	534.0	304.0
4872	270744	580.0	315.0
4884	270744	641.0	329.0
4896	270744	729.0	347.0
4908	270744	867.0	379.0
4920	270744	1003.0	432.0
4476	270777	323.0	249.0
4488	270777	326.0	250.0
4500	270777	329.0	250.0
4512	270777	331.0	250.0
4524	270777	334.0	251.0
4536	270777	339.0	252.0
4548	270777	343.0	252.0
4560	270777	348.0	251.0
4572	270777	352.0	253.0
4584	270777	356.0	253.0
4596	270777	360.0	254.0
4608	270777	366.0	255.0
4620	270777	372.0	256.0
4632	270777	378.0	256.0
4644	270777	385.0	257.0
4656	270777	392.0	259.0
4668	270777	401.0	259.0
4680	270777	410.0	261.0
4692	270777	420.0	262.0
4704	270777	430.0	263.0
4716	270777	443.0	264.0
4728	270777	458.0	267.0
4740	270777	474.0	268.0
4752	270777	492.0	271.0
4764	270777	513.0	272.0
4776	270777	538.0	275.0
4788	270777	568.0	279.0
4800	270777	605.0	283.0
4812	270777	650.0	288.0
4824	270777	707.0	295.0
4836	270777	784.0	304.0
4848	270777	893.0	316.0
4548	270784	259.0	247.0
4560	270784	258.0	246.0
4572	270784	258.0	246.0
4584	270784	259.0	247.0
4596	270784	259.0	246.0
4608	270784	259.0	246.0
4620	270784	259.0	247.0
4632	270784	260.0	247.0
4644	270784	260.0	248.0
4656	270784	260.0	248.0
4668	270784	262.0	247.0
4680	270784	262.0	247.0
4692	270784	264.0	247.0
4704	270784	265.0	247.0
4716	270784	265.0	248.0
4728	270784	266.0	248.0
4740	270784	267.0	248.0
4752	270784	268.0	248.0
4764	270784	269.0	248.0
4776	270784	270.3333333333333	248.66666666666666
4788	270784	271.61538461538464	249.3846153846154
4800	270784	272.0	249.0
4812	270784	272.0	249.0
4824	270784	274.0	250.0
4836	270784	275.0	250.0
4848	270784	277.0	249.0
4860	270784	277.0	250.0
4872	270784	279.0	250.0
4884	270784	280.0	250.0
4896	270784	282.0	250.0
4908	270784	282.0	250.0
4920	270784	285.0	250.0
4932	270784	286.0	251.0
4944	270784	288.0	252.0
4956	270784	290.0	252.0
4968	270784	291.0	253.0
4980	270784	294.0	253.0
4992	270784	298.0	254.0
5004	270784	299.0	254.0
5016	270784	301.0	254.0
5028	270784	304.0	255.0
5040	270784	306.0	255.0
5052	270784	309.0	256.0
5064	270784	312.0	257.0
5076	270784	316.0	258.0
5088	270784	319.0	258.0
5100	270784	322.0	259.0
5112	270784	327.0	260.0
5124	270784	332.0	262.0
5136	270784	336.0	262.0
5148	270784	342.0	263.0
5160	270784	348.0	264.0
5172	270784	354.0	266.0
5184	270784	362.0	267.0
5196	270784	370.0	268.0
5208	270784	379.0	270.0
5220	270784	389.0	272.0
5232	270784	401.0	274.0
5244	270784	415.0	277.0
5256	270784	431.0	280.0
5268	270784	450.0	284.0
5280	270784	472.0	289.0
5292	270784	501.0	295.0
5304	270784	535.0	303.0
5316	270784	578.0	313.0
5328	270784	638.0	325.0
5340	270784	720.0	343.0
5352	270784	844.0	369.0
5364	270784	990.0	414.0
4680	270796	295.0	247.0
4692	270796	297.0	248.0
4704	270796	298.0	248.0
4716	270796	298.0	248.0
4728	270796	299.0	248.0
4740	270796	300.0	247.0
4752	270796	303.0	249.0
4764	270796	305.0	249.0
4776	270796	306.0	250.0
4788	270796	308.0	249.0
4800	270796	310.0	250.0
4812	270796	312.0	250.0
4824	270796	315.0	250.0
4836	270796	316.0	250.0
4848	270796	319.0	250.0
4860	270796	322.0	251.0
4872	270796	324.0	251.0
4884	270796	326.0	251.0
4896	270796	330.0	252.0
4908	270796	333.0	252.0
4920	270796	337.0	253.0
4932	270796	341.0	254.0
4944	270796	345.0	254.0
4956	270796	350.0	254.0
4968	270796	355.0	256.0
4980	270796	360.0	256.0
4992	270796	366.0	257.0
5004	270796	372.0	257.0
5016	270796	380.0	258.0
5028	270796	387.0	259.0
5040	270796	395.0	260.0
5052	270796	404.0	261.0
5064	270796	415.0	263.0
5076	270796	426.0	264.0
5088	270796	440.0	266.0
5100	270796	456.0	268.0
5112	270796	473.0	269.0
5124	270796	494.0	271.0
5136	270796	517.0	274.0
5148	270796	546.0	277.0
5160	270796	579.0	280.0
5172	270796	621.0	285.0
5184	270796	673.0	292.0
5196	270796	740.0	299.0
5208	270796	830.0	311.0
5220	270796	953.0	326.0
5232	270796	1007.0	353.0
4728	270803	316.0	250.0
4740	270803	318.0	249.0
4752	270803	323.0	251.0
4764	270803	327.0	252.0
4776	270803	329.0	252.0
4788	270803	337.0	252.0
4800	270803	340.0	253.0
4812	270803	344.0	253.0
4824	270803	348.0	254.0
4836	270803	352.0	254.0
4848	270803	355.0	255.0
4860	270803	360.0	256.0
4872	270803	365.0	257.0
4884	270803	370.0	257.0
4896	270803	375.0	257.0
4908	270803	381.0	258.0
4920	270803	389.0	260.0
4932	270803	396.0	261.0
4944	270803	404.0	262.0
4956	270803	411.0	264.0
4968	270803	422.0	265.0
4980	270803	433.0	266.0
4992	270803	445.0	268.0
5004	270803	459.0	269.0
5016	270803	476.0	271.0
5028	270803	494.0	273.0
5040	270803	516.0	276.0
5052	270803	541.0	279.0
5064	270803	573.0	283.0
5076	270803	611.0	288.0
5088	270803	660.0	294.0
5100	270803	721.0	303.0
5112	270803	804.0	313.0
5124	270803	919.0	329.0
5136	270803	995.0	350.0
4824	270816	260.0	246.625
4836	270816	260.0	247.0
4848	270816	260.22222222222223	246.0
4860	270816	260.0	248.0
4872	270816	262.0	247.0
4884	270816	262.0	247.0
4896	270816	263.0	248.0
4908	270816	263.0	247.0
4920	270816	265.0	248.0
4932	270816	265.0	249.0
4944	270816	266.0	249.0
4956	270816	268.0	249.0
4968	270816	268.0	249.0
4980	270816	268.0	250.0
4992	270816	269.0	249.0
5004	270816	270.0	250.0
5016	270816	271.0	250.0
5028	270816	273.0	250.0
5040	270816	274.0	250.0
5052	270816	275.0	250.0
5064	270816	276.0	250.0
5076	270816	276.0	251.0
5088	270816	278.0	251.0
5100	270816	279.0	250.0
5112	270816	280.0	251.0
5124	270816	281.0	251.0
5136	270816	283.0	251.0
5148	270816	284.0	252.0
5160	270816	285.0	252.0
5172	270816	286.0	252.0
5184	270816	288.0	253.0
5196	270816	289.0	253.0
5208	270816	292.0	254.0
5220	270816	294.0	254.0
5232	270816	295.0	255.0
5244	270816	297.0	255.0
5256	270816	299.0	256.0
5268	270816	302.0	256.0
5280	270816	304.0	256.0
5292	270816	307.0	257.0
5304	270816	309.0	257.0
5316	270816	312.0	258.0
5328	270816	316.0	259.0
5340	270816	319.0	260.0
5352	270816	324.0	260.0
5364	270816	328.0	261.0
5376	270816	333.0	262.0
5388	270816	338.0	263.0
5400	270816	343.0	264.0
5412	270816	349.0	266.0
5424	270816	356.0	267.0
5436	270816	364.0	269.0
5448	270816	372.0	270.0
5460	270816	382.0	272.0
5472	270816	393.0	274.0
5484	270816	404.0	276.0
5496	270816	418.0	278.0
5508	270816	433.0	281.0
5520	270816	450.0	285.0
5532	270816	474.0	291.0
5544	270816	499.0	297.0
5556	270816	530.0	305.0
5568	270816	570.0	315.0
5580	270816	622.0	328.0
5592	270816	693.0	343.0
5604	270816	798.0	366.0
5616	270816	957.0	405.0
5628	270816	1025.0	471.0
5052	270881	194.0	246.0
5064	270881	199.0	247.0
5076	270881	205.0	248.0
5088	270881	210.0	249.0
5100	270881	214.0	249.0
5112	270881	217.0	249.0
5124	270881	222.0	250.0
5136	270881	226.6	250.0
5148	270881	229.0	249.0
5160	270881	232.0	250.0
5172	270881	236.2	249.0
5184	270881	240.0	249.0
5196	270881	241.0	250.0
5208	270881	243.75	250.0
5220	270881	246.0	250.0
5232	270881	247.0	250.0
5244	270881	248.0	250.0
5256	270881	249.0	250.0
5268	270881	252.0	249.0
5280	270881	252.45454545454547	250.0
5292	270881	253.54545454545453	250.0
5304	270881	254.63636363636363	250.0
5316	270881	255.72727272727272	250.0
5328	270881	255.14285714285714	250.0
5340	270881	258.0	250.0
5352	270881	260.0	250.0
5364	270881	260.0	251.0
5376	270881	261.0	251.0
5388	270881	261.0	251.0
5400	270881	264.0	251.0
5412	270881	265.0	252.0
5424	270881	266.0	252.0
5436	270881	268.0	252.0
5448	270881	271.0	253.0
5460	270881	272.0	253.0
5472	270881	274.0	253.0
5484	270881	276.0	253.0
5496	270881	278.0	253.0
5508	270881	280.0	254.0
5520	270881	283.0	255.0
5532	270881	286.0	255.0
5544	270881	288.0	255.0
5556	270881	292.0	256.0
5568	270881	296.0	256.0
5580	270881	299.0	257.0
5592	270881	302.0	258.0
5604	270881	306.0	258.0
5616	270881	310.0	259.0
5628	270881	315.0	260.0
5640	270881	319.0	260.0
5652	270881	323.0	261.0
5664	270881	330.0	262.0
5676	270881	335.0	264.0
5688	270881	341.0	265.0
5700	270881	347.0	266.0
5712	270881	354.0	267.0
5724	270881	362.0	269.0
5736	270881	371.0	270.0
5748	270881	379.0	271.0
5760	270881	390.0	273.0
5772	270881	401.0	274.0
5784	270881	414.0	276.0
5796	270881	428.0	279.0
5808	270881	445.0	282.0
5820	270881	464.0	285.0
5832	270881	484.0	290.0
5844	270881	510.0	296.0
5856	270881	541.0	302.0
5868	270881	578.0	310.0
5880	270881	623.0	320.0
5892	270881	685.0	334.0
5904	270881	774.0	354.0
5916	270881	899.0	381.0
5928	270881	997.0	428.0
5196	270907	337.0	253.0
5208	270907	342.0	254.0
5220	270907	347.0	254.0
5232	270907	353.0	255.0
5244	270907	360.0	256.0
5256	270907	366.0	256.0
5268	270907	374.0	257.0
5280	270907	382.0	258.0
5292	270907	390.0	259.0
5304	270907	398.0	260.0
5316	270907	408.0	261.0
5328	270907	418.0	262.0
5340	270907	430.0	263.0
5352	270907	444.0	265.0
5364	270907	459.0	267.0
5376	270907	476.0	268.0
5388	270907	496.0	270.0
5400	270907	519.0	272.0
5412	270907	545.0	276.0
5424	270907	575.0	279.0
5436	270907	611.0	284.0
5448	270907	656.0	289.0
5460	270907	713.0	296.0
5472	270907	787.0	306.0
5484	270907	888.0	320.0
5496	270907	984.0	338.0
5220	270910	195.0	245.0
5232	270910	201.0	247.0
5244	270910	206.0	248.0
5256	270910	210.0	248.0
5268	270910	214.0	249.0
5280	270910	218.0	249.0
5292	270910	222.0	250.0
5304	270910	224.0	250.0
5316	270910	227.0	250.0
5328	270910	231.0	250.0
5340	270910	234.0	249.0
5352	270910	236.0	250.0
5364	270910	240.0	250.0
5376	270910	240.0	250.0
5388	270910	239.0	250.0
5400	270910	242.0	250.0
5412	270910	242.0	250.0
5424	270910	244.0	250.0
5436	270910	244.0	250.0
5448	270910	244.0	250.0
5460	270910	246.55555555555554	249.77777777777777
5472	270910	247.0	251.0
5484	270910	248.0	251.0
5496	270910	251.0	251.0
5508	270910	253.0	251.0
5520	270910	254.0	251.0
5532	270910	256.0	252.0
5544	270910	258.0	253.0
5556	270910	259.0	253.0
5568	270910	262.0	252.0
5580	270910	265.0	253.0
5592	270910	267.0	253.0
5604	270910	270.0	254.0
5616	270910	272.0	254.0
5628	270910	275.0	254.0
5640	270910	277.0	254.0
5652	270910	280.0	255.0
5664	270910	282.0	256.0
5676	270910	285.0	257.0
5688	270910	287.0	257.0
5700	270910	291.0	259.0
5712	270910	294.0	258.0
5724	270910	298.0	260.0
5736	270910	301.0	259.0
5748	270910	305.0	260.0
5760	270910	311.0	261.0
5772	270910	315.0	263.0
5784	270910	322.0	264.0
5796	270910	329.0	266.0
5808	270910	335.0	266.0
5820	270910	342.0	268.0
5832	270910	348.0	269.0
5844	270910	355.0	270.0
5856	270910	363.0	272.0
5868	270910	373.0	273.0
5880	270910	381.0	274.0
5892	270910	393.0	277.0
5904	270910	405.0	280.0
5916	270910	420.0	284.0
5928	270910	436.0	287.0
5940	270910	456.0	292.0
5952	270910	481.0	298.0
5964	270910	508.0	306.0
5976	270910	544.0	314.0
5988	270910	592.0	326.0
6000	270910	656.0	341.0
6012	270910	746.0	363.0
6024	270910	885.0	397.0
6036	270910	1005.0	451.0
5232	270914	272.0	247.0
5244	270914	274.0	246.0
5256	270914	275.0	247.0
5268	270914	277.0	247.0
5280	270914	279.0	247.0
5292	270914	279.85714285714283	247.14285714285714
5304	270914	283.2857142857143	247.71428571428572
5316	270914	286.0	247.0
5328	270914	287.55555555555554	248.11111111111111
5340	270914	289.4166666666667	247.58333333333334
5352	270914	291.0	247.0
5364	270914	293.6666666666667	247.0
5376	270914	296.0	248.0
5388	270914	297.0	248.0
5400	270914	300.0	248.0
5412	270914	306.0	248.0
5424	270914	308.0	250.0
5436	270914	316.0	250.0
5448	270914	314.0	250.0
5460	270914	310.0	250.0
5472	270914	308.0	248.0
5484	270914	309.0	249.0
5496	270914	314.0	250.0
5508	270914	316.0	250.0
5520	270914	321.0	250.0
5532	270914	324.0	250.0
5544	270914	329.0	252.0
5556	270914	330.0	252.0
5568	270914	335.0	252.0
5580	270914	340.0	253.0
5592	270914	345.0	254.0
5604	270914	351.0	253.0
5616	270914	356.0	255.0
5628	270914	363.0	256.0
5640	270914	369.0	256.0
5652	270914	376.0	257.0
5664	270914	384.0	258.0
5676	270914	393.0	260.0
5688	270914	403.0	261.0
5700	270914	414.0	262.0
5712	270914	424.0	262.0
5724	270914	439.0	264.0
5736	270914	451.0	266.0
5748	270914	469.0	268.0
5760	270914	485.0	270.0
5772	270914	507.0	272.0
5784	270914	531.0	275.0
5796	270914	559.0	278.0
5808	270914	594.0	282.0
5820	270914	637.0	287.0
5832	270914	690.0	294.0
5844	270914	757.0	302.0
5856	270914	848.0	313.0
5868	270914	967.0	330.0
5460	270963	326.0	250.0
5472	270963	333.0	252.0
5484	270963	337.0	252.0
5496	270963	340.0	253.0
5508	270963	344.0	253.0
5520	270963	349.0	254.0
5532	270963	353.0	254.0
5544	270963	358.0	255.0
5556	270963	363.0	255.0
5568	270963	369.0	256.0
5580	270963	376.0	256.0
5592	270963	383.0	258.0
5604	270963	390.0	259.0
5616	270963	398.0	260.0
5628	270963	408.0	262.0
5640	270963	418.0	262.0
5652	270963	430.0	264.0
5664	270963	444.0	265.0
5676	270963	459.0	268.0
5688	270963	476.0	270.0
5700	270963	496.0	272.0
5712	270963	520.0	274.0
5724	270963	548.0	277.0
5736	270963	583.0	282.0
5748	270963	628.0	287.0
5760	270963	679.0	293.0
5772	270963	750.0	303.0
5784	270963	845.0	316.0
5796	270963	968.0	333.0
5532	270976	196.0	246.0
5544	270976	200.0	247.0
5556	270976	206.0	248.0
5568	270976	211.0	248.0
5580	270976	216.0	248.0
5592	270976	220.0	249.0
5604	270976	224.0	249.0
5616	270976	228.0	250.0
5628	270976	232.0	250.0
5640	270976	234.0	250.0
5652	270976	235.0	250.0
5664	270976	238.0	250.0
5676	270976	238.0	250.0
5688	270976	243.0	250.0
5700	270976	244.0	250.0
5712	270976	243.0	250.0
5724	270976	245.0	251.0
5736	270976	247.0	250.0
5748	270976	247.0	251.0
5760	270976	246.0	251.0
5772	270976	247.0	251.0
5784	270976	248.0	251.0
5796	270976	248.0	252.0
5808	270976	250.0	252.0
5820	270976	251.0	252.0
5832	270976	252.0	252.0
5844	270976	253.0	253.0
5856	270976	254.0	253.0
5868	270976	257.0	253.0
5880	270976	258.0	254.0
5892	270976	261.0	255.0
5904	270976	263.0	255.0
5916	270976	264.0	255.0
5928	270976	266.0	255.0
5940	270976	266.0	256.0
5952	270976	269.0	255.0
5964	270976	272.0	256.0
5976	270976	274.0	257.0
5988	270976	277.0	257.0
6000	270976	279.0	258.0
6012	270976	283.0	259.0
6024	270976	286.0	259.0
6036	270976	290.0	259.0
6048	270976	294.0	260.0
6060	270976	297.0	261.0
6072	270976	300.0	262.0
6084	270976	305.0	262.0
6096	270976	311.0	263.0
6108	270976	316.0	265.0
6120	270976	322.0	266.0
6132	270976	328.0	267.0
6144	270976	334.0	268.0
6156	270976	341.0	270.0
6168	270976	349.0	272.0
6180	270976	357.0	273.0
6192	270976	367.0	274.0
6204	270976	377.0	275.0
6216	270976	389.0	276.0
6228	270976	402.0	279.0
6240	270976	416.0	282.0
6252	270976	434.0	285.0
6264	270976	453.0	289.0
6276	270976	477.0	293.0
6288	270976	504.0	299.0
6300	270976	538.0	306.0
6312	270976	581.0	315.0
6324	270976	635.0	327.0
6336	270976	706.0	342.0
6348	270976	805.0	363.0
6360	270976	952.0	395.0
6372	270976	1017.0	449.0
5760	271020	194.0	247.0
5772	271020	198.0	247.0
5784	271020	203.0	248.0
5796	271020	209.0	249.0
5808	271020	214.0	249.0
5820	271020	218.0	249.0
5832	271020	222.0	250.0
5844	271020	226.0	250.0
5856	271020	229.0	250.0
5868	271020	231.0	251.0
5880	271020	231.0	250.0
5892	271020	237.0	250.0
5904	271020	238.5	250.0
5916	271020	239.0	250.0
5928	271020	242.0	250.0
5940	271020	241.5	250.0
5952	271020	245.6	250.0
5964	271020	244.0	251.0
5976	271020	244.42857142857142	250.42857142857142
5988	271020	247.0	251.0
6000	271020	249.0	250.0
6012	271020	250.0	250.0
6024	271020	251.0	250.0
6036	271020	251.0	251.0
6048	271020	252.0	251.0
6060	271020	253.0	252.0
6072	271020	253.0	252.0
6084	271020	254.0	251.0
6096	271020	252.0	251.0
6108	271020	255.0	252.0
6120	271020	257.0	254.0
6132	271020	260.0	255.0
6144	271020	260.0	255.0
6156	271020	262.0	256.0
6168	271020	264.0	257.0
6180	271020	267.0	257.0
6192	271020	269.0	256.0
6204	271020	270.0	255.0
6216	271020	272.0	256.0
6228	271020	276.0	256.0
6240	271020	279.0	258.0
6252	271020	283.0	258.0
6264	271020	286.0	258.0
6276	271020	290.0	259.0
6288	271020	294.0	260.0
6300	271020	299.0	260.0
6312	271020	303.0	261.0
6324	271020	308.0	262.0
6336	271020	313.0	263.0
6348	271020	318.0	264.0
6360	271020	324.0	265.0
6372	271020	331.0	266.0
6384	271020	338.0	268.0
6396	271020	346.0	269.0
6408	271020	354.0	271.0
6420	271020	364.0	272.0
6432	271020	374.0	273.0
6444	271020	386.0	276.0
6456	271020	400.0	278.0
6468	271020	415.0	282.0
6480	271020	434.0	285.0
6492	271020	456.0	290.0
6504	271020	481.0	295.0
6516	271020	512.0	303.0
6528	271020	551.0	312.0
6540	271020	602.0	324.0
6552	271020	671.0	341.0
6564	271020	769.0	363.0
6576	271020	921.0	401.0
6588	271020	1019.0	465.0
5784	271026	279.0	251.0
5796	271026	284.0	251.0
5808	271026	287.0	251.0
5820	271026	288.0	251.0
5832	271026	289.0	252.0
5844	271026	291.0	253.0
5856	271026	293.0	253.0
5868	271026	293.0	253.0
5880	271026	295.0	253.0
5892	271026	296.0	254.0
5904	271026	298.0	255.0
5916	271026	300.0	254.0
5928	271026	301.0	255.0
5940	271026	304.0	256.0
5952	271026	306.0	256.0
5964	271026	308.0	256.0
5976	271026	312.0	257.0
5988	271026	315.0	258.0
6000	271026	317.0	258.0
6012	271026	320.0	259.0
6024	271026	325.0	259.0
6036	271026	329.0	260.0
6048	271026	333.0	261.0
6060	271026	339.0	262.0
6072	271026	344.0	263.0
6084	271026	350.0	264.0
6096	271026	357.0	265.0
6108	271026	363.0	266.0
6120	271026	371.0	268.0
6132	271026	381.0	271.0
6144	271026	390.0	273.0
6156	271026	400.0	274.0
6168	271026	413.0	276.0
6180	271026	428.0	278.0
6192	271026	443.0	280.0
6204	271026	463.0	284.0
6216	271026	486.0	287.0
6228	271026	512.0	292.0
6240	271026	545.0	299.0
6252	271026	585.0	306.0
6264	271026	635.0	316.0
6276	271026	701.0	330.0
6288	271026	792.0	348.0
6300	271026	926.0	378.0
6312	271026	1010.0	426.0
6108	271116	288.0	254.0
6120	271116	298.0	255.0
6132	271116	301.0	257.0
6144	271116	304.0	257.0
6156	271116	307.0	258.0
6168	271116	312.0	259.0
6180	271116	316.0	259.0
6192	271116	320.0	259.0
6204	271116	326.0	261.0
6216	271116	332.0	261.0
6228	271116	336.0	262.0
6240	271116	341.0	263.0
6252	271116	347.0	265.0
6264	271116	353.0	265.0
6276	271116	360.0	266.0
6288	271116	366.0	268.0
6300	271116	375.0	270.0
6312	271116	385.0	271.0
6324	271116	396.0	273.0
6336	271116	407.0	274.0
6348	271116	420.0	277.0
6360	271116	436.0	280.0
6372	271116	455.0	283.0
6384	271116	476.0	288.0
6396	271116	501.0	294.0
6408	271116	534.0	301.0
6420	271116	573.0	309.0
6432	271116	622.0	320.0
6444	271116	691.0	336.0
6456	271116	788.0	357.0
6468	271116	939.0	392.0
6480	271116	1018.0	451.0
6108	271117	203.0	249.0
6120	271117	208.0	251.0
6132	271117	214.0	251.0
6144	271117	218.0	253.0
6156	271117	221.0	252.0
6168	271117	224.66666666666666	252.0
6180	271117	228.0	252.0
6192	271117	230.0	251.0
6204	271117	232.0	251.0
6216	271117	237.0	250.0
6228	271117	240.0	250.0
6240	271117	241.0	250.0
6252	271117	245.25	249.75
6264	271117	249.0	249.0
6276	271117	251.0	249.0
6288	271117	252.0	249.0
6300	271117	255.0	249.0
6312	271117	258.0	250.0
6324	271117	263.0	249.0
6336	271117	265.0	250.0
6348	271117	266.0	250.0
6360	271117	268.0	250.0
6372	271117	271.0	251.0
6384	271117	272.0	251.0
6396	271117	275.0	252.0
6408	271117	277.0	252.0
6420	271117	281.0	251.0
6432	271117	283.0	252.0
6444	271117	285.0	252.0
6456	271117	290.0	252.0
6468	271117	292.0	253.0
6480	271117	294.0	253.0
6492	271117	297.0	253.0
6504	271117	300.0	254.0
6516	271117	300.0	255.0
6528	271117	305.0	256.0
6540	271117	308.0	256.0
6552	271117	311.0	257.0
6564	271117	314.0	258.0
6576	271117	319.0	259.0
6588	271117	322.0	260.0
6600	271117	326.0	260.0
6612	271117	332.0	262.0
6624	271117	337.0	263.0
6636	271117	343.0	265.0
6648	271117	350.0	266.0
6660	271117	357.0	267.0
6672	271117	368.0	269.0
6684	271117	377.0	269.0
6696	271117	386.0	272.0
6708	271117	396.0	273.0
6720	271117	412.0	276.0
6732	271117	430.0	279.0
6744	271117	450.0	283.0
6756	271117	476.0	288.0
6768	271117	511.0	294.0
6780	271117	555.0	303.0
6792	271117	616.0	312.0
6804	271117	700.0	328.0
6816	271117	822.0	347.0
6828	271117	982.0	382.0
6240	271134	291.0	253.0
6252	271134	296.5	254.0
6264	271134	302.0	254.0
6276	271134	307.0	254.0
6288	271134	317.0	256.0
6300	271134	324.0	257.0
6312	271134	332.0	257.0
6324	271134	339.0	259.0
6336	271134	347.0	259.0
6348	271134	357.0	261.0
6360	271134	368.0	262.0
6372	271134	379.0	262.0
6384	271134	391.0	264.0
6396	271134	406.0	265.0
6408	271134	425.0	267.0
6420	271134	446.0	268.0
6432	271134	470.0	270.0
6444	271134	493.0	272.0
6456	271134	520.0	275.0
6468	271134	551.0	279.0
6480	271134	590.0	283.0
6492	271134	635.0	289.0
6504	271134	689.0	295.0
6516	271134	759.0	305.0
6528	271134	853.0	317.0
6540	271134	971.0	335.0
6360	271147	293.0	247.0
6372	271147	294.0769230769231	247.0
6384	271147	295.0	247.0
6396	271147	295.9230769230769	247.0
6408	271147	298.0	248.0
6420	271147	301.0	248.0
6432	271147	303.0	248.0
6444	271147	306.0	247.0
6456	271147	307.0	247.0
6468	271147	310.0	248.33333333333334
6480	271147	312.0	249.0
6492	271147	314.0	249.0
6504	271147	316.0	250.0
6516	271147	318.0	249.0
6528	271147	321.0	250.0
6540	271147	323.0	250.0
6552	271147	326.0	250.0
6564	271147	328.0	251.0
6576	271147	332.0	252.0
6588	271147	334.25	251.75
6600	271147	338.0	252.0
6612	271147	342.0	253.0
6624	271147	347.0	254.0
6396	271150	306.0	259.0
6408	271150	312.0	259.0
6420	271150	319.0	261.0
6432	271150	325.0	261.0
6444	271150	333.0	262.0
6456	271150	340.0	264.0
6468	271150	349.0	266.0
6480	271150	355.0	267.0
6492	271150	363.0	268.0
6504	271150	370.0	270.0
6516	271150	379.0	271.0
6528	271150	389.0	273.0
6540	271150	401.0	274.0
6552	271150	413.0	277.0
6564	271150	428.0	280.0
6576	271150	445.0	285.0
6588	271150	468.0	289.0
6600	271150	493.0	295.0
6612	271150	524.0	302.0
6624	271150	563.0	311.0
6636	271150	615.0	323.0
6648	271150	685.0	340.0
6660	271150	785.0	360.0
6672	271150	941.0	396.0
6684	271150	1026.0	460.0
6456	271164	271.0	249.0
6468	271164	271.0	250.0
6480	271164	272.0	250.0
6492	271164	273.0	249.0
6504	271164	274.0	249.0
6516	271164	275.0	249.0
6528	271164	276.0	249.0
6540	271164	277.0	249.0
6552	271164	278.0	250.0
6564	271164	280.0	251.0
6576	271164	281.0	252.0
6588	271164	283.0	251.0
6600	271164	284.0	252.0
6612	271164	285.0	252.0
6624	271164	287.0	252.0
6636	271164	288.0	253.0
6648	271164	290.0	253.0
6660	271164	293.0	253.0
6672	271164	295.0	254.0
6684	271164	298.0	253.0
6696	271164	301.0	254.0
6708	271164	305.0	254.0
6720	271164	309.0	255.0
6732	271164	314.0	255.0
6744	271164	318.0	256.0
6756	271164	323.0	257.0
6768	271164	329.0	258.0
6780	271164	335.0	259.0
6792	271164	343.0	259.0
6804	271164	350.0	261.0
6816	271164	359.0	261.0
6828	271164	367.0	262.0
6840	271164	376.0	262.0
6852	271164	387.0	264.0
6864	271164	397.0	265.0
6876	271164	409.0	266.0
6888	271164	421.0	266.0
6900	271164	435.0	268.0
6912	271164	450.0	270.0
6924	271164	467.0	271.0
6936	271164	485.0	273.0
6948	271164	506.0	275.0
6960	271164	530.0	278.0
6972	271164	558.0	281.0
6984	271164	591.0	285.0
6996	271164	632.0	290.0
7008	271164	679.0	295.0
7020	271164	740.0	301.0
7032	271164	817.0	310.0
7044	271164	922.0	324.0
7056	271164	991.0	341.0
6480	271170	195.0	247.0
6492	271170	201.0	248.0
6504	271170	207.0	249.0
6516	271170	212.0	248.0
6528	271170	217.0	249.0
6540	271170	221.0	250.0
6552	271170	225.0	250.0
6564	271170	229.0	251.0
6576	271170	232.0	250.0
6588	271170	235.0	250.0
6600	271170	239.0	251.0
6612	271170	242.0	251.0
6624	271170	244.0	251.0
6636	271170	247.0	250.0
6648	271170	249.0	251.0
6660	271170	253.0	251.0
6672	271170	254.0	251.0
6684	271170	257.0	251.0
6696	271170	260.0	251.0
6708	271170	264.0	251.0
6720	271170	266.0	251.0
6732	271170	269.0	252.0
6744	271170	272.0	251.0
6756	271170	274.0	252.0
6768	271170	277.0	252.0
6780	271170	279.0	254.0
6792	271170	283.0	254.0
6804	271170	285.0	254.0
6816	271170	288.0	255.0
6828	271170	291.0	255.0
6840	271170	292.0	255.0
6852	271170	297.0	256.0
6864	271170	299.0	256.0
6876	271170	301.0	256.0
6888	271170	304.0	256.0
6900	271170	309.0	257.0
6912	271170	311.0	257.0
6924	271170	315.0	258.0
6936	271170	319.0	259.0
6948	271170	323.0	260.0
6960	271170	327.0	261.0
6972	271170	332.0	262.0
6984	271170	337.0	263.0
6996	271170	343.0	263.0
7008	271170	349.0	265.0
7020	271170	355.0	265.0
7032	271170	363.0	266.0
7044	271170	370.0	268.0
7056	271170	379.0	270.0
7068	271170	389.0	271.0
7080	271170	400.0	273.0
7092	271170	412.0	274.0
7104	271170	427.0	277.0
7116	271170	445.0	281.0
7128	271170	466.0	285.0
7140	271170	490.0	289.0
7152	271170	520.0	296.0
7164	271170	558.0	303.0
7176	271170	606.0	313.0
7188	271170	673.0	328.0
7200	271170	765.0	346.0
7212	271170	908.0	377.0
7224	271170	1013.0	428.0
6804	271241	259.0	251.0
6816	271241	261.0	251.4
6828	271241	262.0	252.0
6840	271241	262.61538461538464	251.69230769230768
6852	271241	265.0	251.0
6864	271241	268.2	252.0
6876	271241	269.5	252.0
6888	271241	270.5	252.0
6900	271241	274.8333333333333	252.0
6912	271241	278.0	253.0
6924	271241	281.0	254.0
6936	271241	283.0	254.0
6948	271241	286.0	254.0
6960	271241	288.0	254.0
6972	271241	291.0	255.0
6984	271241	294.0	256.0
6996	271241	298.0	256.0
7008	271241	300.0	256.0
7020	271241	303.0	256.0
7032	271241	306.0	257.0
7044	271241	308.0	257.0
7056	271241	312.0	258.0
7068	271241	316.0	259.0
7080	271241	320.0	260.0
7092	271241	324.0	260.0
7104	271241	327.0	261.0
7116	271241	332.0	262.0
7128	271241	337.0	263.0
7140	271241	341.0	264.0
7152	271241	346.0	265.0
7164	271241	353.0	267.0
7176	271241	360.0	268.0
7188	271241	369.0	270.0
7200	271241	378.0	272.0
7212	271241	388.0	274.0
7224	271241	401.0	276.0
7236	271241	416.0	279.0
7248	271241	434.0	283.0
7260	271241	455.0	288.0
7272	271241	481.0	293.0
7284	271241	512.0	300.0
7296	271241	552.0	310.0
7308	271241	604.0	322.0
7320	271241	680.0	339.0
7332	271241	792.0	364.0
7344	271241	967.0	407.0
7140	271319	196.0	247.0
7152	271319	201.0	247.0
7164	271319	208.0	248.0
7176	271319	213.0	248.0
7188	271319	218.0	249.0
7200	271319	223.0	250.0
7212	271319	228.0	250.0
7224	271319	230.0	249.0
7236	271319	234.0	250.0
7248	271319	237.0	249.0
7260	271319	240.0	250.0
7272	271319	241.0	250.0
7284	271319	244.0	250.0
7296	271319	246.0	250.0
7308	271319	248.0	250.0
7320	271319	249.0	250.0
7332	271319	250.0	250.0
7344	271319	250.0	250.0
7356	271319	252.0	250.0
7368	271319	253.0	251.0
7380	271319	255.0	251.0
7392	271319	256.0	250.0
7404	271319	260.0	251.0
7416	271319	261.0	252.0
7428	271319	262.0	251.0
7440	271319	264.0	252.0
7452	271319	267.0	252.0
7464	271319	269.0	252.0
7476	271319	272.0	253.0
7488	271319	275.0	253.0
7500	271319	278.0	254.0
7512	271319	281.0	254.0
7524	271319	285.0	254.0
7536	271319	288.0	255.0
7548	271319	292.0	255.0
7560	271319	296.0	256.0
7572	271319	300.0	256.0
7584	271319	304.0	257.0
7596	271319	309.0	258.0
7608	271319	314.0	259.0
7620	271319	320.0	259.0
7632	271319	326.0	260.0
7644	271319	333.0	261.0
7656	271319	341.0	262.0
7668	271319	349.0	263.0
7680	271319	359.0	264.0
7692	271319	369.0	265.0
7704	271319	380.0	266.0
7716	271319	393.0	268.0
7728	271319	407.0	269.0
7740	271319	424.0	271.0
7752	271319	442.0	273.0
7764	271319	463.0	276.0
7776	271319	489.0	279.0
7788	271319	518.0	283.0
7800	271319	553.0	287.0
7812	271319	597.0	293.0
7824	271319	652.0	301.0
7836	271319	723.0	311.0
7848	271319	820.0	325.0
7860	271319	960.0	345.0
7524	271349	265.0	247.0
7536	271349	267.5	248.25
7548	271349	269.85714285714283	249.0
7560	271349	271.0	249.0
7572	271349	273.0	249.0
7584	271349	274.0	249.0
7596	271349	275.0	249.0
7608	271349	277.0	250.0
7620	271349	278.0	250.0
7632	271349	279.0	250.0
7644	271349	280.0	250.0
7656	271349	283.0	251.0
7668	271349	284.0	251.0
7680	271349	284.75	251.0
7692	271349	286.0	251.0
7704	271349	290.0	252.0
7716	271349	291.0	252.0
7728	271349	292.0	252.0
7740	271349	294.3333333333333	252.33333333333334
7752	271349	297.0	253.0
7764	271349	298.0	254.0
7776	271349	300.0	254.0
7788	271349	302.0	255.0
7800	271349	304.0	255.0
7812	271349	307.0	256.0
7824	271349	309.0	256.0
7836	271349	312.0	257.0
7848	271349	315.0	258.0
7860	271349	319.0	259.0
7872	271349	324.0	260.0
7884	271349	328.0	261.0
7896	271349	333.0	263.0
7908	271349	340.0	264.0
7920	271349	345.0	266.0
7932	271349	354.0	267.0
7944	271349	363.0	269.0
7956	271349	373.0	272.0
7968	271349	385.0	273.0
7980	271349	399.0	275.0
7992	271349	415.0	277.0
8004	271349	435.0	281.0
8016	271349	456.0	285.0
8028	271349	484.0	291.0
8040	271349	517.0	298.0
8052	271349	559.0	307.0
8064	271349	614.0	319.0
8076	271349	693.0	336.0
8088	271349	809.0	361.0
8100	271349	976.0	404.0
7632	271354	301.0	248.0
7644	271354	304.6666666666667	249.0
7656	271354	311.0	249.0
7668	271354	314.0	249.0
7680	271354	317.0	250.0
7692	271354	319.0	250.0
7704	271354	323.0	250.0
7716	271354	325.0	250.0
7728	271354	328.0	251.0
7740	271354	332.0	251.0
7752	271354	336.0	252.0
7764	271354	340.0	252.0
7776	271354	344.0	253.0
7788	271354	349.0	253.0
7800	271354	353.0	254.0
7812	271354	359.0	255.0
7824	271354	365.0	255.0
7836	271354	371.0	256.0
7848	271354	378.0	257.0
7860	271354	385.0	257.0
7872	271354	394.0	259.0
7884	271354	403.0	260.0
7896	271354	413.0	261.0
7908	271354	425.0	262.0
7920	271354	438.0	263.0
7932	271354	452.0	265.0
7944	271354	469.0	267.0
7956	271354	486.0	269.0
7968	271354	507.0	271.0
7980	271354	531.0	273.0
7992	271354	558.0	277.0
8004	271354	592.0	280.0
8016	271354	633.0	285.0
8028	271354	683.0	291.0
8040	271354	749.0	298.0
8052	271354	838.0	310.0
8064	271354	959.0	326.0
7656	271355	195.0	246.0
7668	271355	200.0	247.0
7680	271355	207.0	248.0
7692	271355	213.0	249.0
7704	271355	217.0	250.0
7716	271355	222.0	250.0
7728	271355	226.0	250.0
7740	271355	230.0	250.0
7752	271355	233.0	250.0
7764	271355	236.0	249.0
7776	271355	239.0	250.0
7788	271355	240.0	250.0
7800	271355	242.0	250.0
7812	271355	245.0	250.0
7824	271355	246.0	250.0
7836	271355	247.0	250.0
7848	271355	248.0	250.0
7860	271355	248.0	250.0
7872	271355	249.0	251.0
7884	271355	251.0	251.0
7896	271355	252.0	251.0
7908	271355	253.0	252.0
7920	271355	253.0	252.0
7932	271355	254.0	252.0
7944	271355	256.0	253.0
7956	271355	257.0	253.0
7968	271355	259.0	253.0
7980	271355	260.0	254.0
7992	271355	263.0	254.0
8004	271355	266.0	255.0
8016	271355	267.0	255.0
8028	271355	270.0	255.0
8040	271355	272.0	255.0
8052	271355	275.0	256.0
8064	271355	279.0	256.0
8076	271355	283.0	257.0
8088	271355	286.0	257.0
8100	271355	290.0	258.0
8112	271355	296.0	259.0
8124	271355	301.0	260.0
8136	271355	306.0	261.0
8148	271355	311.0	262.0
8160	271355	317.0	262.0
8172	271355	323.0	264.0
8184	271355	330.0	266.0
8196	271355	337.0	266.0
8208	271355	345.0	267.0
8220	271355	353.0	269.0
8232	271355	363.0	271.0
8244	271355	374.0	273.0
8256	271355	386.0	275.0
8268	271355	400.0	277.0
8280	271355	417.0	281.0
8292	271355	435.0	284.0
8304	271355	459.0	289.0
8316	271355	487.0	296.0
8328	271355	521.0	303.0
8340	271355	564.0	315.0
8352	271355	626.0	329.0
8364	271355	708.0	347.0
8376	271355	836.0	376.0
8388	271355	992.0	429.0
7884	271374	295.0	255.0
7896	271374	300.0	258.0
7908	271374	303.0	258.0
7920	271374	307.0	259.0
7932	271374	312.0	260.0
7944	271374	318.0	261.0
7956	271374	325.0	262.0
7968	271374	333.0	264.0
7980	271374	342.0	265.0
7992	271374	352.0	267.0
8004	271374	364.0	269.0
8016	271374	374.0	270.0
8028	271374	384.0	272.0
8040	271374	397.0	274.0
8052	271374	413.0	277.0
8064	271374	430.0	280.0
8076	271374	451.0	284.0
8088	271374	477.0	290.0
8100	271374	508.0	296.0
8112	271374	550.0	305.0
8124	271374	604.0	316.0
8136	271374	681.0	334.0
8148	271374	794.0	357.0
8160	271374	970.0	398.0
7944	271378	196.0	246.0
7956	271378	202.0	247.0
7968	271378	210.0	248.0
7980	271378	214.0	249.0
7992	271378	219.0	250.0
8004	271378	225.0	250.0
8016	271378	229.0	251.0
8028	271378	234.0	250.0
8040	271378	237.0	250.0
8052	271378	241.0	250.0
8064	271378	243.0	250.0
8076	271378	246.0	249.0
8088	271378	247.0	250.0
8100	271378	250.0	250.0
8112	271378	253.0	250.0
8124	271378	254.0	251.0
8136	271378	255.0	251.0
8148	271378	258.0	251.0
8160	271378	258.0	251.0
8172	271378	258.0	251.0
8184	271378	259.0	251.0
8196	271378	258.0	252.0
8208	271378	257.0	252.0
8220	271378	256.0	252.0
8232	271378	258.0	253.0
8244	271378	258.0	254.0
8256	271378	259.0	254.0
8268	271378	260.0	255.0
8280	271378	262.0	255.0
8292	271378	264.0	255.0
8304	271378	266.0	256.0
8316	271378	269.0	256.0
8328	271378	274.0	257.0
8340	271378	278.0	258.0
8352	271378	283.0	259.0
8364	271378	288.0	259.0
8376	271378	297.0	260.0
8388	271378	303.0	261.0
8400	271378	313.0	262.0
8412	271378	322.0	263.0
8424	271378	333.0	265.0
8436	271378	343.0	266.0
8448	271378	354.0	267.0
8460	271378	367.0	269.0
8472	271378	380.0	271.0
8484	271378	395.0	273.0
8496	271378	413.0	275.0
8508	271378	434.0	278.0
8520	271378	458.0	283.0
8532	271378	485.0	288.0
8544	271378	520.0	295.0
8556	271378	562.0	304.0
8568	271378	619.0	316.0
8580	271378	700.0	333.0
8592	271378	818.0	358.0
8604	271378	981.0	404.0
8124	271412	270.2	248.2
8136	271412	272.0	249.0
8148	271412	274.0	248.0
8160	271412	273.0	248.0
8172	271412	276.0	249.0
8184	271412	277.0	249.0
8196	271412	278.0	248.0
8208	271412	280.0	249.0
8220	271412	281.0	250.0
8232	271412	281.0	250.0
8244	271412	283.0	250.0
8256	271412	284.0	250.0
8268	271412	284.0	250.0
8280	271412	285.0	251.0
8292	271412	287.0	251.0
8304	271412	289.0	251.0
8316	271412	291.0	252.0
8328	271412	293.0	252.0
8340	271412	296.0	252.0
8352	271412	297.0	253.0
8364	271412	299.0	253.0
8376	271469	263.0	248.0
8388	271469	266.0	247.0
8400	271469	267.0	248.0
8412	271469	268.0	248.0
8424	271469	269.0	248.0
8436	271469	268.46153846153845	248.0
8448	271469	269.2857142857143	248.14285714285714
8460	271469	271.3157894736842	249.0
8472	271469	271.94736842105266	249.0
8484	271469	273.0	248.0
8496	271469	274.0	248.7
8508	271469	274.0	247.0
8520	271469	273.0	248.0
8532	271469	273.0	249.0
8544	271469	274.6666666666667	248.33333333333334
8556	271469	275.0	250.0
8568	271469	275.1111111111111	250.0
8580	271469	276.0	250.0
8592	271469	278.0	250.0
8604	271469	277.0	250.0
8616	271469	277.0	251.0
8628	271469	277.0	251.0
8640	271469	281.8181818181818	251.0
8652	271469	285.0	252.0
8664	271469	286.0	253.0
8676	271469	286.0	253.0
8688	271469	287.57142857142856	253.0
8700	271469	288.7142857142857	253.0
8712	271469	293.0	254.0
8724	271469	295.0	255.0
8736	271469	298.0	255.0
8748	271469	300.0	256.0
8760	271469	303.0	256.0
8772	271469	305.0	257.0
8784	271469	308.0	258.0
8796	271469	310.0	258.0
8808	271469	313.0	259.0
8820	271469	316.0	260.0
8832	271469	319.0	260.0
8844	271469	323.0	262.0
8856	271469	326.0	262.0
8868	271469	331.0	263.0
8880	271469	336.0	265.0
8892	271469	341.0	266.0
8904	271469	346.0	266.0
8916	271469	353.0	268.0
8928	271469	360.0	269.0
8940	271469	368.0	271.0
8952	271469	376.0	272.0
8964	271469	386.0	274.0
8976	271469	396.0	276.0
8988	271469	408.0	278.0
9000	271469	422.0	281.0
9012	271469	438.0	285.0
9024	271469	456.0	289.0
9036	271469	479.0	294.0
9048	271469	504.0	300.0
9060	271469	536.0	308.0
9072	271469	575.0	317.0
9084	271469	623.0	330.0
9096	271469	692.0	346.0
9108	271469	787.0	369.0
9120	271469	936.0	405.0
9132	271469	1017.0	467.0
8424	271482	296.0	256.0
8436	271482	304.0	258.0
8448	271482	310.0	258.0
8460	271482	317.0	260.0
8472	271482	323.0	259.0
8484	271482	328.0	261.0
8496	271482	333.0	262.0
8508	271482	338.0	263.0
8520	271482	344.0	264.0
8532	271482	351.0	265.0
8544	271482	357.0	267.0
8556	271482	366.0	269.0
8568	271482	375.0	270.0
8580	271482	384.0	272.0
8592	271482	396.0	274.0
8604	271482	410.0	276.0
8616	271482	426.0	280.0
8628	271482	444.0	284.0
8640	271482	467.0	288.0
8652	271482	493.0	294.0
8664	271482	526.0	301.0
8676	271482	569.0	311.0
8688	271482	624.0	324.0
8700	271482	702.0	342.0
8712	271482	818.0	367.0
8724	271482	978.0	411.0
8448	271484	288.0	248.0
8460	271484	288.0	248.0
8472	271484	288.0	248.0
8484	271484	294.0	249.0
8496	271484	292.0	250.0
8508	271484	294.0	249.0
8520	271484	294.0	249.0
8532	271484	295.0	249.0
8544	271484	295.0	250.0
8556	271484	296.0	251.0
8568	271484	296.0	251.0
8580	271484	299.0	252.0
8592	271484	300.0	252.0
8604	271484	301.0	253.0
8616	271484	302.0	254.0
8628	271484	303.0	254.0
8640	271484	305.0	254.0
8652	271484	308.0	256.0
8664	271484	310.0	256.0
8676	271484	313.0	257.0
8688	271484	315.0	258.0
8700	271484	319.0	259.0
8712	271484	323.0	260.0
8724	271484	327.0	261.0
8736	271484	332.0	262.0
8748	271484	338.0	264.0
8760	271484	344.0	265.0
8772	271484	351.0	266.0
8784	271484	358.0	267.0
8796	271484	366.0	269.0
8808	271484	375.0	271.0
8820	271484	385.0	273.0
8832	271484	397.0	275.0
8844	271484	410.0	278.0
8856	271484	426.0	281.0
8868	271484	443.0	285.0
8880	271484	465.0	290.0
8892	271484	492.0	296.0
8904	271484	525.0	305.0
8916	271484	568.0	315.0
8928	271484	624.0	329.0
8940	271484	701.0	347.0
8952	271484	820.0	375.0
8964	271484	981.0	422.0
8544	271493	312.0	249.0
8556	271493	314.0	250.0
8568	271493	315.0	248.0
8580	271493	318.0	249.0
8592	271493	321.0	250.0
8604	271493	324.0	251.0
8616	271493	327.0	251.0
8628	271493	330.0	253.0
8640	271493	333.0	252.0
8652	271493	337.0	253.0
8664	271493	340.0	253.0
8676	271493	345.0	253.0
8688	271493	350.0	254.0
8700	271493	353.0	254.0
8712	271493	358.0	255.0
8724	271493	364.0	256.0
8736	271493	369.0	256.0
8748	271493	375.0	256.0
8760	271493	382.0	258.0
8772	271493	388.0	258.0
8784	271493	396.0	259.0
8796	271493	404.0	261.0
8808	271493	412.0	262.0
8820	271493	421.0	263.0
8832	271493	432.0	264.0
8844	271493	444.0	265.0
8856	271493	457.0	267.0
8868	271493	472.0	268.0
8880	271493	491.0	270.0
8892	271493	512.0	271.0
8904	271493	536.0	274.0
8724	271537	274.0	250.0
8736	271537	276.0	250.0
8748	271537	276.0	250.0
8760	271537	278.0	250.0
8772	271537	278.5	250.5
8784	271537	280.0	251.0
8796	271537	282.75409836065575	251.78688524590163
8808	271537	285.5081967213115	252.5737704918033
8820	271537	288.26229508196724	253.36065573770492
8832	271537	291.0163934426229	254.14754098360655
8844	271537	293.7704918032787	254.9344262295082
8856	271537	297.0	256.0
8868	271537	298.0	256.0
8880	271537	301.0	256.0
8892	271537	304.0	257.0
8904	271537	308.0	259.0
8916	271537	310.0	259.0
8928	271537	313.0	260.0
8940	271537	317.0	261.0
8952	271537	322.0	263.0
8964	271537	326.0	263.0
8976	271537	330.0	264.0
8988	271537	335.0	265.0
9000	271537	341.0	267.0
9012	271537	348.0	269.0
9024	271537	356.0	271.0
9036	271537	363.0	272.0
9048	271537	374.0	273.0
9060	271537	385.0	275.0
9072	271537	398.0	277.0
9084	271537	413.0	280.0
9096	271537	430.0	283.0
9108	271537	449.0	287.0
9120	271537	471.0	292.0
9132	271537	497.0	298.0
9144	271537	529.0	305.0
9156	271537	568.0	314.0
9168	271537	620.0	327.0
9180	271537	688.0	341.0
9192	271537	786.0	362.0
9204	271537	935.0	396.0
9216	271537	1018.0	452.0
8844	271572	259.0	245.0
8856	271572	259.0	246.0
8868	271572	260.0	246.0
8880	271572	261.0	246.0
8892	271572	262.0	247.0
8904	271572	263.0	247.0
8916	271572	265.0	247.0
8928	271572	267.0	246.0
8940	271572	270.0	246.0
8952	271572	272.0	247.0
8964	271572	274.0	246.0
8976	271572	276.0	247.0
8988	271572	277.0	247.0
9000	271572	284.0	247.0
9012	271572	288.0	247.0
9024	271572	289.0	248.0
9036	271572	292.0	247.0
9048	271572	293.0	248.0
9060	271572	296.0	247.0
9072	271572	298.0	247.0
9084	271572	301.0	248.0
9096	271572	304.0	249.0
9108	271572	305.0	249.0
9120	271572	308.0	249.0
9132	271572	310.0	249.0
9144	271572	312.0	250.0
9156	271572	313.0	250.0
9168	271572	316.0	250.0
9180	271572	318.0	250.0
9192	271572	319.0	250.0
9204	271572	321.0	250.0
9216	271572	324.0	251.0
9228	271572	327.0	250.0
9240	271572	329.0	251.0
9252	271572	332.0	251.0
9264	271572	336.0	252.0
9276	271572	340.0	253.0
9288	271572	343.0	253.0
9300	271572	348.0	253.0
9312	271572	352.0	254.0
9324	271572	357.0	255.0
9336	271572	363.0	255.0
9348	271572	369.0	256.0
9360	271572	375.0	257.0
9372	271572	383.0	258.0
9384	271572	390.0	258.0
9396	271572	399.0	259.0
9408	271572	408.0	260.0
9420	271572	419.0	262.0
9432	271572	430.0	263.0
9444	271572	444.0	265.0
9456	271572	459.0	267.0
9468	271572	475.0	268.0
9480	271572	494.0	271.0
9492	271572	516.0	273.0
9504	271572	541.0	276.0
9516	271572	571.0	279.0
9528	271572	607.0	283.0
9540	271572	651.0	288.0
9552	271572	706.0	295.0
9564	271572	778.0	303.0
9576	271572	874.0	315.0
9588	271572	978.0	331.0
8916	271582	198.0	246.0
8928	271582	205.0	247.0
8940	271582	211.0	248.0
8952	271582	216.0	249.0
8964	271582	223.0	250.0
8976	271582	227.0	250.0
8988	271582	230.0	250.0
9000	271582	235.0	250.0
9012	271582	238.0	250.0
9024	271582	241.0	250.0
9036	271582	245.0	250.0
9048	271582	246.0	250.0
9060	271582	249.0	250.0
9072	271582	249.0	250.0
9084	271582	250.0	251.0
9096	271582	250.0	251.0
9108	271582	251.0	250.0
9120	271582	252.0	251.0
9132	271582	253.0	251.0
9144	271582	254.0	252.0
9156	271582	255.0	252.0
9168	271582	256.0	252.0
9180	271582	257.0	252.0
9192	271582	259.0	252.0
9204	271582	260.0	252.0
9216	271582	262.0	253.0
9228	271582	264.0	253.0
9240	271582	266.0	254.0
9252	271582	268.0	254.0
9264	271582	270.0	255.0
9276	271582	273.0	255.0
9288	271582	274.0	256.0
9300	271582	278.0	255.0
9312	271582	280.0	257.0
9324	271582	284.0	257.0
9336	271582	287.0	257.0
9348	271582	290.0	258.0
9360	271582	295.0	259.0
9372	271582	299.0	260.0
9384	271582	304.0	260.0
9396	271582	309.0	261.0
9408	271582	314.0	263.0
9420	271582	320.0	264.0
9432	271582	327.0	265.0
9444	271582	335.0	266.0
9456	271582	344.0	268.0
9468	271582	353.0	270.0
9480	271582	364.0	271.0
9492	271582	377.0	273.0
9504	271582	391.0	275.0
9516	271582	407.0	278.0
9528	271582	427.0	281.0
9540	271582	448.0	285.0
9552	271582	473.0	289.0
9564	271582	503.0	296.0
9576	271582	541.0	303.0
9588	271582	589.0	313.0
9600	271582	654.0	326.0
9612	271582	743.0	345.0
9624	271582	876.0	373.0
9636	271582	1002.0	421.0
8928	271588	322.0	264.0
8940	271588	327.0	265.0
8952	271588	333.0	266.0
8964	271588	340.0	268.0
8976	271588	346.0	269.0
8988	271588	355.0	271.0
9000	271588	365.0	272.0
9012	271588	376.0	274.0
9024	271588	389.0	277.0
9036	271588	403.0	280.0
9048	271588	420.0	283.0
9060	271588	439.0	288.0
9072	271588	462.0	292.0
9084	271588	490.0	297.0
9096	271588	527.0	305.0
9108	271588	571.0	314.0
9120	271588	622.0	326.0
9132	271588	691.0	341.0
9144	271588	786.0	364.0
9156	271588	932.0	398.0
9168	271588	1016.0	455.0
9132	271616	295.0	249.0
9144	271616	296.0	247.0
9156	271616	297.0	247.0
9168	271616	298.0	248.0
9180	271616	302.0	249.0
9192	271616	302.0	249.0
9204	271616	303.0	248.0
9216	271616	305.0	249.0
9228	271616	309.0	249.0
9240	271616	310.0	249.0
9252	271616	312.0	249.0
9264	271616	315.0	249.0
9276	271616	315.0	249.0
9288	271616	318.0	250.0
9300	271616	322.0	250.0
9312	271616	324.0	251.0
9324	271616	326.0	251.0
9336	271616	329.0	251.0
9348	271616	330.0	252.0
9360	271616	334.0	252.0
9372	271616	336.0	252.0
9384	271616	340.0	253.0
9396	271616	343.0	253.0
9408	271616	345.0	253.0
9420	271616	351.0	253.0
9432	271616	353.0	254.0
9444	271616	358.0	255.0
9456	271616	363.0	255.0
9468	271616	368.0	257.0
9480	271616	373.0	257.0
9528	271668	361.0	258.0
9540	271668	370.0	259.0
9552	271668	375.0	259.0
9564	271668	383.0	261.0
9576	271668	389.0	261.0
9588	271668	397.0	262.0
9600	271668	406.0	263.0
9612	271668	417.0	264.0
9624	271668	427.0	265.0
9636	271668	438.0	267.0
9648	271668	451.0	269.0
9660	271668	465.0	270.0
9672	271668	482.0	272.0
9684	271668	501.0	274.0
9696	271668	523.0	276.0
9708	271668	548.0	279.0
9720	271668	575.0	282.0
9732	271668	608.0	286.0
9744	271668	646.0	292.0
9756	271668	693.0	297.0
9768	271668	751.0	304.0
9780	271668	825.0	313.0
9792	271668	923.0	327.0
9804	271668	986.0	342.0
9852	271731	264.0	245.0
9864	271731	264.0	245.0
9876	271731	264.0	246.0
9888	271731	264.0	245.0
9900	271731	264.0	245.0
9912	271731	264.0	245.0
9924	271731	264.0	245.0
9936	271731	264.25	246.0
9948	271731	264.85	246.0
9960	271731	265.3888888888889	246.61111111111111
9972	271731	266.0	246.5
9984	271731	267.0	247.0
9996	271731	267.0	247.0
10008	271731	267.8888888888889	247.0
10020	271731	269.0	247.0
10032	271731	269.8333333333333	247.41666666666666
10044	271731	270.0	248.0
10056	271731	271.1666666666667	247.0
10068	271731	272.0	247.0
10080	271731	273.0	247.0
10092	271731	274.0	249.0
10104	271731	276.0	249.0
10116	271731	277.0	250.0
10128	271731	277.0	250.0
10140	271731	278.0	250.0
10152	271731	279.0	250.0
10164	271731	280.14285714285717	250.0
10176	271731	280.0	250.0
10188	271731	282.0	250.0
10200	271731	283.0	250.0
10212	271731	284.0	251.0
10224	271731	285.0	251.0
10236	271731	285.6666666666667	251.0
10248	271731	287.5	251.0
10260	271731	289.44444444444446	251.0
10272	271731	290.0	252.0
10284	271731	291.0	252.0
10296	271731	293.0	253.0
10308	271731	295.0	253.0
10320	271731	296.0	253.0
10332	271731	298.0	253.0
10344	271731	301.0	254.0
10356	271731	302.0	254.0
10368	271731	304.0	254.0
10380	271731	307.0	254.0
10392	271731	309.0	255.0
10404	271731	311.0	256.0
10416	271731	313.0	256.0
10428	271731	316.0	256.0
10440	271731	320.0	258.0
10452	271731	323.0	259.0
10464	271731	327.0	259.0
10476	271731	331.0	259.0
10488	271731	335.0	260.0
10500	271731	339.0	261.0
10512	271731	344.0	262.0
10524	271731	350.0	264.0
10536	271731	356.0	265.0
10548	271731	362.0	266.0
10560	271731	369.0	268.0
10572	271731	377.0	269.0
10584	271731	386.0	270.0
10596	271731	396.0	272.0
10608	271731	409.0	274.0
10620	271731	421.0	275.0
10632	271731	437.0	279.0
10644	271731	454.0	281.0
10656	271731	474.0	285.0
10668	271731	493.0	289.0
10680	271731	521.0	296.0
10692	271731	553.0	302.0
10704	271731	595.0	312.0
10716	271731	649.0	323.0
10728	271731	721.0	339.0
10740	271731	823.0	360.0
10752	271731	952.0	395.0
10764	271731	987.0	448.0
10776	271731	993.0	478.0
10788	271731	981.0	430.0
10800	271731	1017.0	484.0
10308	271766	264.0	248.0
10320	271766	264.0	248.0
10332	271766	264.0	248.0
10344	271766	265.0	248.0
10356	271766	266.0	248.0
10368	271766	268.0	249.0
10380	271766	269.0	250.0
10392	271766	270.0	250.0
10404	271766	271.0	249.33333333333334
10416	271766	273.0	250.0
10428	271766	274.0	249.0
10440	271766	275.2972972972973	249.32432432432432
10452	271766	276.5945945945946	249.64864864864865
10464	271766	277.8918918918919	249.97297297297297
10476	271766	280.0	251.0
10488	271766	283.0	251.0
10500	271766	284.0	251.0
10512	271766	286.0	251.0
10524	271766	288.0	252.0
10536	271766	290.0	252.0
10548	271766	291.0	252.0
10560	271766	294.0	252.0
10572	271766	294.0	253.0
10584	271766	295.0	253.0
10596	271766	297.0	253.0
10608	271766	299.0	254.0
10620	271766	302.0	254.0
10632	271766	304.0	254.0
10644	271766	306.0	254.0
10656	271766	309.0	255.0
10668	271766	310.0	256.0
10680	271766	313.0	256.0
10692	271766	315.0	256.0
10704	271766	318.0	258.0
10716	271766	321.0	258.0
10728	271766	323.0	259.0
10740	271766	327.0	260.0
10752	271766	331.0	260.0
10764	271766	334.0	262.0
10776	271766	338.0	262.0
10788	271766	343.0	264.0
10800	271766	348.0	265.0
10812	271766	353.0	266.0
10824	271766	359.0	268.0
10836	271766	366.0	269.0
10848	271766	374.0	271.0
10860	271766	382.0	273.0
10872	271766	393.0	274.0
10884	271766	410.0	277.0
10896	271766	424.0	279.0
10908	271766	439.0	283.0
10920	271766	460.0	286.0
10932	271766	479.0	291.0
10944	271766	505.0	297.0
10956	271766	541.0	305.0
10968	271766	579.0	313.0
10980	271766	633.0	325.0
10992	271766	707.0	342.0
11004	271766	813.0	365.0
11016	271766	948.0	404.0
11028	271766	989.0	466.0
11040	271766	993.0	499.0
11052	271766	983.0	456.0
11064	271766	1017.0	513.0
10536	271777	258.0	246.0
10548	271777	260.0	247.0
10560	271777	262.0	247.0
10572	271777	263.0	248.0
10584	271777	264.0	248.0
10596	271777	265.0	247.0
10608	271777	265.0	248.0
10620	271777	267.0	248.0
10632	271777	268.0	249.0
10644	271777	268.0	248.0
10656	271777	269.0	248.0
10668	271777	270.0	248.0
10680	271777	271.0	249.0
10692	271777	271.0	249.0
10704	271777	274.0	249.0
10716	271777	274.0	249.0
10728	271777	275.0	250.0
10740	271777	276.0	250.0
10752	271777	277.0	250.0
10764	271777	277.0	250.0
10776	271777	278.0	250.0
10788	271777	279.0	251.0
10800	271777	282.0	251.0
10812	271777	283.0	250.0
10824	271777	285.0	251.0
10836	271777	286.0	251.0
10848	271777	286.0	252.0
10860	271777	290.0	253.0
10872	271777	291.0	253.0
10884	271777	293.0	253.0
10896	271777	294.0	254.0
10908	271777	296.0	254.0
10920	271777	298.0	254.0
10932	271777	300.0	254.0
10944	271777	302.0	254.0
10956	271777	305.0	256.0
10968	271777	308.0	256.0
10980	271777	312.0	257.0
10992	271777	314.0	258.0
11004	271777	318.0	258.0
11016	271777	321.0	259.0
11028	271777	325.0	260.0
11040	271777	329.0	260.0
11052	271777	333.0	262.0
11064	271777	339.0	263.0
11076	271777	343.0	264.0
11088	271777	350.0	265.0
11100	271777	357.0	266.0
11112	271777	363.0	268.0
11124	271777	372.0	269.0
11136	271777	382.0	271.0
11148	271777	393.0	273.0
11160	271777	406.0	274.0
11172	271777	420.0	277.0
11184	271777	439.0	281.0
11196	271777	458.0	284.0
11208	271777	483.0	288.0
11220	271777	512.0	295.0
11232	271777	549.0	302.0
11244	271777	592.0	310.0
11256	271777	652.0	322.0
11268	271777	730.0	337.0
11280	271777	844.0	358.0
11292	271777	981.0	392.0
10548	271779	249.0	246.0
10560	271779	249.0	246.0
10572	271779	249.0	245.0
10584	271779	249.63636363636363	245.0
10596	271779	248.0	245.0
10608	271779	248.0	245.0
10620	271779	248.5	245.0
10632	271779	248.0	244.0
10644	271779	248.0	244.0
10656	271779	248.0	245.0
10668	271779	248.0	245.0
10680	271779	247.5	245.0
10692	271779	248.0	245.0
10704	271779	248.0	245.0
10716	271779	248.0	245.0
10728	271779	249.0	245.0
10740	271779	250.0	246.0
10752	271779	251.0	246.0
10764	271779	251.0	246.0
10776	271779	251.0	245.0
10788	271779	252.0	246.0
10800	271779	253.0	246.0
10812	271779	253.0	246.0
10824	271779	253.0	247.0
10836	271779	254.0	246.0
10848	271779	255.0	246.0
10860	271779	254.0	246.0
10872	271779	252.57142857142858	245.0
10884	271779	252.0	246.0
10644	271785	335.0	252.0
10656	271785	340.0	253.0
10668	271785	344.0	253.0
10680	271785	348.0	253.0
10692	271785	352.0	253.0
10704	271785	356.0	255.0
10716	271785	360.0	255.0
10728	271785	365.0	257.0
10740	271785	370.0	257.0
10752	271785	377.0	258.0
10764	271785	383.0	259.0
10776	271785	390.0	259.0
10788	271785	398.0	261.0
10800	271785	406.0	262.0
10812	271785	415.0	263.0
10824	271785	425.0	264.0
10836	271785	436.0	266.0
10848	271785	448.0	267.0
10860	271785	462.0	269.0
10872	271785	477.0	270.0
10884	271785	496.0	273.0
10896	271785	517.0	275.0
10908	271785	541.0	277.0
10920	271785	572.0	281.0
10932	271785	608.0	285.0
10944	271785	651.0	291.0
10956	271785	705.0	297.0
10968	271785	776.0	306.0
10980	271785	870.0	319.0
10992	271785	976.0	335.0
10764	271795	261.0	248.0
10776	271795	262.0	247.0
10788	271795	263.0	248.0
10800	271795	263.0	248.0
10812	271795	263.0	248.0
10824	271795	264.0	248.0
10836	271795	266.0	248.0
10848	271795	266.0	249.0
10860	271795	268.0	249.0
10872	271795	269.0	250.0
10884	271795	270.0	250.0
10896	271795	272.0	250.0
10908	271795	272.0	251.0
10920	271795	273.0	249.0
10932	271795	274.0	249.0
10944	271795	277.0	250.0
10956	271795	279.0	250.0
10968	271795	280.0	251.0
10980	271795	281.0	252.0
10992	271795	283.0	252.0
11004	271795	286.0	251.0
11016	271795	287.0	252.0
11028	271795	290.0	253.0
11040	271795	291.0	253.0
11052	271795	293.0	254.0
11064	271795	296.0	254.0
11076	271795	298.0	254.0
11088	271795	300.0	255.0
11100	271795	302.0	256.0
11112	271795	304.0	256.0
11124	271795	307.0	257.0
11136	271795	309.0	258.0
11148	271795	312.0	258.0
11160	271795	315.0	259.0
11172	271795	319.0	260.0
11184	271795	323.0	261.0
11196	271795	328.0	262.0
11208	271795	333.0	264.0
11220	271795	339.0	266.0
11232	271795	345.0	268.0
11244	271795	352.0	269.0
11256	271795	359.0	271.0
11268	271795	368.0	273.0
11280	271795	378.0	274.0
11292	271795	390.0	276.0
11304	271795	405.0	278.0
11316	271795	420.0	281.0
11328	271795	440.0	284.0
11340	271795	464.0	288.0
11352	271795	493.0	295.0
11364	271795	530.0	303.0
11376	271795	575.0	312.0
11388	271795	634.0	325.0
11400	271795	716.0	342.0
11412	271795	841.0	369.0
11424	271795	988.0	414.0
10836	271808	295.0	248.0
10848	271808	298.0	248.0
10860	271808	299.0	248.0
10872	271808	301.0	247.0
10884	271808	303.0	249.0
10896	271808	304.0	248.0
10908	271808	307.0	248.0
10920	271808	309.0	248.0
10932	271808	312.0	250.0
10944	271808	313.0	250.0
10956	271808	317.0	250.0
10968	271808	318.0	250.0
10980	271808	321.0	250.0
10992	271808	323.0	250.0
11004	271808	326.0	250.0
11016	271808	330.0	250.0
11028	271808	333.0	249.0
11040	271808	336.0	251.0
11052	271808	340.0	251.0
11064	271808	344.0	251.0
11076	271808	349.0	251.0
11040	271850	261.0	247.0
11052	271850	261.0	247.0
11064	271850	263.0	247.0
11076	271850	264.0	247.0
11088	271850	265.0	248.0
11100	271850	265.0	248.0
11112	271850	266.0	248.0
11124	271850	267.0	248.0
11136	271850	268.0	248.0
11148	271850	268.0	248.0
11160	271850	270.0	249.0
11172	271850	270.0	249.0
11184	271850	271.0	250.0
11196	271850	271.0	250.0
11208	271850	272.0	251.0
11220	271850	272.0	251.0
11232	271850	273.0	251.0
11244	271850	276.0	251.0
11256	271850	277.0	252.0
11268	271850	277.0	253.0
11280	271850	275.0	253.0
11292	271850	277.0	252.0
11304	271850	275.0	251.0
11316	271850	279.0	252.0
11328	271850	280.0	252.0
11340	271850	282.0	251.0
11352	271850	282.0	252.0
11364	271850	283.0	252.0
11376	271850	284.0	252.0
11388	271850	285.0	253.0
11400	271850	287.0	253.0
11412	271850	287.0	254.0
11424	271850	292.0	254.0
11436	271850	292.0	254.0
11448	271850	294.0	255.0
11460	271850	295.0	256.0
11472	271850	298.0	256.0
11484	271850	300.0	257.0
11496	271850	301.0	257.0
11508	271850	304.0	257.0
11520	271850	307.0	258.0
11532	271850	309.0	259.0
11544	271850	313.0	259.0
11556	271850	315.0	260.0
11568	271850	318.0	262.0
11580	271850	322.0	262.0
11592	271850	327.0	263.0
11604	271850	330.0	264.0
11616	271850	335.0	265.0
11628	271850	340.0	266.0
11640	271850	345.0	266.0
11652	271850	351.0	268.0
11664	271850	358.0	270.0
11676	271850	365.0	271.0
11688	271850	373.0	273.0
11700	271850	382.0	275.0
11712	271850	389.0	277.0
11724	271850	400.0	279.0
11736	271850	414.0	282.0
11748	271850	428.0	286.0
11760	271850	443.0	289.0
11772	271850	465.0	294.0
11784	271850	488.0	299.0
11796	271850	514.0	306.0
11808	271850	547.0	317.0
11820	271850	588.0	326.0
11832	271850	644.0	339.0
11844	271850	719.0	358.0
11856	271850	834.0	390.0
11868	271850	981.0	440.0
11880	271850	1024.0	495.0
11148	271878	284.0	246.0
11160	271878	285.0	246.0
11172	271878	286.0	247.0
11184	271878	289.0	247.0
11196	271878	290.0	248.0
11208	271878	295.5	249.0
11220	271878	301.6666666666667	250.0
11232	271878	304.0	251.0
11244	271878	309.0	251.0
11256	271878	311.0	251.0
11268	271878	315.0	253.0
11280	271878	317.0	253.0
11292	271878	320.0	252.0
11304	271878	322.0	253.0
11316	271878	324.0	253.0
11328	271878	327.0	253.0
11340	271878	330.0	253.0
11352	271878	333.0	254.0
11364	271878	336.0	254.0
11376	271878	340.0	254.0
11388	271878	344.0	254.0
11400	271878	348.0	255.0
11412	271878	353.0	255.0
11424	271878	358.0	256.0
11436	271878	363.0	256.0
11448	271878	368.0	258.0
11460	271878	374.0	258.0
11472	271878	381.0	260.0
11484	271878	388.0	260.0
11496	271878	396.0	262.0
11508	271878	404.0	262.0
11520	271878	414.0	264.0
11532	271878	425.0	265.0
11544	271878	437.0	267.0
11556	271878	450.0	268.0
11568	271878	465.0	271.0
11580	271878	481.0	272.0
11592	271878	501.0	274.0
11604	271878	523.0	277.0
11616	271878	549.0	280.0
11628	271878	579.0	283.0
11640	271878	616.0	288.0
11652	271878	662.0	293.0
11664	271878	716.0	301.0
11676	271878	787.0	310.0
11688	271878	884.0	322.0
11700	271878	977.0	340.0
11220	271907	296.0	249.0
11232	271907	291.0	248.0
11244	271907	292.0	248.0
11256	271907	293.375	250.0
11268	271907	294.875	250.0
11280	271907	296.0	248.54545454545453
11292	271907	297.0	248.0
11304	271907	295.6666666666667	247.66666666666666
11316	271907	301.0	249.0
11328	271907	302.0	249.0
11340	271907	306.0	248.0
11352	271907	309.0	249.0
11364	271907	311.0	250.0
11376	271907	313.0	250.0
11388	271907	315.0	250.0
11400	271907	317.0	250.0
11412	271907	319.0	250.0
11424	271907	323.0	250.0
11436	271907	327.0	250.0
11448	271907	330.0	252.0
11460	271907	332.0	252.0
11472	271907	336.0	253.0
11484	271907	339.0	254.0
11496	271907	343.0	254.0
11508	271907	346.0	254.0
11520	271907	352.0	254.0
11532	271907	356.0	256.0
11544	271907	362.0	256.0
11556	271907	369.0	257.0
11568	271907	375.0	258.0
11580	271907	382.0	259.0
11592	271907	389.0	259.0
11604	271907	397.0	260.0
11616	271907	406.0	261.0
11628	271907	415.0	262.0
11640	271907	426.0	263.0
11652	271907	438.0	265.0
11664	271907	451.0	266.0
11676	271907	464.0	268.0
11688	271907	480.0	270.0
11700	271907	498.0	272.0
11712	271907	516.0	275.0
11724	271907	541.0	277.0
11736	271907	569.0	281.0
11748	271907	602.0	285.0
11760	271907	643.0	289.0
11772	271907	693.0	295.0
11784	271907	756.0	302.0
11796	271907	840.0	312.0
11808	271907	954.0	326.0
11820	271907	1003.0	352.0
11328	271969	289.27272727272725	247.27272727272728
11340	271969	290.3333333333333	248.0
11352	271969	293.2	248.2
11364	271969	296.08	248.68
11376	271969	298.0	250.0
11388	271969	299.0	249.0
11400	271969	301.0	249.0
11412	271969	302.0	249.0
11424	271969	306.0	250.0
11436	271969	308.0	250.0
11448	271969	309.0	250.0
11460	271969	311.0	250.0
11472	271969	314.0	251.0
11484	271969	317.0	252.0
11496	271969	319.0	252.0
11508	271969	322.0	252.0
11520	271969	325.0	252.0
11532	271969	328.0	253.0
11544	271969	331.0	253.0
11556	271969	334.0	253.0
11568	271969	338.0	254.0
11580	271969	341.0	254.0
11592	271969	346.0	255.0
11604	271969	350.0	255.0
11616	271969	354.0	256.0
11628	271969	358.0	256.0
11640	271969	365.0	256.0
11652	271969	370.0	258.0
11664	271969	376.0	258.0
11676	271969	384.0	259.0
11688	271969	392.0	260.0
11700	271969	399.0	261.0
11712	271969	407.0	263.0
11724	271969	416.0	265.0
11736	271969	427.0	265.0
11748	271969	438.0	266.0
11412	271994	266.6	250.0
11424	271994	267.74074074074076	250.0
11436	271994	269.51851851851853	250.0
11448	271994	271.0	251.0
11460	271994	270.6666666666667	251.0
11472	271994	271.0	251.0
11484	271994	272.0	252.0
11496	271994	274.0	253.0
11508	271994	277.0	253.0
11520	271994	277.0	254.0
11532	271994	279.0	254.0
11544	271994	281.0	255.0
11556	271994	282.0	255.0
11568	271994	285.0	256.0
11580	271994	289.0	256.0
11592	271994	291.0	256.0
11604	271994	293.0	257.0
11616	271994	297.0	258.0
11628	271994	300.0	258.0
11640	271994	301.0	258.0
11652	271994	305.0	259.0
11664	271994	308.0	260.0
11676	271994	313.0	261.0
11688	271994	317.0	262.0
11700	271994	321.0	263.0
11712	271994	324.0	264.0
11724	271994	329.0	266.0
11736	271994	336.0	267.0
11748	271994	341.0	268.0
11760	271994	347.0	269.0
11772	271994	354.0	270.0
11784	271994	359.0	272.0
11796	271994	366.0	272.0
11808	271994	374.0	274.0
11820	271994	382.0	275.0
11832	271994	392.0	276.0
11844	271994	402.0	279.0
11856	271994	414.0	281.0
11868	271994	428.0	285.0
11880	271994	442.0	288.0
11892	271994	461.0	293.0
11904	271994	483.0	298.0
11916	271994	510.0	305.0
11928	271994	544.0	314.0
11940	271994	588.0	326.0
11952	271994	645.0	340.0
11964	271994	723.0	358.0
11976	271994	839.0	388.0
11988	271994	983.0	434.0
11484	272021	263.0	249.0
11496	272021	264.0	249.0
11508	272021	265.0	250.0
11520	272021	266.0	250.0
11532	272021	266.0	250.0
11544	272021	266.0	251.0
11556	272021	267.0	250.0
11568	272021	267.0	250.0
11580	272021	269.0	251.0
11592	272021	270.0	251.0
11604	272021	271.0	251.0
11616	272021	272.0	251.0
11628	272021	274.0	250.0
11640	272021	275.0	251.0
11652	272021	276.0	250.0
11664	272021	276.0	251.0
11676	272021	278.0	252.0
11688	272021	280.0	252.0
11700	272021	282.0	252.0
11712	272021	282.0	253.0
11724	272021	283.0	254.0
11736	272021	285.0	254.0
11748	272021	286.0	254.0
11760	272021	287.0	255.0
11772	272021	289.0	255.0
11784	272021	291.0	256.0
11796	272021	292.0	255.0
11808	272021	294.0	256.0
11820	272021	295.0	256.0
11832	272021	299.0	256.0
11844	272021	300.0	257.0
11856	272021	302.0	257.0
11868	272021	304.0	257.0
11880	272021	307.0	257.0
11892	272021	309.0	258.0
11904	272021	313.0	259.0
11916	272021	315.0	260.0
11928	272021	319.0	260.0
11940	272021	323.0	262.0
11952	272021	326.0	262.0
11964	272021	331.0	263.0
11976	272021	335.0	265.0
11988	272021	340.0	266.0
12000	272021	346.0	266.0
12012	272021	353.0	268.0
12024	272021	359.0	269.0
12036	272021	367.0	270.0
12048	272021	375.0	272.0
12060	272021	385.0	274.0
12072	272021	395.0	275.0
12084	272021	408.0	278.0
12096	272021	423.0	281.0
12108	272021	440.0	284.0
12120	272021	460.0	289.0
12132	272021	484.0	294.0
12144	272021	513.0	301.0
12156	272021	549.0	309.0
12168	272021	597.0	320.0
12180	272021	662.0	335.0
12192	272021	752.0	355.0
12204	272021	887.0	386.0
12216	272021	1005.0	438.0
11508	272027	198.0	248.0
11520	272027	205.0	248.0
11532	272027	210.0	249.0
11544	272027	215.0	250.0
11556	272027	219.0	250.0
11568	272027	223.25	251.25
11580	272027	226.0	251.0
11592	272027	228.0	251.0
11604	272027	230.0	251.0
11616	272027	233.0	251.0
11628	272027	235.0	251.0
11640	272027	237.0	251.0
11652	272027	238.0	251.0
11664	272027	239.0	251.0
11676	272027	241.0	251.0
11688	272027	241.0	252.0
11700	272027	243.0	252.0
11712	272027	244.0	254.0
11724	272027	245.0	254.0
11736	272027	246.0	254.0
11748	272027	247.0	254.0
11760	272027	248.0	254.0
11772	272027	252.0	254.0
11784	272027	255.0	255.0
11796	272027	257.0	254.0
11808	272027	259.0	254.0
11820	272027	263.0	254.0
11832	272027	267.0	254.0
11844	272027	269.0	255.0
11856	272027	270.0	255.0
11868	272027	276.0	255.0
11880	272027	279.0	255.0
11892	272027	281.0	255.0
11904	272027	287.0	255.0
11916	272027	292.0	256.0
11928	272027	295.0	256.0
11940	272027	297.0	257.0
11748	272082	314.0	251.0
11760	272082	318.0	253.0
11772	272082	321.0	253.0
11784	272082	324.0	252.0
11796	272082	327.0	252.0
11808	272082	331.0	253.0
11820	272082	334.0	253.0
11832	272082	339.0	253.0
11844	272082	342.0	254.0
11856	272082	346.0	255.0
11868	272082	350.0	254.0
11880	272082	354.0	255.0
11892	272082	358.0	256.0
11904	272082	363.0	256.0
11916	272082	368.0	257.0
11928	272082	374.0	257.0
11940	272082	381.0	259.0
11952	272082	387.0	259.0
11964	272082	395.0	260.0
11976	272082	403.0	261.0
11988	272082	412.0	262.0
12000	272082	421.0	263.0
12012	272082	432.0	264.0
12024	272082	445.0	266.0
12036	272082	459.0	268.0
12048	272082	474.0	269.0
12060	272082	492.0	271.0
12072	272082	512.0	273.0
12084	272082	536.0	276.0
12096	272082	564.0	279.0
12108	272082	598.0	283.0
12120	272082	639.0	288.0
12132	272082	691.0	294.0
12144	272082	756.0	302.0
12156	272082	842.0	313.0
12168	272082	958.0	327.0
12180	272082	1007.0	357.0
11748	272083	354.25	251.0
11760	272083	363.5882352941176	253.47058823529412
11772	272083	372.5	258.0
11784	272083	380.0	261.5
11796	272083	388.0	263.0
11808	272083	398.0	264.0
11820	272083	410.0	263.0
11832	272083	425.0	267.0
11844	272083	439.0	270.0
11856	272083	454.0	271.0
11868	272083	470.0	272.0
11880	272083	488.0	274.0
11892	272083	509.0	277.0
11904	272083	533.0	280.0
11916	272083	561.0	283.0
11928	272083	594.0	287.0
11940	272083	634.0	293.0
11952	272083	682.0	299.0
11964	272083	748.0	308.0
11976	272083	824.0	306.0
11988	272083	883.0	243.0
12000	272083	1052.0	335.0
11976	272163	341.0	258.0
11988	272163	351.0	259.0
12000	272163	362.0	260.0
12012	272163	374.0	260.0
12024	272163	386.0	261.0
12036	272163	399.0	262.0
12048	272163	411.0	263.0
12060	272163	424.0	264.0
12072	272163	437.0	265.0
12084	272163	452.0	267.0
12096	272163	468.0	268.0
12108	272163	484.0	269.0
12120	272163	502.0	271.0
12132	272163	522.0	272.0
12144	272163	546.0	276.0
12156	272163	572.0	279.0
12168	272163	604.0	283.0
12180	272163	629.3636363636364	265.8181818181818
12192	272163	656.6363636363636	258.1818181818182
12204	272163	728.0	292.0
12216	272163	799.0	310.0
12228	272163	910.0	321.0
12240	272163	984.0	338.0
12276	272237	198.0	248.0
12288	272237	206.0	249.0
12300	272237	209.0	248.0
12312	272237	215.0	250.0
12324	272237	218.0	250.0
12336	272237	223.1304347826087	250.0
12348	272237	227.30434782608697	250.0
12360	272237	229.2	250.0
12372	272237	232.52380952380952	249.8095238095238
12384	272237	237.0952380952381	249.23809523809524
12396	272237	240.42857142857142	249.0
12408	272237	242.0	249.0
12420	272237	245.0	249.0
12432	272237	248.0	249.0
12444	272237	247.14285714285714	249.0
12456	272237	248.0	250.0
12468	272237	248.8	250.0
12480	272237	250.0	250.0
12492	272237	250.0	251.0
12504	272237	252.0	252.0
12516	272237	253.0	251.0
12528	272237	253.0	251.0
12540	272237	254.0	252.0
12552	272237	255.0	252.0
12564	272237	256.22222222222223	251.0
12576	272237	260.0	252.0
12588	272237	262.0	254.0
12600	272237	263.5	254.0
12612	272237	266.0	255.0
12624	272237	269.0	255.0
12636	272237	271.0	255.0
12648	272237	275.0	255.0
12660	272237	277.0	255.0
12672	272237	282.0	256.0
12684	272237	285.0	256.0
12696	272237	289.0	257.0
12708	272237	293.0	257.0
12720	272237	297.0	258.0
12732	272237	302.0	258.0
12744	272237	306.0	259.0
12756	272237	310.0	260.0
12768	272237	316.0	260.0
12780	272237	321.0	261.0
12792	272237	327.0	262.0
12804	272237	333.0	263.0
12816	272237	339.0	264.0
12828	272237	345.0	265.0
12840	272237	352.0	266.0
12852	272237	359.0	267.0
12864	272237	367.0	269.0
12876	272237	375.0	270.0
12888	272237	384.0	271.0
12900	272237	395.0	273.0
12912	272237	407.0	275.0
12924	272237	419.0	277.0
12936	272237	435.0	281.0
12948	272237	453.0	285.0
12960	272237	473.0	290.0
12972	272237	497.0	295.0
12984	272237	528.0	303.0
12996	272237	566.0	311.0
13008	272237	615.0	323.0
13020	272237	685.0	340.0
13032	272237	785.0	361.0
13044	272237	940.0	398.0
13056	272237	1022.0	460.0
12816	272277	285.0	246.0
12828	272277	286.0	246.0
12840	272277	286.0	246.0
12852	272277	288.0	247.0
12864	272277	288.0	247.0
12876	272277	289.0	246.0
12888	272277	291.0	246.0
12900	272277	292.0	246.0
12912	272277	292.0	246.92307692307693
12924	272277	293.45	247.85
12936	272277	295.25	247.25
12948	272277	296.3333333333333	247.0
12960	272277	298.0	248.0
12972	272277	299.0	248.0
12984	272277	301.0	248.0
12996	272277	302.0	248.0
13008	272277	304.7142857142857	248.0
13020	272277	306.8	249.0
13032	272277	309.0	249.0
13044	272277	310.0	249.0
13056	272277	312.0	250.0
13068	272277	315.0	250.0
13080	272277	317.0	250.0
13092	272277	320.0	250.0
13104	272277	323.0	251.0
13116	272277	324.0	250.0
13128	272277	327.0	252.0
13140	272277	330.0	252.0
13152	272277	333.0	252.0
13164	272277	335.0	253.0
13176	272277	339.0	253.0
13188	272277	343.0	254.0
13200	272277	347.0	254.0
13212	272277	351.0	254.0
13224	272277	356.0	255.0
13236	272277	360.0	256.0
13248	272277	365.0	256.0
13260	272277	371.0	257.0
13272	272277	377.0	259.0
13284	272277	384.0	259.0
13296	272277	391.0	260.0
13308	272277	399.0	262.0
13320	272277	408.0	262.0
13332	272277	417.0	264.0
13344	272277	428.0	265.0
13356	272277	440.0	267.0
13368	272277	454.0	268.0
13380	272277	469.0	271.0
13392	272277	486.0	271.0
13404	272277	507.0	273.0
13416	272277	532.0	277.0
13428	272277	560.0	280.0
13440	272277	596.0	284.0
13452	272277	637.0	289.0
13464	272277	688.0	296.0
13476	272277	755.0	304.0
13488	272277	846.0	316.0
13500	272277	963.0	332.0
13512	272277	997.0	348.0
13068	272293	288.0	245.0
13080	272293	290.0	247.0
13092	272293	290.0	247.0
13104	272293	292.0	248.0
13116	272293	293.0	248.0
13128	272293	295.0	247.0
13140	272293	296.0	248.0
13152	272293	296.0	249.0
13164	272293	298.0	249.0
13176	272293	299.0	249.0
13188	272293	301.0	249.0
13200	272293	304.0	250.0
13212	272293	305.0	249.0
13224	272293	307.0	249.0
13236	272293	310.0	250.0
13248	272293	313.0	250.0
13260	272293	316.0	250.0
13272	272293	318.0	251.0
13284	272293	321.0	251.0
13296	272293	324.0	252.0
13308	272293	328.0	253.0
13320	272293	331.0	253.0
13332	272293	334.0	253.0
13344	272293	339.0	254.0
13356	272293	342.0	254.0
13368	272293	347.0	254.0
13380	272293	352.0	255.0
13392	272293	357.0	255.0
13404	272293	363.0	256.0
13416	272293	368.0	256.0
13428	272293	375.0	257.0
13440	272293	382.0	258.0
13452	272293	389.0	258.0
13464	272293	397.0	260.0
13476	272293	406.0	261.0
13488	272293	416.0	262.0
13500	272293	427.0	263.0
13512	272293	440.0	265.0
13524	272293	454.0	266.0
13536	272293	469.0	268.0
13548	272293	487.0	270.0
13560	272293	508.0	272.0
13572	272293	532.0	275.0
13584	272293	560.0	278.0
13596	272293	593.0	282.0
13608	272293	633.0	286.0
13620	272293	684.0	293.0
13632	272293	748.0	301.0
13644	272293	833.0	313.0
13656	272293	952.0	327.0
13668	272293	1007.0	358.0
13236	272311	289.0	247.0
13248	272311	290.0	247.0
13260	272311	291.0	248.0
13272	272311	292.0	248.0
13284	272311	294.0	248.0
13296	272311	297.0	248.0
13308	272311	297.0	247.0
13320	272311	298.0	248.0
13332	272311	300.0	250.0
13344	272311	302.0	250.0
13356	272311	304.0	250.0
13368	272311	305.0	250.0
13380	272311	307.0	250.0
13392	272311	309.0	249.0
13404	272311	311.0	250.0
13416	272311	313.0	249.0
13428	272311	316.0	250.0
13440	272311	318.0	249.0
13452	272311	321.0	249.0
13464	272311	323.0	249.0
13476	272311	326.0	250.0
13488	272311	329.0	250.0
13500	272311	331.0	251.0
13512	272311	335.0	251.0
13524	272311	338.0	251.0
13536	272311	342.0	253.0
13548	272311	345.0	253.0
13560	272311	350.0	253.0
13572	272311	353.0	254.0
13584	272311	358.0	254.0
13596	272311	363.0	254.0
13608	272311	367.0	255.0
13620	272311	372.0	256.0
13632	272311	377.0	256.0
13644	272311	383.0	257.0
13656	272311	390.0	258.0
13668	272311	396.0	259.0
13680	272311	403.0	260.0
13692	272311	411.0	261.0
13704	272311	420.0	262.0
13716	272311	429.0	263.0
13728	272311	440.0	265.0
13740	272311	451.0	266.0
13752	272311	464.0	267.0
13764	272311	479.0	268.0
13776	272311	496.0	270.0
13788	272311	515.0	273.0
13800	272311	536.0	274.0
13812	272311	562.0	277.0
13824	272311	592.0	281.0
13836	272311	627.0	285.0
13848	272311	671.0	291.0
13860	272311	725.0	297.0
13872	272311	793.0	305.0
13884	272311	882.0	316.0
13896	272311	976.0	331.0
13284	272317	269.0	250.0
13296	272317	268.0	250.0
13308	272317	269.0	250.0
13320	272317	270.5263157894737	250.0
13332	272317	271.7894736842105	250.0
13344	272317	273.0	250.0
13356	272317	273.0	251.0
13368	272317	274.0	250.0
13380	272317	274.0	250.0
13392	272317	274.0	249.0
13404	272317	276.0	249.0
13416	272317	277.0	250.0
13428	272317	278.0	250.0
13440	272317	280.0	251.0
13452	272317	280.0	250.0
13464	272317	282.0	251.0
13476	272317	283.0	251.0
13488	272317	285.6	251.0
13500	272317	287.0	252.0
13512	272317	288.0	252.0
13524	272317	289.0	252.0
13536	272317	291.0	253.0
13548	272317	293.0	254.0
13560	272317	295.0	254.0
13572	272317	297.0	254.0
13584	272317	299.0	255.0
13596	272317	302.0	256.0
13608	272317	304.0	256.0
13620	272317	307.0	256.0
13632	272317	311.0	257.0
13644	272317	313.0	258.0
13656	272317	317.0	259.0
13668	272317	320.0	260.0
13680	272317	325.0	261.0
13692	272317	330.0	261.0
13704	272317	334.0	262.0
13716	272317	341.0	264.0
13728	272317	347.0	265.0
13740	272317	354.0	266.0
13752	272317	362.0	267.0
13764	272317	370.0	268.0
13776	272317	380.0	271.0
13788	272317	390.0	272.0
13800	272317	403.0	274.0
13812	272317	417.0	275.0
13824	272317	434.0	278.0
13836	272317	452.0	283.0
13848	272317	473.0	287.0
13860	272317	498.0	292.0
13872	272317	529.0	299.0
13884	272317	567.0	307.0
13896	272317	614.0	318.0
13908	272317	681.0	333.0
13920	272317	773.0	352.0
13932	272317	916.0	385.0
13944	272317	1015.0	441.0
13416	272333	297.0	249.0
13428	272333	299.0	248.0
13440	272333	301.0	248.0
13452	272333	304.0	248.0
13464	272333	305.0	249.0
13476	272333	307.0	250.0
13488	272333	309.72727272727275	249.0
13500	272333	310.0	249.0
13512	272333	312.0	250.0
13524	272333	315.0	250.0
13536	272333	319.0	250.0
13548	272333	320.0	249.0
13560	272333	322.0	252.0
13572	272333	325.5	251.0
13584	272333	331.0	252.0
13596	272333	334.0	253.0
13608	272333	336.0	252.0
13620	272333	342.0	253.0
13632	272333	346.0	254.0
13644	272333	350.0	254.0
13656	272333	356.0	254.0
13668	272333	360.0	255.0
13680	272333	365.0	256.0
13692	272333	369.0	256.0
13704	272333	376.0	258.0
13716	272333	382.0	259.0
13728	272333	389.0	260.0
13740	272333	396.0	261.0
13752	272333	405.0	262.0
13764	272333	413.0	263.0
13776	272333	423.0	264.0
13788	272333	434.0	265.0
13800	272333	445.0	266.0
13812	272333	459.0	268.0
13824	272333	474.0	268.0
13836	272333	492.0	271.0
13848	272333	512.0	274.0
13860	272333	535.0	276.0
13872	272333	562.0	280.0
13884	272333	595.0	284.0
13896	272333	638.0	289.0
13908	272333	686.0	295.0
13920	272333	721.0	250.0
13512	272349	267.6666666666667	248.0
13524	272349	268.3703703703704	248.0
13536	272349	268.81481481481484	248.0
13548	272349	270.0	248.5
13560	272349	271.0	250.0
13572	272349	271.0	249.0
13584	272349	271.0	250.0
13596	272349	273.0	250.0
13608	272349	274.0	250.0
13620	272349	275.0	250.0
13632	272349	276.0	250.0
13644	272349	276.0	251.0
13656	272349	277.0	250.0
13668	272349	277.0	250.0
13680	272349	279.0	251.0
13692	272349	281.0	251.0
13704	272349	282.0	252.0
13716	272349	284.0	252.0
13728	272349	284.0	252.0
13740	272349	284.0	251.0
13752	272349	286.0	252.0
13764	272349	290.0	252.0
13776	272349	291.0	253.0
13788	272349	292.0	253.0
13800	272349	294.0	253.0
13812	272349	296.0	253.0
13824	272349	298.0	254.0
13836	272349	299.0	255.0
13848	272349	302.0	254.0
13860	272349	303.0	255.0
13872	272349	306.0	255.0
13884	272349	308.0	256.0
13896	272349	311.0	256.0
13908	272349	314.0	257.0
13920	272349	316.0	257.0
13932	272349	319.0	258.0
13944	272349	323.0	259.0
13956	272349	326.0	259.0
13968	272349	328.0	259.0
13980	272349	332.0	261.0
13992	272349	336.0	262.0
14004	272349	340.0	263.0
14016	272349	345.0	264.0
14028	272349	350.0	265.0
14040	272349	355.0	266.0
14052	272349	360.0	267.0
14064	272349	366.0	269.0
14076	272349	373.0	271.0
14088	272349	381.0	272.0
14100	272349	390.0	273.0
14112	272349	400.0	276.0
14124	272349	412.0	278.0
14136	272349	426.0	281.0
14148	272349	443.0	285.0
14160	272349	461.0	289.0
14172	272349	483.0	294.0
14184	272349	508.0	299.0
14196	272349	539.0	307.0
14208	272349	577.0	317.0
14220	272349	628.0	329.0
14232	272349	695.0	346.0
14244	272349	791.0	370.0
14256	272349	938.0	405.0
14268	272349	1011.0	467.0
14280	272349	1014.0	487.0
13728	272401	315.0	249.0
13740	272401	320.5	248.0
13752	272401	324.0	250.0
13764	272401	332.0	250.0
13776	272401	336.0	251.0
13788	272401	339.0	252.0
13800	272401	340.0	252.0
13812	272401	344.0	253.0
13824	272401	348.0	253.0
13836	272401	351.0	254.0
13848	272401	356.0	255.0
13860	272401	359.0	255.0
13872	272401	364.0	256.0
13884	272401	368.0	257.0
13896	272401	374.0	257.0
13908	272401	379.0	258.0
13920	272401	385.0	259.0
13932	272401	391.0	260.0
13944	272401	398.0	261.0
13956	272401	406.0	262.0
13968	272401	414.0	263.0
13980	272401	423.0	264.0
13992	272401	432.0	265.0
14004	272401	444.0	266.0
14016	272401	456.0	268.0
14028	272401	471.0	270.0
14040	272401	488.0	271.0
14052	272401	506.0	274.0
14064	272401	528.0	276.0
14076	272401	554.0	280.0
14088	272401	585.0	283.0
14100	272401	623.0	288.0
14112	272401	670.0	295.0
14124	272401	728.0	303.0
14136	272401	803.0	312.0
14148	272401	904.0	324.0
14160	272401	987.0	343.0
13872	272419	260.0	247.0
13884	272419	262.0	247.0
13896	272419	262.0	246.0
13908	272419	264.0	247.0
13920	272419	264.0	247.0
13932	272419	264.0	247.0
13944	272419	265.0	247.0
13956	272419	265.0	247.0
13968	272419	267.0	248.0
13980	272419	269.0	248.0
13992	272419	268.0	248.0
14004	272419	270.0	248.0
14016	272419	270.0	248.0
14028	272419	272.0	248.0
14040	272419	273.0	248.0
14052	272419	274.0	248.0
14064	272419	275.0	248.0
14076	272419	276.0	249.0
14088	272419	278.0	249.0
14100	272419	280.0	249.0
14112	272419	280.0	250.0
14124	272419	282.0	250.0
14136	272419	283.0	251.0
14148	272419	285.0	250.0
14160	272419	286.0	251.0
14172	272419	286.0	251.0
14184	272419	289.0	250.0
14196	272419	290.0	252.0
14208	272419	292.0	252.0
14220	272419	295.0	252.0
14232	272419	297.0	253.0
14244	272419	298.0	253.0
14256	272419	300.0	253.0
14268	272419	302.0	254.0
14280	272419	305.0	255.0
14292	272419	308.0	255.0
14304	272419	311.0	257.0
14316	272419	314.0	257.0
14328	272419	318.0	258.0
14340	272419	322.0	259.0
14352	272419	326.0	259.0
14364	272419	331.0	260.0
14376	272419	336.0	262.0
14388	272419	342.0	263.0
14400	272419	349.0	264.0
14412	272419	357.0	265.0
14424	272419	365.0	266.0
14436	272419	375.0	268.0
14448	272419	387.0	270.0
14460	272419	400.0	272.0
14472	272419	417.0	275.0
14484	272419	437.0	277.0
14496	272419	462.0	282.0
14508	272419	489.0	287.0
14520	272419	522.0	290.0
14532	272419	564.0	296.0
14544	272419	615.0	302.0
14556	272419	683.0	312.0
14568	272419	774.0	325.0
14580	272419	904.0	344.0
14592	272419	1002.0	375.0
13956	272444	286.0	247.0
13968	272444	287.0	247.0
13980	272444	287.2	246.0
13992	272444	287.44	246.0
14004	272444	287.68	246.0
14016	272444	287.92	246.0
14028	272444	288.3076923076923	246.0
14040	272444	291.0	246.0
14052	272444	289.0	245.0
14064	272444	291.0	246.0
14076	272444	291.0	246.0
14088	272444	295.0	246.0
14100	272444	296.0	247.0
14112	272444	296.0	246.0
14124	272444	297.0	247.0
14136	272444	297.0	247.0
14148	272444	299.0	247.0
14160	272444	301.0	247.0
14172	272444	303.0	247.0
14184	272444	304.0	247.0
14196	272444	305.0	248.0
14208	272444	307.0	248.0
14220	272444	309.0	248.0
14232	272444	311.0	248.0
14244	272444	313.0	249.0
14256	272444	316.0	249.0
14268	272444	317.0	250.0
14280	272444	320.0	249.0
14292	272444	322.0	250.0
14304	272444	325.0	250.0
14316	272444	328.0	250.0
14328	272444	330.0	250.0
14340	272444	333.0	251.0
14352	272444	337.0	252.0
14364	272444	340.0	252.0
14376	272444	343.0	253.0
14388	272444	348.0	252.0
14028	272459	306.0	246.0
14040	272459	308.0	248.0
14052	272459	309.0	248.0
14064	272459	314.0	249.0
14076	272459	316.0	250.0
14088	272459	319.0	250.0
14100	272459	321.0	250.0
14112	272459	323.0	251.0
14124	272459	325.0	251.0
14136	272459	327.0	251.0
14148	272459	330.0	251.0
14160	272459	333.0	252.0
14172	272459	335.0	252.0
14184	272459	338.0	253.0
14196	272459	341.0	253.0
14208	272459	344.0	254.0
14220	272459	348.0	254.0
14232	272459	353.0	255.0
14244	272459	357.0	255.0
14256	272459	362.0	256.0
14268	272459	367.0	257.0
14280	272459	373.0	257.0
14292	272459	379.0	259.0
14304	272459	386.0	259.0
14316	272459	394.0	260.0
14328	272459	403.0	261.0
14340	272459	413.0	262.0
14352	272459	424.0	264.0
14364	272459	437.0	266.0
14376	272459	450.0	267.0
14388	272459	466.0	268.0
14400	272459	484.0	270.0
14412	272459	504.0	272.0
14424	272459	527.0	274.0
14436	272459	554.0	278.0
14448	272459	585.0	282.0
14460	272459	624.0	286.0
14472	272459	671.0	293.0
14484	272459	730.0	301.0
14496	272459	806.0	310.0
14508	272459	909.0	324.0
14520	272459	989.0	342.0
14148	272484	356.0	256.0
14160	272484	365.0	257.0
14172	272484	375.0	259.0
14184	272484	386.0	259.0
14196	272484	394.0	260.0
14208	272484	403.0	261.0
14220	272484	412.0	262.0
14232	272484	421.0	263.0
14244	272484	433.0	264.0
14256	272484	444.0	266.0
14268	272484	458.0	268.0
14280	272484	473.0	269.0
14292	272484	490.0	271.0
14304	272484	510.0	273.0
14316	272484	533.0	275.0
14328	272484	560.0	279.0
14340	272484	591.0	282.0
14352	272484	632.0	288.0
14364	272484	677.0	293.0
14376	272484	736.0	302.0
14388	272484	812.0	310.0
14400	272484	919.0	324.0
14412	272484	991.0	344.0
14244	272507	271.0	247.0
14256	272507	273.0	246.0
14268	272507	274.1666666666667	247.83333333333334
14280	272507	275.0	247.0
14292	272507	276.0	247.0
14304	272507	278.0	247.75
14316	272507	279.6666666666667	248.44444444444446
14328	272507	281.0	250.0
14340	272507	282.0	250.0
14352	272507	283.0	250.0
14364	272507	283.3	250.0
14376	272507	285.0	251.0
14388	272507	288.0	251.0
14400	272507	290.0	252.0
14412	272507	292.0	252.0
14424	272507	293.0	253.0
14436	272507	296.0	253.0
14448	272507	298.0	254.0
14460	272507	300.0	255.0
14472	272507	302.0	256.0
14484	272507	304.0	257.0
14496	272507	306.0	259.0
14508	272507	310.0	260.0
14520	272507	313.0	261.0
14532	272507	317.0	261.0
14544	272507	322.0	261.0
14556	272507	326.0	262.0
14568	272507	331.0	263.0
14580	272507	338.0	264.0
14592	272507	344.0	265.0
14604	272507	351.0	266.0
14616	272507	358.0	267.0
14628	272507	367.0	269.0
14640	272507	377.0	271.0
14652	272507	390.0	273.0
14664	272507	402.0	275.0
14676	272507	419.0	278.0
14688	272507	438.0	282.0
14700	272507	460.0	286.0
14712	272507	487.0	292.0
14724	272507	520.0	299.0
14736	272507	562.0	308.0
14748	272507	618.0	321.0
14760	272507	696.0	339.0
14772	272507	812.0	365.0
14784	272507	977.0	408.0
14304	272521	262.0	250.0
14316	272521	260.0	248.0
14328	272521	262.0	248.0
14340	272521	262.0	248.0
14352	272521	263.0	248.0
14364	272521	263.25531914893617	248.08510638297872
14376	272521	264.02127659574467	248.3404255319149
14388	272521	264.78723404255317	248.59574468085106
14400	272521	265.5531914893617	248.85106382978722
14412	272521	266.0	248.0
14424	272521	267.0	248.0
14436	272521	268.7142857142857	248.85714285714286
14448	272521	272.0	250.0
14460	272521	273.0	250.0
14472	272521	271.0	250.0
14484	272521	272.0	250.5
14496	272521	271.25	251.75
14508	272521	278.0	253.0
14520	272521	278.25	254.25
14532	272521	287.0	253.0
14544	272521	288.0	253.0
14556	272521	290.0	254.0
14568	272521	291.0	253.0
14580	272521	294.0	255.0
14592	272521	296.0	255.0
14604	272521	298.0	255.0
14616	272521	299.0	255.0
14628	272521	303.0	255.0
14640	272521	304.0	256.0
14652	272521	307.0	256.0
14664	272521	310.0	257.0
14676	272521	312.0	259.0
14688	272521	315.0	259.0
14700	272521	319.0	260.0
14712	272521	322.0	261.0
14724	272521	326.0	262.0
14736	272521	330.0	263.0
14748	272521	335.0	265.0
14760	272521	340.0	266.0
14772	272521	346.0	267.0
14784	272521	352.0	268.0
14796	272521	359.0	270.0
14808	272521	367.0	271.0
14820	272521	376.0	273.0
14832	272521	385.0	274.0
14844	272521	397.0	277.0
14856	272521	410.0	280.0
14868	272521	425.0	283.0
14880	272521	442.0	288.0
14892	272521	463.0	293.0
14904	272521	489.0	299.0
14916	272521	522.0	308.0
14928	272521	563.0	318.0
14940	272521	620.0	333.0
14952	272521	702.0	354.0
14964	272521	828.0	384.0
14976	272521	987.0	438.0
14580	272619	275.0	251.0
14592	272619	278.0	251.0
14604	272619	280.0	252.0
14616	272619	281.0	252.0
14628	272619	281.0	253.0
14640	272619	283.5263157894737	253.0
14652	272619	286.0	253.0
14664	272619	287.0	254.0
14676	272619	290.0	256.0
14688	272619	292.0	256.0
14700	272619	294.0	255.0
14712	272619	296.0	256.0
14724	272619	298.0	257.0
14736	272619	301.0	257.0
14748	272619	304.0	258.0
14760	272619	307.0	260.0
14772	272619	310.0	260.0
14784	272619	313.0	261.0
14796	272619	318.0	262.0
14808	272619	323.0	262.0
14820	272619	328.0	264.0
14832	272619	333.0	265.0
14844	272619	338.0	266.0
14856	272619	344.0	267.0
14868	272619	350.0	268.0
14880	272619	356.0	270.0
14892	272619	363.0	271.0
14904	272619	372.0	273.0
14916	272619	381.0	274.0
14928	272619	392.0	276.0
14940	272619	403.0	279.0
14952	272619	418.0	282.0
14964	272619	435.0	286.0
14976	272619	455.0	291.0
14988	272619	479.0	296.0
15000	272619	508.0	304.0
15012	272619	544.0	313.0
15024	272619	591.0	325.0
15036	272619	651.0	340.0
15048	272619	737.0	359.0
15060	272619	869.0	391.0
15072	272619	999.0	445.0
14628	272629	321.0	251.0
14640	272629	328.0	252.0
14652	272629	333.0	252.0
14664	272629	339.0	253.0
14676	272629	344.0	254.0
14688	272629	347.0	254.0
14700	272629	352.0	254.0
14712	272629	356.0	255.0
14724	272629	360.0	256.0
14736	272629	365.0	257.0
14748	272629	370.0	258.0
14760	272629	376.0	258.0
14772	272629	383.0	259.0
14784	272629	390.0	260.0
14796	272629	397.0	261.0
14808	272629	406.0	262.0
14820	272629	415.0	263.0
14832	272629	424.0	264.0
14844	272629	436.0	265.0
14856	272629	448.0	267.0
14868	272629	462.0	268.0
14880	272629	477.0	269.0
14892	272629	495.0	271.0
14904	272629	515.0	274.0
14916	272629	539.0	277.0
14928	272629	567.0	280.0
14940	272629	574.0	239.0
14676	272641	356.0	256.0
14688	272641	368.0	258.0
14700	272641	381.0	259.0
14712	272641	392.0	260.0
14724	272641	402.0	261.0
14736	272641	411.0	262.0
14748	272641	420.0	263.0
14760	272641	430.0	265.0
14772	272641	441.0	266.0
14784	272641	455.0	267.0
14796	272641	468.0	269.0
14808	272641	485.0	270.0
14820	272641	503.0	273.0
14832	272641	525.0	275.0
14844	272641	549.0	279.0
14856	272641	580.0	282.0
14868	272641	618.0	287.0
14880	272641	666.0	293.0
14892	272641	725.0	300.0
14904	272641	802.0	310.0
14916	272641	909.0	323.0
14928	272641	991.0	342.0
14688	272643	275.0	251.0
14700	272643	275.0	251.0
14712	272643	278.0	252.0
14724	272643	279.0	252.0
14736	272643	281.0	253.0
14748	272643	283.0	254.0
14760	272643	286.0	254.0
14772	272643	288.0	254.0
14784	272643	290.0	254.0
14796	272643	293.0	254.0
14808	272643	294.0	255.0
14820	272643	297.0	255.0
14832	272643	300.0	256.0
14844	272643	302.0	256.0
14856	272643	303.0	256.0
14868	272643	306.0	258.0
14880	272643	309.0	258.0
14892	272643	312.0	259.0
14904	272643	315.0	260.0
14916	272643	319.0	260.0
14928	272643	323.0	261.0
14940	272643	326.0	262.0
14952	272643	331.0	263.0
14964	272643	336.0	264.0
14976	272643	341.0	265.0
14988	272643	347.0	266.0
15000	272643	353.0	268.0
15012	272643	360.0	269.0
15024	272643	367.0	271.0
15036	272643	375.0	272.0
15048	272643	384.0	274.0
15060	272643	394.0	275.0
15072	272643	405.0	277.0
15084	272643	418.0	280.0
15096	272643	433.0	284.0
15108	272643	450.0	288.0
15120	272643	470.0	292.0
15132	272643	492.0	298.0
15144	272643	521.0	305.0
15156	272643	557.0	313.0
15168	272643	602.0	324.0
15180	272643	665.0	338.0
15192	272643	751.0	357.0
15204	272643	873.0	385.0
15216	272643	991.0	431.0
14700	272645	261.0	247.0
14712	272645	262.0	247.0
14724	272645	262.0	246.0
14736	272645	262.0	246.0
14748	272645	262.0	247.0
14760	272645	262.0	247.0
14772	272645	262.0	247.0
14784	272645	263.0	247.0
14796	272645	263.0	247.0
14808	272645	264.0	248.0
14820	272645	265.0	248.0
14832	272645	266.0	248.0
14844	272645	265.0	247.0
14856	272645	267.0	247.0
14868	272645	268.0	247.0
14880	272645	268.0	247.0
14892	272645	269.0	248.0
14904	272645	270.0	249.0
14916	272645	272.0	250.0
14928	272645	272.0	250.0
14940	272645	272.0	249.0
14952	272645	274.0	249.0
14964	272645	275.0	249.0
14976	272645	276.0	250.0
14988	272645	277.0	251.0
15000	272645	278.0	251.0
15012	272645	280.0	251.0
15024	272645	282.0	251.0
15036	272645	282.0	252.0
15048	272645	283.0	251.0
15060	272645	285.0	251.0
15072	272645	287.0	253.0
15084	272645	289.0	254.0
15096	272645	290.0	253.0
15108	272645	292.0	255.0
15120	272645	295.0	255.0
15132	272645	295.0	255.0
15144	272645	298.0	256.0
15156	272645	300.0	255.0
15168	272645	303.0	256.0
15180	272645	305.0	256.0
15192	272645	308.0	257.0
15204	272645	311.0	258.0
15216	272645	315.0	259.0
15228	272645	318.0	259.0
15240	272645	322.0	260.0
15252	272645	326.0	262.0
15264	272645	330.0	262.0
15276	272645	335.0	263.0
15288	272645	340.0	265.0
15300	272645	345.0	266.0
15312	272645	353.0	267.0
15324	272645	359.0	269.0
15336	272645	367.0	271.0
15348	272645	376.0	272.0
15360	272645	387.0	274.0
15372	272645	399.0	276.0
15384	272645	412.0	279.0
15396	272645	427.0	282.0
15408	272645	445.0	286.0
15420	272645	465.0	290.0
15432	272645	491.0	296.0
15444	272645	522.0	303.0
15456	272645	562.0	312.0
15468	272645	613.0	326.0
15480	272645	682.0	342.0
15492	272645	786.0	366.0
15504	272645	949.0	405.0
15516	272645	1030.0	477.0
14928	272713	346.0	254.0
14940	272713	351.0	255.0
14952	272713	361.0	256.0
14964	272713	368.0	255.0
14976	272713	376.0	259.0
14988	272713	381.0	258.0
15000	272713	388.0	259.0
15012	272713	396.0	260.0
15024	272713	404.0	262.0
15036	272713	412.0	262.0
15048	272713	422.0	263.0
15060	272713	432.0	264.0
15072	272713	443.0	266.0
15084	272713	456.0	268.0
15096	272713	471.0	269.0
15108	272713	487.0	271.0
15120	272713	506.0	273.0
15132	272713	528.0	275.0
15144	272713	554.0	277.0
15156	272713	583.0	282.0
15168	272713	617.0	286.0
15180	272713	657.0	275.0
14940	272721	297.0	249.0
14952	272721	300.0	249.0
14964	272721	303.0	248.0
14976	272721	306.0	250.0
14988	272721	308.0	250.0
15000	272721	311.0	250.0
15012	272721	313.0	250.0
15024	272721	314.0	250.0
15036	272721	316.0	251.0
15048	272721	318.0	251.0
15060	272721	321.0	251.0
15072	272721	324.0	251.0
15084	272721	327.0	252.0
15096	272721	329.0	253.0
15108	272721	332.0	253.0
15120	272721	336.0	253.0
15132	272721	340.0	253.0
15144	272721	344.0	254.0
15156	272721	349.0	254.0
15168	272721	352.0	254.0
15180	272721	357.0	256.0
15192	272721	362.0	256.0
15204	272721	368.0	257.0
15216	272721	373.0	258.0
15228	272721	380.0	259.0
15240	272721	386.0	260.0
15252	272721	393.0	261.0
15264	272721	401.0	262.0
15276	272721	410.0	264.0
15288	272721	418.0	264.0
15300	272721	429.0	266.0
15312	272721	440.0	268.0
15324	272721	453.0	270.0
15336	272721	469.0	272.0
15348	272721	487.0	274.0
15360	272721	508.0	277.0
15372	272721	533.0	281.0
15384	272721	562.0	285.0
15396	272721	598.0	291.0
15408	272721	643.0	298.0
15420	272721	701.0	308.0
15432	272721	779.0	322.0
15444	272721	889.0	340.0
15456	272721	992.0	370.0
15024	272744	326.0	253.0
15036	272744	332.0	253.0
15048	272744	338.0	252.0
15060	272744	342.0	252.0
15072	272744	350.0	254.0
15084	272744	354.0	255.0
15096	272744	358.0	256.0
15108	272744	362.0	256.0
15120	272744	368.0	257.0
15132	272744	372.0	258.0
15144	272744	377.0	258.0
15156	272744	384.0	259.0
15168	272744	390.0	259.0
15180	272744	397.0	260.0
15192	272744	405.0	261.0
15204	272744	413.0	262.0
15216	272744	422.0	263.0
15228	272744	432.0	265.0
15240	272744	443.0	265.0
15252	272744	456.0	267.0
15264	272744	471.0	269.0
15276	272744	486.0	271.0
15288	272744	504.0	272.0
15300	272744	525.0	274.0
15312	272744	549.0	277.0
15324	272744	577.0	281.0
15336	272744	609.0	284.0
15348	272744	652.0	290.0
15360	272744	701.0	295.0
15372	272744	768.0	305.0
15384	272744	849.0	314.0
15396	272744	959.0	327.0
15408	272744	1000.0	349.0
15024	272745	262.0	244.0
15036	272745	262.0	246.0
15048	272745	263.0	246.0
15060	272745	262.3333333333333	245.0
15072	272745	263.0	246.0
15084	272745	264.0	247.0
15096	272745	264.0	247.0
15108	272745	264.0	247.0
15120	272745	265.0	247.0
15132	272745	266.0	247.0
15144	272745	266.0	247.0
15156	272745	267.0	248.0
15168	272745	268.0	249.0
15180	272745	268.0	249.0
15192	272745	269.0	248.0
15204	272745	270.0	248.0
15216	272745	270.0	247.0
15228	272745	271.0	249.0
15240	272745	271.0	249.0
15252	272745	273.0	250.0
15264	272745	273.0	250.0
15276	272745	274.0	250.0
15288	272745	275.0	250.0
15300	272745	277.0	250.0
15312	272745	277.0	251.0
15324	272745	277.0	251.0
15336	272745	279.0	251.0
15348	272745	279.0	251.0
15360	272745	280.0	251.0
15372	272745	280.0	252.0
15384	272745	282.0	252.0
15396	272745	283.0	251.0
15408	272745	285.0	252.0
15420	272745	285.0	252.0
15432	272745	288.0	252.0
15444	272745	289.0	252.0
15456	272745	290.0	252.0
15468	272745	292.0	252.0
15480	272745	293.0	253.0
15492	272745	295.0	253.0
15504	272745	297.0	254.0
15516	272745	299.0	254.0
15528	272745	301.0	253.0
15540	272745	303.0	254.0
15552	272745	305.0	255.0
15564	272745	307.0	255.0
15576	272745	309.0	256.0
15588	272745	312.0	256.0
15600	272745	314.0	256.0
15612	272745	316.0	256.0
15624	272745	318.0	257.0
15636	272745	321.0	257.0
15648	272745	324.0	258.0
15660	272745	327.0	259.0
15672	272745	330.0	259.0
15684	272745	333.0	261.0
15696	272745	336.0	262.0
15708	272745	339.0	263.0
15720	272745	343.0	264.0
15732	272745	347.0	264.0
15744	272745	353.0	266.0
15756	272745	357.0	267.0
15768	272745	363.0	268.0
15780	272745	370.0	270.0
15792	272745	377.0	271.0
15804	272745	385.0	272.0
15816	272745	395.0	274.0
15828	272745	410.0	275.0
15840	272745	420.0	278.0
15852	272745	433.0	281.0
15864	272745	447.0	284.0
15876	272745	465.0	288.0
15888	272745	482.0	292.0
15900	272745	506.0	298.0
15912	272745	535.0	304.0
15924	272745	570.0	312.0
15936	272745	614.0	323.0
15948	272745	675.0	337.0
15960	272745	754.0	353.0
15972	272745	867.0	380.0
15984	272745	963.0	420.0
15996	272745	991.0	479.0
16008	272745	962.0	417.0
16020	272745	991.0	434.0
16032	272745	1022.0	502.0
15096	272767	374.0	257.0
15108	272767	383.0	261.0
15120	272767	395.0	262.0
15132	272767	407.0	262.0
15144	272767	418.0	264.0
15156	272767	430.0	264.0
15168	272767	444.0	266.0
15180	272767	461.0	268.0
15192	272767	477.0	269.0
15204	272767	494.0	271.0
15216	272767	511.0	273.0
15228	272767	533.0	275.0
15240	272767	556.0	279.0
15252	272767	585.0	282.0
15264	272767	619.0	286.0
15276	272767	660.0	291.0
15288	272767	712.0	298.0
15300	272767	775.0	305.0
15312	272767	859.0	316.0
15324	272767	966.0	331.0
15336	272767	1006.0	361.0
15192	272790	284.0	246.0
15204	272790	284.0	246.0
15216	272790	285.0	247.0
15228	272790	286.0	247.0
15240	272790	287.0	247.0
15252	272790	287.0	247.0
15264	272790	288.0	248.0
15276	272790	289.0	248.0
15288	272790	290.0	247.0
15300	272790	291.0	247.0
15312	272790	292.0	247.0
15324	272790	292.0	247.0
15336	272790	293.0	247.0
15348	272790	294.0	248.0
15360	272790	296.0	249.0
15372	272790	297.0	249.0
15384	272790	298.0	249.0
15396	272790	299.0	249.0
15408	272790	300.0	249.0
15420	272790	302.0	249.0
15432	272790	304.0	249.0
15444	272790	305.0	249.0
15456	272790	306.0	249.0
15468	272790	308.0	249.0
15480	272790	309.0	250.0
15492	272790	311.0	250.0
15504	272790	314.0	250.0
15516	272790	316.0	251.0
15528	272790	318.0	251.0
15540	272790	320.0	250.0
15552	272790	322.0	251.0
15564	272790	325.0	252.0
15576	272790	327.0	252.0
15588	272790	330.0	252.0
15600	272790	333.0	252.0
15612	272790	337.0	253.0
15624	272790	340.0	254.0
15636	272790	343.0	253.0
15648	272790	347.0	253.0
15660	272790	352.0	255.0
15672	272790	355.0	255.0
15684	272790	359.0	256.0
15696	272790	364.0	256.0
15708	272790	369.0	257.0
15720	272790	375.0	258.0
15732	272790	380.0	259.0
15744	272790	386.0	259.0
15756	272790	392.0	260.0
15768	272790	400.0	261.0
15780	272790	407.0	262.0
15792	272790	416.0	264.0
15804	272790	426.0	264.0
15816	272790	437.0	266.0
15828	272790	449.0	267.0
15840	272790	461.0	268.0
15852	272790	476.0	270.0
15864	272790	494.0	271.0
15876	272790	512.0	274.0
15888	272790	534.0	277.0
15900	272790	559.0	279.0
15912	272790	590.0	283.0
15924	272790	625.0	286.0
15936	272790	668.0	292.0
15948	272790	723.0	298.0
15960	272790	792.0	305.0
15312	272835	195.0	247.0
15324	272835	199.0	248.0
15336	272835	206.0	249.0
15348	272835	210.0	250.0
15360	272835	214.0	250.0
15372	272835	217.0	251.0
15384	272835	220.0	251.0
15396	272835	223.0	250.0
15408	272835	226.0	251.0
15420	272835	228.0	250.0
15432	272835	230.0	252.0
15444	272835	234.0	252.0
15456	272835	237.0	251.0
15468	272835	238.0	252.0
15480	272835	239.0	251.0
15492	272835	241.0	251.0
15504	272835	242.0	251.0
15516	272835	242.0	251.0
15528	272835	243.0	251.0
15540	272835	244.0	251.0
15552	272835	244.0	251.0
15564	272835	247.0	252.0
15576	272835	247.0	251.0
15588	272835	249.0	251.0
15600	272835	251.0	251.0
15612	272835	254.0	252.0
15624	272835	256.0	252.0
15636	272835	257.0	251.0
15648	272835	262.0	252.0
15660	272835	264.0	251.0
15672	272835	271.0	253.0
15684	272835	267.0	252.0
15552	272889	270.0	250.0
15564	272889	273.0	251.0
15576	272889	274.0	251.0
15588	272889	277.0	252.0
15600	272889	277.0	252.0
15612	272889	278.0	252.0
15624	272889	280.36	251.0
15636	272889	281.8	251.0
15648	272889	283.0	251.0
15660	272889	283.0	250.0
15672	272889	286.0	252.0
15684	272889	287.0	253.0
15696	272889	289.0	253.0
15708	272889	290.0	254.0
15720	272889	291.0	254.0
15732	272889	293.0	255.0
15744	272889	294.2352941176471	254.94117647058823
15756	272889	297.05882352941177	254.23529411764707
15768	272889	299.0	256.0
15780	272889	301.0	258.0
15792	272889	304.0	257.0
15804	272889	308.0	259.0
15816	272889	312.0	258.0
15828	272889	315.0	259.0
15840	272889	319.0	260.0
15852	272889	325.0	262.0
15864	272889	331.0	263.0
15876	272889	337.0	264.0
15888	272889	343.0	265.0
15900	272889	348.0	266.0
15912	272889	354.0	267.0
15924	272889	361.0	269.0
15936	272889	367.0	270.0
15948	272889	376.0	271.0
15960	272889	384.0	272.0
15972	272889	394.0	274.0
15984	272889	404.0	276.0
15996	272889	417.0	279.0
16008	272889	430.0	281.0
16020	272889	447.0	283.0
16032	272889	464.0	287.0
16044	272889	486.0	292.0
16056	272889	512.0	297.0
16068	272889	541.0	304.0
16080	272889	576.0	312.0
16092	272889	620.0	322.0
16104	272889	678.0	334.0
16116	272889	757.0	351.0
16128	272889	867.0	375.0
16140	272889	983.0	412.0
16152	272889	1017.0	451.0
15708	272900	277.0	252.875
15720	272900	276.0	252.0
15732	272900	278.0	252.0
15744	272900	279.0	253.16666666666666
15756	272900	283.0	253.83333333333334
15768	272900	282.0	254.0
15780	272900	285.6363636363636	253.72727272727272
15792	272900	287.5	256.0
15804	272900	287.0	256.0
15816	272900	291.0	257.0
15828	272900	293.0	258.0
15840	272900	295.0	258.0
15852	272900	299.0	259.0
15864	272900	301.0	259.0
15876	272900	304.0	260.0
15888	272900	307.0	261.0
15900	272900	310.0	262.0
15912	272900	314.0	262.0
15924	272900	320.0	264.0
15936	272900	324.0	265.0
15948	272900	333.0	265.0
15960	272900	335.0	266.0
15972	272900	342.0	268.0
15984	272900	348.5	269.5
15996	272900	357.0	271.0
16008	272900	366.0	272.0
16020	272900	376.0	274.0
16032	272900	387.0	275.5
16044	272900	400.0	278.0
16056	272900	413.0	281.0
16068	272900	428.0	284.0
16080	272900	448.0	288.0
16092	272900	473.0	293.0
16104	272900	500.0	298.0
16116	272900	530.0	305.0
16128	272900	565.0	315.0
16140	272900	609.0	323.0
16152	272900	667.0	337.0
16164	272900	745.0	355.0
16176	272900	858.0	381.0
16188	272900	982.0	421.0
16200	272900	1024.0	472.0
15804	272907	262.0	247.0
15816	272907	263.0	248.0
15828	272907	265.0	249.0
15840	272907	265.0	249.0
15852	272907	266.0	249.0
15864	272907	267.0	249.0
15876	272907	268.0	249.0
15888	272907	268.0	249.0
15900	272907	268.0	249.0
15912	272907	270.0	248.0
15924	272907	271.0	249.0
15936	272907	271.0	249.0
15948	272907	273.0	250.0
15960	272907	274.0	249.0
15972	272907	275.0	250.0
15984	272907	275.0	250.0
15996	272907	276.0	250.0
16008	272907	277.0	250.0
16020	272907	278.0	251.0
16032	272907	280.0	251.0
16044	272907	282.0	250.0
16056	272907	283.0	250.0
16068	272907	283.0	250.0
16080	272907	285.5	250.5
16092	272907	288.0	252.0
16104	272907	290.0	253.0
16116	272907	291.0	253.0
16128	272907	293.0	253.0
16140	272907	294.0	253.0
16152	272907	296.0	253.0
16164	272907	299.0	255.0
16176	272907	301.0	255.0
16188	272907	303.0	255.0
16200	272907	305.0	256.0
16212	272907	307.0	256.0
16224	272907	310.0	257.0
16236	272907	313.0	258.0
16248	272907	316.0	259.0
16260	272907	320.0	259.0
16272	272907	323.0	260.0
16284	272907	328.0	261.0
16296	272907	332.0	262.0
16308	272907	336.0	262.0
16320	272907	342.0	264.0
16332	272907	348.0	265.0
16344	272907	355.0	267.0
16356	272907	361.0	268.0
16368	272907	369.0	270.0
16380	272907	378.0	271.0
16392	272907	387.0	273.0
16404	272907	398.0	274.0
16416	272907	411.0	276.0
16428	272907	425.0	279.0
16440	272907	441.0	283.0
16452	272907	460.0	286.0
16464	272907	484.0	291.0
16476	272907	511.0	298.0
16488	272907	543.0	306.0
16500	272907	585.0	315.0
16512	272907	641.0	329.0
16524	272907	716.0	344.0
16536	272907	824.0	369.0
16548	272907	970.0	407.0
16560	272907	1031.0	475.0
15876	272921	289.0	255.0
15888	272921	291.0	256.0
15900	272921	291.0	256.0
15912	272921	294.0	255.0
15924	272921	297.0	257.0
15936	272921	298.0	257.0
15948	272921	301.0	257.0
15960	272921	303.0	258.0
15972	272921	305.0	258.0
15984	272921	307.0	259.0
15996	272921	311.0	260.0
16008	272921	315.0	260.0
16020	272921	319.0	261.0
16032	272921	324.0	262.0
16044	272921	327.0	263.0
16056	272921	332.0	263.0
16068	272921	336.0	263.0
16080	272921	342.0	266.0
16092	272921	348.0	267.0
16104	272921	354.0	268.0
16116	272921	361.0	269.0
16128	272921	369.0	271.0
16140	272921	377.0	272.0
16152	272921	385.0	273.0
16164	272921	396.0	275.0
16176	272921	407.0	277.0
16188	272921	420.0	280.0
16200	272921	433.0	283.0
16212	272921	450.0	286.0
16224	272921	468.0	290.0
16236	272921	490.0	295.0
16248	272921	515.0	301.0
16260	272921	548.0	309.0
16272	272921	587.0	317.0
16284	272921	638.0	329.0
16296	272921	704.0	343.0
16308	272921	798.0	364.0
16320	272921	935.0	395.0
16332	272921	1010.0	446.0
15996	272939	323.0	264.0
16008	272939	328.0	265.0
16020	272939	333.0	266.0
16032	272939	339.0	268.0
16044	272939	347.0	268.0
16056	272939	356.0	270.0
16068	272939	365.0	271.0
16080	272939	377.0	273.0
16092	272939	388.0	274.0
16104	272939	400.0	277.0
16116	272939	416.0	279.0
16128	272939	434.0	282.0
16140	272939	450.0	286.0
16152	272939	469.0	290.0
16164	272939	490.0	295.0
16176	272939	514.0	301.0
16188	272939	546.0	309.0
16200	272939	584.0	318.0
16212	272939	633.0	331.0
16224	272939	700.0	347.0
16236	272939	796.0	369.0
16248	272939	938.0	404.0
16260	272939	1014.0	462.0
16032	272952	299.0	248.0
16044	272952	303.5	248.0
16056	272952	305.0	248.0
16068	272952	306.1666666666667	248.23333333333332
16080	272952	308.1666666666667	248.63333333333333
16092	272952	310.0	250.0
16104	272952	310.0	250.0
16116	272952	310.0	249.0
16128	272952	313.0	250.0
16140	272952	315.0	250.0
16152	272952	320.0	250.0
16164	272952	323.0	251.0
16176	272952	325.0	251.0
16188	272952	328.0	252.0
16200	272952	331.0	252.0
16212	272952	335.0	253.0
16224	272952	339.0	253.0
16236	272952	343.0	254.0
16248	272952	348.0	254.0
16260	272952	353.0	255.0
16272	272952	358.0	256.0
16284	272952	363.0	256.0
16296	272952	370.0	258.0
16308	272952	377.0	258.0
16320	272952	385.0	259.0
16332	272952	394.0	261.0
16344	272952	402.0	261.0
16356	272952	412.0	262.0
16368	272952	423.0	264.0
16380	272952	433.0	265.0
16392	272952	447.0	266.0
16404	272952	462.0	268.0
16416	272952	477.0	269.0
16428	272952	496.0	271.0
16440	272952	519.0	273.0
16452	272952	543.0	276.0
16464	272952	573.0	279.0
16476	272952	610.0	284.0
16488	272952	655.0	289.0
16500	272952	711.0	295.0
16512	272952	784.0	305.0
16524	272952	884.0	316.0
16536	272952	981.0	334.0
16080	272962	320.2307692307692	250.0
16092	272962	323.5	250.0
16104	272962	324.0	250.0
16116	272962	327.0	252.0
16128	272962	331.0	252.0
16140	272962	335.0	253.0
16152	272962	339.0	253.0
16164	272962	344.0	254.0
16176	272962	348.0	255.0
16188	272962	353.0	255.0
16200	272962	357.0	256.0
16212	272962	362.0	257.0
16224	272962	367.0	258.0
16236	272962	373.0	258.0
16248	272962	379.0	260.0
16260	272962	385.0	261.0
16272	272962	393.0	262.0
16284	272962	400.0	262.0
16296	272962	410.0	264.0
16308	272962	419.0	265.0
16320	272962	431.0	268.0
16332	272962	443.0	269.0
16344	272962	457.0	271.0
16356	272962	475.0	273.0
16368	272962	494.0	275.0
16380	272962	516.0	277.0
16392	272962	544.0	280.0
16404	272962	575.0	285.0
16416	272962	614.0	290.0
16428	272962	664.0	298.0
16440	272962	726.0	307.0
16452	272962	810.0	319.0
16464	272962	926.0	336.0
16476	272962	1000.0	364.0
16128	272976	272.0	250.0
16140	272976	273.0	251.0
16152	272976	276.0	251.0
16164	272976	276.0	251.0
16176	272976	276.0	251.0
16188	272976	279.0	252.0
16200	272976	280.0	252.0
16212	272976	283.0	252.0
16224	272976	283.0	253.0
16236	272976	286.0	252.0
16248	272976	287.0	254.0
16260	272976	290.0	255.0
16272	272976	291.0	255.0
16284	272976	295.0	255.0
16296	272976	297.0	255.0
16308	272976	300.0	256.0
16320	272976	303.0	256.0
16332	272976	306.0	258.0
16344	272976	308.0	258.0
16356	272976	313.0	259.0
16368	272976	316.0	260.0
16380	272976	319.0	261.0
16392	272976	322.0	261.0
16404	272976	326.0	262.0
16416	272976	331.0	263.0
16428	272976	335.0	264.0
16440	272976	341.0	265.0
16452	272976	347.0	266.0
16464	272976	355.0	268.0
16476	272976	363.0	270.0
16488	272976	371.0	271.0
16500	272976	380.0	272.0
16512	272976	391.0	274.0
16524	272976	403.0	276.0
16536	272976	417.0	279.0
16548	272976	434.0	282.0
16560	272976	451.0	286.0
16572	272976	474.0	290.0
16584	272976	500.0	296.0
16596	272976	531.0	303.0
16608	272976	571.0	311.0
16620	272976	617.0	322.0
16632	272976	683.0	336.0
16644	272976	771.0	356.0
16656	272976	902.0	384.0
16668	272976	1004.0	432.0
16440	273082	275.0833333333333	244.91666666666666
16452	273082	276.0	244.0
16464	273082	277.0	245.0
16476	273082	277.0	245.0
16488	273082	278.0	245.0
16500	273082	278.0	245.0
16512	273082	279.0	245.0
16524	273082	279.0	246.0
16536	273082	279.0	246.0
16548	273082	280.0	246.0
16560	273082	280.0	247.0
16572	273082	281.0	247.0
16584	273082	282.0	247.0
16596	273082	283.0	246.0
16608	273082	285.0	247.0
16620	273082	285.0	246.0
16632	273082	287.0	246.0
16644	273082	288.0	247.0
16656	273082	289.0	247.0
16668	273082	290.0	247.0
16680	273082	291.0	248.0
16692	273082	291.0	247.0
16704	273082	292.0	248.0
16716	273082	295.0	249.0
16728	273082	295.0	249.0
16740	273082	297.0	249.0
16752	273082	298.0	248.0
16764	273082	301.0	248.0
16776	273082	303.0	248.0
16788	273082	304.0	249.0
16800	273082	306.0	249.0
16812	273082	307.0	249.0
16824	273082	309.0	250.0
16836	273082	310.0	250.0
16848	273082	313.0	250.0
16860	273082	316.0	250.0
16872	273082	317.0	250.0
16884	273082	319.0	250.0
16896	273082	322.0	251.0
16908	273082	325.0	250.0
16920	273082	328.0	251.0
16932	273082	331.0	252.0
16944	273082	333.0	252.0
16956	273082	337.0	253.0
16968	273082	340.0	254.0
16980	273082	344.0	254.0
16992	273082	348.0	254.0
17004	273082	352.0	255.0
17016	273082	356.0	254.0
17028	273082	362.0	255.0
17040	273082	366.0	256.0
17052	273082	371.0	257.0
17064	273082	378.0	258.0
17076	273082	384.0	258.0
17088	273082	388.0	255.0
16476	273089	258.0	246.0
16488	273089	259.0	246.0
16500	273089	259.0	246.0
16512	273089	259.0	246.0
16524	273089	260.0	246.0
16536	273089	260.0	247.0
16548	273089	261.0	247.0
16560	273089	261.0	247.0
16572	273089	261.0	247.0
16584	273089	261.0	247.0
16596	273089	262.0	247.0
16608	273089	262.0	247.0
16620	273089	262.0	248.0
16632	273089	264.0	248.0
16644	273089	265.0	248.0
16656	273089	265.0	248.0
16668	273089	265.0	248.0
16680	273089	267.0	247.0
16692	273089	267.0	248.0
16704	273089	267.0	247.0
16716	273089	270.0	248.0
16728	273089	270.90909090909093	248.9090909090909
16740	273089	272.0	250.0
16752	273089	273.0	250.0
16764	273089	274.0	249.0
16776	273089	274.0	249.0
16788	273089	275.0	250.0
16800	273089	276.0	249.0
16812	273089	276.0	250.0
16824	273089	277.0	250.0
16836	273089	278.0	250.0
16848	273089	279.0	250.0
16860	273089	280.0	251.0
16872	273089	282.14285714285717	251.0
16884	273089	285.0	250.0
16896	273089	288.0	251.0
16512	273108	338.0	253.0
16524	273108	344.0	252.0
16536	273108	351.0	253.0
16548	273108	363.0	253.0
16560	273108	370.0	256.0
16572	273108	376.0	256.0
16584	273108	381.0	256.0
16596	273108	387.0	257.0
16608	273108	395.0	259.0
16620	273108	401.0	260.0
16632	273108	408.0	261.0
16644	273108	415.0	262.0
16656	273108	424.0	263.0
16668	273108	434.0	263.0
16680	273108	444.0	265.0
16692	273108	455.0	266.0
16704	273108	469.0	267.0
16716	273108	483.0	269.0
16728	273108	499.0	270.0
16740	273108	517.0	272.0
16752	273108	537.0	274.0
16764	273108	563.0	277.0
16776	273108	591.0	281.0
16788	273108	624.0	284.0
16800	273108	664.0	289.0
16812	273108	714.0	295.0
16824	273108	774.0	303.0
16836	273108	851.0	312.0
16848	273108	955.0	326.0
16860	273108	998.0	348.0
16620	273136	240.0	250.0
16632	273136	243.0	250.0
16644	273136	245.0	251.0
16656	273136	246.0	251.0
16668	273136	244.0	250.0
16680	273136	248.0	251.0
16692	273136	248.0	251.0
16704	273136	247.0	252.0
16716	273136	248.0	252.0
16728	273136	246.0	252.0
16740	273136	244.66666666666666	252.0
16752	273136	244.0	253.0
16764	273136	252.0	253.0
16776	273136	253.0	253.0
16788	273136	256.0	254.0
16800	273136	258.0	253.0
16812	273136	259.0	254.0
16824	273136	260.0	255.0
16836	273136	262.3333333333333	254.0
16848	273136	265.0	256.0
16860	273136	268.0	256.0
16872	273136	271.0	256.0
16884	273136	274.0	256.0
16896	273136	278.0	258.0
16908	273136	282.0	258.0
16920	273136	286.0	259.0
16932	273136	290.0	260.0
16944	273136	295.0	261.0
16956	273136	301.0	262.0
16968	273136	306.0	262.0
16980	273136	312.0	264.0
16992	273136	317.0	265.0
17004	273136	324.0	266.0
17016	273136	331.0	266.0
17028	273136	339.0	268.0
17040	273136	347.0	269.0
17052	273136	356.0	271.0
17064	273136	366.0	273.0
17076	273136	377.0	274.0
17088	273136	387.0	276.0
17100	273136	402.0	279.0
17112	273136	417.0	282.0
17124	273136	434.0	286.0
17136	273136	454.0	290.0
17148	273136	478.0	295.0
17160	273136	509.0	303.0
17172	273136	547.0	312.0
17184	273136	595.0	323.0
17196	273136	663.0	340.0
17208	273136	757.0	362.0
17220	273136	906.0	397.0
17232	273136	1015.0	461.0
16944	273185	270.0	250.0
16956	273185	272.0	251.0
16968	273185	274.0	251.0
16980	273185	276.0	252.0
16992	273185	276.0	251.0
17004	273185	277.0	252.0
17016	273185	279.0	252.0
17028	273185	281.0	253.0
17040	273185	283.0	253.0
17052	273185	285.0	254.0
17064	273185	287.0	254.0
17076	273185	289.0	254.0
17088	273185	292.0	255.0
17100	273185	295.0	255.0
17112	273185	298.0	255.0
17124	273185	300.0	256.0
17136	273185	303.0	256.0
17148	273185	306.0	256.0
17160	273185	309.0	257.0
17172	273185	314.0	258.0
17184	273185	317.0	259.0
17196	273185	321.0	260.0
17208	273185	325.0	261.0
17220	273185	330.0	262.0
17232	273185	335.0	262.0
17244	273185	341.0	264.0
17256	273185	347.0	265.0
17268	273185	354.0	266.0
17280	273185	362.0	268.0
17292	273185	369.0	269.0
17304	273185	378.0	271.0
17316	273185	388.0	272.0
17328	273185	400.0	274.0
17340	273185	414.0	276.0
17352	273185	429.0	279.0
17364	273185	448.0	283.0
17376	273185	469.0	287.0
17388	273185	495.0	294.0
17400	273185	527.0	302.0
17412	273185	567.0	309.0
17424	273185	619.0	321.0
17436	273185	690.0	336.0
17448	273185	794.0	358.0
17460	273185	954.0	394.0
17472	273185	1026.0	458.0
16992	273188	291.0	257.0
17004	273188	293.0	256.0
17016	273188	297.0	257.0
17028	273188	302.0	258.0
17040	273188	307.0	258.0
17052	273188	311.0	259.0
17064	273188	317.0	260.0
17076	273188	322.0	261.0
17088	273188	327.0	262.0
17100	273188	332.0	263.0
17112	273188	338.0	265.0
17124	273188	343.0	266.0
17136	273188	350.0	266.0
17148	273188	357.0	268.0
17160	273188	366.0	270.0
17172	273188	374.0	271.0
17184	273188	384.0	273.0
17196	273188	396.0	275.0
17208	273188	408.0	277.0
17220	273188	424.0	280.0
17232	273188	440.0	284.0
17244	273188	459.0	288.0
17256	273188	483.0	293.0
17268	273188	511.0	299.0
17280	273188	549.0	309.0
17292	273188	596.0	320.0
17304	273188	661.0	335.0
17316	273188	753.0	355.0
17328	273188	897.0	388.0
17340	273188	1012.0	445.0
17040	273192	259.0	247.0
17052	273192	258.0	247.0
17064	273192	258.0	247.0
17076	273192	259.0	247.0
17088	273192	260.0	247.0
17100	273192	260.0	247.0
17112	273192	260.0	247.0
17124	273192	260.0	248.0
17136	273192	261.0	247.0
17148	273192	261.0	248.0
17160	273192	261.0	248.0
17172	273192	262.0	248.0
17184	273192	262.0	248.0
17196	273192	263.0	248.0
17208	273192	264.0	249.0
17220	273192	265.0	249.0
17232	273192	265.0	248.0
17244	273192	265.0	249.0
17256	273192	267.0	249.0
17268	273192	268.0	250.0
17280	273192	269.0	250.0
17292	273192	269.0	250.0
17304	273192	271.0	251.0
17316	273192	271.0	250.0
17328	273192	272.0	250.0
17340	273192	274.0	250.0
17352	273192	275.0	250.0
17364	273192	276.0	250.0
17376	273192	277.0	250.0
17388	273192	278.0	251.0
17400	273192	280.0	251.0
17412	273192	281.0	251.0
17424	273192	282.0	252.0
17436	273192	283.0	252.0
17448	273192	284.0	252.0
17460	273192	285.0	252.0
17472	273192	287.0	253.0
17484	273192	289.0	253.0
17496	273192	291.0	254.0
17508	273192	293.0	254.0
17520	273192	294.0	254.0
17532	273192	296.0	255.0
17544	273192	298.0	255.0
17556	273192	300.0	255.0
17568	273192	303.0	256.0
17580	273192	306.0	257.0
17592	273192	308.0	258.0
17604	273192	310.0	258.0
17616	273192	312.0	259.0
17628	273192	316.0	259.0
17640	273192	319.0	260.0
17652	273192	322.0	261.0
17664	273192	327.0	262.0
17676	273192	331.0	263.0
17688	273192	335.0	264.0
17700	273192	340.0	265.0
17712	273192	346.0	266.0
17724	273192	351.0	267.0
17736	273192	358.0	269.0
17748	273192	365.0	270.0
17760	273192	374.0	273.0
17772	273192	384.0	274.0
17784	273192	396.0	275.0
17796	273192	409.0	277.0
17808	273192	424.0	280.0
17820	273192	442.0	283.0
17832	273192	462.0	287.0
17844	273192	487.0	292.0
17856	273192	513.0	298.0
17868	273192	546.0	305.0
17880	273192	585.5	313.5
17892	273192	640.5	326.0
17904	273192	714.0	342.0
17916	273192	817.0	364.0
17928	273192	965.0	399.0
17940	273192	1024.0	461.0
17628	273274	287.0	255.0
17640	273274	288.0	255.0
17652	273274	291.0	257.0
17664	273274	295.0	257.0
17676	273274	296.0	257.0
17688	273274	299.0	259.0
17700	273274	303.0	260.0
17712	273274	307.0	261.0
17724	273274	311.0	261.0
17736	273274	315.0	262.0
17748	273274	320.0	264.0
17760	273274	327.0	265.0
17772	273274	331.0	265.0
17784	273274	340.0	267.0
17796	273274	348.0	268.0
17808	273274	356.0	270.0
17820	273274	365.0	271.0
17832	273274	377.0	273.0
17844	273274	390.0	274.0
17856	273274	403.0	276.0
17868	273274	418.0	279.0
17880	273274	434.0	282.0
17892	273274	453.0	286.0
17904	273274	475.0	291.0
17916	273274	500.0	295.0
17928	273274	531.0	303.0
17940	273274	570.0	311.0
17952	273274	618.0	322.0
17964	273274	684.0	335.0
17976	273274	772.0	354.0
17988	273274	905.0	383.0
18000	273274	1003.0	428.0
17712	273280	290.0	254.0
17724	273280	292.0	254.0
17736	273280	296.0	255.0
17748	273280	298.0	255.0
17760	273280	302.0	256.0
17772	273280	305.0	257.0
17784	273280	309.0	258.0
17796	273280	313.0	258.0
17808	273280	315.0	259.0
17820	273280	319.0	259.0
17832	273280	322.0	260.0
17844	273280	327.0	261.0
17856	273280	332.0	262.0
17868	273280	336.0	262.0
17880	273280	341.0	263.0
17892	273280	347.0	265.0
17904	273280	354.0	266.0
17916	273280	361.0	267.0
17928	273280	368.0	268.0
17940	273280	377.0	270.0
17952	273280	387.0	271.0
17964	273280	398.0	273.0
17976	273280	411.0	276.0
17988	273280	426.0	278.0
18000	273280	444.0	281.0
18012	273280	463.0	285.0
18024	273280	487.0	289.0
18036	273280	516.0	296.0
18048	273280	550.0	303.0
18060	273280	593.0	311.0
18072	273280	651.0	323.0
18084	273280	725.0	338.0
18096	273280	834.0	360.0
18108	273280	976.0	397.0
17748	273286	261.0	250.0
17760	273286	260.0	249.0
17772	273286	262.0	250.0
17784	273286	261.0	249.0
17796	273286	262.0	249.0
17808	273286	263.0	250.0
17820	273286	263.0	250.0
17832	273286	264.0	250.0
17844	273286	264.0	250.0
17856	273286	265.0	249.0
17868	273286	265.0	250.0
17880	273286	265.0	249.0
17892	273286	266.0	250.0
17904	273286	266.0	250.0
17916	273286	267.0	250.0
17928	273286	268.0	250.0
17940	273286	270.0	250.0
17952	273286	272.25	250.375
17964	273286	273.0	250.0
17976	273286	272.0	250.0
17988	273286	273.0	250.0
18000	273286	274.0	251.0
18012	273286	276.0	251.0
18024	273286	276.0	251.0
18036	273286	278.0	250.5
18048	273286	277.0	251.0
18060	273286	279.0	251.0
18072	273286	281.0	251.0
18084	273286	282.2857142857143	251.42857142857142
18096	273286	284.0	252.0
18108	273286	287.0	253.0
18120	273286	289.0	253.0
18132	273286	291.0	253.0
18144	273286	294.0	254.0
18156	273286	295.0	256.0
18168	273286	298.0	256.0
18180	273286	300.0	256.0
18192	273286	303.0	256.0
18204	273286	304.0	256.0
18216	273286	307.0	256.0
18228	273286	311.0	257.0
18240	273286	314.0	258.0
18252	273286	318.0	259.0
18264	273286	321.0	259.0
18276	273286	324.0	260.0
18288	273286	328.0	261.0
18300	273286	332.0	262.0
18312	273286	337.0	263.0
18324	273286	342.0	264.0
18336	273286	347.0	265.0
18348	273286	353.0	266.0
18360	273286	359.0	268.0
18372	273286	367.0	269.0
18384	273286	375.0	270.0
18396	273286	384.0	272.0
18408	273286	395.0	273.0
18420	273286	407.0	275.0
18432	273286	420.0	277.0
18444	273286	436.0	281.0
18456	273286	454.0	285.0
18468	273286	476.0	290.0
18480	273286	503.0	295.0
18492	273286	535.0	303.0
18504	273286	575.0	312.0
18516	273286	630.0	325.0
18528	273286	703.0	341.0
18540	273286	809.0	365.0
18552	273286	966.0	403.0
18564	273286	1032.0	474.0
18156	273366	273.0	250.0
18168	273366	275.0	251.0
18180	273366	277.0	250.0
18192	273366	279.0	251.0
18204	273366	279.0	251.0
18216	273366	281.0	251.0
18228	273366	282.0	252.0
18240	273366	286.0	251.0
18252	273366	286.0	251.0
18264	273366	288.0	251.0
18276	273366	288.0	252.0
18288	273366	289.0	252.0
18300	273366	292.0	253.0
18312	273366	292.0	253.0
18324	273366	294.0	254.0
18336	273366	295.0	254.0
18348	273366	297.0	255.0
18360	273366	299.0	255.0
18372	273366	304.0	256.0
18384	273366	306.0	257.0
18396	273366	308.0	257.0
18408	273366	312.0	258.0
18420	273366	314.0	258.0
18432	273366	318.0	259.0
18444	273366	322.0	260.0
18456	273366	326.0	261.0
18468	273366	330.0	262.0
18480	273366	336.0	263.0
18492	273366	342.0	264.0
18504	273366	347.0	265.0
18516	273366	355.0	267.0
18528	273366	362.0	268.0
18540	273366	371.0	270.0
18552	273366	380.0	272.0
18564	273366	391.0	274.0
18576	273366	405.0	275.0
18588	273366	419.0	278.0
18600	273366	436.0	281.0
18612	273366	456.0	285.0
18624	273366	480.0	290.0
18636	273366	508.0	295.0
18648	273366	543.0	302.0
18660	273366	588.0	312.0
18672	273366	645.0	324.0
18684	273366	724.0	340.0
18696	273366	839.0	364.0
18708	273366	983.0	404.0
18300	273374	274.0	250.0
18312	273374	274.0	250.0
18324	273374	276.0	251.0
18336	273374	276.0	252.0
18348	273374	277.0	252.0
18360	273374	279.0	253.0
18372	273374	281.0	253.0
18384	273374	283.0	253.0
18396	273374	285.0	254.0
18408	273374	287.0	255.0
18420	273374	288.0	254.0
18432	273374	290.0	254.0
18444	273374	293.0	256.0
18456	273374	296.0	256.0
18468	273374	298.0	257.0
18480	273374	300.0	258.0
18492	273374	301.0	259.0
18504	273374	304.0	260.0
18516	273374	308.0	261.0
18528	273374	311.0	262.0
18540	273374	314.0	263.0
18552	273374	317.0	265.0
18564	273374	324.0	266.0
18576	273374	329.0	267.0
18588	273374	336.0	268.0
18600	273374	344.0	270.0
18612	273374	354.0	271.0
18624	273374	364.0	273.0
18636	273374	376.0	274.0
18648	273374	390.0	277.0
18660	273374	406.0	280.0
18672	273374	425.0	284.0
18684	273374	448.0	288.0
18696	273374	476.0	293.0
18708	273374	510.0	301.0
18720	273374	554.0	311.0
18732	273374	610.0	323.0
18744	273374	692.0	340.0
18756	273374	809.0	365.0
18768	273374	974.0	407.0
18360	273378	319.5	251.5
18372	273378	327.0	251.0
18384	273378	328.0	252.0
18396	273378	331.0	253.0
18408	273378	335.0	253.0
18420	273378	339.25	254.0
18432	273378	344.0	254.0
18444	273378	347.0	255.0
18456	273378	352.0	256.0
18468	273378	356.0	256.0
18480	273378	362.0	258.0
18492	273378	369.0	258.0
18504	273378	374.0	259.0
18516	273378	381.0	260.0
18528	273378	390.0	261.0
18540	273378	398.0	262.0
18552	273378	407.0	263.0
18564	273378	417.0	265.0
18576	273378	430.0	265.0
18588	273378	443.0	267.0
18600	273378	459.0	269.0
18612	273378	476.0	270.0
18624	273378	495.0	272.0
18636	273378	519.0	274.0
18648	273378	544.0	267.0
18408	273381	355.0	256.0
18420	273381	359.0	255.0
18432	273381	370.0	257.0
18444	273381	379.0	258.0
18456	273381	388.0	260.0
18468	273381	396.0	261.0
18480	273381	405.0	262.0
18492	273381	415.0	263.0
18504	273381	425.0	264.0
18516	273381	437.0	266.0
18528	273381	449.0	267.0
18540	273381	464.0	269.0
18552	273381	479.0	271.0
18564	273381	498.0	273.0
18576	273381	519.0	275.0
18588	273381	544.0	278.0
18600	273381	575.0	282.0
18612	273381	612.0	286.0
18624	273381	656.0	292.0
18636	273381	713.0	299.0
18648	273381	788.0	308.0
18660	273381	889.0	322.0
18672	273381	983.0	340.0
18588	273410	276.05263157894734	247.97368421052633
18600	273410	276.6842105263158	247.6578947368421
18612	273410	277.3157894736842	247.3421052631579
18624	273410	277.94736842105266	247.02631578947367
18636	273410	278.19642857142856	246.80357142857142
18648	273410	278.4107142857143	246.58928571428572
18660	273410	278.625	246.375
18672	273410	278.8392857142857	246.16071428571428
18684	273410	279.42857142857144	246.0
18696	273410	281.0	247.0
18708	273410	282.0	247.0
18720	273410	281.0	247.0
18732	273410	282.0	247.0
18744	273410	285.53333333333336	247.0
18756	273410	286.0	246.5
18768	273410	286.0	247.0
18780	273410	287.0	247.0
18792	273410	287.0	247.0
18804	273410	289.0	247.0
18816	273410	290.0	247.0
18828	273410	291.0	248.0
18840	273410	292.0	248.0
18852	273410	294.0	248.0
18864	273410	296.0	248.0
18876	273410	296.8333333333333	247.0
18888	273410	300.0	248.0
18900	273410	301.0	249.0
18912	273410	302.0	249.0
18924	273410	304.0	250.0
18936	273410	305.0	249.0
18948	273410	307.0	248.0
18960	273410	309.0	248.0
18972	273410	311.0	249.0
18984	273410	312.0	249.0
18996	273410	314.0	248.0
19008	273410	316.0	249.0
19020	273410	318.6666666666667	249.33333333333334
19032	273410	321.1666666666667	249.83333333333334
19044	273410	323.0	249.0
19056	273410	325.0	249.0
18828	273456	279.0	250.0
18840	273456	279.0	249.8181818181818
18852	273456	280.0	250.0
18864	273456	281.88235294117646	250.23529411764707
18876	273456	283.7647058823529	250.47058823529412
18888	273456	285.6470588235294	250.7058823529412
18900	273456	287.52941176470586	250.94117647058823
18912	273456	289.0	251.0
18924	273456	290.8333333333333	252.0
18936	273456	294.0	253.0
18948	273456	296.0	253.0
18960	273456	297.0	254.0
18972	273456	298.0	254.0
18984	273456	301.3333333333333	254.0
18996	273456	304.0	253.0
19008	273456	307.0	256.0
19020	273456	310.0	256.0
19032	273456	312.0	257.0
19044	273456	315.0	257.0
19056	273456	319.0	258.0
19068	273456	323.0	259.0
19080	273456	327.0	260.0
19092	273456	331.0	261.0
19104	273456	335.0	262.0
19116	273456	339.0	263.0
19128	273456	345.0	264.0
19140	273456	350.0	266.0
19152	273456	356.0	267.0
19164	273456	364.0	268.0
19176	273456	371.0	269.0
19188	273456	380.0	271.0
19200	273456	390.0	273.0
19212	273456	401.0	274.0
19224	273456	413.0	276.0
19236	273456	428.0	279.0
19248	273456	445.0	283.0
19260	273456	465.0	287.0
19272	273456	488.0	291.0
19284	273456	517.0	298.0
19296	273456	552.0	305.0
19308	273456	597.0	316.0
19320	273456	659.0	329.0
19332	273456	740.0	346.0
19344	273456	865.0	373.0
19356	273456	994.0	417.0
19008	273482	282.0	252.0
19020	273482	282.5	253.0
19032	273482	284.0	252.0
19044	273482	287.0	253.0
19056	273482	289.0	254.0
19068	273482	293.0	254.0
19080	273482	294.0	254.0
19092	273482	294.0	254.0
19104	273482	296.0	255.0
19116	273482	300.0	256.0
19128	273482	304.0	256.0
19140	273482	304.0	256.0
19152	273482	308.0	256.0
19164	273482	317.5	257.1666666666667
19176	273482	314.0	258.0
19188	273482	319.0	259.0
19200	273482	325.0	260.0
19212	273482	329.0	260.0
19224	273482	338.1818181818182	261.0
19236	273482	337.0	262.0
19248	273482	343.0	263.0
19260	273482	350.0	264.0
19272	273482	356.0	265.0
19284	273482	368.0	266.0
19296	273482	375.0	268.0
19308	273482	381.0	270.0
19320	273482	391.0	271.0
19332	273482	392.0	273.0
19344	273482	413.0	276.0
19356	273482	424.0	278.0
19368	273482	435.0	280.0
19380	273482	452.0	285.0
19392	273482	472.0	290.0
19404	273482	510.0	295.0
19416	273482	532.0	301.0
19428	273482	592.0	310.0
19440	273482	623.0	322.0
19452	273482	690.0	335.0
19464	273482	771.0	356.0
19476	273482	888.0	386.0
19488	273482	991.0	435.0
19500	273482	1013.0	448.0
19512	273482	1015.0	414.0
19524	273482	1027.0	481.0
19152	273488	275.0	249.0
19164	273488	275.4651162790698	249.2325581395349
19176	273488	276.0232558139535	249.51162790697674
19188	273488	276.5813953488372	249.7906976744186
19200	273488	277.4	250.2
19212	273488	279.0	251.0
19224	273488	280.0	250.0
19236	273488	282.0	251.0
19248	273488	284.0	252.0
19260	273488	284.0	252.0
19272	273488	286.0	252.0
19284	273488	288.0	253.0
19296	273488	289.0	253.0
19308	273488	290.0	255.0
19320	273488	291.0	255.0
19332	273488	292.0	255.0
19344	273488	294.0	256.0
19356	273488	296.0	256.0
19368	273488	298.0	257.0
19380	273488	301.0	257.0
19392	273488	303.0	259.0
19404	273488	305.0	259.0
19416	273488	308.0	260.0
19428	273488	313.0	261.0
19440	273488	316.0	261.0
19452	273488	319.0	262.0
19464	273488	325.0	264.0
19476	273488	330.0	265.0
19488	273488	336.0	266.0
19500	273488	341.0	267.0
19512	273488	348.0	268.0
19524	273488	354.0	270.0
19536	273488	361.0	271.0
19548	273488	371.0	273.0
19560	273488	380.0	274.0
19572	273488	391.0	277.0
19584	273488	404.0	280.0
19596	273488	419.0	283.0
19608	273488	436.0	287.0
19620	273488	458.0	292.0
19632	273488	483.0	298.0
19644	273488	514.0	306.0
19656	273488	553.0	315.0
19668	273488	606.0	329.0
19680	273488	675.0	345.0
19692	273488	780.0	370.0
19704	273488	941.0	409.0
19716	273488	1026.0	477.0
19236	273500	368.0	257.0
19248	273500	378.0	258.0
19260	273500	388.0	259.0
19272	273500	402.0	261.0
19284	273500	412.0	262.0
19296	273500	423.0	264.0
19308	273500	434.0	265.0
19320	273500	446.0	266.0
19332	273500	459.0	268.0
19344	273500	474.0	269.0
19356	273500	493.0	271.0
19368	273500	514.0	273.0
19380	273500	538.0	276.0
19392	273500	567.0	279.0
19404	273500	602.0	283.0
19416	273500	645.0	288.0
19428	273500	698.0	294.0
19440	273500	766.0	302.0
19452	273500	856.0	314.0
19464	273500	967.0	329.0
19368	273531	334.5	252.5
19380	273531	341.0	254.0
19392	273531	350.0	254.0
19404	273531	358.0	255.0
19416	273531	364.0	256.0
19428	273531	369.0	257.0
19440	273531	375.0	258.0
19452	273531	381.0	259.0
19464	273531	389.0	260.0
19476	273531	397.0	261.0
19488	273531	405.0	262.0
19500	273531	414.0	263.0
19512	273531	425.0	264.0
19524	273531	438.0	266.0
19536	273531	451.0	267.0
19548	273531	467.0	269.0
19560	273531	485.0	270.0
19572	273531	505.0	273.0
19584	273531	528.0	275.0
19596	273531	556.0	278.0
19608	273531	591.0	282.0
19620	273531	633.0	288.0
19632	273531	684.0	293.0
19644	273531	751.0	302.0
19656	273531	842.0	313.0
19668	273531	961.0	331.0
19392	273543	264.12	248.0
19404	273543	264.6	248.0
19416	273543	265.0	248.0
19428	273543	266.0	248.0
19440	273543	265.0	248.0
19452	273543	267.0	248.0
19464	273543	268.0	248.0
19476	273543	269.0	248.0
19488	273543	270.0	248.0
19500	273543	270.0	249.0
19512	273543	271.0	249.0
19524	273543	272.0	250.0
19536	273543	273.0	250.0
19548	273543	275.0	250.0
19560	273543	276.0	250.0
19572	273543	277.0	250.0
19584	273543	277.0	250.0
19596	273543	279.0	251.0
19608	273543	280.0	251.0
19620	273543	282.0	251.0
19632	273543	283.0	250.0
19644	273543	284.0	251.0
19656	273543	285.0	252.0
19668	273543	287.0	252.0
19680	273543	289.0	253.0
19692	273543	291.0	253.0
19704	273543	293.0	254.0
19716	273543	294.0	254.0
19728	273543	295.0	254.0
19740	273543	298.0	255.0
19752	273543	300.0	256.0
19764	273543	302.0	256.0
19776	273543	305.0	256.0
19788	273543	308.0	257.0
19800	273543	311.0	258.0
19812	273543	313.0	259.0
19824	273543	318.0	259.0
19836	273543	321.0	260.0
19848	273543	326.0	262.0
19860	273543	331.0	263.0
19872	273543	334.0	264.0
19884	273543	342.0	265.0
19896	273543	349.0	266.0
19908	273543	356.0	268.0
19920	273543	364.0	270.0
19932	273543	373.0	272.0
19944	273543	384.0	274.0
19956	273543	398.0	276.0
19968	273543	411.0	280.0
19980	273543	428.0	283.0
19992	273543	448.0	287.0
20004	273543	474.0	294.0
20016	273543	507.0	301.0
20028	273543	549.0	311.0
20040	273543	603.0	323.0
20052	273543	679.0	340.0
20064	273543	796.0	367.0
20076	273543	967.0	411.0
19464	273559	293.0	254.0
19476	273559	295.0	254.0
19488	273559	298.0	255.0
19500	273559	299.0	255.0
19512	273559	301.0	255.0
19524	273559	305.0	256.0
19536	273559	310.0	257.0
19548	273559	313.0	257.0
19560	273559	316.0	258.0
19572	273559	320.0	259.0
19584	273559	324.0	259.0
19596	273559	329.0	261.0
19608	273559	334.0	262.0
19620	273559	340.0	263.0
19632	273559	346.0	264.0
19644	273559	352.0	265.0
19656	273559	360.0	266.0
19668	273559	368.0	269.0
19680	273559	378.0	271.0
19692	273559	390.0	272.0
19704	273559	401.0	274.0
19716	273559	416.0	277.0
19728	273559	432.0	280.0
19740	273559	452.0	283.0
19752	273559	473.0	287.0
19764	273559	500.0	294.0
19776	273559	533.0	301.0
19788	273559	573.0	310.0
19800	273559	628.0	321.0
19812	273559	704.0	338.0
19824	273559	814.0	361.0
19836	273559	969.0	398.0
19848	273559	1024.0	440.0
19548	273611	289.75	247.0
19560	273611	292.3333333333333	248.0
19572	273611	295.0	247.0
19584	273611	296.0	248.0
19596	273611	298.0	248.0
19608	273611	301.0	248.0
19620	273611	304.0	249.0
19632	273611	305.0	248.0
19644	273611	307.0	249.0
19656	273611	307.0	249.0
19668	273611	310.0	250.0
19680	273611	311.0	250.0
19692	273611	313.0	250.0
19704	273611	316.0	250.0
19716	273611	317.0	251.0
19728	273611	320.0	251.0
19740	273611	322.0	250.0
19752	273611	325.0	251.0
19764	273611	329.0	252.0
19776	273611	332.0	252.0
19788	273611	334.0	253.0
19800	273611	338.0	253.0
19812	273611	343.0	254.0
19824	273611	347.0	253.0
19836	273611	351.0	254.0
19848	273611	356.0	255.0
19860	273611	360.0	257.0
19872	273611	366.0	257.0
19884	273611	372.0	257.0
19896	273611	379.0	259.0
19908	273611	386.0	260.0
19920	273611	394.0	261.0
19932	273611	403.0	262.0
19944	273611	414.0	264.0
19956	273611	426.0	266.0
19968	273611	439.0	267.0
19980	273611	454.0	268.0
19992	273611	473.0	271.0
20004	273611	494.0	273.0
20016	273611	517.0	274.0
19632	273636	314.0	249.0
19644	273636	316.75	248.0
19656	273636	323.5	248.9
19668	273636	330.0	250.0
19680	273636	334.0	251.0
19692	273636	338.0	252.0
19704	273636	341.0	253.0
19716	273636	344.0	254.0
19728	273636	348.0	254.0
19740	273636	352.0	254.0
19752	273636	356.0	255.0
19764	273636	359.0	256.0
19776	273636	363.0	256.0
19788	273636	369.0	257.0
19800	273636	374.0	258.0
19812	273636	381.0	259.0
19824	273636	387.0	260.0
19836	273636	394.0	261.0
19848	273636	402.0	262.0
19860	273636	412.0	263.0
19872	273636	423.0	265.0
19884	273636	435.0	266.0
19896	273636	449.0	268.0
19908	273636	465.0	270.0
19920	273636	483.0	271.0
19932	273636	505.0	274.0
19944	273636	531.0	277.0
19956	273636	561.0	281.0
19968	273636	597.0	285.0
19980	273636	643.0	290.0
19992	273636	696.0	297.0
20004	273636	767.0	306.0
20016	273636	861.0	318.0
20028	273636	973.0	336.0
19692	273673	266.0	247.0
19704	273673	266.0	248.0
19716	273673	266.0	248.0
19728	273673	268.0	247.0
19740	273673	268.0	248.0
19752	273673	268.0	247.0
19764	273673	269.0	249.0
19776	273673	271.0	249.0
19788	273673	272.0	249.0
19800	273673	273.0	248.0
19812	273673	275.0	249.0
19824	273673	275.0	248.0
19836	273673	277.0	249.0
19848	273673	278.0	249.0
19860	273673	278.0	250.0
19872	273673	281.0	250.0
19884	273673	282.0	250.0
19896	273673	282.0	250.0
19908	273673	282.0	251.0
19920	273673	285.0	251.0
19932	273673	286.0	251.0
19944	273673	288.0	252.0
19956	273673	290.0	253.0
19968	273673	291.0	253.0
19980	273673	293.0	253.0
19992	273673	295.0	254.0
20004	273673	297.0	254.0
20016	273673	298.0	254.0
20028	273673	301.0	254.0
20040	273673	303.0	255.0
20052	273673	306.0	255.0
20064	273673	308.0	256.0
20076	273673	310.0	256.0
20088	273673	314.0	257.0
20100	273673	317.0	257.0
20112	273673	320.0	258.0
20124	273673	324.0	259.0
20136	273673	328.0	259.0
20148	273673	332.0	261.0
20160	273673	338.0	262.0
20172	273673	343.0	263.0
20184	273673	350.0	265.0
20196	273673	356.0	265.0
20208	273673	365.0	267.0
20220	273673	373.0	269.0
20232	273673	383.0	271.0
20244	273673	394.0	272.0
20256	273673	407.0	274.0
20268	273673	422.0	276.0
20280	273673	440.0	280.0
20292	273673	460.0	284.0
20304	273673	485.0	289.0
20316	273673	515.0	296.0
20328	273673	552.0	304.0
20340	273673	601.0	315.0
20352	273673	668.0	329.0
20364	273673	763.0	350.0
20376	273673	914.0	383.0
20388	273673	1021.0	444.0
19884	273744	300.0	248.0
19896	273744	304.0	249.0
19908	273744	308.0	250.0
19920	273744	312.0	249.0
19932	273744	314.0	250.0
19944	273744	317.0	251.0
19956	273744	319.0	250.0
19968	273744	322.0	251.0
19980	273744	325.0	251.0
19992	273744	328.0	252.0
20004	273744	331.0	253.0
20016	273744	333.0	253.0
20028	273744	339.0	253.0
20040	273744	342.0	254.0
20052	273744	347.0	253.0
20064	273744	352.0	254.0
20076	273744	356.0	255.0
20088	273744	362.0	255.0
20100	273744	369.0	256.0
20112	273744	374.0	257.0
20124	273744	381.0	257.0
20136	273744	389.0	258.0
20148	273744	397.0	259.0
20160	273744	405.0	260.0
20172	273744	415.0	261.0
20184	273744	426.0	262.0
20196	273744	438.0	264.0
20208	273744	450.0	266.0
20220	273744	465.0	267.0
20232	273744	480.0	269.0
20244	273744	499.0	271.0
20256	273744	521.0	273.0
20268	273744	548.0	276.0
20280	273744	579.0	280.0
20292	273744	617.0	285.0
20304	273744	666.0	291.0
20316	273744	728.0	299.0
20328	273744	810.0	309.0
20340	273744	925.0	324.0
20352	273744	1000.0	348.0
20100	273825	271.0	249.0
20112	273825	271.0	250.0
20124	273825	272.0	250.0
20136	273825	273.0	250.0
20148	273825	274.0	250.0
20160	273825	275.0	250.0
20172	273825	276.0	250.0
20184	273825	276.0	250.0
20196	273825	277.0	250.0
20208	273825	278.0	250.0
20220	273825	280.0	251.0
20232	273825	281.0	251.0
20244	273825	281.0	250.0
20256	273825	281.0	251.0
20268	273825	282.0	251.0
20280	273825	283.0	252.0
20292	273825	285.0	252.0
20304	273825	286.0	252.0
20316	273825	287.0	253.0
20328	273825	287.0	253.0
20340	273825	288.0	252.0
20352	273825	290.0	254.0
20364	273825	293.0	255.0
20376	273825	295.0	255.0
20388	273825	297.0	256.0
20400	273825	302.0	257.0
20412	273825	302.0	257.0
20424	273825	305.0	258.0
20436	273825	308.0	259.0
20448	273825	311.0	259.0
20460	273825	313.0	261.0
20472	273825	316.0	261.0
20484	273825	319.0	261.0
20496	273825	323.0	262.0
20508	273825	327.0	262.0
20520	273825	331.0	263.0
20532	273825	335.0	264.0
20544	273825	342.0	266.0
20556	273825	346.0	266.0
20568	273825	352.0	268.0
20580	273825	358.0	269.0
20592	273825	366.0	271.0
20604	273825	374.0	272.0
20616	273825	383.0	273.0
20628	273825	392.0	275.0
20640	273825	404.0	277.0
20652	273825	418.0	280.0
20664	273825	433.0	283.0
20676	273825	451.0	288.0
20688	273825	473.0	292.0
20700	273825	497.0	298.0
20712	273825	526.0	305.0
20724	273825	563.0	314.0
20736	273825	611.0	326.0
20748	273825	674.0	340.0
20760	273825	762.0	360.0
20772	273825	895.0	392.0
20784	273825	1004.0	446.0
20124	273830	260.0	248.0
20136	273830	260.0	248.0
20148	273830	260.0	249.0
20160	273830	261.0	249.0
20172	273830	261.0	248.0
20184	273830	262.0	249.0
20196	273830	263.0	249.0
20208	273830	264.0	249.0
20220	273830	264.0	249.0
20232	273830	265.0	250.0
20244	273830	266.0	250.0
20256	273830	266.0	249.0
20268	273830	268.0	250.0
20280	273830	269.0	249.0
20292	273830	270.0	250.0
20304	273830	271.0	251.0
20316	273830	271.0	251.0
20328	273830	272.0	251.0
20340	273830	273.0	251.0
20352	273830	274.0	251.0
20364	273830	275.0	251.0
20376	273830	276.0	251.0
20388	273830	276.0	251.0
20400	273830	278.0	252.0
20412	273830	278.0	253.0
20424	273830	279.0	253.0
20436	273830	281.0	253.0
20448	273830	283.0	253.0
20460	273830	285.0	254.0
20472	273830	287.0	253.0
20484	273830	289.0	254.0
20496	273830	291.0	254.0
20508	273830	292.0	255.0
20520	273830	296.0	255.0
20532	273830	297.0	255.0
20544	273830	300.0	256.0
20556	273830	303.0	256.0
20568	273830	305.0	257.0
20580	273830	308.0	258.0
20592	273830	311.0	258.0
20604	273830	314.0	259.0
20616	273830	316.0	260.0
20628	273830	317.0	260.0
20640	273830	318.0	260.0
20652	273830	325.0	261.0
20664	273830	325.0	263.0
20676	273830	330.0	264.0
20688	273830	333.0	266.0
20700	273830	337.0	266.0
20712	273830	343.0	268.0
20724	273830	347.0	269.0
20736	273830	354.0	271.0
20748	273830	360.0	272.0
20760	273830	368.0	273.0
20772	273830	377.0	275.0
20784	273830	387.0	276.0
20796	273830	399.0	279.0
20808	273830	413.0	282.0
20820	273830	428.0	286.0
20832	273830	447.0	289.0
20844	273830	469.0	295.0
20856	273830	494.0	300.0
20868	273830	528.0	308.0
20880	273830	570.0	318.0
20892	273830	622.0	330.0
20904	273830	695.0	347.0
20916	273830	800.0	371.0
20928	273830	958.0	409.0
20940	273830	1028.0	475.0
20124	273831	198.0	247.0
20136	273831	202.0	247.0
20148	273831	208.0	248.0
20160	273831	213.0	248.0
20172	273831	217.0	249.0
20184	273831	221.0	250.0
20196	273831	225.0	250.0
20208	273831	229.0	250.0
20220	273831	231.0	251.0
20232	273831	233.85714285714286	250.71428571428572
20244	273831	237.0	249.0
20256	273831	239.0	250.0
20268	273831	241.0	249.0
20280	273831	242.0	250.0
20292	273831	243.0	250.0
20304	273831	244.0	250.0
20316	273831	246.0	251.0
20328	273831	248.0	251.0
20340	273831	249.0	251.0
20352	273831	251.0	251.0
20364	273831	253.0	252.0
20376	273831	254.0	252.0
20388	273831	255.0	253.0
20400	273831	256.0	253.0
20412	273831	255.0	253.0
20424	273831	257.0	253.0
20436	273831	260.0	253.0
20448	273831	263.0	253.0
20460	273831	264.0	253.0
20472	273831	265.0	253.0
20484	273831	267.0	253.0
20496	273831	270.0	253.0
20508	273831	271.0	253.0
20520	273831	273.0	255.0
20532	273831	276.0	255.0
20544	273831	276.0	254.0
20556	273831	279.0	256.0
20568	273831	280.0	256.0
20580	273831	282.0	256.0
20592	273831	285.2	257.0
20604	273831	287.0	256.0
20616	273831	289.0	258.0
20628	273831	292.0	258.0
20640	273831	294.0	259.0
20652	273831	294.0	259.0
20664	273831	296.5	260.0
20676	273831	298.25	260.25
20136	273833	297.0	248.2
20148	273833	299.63157894736844	249.0
20160	273833	300.89473684210526	249.0
20172	273833	306.0	250.0
20184	273833	309.0	250.0
20196	273833	305.0	250.0
20208	273833	302.0	250.0
20220	273833	306.0	251.0
20232	273833	307.0	251.0
20244	273833	308.0	251.0
20256	273833	305.0	252.0
20268	273833	309.0	253.0
20280	273833	311.0	254.0
20292	273833	309.0	253.0
20304	273833	309.0	255.0
20316	273833	311.0	255.0
20328	273833	313.0	256.0
20340	273833	315.0	257.0
20352	273833	318.0	258.0
20364	273833	320.0	259.0
20376	273833	325.0	260.0
20388	273833	328.0	262.0
20400	273833	333.0	263.0
20412	273833	340.0	264.0
20424	273833	346.0	265.0
20436	273833	351.0	267.0
20448	273833	357.0	268.0
20460	273833	366.0	270.0
20472	273833	375.0	271.0
20484	273833	385.0	273.0
20496	273833	397.0	274.0
20508	273833	412.0	277.0
20520	273833	428.0	280.0
20532	273833	446.0	284.0
20544	273833	470.0	289.0
20556	273833	498.0	295.0
20568	273833	533.0	303.0
20580	273833	577.0	313.0
20592	273833	637.0	327.0
20604	273833	722.0	346.0
20616	273833	858.0	378.0
20628	273833	1004.0	435.0
20208	273839	317.0	249.0
20220	273839	319.0	249.0
20232	273839	321.0	250.0
20244	273839	324.0	249.0
20256	273839	326.0	250.0
20268	273839	330.0	250.0
20280	273839	332.0	251.0
20292	273839	335.0	251.0
20304	273839	338.0	253.0
20316	273839	342.0	254.0
20328	273839	346.0	254.0
20340	273839	350.0	253.0
20352	273839	355.0	255.0
20364	273839	358.0	256.0
20376	273839	364.0	256.0
20388	273839	370.0	257.0
20400	273839	375.0	259.0
20412	273839	383.0	260.0
20424	273839	389.0	260.0
20436	273839	397.0	261.0
20448	273839	405.0	263.0
20460	273839	415.0	264.0
20472	273839	425.0	265.0
20484	273839	436.0	266.0
20496	273839	451.0	267.0
20508	273839	466.0	269.0
20520	273839	484.0	271.0
20532	273839	504.0	273.0
20544	273839	529.0	276.0
20556	273839	559.0	279.0
20568	273839	593.0	283.0
20580	273839	638.0	288.0
20592	273839	692.0	295.0
20604	273839	764.0	303.0
20616	273839	863.0	316.0
20436	273883	245.0	252.0
20448	273883	246.33333333333334	253.0
20460	273883	249.0	253.0
20472	273883	249.0	253.0
20484	273883	251.0	253.0
20496	273883	252.0	252.0
20508	273883	254.0	253.0
20520	273883	254.0	253.0
20532	273883	254.0	253.0
20544	273883	256.0	254.0
20556	273883	256.0	254.0
20568	273883	258.0	254.0
20580	273883	258.0	255.0
20592	273883	260.0	255.0
20604	273883	262.0	255.0
20616	273883	264.0	256.0
20628	273883	266.0	256.0
20640	273883	269.0	256.0
20652	273883	272.0	257.0
20664	273883	276.0	258.0
20676	273883	278.0	259.0
20688	273883	282.0	259.0
20700	273883	288.0	259.0
20712	273883	293.0	260.0
20724	273883	298.0	261.0
20736	273883	307.0	261.0
20748	273883	308.0	262.0
20760	273883	313.0	262.0
20772	273883	319.0	263.0
20784	273883	324.0	265.0
20796	273883	331.0	266.0
20808	273883	337.0	267.0
20820	273883	346.0	268.0
20832	273883	353.0	269.0
20844	273883	361.0	271.0
20856	273883	370.0	271.0
20868	273883	380.0	273.0
20880	273883	390.0	274.0
20892	273883	403.0	276.0
20904	273883	416.0	279.0
20916	273883	430.0	282.0
20928	273883	446.0	285.0
20940	273883	466.0	288.0
20952	273883	488.0	293.0
20964	273883	513.0	299.0
20976	273883	545.0	307.0
20988	273883	585.0	316.0
21000	273883	637.0	328.0
21012	273883	705.0	342.0
21024	273883	802.0	363.0
21036	273883	950.0	397.0
21048	273883	1018.0	451.0
20520	273896	195.0	247.0
20532	273896	199.0	247.0
20544	273896	204.0	248.0
20556	273896	210.0	249.0
20568	273896	214.0	250.0
20580	273896	218.0	250.0
20592	273896	221.0	250.0
20604	273896	227.0	250.0
20616	273896	228.0	251.0
20628	273896	231.0	251.0
20640	273896	234.0	251.0
20652	273896	236.0	251.0
20664	273896	239.0	251.0
20676	273896	239.0	251.0
20688	273896	241.0	251.0
20700	273896	242.0	251.0
20712	273896	242.0	251.0
20724	273896	243.0	251.0
20736	273896	244.0	252.0
20748	273896	244.0	252.0
20760	273896	246.0	252.0
20772	273896	247.0	252.0
20784	273896	247.0	253.0
20796	273896	248.0	252.0
20808	273896	249.0	253.0
20820	273896	250.0	253.0
20832	273896	251.0	253.0
20844	273896	252.0	253.0
20856	273896	254.0	253.0
20868	273896	256.0	254.0
20880	273896	258.0	254.0
20892	273896	260.0	254.0
20904	273896	263.0	255.0
20916	273896	265.0	255.0
20928	273896	267.0	255.0
20940	273896	269.0	256.0
20952	273896	273.0	256.0
20964	273896	276.0	257.0
20976	273896	280.0	257.0
20988	273896	283.0	257.0
21000	273896	287.0	258.0
21012	273896	291.0	259.0
21024	273896	296.0	260.0
21036	273896	300.0	260.0
21048	273896	304.0	261.0
21060	273896	308.0	261.0
21072	273896	314.0	262.0
21084	273896	319.0	263.0
21096	273896	323.0	264.0
21108	273896	329.0	265.0
21120	273896	335.0	266.0
21132	273896	341.0	268.0
21144	273896	346.0	269.0
21156	273896	354.0	270.0
21168	273896	361.0	271.0
21180	273896	370.0	273.0
21192	273896	378.0	274.0
21204	273896	389.0	277.0
21216	273896	401.0	279.0
21228	273896	415.0	283.0
21240	273896	430.0	286.0
21252	273896	448.0	291.0
21264	273896	471.0	296.0
21276	273896	499.0	304.0
21288	273896	534.0	313.0
21300	273896	579.0	324.0
21312	273896	640.0	340.0
21324	273896	725.0	360.0
21336	273896	857.0	394.0
21348	273896	997.0	450.0
20580	273904	324.0	251.0
20592	273904	330.0	252.0
20604	273904	334.0	252.0
20616	273904	339.0	253.0
20628	273904	344.0	253.0
20640	273904	349.0	254.0
20652	273904	353.0	254.0
20664	273904	359.0	256.0
20676	273904	362.0	257.0
20688	273904	368.0	258.0
20700	273904	373.0	259.0
20712	273904	378.0	259.0
20724	273904	384.0	260.0
20736	273904	393.0	261.0
20748	273904	400.0	262.0
20760	273904	408.0	263.0
20772	273904	418.0	264.0
20784	273904	426.0	265.0
20796	273904	438.0	266.0
20808	273904	453.0	268.0
20820	273904	467.0	269.0
20832	273904	485.0	271.0
20844	273904	504.0	273.0
20856	273904	528.0	275.0
20868	273904	556.0	278.0
20880	273904	588.0	282.0
20892	273904	627.0	278.0
20628	273914	250.0	252.0
20640	273914	252.0	252.0
20652	273914	253.0	251.0
20664	273914	256.0	252.0
20676	273914	258.0	253.0
20688	273914	260.0	253.0
20700	273914	263.0	255.0
20712	273914	266.0	254.0
20724	273914	268.0	255.0
20736	273914	272.0	255.0
20748	273914	275.0	256.0
20760	273914	279.0	256.0
20772	273914	282.0	256.0
20784	273914	284.0	257.0
20796	273914	287.0	257.0
20808	273914	291.0	258.0
20820	273914	294.0	259.0
20832	273914	298.0	259.0
20844	273914	301.0	260.0
20856	273914	305.0	260.0
20868	273914	309.0	260.0
20880	273914	313.0	262.0
20892	273914	318.0	262.0
20904	273914	323.0	263.0
20916	273914	328.0	264.0
20928	273914	334.0	265.0
20940	273914	341.0	267.0
20952	273914	349.0	267.0
20964	273914	356.0	269.0
20976	273914	365.0	271.0
20988	273914	374.0	272.0
21000	273914	384.0	274.0
21012	273914	395.0	276.0
21024	273914	409.0	278.0
21036	273914	425.0	282.0
21048	273914	441.0	285.0
21060	273914	460.0	289.0
21072	273914	484.0	294.0
21084	273914	511.0	301.0
21096	273914	547.0	309.0
21108	273914	592.0	320.0
21120	273914	653.0	333.0
21132	273914	733.0	352.0
21144	273914	854.0	379.0
21156	273914	989.0	424.0
20652	273923	381.0	258.0
20664	273923	390.0	260.0
20676	273923	394.0	261.0
20688	273923	404.0	262.0
20700	273923	415.0	263.0
20712	273923	427.0	264.0
20724	273923	438.0	266.0
20736	273923	450.0	267.0
20748	273923	462.0	268.0
20760	273923	477.0	270.0
20772	273923	494.0	271.0
20784	273923	511.0	273.0
20796	273923	533.0	275.0
20808	273923	557.0	279.0
20820	273923	586.0	282.0
20832	273923	619.0	286.0
20844	273923	660.0	291.0
20856	273923	708.0	296.0
20868	273923	771.0	305.0
20880	273923	850.0	315.0
20892	273923	957.0	328.0
20904	273923	998.0	349.0
20844	273977	195.0	247.0
20856	273977	200.0	247.0
20868	273977	206.0	249.0
20880	273977	212.0	249.0
20892	273977	215.0	250.0
20904	273977	219.0	250.0
20916	273977	222.0	250.0
20928	273977	226.0	250.0
20940	273977	229.0	251.0
20952	273977	232.0	251.0
20964	273977	234.0	251.0
20976	273977	236.0	251.0
20988	273977	238.0	250.0
21000	273977	240.0	250.0
21012	273977	241.0	251.0
21024	273977	244.0	251.0
21036	273977	244.0	251.0
21048	273977	246.0	252.0
21060	273977	247.0	252.0
21072	273977	247.0	252.0
21084	273977	246.0	252.0
21096	273977	247.0	253.0
21108	273977	250.0	253.0
21120	273977	250.0	253.0
21132	273977	251.0	252.0
21144	273977	252.0	253.0
21156	273977	253.0	253.0
21168	273977	253.0	253.0
21180	273977	256.0	253.0
21192	273977	257.0	253.0
21204	273977	258.0	253.0
21216	273977	259.0	254.0
21228	273977	261.0	254.0
21240	273977	264.0	255.0
21252	273977	265.0	255.0
21264	273977	268.0	255.0
21276	273977	269.0	256.0
21288	273977	272.0	256.0
21300	273977	274.0	257.0
21312	273977	277.0	257.0
21324	273977	280.0	258.0
21336	273977	283.0	258.0
21348	273977	287.0	259.0
21360	273977	290.0	259.0
21372	273977	295.0	261.0
21384	273977	299.0	262.0
21396	273977	302.0	262.0
21408	273977	309.0	263.0
21420	273977	314.0	264.0
21432	273977	319.0	266.0
21444	273977	324.0	267.0
21456	273977	331.0	268.0
21468	273977	338.0	270.0
21480	273977	345.0	271.0
21492	273977	354.0	273.0
21504	273977	365.0	274.0
21516	273977	376.0	275.0
21528	273977	388.0	277.0
21540	273977	403.0	280.0
21552	273977	419.0	284.0
21564	273977	437.0	288.0
21576	273977	460.0	293.0
21588	273977	487.0	299.0
21600	273977	518.0	306.0
21612	273977	558.0	316.0
21624	273977	610.0	330.0
21636	273977	682.0	345.0
21648	273977	784.0	368.0
21660	273977	944.0	406.0
21672	273977	1027.0	474.0
21000	274036	262.0	248.0
21012	274036	266.0	248.0
21024	274036	269.0	247.0
21036	274036	271.0	250.0
21048	274036	272.0	250.0
21060	274036	274.0	250.0
21072	274036	274.0	250.0
21084	274036	274.0	250.0
21096	274036	275.0	250.0
21108	274036	276.0	251.0
21120	274036	276.0	251.0
21132	274036	277.0	251.0
21144	274036	278.0	251.0
21156	274036	278.0	251.0
21168	274036	280.0	251.0
21180	274036	281.0	251.0
21192	274036	281.0	251.0
21204	274036	281.0	252.0
21216	274036	283.0	252.0
21228	274036	285.0	252.0
21240	274036	286.0	252.0
21252	274036	286.0	252.0
21264	274036	288.0	252.0
21276	274036	290.0	254.0
21288	274036	291.0	254.0
21300	274036	293.0	253.0
21312	274036	295.0	253.0
21324	274036	296.0	253.0
21336	274036	299.0	255.0
21348	274036	301.0	255.0
21360	274036	303.0	255.0
21372	274036	305.0	255.0
21384	274036	308.0	256.0
21396	274036	310.0	257.0
21120	274058	301.0	249.0
21132	274058	304.0	249.0
21144	274058	308.0	250.0
21156	274058	311.0	250.0
21168	274058	313.0	250.0
21180	274058	317.0	251.0
21192	274058	319.0	251.0
21204	274058	320.0	251.0
21216	274058	323.0	251.0
21228	274058	326.0	251.0
21240	274058	327.0	251.0
21252	274058	330.0	252.0
21264	274058	332.0	252.0
21276	274058	335.0	253.0
21288	274058	338.0	253.0
21300	274058	341.0	254.0
21312	274058	344.0	254.0
21324	274058	348.0	254.0
21336	274058	352.0	255.0
21348	274058	355.0	255.0
21360	274058	360.0	256.0
21372	274058	364.0	257.0
21384	274058	369.0	257.0
21396	274058	374.0	258.0
21408	274058	380.0	259.0
21420	274058	387.0	259.0
21432	274058	393.0	260.0
21444	274058	401.0	262.0
21456	274058	408.0	263.0
21468	274058	417.0	264.0
21480	274058	427.0	265.0
21492	274058	438.0	266.0
21504	274058	450.0	268.0
21516	274058	463.0	269.0
21528	274058	478.0	271.0
21540	274058	496.0	273.0
21552	274058	515.0	275.0
21564	274058	538.0	277.0
21576	274058	565.0	281.0
21588	274058	597.0	284.0
21600	274058	635.0	289.0
21612	274058	681.0	295.0
21624	274058	740.0	303.0
21636	274058	812.0	311.0
21648	274058	911.0	323.0
21660	274058	993.0	339.0
21492	274123	272.0	251.0
21504	274123	274.0	251.0
21516	274123	274.0	251.0
21528	274123	275.0	251.0
21540	274123	276.0	251.0
21552	274123	277.0	251.0
21564	274123	278.0	251.0
21576	274123	279.0	252.0
21588	274123	281.0	252.0
21600	274123	282.0	252.0
21612	274123	283.0	253.0
21624	274123	283.0	253.0
21636	274123	284.0	253.0
21648	274123	287.0	253.0
21660	274123	289.0	254.0
21672	274123	290.0	254.0
21684	274123	292.0	255.0
21696	274123	294.0	256.0
21708	274123	296.0	256.0
21720	274123	298.0	256.0
21732	274123	300.0	255.0
21744	274123	302.0	256.0
21756	274123	306.0	257.0
21768	274123	309.0	258.0
21780	274123	312.0	259.0
21792	274123	315.0	259.0
21804	274123	319.0	260.0
21816	274123	324.0	261.0
21828	274123	329.0	262.0
21840	274123	333.0	263.0
21852	274123	338.0	264.0
21864	274123	344.0	265.0
21876	274123	350.0	266.0
21888	274123	357.0	267.0
21900	274123	365.0	269.0
21912	274123	373.0	270.0
21924	274123	382.0	272.0
21936	274123	393.0	274.0
21948	274123	405.0	275.0
21960	274123	418.0	278.0
21972	274123	434.0	281.0
21984	274123	452.0	284.0
21996	274123	474.0	289.0
22008	274123	500.0	294.0
22020	274123	530.0	301.0
22032	274123	569.0	310.0
22044	274123	621.0	321.0
22056	274123	690.0	336.0
22068	274123	789.0	357.0
22080	274123	937.0	389.0
22092	274123	1020.0	444.0
21504	274127	322.0	264.0
21516	274127	327.0	267.0
21528	274127	335.0	267.0
21540	274127	346.0	270.0
21552	274127	357.0	271.0
21564	274127	368.0	272.0
21576	274127	380.0	273.0
21588	274127	393.0	275.0
21600	274127	406.0	277.0
21612	274127	420.0	279.0
21624	274127	434.0	283.0
21636	274127	449.0	286.0
21648	274127	468.0	290.0
21660	274127	490.0	295.0
21672	274127	516.0	302.0
21684	274127	547.0	307.0
21696	274127	586.0	316.0
21708	274127	638.0	327.0
21720	274127	707.0	342.0
21732	274127	800.0	361.0
21744	274127	940.0	391.0
21756	274127	1013.0	440.0
21564	274134	198.0	247.0
21576	274134	201.0	247.0
21588	274134	207.0	249.0
21600	274134	212.0	250.0
21612	274134	215.0	250.0
21624	274134	220.0	251.0
21636	274134	223.0	250.0
21648	274134	228.0	250.0
21660	274134	230.0	251.0
21672	274134	232.0	250.0
21684	274134	234.0	250.0
21696	274134	237.0	251.0
21708	274134	238.0	250.0
21720	274134	240.0	249.0
21732	274134	240.0	249.0
21744	274134	242.0	250.0
21756	274134	244.0	251.0
21768	274134	245.0	251.0
21780	274134	245.0	251.0
21792	274134	246.0	251.0
21804	274134	247.0	251.0
21816	274134	247.0	252.0
21828	274134	248.0	252.0
21840	274134	250.0	251.0
21852	274134	251.0	252.0
21864	274134	251.0	253.0
21876	274134	252.0	253.0
21888	274134	254.0	254.0
21900	274134	255.0	253.0
21912	274134	256.0	254.0
21924	274134	258.0	255.0
21936	274134	261.0	255.0
21948	274134	262.0	255.0
21960	274134	265.0	256.0
21972	274134	268.0	256.0
21984	274134	271.0	256.0
21996	274134	274.0	257.0
22008	274134	278.0	257.0
22020	274134	282.0	258.0
22032	274134	286.0	259.0
22044	274134	290.0	259.0
22056	274134	296.0	260.0
22068	274134	301.0	260.0
22080	274134	309.0	262.0
22092	274134	314.0	262.0
22104	274134	320.0	263.0
22116	274134	327.0	264.0
22128	274134	335.0	266.0
22140	274134	342.0	267.0
22152	274134	350.0	267.0
22164	274134	360.0	269.0
22176	274134	369.0	271.0
22188	274134	379.0	273.0
22200	274134	390.0	275.0
22212	274134	403.0	277.0
22224	274134	418.0	280.0
22236	274134	434.0	283.0
22248	274134	453.0	287.0
22260	274134	480.0	293.0
22272	274134	508.0	298.0
22284	274134	547.0	306.0
22296	274134	594.0	315.0
22308	274134	664.0	328.0
22320	274134	757.0	344.0
22332	274134	904.0	371.0
22344	274134	1009.0	415.0
21564	274136	317.0	259.0
21576	274136	323.0	260.0
21588	274136	325.0	260.0
21600	274136	328.0	261.0
21612	274136	331.0	262.0
21624	274136	336.0	263.0
21636	274136	340.0	264.0
21648	274136	344.0	265.0
21660	274136	351.0	266.0
21672	274136	356.0	266.0
21684	274136	362.0	268.0
21696	274136	369.0	269.0
21708	274136	377.0	271.0
21720	274136	385.0	272.0
21732	274136	395.0	274.0
21744	274136	406.0	276.0
21756	274136	420.0	279.0
21768	274136	434.0	283.0
21780	274136	453.0	287.0
21792	274136	473.0	290.0
21804	274136	495.0	295.0
21816	274136	527.0	301.0
21828	274136	561.0	308.0
21840	274136	608.0	318.0
21852	274136	665.0	331.0
21864	274136	742.0	347.0
21876	274136	857.0	372.0
21888	274136	984.0	411.0
21612	274143	297.0	248.0
21624	274143	300.0	250.0
21636	274143	302.0	251.0
21648	274143	305.0	251.0
21660	274143	307.0	250.0
21672	274143	312.0	250.0
21684	274143	316.0	250.0
21696	274143	320.2	251.0
21708	274143	324.0	251.0
21720	274143	329.0	252.0
21732	274143	333.0	252.0
21744	274143	337.0	253.0
21756	274143	340.0	253.0
21768	274143	343.0	254.0
21780	274143	348.0	255.0
21792	274143	353.0	255.0
21804	274143	357.0	255.0
21816	274143	360.0	256.0
21828	274143	365.0	257.0
21840	274143	372.0	258.0
21852	274143	378.0	258.0
21864	274143	385.0	259.0
21876	274143	391.0	260.0
21888	274143	399.0	261.0
21900	274143	408.0	262.0
21912	274143	416.0	263.0
21924	274143	428.0	264.0
21936	274143	440.0	266.0
21948	274143	452.0	267.0
21960	274143	468.0	268.0
21972	274143	484.0	270.0
21984	274143	502.0	272.0
21996	274143	525.0	274.0
22008	274143	550.0	277.0
22020	274143	579.0	280.0
22032	274143	618.0	285.0
22044	274143	664.0	291.0
22056	274143	719.0	298.0
22068	274143	794.0	303.0
21696	274173	274.0	251.0
21708	274173	276.0	250.0
21720	274173	276.0	250.0
21732	274173	279.0	251.0
21744	274173	280.0	252.0
21756	274173	283.0	253.0
21768	274173	284.75	253.0
21780	274173	287.0	253.0
21792	274173	287.0	253.0
21804	274173	291.0	254.0
21816	274173	293.0	254.0
21828	274173	295.0	255.0
21840	274173	296.0	255.0
21852	274173	298.0	256.0
21864	274173	301.0	256.0
21876	274173	302.0	256.0
21888	274173	305.0	256.0
21900	274173	306.0	256.0
21912	274173	308.0	258.0
21924	274173	310.0	259.0
21936	274173	315.0	260.0
21948	274173	317.0	260.0
21960	274173	321.0	260.0
21972	274173	325.0	261.0
21984	274173	327.0	262.0
21996	274173	331.0	263.0
22008	274173	335.0	264.0
22020	274173	342.0	265.0
22032	274173	350.0	266.0
22044	274173	356.0	267.0
22056	274173	363.0	269.0
22068	274173	369.0	271.0
22080	274173	381.0	272.0
22092	274173	392.0	274.0
22104	274173	403.0	276.0
22116	274173	416.0	278.0
22128	274173	431.0	281.0
22140	274173	452.0	286.0
22152	274173	474.0	290.0
22164	274173	497.0	295.0
22176	274173	530.0	302.0
22188	274173	566.0	310.0
22200	274173	614.0	322.0
22212	274173	678.0	337.0
22224	274173	766.0	358.0
22236	274173	908.0	390.0
22248	274173	996.0	442.0
22092	274250	279.0	252.0
22104	274250	284.0	253.0
22116	274250	287.0	251.0
22128	274250	290.0	252.0
22140	274250	291.0	253.0
22152	274250	294.0	254.0
22164	274250	295.0	254.0
22176	274250	297.0	254.0
22188	274250	300.0	254.0
22200	274250	302.0	256.0
22212	274250	305.0	256.0
22224	274250	308.0	257.0
22236	274250	310.0	257.0
22248	274250	312.0	259.0
22260	274250	317.0	259.0
22272	274250	319.0	259.0
22284	274250	324.0	260.0
22296	274250	328.0	261.0
22308	274250	333.0	262.0
22320	274250	337.0	263.0
22332	274250	343.0	263.0
22344	274250	349.0	265.0
22356	274250	354.0	266.0
22368	274250	361.0	267.0
22380	274250	369.0	268.0
22392	274250	378.0	270.0
22404	274250	387.0	271.0
22416	274250	397.0	273.0
22428	274250	409.0	275.0
22440	274250	423.0	277.0
22452	274250	439.0	281.0
22464	274250	457.0	285.0
22476	274250	480.0	290.0
22488	274250	506.0	295.0
22500	274250	539.0	303.0
22512	274250	579.0	313.0
22524	274250	633.0	326.0
22536	274250	708.0	343.0
22548	274250	819.0	369.0
22560	274250	975.0	412.0
22128	274260	272.0	249.0
22140	274260	272.85714285714283	249.0
22152	274260	273.0	250.0
22164	274260	273.0	249.0
22176	274260	274.0	248.0
22188	274260	276.0	249.0
22200	274260	277.0	250.0
22212	274260	280.0	250.0
22224	274260	280.0	251.0
22236	274260	281.0	252.0
22248	274260	281.0	253.0
22260	274260	284.0	253.0
22272	274260	285.0	252.0
22284	274260	287.0	252.0
22296	274260	288.0	252.0
22308	274260	290.0	253.0
22320	274260	291.0	254.0
22332	274260	293.0	254.0
22344	274260	295.0	254.0
22356	274260	296.0	254.0
22368	274260	297.0	254.0
22380	274260	299.0	255.0
22392	274260	303.0	255.0
22404	274260	305.0	256.0
22416	274260	307.0	257.0
22428	274260	310.0	258.0
22440	274260	313.0	259.0
22452	274260	317.0	259.0
22464	274260	321.0	260.0
22476	274260	325.0	261.0
22488	274260	330.0	262.0
22500	274260	334.0	263.0
22512	274260	338.0	265.0
22524	274260	344.0	266.0
22536	274260	351.0	267.0
22548	274260	358.0	269.0
22560	274260	366.0	271.0
22572	274260	375.0	273.0
22584	274260	384.0	274.0
22596	274260	397.0	277.0
22608	274260	410.0	280.0
22620	274260	428.0	283.0
22632	274260	448.0	289.0
22644	274260	472.0	295.0
22656	274260	503.0	303.0
22668	274260	542.0	313.0
22680	274260	592.0	325.0
22692	274260	667.0	343.0
22704	274260	773.0	368.0
22716	274260	948.0	411.0
22728	274260	1038.0	491.0
22164	274263	318.0	262.0
22176	274263	323.0	263.0
22188	274263	330.0	265.0
22200	274263	337.0	267.0
22212	274263	345.0	268.0
22224	274263	354.0	270.0
22236	274263	366.0	271.0
22248	274263	376.0	273.0
22260	274263	387.0	274.0
22272	274263	402.0	276.0
22284	274263	416.0	277.0
22296	274263	431.0	280.0
22308	274263	447.0	283.0
22320	274263	467.0	287.0
22332	274263	488.0	292.0
22344	274263	515.0	297.0
22356	274263	548.0	305.0
22368	274263	588.0	313.0
22380	274263	641.0	325.0
22392	274263	712.0	340.0
22404	274263	812.0	361.0
22416	274263	959.0	396.0
22428	274263	1020.0	455.0
22224	274271	260.0	246.0
22236	274271	259.0	247.11764705882354
22248	274271	259.0	247.8235294117647
22260	274271	259.0	247.0
22272	274271	261.0	248.0
22284	274271	261.0	247.0
22296	274271	262.0	248.0
22308	274271	262.0	247.0
22320	274271	262.0	247.0
22332	274271	263.0	248.0
22344	274271	263.0	248.0
22356	274271	264.0	248.0
22368	274271	265.0	248.0
22380	274271	265.0	248.0
22392	274271	266.0	248.0
22404	274271	267.0	248.0
22416	274271	267.0	248.0
22428	274271	268.0	248.0
22440	274271	269.0	249.0
22452	274271	270.0	249.0
22464	274271	271.0	249.0
22476	274271	271.0	249.0
22488	274271	272.0	248.0
22500	274271	273.0	248.0
22512	274271	274.0	249.0
22524	274271	274.0	249.0
22536	274271	276.0	250.0
22548	274271	277.0	250.0
22560	274271	277.0	250.0
22572	274271	279.0	250.0
22584	274271	280.0	250.0
22596	274271	280.0	251.0
22608	274271	282.0	252.0
22620	274271	283.0	252.0
22632	274271	284.0	252.0
22644	274271	285.0	253.0
22656	274271	286.0	253.0
22668	274271	288.0	254.0
22680	274271	289.0	254.0
22692	274271	290.0	255.0
22704	274271	292.0	255.0
22716	274271	292.0	255.0
22728	274271	293.0	256.0
22740	274271	296.0	256.0
22752	274271	298.0	256.0
22764	274271	299.0	256.0
22776	274271	301.0	258.0
22788	274271	304.0	258.0
22800	274271	306.0	259.0
22812	274271	308.0	259.0
22824	274271	310.0	259.0
22836	274271	313.0	260.0
22848	274271	316.0	260.0
22860	274271	320.0	261.0
22872	274271	324.0	261.0
22884	274271	328.0	264.0
22896	274271	332.0	262.0
22908	274271	335.0	264.0
22920	274271	340.0	266.0
22932	274271	346.0	266.0
22944	274271	352.0	268.0
22956	274271	359.0	270.0
22968	274271	368.0	272.0
22980	274271	377.0	274.0
22992	274271	386.0	274.0
23004	274271	397.0	276.0
23016	274271	410.0	278.0
23028	274271	425.0	280.0
23040	274271	440.0	283.0
23052	274271	461.0	286.0
23064	274271	485.0	291.0
23076	274271	510.0	296.0
23088	274271	543.0	303.0
23100	274271	586.0	312.0
23112	274271	641.0	323.0
23124	274271	715.0	339.0
23136	274271	822.0	360.0
23148	274271	971.0	396.0
23160	274271	1028.0	456.0
22392	274316	339.0	254.0
22404	274316	345.0	254.0
22416	274316	352.0	255.0
22428	274316	360.0	255.0
22440	274316	367.0	256.0
22452	274316	375.0	256.0
22464	274316	383.0	258.0
22476	274316	390.0	259.0
22488	274316	397.0	259.0
22500	274316	406.0	260.0
22512	274316	415.0	261.0
22524	274316	426.0	262.0
22536	274316	438.0	265.0
22548	274316	451.0	266.0
22560	274316	466.0	268.0
22572	274316	484.0	269.0
22584	274316	503.0	271.0
22596	274316	527.0	274.0
22608	274316	553.0	278.0
22620	274316	586.0	282.0
22632	274316	627.0	287.0
22644	274316	678.0	293.0
22656	274316	742.0	302.0
22668	274316	829.0	313.0
22680	274316	950.0	329.0
22692	274316	1007.0	358.0
22464	274339	292.0	248.0
22476	274339	294.0	247.0
22488	274339	296.0	247.0
22500	274339	296.0	249.0
22512	274339	299.0	248.0
22524	274339	301.0	248.0
22536	274339	304.0	249.0
22548	274339	305.0	249.0
22560	274339	307.0	250.0
22572	274339	308.0	250.0
22584	274339	310.0	250.0
22596	274339	312.0	250.0
22608	274339	314.0	251.0
22620	274339	315.0	251.0
22632	274339	317.0	252.0
22644	274339	319.0	252.0
22656	274339	321.0	253.0
22668	274339	324.0	254.0
22680	274339	326.0	255.0
22692	274339	330.0	256.0
22704	274339	334.0	256.0
22716	274339	338.0	256.0
22728	274339	341.0	256.0
22740	274339	345.0	256.0
22752	274339	350.0	258.0
22764	274339	354.0	258.0
22776	274339	358.0	260.0
22788	274339	364.0	260.0
22800	274339	369.0	260.0
22812	274339	375.0	262.0
22824	274339	382.0	262.0
22836	274339	389.0	264.0
22848	274339	397.0	265.0
22860	274339	405.0	265.0
22872	274339	417.0	266.0
22884	274339	433.0	269.0
22896	274339	443.0	269.0
22908	274339	455.0	270.0
22920	274339	472.0	273.0
22932	274339	491.0	274.0
22944	274339	514.0	278.0
22956	274339	540.0	281.0
22968	274339	574.0	286.0
22980	274339	613.0	291.0
22992	274339	663.0	296.0
23004	274339	723.0	304.0
23016	274339	806.0	315.0
23028	274339	921.0	331.0
23040	274339	995.0	351.0
22920	274445	288.0	249.0
22932	274445	288.0	248.0
22944	274445	290.0	248.0
22956	274445	292.0	249.0
22968	274445	292.0	250.0
22980	274445	293.3333333333333	251.0
22992	274445	297.3333333333333	250.0
23004	274445	298.0	250.0
23016	274445	299.0	251.0
23028	274445	299.0	251.0
23040	274445	299.0	251.0
23052	274445	301.0	250.0
23064	274445	302.0	250.0
23076	274445	304.0	250.0
23088	274445	307.0	250.0
23100	274445	308.0	250.0
23112	274445	311.0	251.0
23124	274445	312.0	251.0
23136	274445	314.0	251.0
23148	274445	317.0	251.0
23160	274445	319.0	251.0
23172	274445	320.0	251.0
23184	274445	324.0	252.0
23196	274445	325.0	253.0
23208	274445	328.0	253.0
23220	274445	331.0	253.0
23232	274445	334.0	253.0
23244	274445	338.0	254.0
23256	274445	341.0	255.0
23268	274445	345.0	255.0
23280	274445	350.0	255.0
23292	274445	354.0	256.0
23304	274445	358.0	257.0
23316	274445	364.0	257.0
23328	274445	370.0	257.0
23340	274445	376.0	258.0
23352	274445	383.0	259.0
23364	274445	390.0	260.0
23376	274445	397.0	262.0
23388	274445	406.0	262.0
23400	274445	416.0	263.0
23412	274445	427.0	264.0
23424	274445	439.0	265.0
23436	274445	453.0	267.0
23448	274445	468.0	269.0
23460	274445	487.0	271.0
23472	274445	506.0	273.0
23484	274445	529.0	276.0
23496	274445	556.0	279.0
23508	274445	588.0	283.0
23520	274445	628.0	287.0
23532	274445	676.0	293.0
23544	274445	739.0	301.0
23556	274445	823.0	311.0
23568	274445	942.0	325.0
22932	274448	274.0	250.0
22944	274448	275.0	251.0
22956	274448	276.0	251.0
22968	274448	277.0	252.0
22980	274448	276.0	253.0
22992	274448	277.0	252.0
23004	274448	278.0	252.0
23016	274448	278.0	252.0
23028	274448	278.0	251.0
23040	274448	280.0	252.0
23052	274448	282.0	252.0
23064	274448	283.0	253.0
23076	274448	284.0	253.0
23088	274448	285.0	253.0
23100	274448	286.0	253.0
23112	274448	288.0	253.0
23124	274448	289.0	254.0
23136	274448	291.0	254.0
23148	274448	292.0	254.0
23160	274448	295.0	254.0
23172	274448	297.0	255.0
23184	274448	298.0	256.0
23196	274448	300.0	256.0
23208	274448	303.0	256.0
23220	274448	306.0	256.0
23232	274448	309.0	257.0
23244	274448	312.0	258.0
23256	274448	315.0	258.0
23268	274448	319.0	259.0
23280	274448	322.0	259.0
23292	274448	325.0	260.0
23304	274448	331.0	261.0
23316	274448	335.0	261.0
23328	274448	340.0	262.0
23340	274448	344.0	264.0
23352	274448	351.0	265.0
23364	274448	356.0	266.0
23376	274448	363.0	267.0
23388	274448	370.0	268.0
23400	274448	379.0	270.0
23412	274448	387.0	271.0
23424	274448	397.0	272.0
23436	274448	408.0	274.0
23448	274448	421.0	277.0
23460	274448	436.0	279.0
23472	274448	453.0	283.0
23484	274448	472.0	286.0
23496	274448	496.0	292.0
23508	274448	523.0	298.0
23520	274448	557.0	305.0
23532	274448	602.0	314.0
23544	274448	663.0	329.0
23556	274448	740.0	344.0
23568	274448	859.0	369.0
23580	274448	987.0	409.0
22944	274450	260.0	250.0
22956	274450	260.125	249.875
22968	274450	260.875	249.125
22980	274450	261.27777777777777	249.0
22992	274450	261.6111111111111	249.0
23004	274450	261.94444444444446	249.0
23016	274450	263.3333333333333	250.33333333333334
23028	274450	264.0	250.0
23040	274450	263.0	250.0
23052	274450	265.0	251.0
23064	274450	266.0	252.0
23076	274450	265.0	251.0
23088	274450	266.0	251.0
23100	274450	267.0	251.0
23112	274450	268.0	252.0
23124	274450	270.0	252.0
23136	274450	270.0	252.0
23148	274450	272.0	252.0
23160	274450	273.0	252.0
23172	274450	274.0	252.0
23184	274450	276.0	251.0
23196	274450	276.0	253.0
23208	274450	277.0	253.0
23220	274450	279.0	253.0
23232	274450	282.0	253.0
23244	274450	283.0	254.0
23256	274450	284.0	254.0
23268	274450	289.0	255.0
23280	274450	290.0	254.0
23292	274450	291.0	255.0
23304	274450	295.0	256.0
23316	274450	297.0	256.0
23328	274450	298.0	256.0
23340	274450	301.0	256.0
23352	274450	304.0	258.0
23364	274450	306.0	258.0
23376	274450	308.0	258.0
23388	274450	312.0	259.0
23400	274450	315.0	260.0
23412	274450	319.0	260.0
23424	274450	323.0	261.0
23436	274450	327.0	262.0
23448	274450	332.0	263.0
23460	274450	336.0	264.0
23472	274450	341.0	265.0
23484	274450	347.0	266.0
23496	274450	354.0	267.0
23508	274450	361.0	269.0
23520	274450	369.0	271.0
23532	274450	378.0	272.0
23544	274450	387.0	273.0
23556	274450	399.0	275.0
23568	274450	413.0	277.0
23580	274450	430.0	280.0
23592	274450	447.0	284.0
23604	274450	468.0	289.0
23616	274450	494.0	294.0
23628	274450	525.0	302.0
23640	274450	562.0	309.0
23652	274450	609.0	319.0
23664	274450	675.0	334.0
23676	274450	766.0	353.0
23688	274450	901.0	383.0
23700	274450	1007.0	433.0
23568	274535	354.0	257.0
23580	274535	363.0	258.0
23592	274535	376.0	258.0
23604	274535	387.0	260.0
23616	274535	397.0	261.0
23628	274535	406.0	262.0
23640	274535	415.0	263.0
23652	274535	426.0	264.0
23664	274535	438.0	265.0
23676	274535	450.0	267.0
23688	274535	464.0	269.0
23700	274535	481.0	270.0
23712	274535	501.0	273.0
23724	274535	521.0	274.0
23736	274535	548.0	278.0
23748	274535	578.0	281.0
23760	274535	616.0	286.0
23772	274535	663.0	291.0
23784	274535	720.0	299.0
23796	274535	795.0	308.0
23808	274535	898.0	322.0
23820	274535	987.0	340.0
23820	274593	250.0	250.0
23832	274593	251.0	251.0
23844	274593	251.33333333333334	252.0
23856	274593	253.0	252.0
23868	274593	256.0	252.0
23880	274593	258.0	252.0
23892	274593	261.0	253.0
23904	274593	265.0	253.0
23916	274593	268.0	253.0
23928	274593	271.0	252.0
23940	274593	273.0	253.0
23952	274593	277.0	254.0
23964	274593	279.0	254.0
23976	274593	282.0	255.0
23988	274593	286.0	255.0
24000	274593	289.0	256.0
24012	274593	292.0	256.0
24024	274593	295.0	256.0
24036	274593	299.0	257.0
24048	274593	301.0	258.0
24060	274593	305.0	258.0
24072	274593	308.0	259.0
24084	274593	312.0	259.0
24096	274593	316.0	260.0
24108	274593	319.0	261.0
24120	274593	324.0	262.0
24132	274593	329.0	262.0
24144	274593	333.0	264.0
24156	274593	340.0	265.0
24168	274593	346.0	266.0
24180	274593	352.0	268.0
24192	274593	360.0	269.0
24204	274593	367.0	271.0
24216	274593	378.0	272.0
24228	274593	387.0	274.0
24240	274593	399.0	275.0
24252	274593	411.0	278.0
24264	274593	425.0	281.0
24276	274593	441.0	284.0
24288	274593	460.0	289.0
24300	274593	482.0	294.0
24312	274593	507.0	301.0
24324	274593	543.0	309.0
24336	274593	586.0	319.0
24348	274593	645.0	334.0
24360	274593	726.0	352.0
24372	274593	849.0	379.0
24384	274593	987.0	425.0
23880	274604	238.3846153846154	250.0
23892	274604	243.0	250.0
23904	274604	245.0	251.66666666666666
23916	274604	250.0	253.0
23928	274604	251.0	252.0
23940	274604	251.0	251.0
23952	274604	252.0	251.0
23964	274604	252.0	252.0
23976	274604	254.13333333333333	253.0
23988	274604	254.93333333333334	253.0
24000	274604	256.3333333333333	253.0
24012	274604	262.0769230769231	253.0
24024	274604	264.0	253.0
24036	274604	263.0	254.0
24048	274604	265.0	255.0
24060	274604	268.0	255.0
24072	274604	271.0	256.0
24084	274604	273.0	256.0
24096	274604	276.0	256.0
24108	274604	279.0	257.0
24120	274604	283.0	257.0
24132	274604	286.0	258.0
24144	274604	290.0	259.0
24156	274604	294.0	260.0
24168	274604	299.0	260.0
24180	274604	302.0	261.0
24192	274604	307.0	262.0
24204	274604	314.0	262.0
24216	274604	319.0	264.0
24228	274604	325.0	265.0
24240	274604	331.0	266.0
24252	274604	339.0	266.0
24264	274604	347.0	268.0
24276	274604	356.0	270.0
24288	274604	364.0	272.0
24300	274604	374.0	273.0
24312	274604	384.0	275.0
24324	274604	397.0	277.0
24336	274604	410.0	279.0
24348	274604	425.0	284.0
24360	274604	442.0	287.0
24372	274604	464.0	292.0
24384	274604	490.0	298.0
24396	274604	523.0	307.0
24408	274604	563.0	316.0
24420	274604	617.0	330.0
24432	274604	693.0	349.0
24444	274604	805.0	376.0
24456	274604	971.0	420.0
24468	274604	1041.0	494.0
24156	274632	266.0	255.0
24168	274632	273.0	255.0
24180	274632	276.0	256.0
24192	274632	277.0	256.0
24204	274632	282.0	256.4
24216	274632	286.0	257.0
24228	274632	293.0	258.0
24240	274632	299.0	259.0
24252	274632	303.0	260.0
24264	274632	309.0	260.0
24276	274632	315.0	262.0
24288	274632	323.0	263.0
24300	274632	328.0	264.0
24312	274632	337.0	265.0
24324	274632	347.0	266.0
24336	274632	357.0	267.0
24348	274632	369.0	269.0
24360	274632	382.0	271.0
24372	274632	396.0	271.0
24384	274632	414.0	273.0
24396	274632	436.0	275.0
24408	274632	464.0	278.0
24420	274632	495.0	281.0
24432	274632	536.0	285.0
24444	274632	584.0	289.0
24456	274632	634.0	295.0
24468	274632	694.0	303.0
24480	274632	772.0	313.0
24492	274632	873.0	326.0
24504	274632	980.0	345.0
24264	274658	280.0	250.0
24276	274658	281.0	250.0
24288	274658	283.0	251.0
24300	274658	283.85714285714283	250.71428571428572
24312	274658	286.0	250.0
24324	274658	287.0	251.0
24336	274658	288.0	251.0
24348	274658	289.0	252.0
24360	274658	291.0	252.0
24372	274658	292.0	252.0
24384	274658	294.0	253.0
24396	274658	296.0	253.0
24408	274658	298.0	255.0
24420	274658	300.0	255.0
24432	274658	302.0	255.0
24444	274658	304.0	256.0
24456	274658	307.0	256.0
24468	274658	310.0	257.0
24480	274658	313.0	258.0
24492	274658	316.0	259.0
24504	274658	319.0	260.0
24516	274658	323.0	261.0
24528	274658	327.0	261.0
24540	274658	332.0	262.0
24552	274658	337.0	264.0
24564	274658	343.0	265.0
24576	274658	349.0	266.0
24588	274658	356.0	267.0
24600	274658	366.0	270.0
24612	274658	374.0	272.0
24624	274658	385.0	273.0
24636	274658	398.0	275.0
24648	274658	413.0	277.0
24660	274658	430.0	281.0
24672	274658	451.0	284.0
24684	274658	475.0	289.0
24696	274658	504.0	295.0
24708	274658	541.0	303.0
24720	274658	588.0	313.0
24732	274658	654.0	327.0
24744	274658	743.0	346.0
24756	274658	883.0	376.0
24768	274658	1007.0	428.0
24300	274664	301.6666666666667	247.0
24312	274664	305.0	249.0
24324	274664	307.0	249.0
24336	274664	308.0	249.0
24348	274664	310.0	249.0
24360	274664	312.0	249.0
24372	274664	315.0	250.0
24384	274664	317.0	250.0
24396	274664	319.0	250.0
24408	274664	321.0	251.0
24420	274664	324.0	251.0
24432	274664	327.0	250.0
24444	274664	329.0	250.0
24456	274664	331.0	251.0
24468	274664	334.0	251.0
24480	274664	338.0	253.0
24492	274664	340.0	253.0
24504	274664	344.0	253.0
24516	274664	349.0	253.0
24528	274664	353.0	254.0
24540	274664	357.0	255.0
24552	274664	361.0	255.0
24564	274664	366.0	256.0
24576	274664	371.0	256.0
24588	274664	378.0	256.0
24600	274664	384.0	258.0
24612	274664	392.0	259.0
24624	274664	399.0	260.0
24636	274664	406.0	261.0
24648	274664	412.0	256.0
24660	274664	417.0	243.0
24312	274666	329.5	242.0
24324	274666	337.0	251.0
24336	274666	337.0	252.0
24348	274666	340.0	254.0
24360	274666	344.0	254.0
24372	274666	348.0	254.0
24384	274666	352.0	255.0
24396	274666	358.0	255.0
24408	274666	362.0	256.0
24420	274666	367.0	257.0
24432	274666	372.0	257.0
24444	274666	380.0	258.0
24456	274666	386.0	259.0
24468	274666	392.0	260.0
24480	274666	401.0	261.0
24492	274666	409.0	262.0
24504	274666	418.0	263.0
24516	274666	429.0	264.0
24528	274666	441.0	266.0
24540	274666	454.0	267.0
24552	274666	469.0	269.0
24564	274666	487.0	271.0
24576	274666	507.0	273.0
24588	274666	530.0	275.0
24600	274666	556.0	279.0
24612	274666	587.0	283.0
24624	274666	628.0	287.0
24636	274666	676.0	293.0
24648	274666	737.0	300.0
24660	274666	818.0	311.0
24672	274666	932.0	325.0
24684	274666	996.0	347.0
24348	274670	260.03333333333336	249.0
24360	274670	260.43333333333334	249.0
24372	274670	260.8333333333333	249.0
24384	274670	261.23333333333335	249.0
24396	274670	261.6333333333333	249.0
24408	274670	262.0	250.0
24420	274670	263.5	249.25
24432	274670	263.0	249.0
24444	274670	264.0	248.0
24456	274670	264.0	248.0
24468	274670	263.0	247.41666666666666
24480	274670	264.0	248.0
24492	274670	264.0	248.0
24504	274670	265.0	248.0
24516	274670	265.0	248.0
24528	274670	266.90909090909093	248.9090909090909
24540	274670	269.0	250.0
24552	274670	269.0	251.0
24564	274670	270.0	250.0
24576	274670	270.9230769230769	249.69230769230768
24588	274670	272.3076923076923	249.23076923076923
24600	274670	274.0	249.0
24612	274670	274.0	250.0
24624	274670	275.0	249.0
24636	274670	276.0	251.0
24648	274670	277.0	251.0
24660	274670	278.0	251.0
24672	274670	279.0	252.0
24684	274670	280.0	251.0
24696	274670	282.0	252.0
24708	274670	283.0	252.0
24720	274670	284.0	252.0
24732	274670	284.0	253.0
24744	274670	288.0	253.0
24756	274670	289.0	254.0
24768	274670	290.0	254.0
24780	274670	291.0	253.0
24792	274670	292.0	255.0
24804	274670	295.0	255.0
24816	274670	297.0	256.0
24828	274670	298.0	256.0
24840	274670	300.0	257.0
24852	274670	302.0	257.0
24864	274670	305.0	258.0
24876	274670	308.0	258.0
24888	274670	311.0	260.0
24900	274670	314.0	260.0
24912	274670	318.0	260.0
24924	274670	322.0	262.0
24936	274670	326.0	262.0
24948	274670	330.0	264.0
24960	274670	334.0	264.0
24972	274670	340.0	265.0
24984	274670	344.0	266.0
24996	274670	351.0	268.0
25008	274670	357.0	270.0
25020	274670	365.0	271.0
25032	274670	373.0	273.0
25044	274670	382.0	274.0
25056	274670	392.0	277.0
25068	274670	405.0	280.0
25080	274670	419.0	283.0
25092	274670	436.0	287.0
25104	274670	457.0	292.0
25116	274670	481.0	298.0
25128	274670	512.0	306.0
25140	274670	551.0	316.0
25152	274670	603.0	330.0
25164	274670	672.0	346.0
25176	274670	775.0	370.0
25188	274670	936.0	411.0
25200	274670	1029.0	484.0
24540	274733	298.0	248.0
24552	274733	300.0	248.0
24564	274733	302.0	249.0
24576	274733	303.0	249.0
24588	274733	304.0	249.0
24600	274733	306.0	249.0
24612	274733	309.0	250.0
24624	274733	311.0	250.0
24636	274733	312.0	250.0
24648	274733	314.0	250.0
24660	274733	316.0	250.0
24672	274733	319.0	251.0
24684	274733	321.0	250.0
24696	274733	324.0	251.0
24708	274733	326.0	251.0
24720	274733	328.0	252.0
24732	274733	331.0	252.0
24744	274733	334.0	253.0
24756	274733	338.0	253.0
24768	274733	340.0	253.0
24780	274733	344.0	254.0
24792	274733	349.0	255.0
24804	274733	353.0	255.0
24816	274733	359.0	256.0
24828	274733	362.0	257.0
24840	274733	368.0	257.0
24852	274733	374.0	258.0
24864	274733	380.0	258.0
24876	274733	387.0	259.0
24888	274733	394.0	260.0
24900	274733	402.0	261.0
24912	274733	411.0	263.0
24924	274733	420.0	263.0
24936	274733	431.0	265.0
24948	274733	443.0	266.0
24960	274733	456.0	268.0
24972	274733	472.0	269.0
24984	274733	488.0	271.0
24996	274733	507.0	274.0
25008	274733	530.0	276.0
25020	274733	556.0	280.0
25032	274733	589.0	284.0
25044	274733	629.0	289.0
25056	274733	678.0	295.0
25068	274733	741.0	304.0
25080	274733	826.0	315.0
25092	274733	943.0	330.0
25104	274733	1001.0	355.0
24576	274737	318.0	249.0
24588	274737	323.0	250.0
24600	274737	326.0	251.0
24612	274737	329.0	251.0
24624	274737	333.0	251.0
24636	274737	339.0	255.0
24648	274737	340.0	254.0
24660	274737	344.0	254.0
24672	274737	348.0	254.0
24684	274737	353.0	255.0
24696	274737	357.0	255.0
24708	274737	361.0	256.0
24720	274737	367.0	257.0
24732	274737	373.0	258.0
24744	274737	379.0	259.0
24756	274737	386.0	260.0
24768	274737	393.0	261.0
24780	274737	402.0	262.0
24792	274737	411.0	263.0
24804	274737	422.0	264.0
24816	274737	434.0	266.0
24828	274737	448.0	267.0
24840	274737	463.0	269.0
24852	274737	480.0	271.0
24864	274737	499.0	273.0
24876	274737	523.0	276.0
24888	274737	551.0	279.0
24900	274737	584.0	283.0
24912	274737	623.0	288.0
24924	274737	674.0	295.0
24936	274737	737.0	304.0
24948	274737	821.0	315.0
24960	274737	941.0	331.0
24972	274737	1004.0	360.0
24636	274751	352.0	255.0
24648	274751	361.0	256.0
24660	274751	371.0	258.0
24672	274751	379.0	258.0
24684	274751	386.0	259.0
24696	274751	394.0	260.0
24708	274751	402.0	262.0
24720	274751	410.0	262.0
24732	274751	419.0	263.0
24744	274751	431.0	265.0
24756	274751	443.0	266.0
24768	274751	457.0	268.0
24780	274751	472.0	269.0
24792	274751	490.0	271.0
24804	274751	510.0	273.0
24816	274751	535.0	276.0
24828	274751	563.0	279.0
24840	274751	597.0	284.0
24852	274751	637.0	288.0
24864	274751	686.0	294.0
24876	274751	748.0	302.0
24888	274751	831.0	312.0
24900	274751	944.0	328.0
24912	274751	999.0	350.0
24684	274758	299.0	248.0
24696	274758	300.0	248.0
24708	274758	300.0	249.0
24720	274758	303.0	249.0
24732	274758	306.0	249.0
24744	274758	306.0	248.66666666666666
24756	274758	308.0	250.0
24768	274758	310.0	250.0
24780	274758	311.0	250.0
24792	274758	313.0	251.0
24804	274758	315.0	251.0
24816	274758	317.0	250.0
24828	274758	321.0	251.0
24840	274758	321.0	250.0
24852	274758	325.0	252.0
24864	274758	326.0	251.0
24876	274758	330.0	252.0
24888	274758	332.0	252.0
24900	274758	337.0	252.0
24912	274758	340.0	253.0
24924	274758	343.0	253.0
24936	274758	347.0	253.0
24948	274758	351.0	254.0
24960	274758	357.0	255.0
24972	274758	360.0	255.0
24984	274758	365.0	256.0
24996	274758	370.0	256.0
25008	274758	375.0	257.0
25020	274758	383.0	258.0
25032	274758	388.0	259.0
25044	274758	395.0	260.0
25056	274758	402.0	261.0
25068	274758	412.0	262.0
25080	274758	412.0	249.0
24792	274781	331.0	251.0
24804	274781	334.0	251.0
24816	274781	338.0	253.0
24828	274781	341.0	252.0
24840	274781	345.0	253.0
24852	274781	349.0	254.0
24864	274781	353.0	254.0
24876	274781	358.0	254.0
24888	274781	363.0	256.0
24900	274781	369.0	256.0
24912	274781	375.0	256.0
24924	274781	380.0	258.0
24936	274781	388.0	259.0
24948	274781	396.0	260.0
24960	274781	404.0	261.0
24972	274781	413.0	262.0
24984	274781	423.0	263.0
24996	274781	433.0	264.0
25008	274781	445.0	265.0
25020	274781	457.0	267.0
25032	274781	472.0	269.0
25044	274781	488.0	270.0
25056	274781	506.0	272.0
25068	274781	529.0	274.0
25080	274781	551.0	277.0
25092	274781	581.0	281.0
25104	274781	615.0	285.0
25116	274781	657.0	290.0
25128	274781	709.0	297.0
25140	274781	778.0	306.0
25152	274781	864.0	316.0
25164	274781	970.0	332.0
25176	274781	1006.0	358.0
24804	274784	195.0	246.0
24816	274784	200.0	247.0
24828	274784	206.0	248.0
24840	274784	212.0	248.0
24852	274784	216.0	249.0
24864	274784	221.0	250.0
24876	274784	224.0	250.0
24888	274784	228.0	251.0
24900	274784	231.0	250.0
24912	274784	235.0	251.0
24924	274784	238.0	250.0
24936	274784	241.0	251.0
24948	274784	242.0	251.0
24960	274784	245.0	250.0
24972	274784	248.0	251.0
24984	274784	249.0	251.0
24996	274784	251.0	250.0
25008	274784	252.0	250.0
25020	274784	253.0	251.0
25032	274784	255.0	252.0
25044	274784	257.0	252.0
25056	274784	258.0	252.0
25068	274784	259.0	252.0
25080	274784	262.0	252.0
25092	274784	265.0	253.0
25104	274784	266.0	253.0
25116	274784	270.0	254.0
25128	274784	271.0	254.0
25140	274784	274.0	254.0
25152	274784	278.0	254.0
25164	274784	279.0	254.0
25176	274784	282.0	255.0
25188	274784	285.0	255.0
25200	274784	288.0	255.0
25212	274784	291.0	256.0
25224	274784	295.0	256.0
25236	274784	298.0	258.0
25248	274784	301.0	258.0
25260	274784	306.0	259.0
25272	274784	311.0	259.0
25284	274784	315.0	260.0
25296	274784	320.0	261.0
25308	274784	325.0	262.0
25320	274784	331.0	264.0
25332	274784	336.0	265.0
25344	274784	342.0	266.0
25356	274784	349.0	267.0
25368	274784	357.0	269.0
25380	274784	365.0	270.0
25392	274784	374.0	272.0
25404	274784	385.0	273.0
25416	274784	397.0	275.0
25428	274784	410.0	277.0
25440	274784	426.0	281.0
25452	274784	445.0	285.0
25464	274784	468.0	289.0
25476	274784	496.0	295.0
25488	274784	530.0	303.0
25500	274784	574.0	312.0
25512	274784	632.0	326.0
25524	274784	714.0	343.0
25536	274784	835.0	370.0
25548	274784	986.0	416.0
24828	274792	273.0	249.0
24840	274792	274.0	249.0
24852	274792	275.0	251.0
24864	274792	276.0	251.0
24876	274792	277.0	251.0
24888	274792	279.0	251.0
24900	274792	279.0	251.0
24912	274792	280.0	252.0
24924	274792	282.0	252.0
24936	274792	283.0	252.0
24948	274792	285.0	253.0
24960	274792	286.0	252.0
24972	274792	289.0	253.0
24984	274792	289.0	254.0
24996	274792	290.0	255.0
25008	274792	291.0	255.0
25020	274792	293.0	255.0
25032	274792	295.0	256.0
25044	274792	297.0	256.0
25056	274792	299.0	257.0
25068	274792	302.0	257.0
25080	274792	304.0	258.0
25092	274792	306.0	259.0
25104	274792	309.0	259.0
25116	274792	313.0	261.0
25128	274792	317.0	262.0
25140	274792	321.0	263.0
25152	274792	326.0	264.0
25164	274792	332.0	265.0
25176	274792	339.0	266.0
25188	274792	346.0	268.0
25200	274792	354.0	269.0
25212	274792	363.0	271.0
25224	274792	372.0	272.0
25236	274792	383.0	275.0
25248	274792	396.0	277.0
25260	274792	410.0	280.0
25272	274792	428.0	284.0
25284	274792	450.0	289.0
25296	274792	476.0	294.0
25308	274792	506.0	301.0
25320	274792	545.0	310.0
25332	274792	596.0	322.0
25344	274792	666.0	339.0
25356	274792	769.0	361.0
25368	274792	929.0	397.0
25380	274792	1027.0	463.0
25104	274831	284.0	254.0
25116	274831	288.0	255.0
25128	274831	290.0	257.0
25140	274831	293.0	256.0
25152	274831	296.0	258.0
25164	274831	302.0	258.0
25176	274831	306.0	259.0
25188	274831	310.0	259.0
25200	274831	316.0	260.0
25212	274831	321.0	262.0
25224	274831	326.0	262.0
25236	274831	332.0	264.0
25248	274831	340.0	266.0
25260	274831	347.0	267.0
25272	274831	355.0	269.0
25284	274831	363.0	270.0
25296	274831	372.0	272.0
25308	274831	383.0	273.0
25320	274831	395.0	276.0
25332	274831	409.0	278.0
25344	274831	426.0	282.0
25356	274831	446.0	286.0
25368	274831	471.0	291.0
25380	274831	501.0	298.0
25392	274831	537.0	306.0
25404	274831	584.0	316.0
25416	274831	647.0	330.0
25428	274831	737.0	350.0
25440	274831	873.0	381.0
25452	274831	1006.0	434.0
25200	274867	261.0	249.0
25212	274867	262.0	248.75
25224	274867	262.0	249.0
25236	274867	262.0	249.0
25248	274867	261.0	248.0
25260	274867	263.0	249.0
25272	274867	263.0	248.0
25284	274867	264.0	248.0
25296	274867	266.0	249.0
25308	274867	266.0	249.0
25320	274867	266.0	248.0
25332	274867	267.0	249.0
25344	274867	267.0	248.0
25356	274867	269.0	249.0
25368	274867	270.0	250.0
25380	274867	271.0	250.0
25392	274867	272.0	249.0
25404	274867	273.0	250.0
25416	274867	274.0	249.0
25428	274867	275.0	249.0
25440	274867	277.0	250.0
25452	274867	279.0	250.0
25464	274867	279.0	251.0
25476	274867	280.0	251.0
25488	274867	282.0	250.0
25500	274867	282.0	251.0
25512	274867	282.0	252.0
25524	274867	284.0	252.0
25536	274867	287.0	253.0
25548	274867	288.0	253.0
25560	274867	289.0	252.0
25572	274867	291.0	253.0
25584	274867	293.0	254.0
25596	274867	296.0	254.0
25608	274867	297.0	255.0
25620	274867	299.0	255.0
25632	274867	302.0	256.0
25644	274867	304.0	257.0
25656	274867	306.0	257.0
25668	274867	308.0	258.0
25680	274867	312.0	259.0
25692	274867	316.0	260.0
25704	274867	320.0	261.0
25716	274867	324.0	262.0
25728	274867	328.0	262.0
25740	274867	333.0	264.0
25752	274867	339.0	265.0
25764	274867	345.0	266.0
25776	274867	352.0	268.0
25788	274867	360.0	270.0
25800	274867	367.0	271.0
25812	274867	377.0	274.0
25824	274867	389.0	274.0
25836	274867	402.0	277.0
25848	274867	418.0	280.0
25860	274867	435.0	284.0
25872	274867	457.0	289.0
25884	274867	484.0	296.0
25896	274867	517.0	304.0
25908	274867	561.0	314.0
25920	274867	621.0	329.0
25932	274867	703.0	347.0
25944	274867	828.0	376.0
25956	274867	988.0	426.0
25236	274885	274.0	249.0
25248	274885	277.0	250.0
25260	274885	277.0	250.0
25272	274885	279.0	251.0
25284	274885	279.0	251.0
25296	274885	280.0	251.0
25308	274885	281.0	252.0
25320	274885	282.0	252.0
25332	274885	284.0	253.0
25344	274885	286.0	253.0
25356	274885	289.0	253.0
25368	274885	292.0	253.0
25380	274885	293.0	254.0
25392	274885	297.0	255.0
25404	274885	300.0	254.0
25416	274885	304.0	256.0
25428	274885	307.0	257.0
25440	274885	309.0	257.0
25452	274885	313.0	259.0
25464	274885	316.0	258.0
25476	274885	319.0	260.0
25488	274885	324.0	260.0
25500	274885	327.0	261.0
25512	274885	332.0	262.0
25524	274885	337.0	263.0
25536	274885	343.0	265.0
25548	274885	349.0	265.0
25560	274885	356.0	267.0
25572	274885	365.0	268.0
25584	274885	373.0	270.0
25596	274885	383.0	271.0
25608	274885	394.0	273.0
25620	274885	408.0	275.0
25632	274885	422.0	278.0
25644	274885	440.0	281.0
25656	274885	461.0	286.0
25668	274885	484.0	290.0
25680	274885	515.0	297.0
25692	274885	553.0	305.0
25704	274885	602.0	315.0
25716	274885	669.0	330.0
25728	274885	762.0	349.0
25740	274885	907.0	379.0
25752	274885	1014.0	433.0
25296	274892	292.0	256.0
25308	274892	296.0	257.0
25320	274892	299.0	259.0
25332	274892	304.0	259.0
25344	274892	310.0	260.0
25356	274892	314.0	261.0
25368	274892	319.0	261.0
25380	274892	324.0	262.0
25392	274892	329.0	263.0
25404	274892	337.0	265.0
25416	274892	344.0	266.0
25428	274892	352.0	267.0
25440	274892	360.0	269.0
25452	274892	370.0	270.0
25464	274892	381.0	272.0
25476	274892	391.0	274.0
25488	274892	403.0	276.0
25500	274892	417.0	278.0
25512	274892	434.0	281.0
25524	274892	452.0	285.0
25536	274892	474.0	290.0
25548	274892	501.0	296.0
25560	274892	534.0	303.0
25572	274892	576.0	313.0
25584	274892	630.0	325.0
25596	274892	704.0	341.0
25608	274892	811.0	364.0
25620	274892	968.0	402.0
25632	274892	1032.0	470.0
25452	274912	199.0	247.0
25464	274912	202.0	247.0
25476	274912	205.0	248.0
25488	274912	210.0	248.0
25500	274912	214.0	249.0
25512	274912	217.0	249.0
25524	274912	220.0	250.0
25536	274912	223.0	250.0
25548	274912	226.0	250.0
25560	274912	228.0	251.0
25572	274912	230.0	251.0
25584	274912	232.0	251.0
25596	274912	233.0	250.0
25608	274912	236.0	250.0
25620	274912	239.0	250.0
25632	274912	240.0	250.0
25644	274912	241.0	250.0
25656	274912	241.0	251.0
25668	274912	242.0	251.0
25680	274912	244.0	251.0
25692	274912	246.0	250.0
25704	274912	247.0	250.0
25716	274912	248.0	252.0
25728	274912	250.0	251.0
25740	274912	252.0	251.0
25752	274912	253.0	251.0
25764	274912	253.0	251.0
25776	274912	254.0	251.0
25788	274912	256.0	252.0
25800	274912	256.0	252.0
25812	274912	258.0	253.0
25824	274912	259.0	252.0
25836	274912	260.0	252.0
25848	274912	261.0	252.0
25860	274912	263.0	253.0
25872	274912	265.0	253.0
25884	274912	266.0	252.0
25896	274912	269.0	252.0
25908	274912	270.0	253.0
25920	274912	272.0	254.0
25932	274912	276.0	254.0
25944	274912	277.0	253.0
25956	274912	280.0	254.0
25968	274912	282.0	255.0
25980	274912	284.0	254.0
25992	274912	284.0	255.0
26004	274912	286.0	255.0
26016	274912	289.0	255.0
26028	274912	290.0	255.0
26040	274912	293.0	256.0
26052	274912	294.0	256.0
26064	274912	296.0	256.0
26076	274912	298.0	256.0
26088	274912	300.0	256.0
26100	274912	302.0	257.0
26112	274912	304.0	257.0
26124	274912	306.0	257.0
26136	274912	308.0	258.0
26148	274912	310.0	259.0
26160	274912	313.0	259.0
26172	274912	315.0	259.0
26184	274912	318.0	260.0
26196	274912	320.0	260.0
26208	274912	323.0	261.0
26220	274912	325.0	261.0
26232	274912	328.0	262.0
26244	274912	332.0	262.0
26256	274912	335.0	263.0
26268	274912	339.0	264.0
26280	274912	344.0	265.0
26292	274912	347.0	266.0
26304	274912	352.0	266.0
26316	274912	356.0	267.0
26328	274912	362.0	268.0
26340	274912	367.0	269.0
26352	274912	373.0	270.0
26364	274912	379.0	271.0
26376	274912	386.0	271.0
26388	274912	393.0	272.0
26400	274912	401.0	274.0
26412	274912	409.0	275.0
26424	274912	417.0	276.0
26436	274912	425.0	278.0
26448	274912	436.0	281.0
26460	274912	446.0	283.0
26472	274912	459.0	286.0
26484	274912	473.0	289.0
26496	274912	488.0	292.0
26508	274912	506.0	296.0
26520	274912	527.0	301.0
26532	274912	551.0	307.0
26544	274912	578.0	313.0
26556	274912	613.0	322.0
26568	274912	654.0	332.0
26580	274912	704.0	343.0
26592	274912	769.0	358.0
26604	274912	856.0	380.0
26616	274912	965.0	409.0
26628	274912	1004.0	452.0
25488	274921	295.0	247.0
25500	274921	297.0	247.0
25512	274921	299.0	248.0
25524	274921	301.0	248.0
25536	274921	301.8	248.0
25548	274921	303.7142857142857	248.0
25560	274921	305.0	248.0
25572	274921	307.0	248.0
25584	274921	310.0	249.0
25596	274921	310.0	249.0
25608	274921	313.0	250.0
25620	274921	316.0	250.0
25632	274921	316.0	250.0
25644	274921	319.0	250.0
25656	274921	320.0	250.0
25668	274921	323.0	250.0
25680	274921	325.0	252.0
25692	274921	328.6666666666667	252.0
25704	274921	331.0	251.0
25716	274921	334.0	252.0
25728	274921	336.5	252.0
25740	274921	341.2	253.0
25752	274921	344.5	253.75
25572	274945	268.0	248.0
25584	274945	269.0	248.0
25596	274945	270.0	248.0
25608	274945	272.7692307692308	248.92307692307693
25620	274945	274.0	249.0
25632	274945	276.0	249.0
25644	274945	276.0	249.0
25656	274945	277.0	250.0
25668	274945	277.0	249.0
25680	274945	278.375	249.45833333333334
25692	274945	279.875	249.95833333333334
25704	274945	282.0	251.0
25716	274945	283.0	251.0
25728	274945	284.0	252.0
25740	274945	285.0	252.0
25752	274945	287.0	252.0
25764	274945	289.0	252.0
25776	274945	291.0	253.0
25788	274945	292.0	253.0
25800	274945	293.0	254.0
25812	274945	296.0	255.0
25824	274945	298.0	255.0
25836	274945	300.0	255.0
25848	274945	302.0	255.0
25860	274945	305.0	255.0
25872	274945	307.0	257.0
25884	274945	310.0	257.0
25896	274945	314.0	259.0
25908	274945	316.0	259.0
25920	274945	320.0	260.0
25932	274945	323.0	261.0
25944	274945	327.0	262.0
25956	274945	331.0	263.0
25968	274945	337.0	264.0
25980	274945	342.0	265.0
25992	274945	348.0	266.0
26004	274945	355.0	268.0
26016	274945	362.0	269.0
26028	274945	370.0	271.0
26040	274945	379.0	272.0
26052	274945	390.0	274.0
26064	274945	402.0	276.0
26076	274945	417.0	279.0
26088	274945	433.0	283.0
26100	274945	453.0	287.0
26112	274945	477.0	293.0
26124	274945	506.0	299.0
26136	274945	542.0	309.0
26148	274945	592.5	320.0
26160	274945	659.0	335.0
26172	274945	757.0	357.0
26184	274945	912.0	393.0
26196	274945	1016.0	455.0
25848	275008	374.0	259.0
25860	275008	381.0	261.0
25872	275008	389.0	261.0
25884	275008	401.0	263.0
25896	275008	414.0	264.0
25908	275008	426.0	265.0
25920	275008	439.0	266.0
25932	275008	451.0	269.0
25944	275008	466.0	270.0
25956	275008	484.0	273.0
25968	275008	503.0	275.0
25980	275008	527.0	277.0
25992	275008	554.0	281.0
26004	275008	586.0	285.0
26016	275008	624.0	289.0
26028	275008	675.0	295.0
26040	275008	741.0	303.0
26052	275008	830.0	314.0
26064	275008	935.0	328.0
26076	275008	1010.0	352.0
26028	275062	295.0	251.0
26040	275062	298.2857142857143	252.0
26052	275062	300.0	251.0
26064	275062	304.0	252.0
26076	275062	309.0	253.0
26088	275062	314.0	253.0
26100	275062	319.0	253.0
26112	275062	326.0	254.0
26124	275062	333.0	255.0
26136	275062	341.0	255.0
26148	275062	348.0	256.0
26160	275062	355.0	256.0
26172	275062	364.0	257.0
26184	275062	372.0	258.0
26196	275062	380.0	259.0
26208	275062	388.0	259.0
26220	275062	396.0	260.0
26232	275062	405.0	261.0
26244	275062	415.0	262.0
26256	275062	425.0	263.0
26268	275062	436.0	265.0
26280	275062	449.0	267.0
26292	275062	462.0	268.0
26304	275062	478.0	269.0
26316	275062	496.0	271.0
26328	275062	516.0	274.0
26340	275062	540.0	277.0
26352	275062	568.0	280.0
26364	275062	603.0	285.0
26376	275062	646.0	290.0
26388	275062	700.0	298.0
26400	275062	773.0	306.0
26412	275062	869.0	318.0
26424	275062	977.0	336.0
26088	275082	196.0	246.0
26100	275082	202.0	247.0
26112	275082	208.0	249.0
26124	275082	213.0	249.0
26136	275082	217.0	250.0
26148	275082	222.0	250.0
26160	275082	227.0	251.0
26172	275082	229.0	251.0
26184	275082	233.0	250.0
26196	275082	236.0	250.0
26208	275082	239.0	251.0
26220	275082	241.0	251.0
26232	275082	243.0	251.0
26244	275082	245.0	251.0
26256	275082	246.0	251.0
26268	275082	247.0	250.0
26280	275082	247.0	250.0
26292	275082	248.0	251.0
26304	275082	249.0	251.0
26316	275082	250.0	251.0
26328	275082	252.0	251.0
26340	275082	253.0	252.0
26352	275082	254.0	252.0
26364	275082	256.0	253.0
26376	275082	258.0	253.0
26388	275082	259.0	253.0
26400	275082	262.0	252.0
26412	275082	264.0	253.0
26424	275082	266.0	253.0
26436	275082	269.0	254.0
26448	275082	272.0	254.0
26460	275082	274.0	254.0
26472	275082	277.0	255.0
26484	275082	279.0	254.0
26496	275082	282.0	255.0
26508	275082	284.0	256.0
26520	275082	288.0	256.0
26532	275082	292.0	257.0
26544	275082	294.0	257.0
26556	275082	298.0	258.0
26568	275082	301.0	259.0
26580	275082	304.0	259.0
26592	275082	309.0	260.0
26604	275082	312.0	261.0
26616	275082	316.0	262.0
26628	275082	320.0	262.0
26640	275082	325.0	262.0
26652	275082	329.0	264.0
26664	275082	334.0	265.0
26676	275082	340.0	266.0
26688	275082	345.0	267.0
26700	275082	351.0	268.0
26712	275082	357.0	270.0
26724	275082	363.0	271.0
26736	275082	372.0	273.0
26748	275082	379.0	274.0
26760	275082	388.0	276.0
26772	275082	400.0	278.0
26784	275082	412.0	281.0
26796	275082	425.0	285.0
26808	275082	442.0	289.0
26820	275082	463.0	295.0
26832	275082	489.0	302.0
26844	275082	519.0	309.0
26856	275082	559.0	319.0
26868	275082	611.0	333.0
26880	275082	681.0	350.0
26892	275082	784.0	376.0
26904	275082	947.0	418.0
26916	275082	1024.0	491.0
26124	275096	283.0	246.0
26136	275096	283.84615384615387	246.84615384615384
26148	275096	285.0	246.0
26160	275096	286.25	247.0
26172	275096	288.0	247.0
26184	275096	291.0	248.0
26196	275096	292.0	247.0
26208	275096	293.0	248.0
26220	275096	295.0	248.0
26232	275096	296.0	247.0
26244	275096	298.0	247.0
26256	275096	298.0	247.0
26268	275096	300.0	248.0
26280	275096	301.0	248.0
26292	275096	303.0	248.0
26304	275096	304.0	249.0
26316	275096	305.0	249.0
26328	275096	308.0	250.0
26340	275096	310.0	250.0
26352	275096	310.0	249.0
26364	275096	313.0	250.0
26376	275096	315.0	250.0
26388	275096	317.0	251.0
26400	275096	319.0	251.0
26412	275096	320.0	251.0
26424	275096	322.0	250.0
26436	275096	325.0	251.0
26448	275096	327.0	252.0
26460	275096	330.0	252.0
26472	275096	333.0	253.0
26484	275096	336.0	253.0
26496	275096	340.0	254.0
26508	275096	343.0	254.0
26520	275096	348.0	255.0
26532	275096	352.0	255.0
26544	275096	357.0	256.0
26556	275096	361.0	257.0
26568	275096	367.0	257.0
26580	275096	374.0	258.0
26592	275096	380.0	259.0
26604	275096	386.0	260.0
26616	275096	394.0	261.0
26628	275096	402.0	262.0
26640	275096	411.0	263.0
26652	275096	421.0	264.0
26664	275096	432.0	265.0
26676	275096	444.0	266.0
26688	275096	458.0	268.0
26700	275096	473.0	270.0
26712	275096	492.0	272.0
26724	275096	512.0	274.0
26736	275096	535.0	277.0
26748	275096	564.0	280.0
26760	275096	598.0	284.0
26772	275096	641.0	290.0
26784	275096	690.0	296.0
26796	275096	756.0	304.0
26808	275096	846.0	315.0
26820	275096	964.0	333.0
26832	275096	1007.0	361.0
26424	275160	298.0	248.0
26436	275160	298.0	248.0
26448	275160	300.0	248.0
26460	275160	302.0	248.0
26472	275160	303.0	249.0
26484	275160	307.3	249.0
26496	275160	309.0	249.0
26508	275160	310.0	250.0
26520	275160	312.0	250.0
26532	275160	315.0	250.0
26544	275160	317.0	250.0
26556	275160	320.0	250.0
26568	275160	322.0	250.0
26580	275160	324.0	250.0
26592	275160	328.0	251.0
26604	275160	331.0	252.0
26616	275160	333.0	253.0
26628	275160	337.0	253.0
26640	275160	340.0	252.0
26652	275160	344.0	253.0
26664	275160	349.0	254.0
26676	275160	353.0	255.0
26688	275160	357.0	254.0
26700	275160	363.0	256.0
26712	275160	368.0	256.0
26724	275160	374.0	258.0
26736	275160	380.0	257.0
26748	275160	388.0	258.0
26760	275160	394.0	258.0
26460	275169	199.0	248.0
26472	275169	205.0	249.0
26484	275169	211.0	249.0
26496	275169	215.0	250.0
26508	275169	219.0	250.0
26520	275169	222.0	251.0
26532	275169	227.0	250.0
26544	275169	230.0	251.0
26556	275169	234.0	252.0
26568	275169	237.0	252.0
26580	275169	240.0	251.0
26592	275169	241.0	251.0
26604	275169	243.0	252.0
26616	275169	244.0	252.0
26628	275169	246.0	251.0
26640	275169	247.0	252.0
26652	275169	249.0	252.0
26664	275169	249.0	252.0
26676	275169	251.0	252.0
26688	275169	252.0	253.0
26700	275169	252.0	252.0
26712	275169	253.0	253.0
26724	275169	253.0	253.0
26736	275169	254.0	253.0
26748	275169	255.0	253.0
26760	275169	256.0	254.0
26772	275169	258.0	255.0
26784	275169	259.0	255.0
26796	275169	261.0	255.0
26808	275169	263.0	256.0
26820	275169	267.0	256.0
26832	275169	270.0	256.0
26844	275169	274.0	257.0
26856	275169	277.0	258.0
26868	275169	282.0	258.0
26880	275169	286.0	259.0
26892	275169	292.0	259.0
26904	275169	297.0	260.0
26916	275169	303.0	261.0
26928	275169	309.0	262.0
26940	275169	315.0	262.0
26952	275169	321.0	263.0
26964	275169	329.0	265.0
26976	275169	336.0	266.0
26988	275169	343.0	267.0
27000	275169	350.0	269.0
27012	275169	359.0	271.0
27024	275169	369.0	273.0
27036	275169	379.0	274.0
27048	275169	391.0	276.0
27060	275169	404.0	278.0
27072	275169	421.0	282.0
27084	275169	439.0	286.0
27096	275169	461.0	290.0
27108	275169	488.0	296.0
27120	275169	520.0	304.0
27132	275169	564.0	315.0
27144	275169	621.0	329.0
27156	275169	702.0	348.0
27168	275169	825.0	377.0
27180	275169	985.0	427.0
26520	275177	263.0	248.5
26532	275177	265.0	249.0
26544	275177	267.0	249.0
26556	275177	270.0	250.0
26568	275177	271.0	249.0
26580	275177	274.0	250.0
26592	275177	276.0	251.0
26604	275177	276.0	251.0
26616	275177	278.0	252.0
26628	275177	280.0	252.0
26640	275177	281.0	252.0
26652	275177	282.0	252.0
26664	275177	283.0	253.0
26676	275177	286.0	253.0
26688	275177	288.0	254.0
26700	275177	289.0	254.0
26712	275177	291.0	254.0
26724	275177	293.0	255.0
26736	275177	294.0	255.0
26748	275177	297.0	256.0
26760	275177	299.0	256.0
26772	275177	300.0	256.0
26784	275177	303.0	257.0
26796	275177	307.0	257.0
26808	275177	310.0	258.0
26820	275177	313.0	259.0
26832	275177	317.0	260.0
26844	275177	321.0	261.0
26856	275177	325.0	262.0
26868	275177	331.0	263.0
26880	275177	335.0	264.0
26892	275177	341.0	265.0
26904	275177	347.0	266.0
26916	275177	353.0	268.0
26928	275177	361.0	270.0
26940	275177	368.0	271.0
26952	275177	377.0	273.0
26964	275177	389.0	275.0
26976	275177	401.0	277.0
26988	275177	415.0	280.0
27000	275177	431.0	284.0
27012	275177	451.0	288.0
27024	275177	476.0	294.0
27036	275177	505.0	301.0
27048	275177	542.0	310.0
27060	275177	591.0	324.0
27072	275177	661.0	339.0
27084	275177	761.0	362.0
27096	275177	920.0	401.0
27108	275177	1027.0	475.0
26664	275201	298.2857142857143	249.0
26676	275201	300.0	249.0
26688	275201	302.0	250.0
26700	275201	308.0	250.0
26712	275201	312.0	250.0
26724	275201	316.0	250.0
26736	275201	318.0	250.0
26748	275201	320.0	250.0
26760	275201	326.0	251.0
26772	275201	326.0	252.0
26784	275201	328.0	251.0
26796	275201	331.0	251.0
26808	275201	335.0	253.0
26820	275201	339.0	254.0
26832	275201	342.0	253.0
26844	275201	346.0	254.0
26856	275201	350.0	255.0
26868	275201	355.0	255.0
26880	275201	358.0	256.0
26892	275201	364.0	256.0
26904	275201	370.0	257.0
26916	275201	377.0	258.0
26928	275201	384.0	259.0
26940	275201	391.0	259.0
26952	275201	400.0	261.0
26964	275201	410.0	262.0
26976	275201	419.0	263.0
26988	275201	432.0	264.0
27000	275201	444.0	266.0
27012	275201	459.0	268.0
26772	275225	343.0	253.0
26784	275225	351.0	255.0
26796	275225	359.0	256.0
26808	275225	368.0	257.0
26820	275225	379.0	257.0
26832	275225	388.0	259.0
26844	275225	397.0	260.0
26856	275225	405.0	262.0
26868	275225	415.0	263.0
26880	275225	426.0	264.0
26892	275225	437.0	266.0
26904	275225	450.0	267.0
26916	275225	465.0	270.0
26928	275225	483.0	271.0
26940	275225	504.0	274.0
26952	275225	530.0	277.0
26964	275225	561.0	281.0
26976	275225	598.0	286.0
26988	275225	647.0	292.0
27000	275225	709.0	302.0
27012	275225	794.0	312.0
27024	275225	913.0	327.0
27036	275225	1000.0	353.0
26904	275264	272.0	250.0
26916	275264	272.0	250.0
26928	275264	275.0	250.0
26940	275264	276.0	251.0
26952	275264	278.0	251.0
26964	275264	280.0	252.0
26976	275264	281.0	253.0
26988	275264	282.0	252.0
27000	275264	283.0	252.0
27012	275264	284.0	253.0
27024	275264	286.0	253.0
27036	275264	288.0	254.0
27048	275264	290.0	254.0
27060	275264	293.0	254.0
27072	275264	295.0	255.0
27084	275264	296.0	255.0
27096	275264	299.0	256.0
27108	275264	301.0	256.0
27120	275264	303.0	256.0
27132	275264	306.0	257.0
27144	275264	310.0	258.0
27156	275264	313.0	258.0
27168	275264	316.0	259.0
27180	275264	319.0	260.0
27192	275264	322.0	261.0
27204	275264	326.0	262.0
27216	275264	331.0	263.0
27228	275264	336.0	263.0
27240	275264	341.0	265.0
27252	275264	347.0	267.0
27264	275264	355.0	269.0
27276	275264	362.0	270.0
27288	275264	371.0	271.0
27300	275264	382.0	273.0
27312	275264	394.0	275.0
27324	275264	409.0	278.0
27336	275264	424.0	281.0
27348	275264	444.0	286.0
27360	275264	466.0	290.0
27372	275264	495.0	296.0
27384	275264	532.0	305.0
27396	275264	576.0	316.0
27408	275264	638.0	331.0
27420	275264	725.0	350.0
27432	275264	859.0	382.0
27444	275264	1000.0	436.0
26964	275275	261.0	247.0
26976	275275	262.0	247.0
26988	275275	261.0	248.0
27000	275275	262.0	248.0
27012	275275	262.0	248.0
27024	275275	263.0	248.0
27036	275275	262.0	249.0
27048	275275	262.0	248.0
27060	275275	262.0	248.0
27072	275275	264.0	248.0
27084	275275	265.0	248.0
27096	275275	265.0	249.0
27108	275275	266.0	249.0
27120	275275	267.0	250.0
27132	275275	268.0	250.0
27144	275275	268.0	250.0
27156	275275	270.0	250.0
27168	275275	270.0	250.0
27180	275275	270.0	250.0
27192	275275	271.0	250.0
27204	275275	272.0	251.0
27216	275275	272.0	250.0
27228	275275	274.0	250.0
27240	275275	274.0	251.0
27252	275275	276.0	251.0
27264	275275	277.0	252.0
27276	275275	278.0	252.0
27288	275275	279.0	252.0
27300	275275	280.0	252.0
27312	275275	283.0	253.0
27324	275275	283.0	253.0
27336	275275	285.0	253.0
27348	275275	287.0	254.0
27360	275275	290.0	254.0
27372	275275	291.0	254.0
27384	275275	293.0	255.0
27396	275275	295.0	255.0
27408	275275	298.0	256.0
27420	275275	301.0	257.0
27432	275275	304.0	257.0
27444	275275	308.0	258.0
27456	275275	310.0	259.0
27468	275275	314.0	260.0
27480	275275	319.0	261.0
27492	275275	323.0	262.0
27504	275275	329.0	263.0
27516	275275	335.0	264.0
27528	275275	342.0	265.0
27540	275275	349.0	266.0
27552	275275	358.0	268.0
27564	275275	367.0	270.0
27576	275275	377.0	272.0
27588	275275	388.0	273.0
27600	275275	402.0	275.0
27612	275275	417.0	278.0
27624	275275	436.0	283.0
27636	275275	458.0	287.0
27648	275275	483.0	292.0
27660	275275	514.0	299.0
27672	275275	553.0	307.0
27684	275275	604.0	317.0
27696	275275	673.0	332.0
27708	275275	770.0	353.0
27720	275275	923.0	386.0
27732	275275	1022.0	447.0
27192	275329	199.0	247.0
27204	275329	204.0	248.0
27216	275329	209.0	249.0
27228	275329	212.0	249.0
27240	275329	216.0	250.0
27252	275329	220.0	251.0
27264	275329	223.0	250.0
27276	275329	226.0	250.0
27288	275329	229.0	251.0
27300	275329	231.0	251.0
27312	275329	234.0	251.0
27324	275329	237.0	251.0
27336	275329	240.0	251.0
27348	275329	241.0	251.0
27360	275329	244.0	251.0
27372	275329	245.0	251.0
27384	275329	247.0	250.0
27396	275329	250.0	250.0
27408	275329	252.0	251.0
27420	275329	255.0	251.0
27432	275329	256.0	252.0
27444	275329	259.0	251.0
27456	275329	261.0	252.0
27468	275329	265.0	252.0
27480	275329	266.0	252.0
27492	275329	267.0	252.0
27504	275329	268.0	253.0
27516	275329	270.0	253.0
27528	275329	271.0	253.0
27540	275329	273.0	253.0
27552	275329	274.0	254.0
27564	275329	277.0	254.0
27576	275329	278.0	254.0
27588	275329	279.0	254.0
27600	275329	281.0	255.0
27612	275329	284.0	256.0
27624	275329	286.0	257.0
27636	275329	288.0	257.0
27648	275329	290.0	258.0
27660	275329	293.0	259.0
27672	275329	295.0	258.0
27684	275329	298.0	259.0
27696	275329	301.0	260.0
27708	275329	306.0	260.0
27720	275329	308.0	260.0
27732	275329	313.0	262.0
27744	275329	317.0	263.0
27756	275329	322.0	263.0
27768	275329	327.0	264.0
27780	275329	332.0	265.0
27792	275329	338.0	266.0
27804	275329	344.0	267.0
27816	275329	350.0	268.0
27828	275329	357.0	270.0
27840	275329	365.0	271.0
27852	275329	372.0	273.0
27864	275329	380.0	274.0
27876	275329	390.0	275.0
27888	275329	402.0	278.0
27900	275329	415.0	281.0
27912	275329	430.0	284.0
27924	275329	448.0	288.0
27936	275329	471.0	292.0
27948	275329	497.0	298.0
27960	275329	529.0	305.0
27972	275329	570.0	314.0
27984	275329	622.0	327.0
27996	275329	691.0	341.0
28008	275329	790.0	362.0
28020	275329	938.0	395.0
28032	275329	1019.0	451.0
27396	275368	195.0	247.0
27408	275368	201.0	248.0
27420	275368	206.0	248.0
27432	275368	212.0	250.0
27444	275368	215.0	250.0
27456	275368	219.0	250.0
27468	275368	224.0	250.0
27480	275368	227.0	250.0
27492	275368	229.0	251.0
27504	275368	231.0	251.0
27516	275368	234.0	251.0
27528	275368	236.0	251.0
27540	275368	238.0	251.0
27552	275368	240.0	250.0
27564	275368	241.0	250.0
27576	275368	243.0	251.0
27588	275368	245.0	251.0
27600	275368	246.0	250.0
27612	275368	247.0	251.0
27624	275368	248.0	251.0
27636	275368	250.0	252.0
27648	275368	251.0	252.0
27660	275368	251.0	252.0
27672	275368	251.0	252.0
27684	275368	252.0	252.0
27696	275368	252.0	253.0
27708	275368	252.0	252.0
27720	275368	252.0	253.0
27732	275368	252.0	253.0
27744	275368	251.0	253.0
27756	275368	251.0	253.0
27768	275368	251.0	253.0
27780	275368	251.0	253.0
27792	275368	251.0	254.0
27804	275368	252.0	254.0
27816	275368	251.0	255.0
27828	275368	252.0	255.0
27840	275368	253.0	256.0
27852	275368	253.0	256.0
27864	275368	254.0	256.0
27876	275368	255.0	257.0
27888	275368	256.0	257.0
27900	275368	258.0	258.0
27912	275368	258.0	258.0
27924	275368	259.0	258.0
27936	275368	261.0	259.0
27948	275368	262.0	259.0
27960	275368	263.0	260.0
27972	275368	264.0	260.0
27984	275368	265.0	261.0
27996	275368	268.0	262.0
28008	275368	270.0	263.0
28020	275368	272.0	264.0
28032	275368	273.0	264.0
28044	275368	275.0	265.0
28056	275368	277.0	266.0
28068	275368	280.0	267.0
28080	275368	283.0	268.0
28092	275368	285.0	270.0
28104	275368	288.0	271.0
28116	275368	291.0	272.0
28128	275368	294.0	274.0
28140	275368	299.0	275.0
28152	275368	305.0	276.0
28164	275368	311.0	278.0
28176	275368	320.0	280.0
28188	275368	329.0	283.0
28200	275368	341.0	287.0
28212	275368	353.0	290.0
28224	275368	369.0	295.0
28236	275368	388.0	301.0
28248	275368	411.0	307.0
28260	275368	438.0	314.0
28272	275368	473.0	325.0
28284	275368	518.0	336.0
28296	275368	579.0	354.0
28308	275368	664.0	375.0
28320	275368	797.0	412.0
28332	275368	980.0	473.0
27684	275430	274.0	252.0
27696	275430	275.0	251.0
27708	275430	278.0	252.0
27720	275430	280.0	254.0
27732	275430	283.0	254.0
27744	275430	285.0	253.0
27756	275430	288.0	253.0
27768	275430	291.0	254.0
27780	275430	293.0	254.0
27792	275430	296.0	255.0
27804	275430	299.0	256.0
27816	275430	300.0	256.0
27828	275430	302.0	256.0
27840	275430	304.0	257.0
27852	275430	307.0	257.0
27864	275430	310.0	258.0
27876	275430	312.0	259.0
27888	275430	314.0	260.0
27900	275430	318.0	260.0
27912	275430	321.0	261.0
27924	275430	325.0	261.0
27936	275430	329.0	262.0
27948	275430	334.0	263.0
27960	275430	338.0	265.0
27972	275430	343.0	266.0
27984	275430	348.0	266.0
27996	275430	354.0	268.0
28008	275430	362.0	270.0
28020	275430	368.0	271.0
28032	275430	376.0	273.0
28044	275430	385.0	274.0
28056	275430	396.0	276.0
28068	275430	408.0	278.0
28080	275430	422.0	280.0
28092	275430	438.0	284.0
28104	275430	456.0	289.0
28116	275430	478.0	294.0
28128	275430	505.0	300.0
28140	275430	538.0	307.0
28152	275430	581.0	318.0
28164	275430	637.0	331.0
28176	275430	712.0	349.0
28188	275430	825.0	375.0
28200	275430	976.0	417.0
28212	275430	1033.0	479.0
27720	275436	261.0	246.25
27732	275436	261.0	246.0
27744	275436	262.0	247.0
27756	275436	262.0	248.0
27768	275436	262.0	248.0
27780	275436	263.0	247.0
27792	275436	262.0	248.0
27804	275436	264.0	248.0
27816	275436	264.0	248.0
27828	275436	265.0	248.0
27840	275436	266.0	248.0
27852	275436	266.0	248.0
27864	275436	267.0	249.0
27876	275436	267.0	249.0
27888	275436	268.0	249.0
27900	275436	269.0	250.0
27912	275436	266.0	250.0
27924	275436	267.0	252.0
27936	275436	270.1666666666667	251.08333333333334
27948	275436	272.0	252.0
27960	275436	273.0	253.0
27972	275436	275.0	254.0
27984	275436	278.0	254.0
27996	275436	281.0	255.0
28008	275436	285.0	255.0
28020	275436	289.0	256.0
28032	275436	292.0	255.0
28044	275436	295.0	256.0
28056	275436	298.0	256.0
28068	275436	302.0	257.0
28080	275436	306.0	257.0
28092	275436	310.0	258.0
28104	275436	314.0	259.0
28116	275436	319.0	260.0
28128	275436	324.0	261.0
28140	275436	330.0	262.0
28152	275436	336.0	263.0
28164	275436	345.0	264.0
28176	275436	353.0	265.0
28188	275436	364.0	266.0
28200	275436	375.0	268.0
28212	275436	388.0	269.0
28224	275436	405.0	271.0
28236	275436	424.0	272.0
28248	275436	444.0	274.0
28260	275436	467.0	276.0
28272	275436	496.0	279.0
28284	275436	530.0	282.0
27936	275448	199.0	248.0
27948	275448	207.0	249.0
27960	275448	214.0	250.0
27972	275448	217.0	250.0
27984	275448	223.0	251.0
27996	275448	227.0	251.0
28008	275448	230.0	251.0
28020	275448	233.875	251.0
28032	275448	238.0	250.0
28044	275448	239.0	250.0
28056	275448	241.0	250.0
28068	275448	242.0	251.0
28080	275448	243.0	250.0
28092	275448	244.0	251.0
28104	275448	244.0	250.0
28116	275448	246.0	250.0
28128	275448	246.0	251.0
28140	275448	247.0	251.0
28152	275448	250.0	251.0
28164	275448	249.0	252.0
28176	275448	250.0	253.0
28188	275448	251.0	253.0
28200	275448	252.0	253.0
28212	275448	251.0	253.0
28224	275448	251.0	254.0
28236	275448	253.0	254.0
28248	275448	254.0	254.0
28260	275448	256.0	254.0
28272	275448	258.0	255.0
28284	275448	260.0	256.0
28296	275448	262.0	257.0
28308	275448	265.0	257.0
28320	275448	268.0	256.0
28332	275448	273.0	257.0
28344	275448	277.0	258.0
28356	275448	280.0	259.0
28368	275448	286.0	259.0
28380	275448	291.0	260.0
28392	275448	295.0	260.0
28404	275448	301.0	261.0
28416	275448	307.0	262.0
28428	275448	313.0	262.0
28440	275448	318.0	263.0
28452	275448	324.0	264.0
28464	275448	329.0	265.0
28476	275448	335.0	265.0
28488	275448	341.0	266.0
28500	275448	349.0	268.0
28512	275448	356.0	269.0
28524	275448	365.0	271.0
28536	275448	373.0	273.0
28548	275448	383.0	274.0
28560	275448	394.0	276.0
28572	275448	408.0	279.0
28584	275448	423.0	282.0
28596	275448	440.0	286.0
28608	275448	462.0	292.0
28620	275448	487.0	297.0
28632	275448	519.0	306.0
28644	275448	558.0	315.0
28656	275448	613.0	328.0
28668	275448	686.0	345.0
28680	275448	794.0	370.0
28692	275448	961.0	411.0
28704	275448	1038.0	492.0
28224	275517	289.0	255.0
28236	275517	296.0	257.0
28248	275517	304.0	258.0
28260	275517	314.0	259.0
28272	275517	319.0	260.0
28284	275517	322.0	261.0
28296	275517	326.0	262.0
28308	275517	331.0	263.0
28320	275517	335.0	264.0
28332	275517	340.0	265.0
28344	275517	345.0	266.0
28356	275517	352.0	267.0
28368	275517	359.0	268.0
28380	275517	367.0	270.0
28392	275517	375.0	273.0
28404	275517	384.0	274.0
28416	275517	395.0	275.0
28428	275517	408.0	277.0
28440	275517	422.0	280.0
28452	275517	438.0	283.0
28464	275517	458.0	287.0
28476	275517	480.0	293.0
28488	275517	507.0	298.0
28500	275517	542.0	307.0
28512	275517	585.0	317.0
28524	275517	643.0	330.0
28536	275517	723.0	346.0
28548	275517	841.0	372.0
28560	275517	983.0	414.0
28428	275598	276.0	248.0
28440	275598	276.0	249.0
28452	275598	279.0	250.0
28464	275598	280.0	250.0
28476	275598	281.0	250.0
28488	275598	280.0	250.0
28500	275598	282.0	250.0
28512	275598	283.0	251.0
28524	275598	284.0	251.0
28536	275598	285.0	251.0
28548	275598	288.0	250.0
28560	275598	289.0	251.0
28572	275598	291.0	252.0
28584	275598	292.0	252.0
28596	275598	293.0	253.0
28608	275598	296.0	254.0
28620	275598	298.0	254.0
28632	275598	299.0	255.0
28644	275598	302.0	255.0
28656	275598	304.0	255.0
28668	275598	307.0	256.0
28680	275598	309.0	256.0
28692	275598	313.0	258.0
28704	275598	315.0	258.0
28716	275598	319.0	259.0
28728	275598	323.0	260.0
28740	275598	326.0	260.0
28752	275598	331.0	262.0
28764	275598	337.0	262.0
28776	275598	343.0	264.0
28788	275598	349.0	265.0
28800	275598	356.0	266.0
28812	275598	364.0	268.0
28824	275598	374.0	269.0
28836	275598	384.0	271.0
28848	275598	396.0	273.0
28860	275598	409.0	275.0
28872	275598	424.0	278.0
28884	275598	443.0	281.0
28896	275598	464.0	286.0
28908	275598	491.0	291.0
28920	275598	525.0	298.0
28932	275598	568.0	307.0
28944	275598	625.0	319.0
28956	275598	703.0	335.0
28968	275598	821.0	359.0
28980	275598	980.0	401.0
28500	275640	321.0	251.0
28512	275640	321.0	251.0
28524	275640	327.0	251.0
28536	275640	331.0	253.0
28548	275640	337.0	253.0
28560	275640	341.0	254.0
28572	275640	346.0	254.0
28584	275640	352.0	255.0
28596	275640	357.0	256.0
28608	275640	363.0	257.0
28620	275640	369.0	258.0
28632	275640	376.0	258.0
28644	275640	383.0	260.0
28656	275640	391.0	261.0
28668	275640	400.0	262.0
28680	275640	411.0	264.0
28692	275640	422.0	265.0
28704	275640	435.0	267.0
28716	275640	451.0	268.0
28728	275640	468.0	270.0
28740	275640	489.0	272.0
28752	275640	513.0	274.0
28764	275640	543.0	278.0
28776	275640	579.0	283.0
28788	275640	622.0	288.0
28800	275640	679.0	295.0
28812	275640	753.0	304.0
28824	275640	856.0	317.0
28836	275640	977.0	336.0
28608	275681	266.75	248.0
28620	275681	267.0	248.0
28632	275681	267.0	248.0
28644	275681	268.0	248.0
28656	275681	268.0	248.0
28668	275681	269.84615384615387	248.0
28680	275681	270.1081081081081	248.0
28692	275681	271.4054054054054	248.0
28704	275681	272.7027027027027	248.0
28716	275681	274.0	248.0
28728	275681	274.0	249.0
28740	275681	276.0	249.0
28752	275681	276.0	249.0
28764	275681	276.0	249.0
28776	275681	277.0	248.5
28788	275681	278.0	248.0
28800	275681	281.0	249.0
28812	275681	282.0	249.0
28824	275681	283.0	250.0
28836	275681	284.0	251.0
28848	275681	286.0	251.0
28860	275681	287.0	251.0
28872	275681	289.0	251.0
28884	275681	290.0	252.0
28896	275681	292.0	252.0
28908	275681	293.0	251.0
28920	275681	295.0	252.0
28932	275681	297.0	252.0
28944	275681	298.0	253.0
28956	275681	301.0	254.0
28968	275681	303.0	254.0
28980	275681	306.0	255.0
28992	275681	308.0	256.0
29004	275681	312.0	256.0
29016	275681	315.0	256.0
29028	275681	318.0	257.0
29040	275681	323.0	259.0
29052	275681	326.0	259.0
29064	275681	331.0	260.0
29076	275681	337.0	262.0
29088	275681	342.0	262.0
29100	275681	348.0	263.0
29112	275681	354.0	265.0
29124	275681	361.0	266.0
29136	275681	370.0	267.0
29148	275681	378.0	268.0
29160	275681	387.0	270.0
29172	275681	398.0	271.0
29184	275681	411.0	273.0
29196	275681	424.0	275.0
29208	275681	439.0	277.0
29220	275681	457.0	281.0
29232	275681	479.0	285.0
29244	275681	502.0	289.0
29256	275681	530.0	295.0
29268	275681	563.0	302.0
29280	275681	605.0	311.0
29292	275681	661.0	323.0
29304	275681	733.0	339.0
29316	275681	839.0	361.0
29328	275681	974.0	397.0
29340	275681	1027.0	460.0
28728	275713	289.0	247.0
28740	275713	289.0	247.0
28752	275713	291.0	247.0
28764	275713	292.0	247.0
28776	275713	293.0	248.0
28788	275713	295.0	247.0
28800	275713	296.0	247.0
28812	275713	298.0	248.0
28824	275713	300.0	247.0
28836	275713	301.0	248.0
28848	275713	303.0	248.0
28860	275713	304.0	249.0
28872	275713	306.0	249.0
28884	275713	307.0	250.0
28896	275713	309.0	249.0
28908	275713	311.0	249.0
28920	275713	313.0	250.0
28932	275713	315.0	250.0
28944	275713	317.0	250.0
28956	275713	319.0	250.0
28968	275713	320.0	250.0
28980	275713	323.0	250.0
28992	275713	326.0	251.0
29004	275713	329.0	250.0
29016	275713	331.0	250.0
29028	275713	335.0	251.0
29040	275713	337.0	252.0
29052	275713	342.0	253.0
29064	275713	345.0	254.0
29076	275713	350.0	254.0
29088	275713	353.0	254.0
29100	275713	358.0	254.0
29112	275713	362.0	255.0
28788	275727	259.5	249.5
28800	275727	260.0	249.0
28812	275727	261.0	248.5
28824	275727	261.0	248.0
28836	275727	261.0	247.0
28848	275727	261.0	247.0
28860	275727	261.0	247.0
28872	275727	262.0	248.0
28884	275727	264.0	248.0
28896	275727	265.0	249.0
28908	275727	266.0	249.0
28920	275727	267.0	250.0
28932	275727	268.0	250.0
28944	275727	269.0	250.0
28956	275727	270.0	250.0
28968	275727	270.0	250.0
28980	275727	271.0	250.0
28992	275727	272.0	251.0
29004	275727	274.0	251.0
29016	275727	275.0	250.0
29028	275727	275.0	250.0
29040	275727	277.0	252.0
29052	275727	278.0	252.0
29064	275727	279.0	252.0
29076	275727	281.0	253.0
29088	275727	281.0	253.0
29100	275727	283.0	253.0
29112	275727	284.0	254.0
29124	275727	286.0	254.0
29136	275727	288.0	254.0
29148	275727	290.0	255.0
29160	275727	292.0	256.0
29172	275727	295.0	256.0
29184	275727	297.0	257.0
29196	275727	299.0	257.0
29208	275727	302.0	257.0
29220	275727	306.0	259.0
29232	275727	309.0	259.0
29244	275727	313.0	260.0
29256	275727	317.0	261.0
29268	275727	321.0	261.0
29280	275727	326.0	262.0
29292	275727	331.0	264.0
29304	275727	336.0	265.0
29316	275727	343.0	266.0
29328	275727	350.0	267.0
29340	275727	358.0	268.0
29352	275727	366.0	270.0
29364	275727	376.0	272.0
29376	275727	387.0	274.0
29388	275727	399.0	276.0
29400	275727	414.0	277.0
29412	275727	430.0	280.0
29424	275727	448.0	284.0
29436	275727	470.0	289.0
29448	275727	495.0	295.0
29460	275727	525.0	301.0
29472	275727	561.0	309.0
29484	275727	608.0	321.0
29496	275727	670.0	334.0
29508	275727	757.0	353.0
29520	275727	886.0	381.0
29532	275727	998.0	427.0
29016	275765	288.0	253.0
29028	275765	291.0	254.0
29040	275765	292.0	255.0
29052	275765	296.0	255.0
29064	275765	297.0	255.0
29076	275765	301.0	256.0
29088	275765	304.0	257.0
29100	275765	308.0	258.0
29112	275765	312.0	259.0
29124	275765	318.0	260.0
29136	275765	323.0	261.0
29148	275765	329.0	262.0
29160	275765	334.0	263.0
29172	275765	341.0	265.0
29184	275765	348.0	266.0
29196	275765	355.0	267.0
29208	275765	363.0	268.0
29220	275765	370.0	270.0
29232	275765	380.0	271.0
29244	275765	390.0	273.0
29256	275765	401.0	275.0
29268	275765	414.0	277.0
29280	275765	430.0	280.0
29292	275765	448.0	284.0
29304	275765	469.0	288.0
29316	275765	495.0	293.0
29328	275765	526.0	299.0
29340	275765	565.0	307.0
29352	275765	614.0	318.0
29364	275765	680.0	332.0
29376	275765	770.0	350.0
29388	275765	908.0	380.0
29400	275765	1008.0	429.0
29076	275770	261.0	248.0
29088	275770	261.0	248.0
29100	275770	261.5	248.0
29112	275770	263.0	248.0
29124	275770	265.17391304347825	248.2608695652174
29136	275770	266.7391304347826	248.6086956521739
29148	275770	268.30434782608694	248.95652173913044
29160	275770	269.8695652173913	249.30434782608697
29172	275770	271.4347826086956	249.65217391304347
29184	275770	273.0	250.0
29196	275770	273.0	251.0
29208	275770	276.0	252.0
29220	275770	278.0	252.0
29232	275770	280.2	253.0
29244	275770	283.0	253.0
29256	275770	284.0	252.0
29268	275770	291.0	254.0
29280	275770	292.0	255.0
29292	275770	294.0	254.0
29304	275770	299.0	254.0
29316	275770	302.0	256.0
29328	275770	306.0	256.0
29340	275770	310.0	257.0
29352	275770	313.0	258.0
29364	275770	318.0	259.0
29376	275770	320.0	260.0
29388	275770	323.0	261.0
29400	275770	328.0	261.0
29412	275770	332.0	263.0
29424	275770	338.0	264.0
29436	275770	343.0	265.0
29448	275770	349.0	266.0
29460	275770	356.0	267.0
29472	275770	364.0	269.0
29484	275770	372.0	270.0
29496	275770	383.0	272.0
29508	275770	395.0	274.0
29520	275770	409.0	276.0
29532	275770	427.0	278.0
29544	275770	449.0	282.0
29556	275770	475.0	285.0
29568	275770	508.0	290.0
29580	275770	549.0	298.0
29592	275770	598.0	304.0
29604	275770	665.0	314.0
29616	275770	754.0	326.0
29628	275770	880.0	344.0
29640	275770	995.0	373.0
29268	275790	274.0	249.0
29280	275790	275.0	250.0
29292	275790	279.0	251.0
29304	275790	280.0	252.0
29316	275790	282.0	252.0
29328	275790	283.0	252.0
29340	275790	283.0	252.0
29352	275790	284.0	252.0
29364	275790	287.0	253.0
29376	275790	289.0	253.0
29388	275790	291.0	253.0
29400	275790	294.0	254.0
29412	275790	296.0	255.0
29424	275790	297.0	255.0
29436	275790	299.0	256.0
29448	275790	302.0	256.0
29460	275790	304.0	257.0
29472	275790	308.0	258.0
29484	275790	310.0	258.0
29496	275790	314.0	259.0
29508	275790	318.0	260.0
29520	275790	321.0	260.0
29532	275790	325.0	261.0
29544	275790	331.0	262.0
29556	275790	336.0	263.0
29568	275790	342.0	264.0
29580	275790	350.0	266.0
29592	275790	356.0	267.0
29604	275790	365.0	269.0
29616	275790	374.0	270.0
29628	275790	384.0	272.0
29640	275790	396.0	274.0
29652	275790	409.0	276.0
29664	275790	425.0	279.0
29676	275790	444.0	283.0
29688	275790	466.0	288.0
29700	275790	492.0	295.0
29712	275790	525.0	302.0
29724	275790	567.0	311.0
29736	275790	621.0	324.0
29748	275790	697.0	341.0
29760	275790	812.0	367.0
29772	275790	976.0	411.0
29784	275790	1036.0	469.0
29460	275893	280.0	251.0
29472	275893	277.0	250.0
29484	275893	280.0	250.0
29496	275893	282.0	251.0
29508	275893	283.0	251.0
29520	275893	284.0	252.0
29532	275893	285.0	252.0
29544	275893	287.0	253.0
29556	275893	288.0	253.0
29568	275893	290.0	254.0
29580	275893	291.0	254.0
29592	275893	293.0	255.0
29604	275893	293.0	255.0
29616	275893	296.0	255.0
29628	275893	299.0	256.0
29640	275893	301.0	256.0
29652	275893	303.0	256.0
29664	275893	306.0	258.0
29676	275893	309.0	259.0
29688	275893	312.0	260.0
29700	275893	317.0	261.0
29712	275893	321.0	262.0
29724	275893	325.0	263.0
29736	275893	330.0	264.0
29748	275893	336.0	265.0
29760	275893	342.0	266.0
29772	275893	348.0	267.0
29784	275893	355.0	268.0
29796	275893	362.0	270.0
29808	275893	371.0	271.0
29820	275893	381.0	272.0
29832	275893	391.0	274.0
29844	275893	403.0	275.0
29856	275893	416.0	277.0
29868	275893	432.0	280.0
29880	275893	449.0	283.0
29892	275893	470.0	287.0
29904	275893	494.0	292.0
29916	275893	523.0	298.0
29928	275893	557.0	305.0
29940	275893	602.0	314.0
29952	275893	663.0	328.0
29964	275893	743.0	344.0
29976	275893	857.0	368.0
29988	275893	984.0	407.0
30000	275893	1019.0	436.0
29712	275981	290.0	256.0
29724	275981	292.0	256.0
29736	275981	294.0	257.0
29748	275981	298.0	257.0
29760	275981	302.0	258.0
29772	275981	305.0	259.0
29784	275981	310.0	259.0
29796	275981	315.0	260.0
29808	275981	319.0	261.0
29820	275981	324.0	262.0
29832	275981	327.0	263.0
29844	275981	332.0	263.0
29856	275981	336.0	265.0
29868	275981	341.0	266.0
29880	275981	347.0	266.0
29892	275981	354.0	268.0
29904	275981	360.0	269.0
29916	275981	368.0	271.0
29928	275981	377.0	272.0
29940	275981	386.0	274.0
29952	275981	398.0	275.0
29964	275981	410.0	278.0
29976	275981	426.0	281.0
29988	275981	444.0	285.0
30000	275981	465.0	289.0
30012	275981	490.0	295.0
30024	275981	522.0	302.0
30036	275981	562.0	311.0
30048	275981	615.0	323.0
30060	275981	688.0	338.0
30072	275981	794.0	360.0
30084	275981	959.0	398.0
30096	275981	1035.0	471.0
29880	276021	322.0	253.0
29892	276021	324.0	253.0
29904	276021	328.0	255.0
29916	276021	333.0	255.0
29928	276021	337.0	254.0
29940	276021	343.0	255.0
29952	276021	349.0	256.0
29964	276021	353.0	257.0
29976	276021	358.0	258.0
29988	276021	364.0	258.0
30000	276021	370.0	259.0
30012	276021	377.0	260.0
30024	276021	384.0	261.0
30036	276021	392.0	262.0
30048	276021	401.0	262.0
30060	276021	410.0	264.0
30072	276021	420.0	264.0
30084	276021	432.0	266.0
30096	276021	445.0	267.0
30108	276021	460.0	269.0
30120	276021	475.0	271.0
30132	276021	494.0	273.0
30144	276021	516.0	276.0
30156	276021	541.0	279.0
30168	276021	570.0	282.0
30180	276021	606.0	286.0
30192	276021	650.0	292.0
30204	276021	704.0	298.0
30216	276021	774.0	307.0
30228	276021	865.0	318.0
30240	276021	973.0	334.0
29940	276031	196.0	247.0
29952	276031	200.0	247.0
29964	276031	206.0	249.0
29976	276031	212.0	249.0
29988	276031	215.0	250.0
30000	276031	219.0	250.0
30012	276031	223.0	250.0
30024	276031	228.0	251.0
30036	276031	230.0	251.0
30048	276031	234.0	250.0
30060	276031	237.0	250.0
30072	276031	239.0	250.0
30084	276031	241.0	251.0
30096	276031	242.0	251.0
30108	276031	243.0	251.0
30120	276031	245.0	251.0
30132	276031	246.0	250.0
30144	276031	247.0	251.0
30156	276031	249.0	252.0
30168	276031	250.0	252.0
30180	276031	252.0	252.0
30192	276031	253.0	252.0
30204	276031	254.0	253.0
30216	276031	256.0	253.0
30228	276031	258.0	253.0
30240	276031	260.0	253.0
30252	276031	263.0	253.0
30264	276031	265.0	253.0
30276	276031	267.0	254.0
30288	276031	270.0	254.0
30300	276031	273.0	254.0
30312	276031	275.0	254.0
30324	276031	278.0	254.0
30336	276031	281.0	255.0
30348	276031	285.0	256.0
30360	276031	288.0	255.0
30372	276031	291.0	256.0
30384	276031	293.0	256.0
30396	276031	297.0	257.0
30408	276031	300.0	257.0
30420	276031	303.0	258.0
30432	276031	307.0	259.0
30444	276031	309.0	259.0
30456	276031	314.0	261.0
30468	276031	317.0	261.0
30480	276031	321.0	262.0
30492	276031	325.0	262.0
30504	276031	331.0	263.0
30516	276031	335.0	264.0
30528	276031	340.0	266.0
30540	276031	346.0	266.0
30552	276031	353.0	268.0
30564	276031	359.0	270.0
30576	276031	366.0	271.0
30588	276031	374.0	273.0
30600	276031	383.0	274.0
30612	276031	393.0	276.0
30624	276031	405.0	278.0
30636	276031	417.0	280.0
30648	276031	433.0	284.0
30660	276031	451.0	288.0
30672	276031	472.0	293.0
30684	276031	498.0	299.0
30696	276031	529.0	307.0
30708	276031	570.0	316.0
30720	276031	622.0	329.0
30732	276031	693.0	346.0
30744	276031	797.0	370.0
30756	276031	957.0	411.0
30768	276031	1033.0	484.0
30108	276069	270.0	248.0
30120	276069	271.0	248.0
30132	276069	273.0	248.0
30144	276069	274.0	249.0
30156	276069	277.0	248.0
30168	276069	279.0	250.0
30180	276069	281.0	249.0
30192	276069	284.0	249.0
30204	276069	287.0	250.0
30216	276069	288.0	249.0
30228	276069	290.0	249.0
30240	276069	294.0	250.0
30252	276069	295.0	250.0
30264	276069	298.0	250.0
30276	276069	300.0	249.0
30288	276069	304.0	250.0
30300	276069	306.0	250.0
30312	276069	309.0	250.0
30324	276069	311.0	249.0
30336	276069	314.0	250.0
30348	276069	317.0	251.0
30360	276069	318.0	250.0
30372	276069	321.0	251.0
30384	276069	323.0	251.0
30396	276069	327.0	251.0
30408	276069	329.0	252.0
30420	276069	332.0	253.0
30432	276069	336.0	253.0
30444	276069	339.0	254.0
30456	276069	343.0	255.0
30468	276069	347.0	255.0
30480	276069	351.0	255.0
30492	276069	355.0	256.0
30504	276069	361.0	257.0
30516	276069	366.0	257.0
30528	276069	371.0	257.0
30540	276069	378.0	258.0
30552	276069	384.0	259.0
30564	276069	392.0	260.0
30576	276069	400.0	261.0
30588	276069	410.0	263.0
30600	276069	419.0	264.0
30612	276069	430.0	265.0
30624	276069	443.0	266.0
30636	276069	457.0	268.0
30648	276069	473.0	269.0
30660	276069	491.0	271.0
30672	276069	513.0	273.0
30684	276069	538.0	276.0
30696	276069	569.0	280.0
30708	276069	607.0	284.0
30720	276069	654.0	289.0
30732	276069	715.0	296.0
30744	276069	787.5	302.5
30756	276069	862.5	319.5
30768	276069	937.5	336.5
30228	276088	238.5	250.0
30240	276088	239.8	249.0
30252	276088	242.0	250.0
30264	276088	243.0	250.0
30276	276088	243.0	250.0
30288	276088	243.0	249.0
30300	276088	245.25	250.0
30312	276088	247.0	251.0
30324	276088	249.0	252.0
30336	276088	249.0	252.0
30348	276088	252.0	252.0
30360	276088	253.0	252.0
30372	276088	255.0	252.0
30384	276088	255.0	251.0
30396	276088	258.0	252.0
30408	276088	263.0	251.0
30420	276088	263.5	252.0
30432	276088	264.3636363636364	251.0909090909091
30444	276088	268.0	252.0
30456	276088	270.0	253.0
30468	276088	273.0	253.0
30480	276088	275.0	253.0
30492	276088	277.0	254.0
30504	276088	279.0	254.0
30516	276088	282.0	255.0
30528	276088	283.0	255.0
30540	276088	287.0	255.0
30552	276088	288.0	256.0
30564	276088	292.0	256.0
30576	276088	295.0	257.0
30588	276088	298.0	258.0
30600	276088	301.0	259.0
30612	276088	305.0	259.0
30624	276088	308.0	260.0
30636	276088	312.0	260.0
30648	276088	316.0	261.0
30660	276088	320.0	262.0
30672	276088	324.0	262.0
30684	276088	329.0	263.0
30696	276088	334.0	264.0
30708	276088	339.0	265.0
30720	276088	345.0	266.0
30732	276088	352.0	267.0
30744	276088	358.0	268.0
30756	276088	365.0	270.0
30768	276088	372.0	271.0
30780	276088	379.0	273.0
30792	276088	388.0	274.0
30804	276088	398.0	275.0
30816	276088	410.0	278.0
30828	276088	424.0	281.0
30840	276088	440.0	284.0
30852	276088	457.0	288.0
30864	276088	477.0	292.0
30876	276088	502.0	297.0
30888	276088	534.0	304.0
30900	276088	572.0	313.0
30912	276088	621.0	324.0
30924	276088	686.0	339.0
30936	276088	779.0	359.0
30948	276088	916.0	391.0
30960	276088	1008.0	444.0
30252	276096	201.0	248.0
30264	276096	207.0	249.0
30276	276096	212.0	250.0
30288	276096	216.0	250.0
30300	276096	221.0	251.0
30312	276096	223.0	252.0
30324	276096	228.0	251.0
30336	276096	230.0	250.0
30348	276096	232.0	251.0
30360	276096	234.0	251.0
30372	276096	239.0	251.0
30384	276096	239.0	250.0
30396	276096	241.0	250.0
30408	276096	244.0	251.0
30420	276096	246.0	251.0
30432	276096	248.0	251.0
30444	276096	248.0	252.0
30456	276096	251.0	252.0
30468	276096	252.0	252.0
30480	276096	253.0	252.0
30492	276096	255.33333333333334	253.0
30504	276096	256.0	253.0
30516	276096	257.0	252.0
30528	276096	262.0	253.0
30540	276096	264.0	253.0
30552	276096	266.0	253.0
30564	276096	268.5	253.0
30576	276096	271.53846153846155	253.0
30588	276096	272.5	255.0
30600	276096	277.0	255.0
30612	276096	280.0	255.0
30624	276096	284.0	256.0
30636	276096	284.0	254.0
30648	276096	283.0	254.0
30660	276096	286.0	253.0
30672	276096	289.0	253.0
30684	276096	292.0	254.0
30696	276096	293.0	255.0
30708	276096	295.0	255.0
30720	276096	296.0	255.0
30732	276096	298.0	256.0
30744	276096	300.0	256.0
30756	276096	304.0	257.0
30768	276096	307.0	257.0
30780	276096	308.0	258.0
30792	276096	311.0	259.0
30804	276096	315.0	260.0
30816	276096	319.0	260.0
30828	276096	322.0	262.0
30840	276096	327.0	262.0
30852	276096	330.0	263.0
30864	276096	334.0	265.0
30876	276096	340.0	266.0
30888	276096	345.0	266.0
30900	276096	350.0	267.0
30912	276096	356.0	268.0
30924	276096	363.0	270.0
30936	276096	370.0	272.0
30948	276096	379.0	273.0
30960	276096	389.0	275.0
30972	276096	400.0	277.0
30984	276096	414.0	280.0
30996	276096	430.0	284.0
31008	276096	447.0	288.0
31020	276096	468.0	292.0
31032	276096	494.0	298.0
31044	276096	527.0	306.0
31056	276096	568.0	315.0
31068	276096	620.0	328.0
31080	276096	692.0	343.0
31092	276096	794.0	366.0
31104	276096	953.0	403.0
31116	276096	1026.0	469.0
30684	276153	260.0	247.0
30696	276153	260.0	247.0
30708	276153	261.0	248.0
30720	276153	261.0	248.0
30732	276153	263.0	248.0
30744	276153	263.0	249.0
30756	276153	263.0	249.0
30768	276153	264.0	249.0
30780	276153	263.0	248.0
30792	276153	263.25	247.0
30804	276153	265.0	248.0
30816	276153	268.0	250.0
30828	276153	267.0	250.0
30840	276153	268.0	250.0
30852	276153	270.0	250.0
30864	276153	271.0	251.0
30876	276153	271.0	250.0
30888	276153	273.0	250.0
30900	276153	274.0	250.0
30912	276153	275.0	250.0
30924	276153	277.0	251.0
30936	276153	277.0	251.0
30948	276153	277.0	251.0
30960	276153	279.0	252.0
30972	276153	281.0	252.0
30984	276153	281.0	251.0
30996	276153	282.0	252.0
31008	276153	283.0	252.0
31020	276153	285.0	252.0
31032	276153	288.0	253.0
31044	276153	288.0	254.0
31056	276153	291.0	254.0
31068	276153	291.0	254.0
31080	276153	294.0	254.0
31092	276153	295.0	255.0
31104	276153	298.0	256.0
31116	276153	300.0	256.0
31128	276153	303.0	255.0
31140	276153	305.0	257.0
31152	276153	308.0	257.0
31164	276153	311.0	258.0
31176	276153	314.0	259.0
31188	276153	317.0	260.0
31200	276153	321.0	260.0
31212	276153	325.0	262.0
31224	276153	329.0	262.0
31236	276153	334.0	264.0
31248	276153	340.0	265.0
31260	276153	346.0	266.0
31272	276153	353.0	268.0
31284	276153	360.0	269.0
31296	276153	368.0	271.0
31308	276153	375.0	272.0
31320	276153	386.0	274.0
31332	276153	396.0	276.0
31344	276153	410.0	278.0
31356	276153	425.0	282.0
31368	276153	443.0	286.0
31380	276153	464.0	292.0
31392	276153	490.0	298.0
31404	276153	522.0	306.0
31416	276153	564.0	316.0
31428	276153	619.0	329.0
31440	276153	698.0	348.0
31452	276153	815.0	376.0
31464	276153	977.0	423.0
30756	276171	334.0	254.0
30768	276171	338.0	254.0
30780	276171	344.0	255.0
30792	276171	348.0	254.0
30804	276171	353.0	256.0
30816	276171	360.0	256.0
30828	276171	367.0	257.0
30840	276171	376.0	258.0
30852	276171	384.0	259.0
30864	276171	393.0	260.0
30876	276171	402.0	261.0
30888	276171	412.0	262.0
30900	276171	422.0	263.0
30912	276171	433.0	265.0
30924	276171	445.0	266.0
30936	276171	459.0	268.0
30948	276171	474.0	269.0
30960	276171	491.0	271.0
30972	276171	511.0	273.0
30984	276171	536.0	276.0
30996	276171	563.0	279.0
31008	276171	597.0	283.0
31020	276171	637.0	288.0
31032	276171	688.0	295.0
31044	276171	755.0	303.0
31056	276171	842.0	315.0
31068	276171	960.0	329.0
31080	276171	1009.0	360.0
30828	276181	296.0	248.0
30840	276181	297.0	247.0
30852	276181	298.0	248.0
30864	276181	301.0	248.0
30876	276181	304.0	250.0
30888	276181	305.0	250.0
30900	276181	306.0	250.0
30912	276181	309.0	250.0
30924	276181	310.0	250.0
30936	276181	312.0	251.0
30948	276181	316.0	251.0
30960	276181	318.0	250.0
30972	276181	320.0	250.0
30984	276181	322.0	251.0
30996	276181	326.0	251.0
31008	276181	328.0	252.0
31020	276181	331.0	252.0
31032	276181	335.0	253.0
31044	276181	339.0	253.0
31056	276181	343.0	254.0
31068	276181	347.0	254.0
31080	276181	352.0	254.0
31092	276181	357.0	255.0
31104	276181	362.0	256.0
31116	276181	368.0	256.0
31128	276181	374.0	257.0
31140	276181	381.0	258.0
31152	276181	389.0	259.0
31164	276181	396.0	260.0
31176	276181	405.0	261.0
31188	276181	415.0	262.0
31200	276181	426.0	263.0
31212	276181	437.0	266.0
31224	276181	451.0	266.0
31236	276181	466.0	268.0
31248	276181	483.0	270.0
31260	276181	503.0	272.0
31272	276181	526.0	274.0
31284	276181	553.0	278.0
31296	276181	587.0	282.0
31308	276181	628.0	287.0
31320	276181	678.0	293.0
31332	276181	744.0	301.0
31344	276181	832.0	312.0
31356	276181	956.0	328.0
31368	276181	1009.0	358.0
30936	276204	295.0	248.0
30948	276204	296.0	246.0
30960	276204	298.0	247.0
30972	276204	300.0	247.0
30984	276204	301.0	247.0
30996	276204	303.0	249.0
31008	276204	304.0	249.0
31020	276204	308.0	249.0
31032	276204	308.0	250.0
31044	276204	311.0	250.0
31056	276204	312.0	249.0
31068	276204	314.0	250.0
31080	276204	316.0	250.0
31092	276204	318.0	251.0
31104	276204	320.0	250.0
31116	276204	322.0	250.0
31128	276204	324.0	251.0
31140	276204	327.0	251.0
31152	276204	330.0	252.0
31164	276204	331.0	252.0
31176	276204	335.0	251.0
31188	276204	338.0	253.0
31200	276204	342.0	253.0
31212	276204	346.0	253.0
31224	276204	350.0	253.0
31236	276204	355.0	254.0
31248	276204	360.0	255.0
31260	276204	364.0	255.0
31272	276204	370.0	256.0
31284	276204	376.0	257.0
31296	276204	381.0	257.0
31308	276204	389.0	258.0
31320	276204	396.0	259.0
31332	276204	405.0	261.0
31080	276239	272.0	250.0
31092	276239	273.0	251.0
31104	276239	274.0	251.0
31116	276239	275.0	251.0
31128	276239	278.0	252.0
31140	276239	277.0	251.0
31152	276239	280.0	252.0
31164	276239	281.0	252.0
31176	276239	283.0	254.0
31188	276239	286.0	253.0
31200	276239	288.0	253.0
31212	276239	289.0	254.0
31224	276239	292.0	255.0
31236	276239	294.0	255.0
31248	276239	296.0	256.0
31260	276239	298.0	256.0
31272	276239	301.0	256.0
31284	276239	304.0	256.0
31296	276239	308.0	258.0
31308	276239	311.0	259.0
31320	276239	313.0	259.0
31332	276239	318.0	260.0
31344	276239	322.0	260.0
31356	276239	326.0	261.0
31368	276239	331.0	262.0
31380	276239	336.0	263.0
31392	276239	342.0	265.0
31404	276239	347.0	266.0
31416	276239	354.0	267.0
31428	276239	361.0	269.0
31440	276239	368.0	271.0
31452	276239	377.0	272.0
31464	276239	387.0	274.0
31476	276239	399.0	276.0
31488	276239	413.0	279.0
31500	276239	429.0	281.0
31512	276239	447.0	285.0
31524	276239	469.0	290.0
31536	276239	495.0	296.0
31548	276239	526.0	303.0
31560	276239	568.0	313.0
31572	276239	622.0	325.0
31584	276239	695.0	342.0
31596	276239	801.0	365.0
31608	276239	962.0	405.0
31236	276264	273.0	250.0
31248	276264	272.0	250.0
31260	276264	273.0	251.0
31272	276264	278.0	252.0
31284	276264	281.0	252.0
31296	276264	281.0	252.0
31308	276264	283.0	252.0
31320	276264	285.0	252.0
31332	276264	287.0	253.0
31344	276264	289.0	254.0
31356	276264	292.0	254.0
31368	276264	295.0	254.0
31380	276264	296.0	255.0
31392	276264	297.0	255.0
31404	276264	300.0	255.0
31416	276264	303.0	256.0
31428	276264	305.0	257.0
31440	276264	308.0	257.0
31452	276264	310.0	258.0
31464	276264	313.0	259.0
31476	276264	316.0	259.0
31488	276264	319.0	259.0
31500	276264	322.0	260.0
31512	276264	326.0	261.0
31524	276264	330.0	262.0
31536	276264	335.0	263.0
31548	276264	340.0	264.0
31560	276264	345.0	265.0
31572	276264	350.0	267.0
31584	276264	357.0	268.0
31596	276264	364.0	270.0
31608	276264	371.0	271.0
31620	276264	380.0	272.0
31632	276264	388.0	274.0
31644	276264	400.0	276.0
31656	276264	413.0	279.0
31668	276264	427.0	282.0
31680	276264	444.0	285.0
31692	276264	465.0	290.0
31704	276264	488.0	295.0
31716	276264	511.5	300.0
31728	276264	542.0	308.0
31740	276264	584.0	317.0
31752	276264	646.0	330.0
31764	276264	725.0	346.6666666666667
31776	276264	827.0	369.0
31788	276264	968.3333333333334	407.0
31272	276269	260.0	247.0
31284	276269	260.0	247.0
31296	276269	261.0	246.0
31308	276269	261.0	247.0
31320	276269	261.0	247.0
31332	276269	261.0	247.0
31344	276269	262.0	247.0
31356	276269	262.0	248.0
31368	276269	262.0	248.0
31380	276269	261.0	248.0
31392	276269	261.0	248.0
31404	276269	262.0	248.0
31416	276269	263.0	248.0
31428	276269	263.0	248.0
31440	276269	264.0	249.0
31452	276269	263.0	249.0
31464	276269	265.0	250.0
31476	276269	265.0	250.0
31488	276269	266.0	249.0
31500	276269	267.0	249.0
31512	276269	268.0	250.0
31524	276269	268.0	250.0
31536	276269	269.0	250.0
31548	276269	270.0	250.0
31560	276269	271.0	250.0
31572	276269	271.0	250.0
31584	276269	272.0	251.0
31596	276269	273.0	250.0
31608	276269	274.0	251.0
31620	276269	276.0	250.0
31632	276269	277.0	251.0
31644	276269	278.0	252.0
31656	276269	280.0	252.0
31668	276269	281.0	252.0
31680	276269	282.0	252.0
31692	276269	283.0	253.0
31704	276269	285.0	254.0
31716	276269	287.0	254.0
31728	276269	288.0	254.0
31740	276269	290.0	255.0
31752	276269	292.0	255.0
31764	276269	293.0	255.0
31776	276269	295.0	256.0
31788	276269	297.0	257.0
31800	276269	299.0	258.0
31812	276269	302.0	258.0
31824	276269	305.0	259.0
31836	276269	308.0	259.0
31848	276269	311.0	260.0
31860	276269	315.0	261.0
31872	276269	319.0	261.0
31884	276269	324.0	262.0
31896	276269	327.0	263.0
31908	276269	332.0	264.0
31920	276269	336.0	265.0
31932	276269	341.0	266.0
31944	276269	346.0	267.0
31956	276269	353.0	269.0
31968	276269	359.0	271.0
31980	276269	367.0	273.0
31992	276269	375.0	274.0
32004	276269	384.0	276.0
32016	276269	396.0	278.0
32028	276269	408.0	280.0
32040	276269	422.0	284.0
32052	276269	439.0	287.0
32064	276269	459.0	292.0
32076	276269	486.0	298.0
32088	276269	517.0	306.0
32100	276269	559.0	316.0
32112	276269	613.0	329.0
32124	276269	687.0	346.0
32136	276269	798.0	371.0
32148	276269	965.0	412.0
32160	276269	1030.0	470.0
31332	276281	342.0	255.0
31344	276281	349.0	256.0
31356	276281	360.0	257.0
31368	276281	369.0	258.0
31380	276281	375.0	258.0
31392	276281	385.0	260.0
31404	276281	392.0	260.0
31416	276281	400.0	262.0
31428	276281	409.0	263.0
31440	276281	419.0	264.0
31452	276281	430.0	266.0
31464	276281	443.0	267.0
31476	276281	456.0	269.0
31488	276281	476.0	271.0
31500	276281	493.0	272.0
31512	276281	518.0	274.0
31524	276281	543.0	278.0
31536	276281	575.0	281.0
31548	276281	611.0	286.0
31560	276281	656.0	292.0
31572	276281	715.0	298.0
31584	276281	795.0	308.0
31596	276281	905.0	322.0
31608	276281	989.0	341.0
31476	276311	347.0	256.0
31488	276311	354.0	255.0
31500	276311	365.0	257.0
31512	276311	375.0	257.0
31524	276311	386.0	260.0
31536	276311	394.0	260.0
31548	276311	404.0	262.0
31560	276311	412.0	262.0
31572	276311	422.0	264.0
31584	276311	433.0	266.0
31596	276311	445.0	267.0
31608	276311	459.0	269.0
31620	276311	476.0	270.0
31632	276311	496.0	273.0
31644	276311	517.0	275.0
31656	276311	543.0	278.0
31668	276311	575.0	282.0
31680	276311	613.0	286.0
31692	276311	660.0	292.0
31704	276311	719.0	300.0
31716	276311	799.0	309.0
31728	276311	905.0	325.0
31740	276311	990.0	344.0
31548	276328	285.0	246.0
31560	276328	286.0	246.0
31572	276328	286.0	247.0
31584	276328	287.0	245.0
31596	276328	288.0	246.0
31608	276328	289.0	247.0
31620	276328	291.0	247.0
31632	276328	292.0	248.0
31644	276328	292.0	248.0
31656	276328	293.0	248.0
31668	276328	295.0	248.0
31680	276328	295.0	248.0
31692	276328	297.0	248.0
31704	276328	299.0	248.0
31716	276328	299.0	247.0
31728	276328	301.0	249.0
31740	276328	303.0	249.0
31752	276328	305.0	250.0
31764	276328	306.0	250.0
31776	276328	308.0	249.0
31788	276328	310.0	250.0
31800	276328	312.0	250.0
31812	276328	313.0	250.0
31824	276328	316.0	251.0
31836	276328	318.0	251.0
31848	276328	320.0	250.0
31860	276328	322.0	250.0
31752	276406	194.0	246.0
31764	276406	198.0	247.0
31776	276406	204.0	248.0
31788	276406	208.0	250.0
31800	276406	213.0	250.0
31812	276406	216.0	251.0
31824	276406	220.0	251.0
31836	276406	224.0	251.0
31848	276406	229.0	251.0
31860	276406	231.0	251.0
31872	276406	233.0	251.0
31884	276406	239.0	251.0
31896	276406	241.0	251.0
31908	276406	243.0	251.0
31920	276406	245.0	251.0
31932	276406	247.0	251.0
31944	276406	249.0	251.0
31956	276406	249.71428571428572	250.28571428571428
31968	276406	251.0	251.0
31980	276406	251.0	251.0
31992	276406	252.0	252.0
32004	276406	252.0	252.0
32016	276406	253.0	252.0
32028	276406	253.0	253.0
32040	276406	252.0	252.0
32052	276406	253.0	253.0
32064	276406	253.0	253.0
32076	276406	253.0	253.0
32088	276406	253.0	254.0
32100	276406	253.0	254.0
32112	276406	253.0	254.0
32124	276406	254.0	255.0
32136	276406	255.0	255.0
32148	276406	256.0	255.0
32160	276406	257.0	256.0
32172	276406	258.0	256.0
32184	276406	260.0	257.0
32196	276406	262.0	257.0
32208	276406	264.0	257.0
32220	276406	267.0	258.0
32232	276406	271.0	259.0
32244	276406	275.0	259.0
32256	276406	278.0	259.0
32268	276406	282.0	260.0
32280	276406	285.0	261.0
32292	276406	289.0	261.0
32304	276406	295.0	262.0
32316	276406	300.0	263.0
32328	276406	306.0	263.0
32340	276406	312.0	264.0
32352	276406	317.0	265.0
32364	276406	325.0	266.0
32376	276406	332.0	267.0
32388	276406	339.0	268.0
32400	276406	348.0	269.0
32412	276406	356.0	271.0
32424	276406	366.0	272.0
32436	276406	379.0	273.0
32448	276406	390.0	275.0
32460	276406	402.0	277.0
32472	276406	418.0	280.0
32484	276406	436.0	282.0
32496	276406	451.0	286.0
32508	276406	471.0	290.0
32520	276406	498.0	296.0
32532	276406	526.0	302.0
32544	276406	558.0	310.0
32556	276406	604.0	319.0
32568	276406	660.0	332.0
32580	276406	743.0	349.0
32592	276406	855.0	375.0
32604	276406	982.0	413.0
32616	276406	1018.0	446.0
31896	276448	296.0	248.0
31908	276448	298.0	249.0
31920	276448	299.0	248.0
31932	276448	301.0	249.0
31944	276448	304.0	249.0
31956	276448	306.0	250.0
31968	276448	306.0	250.0
31980	276448	308.0	250.0
31992	276448	310.0	250.0
32004	276448	310.0	250.0
32016	276448	313.0	250.0
32028	276448	315.0	251.0
32040	276448	318.0	251.0
32052	276448	320.0	251.0
32064	276448	320.0	250.0
32076	276448	323.0	250.0
32088	276448	327.0	252.0
32100	276448	329.0	252.0
32112	276448	332.0	252.0
32124	276448	334.0	252.0
32136	276448	338.0	253.0
32148	276448	342.0	254.0
32160	276448	347.0	254.0
32172	276448	351.0	254.0
32184	276448	356.0	255.0
32196	276448	361.0	255.0
32208	276448	366.0	256.0
32220	276448	372.0	257.0
32232	276448	378.0	258.0
32244	276448	385.0	259.0
32256	276448	392.0	259.0
32268	276448	400.0	260.0
32280	276448	409.0	262.0
32292	276448	418.0	263.0
32304	276448	429.0	264.0
32316	276448	440.0	265.0
32328	276448	453.0	267.0
32340	276448	469.0	269.0
32352	276448	486.0	271.0
32364	276448	506.0	273.0
32376	276448	529.0	275.0
32388	276448	558.0	279.0
32400	276448	591.0	282.0
32412	276448	633.0	287.0
32424	276448	685.0	293.0
32436	276448	752.0	301.0
32448	276448	843.0	312.0
32460	276448	964.0	328.0
32472	276448	1008.0	355.0
31932	276450	273.0	249.0
31944	276450	273.55	249.0
31956	276450	274.0	250.0
31968	276450	275.0	250.0
31980	276450	275.0	250.0
31992	276450	277.0	251.0
32004	276450	277.0	250.0
32016	276450	279.0	251.0
32028	276450	279.0	251.0
32040	276450	281.0	251.0
32052	276450	282.0	252.0
32064	276450	282.3333333333333	251.33333333333334
32076	276450	285.0	252.0
32088	276450	286.0	253.0
32100	276450	287.0	253.0
32112	276450	288.0	254.0
32124	276450	289.0	254.0
32136	276450	291.0	253.0
32148	276450	294.0	255.0
32160	276450	295.0	256.0
32172	276450	298.0	256.0
32184	276450	302.0	256.0
32196	276450	304.0	256.0
32208	276450	307.0	257.0
32220	276450	311.0	258.0
32232	276450	314.0	259.0
32244	276450	318.0	260.0
32256	276450	322.0	260.0
32268	276450	327.0	261.0
32280	276450	332.0	263.0
32292	276450	337.0	263.0
32304	276450	341.0	265.0
32316	276450	347.0	266.0
32328	276450	353.0	267.0
32340	276450	360.0	269.0
32352	276450	367.0	270.0
32364	276450	376.0	272.0
32376	276450	385.0	274.0
32388	276450	397.0	276.0
32400	276450	409.0	277.0
32412	276450	425.0	282.0
32424	276450	443.0	286.0
32436	276450	464.0	291.0
32448	276450	491.0	297.0
32460	276450	525.0	305.0
32472	276450	569.0	316.0
32484	276450	631.0	330.0
32496	276450	715.0	350.0
32508	276450	851.0	380.0
32520	276450	999.0	435.0
32028	276458	352.0	258.0
32040	276458	360.0	259.0
32052	276458	370.0	259.0
32064	276458	381.0	259.0
32076	276458	393.0	260.0
32088	276458	401.0	261.0
32100	276458	410.0	262.0
32112	276458	419.0	263.0
32124	276458	429.0	265.0
32136	276458	441.0	265.0
32148	276458	454.0	267.0
32160	276458	468.0	269.0
32172	276458	484.0	270.0
32184	276458	502.0	272.0
32196	276458	523.0	274.0
32208	276458	549.0	277.0
32220	276458	577.0	280.0
32232	276458	611.0	285.0
32244	276458	655.0	290.0
32256	276458	707.0	297.0
32268	276458	773.0	305.0
32280	276458	862.0	317.0
32292	276458	969.0	330.0
32052	276462	299.0	249.0
32064	276462	300.0	248.0
32076	276462	301.0	248.0
32088	276462	304.3076923076923	249.0
32100	276462	308.0	249.0
32112	276462	308.0	250.0
32124	276462	310.0	250.0
32136	276462	312.0	250.0
32148	276462	315.0	250.0
32160	276462	318.0	250.0
32172	276462	321.0	251.0
32184	276462	324.0	252.0
32196	276462	327.0	252.0
32208	276462	330.0	252.0
32220	276462	333.0	253.0
32232	276462	335.0	253.0
32244	276462	338.0	254.0
32256	276462	344.0	254.0
32268	276462	348.0	254.0
32280	276462	352.0	255.0
32292	276462	360.0	256.0
32304	276462	366.0	257.0
32316	276462	370.0	258.0
32328	276462	380.0	258.0
32340	276462	389.0	260.0
32352	276462	397.0	260.0
32364	276462	406.0	262.0
32376	276462	418.0	263.0
32388	276462	427.0	263.0
32400	276462	442.0	265.0
32412	276462	457.0	267.0
32424	276462	475.0	269.0
32436	276462	494.0	271.0
32448	276462	514.0	273.0
32460	276462	537.0	276.0
32472	276462	557.0	261.0
32208	276495	338.0	252.0
32220	276495	342.0	254.0
32232	276495	346.0	255.0
32244	276495	352.0	256.0
32256	276495	357.0	257.0
32268	276495	364.0	258.0
32280	276495	371.0	258.0
32292	276495	378.0	259.0
32304	276495	386.0	261.0
32316	276495	395.0	261.0
32328	276495	405.0	262.0
32340	276495	415.0	264.0
32352	276495	428.0	265.0
32364	276495	443.0	266.0
32376	276495	458.0	268.0
32388	276495	474.0	270.0
32400	276495	493.0	271.0
32412	276495	515.0	274.0
32424	276495	540.0	277.0
32436	276495	571.0	280.0
32448	276495	606.0	284.0
32460	276495	651.0	290.0
32472	276495	709.0	297.0
32484	276495	783.0	306.0
32496	276495	886.0	320.0
32508	276495	978.0	337.0
32340	276525	271.0	253.0
32352	276525	276.0	252.0
32364	276525	281.0	253.0
32376	276525	279.0	253.0
32388	276525	281.0	254.0
32400	276525	283.0	254.0
32412	276525	285.0	255.0
32424	276525	288.0	254.0
32436	276525	287.0	255.0
32448	276525	290.0	255.0
32460	276525	293.0	256.0
32472	276525	294.0	256.0
32484	276525	297.0	257.0
32496	276525	301.0	257.0
32508	276525	304.0	258.0
32520	276525	306.0	258.0
32532	276525	309.0	260.0
32544	276525	311.0	260.0
32556	276525	315.0	261.0
32568	276525	320.0	262.0
32580	276525	323.0	262.0
32592	276525	327.0	263.0
32604	276525	331.0	264.0
32616	276525	337.0	265.0
32628	276525	342.0	266.0
32640	276525	348.0	267.0
32652	276525	354.0	268.0
32664	276525	361.0	270.0
32676	276525	370.0	271.0
32688	276525	379.0	273.0
32700	276525	388.0	274.0
32712	276525	400.0	275.0
32724	276525	413.0	278.0
32736	276525	428.0	281.0
32748	276525	445.0	284.0
32760	276525	463.0	289.0
32772	276525	488.0	293.0
32784	276525	515.0	299.0
32796	276525	547.0	307.0
32808	276525	589.0	315.0
32820	276525	642.0	328.0
32832	276525	714.0	343.0
32844	276525	816.0	364.0
32856	276525	961.0	398.0
32868	276525	1022.0	455.0
32412	276547	257.72727272727275	246.0
32424	276547	257.8	246.0
32436	276547	258.45	246.0
32448	276547	259.35	246.0
32460	276547	260.25	246.0
32472	276547	260.0	246.5
32484	276547	260.5	247.0
32496	276547	262.0	247.0
32508	276547	263.0	247.0
32520	276547	264.0769230769231	247.92307692307693
32532	276547	265.0	247.0
32544	276547	265.0	248.0
32556	276547	265.0	247.66666666666666
32568	276547	266.0	247.0
32580	276547	266.0	248.0
32592	276547	266.0	247.0
32604	276547	267.0	249.0
32616	276547	268.25	247.0
32628	276547	269.0	249.0
32640	276547	270.875	249.0
32652	276547	271.0	250.0
32664	276547	272.0	250.0
32676	276547	273.0	249.0
32688	276547	274.0	249.0
32700	276547	274.0	249.0
32712	276547	275.0	250.0
32724	276547	276.0	250.0
32736	276547	278.0	250.0
32748	276547	279.0	251.0
32760	276547	281.0	251.0
32772	276547	282.0	251.0
32784	276547	283.0	251.0
32796	276547	284.0	252.0
32808	276547	285.0	252.0
32820	276547	287.0	252.0
32832	276547	288.0	253.0
32844	276547	289.0	253.0
32856	276547	291.0	254.0
32868	276547	292.0	254.0
32880	276547	294.0	254.0
32892	276547	297.0	255.0
32904	276547	299.0	255.0
32916	276547	301.0	256.0
32928	276547	303.0	256.0
32940	276547	306.0	257.0
32952	276547	308.0	258.0
32964	276547	312.0	259.0
32976	276547	315.0	260.0
32988	276547	319.0	260.0
33000	276547	323.0	262.0
33012	276547	327.0	263.0
33024	276547	332.0	264.0
33036	276547	337.0	265.0
33048	276547	343.0	266.0
33060	276547	349.0	267.0
33072	276547	356.0	269.0
33084	276547	364.0	270.0
33096	276547	372.0	272.0
33108	276547	381.0	273.0
33120	276547	393.0	275.0
33132	276547	406.0	277.0
33144	276547	421.0	279.0
33156	276547	439.0	283.0
33168	276547	460.0	287.0
33180	276547	486.0	292.0
33192	276547	516.0	299.0
33204	276547	555.0	308.0
33216	276547	604.0	319.0
33228	276547	671.0	334.0
33240	276547	769.0	355.0
33252	276547	921.0	391.0
33264	276547	1021.0	453.0
32424	276555	305.0	256.0
32436	276555	306.0	257.0
32448	276555	312.0	258.0
32460	276555	317.0	258.0
32472	276555	319.0	259.0
32484	276555	328.0	261.0
32496	276555	335.0	262.0
32508	276555	341.0	263.0
32520	276555	346.0	265.0
32532	276555	353.0	266.0
32544	276555	358.0	267.0
32556	276555	365.0	268.0
32568	276555	371.0	270.0
32580	276555	379.0	271.0
32592	276555	387.0	272.0
32604	276555	397.0	274.0
32616	276555	408.0	276.0
32628	276555	419.0	278.0
32640	276555	433.0	280.0
32652	276555	448.0	283.0
32664	276555	465.0	287.0
32676	276555	485.0	291.0
32688	276555	508.0	296.0
32700	276555	536.0	302.0
32712	276555	570.0	310.0
32724	276555	613.0	320.0
32736	276555	666.0	332.0
32748	276555	739.0	347.0
32760	276555	846.0	370.0
32772	276555	976.0	405.0
32784	276555	1019.0	458.0
32496	276591	278.0	249.0
32508	276591	280.0	249.0
32520	276591	282.0	249.0
32532	276591	283.0	248.0
32544	276591	285.0	248.0
32556	276591	286.0	248.0
32568	276591	287.0	248.0
32580	276591	288.0	248.0
32592	276591	289.0	248.0
32604	276591	289.0	249.0
32616	276591	290.0	248.0
32628	276591	291.0	248.0
32640	276591	293.0	247.0
32652	276591	295.0	248.0
32664	276591	296.0	248.0
32676	276591	298.0	249.0
32688	276591	299.0	249.0
32700	276591	300.0	249.0
32712	276591	303.0	250.0
32724	276591	305.0	249.0
32736	276591	307.0	250.0
32748	276591	309.0	250.0
32760	276591	311.0	250.0
32772	276591	313.0	251.0
32784	276591	316.0	251.0
32796	276591	318.0	251.0
32808	276591	320.0	251.0
32820	276591	322.0	251.0
32832	276591	326.0	252.0
32844	276591	329.0	253.0
32856	276591	332.0	253.0
32868	276591	335.0	253.0
32880	276591	339.0	254.0
32892	276591	342.0	254.0
32904	276591	347.0	254.0
32916	276591	351.0	255.0
32928	276591	356.0	256.0
32940	276591	361.0	256.0
32952	276591	366.0	257.0
32964	276591	372.0	257.0
32976	276591	378.0	259.0
32988	276591	385.0	260.0
33000	276591	392.0	261.0
33012	276591	400.0	262.0
33024	276591	408.0	263.0
33036	276591	417.0	265.0
33048	276591	428.0	266.0
33060	276591	440.0	268.0
33072	276591	452.0	270.0
33084	276591	468.0	271.0
33096	276591	485.0	273.0
33108	276591	506.0	275.0
33120	276591	529.0	277.0
33132	276591	557.0	281.0
33144	276591	591.0	286.0
33156	276591	635.0	291.0
33168	276591	688.0	299.0
33180	276591	758.0	307.0
33192	276591	856.0	320.0
33204	276591	973.0	339.0
32532	276608	363.0	258.0
32544	276608	368.0	259.0
32556	276608	381.0	258.0
32568	276608	397.0	260.0
32580	276608	407.0	262.0
32592	276608	419.0	263.0
32604	276608	428.0	264.0
32616	276608	440.0	265.0
32628	276608	453.0	266.0
32640	276608	467.0	268.0
32652	276608	482.0	270.0
32664	276608	501.0	272.0
32676	276608	522.0	274.0
32688	276608	546.0	278.0
32700	276608	576.0	281.0
32712	276608	612.0	285.0
32724	276608	656.0	290.0
32736	276608	712.0	296.0
32748	276608	784.0	305.0
32760	276608	882.0	317.0
32772	276608	985.0	323.0
32784	276662	197.0	247.0
32796	276662	201.0	248.0
32808	276662	208.0	248.0
32820	276662	214.0	250.0
32832	276662	218.0	250.0
32844	276662	221.94444444444446	250.72222222222223
32856	276662	226.61111111111111	250.05555555555554
32868	276662	229.25	250.5625
32880	276662	232.66666666666666	251.0
32892	276662	234.6	250.9
32904	276662	237.0	250.5
32916	276662	239.4	250.1
32928	276662	243.0	251.0
32940	276662	245.0	251.0
32952	276662	246.0	251.0
32964	276662	248.0	251.0
32976	276662	251.0	251.0
32988	276662	253.0	252.0
33000	276662	255.0	252.0
33012	276662	257.0	252.0
33024	276662	259.0	253.0
33036	276662	261.0	253.0
33048	276662	263.0	254.0
33060	276662	266.0	253.0
33072	276662	268.0	254.0
33084	276662	271.0	254.0
33096	276662	273.0	253.0
33108	276662	276.0	253.0
33120	276662	278.0	254.0
33132	276662	281.0	254.0
33144	276662	284.0	254.0
33156	276662	286.0	254.0
33168	276662	289.0	255.0
33180	276662	291.0	255.0
33192	276662	293.0	255.0
33204	276662	295.0	256.0
33216	276662	297.0	256.0
33228	276662	300.0	257.0
33240	276662	303.0	257.0
33252	276662	305.0	258.0
33264	276662	308.0	259.0
33276	276662	311.0	260.0
33288	276662	315.0	260.0
33300	276662	319.0	260.0
33312	276662	324.0	261.0
33324	276662	328.0	262.0
33336	276662	334.0	264.0
33348	276662	340.0	265.0
33360	276662	345.0	265.0
33372	276662	353.0	267.0
33384	276662	360.0	268.0
33396	276662	369.0	270.0
33408	276662	378.0	271.0
33420	276662	389.0	272.0
33432	276662	401.0	274.0
33444	276662	415.0	276.0
33456	276662	430.0	280.0
33468	276662	447.0	283.0
33480	276662	468.0	288.0
33492	276662	491.0	293.0
33504	276662	521.0	299.0
33516	276662	559.0	307.0
33528	276662	607.0	318.0
33540	276662	674.0	332.0
33552	276662	767.0	352.0
33564	276662	914.0	383.0
33576	276662	1015.0	436.0
32940	276680	283.0	251.0
32952	276680	284.3636363636364	250.8181818181818
32964	276680	285.0	250.0
32976	276680	288.0	254.0
32988	276680	290.0	253.0
33000	276680	293.0	254.0
33012	276680	296.0	255.0
33024	276680	300.0	256.0
33036	276680	301.0	257.0
33048	276680	306.0	259.0
33060	276680	309.0	260.0
33072	276680	313.0	260.0
33084	276680	316.0	262.0
33096	276680	321.0	262.0
33108	276680	325.0	262.0
33120	276680	331.0	263.0
33132	276680	336.0	264.0
33144	276680	342.0	265.0
33156	276680	349.0	267.0
33168	276680	357.0	268.0
33180	276680	365.0	270.0
33192	276680	374.0	271.0
33204	276680	384.0	273.0
33216	276680	396.0	276.0
33228	276680	411.0	278.0
33240	276680	427.0	282.0
33252	276680	446.0	286.0
33264	276680	470.0	292.0
33276	276680	499.0	299.0
33288	276680	535.0	308.0
33300	276680	584.0	320.0
33312	276680	651.0	336.0
33324	276680	749.0	358.0
33336	276680	908.0	397.0
32976	276681	199.0	248.0
32988	276681	205.0	249.0
33000	276681	212.0	250.0
33012	276681	215.0	250.0
33024	276681	219.0	251.0
33036	276681	223.0	251.0
33048	276681	227.0	251.0
33060	276681	228.0	252.0
33072	276681	232.0	252.0
33084	276681	234.0	252.0
33096	276681	236.0	252.0
33108	276681	238.0	251.0
33120	276681	239.0	251.0
33132	276681	240.0	251.0
33144	276681	241.0	251.0
33156	276681	242.0	251.0
33168	276681	243.0	252.0
33180	276681	244.0	252.0
33192	276681	244.0	252.0
33204	276681	245.0	252.0
33216	276681	246.0	253.0
33228	276681	246.0	253.0
33240	276681	247.0	253.0
33252	276681	248.0	253.0
33264	276681	248.0	253.0
33276	276681	250.0	254.0
33288	276681	253.0	254.0
33300	276681	253.0	253.0
33312	276681	255.0	254.0
33324	276681	258.0	255.0
33336	276681	260.0	255.0
33348	276681	262.0	256.0
33360	276681	265.0	256.0
33372	276681	267.0	256.0
33384	276681	270.0	256.0
33396	276681	273.0	257.0
33408	276681	276.0	258.0
33420	276681	279.0	257.0
33432	276681	282.0	258.0
33444	276681	285.0	259.0
33456	276681	288.0	260.0
33468	276681	293.0	261.0
33480	276681	297.0	261.0
33492	276681	301.0	262.0
33504	276681	306.0	263.0
33516	276681	312.0	264.0
33528	276681	317.0	265.0
33540	276681	324.0	266.0
33552	276681	330.0	268.0
33564	276681	338.0	268.0
33576	276681	346.0	270.0
33588	276681	355.0	271.0
33600	276681	365.0	273.0
33612	276681	376.0	274.0
33624	276681	390.0	277.0
33636	276681	404.0	278.0
33648	276681	421.0	281.0
33660	276681	442.0	285.0
33672	276681	465.0	289.0
33684	276681	493.0	295.0
33696	276681	526.0	302.0
33708	276681	571.0	310.0
33720	276681	624.0	321.0
33732	276681	698.0	335.0
33744	276681	808.0	357.0
33756	276681	963.0	391.0
33768	276681	1019.0	432.0
33168	276698	197.0	246.0
33180	276698	203.0	247.0
33192	276698	209.0	249.0
33204	276698	215.0	250.0
33216	276698	218.0	250.0
33228	276698	221.0	250.0
33240	276698	224.0	250.0
33252	276698	227.0	250.0
33264	276698	230.0	250.0
33276	276698	231.0	250.0
33288	276698	231.0	250.0
33300	276698	234.0	251.0
33312	276698	236.0	250.0
33324	276698	238.0	250.0
33336	276698	240.5	250.0
33348	276698	241.83333333333334	250.0
33360	276698	243.58823529411765	250.0
33372	276698	246.0	251.0
33384	276698	246.77777777777777	251.0
33396	276698	249.0	251.0
33408	276698	250.0	251.0
33420	276698	254.0	252.0
33432	276698	255.0	252.0
33444	276698	258.6666666666667	252.0
33456	276698	263.0	252.0
33468	276698	265.0	254.0
33480	276698	267.0	254.0
33492	276698	271.0	255.0
33504	276698	274.0	254.0
33516	276698	277.0	255.0
33528	276698	282.0	254.0
33540	276698	285.0	256.0
33552	276698	289.0	256.0
33564	276698	294.0	256.0
33576	276698	299.0	257.0
33588	276698	303.0	258.0
33600	276698	310.0	258.0
33612	276698	314.0	259.0
33624	276698	320.0	259.0
33636	276698	324.0	260.0
33648	276698	331.0	260.0
33660	276698	335.0	261.0
33672	276698	340.0	262.0
33684	276698	346.0	263.0
33696	276698	352.0	264.0
33708	276698	358.0	265.0
33720	276698	364.0	266.0
33732	276698	371.0	268.0
33744	276698	379.0	269.0
33756	276698	388.0	271.0
33768	276698	398.0	272.0
33780	276698	410.0	274.0
33792	276698	422.0	276.0
33804	276698	437.0	279.0
33816	276698	455.0	283.0
33828	276698	475.0	286.0
33840	276698	499.0	292.0
33852	276698	527.0	297.0
33864	276698	561.0	305.0
33876	276698	605.0	314.0
33888	276698	665.0	328.0
33900	276698	746.0	345.0
33912	276698	861.0	372.0
33924	276698	989.0	414.0
33936	276698	1026.0	445.0
33192	276701	327.0	253.0
33204	276701	333.0	254.0
33216	276701	340.0	255.0
33228	276701	348.0	255.0
33240	276701	356.0	257.0
33252	276701	362.0	257.0
33264	276701	367.0	258.0
33276	276701	374.0	259.0
33288	276701	381.0	260.0
33300	276701	388.0	260.0
33312	276701	396.0	261.0
33324	276701	405.0	262.0
33336	276701	415.0	264.0
33348	276701	426.0	265.0
33360	276701	438.0	267.0
33372	276701	452.0	268.0
33384	276701	468.0	270.0
33396	276701	486.0	272.0
33408	276701	506.0	274.0
33420	276701	531.0	277.0
33432	276701	560.0	281.0
33444	276701	597.0	286.0
33456	276701	643.0	292.0
33468	276701	700.0	299.0
33480	276701	781.0	310.0
33492	276701	888.0	324.0
33504	276701	987.0	344.0
33516	276767	262.0	249.0
33528	276767	265.0	250.0
33540	276767	265.0	249.0
33552	276767	267.0	250.0
33564	276767	270.0	250.0
33576	276767	271.0	251.0
33588	276767	273.0	250.0
33600	276767	275.0	250.0
33612	276767	275.0	250.0
33624	276767	276.0	250.0
33636	276767	277.0	251.0
33648	276767	278.0	251.0
33660	276767	279.0	251.0
33672	276767	280.0	251.0
33684	276767	281.0	251.0
33696	276767	282.0	251.0
33708	276767	283.0	252.0
33720	276767	284.0	251.0
33732	276767	286.0	252.0
33744	276767	287.0	252.0
33756	276767	288.0	253.0
33768	276767	289.0	253.0
33780	276767	290.0	253.0
33792	276767	292.0	253.0
33804	276767	293.0	254.0
33816	276767	294.0	254.0
33828	276767	295.0	255.0
33840	276767	297.0	255.0
33852	276767	299.0	256.0
33864	276767	300.0	256.0
33876	276767	302.0	257.0
33888	276767	304.0	257.0
33900	276767	306.0	258.0
33912	276767	307.0	259.0
33924	276767	310.0	260.0
33936	276767	313.0	260.0
33948	276767	316.0	262.0
33960	276767	319.0	262.0
33972	276767	322.0	263.0
33984	276767	326.0	264.0
33996	276767	330.0	265.0
34008	276767	335.0	266.0
34020	276767	341.0	267.0
34032	276767	346.0	268.0
34044	276767	354.0	270.0
34056	276767	361.0	272.0
34068	276767	370.0	274.0
34080	276767	379.0	274.0
34092	276767	390.0	277.0
34104	276767	404.0	280.0
34116	276767	419.0	283.0
34128	276767	436.0	287.0
34140	276767	458.0	292.0
34152	276767	483.0	298.0
34164	276767	515.0	305.0
34176	276767	554.0	314.0
34188	276767	606.0	328.0
34200	276767	678.0	344.0
34212	276767	780.0	367.0
34224	276767	943.0	404.0
34236	276767	1025.0	469.0
33636	276782	199.0	247.0
33648	276782	207.0	249.0
33660	276782	213.0	250.0
33672	276782	216.0	250.0
33684	276782	221.0	251.0
33696	276782	225.0	250.0
33708	276782	229.0	251.0
33720	276782	232.0	251.0
33732	276782	235.0	250.0
33744	276782	239.0	251.0
33756	276782	241.0	251.0
33768	276782	244.0	251.0
33780	276782	245.0	250.0
33792	276782	248.0	251.0
33804	276782	252.0	251.0
33816	276782	254.0	250.0
33828	276782	257.0	251.0
33840	276782	259.0	251.0
33852	276782	261.0	252.0
33864	276782	264.0	252.0
33876	276782	265.0	251.0
33888	276782	268.0	253.0
33900	276782	271.0	252.0
33912	276782	272.0	252.0
33924	276782	274.0	251.0
33936	276782	276.0	252.0
33948	276782	280.0	252.0
33960	276782	281.0	253.0
33972	276782	282.0	253.0
33984	276782	286.0	254.0
33996	276782	289.0	254.0
34008	276782	292.0	255.0
34020	276782	294.0	255.0
34032	276782	297.0	256.0
34044	276782	301.0	256.0
34056	276782	304.0	256.0
34068	276782	305.0	257.0
34080	276782	308.0	257.0
34092	276782	312.0	258.0
34104	276782	315.0	259.0
34116	276782	318.0	260.0
34128	276782	321.0	260.0
34140	276782	326.0	261.0
34152	276782	330.0	262.0
34164	276782	334.0	262.0
34176	276782	340.0	263.0
34188	276782	345.0	265.0
34200	276782	350.0	266.0
34212	276782	356.0	267.0
34224	276782	363.0	268.0
34236	276782	371.0	270.0
34248	276782	379.0	271.0
34260	276782	390.0	273.0
34272	276782	401.0	275.0
34284	276782	414.0	278.0
34296	276782	429.0	281.0
34308	276782	447.0	285.0
34320	276782	468.0	289.0
34332	276782	495.0	296.0
34344	276782	528.0	303.0
34356	276782	571.0	312.0
34368	276782	627.0	325.0
34380	276782	704.0	342.0
34392	276782	820.0	367.0
34404	276782	978.0	409.0
33888	276841	249.0	250.0
33900	276841	251.54545454545453	250.0
33912	276841	253.96969696969697	250.0
33924	276841	256.8787878787879	250.0
33936	276841	259.7878787878788	250.0
33948	276841	262.0	250.0
33960	276841	263.0	250.77777777777777
33972	276841	262.1666666666667	250.0
33984	276841	261.0	249.0
33996	276841	262.6666666666667	248.0
34008	276841	263.0	249.0
34020	276841	266.0	249.0
34032	276841	266.0	249.0
34044	276841	266.0	250.0
34056	276841	267.0	250.0
34068	276841	268.0	250.0
34080	276841	268.0	250.0
34092	276841	269.0	250.0
34104	276841	269.0	250.0
34116	276841	271.0	250.0
34128	276841	271.0	251.0
34140	276841	273.0	251.0
34152	276841	273.0	250.0
34164	276841	274.0	251.0
34176	276841	275.0	251.0
34188	276841	276.0	251.0
34200	276841	276.0	251.0
34212	276841	277.0	251.0
34224	276841	279.0	251.0
34236	276841	280.0	251.0
34248	276841	282.0	251.0
34260	276841	283.0	252.0
34272	276841	284.0	252.0
34284	276841	285.0	253.0
34296	276841	288.0	253.0
34308	276841	289.0	253.0
34320	276841	290.0	253.0
34332	276841	290.0	254.0
34344	276841	293.0	254.0
34356	276841	295.0	255.0
34368	276841	297.0	255.0
34380	276841	299.0	256.0
34392	276841	301.0	256.0
34404	276841	303.0	256.0
34416	276841	306.0	256.0
34428	276841	308.0	257.0
34440	276841	312.0	257.0
34452	276841	315.0	258.0
34464	276841	318.0	259.0
34476	276841	320.0	259.0
34488	276841	325.0	260.0
34500	276841	329.0	261.0
34512	276841	333.0	262.0
34524	276841	338.0	263.0
34536	276841	343.0	264.0
34548	276841	348.0	265.0
34560	276841	353.0	266.0
34572	276841	360.0	267.0
34584	276841	367.0	269.0
34596	276841	374.0	271.0
34608	276841	384.0	273.0
34620	276841	393.0	274.0
34632	276841	404.0	275.0
34644	276841	417.0	277.0
34656	276841	431.0	280.0
34668	276841	447.0	284.0
34680	276841	466.0	288.0
34692	276841	489.0	294.0
34704	276841	518.0	300.0
34716	276841	552.0	308.0
34728	276841	594.0	318.0
34740	276841	651.0	331.0
34752	276841	731.0	350.0
34764	276841	847.0	377.0
34776	276841	983.0	419.0
34788	276841	1032.0	474.0
34068	276862	314.0	252.0
34080	276862	317.0	253.0
34092	276862	322.0	254.0
34104	276862	326.0	255.0
34116	276862	331.0	255.0
34128	276862	338.0	256.0
34140	276862	344.0	257.0
34152	276862	351.0	258.0
34164	276862	358.0	258.0
34176	276862	365.0	259.0
34188	276862	373.0	260.0
34200	276862	382.0	261.0
34212	276862	390.0	262.0
34224	276862	401.0	263.0
34236	276862	412.0	264.0
34248	276862	424.0	266.0
34260	276862	437.0	267.0
34272	276862	452.0	269.0
34284	276862	468.0	270.0
34296	276862	488.0	272.0
34308	276862	508.0	274.0
34320	276862	532.0	277.0
34332	276862	561.0	280.0
34344	276862	595.0	284.0
34356	276862	637.0	288.0
34368	276862	688.0	294.0
34380	276862	755.0	302.0
34392	276862	842.0	309.0
34128	276864	196.0	247.0
34140	276864	201.0	249.0
34152	276864	206.0	250.0
34164	276864	212.0	250.0
34176	276864	216.0	250.0
34188	276864	219.0	251.0
34200	276864	223.0	250.0
34212	276864	228.0	250.0
34224	276864	229.0	250.0
34236	276864	232.0	250.0
34248	276864	234.0	250.0
34260	276864	238.0	250.0
34272	276864	239.0	250.0
34284	276864	241.0	250.0
34296	276864	242.0	251.0
34308	276864	243.0	250.0
34320	276864	245.0	250.0
34332	276864	246.0	250.0
34344	276864	246.0	250.0
34356	276864	247.0	250.0
34368	276864	249.42857142857142	250.0
34380	276864	252.0	250.75
34392	276864	252.0	251.0
34404	276864	253.0	252.0
34416	276864	254.0	251.0
34428	276864	255.0	251.0
34440	276864	257.0	251.0
34452	276864	259.0	253.0
34464	276864	260.0	253.0
34476	276864	261.0	253.0
34488	276864	262.0	254.0
34500	276864	263.0	254.0
34512	276864	266.0	254.0
34524	276864	267.0	255.0
34536	276864	269.0	255.0
34548	276864	271.0	256.0
34560	276864	274.0	256.0
34572	276864	276.0	257.0
34584	276864	279.0	257.0
34596	276864	283.0	257.0
34608	276864	287.0	258.0
34620	276864	289.0	258.0
34632	276864	293.0	259.0
34644	276864	298.0	260.0
34656	276864	300.0	259.0
34668	276864	305.0	262.0
34680	276864	308.0	261.0
34692	276864	311.0	263.0
34704	276864	316.0	264.0
34716	276864	321.0	265.0
34728	276864	326.0	266.0
34740	276864	330.0	267.0
34752	276864	335.0	268.0
34764	276864	344.0	269.0
34776	276864	351.0	271.0
34788	276864	359.0	272.0
34800	276864	369.0	273.0
34812	276864	379.0	275.0
34824	276864	393.0	277.0
34836	276864	410.0	280.0
34848	276864	426.0	283.0
34860	276864	448.0	286.0
34872	276864	473.0	290.0
34884	276864	507.0	296.0
34896	276864	550.0	302.0
34908	276864	601.0	310.0
34920	276864	672.0	321.0
34932	276864	787.0	335.0
34944	276864	958.0	357.0
34140	276867	296.0	249.0
34152	276867	299.0	249.0
34164	276867	303.0	250.0
34176	276867	305.0	250.0
34188	276867	307.0	250.0
34200	276867	311.0	251.0
34212	276867	313.0	250.0
34224	276867	322.0	251.0
34236	276867	326.0	252.0
34248	276867	329.0	252.0
34260	276867	331.0	252.0
34272	276867	334.0	253.0
34284	276867	338.0	254.0
34296	276867	342.0	254.0
34308	276867	345.0	254.0
34320	276867	349.0	255.0
34332	276867	353.0	256.0
34344	276867	358.0	255.0
34356	276867	363.0	256.0
34368	276867	367.0	257.0
34380	276867	374.0	258.0
34392	276867	380.0	259.0
34404	276867	386.0	259.0
34416	276867	394.0	260.0
34428	276867	402.0	262.0
34440	276867	411.0	262.0
34452	276867	421.0	263.0
34464	276867	431.0	265.0
34476	276867	443.0	266.0
34488	276867	457.0	268.0
34500	276867	473.0	270.0
34512	276867	490.0	271.0
34524	276867	510.0	274.0
34536	276867	534.0	277.0
34548	276867	561.0	280.0
34560	276867	594.0	284.0
34572	276867	633.0	288.0
34584	276867	682.0	294.0
34596	276867	744.0	302.0
34608	276867	825.0	312.0
34620	276867	938.0	327.0
34632	276867	998.0	348.0
34212	276883	296.0	249.0
34224	276883	298.0	248.0
34236	276883	299.0	249.0
34248	276883	301.0	249.0
34260	276883	303.0	249.0
34272	276883	304.0	249.0
34284	276883	305.55555555555554	248.77777777777777
34296	276883	309.0	250.0
34308	276883	311.0	251.0
34320	276883	313.0	251.0
34332	276883	315.0	251.0
34344	276883	319.0	251.0
34356	276883	320.0	251.0
34368	276883	323.0	251.0
34380	276883	326.0	252.0
34392	276883	329.0	252.0
34404	276883	331.0	252.0
34416	276883	333.0	252.0
34428	276883	337.0	254.0
34440	276883	341.0	254.0
34452	276883	346.0	254.0
34464	276883	350.0	255.0
34476	276883	354.0	255.0
34488	276883	358.0	256.0
34500	276883	364.0	257.0
34512	276883	370.0	258.0
34524	276883	374.0	258.0
34536	276883	381.0	259.0
34548	276883	388.0	260.0
34560	276883	395.0	261.0
34572	276883	403.0	262.0
34584	276883	412.0	263.0
34596	276883	422.0	264.0
34608	276883	433.0	266.0
34620	276883	445.0	267.0
34632	276883	460.0	268.0
34644	276883	476.0	270.0
34656	276883	494.0	272.0
34668	276883	515.0	274.0
34680	276883	540.0	277.0
34692	276883	569.0	281.0
34704	276883	606.0	285.0
34716	276883	649.0	290.0
34728	276883	704.0	296.0
34740	276883	776.0	306.0
34752	276883	871.0	318.0
34764	276883	979.0	334.0
34236	276885	310.0	250.0
34248	276885	313.0	250.0
34260	276885	314.0	250.0
34272	276885	318.8181818181818	250.63636363636363
34284	276885	321.9230769230769	250.53846153846155
34296	276885	324.0	252.0
34308	276885	327.0	250.0
34320	276885	331.0	252.0
34332	276885	333.0	251.0
34344	276885	337.0	252.0
34356	276885	341.0	253.0
34368	276885	346.0	253.0
34380	276885	350.0	254.0
34392	276885	355.0	255.0
34404	276885	359.0	255.0
34416	276885	365.0	256.0
34428	276885	370.0	256.0
34440	276885	377.0	257.0
34452	276885	384.0	258.0
34464	276885	392.0	259.0
34476	276885	400.0	260.0
34488	276885	409.0	261.0
34500	276885	418.0	262.0
34512	276885	428.0	263.0
34524	276885	440.0	265.0
34536	276885	452.0	266.0
34548	276885	465.0	268.0
34560	276885	481.0	269.0
34572	276885	498.0	271.0
34584	276885	519.0	273.0
34596	276885	541.0	275.0
34608	276885	567.0	278.0
34620	276885	598.0	282.0
34632	276885	634.0	286.0
34644	276885	681.0	292.0
34656	276885	736.0	299.0
34668	276885	809.0	308.0
34680	276885	908.0	320.0
34692	276885	986.0	339.0
34356	276894	272.0	251.0
34368	276894	273.5	250.0
34380	276894	277.0	251.0
34392	276894	278.0	251.0
34404	276894	280.0	252.0
34416	276894	281.0	252.0
34428	276894	284.0	253.0
34440	276894	285.0	253.0
34452	276894	288.0	253.0
34464	276894	290.0	254.0
34476	276894	292.0	254.0
34488	276894	294.0	254.0
34500	276894	296.0	255.0
34512	276894	299.0	256.0
34524	276894	303.0	256.0
34536	276894	304.0	256.0
34548	276894	308.0	258.0
34560	276894	310.0	258.0
34572	276894	312.0	259.0
34584	276894	317.0	260.0
34596	276894	320.0	260.0
34608	276894	324.0	261.0
34620	276894	329.0	262.0
34632	276894	333.0	263.0
34644	276894	337.0	264.0
34656	276894	342.0	266.0
34668	276894	347.0	266.0
34680	276894	354.0	268.0
34692	276894	361.0	269.0
34704	276894	369.0	271.0
34716	276894	377.0	272.0
34728	276894	386.0	274.0
34740	276894	397.0	275.0
34752	276894	409.0	278.0
34764	276894	423.0	281.0
34776	276894	439.0	284.0
34788	276894	457.0	288.0
34800	276894	479.0	292.0
34812	276894	504.0	298.0
34824	276894	536.0	305.0
34836	276894	576.0	314.0
34848	276894	626.0	326.0
34860	276894	694.0	341.0
34872	276894	794.0	363.0
34884	276894	943.0	397.0
34896	276894	1021.0	456.0
34584	276918	304.0	256.5
34596	276918	308.14285714285717	255.42857142857142
34608	276918	310.4	256.6
34620	276918	313.0	258.0
34632	276918	315.0	257.0
34644	276918	320.0	258.0
34656	276918	324.0	261.0
34668	276918	328.0	258.0
34680	276918	332.0	263.0
34692	276918	337.0	264.0
34704	276918	343.0	265.0
34716	276918	350.0	265.0
34728	276918	356.0	268.0
34740	276918	363.0	269.0
34752	276918	371.0	271.0
34764	276918	380.0	273.0
34776	276918	390.0	275.0
34788	276918	402.0	278.0
34800	276918	415.0	280.0
34812	276918	431.0	284.0
34824	276918	450.0	287.0
34836	276918	471.0	292.0
34848	276918	497.0	298.0
34860	276918	532.0	305.0
34872	276918	570.0	314.0
34884	276918	619.0	326.0
34896	276918	686.0	342.0
34908	276918	778.0	363.0
34920	276918	924.0	396.0
34932	276918	1013.0	453.0
34608	276920	335.0	254.0
34620	276920	345.0	256.0
34632	276920	352.0	256.0
34644	276920	360.0	256.0
34656	276920	369.0	257.0
34668	276920	377.0	257.0
34680	276920	387.0	259.0
34692	276920	397.0	260.0
34704	276920	406.0	261.0
34716	276920	414.0	262.0
34728	276920	423.0	263.0
34740	276920	433.0	265.0
34752	276920	445.0	265.0
34764	276920	458.0	266.0
34776	276920	472.0	269.0
34788	276920	488.0	270.0
34800	276920	506.0	272.0
34812	276920	527.0	274.0
34824	276920	551.0	277.0
34836	276920	579.0	281.0
34848	276920	604.0	262.0
34860	276920	643.0	246.0
34872	276920	723.0	293.0
34884	276920	777.0	307.0
34896	276920	865.0	320.0
34908	276920	973.0	336.0
34644	276927	255.0	245.0
34656	276927	255.0	245.0
34668	276927	256.0	244.0
34680	276927	255.33333333333334	244.33333333333334
34692	276927	255.77777777777777	244.77777777777777
34704	276927	256.0	244.0
34716	276927	256.0	244.0
34728	276927	257.0	244.0
34740	276927	257.0	245.0
34752	276927	257.0	246.0
34764	276927	257.0	246.0
34776	276927	257.0	245.0
34788	276927	258.0	246.0
34800	276927	259.0	246.0
34812	276927	260.0	246.0
34824	276927	259.0	247.0
34836	276927	260.0	247.0
34848	276927	260.0	246.0
34860	276927	260.0	246.0
34872	276927	261.0	247.0
34884	276927	260.0	246.0
34896	276927	261.0	246.0
34908	276927	260.0	247.0
34920	276927	260.0	246.0
34932	276927	261.0	246.0
34944	276927	262.0	246.0
34956	276927	262.0	247.0
34968	276927	262.0	247.0
34980	276927	262.0	247.0
34992	276927	263.0	247.0
35004	276927	264.0	247.0
35016	276927	264.0	248.0
35028	276927	264.0	247.0
35040	276927	265.0	248.0
35052	276927	266.0	248.0
35064	276927	267.0	248.0
35076	276927	268.0	249.0
35088	276927	269.0	249.0
35100	276927	269.0	250.0
35112	276927	271.0	250.0
35124	276927	272.0	250.0
35136	276927	274.0	250.0
35148	276927	275.0	249.0
35160	276927	276.0	250.0
35172	276927	277.0	250.0
35184	276927	279.0	250.0
35196	276927	281.0	251.0
35208	276927	283.0	251.0
35220	276927	284.0	251.0
35232	276927	285.0	252.0
35244	276927	286.0	251.0
35256	276927	288.0	252.0
35268	276927	290.0	252.0
35280	276927	292.0	253.0
35292	276927	294.0	253.0
35304	276927	296.0	253.0
35316	276927	297.0	254.0
35328	276927	298.0	254.0
35340	276927	301.0	255.0
35352	276927	302.0	255.0
35364	276927	305.0	255.0
35376	276927	308.0	256.0
35388	276927	310.0	257.0
35400	276927	313.0	257.0
35412	276927	317.0	258.0
35424	276927	321.0	259.0
35436	276927	325.0	260.0
35448	276927	330.0	260.0
35460	276927	334.0	262.0
35472	276927	339.0	263.0
35484	276927	345.0	264.0
35496	276927	352.0	265.0
35508	276927	358.0	267.0
35520	276927	365.0	268.0
35532	276927	374.0	270.0
35544	276927	384.0	272.0
35556	276927	395.0	274.0
35568	276927	408.0	275.0
35580	276927	424.0	278.0
35592	276927	442.0	282.0
35604	276927	463.0	287.0
35616	276927	489.0	292.0
35628	276927	520.0	299.0
35640	276927	561.0	309.0
35652	276927	615.0	320.0
35664	276927	690.0	337.0
35676	276927	803.0	363.0
35688	276927	971.0	405.0
35700	276927	1025.0	451.0
34716	276945	294.0	258.0
34728	276945	295.0	258.0
34740	276945	300.0	259.0
34752	276945	303.0	259.0
34764	276945	310.0	261.0
34776	276945	315.0	261.0
34788	276945	322.0	262.0
34800	276945	328.0	263.0
34812	276945	335.0	265.0
34824	276945	341.0	266.0
34836	276945	347.0	267.0
34848	276945	354.0	268.0
34860	276945	360.0	270.0
34872	276945	367.0	271.0
34884	276945	376.0	272.0
34896	276945	384.0	274.0
34908	276945	394.0	276.0
34920	276945	406.0	278.0
34932	276945	419.0	281.0
34944	276945	433.0	285.0
34956	276945	450.0	289.0
34968	276945	471.0	293.0
34980	276945	497.0	301.0
34992	276945	527.0	309.0
35004	276945	566.0	318.0
35016	276945	619.0	331.0
35028	276945	691.0	349.0
35040	276945	798.0	375.0
35052	276945	958.0	416.0
35064	276945	1036.0	499.0
35040	277027	196.0	248.0
35052	277027	199.0	247.0
35064	277027	207.0	249.0
35076	277027	212.0	249.0
35088	277027	216.0	250.0
35100	277027	220.0	250.0
35112	277027	223.0	250.0
35124	277027	227.0	250.0
35136	277027	230.0	251.0
35148	277027	233.0	251.0
35160	277027	236.0	251.0
35172	277027	239.0	251.0
35184	277027	241.0	250.0
35196	277027	242.0	250.0
35208	277027	243.0	251.0
35220	277027	244.0	250.0
35232	277027	245.0	250.0
35244	277027	246.0	251.0
35256	277027	246.0	251.0
35268	277027	246.0	252.0
35280	277027	247.0	252.0
35292	277027	247.0	252.0
35304	277027	247.0	252.0
35316	277027	248.0	252.0
35328	277027	249.0	253.0
35340	277027	250.0	253.0
35352	277027	250.0	253.0
35364	277027	251.0	254.0
35376	277027	252.0	254.0
35388	277027	253.0	254.0
35400	277027	254.0	253.0
35412	277027	256.0	255.0
35424	277027	259.0	256.0
35436	277027	261.0	256.0
35448	277027	264.0	256.0
35460	277027	268.0	256.0
35472	277027	271.0	257.0
35484	277027	275.0	257.0
35496	277027	280.0	258.0
35508	277027	284.0	258.0
35520	277027	288.0	259.0
35532	277027	294.0	260.0
35544	277027	299.0	260.0
35556	277027	305.0	261.0
35568	277027	311.0	262.0
35580	277027	317.0	262.0
35592	277027	324.0	263.0
35604	277027	331.0	265.0
35616	277027	339.0	266.0
35628	277027	346.0	267.0
35640	277027	355.0	268.0
35652	277027	364.0	269.0
35664	277027	374.0	271.0
35676	277027	385.0	272.0
35688	277027	397.0	274.0
35700	277027	410.0	276.0
35712	277027	425.0	279.0
35724	277027	442.0	282.0
35736	277027	460.0	286.0
35748	277027	484.0	291.0
35760	277027	512.0	297.0
35772	277027	546.0	305.0
35784	277027	589.0	314.0
35796	277027	648.0	328.0
35808	277027	727.0	345.0
35820	277027	847.0	372.0
35832	277027	988.0	416.0
35172	277041	260.0	246.0
35184	277041	260.3333333333333	246.0
35196	277041	261.0	247.0
35208	277041	262.0	247.0
35220	277041	263.0	247.0
35232	277041	264.0	247.0
35244	277041	264.0	247.0
35256	277041	265.0	248.0
35268	277041	266.0	248.0
35280	277041	266.0	247.0
35292	277041	268.0	248.0
35304	277041	269.0	248.0
35316	277041	272.0	248.0
35328	277041	272.0	249.0
35340	277041	273.0	250.0
35352	277041	274.0	250.0
35364	277041	275.0	249.0
35376	277041	277.0	250.0
35388	277041	279.0	250.0
35400	277041	280.0	251.0
35412	277041	281.0	250.0
35424	277041	283.0	251.0
35436	277041	287.0	251.0
35448	277041	288.0	251.0
35460	277041	289.0	251.0
35472	277041	293.0	252.0
35484	277041	294.0	252.0
35496	277041	295.0	251.0
35508	277041	298.0	251.0
35520	277041	301.0	252.0
35532	277041	304.0	251.0
35544	277041	307.0	252.0
35556	277041	311.0	252.0
35520	277096	264.0	249.0
35532	277096	266.0	249.0
35544	277096	269.0	250.0
35556	277096	269.0	249.0
35568	277096	271.0	250.0
35580	277096	271.0	250.0
35592	277096	273.0	250.0
35604	277096	274.0	250.0
35616	277096	275.0	250.0
35628	277096	276.0	250.0
35640	277096	277.0	250.0
35652	277096	278.0	250.0
35664	277096	278.0	251.0
35676	277096	281.0	252.0
35688	277096	282.0	252.0
35700	277096	283.0	251.0
35712	277096	284.0	252.0
35724	277096	286.0	253.0
35736	277096	288.0	252.0
35748	277096	289.0	253.0
35760	277096	290.0	253.0
35772	277096	292.0	254.0
35784	277096	294.0	254.0
35796	277096	296.0	254.0
35808	277096	298.0	256.0
35820	277096	300.0	256.0
35832	277096	303.0	255.0
35844	277096	304.0	256.0
35856	277096	307.0	257.0
35868	277096	310.0	257.0
35880	277096	314.0	259.0
35892	277096	317.0	259.0
35904	277096	320.0	260.0
35916	277096	324.0	261.0
35928	277096	328.0	262.0
35940	277096	333.0	263.0
35952	277096	338.0	264.0
35964	277096	344.0	265.0
35976	277096	351.0	266.0
35988	277096	359.0	268.0
36000	277096	367.0	270.0
36012	277096	377.0	271.0
36024	277096	387.0	273.0
36036	277096	399.0	275.0
36048	277096	414.0	277.0
36060	277096	431.0	280.0
36072	277096	450.0	284.0
36084	277096	476.0	288.0
36096	277096	503.0	294.0
36108	277096	539.0	302.0
36120	277096	583.0	310.0
36132	277096	643.0	325.0
36144	277096	726.0	340.0
36156	277096	852.0	366.0
36168	277096	991.0	407.0
35616	277114	290.0	247.0
35628	277114	291.0	248.0
35640	277114	292.0	248.0
35652	277114	294.0	247.0
35664	277114	295.0	248.0
35676	277114	296.0	248.0
35688	277114	297.0	248.0
35700	277114	298.0	247.0
35712	277114	301.0	248.0
35724	277114	302.0	248.0
35736	277114	304.0	250.0
35748	277114	306.0	249.0
35760	277114	307.0	248.0
35772	277114	310.0	249.0
35784	277114	312.0	250.0
35796	277114	314.0	250.0
35808	277114	317.0	250.0
35820	277114	319.0	250.0
35832	277114	321.0	250.0
35844	277114	324.0	251.0
35856	277114	326.0	250.0
35868	277114	328.0	250.0
35880	277114	331.0	251.0
35892	277114	334.0	251.0
35904	277114	338.0	253.0
35916	277114	341.0	253.0
35928	277114	344.0	254.0
35940	277114	348.0	253.0
35952	277114	352.0	254.0
35964	277114	356.0	254.0
35976	277114	362.0	255.0
35988	277114	367.0	256.0
36000	277114	373.0	255.0
35652	277120	328.0	256.0
35664	277120	334.0	257.0
35676	277120	343.0	258.0
35688	277120	351.0	259.0
35700	277120	361.0	260.0
35712	277120	370.0	260.0
35724	277120	380.0	261.0
35736	277120	390.0	263.0
35748	277120	402.0	264.0
35760	277120	414.0	265.0
35772	277120	426.0	267.0
35784	277120	440.0	269.0
35796	277120	454.0	270.0
35808	277120	472.0	272.0
35820	277120	492.0	274.0
35832	277120	514.0	276.0
35844	277120	541.0	280.0
35856	277120	574.0	284.0
35868	277120	612.0	289.0
35880	277120	660.0	295.0
35892	277120	721.0	304.0
35904	277120	800.0	314.0
35916	277120	907.0	328.0
35928	277120	992.0	350.0
35820	277162	199.0	248.0
35832	277162	205.0	248.0
35844	277162	211.0	251.0
35856	277162	214.0	250.0
35868	277162	219.0	250.0
35880	277162	223.36363636363637	251.0
35892	277162	227.0	250.0
35904	277162	229.0	251.0
35916	277162	231.0	251.0
35928	277162	233.57142857142858	250.9047619047619
35940	277162	237.0	250.33333333333334
35952	277162	240.0	250.0
35964	277162	241.0	251.0
35976	277162	244.0	251.0
35988	277162	246.0	251.0
36000	277162	246.0	250.0
36012	277162	246.72413793103448	250.10344827586206
36024	277162	249.6206896551724	250.51724137931035
36036	277162	252.51724137931035	250.93103448275863
36048	277162	252.0	251.0
36060	277162	254.0	251.0
36072	277162	254.0	251.0
36084	277162	255.0	251.0
36096	277162	257.0	252.0
36108	277162	258.0	252.0
36120	277162	260.0	253.0
36132	277162	260.0	252.0
36144	277162	263.0	252.0
36156	277162	265.0	252.0
36168	277162	266.0	253.0
36180	277162	270.0	253.0
36192	277162	272.0	254.0
36204	277162	276.0	254.0
36216	277162	277.0	254.0
36228	277162	281.0	254.0
36240	277162	284.0	254.0
36252	277162	288.0	255.0
36264	277162	290.0	254.0
36276	277162	293.0	254.0
36288	277162	296.0	256.0
36300	277162	300.0	256.0
36312	277162	304.0	256.0
36324	277162	306.0	256.0
36336	277162	309.0	258.0
36348	277162	312.0	258.0
36360	277162	315.0	259.0
36372	277162	319.0	259.0
36384	277162	322.0	260.0
36396	277162	326.0	260.0
36408	277162	329.0	261.0
36420	277162	332.0	262.0
36432	277162	337.0	263.0
36444	277162	340.0	264.0
36456	277162	344.0	266.0
36468	277162	349.0	266.0
36480	277162	354.0	267.0
36492	277162	359.0	268.0
36504	277162	366.0	269.0
36516	277162	373.0	272.0
36528	277162	379.0	273.0
36540	277162	388.0	274.0
36552	277162	396.0	276.0
36564	277162	406.0	278.0
36576	277162	418.0	280.0
36588	277162	430.0	283.0
36600	277162	445.0	287.0
36612	277162	462.0	290.0
36624	277162	481.0	295.0
36636	277162	505.0	300.0
36648	277162	534.0	307.0
36660	277162	569.0	315.0
36672	277162	613.0	326.0
36684	277162	672.0	340.0
36696	277162	752.0	357.0
36708	277162	868.0	385.0
36720	277162	988.0	426.0
35868	277169	284.0	253.0
35880	277169	286.0	254.0
35892	277169	287.0	255.0
35904	277169	289.0	256.0
35916	277169	294.0	256.0
35928	277169	296.0	257.0
35940	277169	299.0	258.0
35952	277169	303.0	258.0
35964	277169	306.0	259.0
35976	277169	310.0	260.0
35988	277169	314.0	261.0
36000	277169	319.0	262.0
36012	277169	325.0	262.0
36024	277169	332.0	264.0
36036	277169	339.0	265.0
36048	277169	346.0	266.0
36060	277169	353.0	268.0
36072	277169	360.0	270.0
36084	277169	369.0	271.0
36096	277169	378.0	273.0
36108	277169	388.0	274.0
36120	277169	400.0	277.0
36132	277169	414.0	279.0
36144	277169	431.0	283.0
36156	277169	450.0	287.0
36168	277169	474.0	292.0
36180	277169	502.0	299.0
36192	277169	539.0	307.0
36204	277169	587.0	318.0
36216	277169	649.0	333.0
36228	277169	744.0	354.0
36240	277169	886.0	386.0
36252	277169	1010.0	442.0
35976	277180	282.0	252.0
35988	277180	285.0	253.0
36000	277180	287.0	253.0
36012	277180	290.0	253.0
36024	277180	291.0	254.0
36036	277180	294.0	255.0
36048	277180	295.0	255.0
36060	277180	298.0	255.0
36072	277180	300.0	256.0
36084	277180	302.0	257.0
36096	277180	304.0	257.0
36108	277180	306.0	258.0
36120	277180	309.0	258.0
36132	277180	312.0	260.0
36144	277180	315.0	260.0
36156	277180	317.0	260.0
36168	277180	321.0	261.0
36180	277180	325.0	262.0
36192	277180	328.0	263.0
36204	277180	333.0	264.0
36216	277180	338.0	265.0
36228	277180	343.0	267.0
36240	277180	349.0	267.0
36252	277180	355.0	269.0
36264	277180	362.0	271.0
36276	277180	371.0	272.0
36288	277180	381.0	273.0
36300	277180	391.0	274.0
36312	277180	404.0	277.0
36324	277180	418.0	280.0
36336	277180	435.0	283.0
36348	277180	456.0	287.0
36360	277180	479.0	291.0
36372	277180	507.0	297.0
36384	277180	541.0	304.0
36396	277180	582.0	313.0
36408	277180	635.0	324.0
36420	277180	707.0	339.0
36432	277180	806.0	359.0
36444	277180	953.0	392.0
36456	277180	1019.0	446.0
36024	277182	200.0	249.0
36036	277182	206.0	250.0
36048	277182	210.0	250.0
36060	277182	215.0	251.0
36072	277182	217.0	250.0
36084	277182	221.0	252.0
36096	277182	223.5	252.0
36108	277182	227.66666666666666	252.0
36120	277182	230.0	251.0
36132	277182	233.0	252.0
36144	277182	234.0	251.0
36156	277182	236.66666666666666	250.58333333333334
36168	277182	240.0	250.0
36180	277182	242.0	250.0
36192	277182	243.0	251.0
36204	277182	245.0	251.0
36216	277182	249.0	252.0
36228	277182	249.0	251.0
36240	277182	249.0	252.0
36252	277182	249.0	251.0
36264	277182	249.0	251.0
36276	277182	251.0	252.0
36288	277182	253.0	252.0
36300	277182	254.0	252.0
36312	277182	255.0	252.0
36324	277182	256.0	251.0
36336	277182	259.0	252.0
36348	277182	260.0	252.0
36360	277182	262.0	252.0
36372	277182	265.0	252.0
36384	277182	267.0	252.0
36396	277182	268.0	253.0
36408	277182	271.0	254.0
36420	277182	273.0	254.0
36432	277182	276.0	254.0
36444	277182	279.0	254.0
36456	277182	281.0	255.0
36468	277182	284.0	255.0
36480	277182	286.0	255.0
36492	277182	289.0	256.0
36504	277182	291.0	256.0
36516	277182	293.0	256.0
36528	277182	296.0	257.0
36540	277182	300.0	258.0
36552	277182	302.0	259.0
36564	277182	306.0	259.0
36576	277182	308.0	260.0
36588	277182	311.0	260.0
36600	277182	315.0	261.0
36612	277182	319.0	261.0
36624	277182	322.0	262.0
36636	277182	327.0	263.0
36648	277182	332.0	264.0
36660	277182	336.0	265.0
36672	277182	342.0	266.0
36684	277182	348.0	266.0
36696	277182	354.0	268.0
36708	277182	362.0	269.0
36720	277182	369.0	270.0
36732	277182	377.0	271.0
36744	277182	385.0	273.0
36756	277182	395.0	274.0
36768	277182	405.0	275.0
36780	277182	416.0	277.0
36792	277182	430.0	279.0
36804	277182	444.0	283.0
36816	277182	461.0	286.0
36828	277182	481.0	290.0
36840	277182	504.0	295.0
36852	277182	532.0	300.0
36864	277182	566.0	307.0
36876	277182	610.0	316.0
36888	277182	668.0	327.0
36900	277182	745.0	342.0
36912	277182	852.0	361.0
36924	277182	978.0	391.0
36936	277182	1024.0	440.0
36024	277183	275.1333333333333	251.06666666666666
36036	277183	276.73333333333335	251.86666666666667
36048	277183	278.0	252.0
36060	277183	281.0	254.0
36072	277183	280.0	253.0
36084	277183	281.0	254.0
36096	277183	283.0	254.0
36108	277183	284.0	256.0
36120	277183	285.0	256.0
36132	277183	287.0	255.0
36144	277183	289.0	256.0
36156	277183	292.0	256.0
36168	277183	296.0	256.0
36180	277183	298.0	258.0
36192	277183	300.0	258.0
36204	277183	304.0	259.0
36216	277183	306.0	260.0
36228	277183	310.0	261.0
36240	277183	313.0	261.0
36252	277183	318.0	262.0
36264	277183	322.0	263.0
36276	277183	326.0	264.0
36288	277183	332.0	265.0
36300	277183	339.0	266.0
36312	277183	346.0	267.0
36324	277183	353.0	269.0
36336	277183	361.0	271.0
36348	277183	370.0	272.0
36360	277183	379.0	273.0
36372	277183	389.0	275.0
36384	277183	401.0	277.0
36396	277183	415.0	279.0
36408	277183	430.0	283.0
36420	277183	448.0	287.0
36432	277183	469.0	291.0
36444	277183	495.0	296.0
36456	277183	525.0	302.0
36468	277183	562.0	310.0
36480	277183	609.0	321.0
36492	277183	669.0	333.0
36504	277183	750.0	351.0
36516	277183	867.0	377.0
36528	277183	988.0	417.0
36144	277201	368.0	258.0
36156	277201	380.0	259.0
36168	277201	392.0	259.0
36180	277201	404.0	261.0
36192	277201	415.0	262.0
36204	277201	424.0	262.0
36216	277201	434.0	264.0
36228	277201	446.0	265.0
36240	277201	459.0	267.0
36252	277201	473.0	268.0
36264	277201	489.0	270.0
36276	277201	507.0	272.0
36288	277201	528.0	274.0
36300	277201	552.0	277.0
36312	277201	580.0	280.0
36324	277201	615.0	284.0
36336	277201	657.0	289.0
36348	277201	709.0	295.0
36360	277201	776.0	304.0
36372	277201	863.0	315.0
36384	277201	971.0	331.0
36348	277239	334.6666666666667	253.33333333333334
36360	277239	337.0	254.5
36372	277239	344.0	255.0
36384	277239	350.0	255.0
36396	277239	355.0	256.0
36408	277239	362.0	257.0
36420	277239	367.0	258.0
36432	277239	373.0	258.0
36444	277239	380.0	259.0
36456	277239	387.0	260.0
36468	277239	394.0	261.0
36480	277239	403.0	262.0
36492	277239	412.0	263.0
36504	277239	422.0	264.0
36516	277239	433.0	266.0
36528	277239	446.0	266.0
36540	277239	459.0	268.0
36552	277239	474.0	270.0
36564	277239	491.0	271.0
36576	277239	510.0	273.0
36588	277239	533.0	276.0
36600	277239	559.0	279.0
36612	277239	588.0	282.0
36624	277239	624.0	286.0
36636	277239	669.0	292.0
36648	277239	723.0	298.0
36660	277239	794.0	308.0
36672	277239	885.0	319.0
36684	277239	977.0	335.0
36492	277261	261.0	248.0
36504	277261	261.0	248.0
36516	277261	262.0	248.0
36528	277261	262.0	248.0
36540	277261	263.0	248.0
36552	277261	264.0	249.0
36564	277261	265.0	250.0
36576	277261	266.0	249.0
36588	277261	266.0	249.0
36600	277261	267.0	249.0
36612	277261	268.0	250.0
36624	277261	269.0	249.0
36636	277261	270.0	250.0
36648	277261	271.0	250.0
36660	277261	272.0	250.0
36672	277261	272.0	250.0
36684	277261	274.0	250.0
36696	277261	275.0	251.0
36708	277261	276.0	251.0
36720	277261	278.0	250.0
36732	277261	280.0	251.0
36744	277261	281.0	251.0
36756	277261	282.0	251.0
36768	277261	283.0	252.0
36780	277261	285.0	252.0
36792	277261	286.0	252.0
36804	277261	288.0	252.0
36816	277261	289.0	252.0
36828	277261	291.0	253.0
36840	277261	292.0	254.0
36852	277261	293.0	254.0
36864	277261	295.0	255.0
36876	277261	297.0	255.0
36888	277261	299.0	255.0
36900	277261	301.0	255.0
36912	277261	304.0	256.0
36924	277261	305.0	257.0
36936	277261	309.0	257.0
36948	277261	311.0	258.0
36960	277261	314.0	259.0
36972	277261	317.0	259.0
36984	277261	321.0	260.0
36996	277261	324.0	261.0
37008	277261	329.0	262.0
37020	277261	333.0	263.0
37032	277261	338.0	265.0
37044	277261	345.0	266.0
37056	277261	351.0	267.0
37068	277261	358.0	268.0
37080	277261	366.0	270.0
37092	277261	375.0	271.0
37104	277261	385.0	273.0
37116	277261	397.0	275.0
37128	277261	412.0	278.0
37140	277261	428.0	280.0
37152	277261	446.0	284.0
37164	277261	470.0	289.0
37176	277261	496.0	294.0
37188	277261	530.0	301.0
37200	277261	570.0	310.0
37212	277261	622.0	320.0
37224	277261	691.0	335.0
37236	277261	789.0	356.0
37248	277261	936.0	387.0
37260	277261	1017.0	443.0
36720	277290	262.0	247.0
36732	277290	263.0	248.0
36744	277290	263.0	248.0
36756	277290	264.0	248.0
36768	277290	264.0	247.0
36780	277290	265.0	248.0
36792	277290	267.0	248.0
36804	277290	267.0	248.0
36816	277290	266.0	247.0
36828	277290	268.0	249.0
36840	277290	268.0	249.0
36852	277290	270.25	248.75
36864	277290	272.0	250.0
36876	277290	271.0	250.0
36888	277290	273.0	250.0
36900	277290	274.0	250.0
36912	277290	274.0	251.0
36924	277290	275.0	250.0
36936	277290	275.0	250.0
36948	277290	276.0	250.0
36960	277290	277.0	251.0
36972	277290	278.0	250.0
36984	277290	280.0	251.0
36996	277290	281.0	251.0
37008	277290	281.0	251.0
37020	277290	281.0	251.0
37032	277290	282.0	251.0
37044	277290	284.0	252.0
37056	277290	285.0	252.0
37068	277290	286.0	252.0
37080	277290	287.0	252.0
37092	277290	289.0	252.0
37104	277290	292.0	253.0
37116	277290	292.0	254.0
37128	277290	295.0	254.0
37140	277290	297.0	254.0
37152	277290	298.0	253.0
37164	277290	301.0	254.0
37176	277290	303.0	255.0
37188	277290	305.0	255.0
37200	277290	307.0	256.0
37212	277290	310.0	257.0
37224	277290	313.0	257.0
37236	277290	316.0	257.0
37248	277290	319.0	258.0
37260	277290	322.0	258.0
37272	277290	326.0	259.0
37284	277290	330.0	260.0
37296	277290	334.0	261.0
37308	277290	338.0	261.0
37320	277290	343.0	262.0
37332	277290	348.0	263.0
37344	277290	353.0	264.0
37356	277290	358.0	266.0
37368	277290	364.0	266.0
37380	277290	370.0	267.0
37392	277290	377.0	269.0
37404	277290	385.0	270.0
37416	277290	393.0	272.0
37428	277290	402.0	273.0
37440	277290	413.0	274.0
37452	277290	425.0	277.0
37464	277290	439.0	279.0
37476	277290	455.0	282.0
37488	277290	473.0	286.0
37500	277290	495.0	290.0
37512	277290	519.0	295.0
37524	277290	548.0	300.0
37536	277290	584.0	307.0
37548	277290	629.0	317.0
37560	277290	686.0	329.0
37572	277290	759.0	343.0
37584	277290	863.0	363.0
37596	277290	978.0	394.0
37608	277290	1022.0	445.0
37032	277309	262.0	243.0
37044	277309	262.0	243.0
37056	277309	263.0	244.0
37068	277309	262.0	242.5
37080	277309	262.25	243.25
37092	277309	263.0	245.0
37104	277309	263.0	246.0
37116	277309	264.0	246.0
37128	277309	265.0	247.0
37140	277309	265.0	247.0
37152	277309	266.3333333333333	247.0
37164	277309	267.0	248.0
37176	277309	268.0	248.0
37188	277309	267.0	247.0
37200	277309	269.0	249.0
37212	277309	270.0	250.0
37224	277309	270.0	250.0
37236	277309	271.0	249.0
37248	277309	271.0	250.0
37260	277309	272.0	251.0
37272	277309	272.0	250.0
37284	277309	273.0	249.0
37296	277309	274.0	250.0
37308	277309	275.0	250.0
37320	277309	276.0	251.0
37332	277309	278.0	250.0
37344	277309	279.0	251.0
37356	277309	281.0	251.0
37368	277309	282.0	251.0
37380	277309	283.0	252.0
37392	277309	283.0	252.0
37404	277309	285.0	252.0
37416	277309	286.1666666666667	252.0
37428	277309	289.0	252.0
37440	277309	289.0	253.0
37452	277309	291.0	254.0
37464	277309	293.0	254.0
37476	277309	294.0	254.0
37488	277309	296.0	254.0
37500	277309	298.0	255.0
37512	277309	301.0	255.0
37524	277309	302.0	255.0
37536	277309	304.0	256.0
37548	277309	306.0	256.0
37560	277309	309.0	257.0
37572	277309	311.0	258.0
37584	277309	314.0	258.0
37596	277309	317.0	259.0
37608	277309	320.0	260.0
37620	277309	323.0	260.0
37632	277309	326.0	260.0
37644	277309	330.0	262.0
37656	277309	334.0	262.0
37668	277309	338.0	264.0
37680	277309	342.0	265.0
37692	277309	349.0	266.0
37704	277309	354.0	266.0
37716	277309	361.0	268.0
37728	277309	367.0	270.0
37740	277309	375.0	271.0
37752	277309	383.0	273.0
37764	277309	393.0	274.0
37776	277309	411.0	276.0
37788	277309	421.0	277.0
37800	277309	434.0	281.0
37812	277309	452.0	285.0
37824	277309	472.0	289.0
37836	277309	492.0	294.0
37848	277309	521.0	300.0
37860	277309	554.0	307.0
37872	277309	599.0	317.0
37884	277309	652.0	329.0
37896	277309	728.0	345.0
37908	277309	834.0	368.0
37920	277309	957.0	405.0
37932	277309	989.0	459.0
37944	277309	996.0	491.0
37956	277309	987.0	419.0
37968	277309	1029.0	495.0
37116	277316	273.0	249.0
37128	277316	273.0	249.0
37140	277316	273.6666666666667	249.0
37152	277316	277.0	250.0
37164	277316	278.0	250.0
37176	277316	278.0	250.0
37188	277316	280.0	251.0
37200	277316	281.0	250.0
37212	277316	280.90909090909093	250.45454545454547
37224	277316	282.0	251.0
37236	277316	283.5	251.5
37248	277316	285.0	252.0
37260	277316	286.0	252.0
37272	277316	287.0	252.0
37284	277316	289.0	253.0
37296	277316	292.0	253.0
37308	277316	294.0	254.0
37320	277316	296.0	254.0
37332	277316	297.0	255.0
37344	277316	299.0	255.0
37356	277316	301.0	255.0
37368	277316	305.0	256.0
37380	277316	307.0	256.0
37392	277316	311.0	257.0
37404	277316	314.0	258.0
37416	277316	317.0	258.0
37428	277316	322.0	259.0
37440	277316	326.0	260.0
37452	277316	330.0	260.0
37464	277316	334.0	261.0
37476	277316	340.0	262.0
37488	277316	346.0	263.0
37500	277316	353.0	264.0
37512	277316	359.0	266.0
37524	277316	367.0	266.0
37536	277316	376.0	268.0
37548	277316	385.0	270.0
37560	277316	395.0	271.0
37572	277316	407.0	273.0
37584	277316	419.0	275.0
37596	277316	434.0	277.0
37608	277316	451.0	280.0
37620	277316	470.0	283.0
37632	277316	494.0	288.0
37644	277316	520.0	293.0
37656	277316	553.0	300.0
37668	277316	595.0	308.0
37680	277316	647.0	319.0
37692	277316	718.0	334.0
37704	277316	818.0	353.0
37716	277316	962.0	386.0
37728	277316	1026.0	448.0
37368	277347	327.0	251.0
37380	277347	329.0	251.0
37392	277347	333.0	252.0
37404	277347	338.5	251.75
37416	277347	339.0	253.0
37428	277347	343.0	253.0
37440	277347	347.0	253.0
37452	277347	353.0	254.0
37464	277347	357.0	255.0
37476	277347	361.0	255.0
37488	277347	368.0	256.0
37500	277347	372.0	256.0
37512	277347	379.0	258.0
37524	277347	384.0	258.0
37536	277347	392.0	259.0
37548	277347	399.0	261.0
37560	277347	406.0	261.0
37572	277347	416.0	262.0
37584	277347	426.0	264.0
37596	277347	437.0	265.0
37608	277347	446.0	253.0
37416	277352	258.5	246.5
37428	277352	259.0	246.0
37440	277352	260.0	247.0
37452	277352	261.0	247.0
37464	277352	262.0	247.0
37476	277352	262.0	248.0
37488	277352	263.0	248.0
37500	277352	264.0	247.0
37512	277352	263.0	247.0
37524	277352	264.0	247.0
37536	277352	265.0	248.0
37548	277352	265.0	248.0
37560	277352	265.0	248.0
37572	277352	266.6666666666667	248.0
37584	277352	267.0	249.0
37596	277352	267.63157894736844	249.0
37608	277352	268.89473684210526	249.0
37620	277352	269.6	249.0
37632	277352	272.0	249.0
37644	277352	273.0	249.0
37656	277352	273.0	249.0
37668	277352	273.0	250.0
37680	277352	274.0	249.0
37692	277352	275.0	250.0
37704	277352	276.0	250.0
37716	277352	276.0	250.0
37728	277352	278.0	250.0
37740	277352	279.0	250.0
37752	277352	280.0	250.0
37764	277352	280.0	250.0
37776	277352	281.0	250.0
37788	277352	282.0	250.0
37800	277352	283.0	250.0
37812	277352	284.0	250.0
37824	277352	286.0	251.0
37836	277352	286.0	251.0
37848	277352	286.0	251.0
37860	277352	288.0	251.0
37872	277352	289.0	251.0
37884	277352	291.0	252.0
37896	277352	292.0	252.0
37908	277352	293.0	253.0
37920	277352	294.0	252.5
37440	277353	197.0	248.0
37452	277353	201.0	248.0
37464	277353	208.0	249.0
37476	277353	212.0	250.0
37488	277353	216.0	251.0
37500	277353	221.0	251.0
37512	277353	224.0	250.0
37524	277353	227.0	251.0
37536	277353	229.0	251.0
37548	277353	232.0	252.0
37560	277353	234.66666666666666	250.33333333333334
37572	277353	238.0	251.0
37584	277353	239.0	251.0
37596	277353	241.0	251.0
37608	277353	242.0	250.0
37620	277353	242.0	251.0
37632	277353	244.0	250.0
37644	277353	247.0	251.0
37656	277353	247.0	251.0
37668	277353	247.0	251.0
37680	277353	249.0	251.0
37692	277353	251.0	251.0
37704	277353	251.0	250.0
37716	277353	251.0	251.0
37728	277353	253.0	252.0
37740	277353	253.0	252.0
37752	277353	255.0	252.0
37764	277353	256.0	252.0
37776	277353	257.0	253.0
37788	277353	258.0	253.0
37800	277353	259.0	253.0
37812	277353	262.0	253.0
37824	277353	264.0	254.0
37836	277353	266.0	254.0
37848	277353	268.0	255.0
37860	277353	272.0	255.0
37872	277353	274.0	256.0
37884	277353	277.0	256.0
37896	277353	280.0	256.0
37908	277353	284.0	256.0
37920	277353	287.0	257.0
37932	277353	291.0	258.0
37944	277353	296.0	258.0
37956	277353	300.0	259.0
37968	277353	304.0	260.0
37980	277353	308.0	260.0
37992	277353	313.0	260.0
38004	277353	318.0	261.0
38016	277353	324.0	262.0
38028	277353	328.0	263.0
38040	277353	334.0	264.0
38052	277353	340.0	265.0
38064	277353	347.0	266.0
38076	277353	353.0	267.0
38088	277353	361.0	269.0
38100	277353	369.0	270.0
38112	277353	378.0	271.0
38124	277353	388.0	273.0
38136	277353	398.0	275.0
38148	277353	410.0	277.0
38160	277353	425.0	280.0
38172	277353	441.0	283.0
38184	277353	458.0	287.0
38196	277353	480.0	292.0
38208	277353	506.0	298.0
38220	277353	538.0	306.0
38232	277353	580.0	315.0
38244	277353	633.0	328.0
38256	277353	701.0	344.0
38268	277353	803.0	368.0
38280	277353	960.0	406.0
38292	277353	1029.0	481.0
37704	277377	292.0	248.0
37716	277377	294.45454545454544	248.0
37728	277377	297.0	248.0
37740	277377	300.0	249.0
37752	277377	303.0	249.0
37764	277377	306.0	250.0
37776	277377	308.0	250.0
37788	277377	309.0	249.0
37800	277377	311.0	250.0
37812	277377	313.0	250.0
37824	277377	315.0	251.0
37836	277377	314.0	251.0
37848	277377	318.0	251.0
37860	277377	320.0	251.0
37872	277377	323.0	252.0
37884	277377	325.0	252.0
37896	277377	328.0	251.0
37908	277377	331.0	252.0
37920	277377	332.0	253.0
37932	277377	337.0	253.0
37944	277377	340.0	253.0
37956	277377	344.0	253.0
37968	277377	349.0	254.0
37980	277377	354.0	254.0
37992	277377	359.0	255.0
38004	277377	364.0	255.0
38016	277377	369.0	255.0
38028	277377	375.0	256.0
38040	277377	381.0	257.0
38052	277377	388.0	258.0
38064	277377	397.0	259.0
38076	277377	403.0	259.0
38088	277377	412.0	260.0
38100	277377	420.0	262.0
38112	277377	430.0	263.0
38124	277377	440.0	264.0
38136	277377	453.0	265.0
38148	277377	469.0	267.0
38160	277377	481.0	269.0
38172	277377	495.0	270.0
38184	277377	513.0	271.0
38196	277377	538.0	276.0
38208	277377	562.0	277.0
38220	277377	590.0	281.0
38232	277377	625.0	285.0
38244	277377	669.0	289.0
38256	277377	719.0	293.0
38268	277377	784.0	289.0
38280	277377	881.0	306.0
38292	277377	969.0	321.0
38304	277377	996.0	341.0
38316	277377	993.0	343.0
38328	277377	998.0	348.0
37788	277391	321.0	250.0
37800	277391	325.0	250.0
37812	277391	330.0	251.0
37824	277391	332.0	252.0
37836	277391	334.0	252.0
37848	277391	337.0	253.0
37860	277391	340.0	253.0
37872	277391	344.0	254.0
37884	277391	347.0	254.0
37896	277391	352.0	255.0
37908	277391	354.0	255.0
37920	277391	358.0	256.0
37932	277391	364.0	256.0
37944	277391	369.0	257.0
37956	277391	374.0	257.0
37968	277391	380.0	259.0
37980	277391	386.0	259.0
37992	277391	392.0	259.0
38004	277391	400.0	260.0
38016	277391	407.0	261.0
38028	277391	416.0	262.0
38040	277391	426.0	264.0
38052	277391	437.0	265.0
38064	277391	448.0	267.0
38076	277391	460.0	268.0
38088	277391	475.0	269.0
38100	277391	490.0	271.0
38112	277391	508.0	273.0
38124	277391	527.0	275.0
38136	277391	551.0	278.0
38148	277391	579.0	281.0
38160	277391	611.0	285.0
38172	277391	650.0	290.0
38184	277391	698.0	296.0
38196	277391	758.0	303.0
38208	277391	837.0	313.0
38220	277391	943.0	326.0
38232	277391	994.0	346.0
37956	277424	273.0	251.0
37968	277424	274.0	251.0
37980	277424	274.0	251.0
37992	277424	275.0	251.0
38004	277424	277.0	251.0
38016	277424	278.0	250.0
38028	277424	279.0	252.0
38040	277424	281.0	252.0
38052	277424	283.0	252.0
38064	277424	284.0	253.0
38076	277424	286.0	253.0
38088	277424	289.0	254.0
38100	277424	292.1111111111111	253.0
38112	277424	293.0	254.0
38124	277424	295.0	255.0
38136	277424	296.0	255.0
38148	277424	299.0	256.0
38160	277424	302.0	256.0
38172	277424	305.0	256.0
38184	277424	309.0	258.0
38196	277424	312.0	259.0
38208	277424	315.0	259.0
38220	277424	319.0	260.0
38232	277424	323.0	261.0
38244	277424	327.0	262.0
38256	277424	331.0	262.0
38268	277424	337.0	265.0
38280	277424	341.0	265.0
38292	277424	346.0	266.0
38304	277424	352.0	268.0
38316	277424	358.0	269.0
38328	277424	365.0	271.0
38340	277424	372.0	273.0
38352	277424	381.0	274.0
38364	277424	392.0	276.0
38376	277424	403.0	278.0
38388	277424	418.0	282.0
38400	277424	435.0	286.0
38412	277424	453.0	290.0
38424	277424	477.0	295.0
38436	277424	506.0	302.0
38448	277424	543.0	311.0
38460	277424	589.0	322.0
38472	277424	653.0	336.0
38484	277424	742.0	356.0
38496	277424	878.0	388.0
38508	277424	1005.0	442.0
37980	277428	203.0	247.0
37992	277428	209.0	248.0
38004	277428	214.0	249.0
38016	277428	218.0	250.0
38028	277428	222.5	250.0
38040	277428	228.0	250.0
38052	277428	230.0	251.0
38064	277428	234.0	252.0
38076	277428	237.0	251.0
38088	277428	240.0	251.0
38100	277428	242.0	251.0
38112	277428	243.98181818181817	250.0
38124	277428	245.94545454545454	250.0
38136	277428	247.9090909090909	250.0
38148	277428	249.87272727272727	250.0
38160	277428	251.83636363636364	250.0
38172	277428	252.0	250.0
38184	277428	254.0	252.0
38196	277428	256.0	252.0
38208	277428	259.0	253.0
38220	277428	260.0	253.0
38232	277428	263.0	252.0
38244	277428	266.0	252.0
38256	277428	266.5	252.125
38268	277428	269.3333333333333	252.33333333333334
38280	277428	270.0	252.0
38292	277428	272.0	253.5
38304	277428	274.5	254.0
38316	277428	275.0	254.0
38328	277428	278.0	255.0
38340	277428	281.0	255.0
38352	277428	283.0	256.0
38364	277428	287.0	256.0
38376	277428	290.0	256.0
38388	277428	293.0	257.0
38400	277428	297.0	257.0
38412	277428	301.0	258.0
38424	277428	304.0	259.0
38436	277428	308.0	259.0
38448	277428	312.0	260.0
38460	277428	316.0	261.0
38472	277428	320.0	262.0
38484	277428	326.0	262.0
38496	277428	330.0	263.0
38508	277428	335.0	265.0
38520	277428	339.0	266.0
38532	277428	344.0	267.0
38544	277428	351.0	268.0
38556	277428	357.0	270.0
38568	277428	365.0	271.0
38580	277428	372.0	273.0
38592	277428	381.0	274.0
38604	277428	392.0	277.0
38616	277428	403.0	279.0
38628	277428	418.0	282.0
38640	277428	434.0	286.0
38652	277428	453.0	291.0
38664	277428	477.0	297.0
38676	277428	507.0	305.0
38688	277428	544.0	313.0
38700	277428	594.0	325.0
38712	277428	661.0	343.0
38724	277428	755.0	366.0
38736	277428	906.0	405.0
38748	277428	1016.0	470.0
38004	277431	304.0	255.0
38016	277431	308.0	258.0
38028	277431	307.0	258.0
38040	277431	309.0	259.0
38052	277431	313.0	260.0
38064	277431	316.0	261.0
38076	277431	321.0	261.0
38088	277431	326.0	262.0
38100	277431	330.0	262.0
38112	277431	336.0	264.0
38124	277431	341.0	264.0
38136	277431	347.0	266.0
38148	277431	353.0	267.0
38160	277431	360.0	269.0
38172	277431	367.0	270.0
38184	277431	375.0	271.0
38196	277431	383.0	273.0
38208	277431	393.0	274.0
38220	277431	403.0	276.0
38232	277431	415.0	278.0
38244	277431	429.0	281.0
38256	277431	445.0	285.0
38268	277431	463.0	289.0
38280	277431	484.0	293.0
38292	277431	510.0	299.0
38304	277431	541.0	306.0
38316	277431	581.0	315.0
38328	277431	632.0	327.0
38340	277431	699.0	342.0
38352	277431	793.0	363.0
38364	277431	934.0	395.0
38376	277431	1014.0	449.0
38136	277437	193.0	246.0
38148	277437	198.0	247.0
38160	277437	204.0	248.0
38172	277437	210.0	249.0
38184	277437	215.0	249.0
38196	277437	219.0	250.0
38208	277437	223.0	250.0
38220	277437	229.0	251.0
38232	277437	234.0	251.0
38244	277437	234.0	251.0
38256	277437	234.0	251.0
38268	277437	242.0	251.0
38280	277437	242.0	252.0
38292	277437	244.0	251.0
38304	277437	244.0	252.0
38316	277437	249.0	252.0
38328	277437	251.0	252.0
38340	277437	251.0	252.0
38352	277437	252.0	252.0
38364	277437	253.0	253.0
38376	277437	255.0	253.0
38388	277437	259.0	254.0
38400	277437	262.0	254.0
38412	277437	263.0	254.0
38424	277437	268.0	255.0
38436	277437	269.0	255.0
38448	277437	271.0	256.0
38460	277437	273.0	256.0
38472	277437	276.0	257.0
38484	277437	279.0	257.0
38496	277437	282.0	258.0
38508	277437	286.0	258.0
38520	277437	290.0	259.0
38532	277437	295.0	260.0
38544	277437	300.0	261.0
38556	277437	304.0	262.0
38568	277437	309.0	262.0
38580	277437	315.0	263.0
38592	277437	319.0	265.0
38604	277437	326.0	266.0
38616	277437	334.0	267.0
38628	277437	340.0	268.0
38640	277437	349.0	270.0
38652	277437	358.0	271.0
38664	277437	368.0	273.0
38676	277437	379.0	274.0
38688	277437	391.0	277.0
38700	277437	406.0	279.0
38712	277437	422.0	283.0
38724	277437	441.0	287.0
38736	277437	464.0	292.0
38748	277437	490.0	298.0
38760	277437	525.0	305.0
38772	277437	567.0	315.0
38784	277437	623.0	328.0
38796	277437	700.0	344.0
38808	277437	810.0	368.0
38820	277437	969.0	406.0
38184	277443	293.0	247.0
38196	277443	293.0	247.0
38208	277443	296.0	248.0
38220	277443	297.0	248.0
38232	277443	298.0	248.0
38244	277443	304.0	249.0
38256	277443	305.0	249.0
38268	277443	308.5	248.0
38280	277443	313.0	249.0
38292	277443	314.0	250.0
38304	277443	317.0	250.0
38316	277443	321.0	250.0
38328	277443	322.0	250.0
38340	277443	326.0	251.0
38352	277443	328.0	252.0
38364	277443	331.0	252.0
38376	277443	333.0	253.0
38388	277443	338.0	253.0
38400	277443	342.0	254.0
38412	277443	346.0	254.0
38424	277443	351.0	254.0
38436	277443	355.0	255.0
38448	277443	360.0	255.0
38460	277443	365.0	256.0
38472	277443	371.0	257.0
38484	277443	377.0	256.0
38496	277443	385.0	258.0
38508	277443	393.0	259.0
38520	277443	400.0	260.0
38532	277443	409.0	261.0
38544	277443	419.0	262.0
38556	277443	430.0	264.0
38568	277443	441.0	265.0
38580	277443	454.0	267.0
38592	277443	469.0	269.0
38604	277443	487.0	271.0
38616	277443	506.0	273.0
38628	277443	529.0	275.0
38640	277443	556.0	278.0
38652	277443	587.0	281.0
38664	277443	627.0	286.0
38676	277443	676.0	292.0
38688	277443	739.0	300.0
38700	277443	823.0	310.0
38712	277443	939.0	325.0
38724	277443	1000.0	349.0
38424	277474	249.0	252.0
38436	277474	249.5	252.0
38448	277474	250.0	252.0
38460	277474	252.0	253.0
38472	277474	254.0	254.0
38484	277474	256.0	254.0
38496	277474	258.0	255.0
38508	277474	261.0	255.0
38520	277474	263.0	256.0
38532	277474	267.0	256.0
38544	277474	271.0	256.0
38556	277474	273.0	257.0
38568	277474	278.0	258.0
38580	277474	282.0	259.0
38592	277474	285.0	260.0
38604	277474	290.0	260.0
38616	277474	293.0	262.0
38628	277474	298.0	262.0
38640	277474	303.5	262.0
38652	277474	309.0	264.0
38664	277474	315.0	265.0
38676	277474	322.0	266.0
38688	277474	329.0	267.0
38700	277474	338.0	268.0
38712	277474	346.0	270.0
38724	277474	356.0	271.0
38736	277474	366.0	273.0
38748	277474	379.0	274.0
38760	277474	392.0	276.0
38772	277474	407.0	278.0
38784	277474	424.0	282.0
38796	277474	446.0	286.0
38808	277474	469.0	291.0
38820	277474	498.0	296.0
38832	277474	533.0	303.0
38844	277474	576.0	312.0
38856	277474	632.0	323.0
38868	277474	707.0	338.0
38880	277474	816.0	360.0
38892	277474	969.0	394.0
38904	277474	1032.0	460.0
38472	277478	279.0	235.0
38484	277478	281.0	236.0
38496	277478	282.0	236.0
38508	277478	285.0	238.0
38520	277478	284.0	235.0
38532	277478	286.0	235.0
38544	277478	286.0	235.0
38556	277478	286.70588235294116	234.35294117647058
38568	277478	288.16	235.04
38580	277478	290.08	235.52
38592	277478	292.0	236.0
38604	277478	292.55555555555554	237.44444444444446
38616	277478	300.0	251.0
38628	277478	297.3333333333333	245.33333333333334
38640	277478	305.0	262.0
38652	277478	301.0	256.0
38664	277478	305.0	257.0
38676	277478	306.0	257.0
38688	277478	308.0	258.0
38700	277478	311.0	258.0
38712	277478	315.0	259.0
38724	277478	319.0	259.0
38736	277478	322.0	261.0
38748	277478	327.0	261.0
38760	277478	332.0	262.0
38772	277478	338.0	264.0
38784	277478	343.0	265.0
38796	277478	350.0	266.0
38808	277478	357.0	268.0
38820	277478	364.0	269.0
38832	277478	372.0	270.0
38844	277478	380.0	271.0
38856	277478	391.0	273.0
38868	277478	404.0	274.0
38880	277478	417.0	276.0
38892	277478	429.0	278.0
38904	277478	445.0	282.0
38916	277478	464.0	285.0
38928	277478	486.0	289.0
38940	277478	512.0	295.0
38952	277478	544.0	301.0
38964	277478	583.0	309.0
38976	277478	636.0	319.0
38988	277478	702.0	332.0
39000	277478	794.0	350.0
39012	277478	913.0	373.0
39024	277478	967.0	391.0
39036	277478	986.0	424.0
39048	277478	975.0	420.0
39060	277478	997.0	423.0
38616	277508	261.0	248.0
38628	277508	264.0	249.0
38640	277508	265.0	249.0
38652	277508	265.0	249.0
38664	277508	265.0	248.0
38676	277508	266.0	249.0
38688	277508	267.0	250.0
38700	277508	268.0	250.0
38712	277508	269.0	250.0
38724	277508	269.0	249.0
38736	277508	269.0	250.0
38748	277508	272.0	251.0
38760	277508	273.0	251.0
38772	277508	274.0	251.0
38784	277508	274.0	251.0
38796	277508	275.0	252.0
38808	277508	277.0	253.0
38820	277508	278.0	253.0
38832	277508	280.0	253.0
38844	277508	282.0	253.0
38856	277508	283.0	253.0
38868	277508	284.0	253.0
38880	277508	286.0	253.0
38892	277508	288.0	254.0
38904	277508	290.0	254.0
38916	277508	291.0	254.0
38928	277508	293.0	254.0
38940	277508	295.0	255.0
38952	277508	297.0	256.0
38964	277508	299.0	256.0
38976	277508	301.0	256.0
38988	277508	303.0	257.0
39000	277508	306.0	257.0
39012	277508	308.0	258.0
39024	277508	311.0	258.0
39036	277508	314.0	259.0
39048	277508	317.0	260.0
39060	277508	321.0	261.0
39072	277508	326.0	262.0
39084	277508	329.0	262.0
39096	277508	334.0	264.0
39108	277508	339.0	265.0
39120	277508	344.0	266.0
39132	277508	351.0	267.0
39144	277508	357.0	268.0
39156	277508	365.0	270.0
39168	277508	372.0	272.0
39180	277508	381.0	273.0
39192	277508	391.0	275.0
39204	277508	403.0	277.0
39216	277508	417.0	279.0
39228	277508	433.0	283.0
39240	277508	451.0	287.0
39252	277508	474.0	292.0
39264	277508	501.0	298.0
39276	277508	534.0	305.0
39288	277508	576.0	315.0
39300	277508	630.0	328.0
39312	277508	707.0	345.0
39324	277508	818.0	370.0
39336	277508	974.0	412.0
39348	277508	1032.0	470.0
38676	277520	198.0	248.0
38688	277520	203.0	248.0
38700	277520	208.0	250.0
38712	277520	215.0	250.0
38724	277520	218.0	251.0
38736	277520	221.66666666666666	252.0
38748	277520	227.0	252.0
38760	277520	230.0	252.0
38772	277520	232.0	251.0
38784	277520	235.0	252.0
38796	277520	238.0	251.0
38808	277520	240.0	251.0
38820	277520	243.0	252.0
38832	277520	246.0	253.0
38844	277520	246.0	251.0
38856	277520	246.25	251.25
38868	277520	250.0	252.0
38880	277520	252.0	251.0
38892	277520	253.0	251.0
38904	277520	255.0	252.0
38916	277520	257.0	252.0
38928	277520	259.0	252.0
38940	277520	261.0	252.0
38952	277520	264.0	253.0
38964	277520	267.0	253.0
38976	277520	269.0	253.0
38988	277520	272.3333333333333	253.0
39000	277520	275.0	252.0
39012	277520	278.0	252.0
39024	277520	281.0	253.0
39036	277520	282.0	253.0
39048	277520	286.0	253.0
39060	277520	288.0	253.0
39072	277520	292.0	254.0
39084	277520	297.0	255.0
39096	277520	300.0	255.0
39108	277520	304.0	255.0
39120	277520	309.0	256.0
39132	277520	313.0	257.0
39144	277520	317.0	256.0
39156	277520	322.0	257.0
39168	277520	327.0	258.0
39180	277520	332.0	258.0
39192	277520	340.0	259.0
39204	277520	346.0	260.0
39216	277520	355.0	260.0
39228	277520	363.0	262.0
39240	277520	373.0	262.0
39252	277520	381.0	263.0
39264	277520	389.0	263.0
39276	277520	398.0	264.0
39288	277520	408.0	266.0
39300	277520	418.0	267.0
39312	277520	432.0	269.0
39324	277520	445.0	270.0
39336	277520	459.0	271.0
39348	277520	477.0	273.0
39360	277520	496.0	275.0
39372	277520	517.0	276.0
39384	277520	541.0	279.0
39396	277520	569.0	282.0
39408	277520	600.0	286.0
39420	277520	637.0	290.0
39432	277520	681.0	295.0
39444	277520	736.0	303.0
39456	277520	806.0	312.0
39468	277520	898.0	325.0
39480	277520	981.0	340.0
39156	277641	266.0	250.0
39168	277641	266.0	249.0
39180	277641	266.96078431372547	249.13725490196077
39192	277641	268.6078431372549	249.37254901960785
39204	277641	270.2549019607843	249.6078431372549
39216	277641	271.9019607843137	249.84313725490196
39228	277641	273.42105263157896	249.78947368421052
39240	277641	274.6842105263158	249.1578947368421
39252	277641	275.0	249.0
39264	277641	276.0	249.0
39276	277641	276.0	248.0
39288	277641	277.0	249.0
39300	277641	279.0	250.0
39312	277641	280.0	251.0
39324	277641	281.0	251.0
39336	277641	282.0	251.0
39348	277641	282.0	252.0
39360	277641	285.0	252.0
39372	277641	288.0	251.0
39384	277641	289.0	251.0
39396	277641	290.0	251.0
39408	277641	294.0	252.0
39420	277641	296.0	252.0
39432	277641	295.0	253.0
39444	277641	299.0	253.0
39456	277641	301.0	253.0
39468	277641	303.0	253.0
39480	277641	305.0	253.0
39492	277641	308.0	254.0
39504	277641	310.0	255.0
39516	277641	312.0	256.0
39528	277641	314.0	256.0
39540	277641	317.0	256.0
39552	277641	320.0	257.0
39564	277641	323.0	258.0
39576	277641	326.0	259.0
39588	277641	331.0	260.0
39600	277641	334.0	261.0
39612	277641	340.0	262.0
39624	277641	344.0	263.0
39636	277641	349.0	264.0
39648	277641	356.0	266.0
39660	277641	363.0	267.0
39672	277641	370.0	268.0
39684	277641	379.0	270.0
39696	277641	389.0	272.0
39708	277641	400.0	273.0
39720	277641	413.0	275.0
39732	277641	429.0	278.0
39744	277641	446.0	281.0
39756	277641	467.0	286.0
39768	277641	492.0	291.0
39780	277641	523.0	297.0
39792	277641	563.0	305.0
39804	277641	613.0	316.0
39816	277641	684.0	331.0
39828	277641	783.0	350.0
39840	277641	938.0	382.0
39852	277641	1025.0	443.0
39168	277645	286.0	247.0
39180	277645	287.0	246.0
39192	277645	288.5	247.0
39204	277645	290.0	247.0
39216	277645	290.0	247.0
39228	277645	291.0	248.0
39240	277645	293.0	248.0
39252	277645	293.0	247.0
39264	277645	295.0	247.0
39276	277645	296.0	247.0
39288	277645	297.0	247.0
39300	277645	298.0	248.0
39312	277645	300.0	250.0
39324	277645	302.0	250.0
39336	277645	304.0	250.0
39348	277645	305.0	249.0
39360	277645	306.0	248.0
39372	277645	309.0	249.0
39384	277645	310.0	250.0
39396	277645	312.0	250.0
39408	277645	314.0	249.0
39420	277645	316.0	250.0
39432	277645	318.0	251.0
39444	277645	318.0	250.0
39456	277645	322.0	250.0
39468	277645	324.0	250.0
39480	277645	326.0	250.0
39492	277645	330.0	251.0
39504	277645	332.0	251.0
39516	277645	335.0	251.0
39528	277645	338.0	253.0
39540	277645	341.0	253.0
39552	277645	344.0	254.0
39564	277645	349.0	254.0
39576	277645	352.0	254.0
39588	277645	356.0	255.0
39600	277645	362.0	256.0
39612	277645	367.0	256.0
39624	277645	372.0	256.0
39636	277645	377.0	257.0
39648	277645	383.0	258.0
39660	277645	391.0	259.0
39672	277645	398.0	260.0
39684	277645	406.0	261.0
39696	277645	414.0	262.0
39708	277645	425.0	264.0
39720	277645	434.0	264.0
39732	277645	447.0	266.0
39744	277645	459.0	267.0
39756	277645	475.0	269.0
39768	277645	485.0	258.0
39228	277647	197.0	248.0
39240	277647	202.0	249.0
39252	277647	208.0	249.0
39264	277647	214.0	250.0
39276	277647	218.0	251.0
39288	277647	223.0	252.0
39300	277647	226.5	252.0
39312	277647	229.0	252.0
39324	277647	233.0	252.0
39336	277647	236.0	252.0
39348	277647	240.0	252.0
39360	277647	242.0	252.0
39372	277647	245.0	252.0
39384	277647	247.0	251.0
39396	277647	250.0	251.0
39408	277647	252.0	251.0
39420	277647	256.0	252.0
39432	277647	258.0	252.0
39444	277647	260.7142857142857	251.0
39456	277647	262.0	251.0
39468	277647	264.0	252.0
39480	277647	267.0	252.0
39492	277647	269.0	252.0
39504	277647	271.0	253.0
39516	277647	273.0	252.0
39528	277647	275.0	252.0
39540	277647	277.0	253.0
39552	277647	279.0	253.0
39564	277647	281.0	253.0
39576	277647	283.0	254.0
39588	277647	284.0	254.0
39600	277647	286.0	255.0
39612	277647	289.0	255.0
39624	277647	291.0	255.0
39636	277647	293.0	256.0
39648	277647	295.0	256.0
39660	277647	298.0	257.0
39672	277647	299.0	257.0
39684	277647	301.0	258.0
39696	277647	305.0	258.0
39708	277647	307.0	259.0
39720	277647	310.0	260.0
39732	277647	314.0	261.0
39744	277647	318.0	262.0
39756	277647	322.0	262.0
39768	277647	326.0	263.0
39780	277647	331.0	264.0
39792	277647	337.0	265.0
39804	277647	344.0	266.0
39816	277647	351.0	267.0
39828	277647	360.0	270.0
39840	277647	370.0	271.0
39852	277647	381.0	272.0
39864	277647	395.0	274.0
39876	277647	411.0	276.0
39888	277647	431.0	278.0
39900	277647	454.0	282.0
39912	277647	481.0	286.0
39924	277647	515.0	290.0
39936	277647	558.0	297.0
39948	277647	610.0	304.0
39960	277647	679.0	314.0
39972	277647	773.0	327.0
39984	277647	902.0	344.0
39996	277647	1002.0	375.0
39468	277696	204.0	249.0
39480	277696	212.0	250.0
39492	277696	217.0	250.0
39504	277696	220.0	250.0
39516	277696	223.0	251.0
39528	277696	228.0	250.0
39540	277696	230.0	251.0
39552	277696	233.0	251.0
39564	277696	237.0	250.0
39576	277696	239.0	250.0
39588	277696	241.0	250.0
39600	277696	244.0	250.0
39612	277696	246.25	250.25
39624	277696	246.0	251.0
39636	277696	248.0	251.0
39648	277696	249.0	252.0
39660	277696	249.0	251.0
39672	277696	251.0	251.0
39684	277696	251.0	251.0
39696	277696	253.0	252.0
39708	277696	253.0	252.0
39720	277696	254.0	252.0
39732	277696	255.0	252.0
39744	277696	256.0	253.0
39756	277696	257.0	253.0
39768	277696	263.0	254.0
39780	277696	265.0	254.0
39792	277696	265.0	254.0
39804	277696	266.0	254.0
39816	277696	269.0	255.0
39828	277696	273.0	255.0
39840	277696	274.0	256.0
39852	277696	276.0	256.0
39864	277696	281.0	256.0
39876	277696	285.0	257.0
39888	277696	289.0	258.0
39900	277696	295.0	257.0
39912	277696	299.0	259.0
39924	277696	301.0	260.0
39936	277696	305.0	260.0
39948	277696	309.0	261.0
39960	277696	314.0	262.0
39972	277696	319.0	263.0
39984	277696	326.0	265.0
39996	277696	332.0	266.0
40008	277696	340.0	267.0
40020	277696	349.0	268.0
40032	277696	358.0	269.0
40044	277696	368.0	271.0
40056	277696	379.0	273.0
40068	277696	391.0	275.0
40080	277696	405.0	277.0
40092	277696	420.0	279.0
40104	277696	440.0	283.0
40116	277696	463.0	287.0
40128	277696	489.0	292.0
40140	277696	522.0	298.0
40152	277696	563.0	306.0
40164	277696	615.0	317.0
40176	277696	686.0	331.0
40188	277696	785.0	351.0
40200	277696	939.0	382.0
40212	277696	1023.0	438.0
39600	277720	267.0	249.0
39612	277720	268.0	249.0
39624	277720	269.0	249.0
39636	277720	269.5	249.5
39648	277720	271.0	248.0
39660	277720	273.0	250.0
39672	277720	274.0	249.0
39684	277720	275.0	250.0
39696	277720	275.0	249.0
39708	277720	276.0	250.0
39720	277720	277.0	250.0
39732	277720	279.0	251.0
39744	277720	281.0	251.0
39756	277720	280.0	251.0
39768	277720	282.0	251.0
39780	277720	282.0	252.0
39792	277720	283.0	251.0
39804	277720	285.0	252.0
39816	277720	287.0	252.0
39828	277720	289.0	252.0
39840	277720	289.0	253.0
39852	277720	290.0	253.0
39864	277720	292.0	253.0
39876	277720	295.0	252.0
39888	277720	294.0	254.0
39792	277739	302.0	248.0
39804	277739	306.0	248.0
39816	277739	309.0	249.0
39828	277739	309.90909090909093	249.0
39840	277739	316.0	251.0
39852	277739	325.0	251.0
39864	277739	327.0	251.0
39876	277739	331.0	251.0
39888	277739	334.0	253.0
39900	277739	337.0	253.0
39912	277739	341.0	253.0
39924	277739	345.0	254.0
39936	277739	348.0	255.0
39948	277739	351.0	255.0
39960	277739	357.0	255.0
39972	277739	361.0	257.0
39984	277739	365.0	257.0
39996	277739	370.0	258.0
40008	277739	377.0	259.0
40020	277739	382.0	259.0
40032	277739	388.0	260.0
40044	277739	396.0	261.0
40056	277739	404.0	262.0
40068	277739	412.0	263.0
40080	277739	421.0	264.0
40092	277739	432.0	265.0
40104	277739	443.0	267.0
39864	277760	352.0	256.0
39876	277760	362.0	258.0
39888	277760	372.0	258.0
39900	277760	384.0	259.0
39912	277760	393.0	261.0
39924	277760	400.0	261.0
39936	277760	409.0	262.0
39948	277760	420.0	264.0
39960	277760	430.0	265.0
39972	277760	443.0	266.0
39984	277760	457.0	268.0
39996	277760	472.0	270.0
40008	277760	489.0	271.0
40020	277760	510.0	273.0
40032	277760	532.0	276.0
40044	277760	559.0	279.0
40056	277760	591.0	283.0
40068	277760	629.0	287.0
40080	277760	678.0	293.0
40092	277760	737.0	300.0
40104	277760	815.0	310.0
40116	277760	922.0	323.0
40128	277760	993.0	343.0
39924	277769	277.0	250.0
39936	277769	279.0	251.0
39948	277769	279.0	251.0
39960	277769	281.0	251.0
39972	277769	283.0	251.0
39984	277769	284.0	252.0
39996	277769	285.0	251.0
40008	277769	286.0	252.0
40020	277769	287.0	252.0
40032	277769	288.0	252.0
40044	277769	290.0	252.0
40056	277769	292.0	252.0
40068	277769	292.0	253.0
40080	277769	294.0	253.0
40092	277769	295.0	254.0
40104	277769	297.0	254.0
40116	277769	300.0	254.0
40128	277769	302.0	254.0
40140	277769	303.0	254.0
40152	277769	305.0	255.0
40164	277769	307.0	256.0
40176	277769	309.0	256.0
40188	277769	311.0	256.0
40200	277769	313.0	257.0
40212	277769	317.0	258.0
40224	277769	320.0	259.0
40236	277769	323.0	260.0
40248	277769	327.0	260.0
40260	277769	331.0	260.0
40272	277769	335.0	261.0
40284	277769	340.0	262.0
40296	277769	344.0	263.0
40308	277769	350.0	265.0
40320	277769	355.0	265.0
40332	277769	361.0	266.0
40344	277769	367.0	268.0
40356	277769	374.0	269.0
40368	277769	382.0	270.0
40380	277769	391.0	272.0
40392	277769	402.0	274.0
40404	277769	413.0	275.0
40416	277769	425.0	277.0
40428	277769	443.0	280.0
40440	277769	461.0	284.0
40452	277769	479.0	287.0
40464	277769	501.0	292.0
40476	277769	530.0	298.0
40488	277769	565.0	307.0
40500	277769	609.0	316.0
40512	277769	668.0	328.0
40524	277769	748.0	346.0
40536	277769	865.0	371.0
40548	277769	970.0	411.0
40560	277769	984.0	462.0
40572	277769	938.0	476.0
40584	277769	994.0	436.0
39984	277786	310.0	260.0
39996	277786	313.0	261.0
40008	277786	320.0	262.0
40020	277786	323.0	262.0
40032	277786	328.0	264.0
40044	277786	334.0	265.0
40056	277786	341.0	266.0
40068	277786	349.0	268.0
40080	277786	359.0	269.0
40092	277786	368.0	271.0
40104	277786	379.0	273.0
40116	277786	393.0	274.0
40128	277786	407.0	276.0
40140	277786	421.0	278.0
40152	277786	439.0	282.0
40164	277786	458.0	286.0
40176	277786	484.0	291.0
40188	277786	511.0	297.0
40200	277786	546.0	304.0
40212	277786	590.0	314.0
40224	277786	649.0	326.0
40236	277786	727.0	343.0
40248	277786	843.0	368.0
40260	277786	985.0	410.0
40272	277786	1032.0	457.0
40068	277799	317.0	258.0
40080	277799	323.0	260.0
40092	277799	326.0	259.0
40104	277799	332.0	261.0
40116	277799	337.0	262.0
40128	277799	340.0	263.0
40140	277799	343.0	264.0
40152	277799	347.0	266.0
40164	277799	353.0	267.0
40176	277799	358.0	268.0
40188	277799	365.0	270.0
40200	277799	373.0	272.0
40212	277799	383.0	274.0
40224	277799	394.0	275.0
40236	277799	407.0	278.0
40248	277799	422.0	281.0
40260	277799	441.0	285.0
40272	277799	463.0	290.0
40284	277799	489.0	297.0
40296	277799	522.0	304.0
40308	277799	564.0	315.0
40320	277799	619.0	328.0
40332	277799	699.0	347.0
40344	277799	816.0	376.0
40356	277799	980.0	425.0
40188	277824	273.3	250.3
40200	277824	276.0	250.0
40212	277824	277.0	251.0
40224	277824	279.0	250.0
40236	277824	281.0	251.0
40248	277824	280.3809523809524	251.38095238095238
40260	277824	280.95238095238096	251.95238095238096
40272	277824	284.0	252.0
40284	277824	285.0	251.0
40296	277824	287.0	252.0
40308	277824	288.0	253.0
40320	277824	289.0	253.0
40332	277824	291.0	254.0
40344	277824	293.0	254.0
40356	277824	294.0	254.0
40368	277824	296.0	255.0
40380	277824	298.0	256.0
40392	277824	300.0	256.0
40404	277824	302.0	256.0
40416	277824	305.0	256.0
40428	277824	307.0	257.0
40440	277824	310.0	259.0
40452	277824	313.0	259.0
40464	277824	316.0	259.0
40476	277824	319.0	260.0
40488	277824	323.0	262.0
40500	277824	326.0	262.0
40512	277824	331.0	263.0
40524	277824	335.0	264.0
40536	277824	340.0	265.0
40548	277824	345.0	266.0
40560	277824	351.0	267.0
40572	277824	357.0	269.0
40584	277824	363.0	270.0
40596	277824	371.0	272.0
40608	277824	380.0	273.0
40620	277824	390.0	274.0
40632	277824	400.0	276.0
40644	277824	413.0	279.0
40656	277824	427.0	281.0
40668	277824	443.0	285.0
40680	277824	463.0	289.0
40692	277824	487.0	293.0
40704	277824	514.0	299.0
40716	277824	549.0	307.0
40728	277824	594.0	316.0
40740	277824	652.0	329.0
40752	277824	730.0	344.0
40764	277824	845.0	369.0
40776	277824	982.0	406.0
40428	277889	284.0	253.0
40440	277889	286.0	254.0
40452	277889	289.0	254.0
40464	277889	290.0	255.0
40476	277889	293.0	254.0
40488	277889	295.0	255.0
40500	277889	298.0	256.0
40512	277889	303.0	256.0
40524	277889	305.0	257.0
40536	277889	308.0	258.0
40548	277889	312.0	259.0
40560	277889	315.0	259.0
40572	277889	319.0	261.0
40584	277889	324.0	261.0
40596	277889	330.0	262.0
40608	277889	335.0	263.0
40620	277889	340.0	264.0
40632	277889	345.0	265.0
40644	277889	350.0	266.0
40656	277889	355.0	267.0
40668	277889	362.0	268.0
40680	277889	369.0	269.0
40692	277889	377.0	271.0
40704	277889	387.0	272.0
40716	277889	396.0	274.0
40728	277889	407.0	275.0
40740	277889	419.0	277.0
40752	277889	434.0	280.0
40764	277889	451.0	283.0
40776	277889	471.0	287.0
40788	277889	493.0	292.0
40800	277889	520.0	298.0
40812	277889	554.0	304.0
40824	277889	596.0	314.0
40836	277889	649.0	325.0
40848	277889	721.0	340.0
40860	277889	821.0	361.0
40872	277889	964.0	393.0
40884	277889	1025.0	455.0
40464	277890	279.0	251.0
40476	277890	280.0	252.0
40488	277890	281.0	253.0
40500	277890	285.0	253.0
40512	277890	286.0	253.0
40524	277890	286.0	253.0
40536	277890	288.0	253.0
40548	277890	290.0	254.0
40560	277890	291.0	254.0
40572	277890	294.0	254.0
40584	277890	296.0	256.0
40596	277890	300.0	256.0
40608	277890	302.0	256.0
40620	277890	306.0	256.0
40632	277890	309.0	257.0
40644	277890	312.0	258.0
40656	277890	315.0	258.0
40668	277890	318.0	259.0
40680	277890	321.0	260.0
40692	277890	325.0	261.0
40704	277890	328.0	261.0
40716	277890	333.0	262.0
40728	277890	338.0	263.0
40740	277890	342.0	264.0
40752	277890	347.0	265.0
40764	277890	353.0	266.0
40776	277890	358.0	267.0
40788	277890	366.0	269.0
40800	277890	373.0	271.0
40812	277890	383.0	272.0
40824	277890	391.0	274.0
40836	277890	402.0	275.0
40848	277890	415.0	277.0
40860	277890	429.0	280.0
40872	277890	445.0	283.0
40884	277890	463.0	287.0
40896	277890	486.0	292.0
40908	277890	511.0	298.0
40920	277890	543.0	305.0
40932	277890	581.0	314.0
40944	277890	632.0	325.0
40956	277890	700.0	340.0
40968	277890	796.0	361.0
40980	277890	939.0	393.0
40992	277890	1018.0	449.0
40572	277908	216.28571428571428	250.85714285714286
40584	277908	220.0	251.0
40596	277908	225.30769230769232	251.0
40608	277908	229.0	252.0
40620	277908	229.66666666666666	252.0
40632	277908	231.0	251.0
40644	277908	234.0	252.0
40656	277908	237.13333333333333	251.0
40668	277908	239.33333333333334	251.0
40680	277908	241.0	251.0
40692	277908	242.0	251.0
40704	277908	243.0	251.0
40716	277908	245.0	251.0
40728	277908	246.66666666666666	251.0
40740	277908	247.375	251.0
40752	277908	250.0	250.0
40764	277908	251.0	251.0
40776	277908	251.0	251.0
40788	277908	252.0	252.0
40800	277908	250.0	253.0
40812	277908	255.0	252.0
40824	277908	255.0	253.0
40836	277908	256.0	253.0
40848	277908	257.0	253.0
40860	277908	258.6666666666667	253.0
40872	277908	260.0	252.0
40884	277908	262.0	253.0
40896	277908	264.0	254.0
40908	277908	265.0	254.0
40920	277908	266.0	254.0
40932	277908	268.0	255.0
40944	277908	270.0	255.0
40956	277908	272.0	256.0
40968	277908	274.0	255.0
40980	277908	276.0	255.0
40992	277908	277.0	255.0
41004	277908	281.0	256.0
41016	277908	283.0	257.0
41028	277908	285.0	257.0
41040	277908	287.0	257.0
41052	277908	290.0	258.0
41064	277908	291.0	253.0
41076	277908	296.0	258.0
41088	277908	299.0	259.0
41100	277908	302.0	259.0
41112	277908	306.0	260.0
41124	277908	310.0	261.0
41136	277908	313.0	260.0
41148	277908	319.0	262.0
41160	277908	323.0	263.0
41172	277908	329.0	265.0
41184	277908	334.0	265.0
41196	277908	342.0	267.0
41208	277908	347.0	268.0
41220	277908	354.0	268.0
41232	277908	361.0	270.0
41244	277908	369.0	271.0
41256	277908	378.0	272.0
41268	277908	388.0	275.0
41280	277908	399.0	276.0
41292	277908	412.0	277.0
41304	277908	425.0	280.0
41316	277908	441.0	284.0
41328	277908	457.0	288.0
41340	277908	476.0	292.0
41352	277908	502.0	297.0
41364	277908	533.0	304.0
41376	277908	569.0	312.0
41388	277908	615.0	323.0
41400	277908	675.0	337.0
41412	277908	758.0	355.0
41424	277908	880.0	383.0
41436	277908	990.0	426.0
41448	277908	1019.0	462.0
40656	277919	279.0	247.0
40668	277919	279.0	247.0
40680	277919	280.14285714285717	247.0
40692	277919	282.0	246.0
40704	277919	283.0	246.0
40716	277919	283.0	247.0
40728	277919	282.5	246.0
40740	277919	283.258064516129	247.0
40752	277919	284.03225806451616	247.0
40764	277919	284.80645161290323	247.0
40776	277919	285.6666666666667	246.0
40788	277919	286.0	248.0
40800	277919	286.0	248.0
40812	277919	287.0	248.0
40824	277919	287.0	248.0
40836	277919	286.0	248.0
40848	277919	286.0	249.0
40860	277919	285.0	249.0
40872	277919	285.0	249.0
40884	277919	285.0	249.0
40896	277919	284.0	249.0
40908	277919	284.0	249.0
40920	277919	282.0	249.0
40932	277919	282.0	250.0
40944	277919	283.0	250.0
40956	277919	283.0	250.0
40968	277919	283.0	250.0
40980	277919	284.0	250.0
40992	277919	285.0	251.0
41004	277919	286.0	250.0
41016	277919	289.0	250.0
41028	277919	291.54545454545456	250.1818181818182
41040	277919	295.0	251.0
41052	277919	297.0	252.0
41064	277919	300.0	253.0
41076	277919	304.0	252.0
41088	277919	311.0	253.0
41100	277919	314.0	254.0
41112	277919	319.0	254.0
41124	277919	325.0	255.0
41136	277919	331.0	255.0
41148	277919	338.0	257.0
41160	277919	345.0	257.0
41172	277919	352.0	257.0
41184	277919	360.0	258.0
41196	277919	369.0	259.0
41208	277919	377.0	260.0
41220	277919	386.0	261.0
41232	277919	397.0	263.0
41244	277919	408.0	264.0
41256	277919	420.0	265.0
41268	277919	434.0	267.0
41280	277919	450.0	269.0
41292	277919	468.0	270.0
41304	277919	488.0	272.0
41316	277919	511.0	275.0
41328	277919	538.0	278.0
41340	277919	570.0	282.0
41352	277919	609.0	286.0
41364	277919	658.0	293.0
41376	277919	719.0	300.0
41388	277919	802.0	310.0
41400	277919	918.0	325.0
41412	277919	997.0	348.0
40668	277924	298.0	250.0
40680	277924	298.0	250.0
40692	277924	300.0	249.0
40704	277924	304.0	250.0
40716	277924	305.0	250.0
40728	277924	306.0	250.0
40740	277924	310.0	251.0
40752	277924	313.0	250.0
40764	277924	314.0	251.0
40776	277924	316.0	250.0
40788	277924	319.0	251.0
40800	277924	320.0	252.0
40812	277924	324.0	252.0
40824	277924	326.0	253.0
40836	277924	329.0	253.0
40848	277924	332.0	253.0
40860	277924	335.0	254.0
40872	277924	339.0	255.0
40884	277924	342.0	255.0
40896	277924	347.0	256.0
40908	277924	350.0	256.0
40920	277924	356.0	257.0
40932	277924	360.0	257.0
40944	277924	364.0	258.0
40956	277924	370.0	258.0
40968	277924	377.0	259.0
40980	277924	383.0	259.0
40992	277924	391.0	261.0
41004	277924	398.0	262.0
41016	277924	407.0	263.0
41028	277924	416.0	264.0
41040	277924	426.0	265.0
41052	277924	438.0	267.0
41064	277924	451.0	268.0
41076	277924	466.0	270.0
41088	277924	483.0	271.0
41100	277924	503.0	273.0
41112	277924	526.0	276.0
41124	277924	553.0	280.0
41136	277924	585.0	283.0
41148	277924	626.0	288.0
41160	277924	675.0	295.0
41172	277924	737.0	303.0
41184	277924	820.0	313.0
41196	277924	937.0	328.0
41208	277924	999.0	350.0
40776	277949	297.0	248.0
40788	277949	300.1	248.7
40800	277949	301.0	250.0
40812	277949	301.0	249.0
40824	277949	303.0	249.0
40836	277949	306.0	250.0
40848	277949	308.0	250.0
40860	277949	311.0	250.0
40872	277949	313.0	250.0
40884	277949	314.0	250.0
40896	277949	317.0	251.0
40908	277949	321.0	251.0
40920	277949	325.0	251.0
40932	277949	327.0	252.0
40944	277949	329.0	253.0
40956	277949	332.0	252.0
40968	277949	337.0	253.0
40980	277949	339.0	253.0
40992	277949	344.0	255.0
41004	277949	348.0	254.0
41016	277949	353.0	255.0
41028	277949	357.0	255.0
41040	277949	361.0	257.0
41052	277949	366.0	257.0
41064	277949	372.0	257.0
41076	277949	378.0	259.0
41088	277949	385.0	260.0
41100	277949	391.0	261.0
41112	277949	399.0	262.0
41124	277949	407.0	263.0
41136	277949	416.0	264.0
41148	277949	427.0	266.0
41160	277949	438.0	267.0
41172	277949	451.0	268.0
41184	277949	466.0	270.0
41196	277949	484.0	272.0
41208	277949	504.0	274.0
41220	277949	528.0	277.0
41232	277949	556.0	281.0
41244	277949	590.0	285.0
41256	277949	632.0	289.0
41268	277949	685.0	297.0
41280	277949	753.0	306.0
41292	277949	844.0	317.0
41304	277949	963.0	332.0
41316	277949	1010.0	362.0
40968	277979	346.0	255.0
40980	277979	350.90909090909093	256.1818181818182
40992	277979	356.0	257.0
41004	277979	363.0	258.0
41016	277979	370.0	260.0
41028	277979	378.0	261.0
41040	277979	385.0	262.0
41052	277979	394.0	262.0
41064	277979	405.0	264.0
41076	277979	416.0	265.0
41088	277979	430.0	267.0
41100	277979	444.0	268.0
41112	277979	460.0	270.0
41124	277979	480.0	272.0
41136	277979	503.0	274.0
41148	277979	530.0	277.0
41160	277979	561.0	280.0
41172	277979	601.0	284.0
41184	277979	653.0	289.0
41196	277979	708.0	296.0
41208	277979	778.0	305.0
41220	277979	871.0	316.0
41232	277979	975.0	332.0
41064	277993	199.0	248.0
41076	277993	205.0	249.0
41088	277993	212.0	250.0
41100	277993	215.0	250.0
41112	277993	220.0	250.0
41124	277993	224.0	250.0
41136	277993	227.0	251.0
41148	277993	230.0	251.0
41160	277993	234.0	251.0
41172	277993	237.0	251.0
41184	277993	240.0	250.0
41196	277993	241.0	251.0
41208	277993	244.0	251.0
41220	277993	246.0	251.0
41232	277993	247.0	250.0
41244	277993	248.0	250.0
41256	277993	251.0	251.0
41268	277993	253.0	251.0
41280	277993	254.0	251.0
41292	277993	256.0	252.0
41304	277993	258.42857142857144	251.92857142857142
41316	277993	263.57142857142856	251.07142857142858
41328	277993	265.0	253.0
41340	277993	267.0	252.0
41352	277993	268.0	252.0
41364	277993	271.0	252.0
41376	277993	274.0	252.0
41388	277993	278.0	253.0
41400	277993	281.0	254.0
41412	277993	284.0	254.0
41424	277993	288.0	254.0
41436	277993	291.0	255.0
41448	277993	295.0	255.0
41460	277993	300.0	256.0
41472	277993	304.0	256.0
41484	277993	309.0	256.0
41496	277993	314.0	256.0
41508	277993	319.0	257.0
41520	277993	324.0	258.0
41532	277993	331.0	258.0
41544	277993	337.0	259.0
41556	277993	343.0	260.0
41568	277993	350.0	260.0
41580	277993	357.0	261.0
41592	277993	365.0	262.0
41604	277993	373.0	263.0
41616	277993	384.0	264.0
41628	277993	393.0	266.0
41640	277993	405.0	266.0
41652	277993	417.0	267.0
41664	277993	432.0	269.0
41676	277993	447.0	270.0
41688	277993	464.0	271.0
41700	277993	483.0	273.0
41712	277993	504.0	274.0
41724	277993	527.0	277.0
41736	277993	555.0	280.0
41748	277993	586.0	284.0
41760	277993	622.0	288.0
41772	277993	667.0	293.0
41784	277993	723.0	300.0
41796	277993	793.0	308.0
41808	277993	887.0	321.0
41820	277993	979.0	335.0
41184	278017	195.0	247.0
41196	278017	199.0	248.0
41208	278017	205.0	248.0
41220	278017	210.0	249.0
41232	278017	214.0	249.0
41244	278017	218.0	250.0
41256	278017	223.0	250.0
41268	278017	226.0	250.0
41280	278017	230.0	250.0
41292	278017	233.0	250.0
41304	278017	236.0	250.0
41316	278017	239.0	250.0
41328	278017	241.0	250.0
41340	278017	243.0	251.0
41352	278017	244.0	251.0
41364	278017	244.0	250.0
41376	278017	246.0	250.0
41388	278017	247.0	250.0
41400	278017	249.0	250.0
41412	278017	251.0	251.0
41424	278017	251.0	250.0
41436	278017	252.0	250.0
41448	278017	253.0	251.0
41460	278017	253.0	251.0
41472	278017	254.0	251.0
41484	278017	254.0	252.0
41496	278017	256.0	252.0
41508	278017	257.0	253.0
41520	278017	257.0	253.0
41532	278017	257.0	253.0
41544	278017	259.0	253.0
41556	278017	260.0	253.0
41568	278017	261.0	254.0
41580	278017	263.0	254.0
41592	278017	264.0	254.0
41604	278017	266.0	255.0
41616	278017	268.0	256.0
41628	278017	267.0	257.0
41640	278017	272.0	257.0
41652	278017	274.0	257.0
41664	278017	277.0	257.0
41676	278017	279.0	258.0
41688	278017	283.0	258.0
41700	278017	284.0	258.0
41712	278017	288.0	259.0
41724	278017	291.0	259.0
41736	278017	294.0	260.0
41748	278017	298.0	260.0
41760	278017	301.0	261.0
41772	278017	306.0	262.0
41784	278017	310.0	262.0
41796	278017	315.0	264.0
41808	278017	321.0	264.0
41820	278017	326.0	266.0
41832	278017	332.0	266.0
41844	278017	340.0	267.0
41856	278017	347.0	269.0
41868	278017	356.0	271.0
41880	278017	365.0	272.0
41892	278017	375.0	273.0
41904	278017	387.0	275.0
41916	278017	399.0	277.0
41928	278017	414.0	279.0
41940	278017	430.0	282.0
41952	278017	446.0	286.0
41964	278017	467.0	290.0
41976	278017	489.0	294.0
41988	278017	517.0	301.0
42000	278017	551.0	309.0
42012	278017	592.0	318.0
42024	278017	647.0	331.0
42036	278017	720.0	347.0
42048	278017	824.0	370.0
42060	278017	970.0	408.0
42072	278017	1026.0	464.0
41460	278105	276.0	249.0
41472	278105	280.0	251.0
41484	278105	284.0	250.0
41496	278105	288.0	251.0
41508	278105	292.0	251.0
41520	278105	296.0	252.0
41532	278105	300.0	251.0
41544	278105	304.0	252.0
41556	278105	308.0	251.0
41568	278105	314.0	252.0
41580	278105	318.0	252.0
41592	278105	321.0	252.0
41604	278105	324.0	253.0
41616	278105	328.0	253.0
41628	278105	331.0	254.0
41640	278105	335.0	255.0
41652	278105	339.0	255.0
41664	278105	344.0	256.0
41676	278105	347.0	255.0
41688	278105	352.0	255.0
41700	278105	357.0	256.0
41712	278105	361.0	256.0
41724	278105	367.0	257.0
41736	278105	372.0	257.0
41748	278105	376.0	258.0
41760	278105	382.0	259.0
41772	278105	388.0	259.0
41784	278105	395.0	260.0
41796	278105	401.0	261.0
41808	278105	409.0	262.0
41820	278105	417.0	263.0
41832	278105	426.0	265.0
41844	278105	437.0	266.0
41856	278105	449.0	268.0
41868	278105	463.0	270.0
41880	278105	479.0	271.0
41892	278105	497.0	273.0
41904	278105	517.0	275.0
41916	278105	541.0	279.0
41928	278105	570.0	282.0
41940	278105	604.0	286.0
41952	278105	645.0	292.0
41964	278105	696.0	298.0
41976	278105	761.0	306.0
41988	278105	844.0	316.0
42000	278105	957.0	331.0
42012	278105	1000.0	356.0
41580	278118	299.0	249.0
41592	278118	301.0	248.0
41604	278118	303.0	249.0
41616	278118	306.6666666666667	249.0
41628	278118	309.0	250.0
41640	278118	311.0	250.0
41652	278118	315.0	251.0
41664	278118	317.0	251.0
41676	278118	319.0	251.0
41688	278118	324.0	251.0
41700	278118	325.0	252.0
41712	278118	329.0	253.0
41724	278118	331.0	253.0
41736	278118	334.0	252.0
41748	278118	338.0	254.0
41760	278118	341.0	254.0
41772	278118	345.0	254.0
41784	278118	350.0	254.0
41796	278118	354.0	255.0
41808	278118	359.0	256.0
41820	278118	364.0	256.0
41832	278118	369.0	257.0
41844	278118	374.0	257.0
41856	278118	380.0	258.0
41868	278118	387.0	259.0
41880	278118	394.0	259.0
41892	278118	401.0	260.0
41904	278118	409.0	262.0
41916	278118	419.0	263.0
41928	278118	429.0	264.0
41940	278118	440.0	265.0
41952	278118	453.0	267.0
41880	278155	320.0	260.0
41892	278155	324.0	260.0
41904	278155	330.0	263.0
41916	278155	335.0	264.0
41928	278155	340.0	265.0
41940	278155	345.0	266.0
41952	278155	353.0	267.0
41964	278155	359.0	269.0
41976	278155	367.0	271.0
41988	278155	378.0	273.0
42000	278155	389.0	274.0
42012	278155	401.0	276.0
42024	278155	416.0	279.0
42036	278155	433.0	282.0
42048	278155	452.0	286.0
42060	278155	474.0	290.0
42072	278155	500.0	296.0
42084	278155	533.0	303.0
42096	278155	573.0	312.0
42108	278155	627.0	325.0
42120	278155	700.0	341.0
42132	278155	804.0	363.0
42144	278155	961.0	401.0
42156	278155	1034.0	476.0
41988	278174	331.0	262.0
42000	278174	334.0	264.0
42012	278174	337.0	264.0
42024	278174	343.0	265.0
42036	278174	348.0	266.0
42048	278174	354.0	267.0
42060	278174	362.0	268.0
42072	278174	368.0	270.0
42084	278174	376.0	271.0
42096	278174	385.0	273.0
42108	278174	395.0	275.0
42120	278174	408.0	275.0
42132	278174	419.0	278.0
42144	278174	438.0	282.0
42156	278174	446.0	283.0
42168	278174	465.0	288.0
42180	278174	485.0	293.0
42192	278174	525.0	298.0
42204	278174	546.0	305.0
42216	278174	584.0	314.0
42228	278174	633.0	324.0
42240	278174	701.0	339.0
42252	278174	792.0	359.0
42264	278174	924.0	389.0
42276	278174	1004.0	434.0
42288	278174	951.0	434.0
42300	278174	975.0	423.0
42312	278174	1001.0	438.0
42000	278177	287.0	256.0
42012	278177	291.0	256.0
42024	278177	292.0	256.0
42036	278177	294.0	257.0
42048	278177	298.0	258.0
42060	278177	301.0	259.0
42072	278177	305.0	261.0
42084	278177	309.0	261.0
42096	278177	311.0	262.0
42108	278177	315.0	263.0
42120	278177	319.0	264.0
42132	278177	326.0	265.0
42144	278177	333.0	266.0
42156	278177	335.0	267.0
42168	278177	341.0	268.0
42180	278177	346.0	270.0
42192	278177	354.0	271.0
42204	278177	363.0	272.0
42216	278177	375.0	274.0
42228	278177	387.0	276.0
42240	278177	405.0	279.0
42252	278177	420.0	282.0
42264	278177	437.0	286.0
42276	278177	457.0	290.0
42288	278177	478.0	294.0
42300	278177	505.0	301.0
42312	278177	538.0	309.0
42324	278177	580.0	319.0
42336	278177	634.0	333.0
42348	278177	709.0	349.0
42360	278177	817.0	374.0
42372	278177	968.0	414.0
42384	278177	1036.0	493.0
42120	278207	293.0	254.0
42132	278207	296.0	255.0
42144	278207	298.5	255.0
42156	278207	300.0	256.0
42168	278207	303.0	257.0
42180	278207	307.2857142857143	257.0
42192	278207	310.0	257.0
42204	278207	312.0	258.0
42216	278207	316.0	259.0
42228	278207	320.0	260.0
42240	278207	324.0	261.0
42252	278207	328.0	262.0
42264	278207	332.6666666666667	262.0
42276	278207	337.0	263.0
42288	278207	342.0	264.0
42300	278207	348.0	265.0
42312	278207	354.0	266.0
42324	278207	361.0	268.0
42336	278207	368.0	268.0
42348	278207	378.0	271.0
42360	278207	387.0	273.0
42372	278207	399.0	274.0
42384	278207	412.0	276.0
42396	278207	427.0	280.0
42408	278207	445.0	284.0
42420	278207	466.0	288.0
42432	278207	491.0	293.0
42444	278207	517.0	299.0
42456	278207	553.0	308.0
42468	278207	601.0	319.0
42480	278207	661.0	335.0
42492	278207	753.0	355.0
42504	278207	889.0	388.0
42516	278207	1003.0	443.0
42168	278213	274.0	250.0
42180	278213	275.0	251.0
42192	278213	276.0	251.0
42204	278213	278.0	251.0
42216	278213	280.0	252.0
42228	278213	282.0	252.0
42240	278213	281.0	251.0
42252	278213	288.0	253.0
42264	278213	290.0	253.0
42276	278213	292.0	252.0
42288	278213	294.0	253.0
42300	278213	297.0	254.0
42312	278213	299.0	255.0
42324	278213	302.0	255.0
42336	278213	304.0	255.0
42348	278213	307.0	256.0
42360	278213	309.0	257.0
42372	278213	311.0	257.0
42384	278213	314.0	258.0
42396	278213	318.0	258.0
42408	278213	321.0	259.0
42420	278213	326.0	260.0
42432	278213	329.0	261.0
42444	278213	334.0	262.0
42456	278213	338.0	263.0
42468	278213	343.0	264.0
42480	278213	349.0	267.0
42492	278213	356.0	268.0
42504	278213	362.0	270.0
42516	278213	371.0	271.0
42528	278213	379.0	272.0
42540	278213	388.0	275.0
42552	278213	399.0	276.0
42564	278213	411.0	278.0
42576	278213	426.0	281.0
42588	278213	443.0	284.0
42600	278213	460.0	287.0
42612	278213	484.0	292.0
42624	278213	511.0	299.0
42636	278213	546.0	306.0
42648	278213	590.0	316.0
42660	278213	648.0	328.0
42672	278213	731.0	347.0
42684	278213	853.0	373.0
42696	278213	989.0	418.0
42708	278213	1027.0	453.0
42432	278281	387.0	261.0
42444	278281	397.0	262.0
42456	278281	405.0	262.0
42468	278281	419.0	264.0
42480	278281	428.0	266.0
42492	278281	440.0	268.0
42504	278281	452.0	270.0
42516	278281	466.0	271.0
42528	278281	481.0	273.0
42540	278281	497.0	276.0
42552	278281	516.0	277.0
42564	278281	537.0	279.0
42576	278281	563.0	283.0
42588	278281	592.0	286.0
42600	278281	628.0	290.0
42612	278281	672.0	295.0
42624	278281	727.0	302.0
42636	278281	795.0	311.0
42648	278281	886.0	323.0
42660	278281	977.0	338.0
42648	278337	283.1818181818182	247.9090909090909
42660	278337	286.0	247.0
42672	278337	286.0	247.0
42684	278337	286.0	247.0
42696	278337	287.0	247.0
42708	278337	288.0	248.0
42720	278337	290.0	247.0
42732	278337	291.0	248.0
42744	278337	292.0	248.0
42756	278337	293.0	248.0
42768	278337	295.0	248.0
42780	278337	295.0	249.0
42792	278337	297.0	249.0
42804	278337	298.0	250.0
42816	278337	299.0	250.0
42828	278337	301.0	250.0
42840	278337	302.0	250.0
42852	278337	304.0	250.0
42864	278337	305.0	250.0
42876	278337	305.0	250.0
42888	278337	309.0	250.0
42900	278337	311.0	251.0
42912	278337	312.0	251.0
42924	278337	315.0	251.0
42936	278337	316.0	252.0
42948	278337	319.0	252.0
42960	278337	321.0	252.0
42972	278337	323.0	253.0
42984	278337	326.0	253.0
42996	278337	328.0	253.0
43008	278337	332.0	254.0
43020	278337	334.0	253.0
43032	278337	337.0	255.0
43044	278337	341.0	255.0
43056	278337	345.0	255.0
43068	278337	350.0	256.0
43080	278337	354.0	257.0
43092	278337	359.0	257.0
43104	278337	365.0	258.0
43116	278337	370.0	258.0
43128	278337	376.0	259.0
43140	278337	382.0	260.0
43152	278337	389.0	261.0
43164	278337	397.0	262.0
43176	278337	404.0	263.0
43188	278337	413.0	264.0
43200	278337	423.0	265.0
43212	278337	434.0	266.0
43224	278337	446.0	268.0
43236	278337	460.0	270.0
43248	278337	474.0	271.0
43260	278337	492.0	274.0
43272	278337	512.0	275.0
43284	278337	535.0	278.0
43296	278337	563.0	281.0
43308	278337	595.0	285.0
43320	278337	637.0	290.0
43332	278337	689.0	297.0
43344	278337	756.0	305.0
43356	278337	843.0	317.0
43368	278337	962.0	333.0
43380	278337	1010.0	363.0
42708	278383	262.0	249.0
42720	278383	262.0	249.0
42732	278383	262.0	249.0
42744	278383	263.1666666666667	250.16666666666666
42756	278383	265.0	250.0
42768	278383	264.0	250.0
42780	278383	265.0	250.0
42792	278383	265.0	250.0
42804	278383	266.0	251.0
42816	278383	267.0	251.0
42828	278383	267.0	251.0
42840	278383	268.0	251.0
42852	278383	269.0	252.0
42864	278383	270.0	252.0
42876	278383	271.0	252.0
42888	278383	273.0	252.0
42900	278383	274.0	252.0
42912	278383	274.0	252.0
42924	278383	276.0	253.0
42936	278383	276.0	253.0
42948	278383	278.0	253.0
42960	278383	278.0	253.0
42972	278383	279.0	253.0
42984	278383	282.0	253.0
42996	278383	283.0	254.0
43008	278383	284.0	254.0
43020	278383	286.0	255.0
43032	278383	288.0	255.0
43044	278383	290.0	256.0
43056	278383	292.0	256.0
43068	278383	294.0	256.0
43080	278383	296.0	257.0
43092	278383	298.0	257.0
43104	278383	300.0	258.0
43116	278383	303.0	259.0
43128	278383	305.0	259.0
43140	278383	307.0	260.0
43152	278383	310.0	260.0
43164	278383	313.0	261.0
43176	278383	316.0	262.0
43188	278383	319.0	262.0
43200	278383	323.0	263.0
43212	278383	327.0	265.0
43224	278383	330.0	266.0
43236	278383	335.0	267.0
43248	278383	339.0	268.0
43260	278383	346.0	269.0
43272	278383	352.0	270.0
43284	278383	359.0	272.0
43296	278383	367.0	273.0
43308	278383	376.0	275.0
43320	278383	386.0	277.0
43332	278383	399.0	279.0
43344	278383	413.0	282.0
43356	278383	429.0	285.0
43368	278383	447.0	289.0
43380	278383	470.0	295.0
43392	278383	499.0	301.0
43404	278383	533.0	309.0
43416	278383	577.0	319.0
43428	278383	635.0	332.0
43440	278383	715.0	350.0
43452	278383	834.0	378.0
43464	278383	984.0	422.0
42924	278393	298.0	250.0
42936	278393	298.0	250.0
42948	278393	302.0	251.0
42960	278393	301.0	251.0
42972	278393	302.0	250.0
42984	278393	304.57142857142856	251.0
42996	278393	309.0	251.0
43008	278393	310.0	251.0
43020	278393	312.0	251.0
43032	278393	315.0	252.0
43044	278393	317.0	253.0
43056	278393	320.0	252.0
43068	278393	324.0	252.0
43080	278393	326.0	252.0
43092	278393	330.0	254.0
43104	278393	333.0	254.0
43116	278393	338.0	255.0
43128	278393	341.0	255.0
43140	278393	345.0	256.0
43152	278393	349.0	256.0
43164	278393	353.0	257.0
43176	278393	358.0	257.0
43188	278393	364.0	257.0
43200	278393	370.0	258.0
43212	278393	375.0	259.0
43224	278393	382.0	259.0
43236	278393	389.0	261.0
43248	278393	396.0	262.0
43260	278393	404.0	263.0
43272	278393	413.0	263.0
43284	278393	422.0	265.0
43296	278393	433.0	266.0
43308	278393	445.0	267.0
43320	278393	459.0	269.0
43332	278393	474.0	270.0
43344	278393	492.0	272.0
43356	278393	511.0	274.0
43368	278393	535.0	277.0
43380	278393	562.0	280.0
43392	278393	595.0	284.0
43404	278393	635.0	289.0
43416	278393	685.0	295.0
43428	278393	746.0	302.0
43440	278393	828.0	313.0
43452	278393	940.0	325.0
43464	278393	995.0	330.0
43128	278420	317.0	252.0
43140	278420	323.0	252.0
43152	278420	326.0	253.0
43164	278420	327.0	253.0
43176	278420	333.0	254.0
43188	278420	336.0	254.0
43200	278420	341.0	255.0
43212	278420	346.0	256.0
43224	278420	351.0	256.0
43236	278420	357.0	257.0
43248	278420	364.0	259.0
43260	278420	370.0	259.0
43272	278420	377.0	258.0
43284	278420	385.0	259.0
43296	278420	392.0	260.0
43308	278420	401.0	262.0
43320	278420	410.0	263.0
43332	278420	422.0	264.0
43344	278420	434.0	265.0
43356	278420	446.0	267.0
43368	278420	460.0	268.0
43380	278420	475.0	270.0
43164	278424	286.0	257.0
43176	278424	290.0	258.0
43188	278424	291.0	258.0
43200	278424	293.0	259.0
43212	278424	295.0	258.0
43224	278424	300.0	260.0
43236	278424	303.0	260.0
43248	278424	307.0	263.0
43260	278424	312.0	262.0
43272	278424	316.0	263.0
43284	278424	319.0	264.0
43296	278424	325.0	265.0
43308	278424	330.0	266.0
43320	278424	335.0	268.0
43332	278424	343.0	269.0
43344	278424	352.0	271.0
43356	278424	361.0	272.0
43368	278424	372.0	274.0
43380	278424	381.0	275.0
43392	278424	393.0	277.0
43404	278424	407.0	280.0
43416	278424	423.0	283.0
43428	278424	440.0	288.0
43440	278424	460.0	292.0
43452	278424	486.0	298.0
43464	278424	518.0	305.0
43476	278424	558.0	314.0
43488	278424	607.0	326.0
43500	278424	678.0	343.0
43512	278424	775.0	365.0
43524	278424	927.0	402.0
43536	278424	1022.0	466.0
43200	278431	276.0	253.0
43212	278431	276.0	252.0
43224	278431	276.0	252.0
43236	278431	277.0	253.0
43248	278431	277.0	252.0
43260	278431	277.0	252.5
43272	278431	278.0	253.0
43284	278431	278.0	253.0
43296	278431	281.0	253.0
43308	278431	281.0	253.0
43320	278431	284.0	254.0
43332	278431	287.0	254.0
43344	278431	287.0	254.0
43356	278431	290.0	255.0
43368	278431	293.0	255.0
43380	278431	295.0	256.0
43392	278431	298.0	256.0
43404	278431	300.0	256.0
43416	278431	303.0	258.0
43428	278431	306.0	258.0
43440	278431	310.0	259.0
43452	278431	313.0	260.0
43464	278431	317.0	261.0
43476	278431	322.0	261.0
43488	278431	327.0	262.0
43500	278431	332.0	264.0
43512	278431	337.0	265.0
43524	278431	343.0	266.0
43536	278431	349.0	267.0
43548	278431	357.0	268.0
43560	278431	366.0	270.0
43572	278431	375.0	271.0
43584	278431	386.0	273.0
43596	278431	397.0	275.0
43608	278431	412.0	278.0
43620	278431	428.0	280.0
43632	278431	445.0	284.0
43644	278431	467.0	288.0
43656	278431	492.0	295.0
43668	278431	526.0	304.0
43680	278431	566.0	311.0
43692	278431	619.0	323.0
43704	278431	693.0	339.0
43716	278431	801.0	360.0
43728	278431	962.0	397.0
43740	278431	1029.0	458.0
43248	278445	289.0	254.0
43260	278445	292.0	254.0
43272	278445	293.0	255.0
43284	278445	296.0	255.0
43296	278445	300.0	256.0
43308	278445	302.0	255.0
43320	278445	305.0	257.0
43332	278445	309.0	258.0
43344	278445	312.0	259.0
43356	278445	315.0	259.0
43368	278445	319.0	259.0
43380	278445	323.0	260.0
43392	278445	327.0	261.0
43404	278445	331.0	262.0
43416	278445	336.0	263.0
43428	278445	341.0	264.0
43440	278445	346.0	265.0
43452	278445	353.0	267.0
43464	278445	359.0	268.0
43476	278445	367.0	270.0
43488	278445	375.0	271.0
43500	278445	384.0	272.0
43512	278445	394.0	274.0
43524	278445	406.0	277.0
43536	278445	418.0	279.0
43548	278445	435.0	282.0
43560	278445	453.0	286.0
43572	278445	476.0	291.0
43584	278445	503.0	297.0
43596	278445	537.0	305.0
43608	278445	581.0	314.0
43620	278445	639.0	328.0
43632	278445	722.0	344.0
43644	278445	844.0	370.0
43656	278445	987.0	413.0
43380	278465	358.0	256.0
43392	278465	364.0	256.0
43404	278465	370.0	258.0
43416	278465	376.0	259.0
43428	278465	384.0	260.0
43440	278465	395.0	261.0
43452	278465	404.0	262.0
43464	278465	415.0	264.0
43476	278465	425.0	265.0
43488	278465	437.0	266.0
43500	278465	451.0	268.0
43512	278465	466.0	269.0
43524	278465	484.0	271.0
43536	278465	504.0	273.0
43548	278465	528.0	276.0
43560	278465	556.0	279.0
43572	278465	591.0	283.0
43584	278465	631.0	288.0
43596	278465	683.0	294.0
43608	278465	748.0	302.0
43620	278465	833.0	313.0
43632	278465	954.0	328.0
43644	278465	1009.0	358.0
43716	278555	554.0	247.0
43728	278555	555.0	247.0
43740	278555	558.0	247.0
43752	278555	560.0	247.0
43764	278555	563.0	246.0
43776	278555	566.0	246.0
43788	278555	568.0	244.0
43800	278555	572.0	245.0
43812	278555	574.0	243.0
43824	278555	576.0	243.0
43836	278555	579.0	243.0
43848	278555	582.0	242.0
43860	278555	585.0	241.0
43872	278555	588.0	240.0
43884	278555	591.0	239.0
43896	278555	595.0	238.0
43908	278555	597.0	238.0
43920	278555	599.9629629629629	236.88888888888889
43932	278555	603.5185185185185	235.55555555555554
43944	278555	607.0	235.0
43956	278555	610.2222222222222	234.11111111111111
43968	278555	611.0	233.0
43980	278555	613.0	232.0
44016	278582	271.0	245.0
44028	278582	271.0	245.0
44040	278582	272.0	245.0
44052	278582	273.0	247.0
44064	278582	273.0	247.0
44076	278582	273.0	246.0
44088	278582	274.0	247.0
44100	278582	274.0	247.0
44112	278582	275.0	246.0
44124	278582	276.0	246.0
44136	278582	276.0	247.0
44148	278582	277.0	247.0
44160	278582	277.0	246.0
44172	278582	278.0	247.0
44184	278582	279.0	246.0
44196	278582	280.0	246.0
44208	278582	280.0	246.0
44220	278582	281.3333333333333	247.0
44232	278582	282.6666666666667	247.0
44244	278582	283.0	247.0
44256	278582	284.0	247.0
44268	278582	285.0	247.0
44280	278582	286.0	247.0
44292	278582	288.0	248.0
44304	278582	288.0	248.0
44316	278582	289.0	247.0
44328	278582	290.0	247.0
44340	278582	291.0	247.0
44352	278582	292.0	247.0
44364	278582	294.0	248.0
44376	278582	295.0	248.0
44388	278582	295.0	248.0
44400	278582	296.0	248.0
44412	278582	298.0	249.0
44424	278582	299.0	250.0
44436	278582	300.0	250.0
44448	278582	301.0	249.0
44460	278582	303.0	249.0
44472	278582	305.0	250.0
44484	278582	307.0	250.0
44496	278582	308.0	250.0
44508	278582	310.0	251.0
44520	278582	313.0	251.0
44532	278582	314.0	251.0
44544	278582	316.0	251.0
44556	278582	318.0	251.0
44568	278582	320.0	251.0
44580	278582	323.0	252.0
44592	278582	325.0	253.0
44604	278582	328.0	253.0
44616	278582	330.0	253.0
44628	278582	332.0	254.0
44640	278582	336.0	254.0
44652	278582	339.0	255.0
44664	278582	343.0	256.0
44676	278582	345.0	256.0
44688	278582	348.0	256.0
44700	278582	352.0	256.0
44712	278582	356.0	258.0
44724	278582	360.0	258.0
44736	278582	364.0	259.0
44748	278582	367.0	260.0
44760	278582	373.0	261.0
44772	278582	378.0	262.0
44784	278582	383.0	263.0
44796	278582	389.0	265.0
44808	278582	395.0	266.0
44820	278582	403.0	268.0
44832	278582	411.0	270.0
44844	278582	420.0	272.0
44856	278582	432.0	274.0
44868	278582	445.0	276.0
44880	278582	459.0	279.0
44892	278582	479.0	283.0
44904	278582	500.0	287.0
44916	278582	528.0	293.0
44928	278582	563.0	302.0
44940	278582	605.0	311.0
44952	278582	665.0	325.0
44964	278582	749.0	342.0
44976	278582	879.0	371.0
44988	278582	1001.0	420.0
44256	278596	260.0	247.0
44268	278596	260.0	246.0
44280	278596	260.0	247.0
44292	278596	260.0	247.0
44304	278596	261.0	247.0
44316	278596	261.0	247.0
44328	278596	262.0	247.0
44340	278596	263.0	247.0
44352	278596	264.0	248.0
44364	278596	265.0	248.0
44376	278596	265.0	247.0
44388	278596	263.0	247.0
44400	278596	264.0	248.0
44412	278596	265.0	249.0
44424	278596	265.0	248.0
44436	278596	266.0	248.0
44448	278596	266.0	248.0
44460	278596	268.0	250.0
44472	278596	269.0	250.0
44484	278596	270.0	250.0
44496	278596	272.0	250.0
44508	278596	271.0	250.0
44520	278596	272.0	250.0
44532	278596	274.0	249.0
44544	278596	274.0	250.0
44556	278596	275.0	250.0
44568	278596	275.0	250.0
44580	278596	276.0	250.0
44592	278596	277.0	250.0
44604	278596	279.0	251.0
44616	278596	280.0	251.0
44628	278596	280.0	251.0
44640	278596	283.0	252.0
44652	278596	283.0	252.0
44664	278596	285.0	252.0
44676	278596	288.0	253.0
44688	278596	289.0	253.0
44700	278596	290.0	253.0
44712	278596	293.0	254.0
44724	278596	295.0	254.0
44736	278596	296.0	255.0
44748	278596	298.0	255.0
44760	278596	300.0	255.0
44772	278596	303.0	256.0
44784	278596	305.0	256.0
44796	278596	308.0	257.0
44808	278596	310.0	258.0
44820	278596	313.0	259.0
44832	278596	316.0	259.0
44844	278596	319.0	260.0
44856	278596	322.0	261.0
44868	278596	327.0	262.0
44880	278596	331.0	263.0
44892	278596	335.0	264.0
44904	278596	341.0	266.0
44916	278596	346.0	267.0
44928	278596	354.0	268.0
44940	278596	361.0	270.0
44952	278596	370.0	272.0
44964	278596	379.0	274.0
44976	278596	390.0	275.0
44988	278596	403.0	278.0
45000	278596	418.0	282.0
45012	278596	436.0	286.0
45024	278596	458.0	291.0
45036	278596	485.0	296.0
45048	278596	520.0	305.0
45060	278596	564.0	314.0
45072	278596	622.0	328.0
45084	278596	703.0	346.0
45096	278596	829.0	373.0
45108	278596	985.0	420.0
44472	278610	284.3333333333333	246.0
44484	278610	285.0	246.0
44496	278610	287.0	246.0
44508	278610	289.6	246.6
44520	278610	291.0	246.0
44532	278610	292.0	247.0
44544	278610	293.0	248.0
44556	278610	295.0	248.0
44568	278610	296.0	248.0
44580	278610	297.0	248.0
44592	278610	298.0	248.0
44604	278610	299.0	248.0
44616	278610	303.0	248.0
44628	278610	304.0	249.0
44640	278610	306.0	249.0
44652	278610	309.0	250.0
44664	278610	311.0	250.0
44676	278610	314.0	251.0
44688	278610	317.0	251.0
44700	278610	320.0	250.0
44712	278610	323.0	250.0
44724	278610	326.0	251.0
44736	278610	330.0	252.0
44748	278610	333.0	252.0
44760	278610	337.0	253.0
44772	278610	341.0	253.0
44784	278610	346.0	255.0
44796	278610	350.0	254.0
44808	278610	355.0	256.0
44820	278610	360.0	257.0
44832	278610	366.0	258.0
44844	278610	373.0	259.0
44856	278610	379.0	261.0
44868	278610	387.0	262.0
44880	278610	398.0	263.0
44892	278610	409.0	265.0
44904	278610	423.0	267.0
44916	278610	440.0	269.0
44928	278610	461.0	271.0
44940	278610	486.0	274.0
44952	278610	521.0	278.0
44964	278610	567.0	283.0
44976	278610	634.0	291.0
44988	278610	729.0	301.0
45000	278610	845.0	315.0
45012	278610	981.0	336.0
44676	278622	271.0	250.0
44688	278622	271.0	249.0
44700	278622	272.0	249.0
44712	278622	273.0	250.0
44724	278622	274.0	249.0
44736	278622	275.0	249.0
44748	278622	277.0	250.0
44760	278622	277.0	250.0
44772	278622	280.0	251.0
44784	278622	281.0	251.0
44796	278622	282.0	251.0
44808	278622	282.0	252.0
44820	278622	283.0	252.0
44832	278622	284.0	252.0
44844	278622	286.0	252.0
44856	278622	288.0	253.0
44868	278622	290.0	253.0
44880	278622	292.0	253.0
44892	278622	294.0	254.0
44904	278622	296.0	254.0
44916	278622	298.0	255.0
44928	278622	300.0	255.0
44940	278622	304.0	256.0
44952	278622	306.0	257.0
44964	278622	309.0	257.0
44976	278622	312.0	259.0
44988	278622	314.0	259.0
45000	278622	318.0	260.0
45012	278622	322.0	260.0
45024	278622	325.0	261.0
45036	278622	331.0	263.0
45048	278622	335.0	264.0
45060	278622	341.0	265.0
45072	278622	347.0	266.0
45084	278622	353.0	268.0
45096	278622	361.0	270.0
45108	278622	368.0	272.0
45120	278622	376.0	273.0
45132	278622	386.0	274.0
45144	278622	399.0	277.0
45156	278622	413.0	280.0
45168	278622	429.0	284.0
45180	278622	448.0	288.0
45192	278622	471.0	294.0
45204	278622	501.0	301.0
45216	278622	541.0	311.0
45228	278622	587.0	322.0
45240	278622	662.0	342.0
45252	278622	768.0	368.0
45264	278622	943.0	411.0
45276	278622	1031.0	477.0
44916	278635	311.0	250.0
44928	278635	317.0	252.0
44940	278635	321.0	251.0
44952	278635	325.0	251.0
44964	278635	331.0	252.0
44976	278635	335.0	254.0
44988	278635	340.0	254.0
45000	278635	344.0	255.0
45012	278635	347.0	256.0
45024	278635	352.0	256.0
45036	278635	357.0	256.0
45048	278635	363.0	258.0
45060	278635	369.0	258.0
45072	278635	375.0	259.0
45084	278635	382.0	260.0
45096	278635	390.0	261.0
45108	278635	398.0	262.0
45120	278635	407.0	264.0
45132	278635	418.0	265.0
45144	278635	430.0	266.0
45156	278635	442.0	267.0
45168	278635	459.0	269.0
45180	278635	476.0	271.0
45192	278635	496.0	273.0
45204	278635	519.0	275.0
45108	278677	322.0	253.0
45120	278677	328.0	254.0
45132	278677	336.0	255.0
45144	278677	342.0	255.0
45156	278677	349.0	255.0
45168	278677	354.0	256.0
45180	278677	361.0	257.0
45192	278677	367.0	258.0
45204	278677	374.0	259.0
45216	278677	381.0	260.0
45228	278677	389.0	261.0
45240	278677	397.0	262.0
45252	278677	407.0	263.0
45264	278677	417.0	264.0
45276	278677	429.0	265.0
45288	278677	443.0	267.0
45300	278677	459.0	269.0
45312	278677	477.0	271.0
45324	278677	497.0	273.0
45336	278677	520.0	276.0
45348	278677	549.0	280.0
45360	278677	582.0	283.0
45372	278677	624.0	289.0
45384	278677	676.0	296.0
45396	278677	742.0	305.0
45408	278677	835.0	318.0
45420	278677	960.0	336.0
45108	278678	296.1818181818182	247.0
45120	278678	298.0	248.0
45132	278678	300.0	248.0
45144	278678	301.0	248.0
45156	278678	302.0	248.0
45168	278678	304.0	249.0
45180	278678	305.0	250.0
45192	278678	306.0	249.0
45204	278678	309.0	248.0
45216	278678	311.0	248.0
45228	278678	313.0	249.0
45240	278678	314.0	250.0
45252	278678	316.0	251.0
45264	278678	319.0	251.0
45276	278678	320.0	250.0
45288	278678	325.0	251.0
45300	278678	327.0	252.0
45312	278678	329.0	251.0
45324	278678	331.0	252.0
45336	278678	334.0	253.0
45348	278678	338.0	253.0
45360	278678	341.0	254.0
45372	278678	345.0	254.0
45384	278678	349.0	255.0
45396	278678	353.0	255.0
45408	278678	358.0	256.0
45420	278678	362.0	256.0
45432	278678	368.0	257.0
45444	278678	375.0	258.0
45456	278678	382.0	259.0
45468	278678	389.0	260.0
45480	278678	397.0	261.0
45492	278678	406.0	262.0
45504	278678	416.0	263.0
45516	278678	428.0	265.0
45528	278678	440.0	266.0
45540	278678	454.0	268.0
45552	278678	471.0	270.0
45564	278678	489.0	271.0
45576	278678	512.0	274.0
45588	278678	537.0	277.0
45600	278678	569.0	280.0
45612	278678	608.0	285.0
45624	278678	655.0	290.0
45636	278678	716.0	299.0
45648	278678	795.0	308.0
45660	278678	906.0	322.0
45672	278678	992.0	343.0
45288	278742	285.25	251.0
45300	278742	287.0	252.0
45312	278742	288.0	253.0
45324	278742	289.0	253.0
45336	278742	292.0	253.0
45348	278742	294.0	254.0
45360	278742	296.0	255.0
45372	278742	298.0	255.0
45384	278742	301.0	255.0
45396	278742	304.0	256.0
45408	278742	306.0	256.0
45420	278742	307.0	257.0
45432	278742	311.0	258.0
45444	278742	314.0	259.0
45456	278742	317.0	259.0
45468	278742	320.0	260.0
45480	278742	324.0	261.0
45492	278742	329.0	262.0
45504	278742	333.0	263.0
45516	278742	337.0	264.0
45528	278742	342.0	265.0
45540	278742	348.0	266.0
45552	278742	355.0	267.0
45564	278742	361.0	269.0
45576	278742	369.0	271.0
45588	278742	378.0	273.0
45600	278742	387.0	274.0
45612	278742	398.0	276.0
45624	278742	411.0	279.0
45636	278742	426.0	283.0
45648	278742	444.0	287.0
45660	278742	467.0	292.0
45672	278742	494.0	298.0
45684	278742	529.0	306.0
45696	278742	572.0	316.0
45708	278742	632.0	330.0
45720	278742	715.0	349.0
45732	278742	843.0	378.0
45744	278742	993.0	428.0
45408	278773	273.0	251.0
45420	278773	274.1764705882353	251.0
45432	278773	274.1666666666667	250.16666666666666
45444	278773	275.0	250.0
45456	278773	277.0	251.0
45468	278773	278.0	251.0
45480	278773	279.0	251.0
45492	278773	281.0	252.0
45504	278773	282.0	253.0
45516	278773	284.0	251.0
45528	278773	284.0	252.0
45540	278773	287.0	252.0
45552	278773	288.0	251.0
45564	278773	291.0	253.0
45576	278773	293.0	254.0
45588	278773	295.0	254.0
45600	278773	297.0	255.0
45612	278773	299.0	256.0
45624	278773	301.0	255.0
45636	278773	303.0	256.0
45648	278773	305.0	257.0
45660	278773	308.0	258.0
45672	278773	311.0	258.0
45684	278773	314.0	259.0
45696	278773	317.0	260.0
45708	278773	320.0	260.0
45720	278773	325.0	261.0
45732	278773	330.0	261.0
45744	278773	334.0	263.0
45756	278773	340.0	264.0
45768	278773	346.0	265.0
45780	278773	353.0	267.0
45792	278773	360.0	268.0
45804	278773	368.0	269.0
45816	278773	377.0	270.0
45828	278773	388.0	272.0
45840	278773	399.0	273.0
45852	278773	413.0	275.0
45864	278773	428.0	278.0
45876	278773	446.0	281.0
45888	278773	465.0	285.0
45900	278773	489.0	290.0
45912	278773	516.0	296.0
45924	278773	553.0	303.0
45936	278773	597.0	313.0
45948	278773	656.0	325.0
45960	278773	738.0	342.0
45972	278773	860.0	367.0
45984	278773	991.0	409.0
45432	278776	286.0	252.0
45444	278776	289.0	253.0
45456	278776	292.0	254.0
45468	278776	292.0	254.0
45480	278776	294.0	254.0
45492	278776	297.0	255.0
45504	278776	301.0	256.0
45516	278776	303.0	256.0
45528	278776	307.0	257.0
45540	278776	310.0	258.0
45552	278776	314.0	259.0
45564	278776	317.0	260.0
45576	278776	320.0	261.0
45588	278776	325.0	262.0
45600	278776	329.0	263.0
45612	278776	334.0	264.0
45624	278776	339.0	265.0
45636	278776	345.0	266.0
45648	278776	352.0	267.0
45660	278776	358.0	269.0
45672	278776	366.0	271.0
45684	278776	374.0	272.0
45696	278776	384.0	274.0
45708	278776	395.0	275.0
45720	278776	408.0	278.0
45732	278776	423.0	282.0
45744	278776	439.0	286.0
45756	278776	463.0	290.0
45768	278776	485.0	295.0
45780	278776	516.0	303.0
45792	278776	554.0	311.0
45804	278776	609.0	323.0
45816	278776	674.0	340.0
45828	278776	788.0	362.0
45840	278776	939.0	398.0
45852	278776	1023.0	466.0
45468	278782	197.0	247.0
45480	278782	201.0	247.0
45492	278782	206.0	248.0
45504	278782	211.0	248.0
45516	278782	215.0	249.0
45528	278782	220.0	250.0
45540	278782	224.0	250.0
45552	278782	228.0	250.0
45564	278782	230.0	250.0
45576	278782	234.0	250.0
45588	278782	238.0	250.0
45600	278782	241.0	251.0
45612	278782	243.0	251.0
45624	278782	244.0	251.0
45636	278782	246.0	251.0
45648	278782	247.0	250.0
45660	278782	250.0	251.0
45672	278782	251.0	251.0
45684	278782	251.0	250.0
45696	278782	251.0	251.0
45708	278782	251.0	250.0
45720	278782	252.0	251.0
45732	278782	253.0	251.0
45744	278782	251.0	251.0
45756	278782	252.0	252.0
45768	278782	252.0	252.0
45780	278782	249.0	252.0
45792	278782	250.0	252.0
45804	278782	252.0	253.0
45816	278782	252.0	253.0
45828	278782	252.0	253.0
45840	278782	253.0	253.0
45852	278782	253.0	253.0
45864	278782	254.0	254.0
45876	278782	256.0	255.0
45888	278782	257.0	255.0
45900	278782	257.0	255.0
45912	278782	260.0	255.0
45924	278782	261.0	255.0
45936	278782	263.0	256.0
45948	278782	266.0	257.0
45960	278782	267.0	256.0
45972	278782	269.0	256.0
45984	278782	272.0	258.0
45996	278782	275.0	258.0
46008	278782	278.0	258.0
46020	278782	282.0	258.0
46032	278782	285.0	259.0
46044	278782	289.0	260.0
46056	278782	293.0	261.0
46068	278782	298.0	260.0
46080	278782	303.0	262.0
46092	278782	308.0	262.0
46104	278782	314.0	263.0
46116	278782	319.0	263.0
46128	278782	326.0	264.0
46140	278782	333.0	266.0
46152	278782	340.0	266.0
46164	278782	347.0	267.0
46176	278782	357.0	269.0
46188	278782	366.0	270.0
46200	278782	375.0	271.0
46212	278782	386.0	272.0
46224	278782	398.0	273.0
46236	278782	410.0	275.0
46248	278782	424.0	277.0
46260	278782	439.0	279.0
46272	278782	456.0	281.0
46284	278782	474.0	285.0
46296	278782	494.0	288.0
46308	278782	518.0	294.0
46320	278782	545.0	299.0
46332	278782	578.0	306.0
46344	278782	618.0	315.0
46356	278782	671.0	327.0
46368	278782	739.0	341.0
46380	278782	835.0	361.0
46392	278782	967.0	391.0
46404	278782	1017.0	442.0
45684	278828	284.0	252.0
45696	278828	286.0	252.0
45708	278828	288.0	253.0
45720	278828	291.0	253.0
45732	278828	295.0	255.0
45744	278828	298.0	255.0
45756	278828	301.0	254.0
45768	278828	303.0	255.0
45780	278828	307.0	257.0
45792	278828	310.0	257.0
45804	278828	312.0	258.0
45816	278828	315.0	259.0
45828	278828	318.0	260.0
45840	278828	322.0	260.0
45852	278828	327.0	261.0
45864	278828	331.0	262.0
45876	278828	336.0	263.0
45888	278828	341.0	264.0
45900	278828	346.0	266.0
45912	278828	353.0	267.0
45924	278828	360.0	267.0
45936	278828	369.0	270.0
45948	278828	378.0	271.0
45960	278828	387.0	272.0
45972	278828	397.0	274.0
45984	278828	410.0	277.0
45996	278828	424.0	280.0
46008	278828	440.0	283.0
46020	278828	459.0	288.0
46032	278828	482.0	293.0
46044	278828	511.0	299.0
46056	278828	547.0	307.0
46068	278828	595.0	318.0
46080	278828	659.0	333.0
46092	278828	746.0	352.0
46104	278828	883.0	383.0
46116	278828	1007.0	439.0
45936	278902	340.0	247.0
45948	278902	344.0	254.0
45960	278902	347.0	253.0
45972	278902	351.0	254.0
45984	278902	356.0	254.0
45996	278902	363.0	255.0
46008	278902	369.0	257.0
46020	278902	374.0	256.0
46032	278902	379.0	258.0
46044	278902	385.0	259.0
46056	278902	392.0	259.0
46068	278902	399.0	260.0
46080	278902	407.0	261.0
46092	278902	415.0	262.0
46104	278902	425.0	263.0
46116	278902	434.0	264.0
46128	278902	445.0	266.0
46140	278902	458.0	267.0
46152	278902	471.0	269.0
46164	278902	487.0	270.0
46176	278902	504.0	272.0
46188	278902	525.0	274.0
46200	278902	550.0	277.0
46212	278902	578.0	280.0
46224	278902	612.0	284.0
46236	278902	655.0	289.0
46248	278902	707.0	295.0
46260	278902	773.0	302.0
46272	278902	861.0	314.0
46284	278902	968.0	327.0
46056	278933	266.0	250.0
46068	278933	267.6666666666667	249.66666666666666
46080	278933	270.0	249.0
46092	278933	273.0	249.0
46104	278933	274.0	250.0
46116	278933	275.0	250.0
46128	278933	276.0	251.0
46140	278933	276.0	251.0
46152	278933	277.0	251.0
46164	278933	277.0	251.0
46176	278933	277.0	252.0
46188	278933	278.0	252.0
46200	278933	279.0	251.0
46212	278933	280.0	252.0
46224	278933	281.0	252.0
46236	278933	283.0	252.0
46248	278933	284.0	253.0
46260	278933	285.0	254.0
46272	278933	286.0	254.0
46284	278933	289.0	253.0
46296	278933	290.0	254.0
46308	278933	293.0	255.0
46320	278933	295.0	256.0
46332	278933	297.0	256.0
46344	278933	299.0	256.0
46356	278933	300.0	256.0
46368	278933	304.0	256.0
46380	278933	307.0	256.0
46392	278933	310.0	258.0
46404	278933	312.0	258.0
46416	278933	315.0	260.0
46428	278933	319.0	260.0
46440	278933	323.0	259.0
46452	278933	327.0	261.0
46464	278933	332.0	262.0
46476	278933	336.0	263.0
46488	278933	343.0	264.0
46500	278933	348.0	265.0
46512	278933	351.0	266.0
46524	278933	358.0	267.0
46536	278933	368.0	268.0
46548	278933	373.0	270.0
46560	278933	381.0	272.0
46572	278933	388.0	273.0
46584	278933	398.0	275.0
46596	278933	411.0	277.0
46608	278933	420.0	280.0
46620	278933	435.0	283.0
46632	278933	451.0	286.0
46644	278933	471.0	291.0
46656	278933	492.0	296.0
46668	278933	520.0	303.0
46680	278933	553.0	311.0
46692	278933	596.0	322.0
46704	278933	652.0	336.0
46716	278933	728.0	354.0
46728	278933	843.0	381.0
46740	278933	982.0	425.0
46752	278933	1041.0	516.0
46104	278959	220.0	250.0
46116	278959	225.5	249.0
46128	278959	229.0	251.0
46140	278959	232.0	250.0
46152	278959	237.0	250.0
46164	278959	240.0	251.0
46176	278959	242.0	251.0
46188	278959	245.0	251.0
46200	278959	246.0	250.0
46212	278959	247.9	250.0
46224	278959	249.0	251.0
46236	278959	250.0	250.0
46248	278959	250.0	246.0
46260	278959	252.0	251.0
46272	278959	253.0	252.0
46284	278959	254.0	252.0
46296	278959	255.0	252.0
46308	278959	256.0	252.0
46320	278959	255.0	252.0
46332	278959	256.0	252.0
46344	278959	257.25	252.0
46356	278959	258.0	253.0
46368	278959	259.10526315789474	253.3684210526316
46380	278959	261.0	254.0
46392	278959	262.5	254.0
46404	278959	263.8333333333333	254.0
46416	278959	265.0	255.0
46428	278959	266.25	253.0
46440	278959	267.0	250.0
46452	278959	270.6363636363636	254.54545454545453
46464	278959	271.0	252.0
46476	278959	275.3333333333333	254.08333333333334
46488	278959	278.0	256.0
46500	278959	280.0	255.0
46512	278959	285.0	257.0
46524	278959	290.0	259.0
46536	278959	292.0	259.0
46548	278959	295.0	260.0
46560	278959	301.0	260.0
46572	278959	304.0	260.0
46584	278959	308.0	262.0
46596	278959	313.0	262.0
46608	278959	319.0	262.0
46620	278959	326.0	265.0
46632	278959	332.0	265.0
46644	278959	340.0	267.0
46656	278959	346.0	268.0
46668	278959	354.0	268.0
46680	278959	362.0	270.0
46692	278959	371.0	271.0
46704	278959	380.0	273.0
46716	278959	390.0	274.0
46728	278959	403.0	277.0
46740	278959	415.0	279.0
46752	278959	431.0	282.0
46764	278959	447.0	286.0
46776	278959	468.0	290.0
46788	278959	491.0	295.0
46800	278959	522.0	301.0
46812	278959	562.0	308.0
46824	278959	611.0	319.0
46836	278959	671.0	331.0
46848	278959	749.0	345.0
46860	278959	814.0	358.0
46872	278959	893.0	358.0
46884	278959	978.0	414.0
46896	278959	979.0	402.0
46908	278959	1015.0	466.0
46128	278963	296.0	258.0
46140	278963	300.0	259.0
46152	278963	305.0	259.0
46164	278963	311.0	260.0
46176	278963	316.0	261.0
46188	278963	324.0	262.0
46200	278963	332.0	262.0
46212	278963	339.0	264.0
46224	278963	348.0	264.0
46236	278963	357.0	265.0
46248	278963	367.0	267.0
46260	278963	377.0	268.0
46272	278963	389.0	269.0
46284	278963	401.0	271.0
46296	278963	417.0	272.0
46308	278963	435.0	273.0
46320	278963	453.0	275.0
46332	278963	474.0	277.0
46344	278963	501.0	280.0
46356	278963	533.0	283.0
46368	278963	571.0	287.0
46380	278963	619.0	292.0
46392	278963	675.0	299.0
46404	278963	740.0	306.0
46416	278963	821.0	316.0
46428	278963	927.0	328.0
46440	278963	992.0	347.0
46188	278976	305.0	255.0
46200	278976	309.0	256.0
46212	278976	313.0	255.0
46224	278976	317.0	256.0
46236	278976	320.0	257.0
46248	278976	322.0	258.0
46260	278976	324.0	259.0
46272	278976	326.0	259.0
46284	278976	328.0	260.0
46296	278976	332.0	261.0
46308	278976	335.0	262.0
46320	278976	338.0	263.0
46332	278976	342.0	264.0
46344	278976	346.0	266.0
46356	278976	352.0	267.0
46368	278976	357.0	268.0
46380	278976	364.0	270.0
46392	278976	371.0	272.0
46404	278976	380.0	273.0
46416	278976	390.0	275.0
46428	278976	403.0	277.0
46440	278976	417.0	281.0
46452	278976	432.0	285.0
46464	278976	452.0	289.0
46476	278976	476.0	295.0
46488	278976	505.0	302.0
46500	278976	543.0	312.0
46512	278976	592.0	324.0
46524	278976	664.0	341.0
46536	278976	765.0	365.0
46548	278976	929.0	403.0
46560	278976	1028.0	474.0
46272	278999	350.0	252.0
46284	278999	357.0	255.0
46296	278999	365.0	256.0
46308	278999	371.0	257.0
46320	278999	376.0	258.0
46332	278999	382.0	259.0
46344	278999	388.0	259.0
46356	278999	395.0	260.0
46368	278999	403.0	261.0
46380	278999	411.0	262.0
46392	278999	419.0	263.0
46404	278999	429.0	265.0
46416	278999	440.0	265.0
46428	278999	452.0	267.0
46440	278999	466.0	268.0
46452	278999	482.0	269.0
46464	278999	500.0	271.0
46476	278999	522.0	273.0
46488	278999	547.0	276.0
46500	278999	576.0	279.0
46512	278999	610.0	283.0
46356	279012	274.0	250.0
46368	279012	279.3333333333333	251.33333333333334
46380	279012	283.0	252.0
46392	279012	284.4117647058824	252.7058823529412
46404	279012	285.0	254.0
46416	279012	287.0	254.0
46428	279012	289.0	255.0
46440	279012	292.0	255.0
46452	279012	295.0	256.0
46464	279012	299.0	255.0
46476	279012	302.0	257.0
46488	279012	303.0	256.0
46500	279012	309.0	259.0
46512	279012	312.0	259.0
46524	279012	316.0	260.0
46536	279012	319.0	260.0
46548	279012	324.0	262.0
46560	279012	328.0	263.0
46572	279012	332.0	264.0
46584	279012	337.0	265.0
46596	279012	343.0	266.0
46608	279012	349.0	267.0
46620	279012	355.0	269.0
46632	279012	362.0	271.0
46644	279012	370.0	271.0
46656	279012	377.0	273.0
46668	279012	387.0	275.0
46680	279012	397.0	277.0
46692	279012	411.0	280.0
46704	279012	424.0	283.0
46716	279012	439.0	287.0
46728	279012	457.0	291.0
46740	279012	478.0	296.0
46752	279012	502.0	302.0
46764	279012	533.0	311.0
46776	279012	571.0	320.0
46788	279012	619.0	331.0
46800	279012	686.0	347.0
46812	279012	778.0	369.0
46824	279012	916.0	403.0
46836	279012	1008.0	455.0
46464	279030	242.0	250.0
46476	279030	242.0	251.0
46488	279030	243.0	252.0
46500	279030	243.0	252.0
46512	279030	245.0	251.0
46524	279030	249.0	252.0
46536	279030	250.0	252.0
46548	279030	253.0	253.0
46560	279030	255.0	253.0
46572	279030	259.0	253.0
46584	279030	261.0	253.0
46596	279030	264.0	253.0
46608	279030	267.0	254.0
46620	279030	273.0	255.0
46632	279030	276.0	256.0
46644	279030	279.0	256.0
46656	279030	282.0	256.0
46668	279030	286.0	257.0
46680	279030	289.0	257.0
46692	279030	292.0	258.0
46704	279030	296.0	258.0
46716	279030	299.0	260.0
46728	279030	302.0	260.0
46740	279030	309.0	261.0
46752	279030	312.0	262.0
46764	279030	316.0	262.0
46776	279030	321.0	263.0
46788	279030	326.0	264.0
46800	279030	332.0	265.0
46812	279030	339.0	267.0
46824	279030	345.0	267.0
46836	279030	353.0	269.0
46848	279030	361.0	270.0
46860	279030	370.0	272.0
46872	279030	380.0	273.0
46884	279030	392.0	275.0
46896	279030	404.0	277.0
46908	279030	419.0	280.0
46920	279030	436.0	284.0
46932	279030	456.0	288.0
46944	279030	479.0	292.0
46956	279030	505.0	299.0
46968	279030	539.0	307.0
46980	279030	582.0	316.0
46992	279030	639.0	329.0
47004	279030	722.0	349.0
47016	279030	834.0	377.0
47028	279030	983.0	419.0
47040	279030	1027.0	459.0
46728	279082	271.0	251.0
46740	279082	272.0	251.0
46752	279082	273.44444444444446	251.14814814814815
46764	279082	276.1111111111111	252.03703703703704
46776	279082	278.77777777777777	252.92592592592592
46788	279082	282.0	254.0
46800	279082	286.0	253.5
46812	279082	288.0	253.0
46824	279082	290.0	254.0
46836	279082	292.0	255.0
46848	279082	294.0	256.0
46860	279082	296.0	256.0
46872	279082	298.0	256.0
46884	279082	300.0	257.0
46896	279082	302.0	257.0
46908	279082	305.0	258.0
46920	279082	309.0	258.0
46932	279082	311.0	259.0
46944	279082	314.0	259.0
46956	279082	316.0	260.0
46968	279082	320.0	261.0
46980	279082	324.0	262.0
46992	279082	328.0	263.0
47004	279082	332.0	265.0
47016	279082	337.0	265.0
47028	279082	343.0	266.0
47040	279082	349.0	267.0
47052	279082	356.0	269.0
47064	279082	363.0	270.0
47076	279082	371.0	272.0
47088	279082	380.0	272.0
47100	279082	391.0	275.0
47112	279082	403.0	276.0
47124	279082	417.0	278.0
47136	279082	432.0	281.0
47148	279082	450.0	285.0
47160	279082	469.0	288.0
47172	279082	493.0	294.0
47184	279082	520.0	300.0
47196	279082	554.0	307.0
47208	279082	596.0	318.0
47220	279082	651.0	329.0
47232	279082	729.0	346.0
47244	279082	837.0	369.0
47256	279082	975.0	408.0
47268	279082	1024.0	463.0
46896	279119	336.0	251.0
46908	279119	339.0	252.0
46920	279119	341.0	253.0
46932	279119	343.0	253.0
46944	279119	350.0	254.0
46956	279119	354.0	255.0
46968	279119	359.0	256.0
46980	279119	365.0	256.0
46992	279119	369.0	257.0
47004	279119	375.0	259.0
47016	279119	381.0	259.0
47028	279119	387.0	259.0
47040	279119	394.0	260.0
47052	279119	402.0	262.0
47064	279119	410.0	263.0
47076	279119	418.0	264.0
47088	279119	429.0	265.0
47100	279119	440.0	266.0
47112	279119	452.0	267.0
47124	279119	465.0	268.0
47136	279119	481.0	270.0
47148	279119	499.0	272.0
47160	279119	518.0	273.0
47172	279119	541.0	276.0
47184	279119	568.0	279.0
47196	279119	599.0	282.0
47208	279119	637.0	287.0
47220	279119	685.0	292.0
46920	279121	357.0	257.0
46932	279121	368.0	258.0
46944	279121	375.0	258.0
46956	279121	401.0	262.0
46968	279121	413.0	264.0
46980	279121	424.0	265.0
46992	279121	435.0	265.0
47004	279121	448.0	269.0
47016	279121	463.0	270.0
47028	279121	480.0	271.0
47040	279121	501.0	274.0
47052	279121	522.0	276.0
47064	279121	546.0	278.0
47076	279121	574.0	282.0
47088	279121	607.0	286.0
47100	279121	648.0	291.0
47112	279121	697.0	298.0
47124	279121	759.0	305.0
47136	279121	841.0	316.0
47148	279121	951.0	329.0
47160	279121	998.0	351.0
46932	279125	280.6363636363636	254.0
46944	279125	284.0	255.0
46956	279125	284.0	255.0
46968	279125	287.0	256.0
46980	279125	290.0	256.0
46992	279125	294.0	257.0
47004	279125	298.0	260.0
47016	279125	301.0	261.0
47028	279125	306.0	261.0
47040	279125	311.0	262.0
47052	279125	314.0	263.0
47064	279125	320.0	265.0
47076	279125	326.0	266.0
47088	279125	332.0	267.0
47100	279125	337.0	268.0
47112	279125	345.0	268.0
47124	279125	354.0	270.0
47136	279125	362.0	272.0
47148	279125	373.0	274.0
47160	279125	385.0	275.0
47172	279125	400.0	277.0
47184	279125	413.0	280.0
47196	279125	431.0	284.0
47208	279125	450.0	287.0
47220	279125	469.0	292.0
47232	279125	490.0	297.0
47244	279125	520.0	304.5
47256	279125	552.0	313.0
47268	279125	597.0	324.0
47280	279125	655.0	340.0
47292	279125	734.0	360.0
47304	279125	848.0	392.0
47316	279125	983.0	439.0
47328	279125	1031.0	482.0
46956	279131	379.0	259.0
46968	279131	387.0	260.0
46980	279131	394.0	261.0
46992	279131	403.0	262.0
47004	279131	412.0	264.0
47016	279131	422.0	265.0
47028	279131	435.0	266.0
47040	279131	449.0	268.0
47052	279131	463.0	269.0
47064	279131	480.0	271.0
47076	279131	499.0	273.0
47088	279131	522.0	276.0
47100	279131	549.0	279.0
47112	279131	580.0	282.0
47124	279131	614.0	286.0
47136	279131	657.0	291.0
47148	279131	708.0	297.0
47160	279131	772.0	305.0
47172	279131	857.0	316.0
47184	279131	964.0	331.0
47196	279131	1004.0	357.0
47016	279135	288.0	256.0
47028	279135	290.0	257.0
47040	279135	292.0	258.0
47052	279135	294.0	259.0
47064	279135	297.0	260.0
47076	279135	300.0	260.0
47088	279135	305.0	261.0
47100	279135	310.0	261.0
47112	279135	314.0	262.0
47124	279135	319.0	263.0
47136	279135	325.0	264.0
47148	279135	331.0	265.0
47160	279135	338.0	266.0
47172	279135	346.0	267.0
47184	279135	354.0	269.0
47196	279135	363.0	271.0
47208	279135	373.0	272.0
47220	279135	381.0	274.0
47232	279135	393.0	276.0
47244	279135	404.0	277.0
47256	279135	418.0	280.0
47268	279135	434.0	283.0
47280	279135	453.0	287.0
47292	279135	474.0	292.0
47304	279135	498.0	297.0
47316	279135	528.0	304.0
47328	279135	562.0	311.0
47340	279135	607.0	321.0
47352	279135	665.0	334.0
47364	279135	742.0	351.0
47376	279135	854.0	377.0
47388	279135	982.0	415.0
47400	279135	1025.0	464.0
47124	279163	297.0	249.0
47136	279163	299.5	250.0
47148	279163	302.0	250.0
47160	279163	303.0	250.0
47172	279163	304.0	250.0
47184	279163	306.5	250.0
47196	279163	310.0	251.0
47208	279163	311.0	251.0
47220	279163	313.0	250.0
47232	279163	317.0	252.0
47244	279163	318.0	252.0
47256	279163	319.0	252.0
47268	279163	322.0	252.0
47280	279163	326.0	253.0
47292	279163	328.0	254.0
47304	279163	331.0	254.0
47316	279163	333.0	254.0
47328	279163	336.0	255.0
47340	279163	339.0	254.0
47352	279163	342.0	255.0
47364	279163	344.0	256.0
47376	279163	346.0	256.0
47388	279163	348.0	256.0
47400	279163	350.0	257.0
47412	279163	351.0	257.0
47424	279163	352.0	258.0
47436	279163	354.0	259.0
47448	279163	355.0	259.0
47460	279163	356.0	260.0
47472	279163	355.0	261.0
47484	279163	356.0	263.0
47496	279163	358.0	264.0
47508	279163	361.0	265.0
47520	279163	363.0	268.0
47532	279163	367.0	269.0
47544	279163	371.0	271.0
47556	279163	377.0	272.0
47568	279163	383.0	274.0
47580	279163	391.0	275.0
47592	279163	399.0	277.0
47604	279163	410.0	279.0
47616	279163	423.0	281.0
47628	279163	438.0	284.0
47640	279163	454.0	287.0
47652	279163	475.0	291.0
47664	279163	497.0	295.0
47676	279163	526.0	300.0
47688	279163	563.0	307.0
47700	279163	609.0	315.0
47712	279163	670.0	325.0
47724	279163	754.0	338.0
47736	279163	868.0	356.0
47748	279163	985.0	382.0
47172	279173	320.0	252.0
47184	279173	324.0	253.0
47196	279173	327.0	252.0
47208	279173	331.0	253.0
47220	279173	336.0	254.0
47232	279173	340.0	255.0
47244	279173	345.0	256.0
47256	279173	345.0	256.0
47268	279173	350.0	257.0
47280	279173	355.0	257.0
47292	279173	356.0	257.0
47304	279173	363.0	259.0
47316	279173	367.0	259.0
47328	279173	374.0	259.0
47340	279173	382.0	260.0
47352	279173	389.0	261.0
47364	279173	396.0	262.0
47376	279173	404.0	264.0
47388	279173	412.0	265.0
47400	279173	420.0	265.0
47412	279173	430.0	267.0
47424	279173	441.0	267.0
47436	279173	453.0	269.0
47448	279173	467.0	270.0
47460	279173	483.0	271.0
47472	279173	501.0	274.0
47484	279173	520.0	276.0
47496	279173	543.0	279.0
47508	279173	571.0	282.0
47520	279173	602.0	287.0
47532	279173	641.0	293.0
47544	279173	687.0	299.0
47556	279173	746.0	306.0
47568	279173	816.0	315.0
47580	279173	910.0	325.0
47592	279173	986.0	342.0
47172	279175	203.0	248.0
47184	279175	211.0	252.0
47196	279175	218.0	253.0
47208	279175	221.0	252.0
47220	279175	222.0	251.75
47232	279175	227.0	253.0
47244	279175	230.62790697674419	253.5581395348837
47256	279175	234.25581395348837	254.11627906976744
47268	279175	237.88372093023256	254.67441860465115
47280	279175	241.66666666666666	254.16666666666666
47292	279175	245.0	253.0
47304	279175	246.0	254.0
47316	279175	246.0	253.0
47328	279175	247.0	253.0
47340	279175	247.0	253.0
47352	279175	248.0	253.0
47364	279175	248.0	253.0
47376	279175	251.0	253.0
47388	279175	253.0	254.0
47400	279175	256.0	253.0
47412	279175	257.0	254.0
47424	279175	259.0	254.0
47436	279175	260.0	254.0
47448	279175	265.0	253.0
47460	279175	267.0	254.0
47472	279175	269.0	255.0
47484	279175	271.0	256.0
47496	279175	274.0	256.0
47508	279175	276.0	256.0
47520	279175	278.0	257.0
47532	279175	284.0	258.0
47544	279175	287.0	259.0
47556	279175	290.0	259.0
47568	279175	293.0	260.0
47580	279175	296.0	260.0
47592	279175	298.0	261.0
47604	279175	302.0	261.0
47616	279175	306.0	262.0
47628	279175	309.0	263.0
47640	279175	314.0	264.0
47652	279175	319.0	264.0
47664	279175	323.0	265.0
47676	279175	327.0	265.0
47688	279175	333.0	266.0
47700	279175	338.0	267.0
47712	279175	344.0	268.0
47724	279175	351.0	269.0
47736	279175	358.0	270.0
47748	279175	366.0	271.0
47760	279175	374.0	273.0
47772	279175	384.0	274.0
47784	279175	394.0	276.0
47796	279175	406.0	277.0
47808	279175	419.0	280.0
47820	279175	433.0	283.0
47832	279175	448.0	286.0
47844	279175	467.0	290.0
47856	279175	489.0	294.0
47868	279175	513.0	300.0
47880	279175	545.0	307.0
47892	279175	582.0	315.0
47904	279175	630.0	325.0
47916	279175	696.0	340.0
47928	279175	787.0	359.0
47940	279175	920.0	388.0
47952	279175	1006.0	435.0
47184	279176	287.0	247.0
47196	279176	287.0	248.0
47208	279176	288.0	248.0
47220	279176	289.0	248.0
47232	279176	289.0	248.0
47244	279176	290.0	248.0
47256	279176	291.0	249.0
47268	279176	292.0	248.0
47280	279176	295.0	248.0
47292	279176	297.0	248.0
47304	279176	297.0	249.0
47316	279176	298.0	250.0
47328	279176	299.0	250.0
47340	279176	301.0	250.0
47352	279176	302.0	250.0
47364	279176	304.0	251.0
47376	279176	305.0	251.0
47388	279176	307.0	250.0
47400	279176	309.0	250.0
47412	279176	312.0	251.0
47424	279176	313.0	250.0
47436	279176	317.0	250.0
47448	279176	318.0	250.0
47460	279176	319.0	251.0
47472	279176	323.0	250.0
47484	279176	326.0	251.0
47496	279176	326.0	250.0
47508	279176	328.0	251.0
47520	279176	329.0	254.0
47532	279176	329.0	253.25
47544	279176	335.3030303030303	255.0909090909091
47556	279176	338.93939393939394	256.1818181818182
47568	279176	342.57575757575756	257.27272727272725
47580	279176	346.6	257.46666666666664
47592	279176	352.0	256.0
47604	279176	360.0	258.0
47616	279176	366.0	259.0
47628	279176	373.0	260.0
47640	279176	380.0	261.0
47652	279176	386.0	262.0
47664	279176	393.0	262.0
47676	279176	402.0	263.0
47688	279176	410.0	265.0
47700	279176	420.0	266.0
47712	279176	432.0	267.0
47724	279176	444.0	268.0
47736	279176	457.0	270.0
47748	279176	474.0	272.0
47760	279176	492.0	274.0
47772	279176	513.0	276.0
47784	279176	538.0	280.0
47796	279176	569.0	283.0
47808	279176	606.0	287.0
47820	279176	652.0	294.0
47832	279176	709.0	301.0
47844	279176	784.0	310.0
47856	279176	886.0	323.0
47868	279176	985.0	343.0
47256	279211	362.5	258.0
47268	279211	377.0	261.0
47280	279211	389.0	262.0
47292	279211	402.0	264.0
47304	279211	413.0	265.0
47316	279211	423.0	266.0
47328	279211	436.0	267.0
47340	279211	450.0	268.0
47352	279211	465.0	270.0
47364	279211	483.0	272.0
47376	279211	505.0	274.0
47388	279211	526.0	276.0
47400	279211	551.0	279.0
47412	279211	580.0	282.0
47424	279211	614.0	286.0
47436	279211	657.0	291.0
47448	279211	708.0	297.0
47460	279211	771.0	304.0
47472	279211	854.0	314.0
47484	279211	959.0	327.0
47496	279211	999.0	348.0
47268	279214	366.0	258.0
47280	279214	371.0	258.0
47292	279214	378.0	260.0
47304	279214	385.0	261.0
47316	279214	394.0	262.0
47328	279214	403.0	264.0
47340	279214	413.0	265.0
47352	279214	424.0	265.0
47364	279214	436.0	267.0
47376	279214	451.0	269.0
47388	279214	465.0	270.0
47400	279214	482.0	272.0
47412	279214	502.0	273.0
47424	279214	526.0	275.0
47436	279214	551.0	278.0
47448	279214	579.0	281.0
47460	279214	612.0	286.0
47472	279214	652.0	290.0
47484	279214	700.0	297.0
47496	279214	760.0	303.0
47508	279214	838.0	313.0
47520	279214	940.0	328.0
47532	279214	994.0	347.0
47352	279249	362.0	258.0
47364	279249	367.0	259.0
47376	279249	374.0	259.0
47388	279249	377.0	260.0
47400	279249	387.0	262.0
47412	279249	399.0	262.0
47424	279249	403.0	263.0
47436	279249	412.0	263.0
47448	279249	422.0	265.0
47460	279249	434.0	266.0
47472	279249	448.0	268.0
47484	279249	461.0	269.0
47496	279249	477.0	271.0
47508	279249	495.0	272.0
47520	279249	516.0	277.0
47532	279249	541.0	279.0
47544	279249	567.0	282.0
47556	279249	595.0	285.0
47568	279249	629.0	290.0
47580	279249	671.0	294.0
47592	279249	718.0	301.0
47604	279249	778.0	308.0
47616	279249	855.0	317.0
47628	279249	956.0	331.0
47640	279249	995.0	350.0
47508	279313	241.0	251.0
47520	279313	240.6	252.4
47532	279313	243.5	253.5
47544	279313	247.0	254.0
47556	279313	245.0	253.0
47568	279313	246.0	253.5
47580	279313	247.0	255.0
47592	279313	247.0	255.0
47604	279313	249.0	255.0
47616	279313	251.0	256.0
47628	279313	251.0	256.0
47640	279313	253.0	256.0
47652	279313	255.0	255.0
47664	279313	257.0	256.0
47676	279313	259.0	256.0
47688	279313	260.0	256.0
47700	279313	263.0	256.0
47712	279313	266.0	256.0
47724	279313	269.0	257.0
47736	279313	272.0	257.0
47748	279313	275.0	258.0
47760	279313	279.0	258.0
47772	279313	282.0	259.0
47784	279313	286.0	260.0
47796	279313	290.0	260.0
47808	279313	295.0	261.0
47820	279313	300.0	261.0
47832	279313	304.0	262.0
47844	279313	309.0	262.0
47856	279313	314.0	262.0
47868	279313	320.0	263.0
47880	279313	325.0	265.0
47892	279313	331.0	266.0
47904	279313	337.0	267.0
47916	279313	343.0	268.0
47928	279313	351.0	269.0
47940	279313	358.0	270.0
47952	279313	365.0	272.0
47964	279313	375.0	273.0
47976	279313	384.0	274.0
47988	279313	394.0	276.0
48000	279313	406.0	278.0
48012	279313	418.0	281.0
48024	279313	432.0	284.0
48036	279313	448.0	287.0
48048	279313	465.0	291.0
48060	279313	485.0	295.0
48072	279313	507.0	300.0
48084	279313	535.0	307.0
48096	279313	566.0	314.0
48108	279313	606.0	324.0
48120	279313	657.0	337.0
48132	279313	720.0	352.0
48144	279313	810.0	373.0
48156	279313	942.0	403.0
48168	279313	1006.0	450.0
47532	279331	261.0	256.0
47544	279331	263.0	257.0
47556	279331	264.0	256.0
47568	279331	267.0	258.0
47580	279331	269.0	258.0
47592	279331	273.0	258.0
47604	279331	276.0	258.0
47616	279331	279.0	259.0
47628	279331	283.0	260.0
47640	279331	286.0	260.0
47652	279331	292.0	261.0
47664	279331	295.0	261.0
47676	279331	300.0	262.0
47688	279331	303.0	262.0
47700	279331	307.0	263.0
47712	279331	311.0	264.0
47724	279331	315.0	264.0
47736	279331	320.0	266.0
47748	279331	325.0	267.0
47760	279331	331.0	267.0
47772	279331	340.0	269.0
47784	279331	347.0	270.0
47796	279331	355.0	272.0
47808	279331	364.0	273.0
47820	279331	372.0	274.0
47832	279331	383.0	276.0
47844	279331	394.0	277.0
47856	279331	408.0	279.0
47868	279331	423.0	282.0
47880	279331	442.0	286.0
47892	279331	463.0	290.0
47904	279331	484.0	294.0
47916	279331	510.0	300.0
47928	279331	539.0	307.0
47940	279331	575.0	316.0
47952	279331	621.0	327.0
47964	279331	683.0	342.0
47976	279331	772.0	361.0
47988	279331	909.0	391.0
48000	279331	1007.0	438.0
47544	279341	314.0	254.0
47556	279341	320.0	254.0
47568	279341	324.0	255.0
47580	279341	328.0	255.0
47592	279341	330.0	255.0
47604	279341	333.0	256.0
47616	279341	337.0	256.0
47628	279341	339.0	256.0
47640	279341	344.0	257.0
47652	279341	349.0	257.0
47664	279341	353.0	257.0
47676	279341	358.0	257.0
47688	279341	363.0	258.0
47700	279341	368.0	258.0
47712	279341	374.0	259.0
47724	279341	381.0	260.0
47736	279341	386.0	260.0
47748	279341	395.0	261.0
47760	279341	403.0	262.0
47772	279341	411.0	263.0
47784	279341	421.0	265.0
47796	279341	432.0	265.0
47808	279341	443.0	267.0
47820	279341	457.0	268.0
47832	279341	472.0	270.0
47844	279341	489.0	271.0
47856	279341	510.0	273.0
47868	279341	532.0	275.0
47880	279341	560.0	280.0
47892	279341	590.0	283.0
47904	279341	623.0	273.0
47916	279341	653.0	252.0
47700	279390	200.0	250.0
47712	279390	205.0	250.0
47724	279390	212.0	251.0
47736	279390	217.0	252.0
47748	279390	222.0	252.0
47760	279390	227.0	252.0
47772	279390	229.5	252.0
47784	279390	234.0	253.0
47796	279390	236.0	252.0
47808	279390	241.0	252.0
47820	279390	242.0	252.0
47832	279390	245.0	253.0
47844	279390	246.0	253.0
47856	279390	248.0	253.0
47868	279390	250.0	253.0
47880	279390	250.0	252.0
47892	279390	251.0	252.0
47904	279390	251.0	252.0
47916	279390	252.0	253.0
47928	279390	254.0	254.0
47940	279390	256.0	253.0
47952	279390	256.0	254.0
47964	279390	258.0	254.0
47976	279390	259.0	254.0
47988	279390	260.0	254.0
48000	279390	265.0	255.0
48012	279390	269.0	256.0
48024	279390	273.0	256.0
48036	279390	276.0	256.0
48048	279390	278.0	257.0
48060	279390	282.0	258.0
48072	279390	285.0	258.0
48084	279390	289.0	258.0
48096	279390	292.0	259.0
48108	279390	294.0	259.0
48120	279390	298.0	261.0
48132	279390	302.0	261.0
48144	279390	304.0	261.0
48156	279390	308.0	262.0
48168	279390	312.0	262.0
48180	279390	317.0	262.0
48192	279390	321.0	263.0
48204	279390	326.0	264.0
48216	279390	330.0	265.0
48228	279390	336.0	266.0
48240	279390	341.0	268.0
48252	279390	348.0	269.0
48264	279390	355.0	270.0
48276	279390	363.0	271.0
48288	279390	371.0	273.0
48300	279390	381.0	274.0
48312	279390	392.0	275.0
48324	279390	405.0	278.0
48336	279390	419.0	280.0
48348	279390	436.0	284.0
48360	279390	455.0	288.0
48372	279390	478.0	292.0
48384	279390	506.0	298.0
48396	279390	541.0	305.0
48408	279390	585.0	315.0
48420	279390	643.0	328.0
48432	279390	721.0	344.0
48444	279390	836.0	369.0
48456	279390	981.0	410.0
47772	279417	316.0	264.0
47784	279417	321.0	265.0
47796	279417	325.0	266.0
47808	279417	333.0	268.0
47820	279417	341.0	268.0
47832	279417	349.0	269.0
47844	279417	356.0	269.0
47856	279417	366.0	271.0
47868	279417	377.0	272.0
47880	279417	386.0	274.0
47892	279417	397.0	276.0
47904	279417	410.0	278.0
47916	279417	423.0	280.0
47928	279417	439.0	282.0
47940	279417	459.0	286.0
47952	279417	478.0	289.0
47964	279417	499.0	294.0
47976	279417	523.0	299.0
47988	279417	552.0	305.0
48000	279417	587.0	313.0
48012	279417	629.0	323.0
48024	279417	685.0	334.0
48036	279417	756.0	349.0
48048	279417	855.0	370.0
48060	279417	973.0	402.0
48072	279417	1016.0	453.0
47868	279444	346.0	257.0
47880	279444	352.0	259.0
47892	279444	360.0	259.0
47904	279444	367.0	259.0
47916	279444	374.0	260.0
47928	279444	382.0	261.0
47940	279444	391.0	261.0
47952	279444	400.0	263.0
47964	279444	410.0	264.0
47976	279444	419.0	266.0
47988	279444	430.0	267.0
48000	279444	441.0	268.0
48012	279444	454.0	270.0
48024	279444	470.0	271.0
48036	279444	486.0	273.0
48048	279444	506.0	275.0
48060	279444	528.0	278.0
48072	279444	555.0	281.0
48084	279444	587.0	285.0
48096	279444	623.0	290.0
48108	279444	671.0	295.0
48120	279444	731.0	304.0
48132	279444	807.0	313.0
48144	279444	912.0	326.0
48156	279444	993.0	346.0
47892	279456	299.0	250.0
47904	279456	303.0	251.0
47916	279456	307.0	251.0
47928	279456	311.0	251.0
47940	279456	314.0	251.0
47952	279456	315.0	252.0
47964	279456	317.0	252.0
47976	279456	319.0	252.0
47988	279456	321.0	252.0
48000	279456	324.0	253.0
48012	279456	326.0	253.0
48024	279456	329.0	254.0
48036	279456	333.0	255.0
48048	279456	335.0	255.0
48060	279456	339.0	257.0
48072	279456	342.0	256.0
48084	279456	347.0	257.0
48096	279456	351.0	257.0
48108	279456	356.0	258.0
48120	279456	360.0	259.0
48132	279456	365.0	259.0
48144	279456	370.0	260.0
48156	279456	376.0	260.0
48168	279456	382.0	261.0
48180	279456	389.0	261.0
48192	279456	396.0	262.0
48204	279456	404.0	263.0
48216	279456	412.0	264.0
48228	279456	422.0	265.0
48240	279456	432.0	267.0
48252	279456	444.0	268.0
48264	279456	457.0	270.0
48276	279456	473.0	271.0
48288	279456	491.0	273.0
48300	279456	510.0	274.0
48312	279456	533.0	277.0
48324	279456	559.0	280.0
48336	279456	590.0	283.0
48348	279456	628.0	288.0
48360	279456	673.0	292.0
48372	279456	731.0	299.0
48384	279456	803.0	308.0
48396	279456	899.0	320.0
48408	279456	983.0	335.0
48036	279488	551.0	251.0
48048	279488	553.0	251.0
48060	279488	553.0	251.0
48072	279488	552.304347826087	251.0
48084	279488	551.6086956521739	251.0
48096	279488	550.9130434782609	251.0
48108	279488	550.2173913043479	251.0
48120	279488	549.5217391304348	251.0
48132	279488	550.0	250.0
48144	279488	552.0	250.0
48156	279488	554.0	249.0
48168	279488	556.0	248.0
48180	279488	559.0	247.0
48192	279488	562.0	247.0
48204	279488	565.0	246.0
48216	279488	568.0	246.0
48228	279488	570.0	245.0
48240	279488	574.0	246.0
48252	279488	577.0	244.0
48264	279488	580.0	244.0
48276	279488	582.0	243.0
48288	279488	586.0	240.0
48300	279488	589.0857142857143	239.31428571428572
48312	279488	592.1714285714286	238.62857142857143
48324	279488	595.0	238.0
48336	279488	598.0	238.0
48348	279488	600.21875	236.625
48360	279488	602.65625	235.875
48372	279488	605.09375	235.125
48384	279488	607.53125	234.375
48396	279488	609.96875	233.625
48408	279488	612.0	232.0
48108	279508	272.3529411764706	253.0
48120	279508	273.7647058823529	253.0
48132	279508	276.0	255.0
48144	279508	277.0	254.0
48156	279508	280.5	254.5
48168	279508	283.5	254.0
48180	279508	287.0	254.0
48192	279508	290.0	255.0
48204	279508	293.0	256.0
48216	279508	296.0	257.0
48228	279508	298.0	257.0
48240	279508	300.0	258.0
48252	279508	302.0	259.0
48264	279508	304.0	259.0
48276	279508	307.0	259.0
48288	279508	311.0	260.0
48300	279508	314.0	260.0
48312	279508	317.0	261.0
48324	279508	320.0	262.0
48336	279508	324.0	263.0
48348	279508	328.0	263.0
48360	279508	332.0	264.0
48372	279508	338.0	265.0
48384	279508	343.0	266.0
48396	279508	349.0	266.0
48408	279508	355.0	268.0
48420	279508	361.0	269.0
48432	279508	370.0	270.0
48444	279508	377.0	272.0
48456	279508	387.0	273.0
48468	279508	397.0	275.0
48480	279508	409.0	277.0
48492	279508	423.0	279.0
48504	279508	439.0	283.0
48516	279508	455.0	286.0
48528	279508	476.0	290.0
48540	279508	501.0	295.0
48552	279508	530.0	302.0
48564	279508	567.0	310.0
48576	279508	615.0	321.0
48588	279508	677.0	335.0
48600	279508	762.0	353.0
48612	279508	887.0	381.0
48624	279508	998.0	427.0
48204	279550	255.66666666666666	247.0
48216	279550	256.0	247.0
48228	279550	256.0	247.0
48240	279550	256.3333333333333	248.0
48252	279550	257.0	248.0
48264	279550	258.0	248.0
48276	279550	258.0	247.0
48288	279550	258.0	248.0
48300	279550	258.0	247.0
48312	279550	259.0	247.0
48324	279550	259.0	247.0
48336	279550	259.0	247.0
48348	279550	260.0	248.0
48360	279550	261.0	247.0
48372	279550	261.0	247.0
48384	279550	261.0	247.0
48396	279550	262.0	246.0
48408	279550	262.0	247.0
48420	279550	262.0	247.0
48432	279550	262.0	247.0
48444	279550	263.0	247.0
48456	279550	263.0	247.0
48468	279550	264.0	247.0
48480	279550	265.0	248.0
48492	279550	266.0	247.0
48504	279550	266.0	247.0
48516	279550	267.0	248.0
48528	279550	269.0	248.0
48540	279550	269.0	247.0
48552	279550	271.0	249.0
48564	279550	273.0	248.0
48576	279550	274.0	249.0
48588	279550	274.0	249.0
48600	279550	276.0	250.0
48612	279550	278.0	249.0
48624	279550	280.0	249.0
48636	279550	281.0	249.0
48648	279550	282.0	250.0
48660	279550	284.0	250.0
48672	279550	286.0	250.0
48684	279550	289.0	250.0
48696	279550	290.0	250.0
48708	279550	291.0	251.0
48720	279550	294.0	251.0
48732	279550	296.0	251.0
48744	279550	297.0	251.0
48756	279550	299.0	252.0
48768	279550	302.0	252.0
48780	279550	304.0	252.0
48792	279550	306.0	253.0
48804	279550	308.0	253.0
48816	279550	311.0	254.0
48828	279550	313.0	254.0
48840	279550	315.0	254.0
48852	279550	318.0	255.0
48864	279550	320.0	256.0
48876	279550	323.0	257.0
48888	279550	326.0	257.0
48900	279550	329.0	258.0
48912	279550	332.0	259.0
48924	279550	335.0	260.0
48936	279550	339.0	261.0
48948	279550	343.0	262.0
48960	279550	348.0	263.0
48972	279550	353.0	265.0
48984	279550	358.0	266.0
48996	279550	366.0	268.0
49008	279550	373.0	269.0
49020	279550	383.0	271.0
49032	279550	395.0	273.0
49044	279550	408.0	275.0
49056	279550	424.0	278.0
49068	279550	441.0	281.0
49080	279550	464.0	286.0
49092	279550	493.0	292.0
49104	279550	524.0	298.0
49116	279550	566.0	307.0
49128	279550	623.0	319.0
49140	279550	700.0	336.0
49152	279550	811.0	359.0
49164	279550	969.0	398.0
49176	279550	1015.0	434.0
48204	279551	278.0	252.0
48216	279551	278.0	253.0
48228	279551	278.0	253.0
48240	279551	279.0	253.0
48252	279551	281.0	253.0
48264	279551	283.0	253.0
48276	279551	286.2	253.4
48288	279551	291.0	255.0
48300	279551	295.0	256.0
48312	279551	296.0	256.0
48324	279551	300.0	256.0
48336	279551	302.0	256.0
48348	279551	304.0	257.0
48360	279551	306.0	256.0
48372	279551	310.0	257.0
48384	279551	313.0	258.0
48396	279551	315.0	259.0
48408	279551	318.0	259.0
48420	279551	323.0	260.0
48432	279551	326.0	261.0
48444	279551	332.0	262.0
48456	279551	336.0	263.0
48468	279551	341.0	265.0
48480	279551	345.0	265.0
48492	279551	351.0	266.0
48504	279551	357.0	267.0
48516	279551	364.0	268.0
48528	279551	371.0	270.0
48540	279551	378.0	271.0
48552	279551	387.0	272.0
48564	279551	397.0	274.0
48576	279551	408.0	276.0
48588	279551	420.0	278.0
48600	279551	434.0	281.0
48612	279551	449.0	285.0
48624	279551	468.0	289.0
48636	279551	490.0	294.0
48648	279551	516.0	301.0
48660	279551	547.0	308.0
48672	279551	588.0	319.0
48684	279551	640.0	329.0
48696	279551	709.0	346.0
48708	279551	808.0	369.0
48720	279551	957.0	404.0
48732	279551	1021.0	465.0
48288	279566	277.0	248.5
48300	279566	277.0	248.0
48312	279566	277.0	247.0
48324	279566	279.0	249.0
48336	279566	278.0	248.0
48348	279566	279.0	247.0
48360	279566	281.0	247.0
48372	279566	282.0	246.0
48384	279566	283.0	247.0
48396	279566	284.0	247.0
48408	279566	286.0	246.0
48420	279566	287.0	246.0
48432	279566	288.0	247.0
48444	279566	288.0	247.0
48456	279566	290.0	247.0
48468	279566	290.0	247.0
48480	279566	291.0	248.0
48492	279566	292.0	248.0
48504	279566	293.0	248.0
48516	279566	295.0	248.0
48528	279566	295.0	248.0
48540	279566	297.0	248.0
48552	279566	298.0	248.0
48564	279566	300.0	249.0
48576	279566	302.0	249.0
48588	279566	303.0	250.0
48600	279566	305.0	250.0
48612	279566	306.0	250.0
48624	279566	307.0	250.0
48636	279566	309.0	250.0
48648	279566	311.0	250.0
48660	279566	313.0	251.0
48672	279566	315.0	251.0
48684	279566	317.0	251.0
48696	279566	319.0	250.0
48708	279566	321.0	251.0
48720	279566	325.0	251.0
48732	279566	327.0	252.0
48744	279566	330.0	252.0
48756	279566	333.0	253.0
48768	279566	336.0	253.0
48780	279566	340.0	254.0
48792	279566	344.0	254.0
48804	279566	348.0	254.0
48816	279566	353.0	255.0
48828	279566	358.0	255.0
48840	279566	363.0	256.0
48852	279566	368.0	257.0
48864	279566	374.0	258.0
48876	279566	381.0	259.0
48888	279566	388.0	259.0
48900	279566	397.0	260.0
48912	279566	405.0	261.0
48924	279566	414.0	262.0
48936	279566	425.0	264.0
48948	279566	437.0	265.0
48960	279566	451.0	267.0
48972	279566	466.0	269.0
48984	279566	483.0	270.0
48996	279566	503.0	272.0
49008	279566	527.0	275.0
49020	279566	554.0	278.0
49032	279566	586.0	282.0
49044	279566	627.0	286.0
49056	279566	679.0	293.0
49068	279566	745.0	301.0
49080	279566	835.0	312.0
49092	279566	959.0	328.0
49104	279566	1005.0	353.0
48720	279625	250.0	251.0
48732	279625	252.0	251.0
48744	279625	252.0	252.0
48756	279625	253.0	251.0
48768	279625	254.0	253.0
48780	279625	255.0	253.0
48792	279625	257.0	253.0
48804	279625	258.0	253.0
48816	279625	260.0	254.0
48828	279625	261.0	254.0
48840	279625	263.0	255.0
48852	279625	265.0	255.0
48864	279625	267.0	255.0
48876	279625	271.0	256.0
48888	279625	274.0	256.0
48900	279625	276.0	257.0
48912	279625	279.0	257.0
48924	279625	282.0	258.0
48936	279625	286.0	258.0
48948	279625	289.0	259.0
48960	279625	292.0	260.0
48972	279625	296.0	261.0
48984	279625	299.0	261.0
48996	279625	303.0	262.0
49008	279625	308.0	263.0
49020	279625	312.0	263.0
49032	279625	317.0	265.0
49044	279625	321.0	266.0
49056	279625	327.0	267.0
49068	279625	334.0	268.0
49080	279625	341.0	270.0
49092	279625	349.0	271.0
49104	279625	357.0	273.0
49116	279625	368.0	274.0
49128	279625	378.0	276.0
49140	279625	391.0	278.0
49152	279625	406.0	281.0
49164	279625	424.0	286.0
49176	279625	444.0	291.0
49188	279625	470.0	296.0
49200	279625	501.0	303.0
49212	279625	540.0	312.0
49224	279625	592.0	325.0
49236	279625	663.0	341.0
49248	279625	768.0	364.0
49260	279625	936.0	402.0
49272	279625	1029.0	473.0
48984	279656	274.0	251.0
48996	279656	275.0	252.0
49008	279656	280.0	253.0
49020	279656	283.0	253.0
49032	279656	285.0	252.0
49044	279656	289.0	252.0
49056	279656	294.0	254.0
49068	279656	295.0	255.0
49080	279656	299.0	255.0
49092	279656	304.0	255.0
49104	279656	306.0	256.0
49116	279656	309.0	257.0
49128	279656	311.0	258.0
49140	279656	314.0	258.0
49152	279656	318.0	259.0
49164	279656	321.0	260.0
49176	279656	324.0	260.0
49188	279656	327.0	261.0
49200	279656	331.0	262.0
49212	279656	334.0	263.0
49224	279656	339.0	264.0
49236	279656	344.0	265.0
49248	279656	349.0	266.0
49260	279656	355.0	267.0
49272	279656	360.0	269.0
49284	279656	367.0	270.0
49296	279656	375.0	271.0
49308	279656	383.0	274.0
49320	279656	393.0	275.0
49332	279656	404.0	277.0
49344	279656	417.0	279.0
49356	279656	431.0	283.0
49368	279656	448.0	287.0
49380	279656	468.0	291.0
49392	279656	493.0	296.0
49404	279656	523.0	304.0
49416	279656	559.0	313.0
49428	279656	607.0	325.0
49440	279656	671.0	340.0
49452	279656	761.0	360.0
49464	279656	900.0	393.0
49476	279656	1008.0	447.0
49008	279661	262.0	247.0
49020	279661	264.0	249.0
49032	279661	263.0	249.0
49044	279661	265.0	250.0
49056	279661	265.0	248.0
49068	279661	266.0	249.0
49080	279661	267.0	249.0
49092	279661	267.0	250.0
49104	279661	268.0	250.0
49116	279661	268.0	250.0
49128	279661	270.0	250.0
49140	279661	269.0	249.0
49152	279661	271.0	250.0
49164	279661	272.0	250.0
49176	279661	274.0	250.0
49188	279661	274.0	250.0
49200	279661	276.0	250.0
49212	279661	277.0	250.0
49224	279661	278.0	251.0
49236	279661	279.0	251.0
49248	279661	281.0	251.0
49260	279661	281.0	251.0
49272	279661	283.0	251.0
49284	279661	284.0	252.0
49296	279661	285.0	252.0
49308	279661	288.0	253.0
49320	279661	289.0	253.0
49332	279661	292.0	253.0
49344	279661	294.0	254.0
49356	279661	295.0	254.0
49368	279661	295.0	254.0
49380	279661	297.0	255.0
49392	279661	298.0	255.0
49404	279661	303.0	255.0
49416	279661	303.0	257.0
49428	279661	305.0	257.0
49440	279661	307.0	258.0
49452	279661	310.0	259.0
49464	279661	311.0	259.0
49476	279661	315.0	260.0
49488	279661	320.0	260.0
49500	279661	324.0	261.0
49512	279661	328.0	262.0
49524	279661	333.0	264.0
49536	279661	338.0	265.0
49548	279661	344.0	266.0
49560	279661	351.0	268.0
49572	279661	358.0	269.0
49584	279661	367.0	272.0
49596	279661	376.0	273.0
49608	279661	388.0	275.0
49620	279661	401.0	277.0
49632	279661	416.0	280.0
49644	279661	434.0	283.0
49656	279661	456.0	288.0
49668	279661	482.0	294.0
49680	279661	515.0	301.0
49692	279661	556.0	310.0
49704	279661	610.0	322.0
49716	279661	687.0	338.0
49728	279661	796.0	361.0
49740	279661	968.0	402.0
49248	279727	299.0	250.0
49260	279727	299.0	250.0
49272	279727	297.0	249.0
49284	279727	297.0	248.0
49296	279727	299.0	249.0
49308	279727	303.0	250.0
49320	279727	306.0	251.0
49332	279727	307.0	250.0
49344	279727	308.0	250.0
49356	279727	311.0	250.0
49368	279727	312.0	250.0
49380	279727	316.5	251.0
49392	279727	314.5	250.0
49404	279727	321.0	251.0
49416	279727	323.0	250.0
49428	279727	325.0	252.0
49440	279727	328.3333333333333	250.66666666666666
49452	279727	332.0	253.0
49464	279727	337.0	253.0
49476	279727	341.0	254.0
49488	279727	344.0	254.0
49500	279727	350.0	255.0
49512	279727	354.0	256.0
49524	279727	358.0	255.0
49536	279727	365.0	257.0
49548	279727	370.0	257.0
49560	279727	376.0	259.0
49572	279727	382.0	259.0
49584	279727	389.0	261.0
49596	279727	397.0	261.0
49608	279727	406.0	263.0
49620	279727	415.0	264.0
49632	279727	425.0	265.0
49644	279727	438.0	268.0
49260	279733	311.0	249.0
49272	279733	311.0	250.0
49284	279733	313.0	251.0
49296	279733	315.0	251.0
49308	279733	319.0	251.0
49320	279733	321.0	250.0
49332	279733	322.0	251.0
49344	279733	325.0	251.0
49356	279733	328.0	252.0
49368	279733	330.0	253.0
49380	279733	333.5	251.0
49392	279733	337.0	253.0
49404	279733	341.0	254.0
49416	279733	345.0	254.0
49428	279733	349.0	254.0
49440	279733	353.0	256.0
49452	279733	358.0	256.0
49464	279733	362.0	257.0
49476	279733	368.0	257.0
49488	279733	373.0	258.0
49500	279733	380.0	259.0
49512	279733	386.0	259.0
49524	279733	393.0	260.0
49536	279733	401.0	261.0
49548	279733	409.0	262.0
49560	279733	418.0	263.0
49572	279733	429.0	264.0
49584	279733	440.0	266.0
49596	279733	452.0	268.0
49608	279733	466.0	269.0
49620	279733	481.0	271.0
49632	279733	500.0	273.0
49644	279733	521.0	275.0
49656	279733	546.0	278.0
49668	279733	576.0	281.0
49680	279733	612.0	285.0
49692	279733	656.0	291.0
49704	279733	708.0	297.0
49716	279733	780.0	306.0
49728	279733	874.0	317.0
49596	279772	343.0	255.0
49608	279772	347.0	256.0
49620	279772	352.0	256.0
49632	279772	358.0	257.0
49644	279772	365.0	258.0
49656	279772	371.0	259.0
49668	279772	377.0	259.0
49680	279772	384.0	260.0
49692	279772	392.0	261.0
49704	279772	401.0	262.0
49716	279772	412.0	264.0
49728	279772	422.0	265.0
49740	279772	436.0	267.0
49752	279772	450.0	268.0
49764	279772	467.0	270.0
49776	279772	486.0	271.0
49788	279772	510.0	274.0
49800	279772	536.0	277.0
49812	279772	568.0	280.0
49824	279772	607.0	285.0
49836	279772	656.0	291.0
49848	279772	719.0	298.0
49860	279772	800.0	308.0
49872	279772	914.0	322.0
49884	279772	996.0	343.0
49620	279773	286.0	247.0
49632	279773	287.0	247.0
49644	279773	288.0	247.0
49656	279773	289.0	247.0
49668	279773	289.0	247.0
49680	279773	289.0	247.0
49692	279773	291.0	247.0
49704	279773	292.0	247.0
49716	279773	294.0	247.0
49728	279773	295.0	247.0
49740	279773	296.0	247.0
49752	279773	297.0769230769231	247.0
49764	279773	299.0	248.0
49776	279773	300.0	248.0
49788	279773	301.0	248.0
49800	279773	302.0	248.0
49812	279773	304.0	249.0
49824	279773	306.0	249.0
49836	279773	306.0	248.0
49848	279773	309.0	249.0
49860	279773	310.0	250.0
49872	279773	312.0	250.0
49884	279773	315.0	251.0
49896	279773	317.0	251.0
49908	279773	320.0	251.0
49920	279773	322.0	252.0
49932	279773	325.0	252.0
49944	279773	327.0	253.0
49956	279773	330.0	253.0
49968	279773	333.0	254.0
49980	279773	336.0	253.0
49992	279773	340.0	254.0
50004	279773	344.0	255.0
50016	279773	348.0	256.0
50028	279773	352.0	256.0
50040	279773	358.0	257.0
50052	279773	362.0	257.0
50064	279773	369.0	258.0
50076	279773	375.0	259.0
50088	279773	382.0	260.0
50100	279773	390.0	260.0
50112	279773	399.0	262.0
50124	279773	408.0	263.0
50136	279773	420.0	264.0
50148	279773	431.0	266.0
50160	279773	444.0	267.0
50172	279773	460.0	269.0
50184	279773	478.0	271.0
50196	279773	499.0	273.0
50208	279773	523.0	275.0
50220	279773	552.0	278.0
50232	279773	588.0	283.0
50244	279773	630.0	288.0
50256	279773	685.0	295.0
50268	279773	756.0	303.0
50280	279773	853.0	315.0
50292	279773	946.0	283.0
49812	279803	285.0	249.0
49824	279803	286.0	250.0
49836	279803	287.0	250.0
49848	279803	286.0	251.0
49860	279803	290.0	252.0
49872	279803	289.0	253.0
49884	279803	290.0	253.0
49896	279803	292.0	253.0
49908	279803	293.0	253.0
49920	279803	295.0	254.0
49932	279803	298.0	254.0
49944	279803	299.0	255.0
49956	279803	301.0	255.0
49968	279803	304.0	256.0
49980	279803	306.0	257.0
49992	279803	309.0	257.0
50004	279803	311.0	258.0
50016	279803	314.0	259.0
50028	279803	318.0	260.0
50040	279803	322.0	261.0
50052	279803	326.0	262.0
50064	279803	330.0	263.0
50076	279803	335.0	265.0
50088	279803	341.0	265.0
50100	279803	348.0	267.0
50112	279803	355.0	268.0
50124	279803	363.0	270.0
50136	279803	372.0	272.0
50148	279803	384.0	273.0
50160	279803	396.0	275.0
50172	279803	410.0	277.0
50184	279803	427.0	281.0
50196	279803	445.0	285.0
50208	279803	467.0	289.0
50220	279803	496.0	295.0
50232	279803	529.0	302.0
50244	279803	573.0	311.0
50256	279803	632.0	324.0
50268	279803	712.0	340.0
50280	279803	830.0	365.0
50292	279803	981.0	405.0
49872	279815	265.0	249.0
49884	279815	266.0	249.0
49896	279815	265.2	249.0
49908	279815	267.6	249.0
49920	279815	271.0	249.0
49932	279815	271.0	249.0
49944	279815	271.6666666666667	249.0
49956	279815	274.0	250.0
49968	279815	275.0	250.0
49980	279815	274.0	250.0
49992	279815	275.0	250.0
50004	279815	275.0	250.0
50016	279815	274.0	249.0
50028	279815	279.0	251.0
50040	279815	279.0	251.0
50052	279815	281.0	251.0
50064	279815	280.0	252.0
50076	279815	283.0	252.0
50088	279815	284.0	252.0
50100	279815	288.0	253.0
50112	279815	288.0	253.0
50124	279815	290.0	253.0
50136	279815	293.0	254.0
50148	279815	296.0	255.0
50160	279815	299.0	255.0
50172	279815	302.0	255.0
50184	279815	304.0	256.0
50196	279815	306.0	256.0
50208	279815	309.0	257.0
50220	279815	313.0	258.0
50232	279815	316.0	259.0
50244	279815	320.0	259.0
50256	279815	324.0	260.0
50268	279815	329.0	261.0
50280	279815	334.0	263.0
50292	279815	340.0	263.0
50304	279815	346.0	265.0
50316	279815	352.0	266.0
50328	279815	360.0	267.0
50340	279815	367.0	269.0
50352	279815	376.0	270.0
50364	279815	386.0	271.0
50376	279815	398.0	273.0
50388	279815	411.0	276.0
50400	279815	426.0	278.0
50412	279815	444.0	282.0
50424	279815	463.0	286.0
50436	279815	488.0	291.0
50448	279815	517.0	297.0
50460	279815	556.0	306.0
50472	279815	605.0	316.0
50484	279815	674.0	332.0
50496	279815	772.0	353.0
50508	279815	927.0	387.0
50520	279815	1025.0	448.0
49920	279817	200.0	248.0
49932	279817	206.0	248.0
49944	279817	211.0	249.0
49956	279817	215.0	250.0
49968	279817	218.0	250.0
49980	279817	223.0	251.0
49992	279817	227.0	251.0
50004	279817	229.0	250.0
50016	279817	232.0	251.0
50028	279817	235.0	251.0
50040	279817	238.0	250.0
50052	279817	241.0	251.0
50064	279817	242.0	251.0
50076	279817	244.0	251.0
50088	279817	246.0	251.0
50100	279817	246.0	250.0
50112	279817	247.0	251.0
50124	279817	247.0	251.0
50136	279817	250.0	250.0
50148	279817	250.0	252.0
50160	279817	251.0	253.0
50172	279817	250.0	252.0
50184	279817	251.0	252.0
50196	279817	251.0	253.0
50208	279817	251.0	253.0
50220	279817	249.0	252.0
50232	279817	250.0	253.0
50244	279817	248.0	253.0
50256	279817	248.0	253.0
50268	279817	252.0	253.0
50280	279817	252.0	254.0
50292	279817	252.0	254.0
50304	279817	252.0	254.0
50316	279817	252.0	255.0
50328	279817	253.0	255.0
50340	279817	253.0	256.0
50352	279817	254.0	256.0
50364	279817	255.0	256.0
50376	279817	255.0	256.0
50388	279817	257.0	257.0
50400	279817	258.0	258.0
50412	279817	259.0	258.0
50424	279817	260.0	259.0
50436	279817	261.0	259.0
50448	279817	262.0	260.0
50460	279817	264.0	260.0
50472	279817	265.0	261.0
50484	279817	268.0	261.0
50496	279817	269.0	262.0
50508	279817	273.0	263.0
50520	279817	276.0	264.0
50532	279817	278.0	265.0
50544	279817	283.0	265.0
50556	279817	288.0	267.0
50568	279817	292.0	268.0
50580	279817	299.0	268.0
50592	279817	306.0	270.0
50604	279817	314.0	271.0
50616	279817	322.0	272.0
50628	279817	331.0	273.0
50640	279817	341.0	274.0
50652	279817	352.0	275.0
50664	279817	365.0	277.0
50676	279817	378.0	280.0
50688	279817	394.0	283.0
50700	279817	411.0	286.0
50712	279817	429.0	289.0
50724	279817	452.0	294.0
50736	279817	477.0	299.0
50748	279817	507.0	305.0
50760	279817	544.0	313.0
50772	279817	590.0	324.0
50784	279817	649.0	337.0
50796	279817	727.0	354.0
50808	279817	844.0	381.0
50820	279817	982.0	422.0
50832	279817	1023.0	474.0
50208	279834	285.0	248.0
50220	279834	287.0	249.0
50232	279834	288.90909090909093	247.84848484848484
50244	279834	291.09090909090907	247.4848484848485
50256	279834	293.27272727272725	247.12121212121212
50268	279834	296.0	248.0
50280	279834	297.0	248.0
50292	279834	299.0	248.0
50304	279834	301.0	250.0
50316	279834	302.0	249.0
50328	279834	304.0	250.0
50340	279834	305.0	250.0
50352	279834	307.0	249.0
50364	279834	310.0	250.0
50376	279834	310.0	250.0
50388	279834	312.0	250.0
50400	279834	315.0	251.0
50412	279834	317.0	250.0
50424	279834	319.0	251.0
50436	279834	320.0	251.0
50448	279834	323.0	251.0
50460	279834	326.0	252.0
50472	279834	330.0	252.0
50484	279834	331.0	253.0
50496	279834	335.0	253.0
50508	279834	338.0	254.0
50520	279834	342.0	254.0
50532	279834	347.0	255.0
50544	279834	350.0	255.0
50556	279834	354.0	256.0
50568	279834	359.0	256.0
50580	279834	365.0	257.0
50592	279834	370.0	257.0
50604	279834	375.0	258.0
50616	279834	382.0	259.0
50628	279834	388.0	259.0
50640	279834	395.0	260.0
50652	279834	402.0	261.0
50664	279834	411.0	263.0
50676	279834	420.0	264.0
50688	279834	431.0	265.0
50700	279834	443.0	265.0
50712	279834	456.0	267.0
50724	279834	471.0	269.0
50736	279834	489.0	270.0
50424	279864	302.8	248.2
50436	279864	303.2307692307692	249.0
50448	279864	304.3333333333333	250.0
50460	279864	308.3333333333333	250.0
50472	279864	313.0	250.0
50484	279864	314.5	250.0
50496	279864	316.75	251.5
50508	279864	320.7692307692308	252.0
50520	279864	323.0	252.0
50532	279864	325.0	251.0
50544	279864	329.0	253.0
50556	279864	332.0	253.0
50568	279864	335.0	254.0
50580	279864	339.0	254.0
50592	279864	343.0	255.0
50604	279864	347.0	255.0
50616	279864	352.0	255.0
50628	279864	356.0	256.0
50640	279864	362.0	256.0
50652	279864	369.0	256.0
50664	279864	375.0	256.0
50676	279864	380.0	258.0
50652	279901	298.0	249.0
50664	279901	301.0	249.0
50676	279901	303.0	250.0
50688	279901	305.0	250.0
50700	279901	307.0	250.0
50712	279901	310.0	250.0
50724	279901	312.0	250.0
50736	279901	314.0	251.0
50748	279901	316.0	251.0
50760	279901	319.0	252.0
50772	279901	322.0	252.0
50784	279901	325.0	253.0
50796	279901	328.0	253.0
50808	279901	331.0	253.0
50820	279901	334.0	253.0
50832	279901	340.0	253.0
50844	279901	343.0	255.0
50856	279901	348.0	255.0
50868	279901	352.0	255.0
50880	279901	357.0	257.0
50892	279901	364.0	257.0
50904	279901	370.0	258.0
50916	279901	376.0	258.0
50928	279901	384.0	260.0
50940	279901	392.0	260.0
50952	279901	401.0	261.0
50964	279901	411.0	262.0
50976	279901	422.0	264.0
50988	279901	434.0	265.0
51000	279901	448.0	266.0
51012	279901	462.0	269.0
51024	279901	477.0	270.0
51036	279901	497.0	272.0
51048	279901	518.0	274.0
51060	279901	542.0	277.0
51072	279901	570.0	280.0
51084	279901	605.0	285.0
51096	279901	650.0	291.0
51108	279901	703.0	298.0
51120	279901	775.0	307.0
51132	279901	871.0	322.0
51144	279901	977.0	338.0
50664	279903	271.0	249.0
50676	279903	272.0	248.0
50688	279903	273.0	250.0
50700	279903	274.0	249.0
50712	279903	275.0	249.0
50724	279903	277.0	249.0
50736	279903	278.0	250.0
50748	279903	280.0	251.0
50760	279903	281.0	251.0
50772	279903	282.0	251.0
50784	279903	283.0	252.0
50796	279903	285.0	251.0
50808	279903	287.0	252.0
50820	279903	289.0	253.0
50832	279903	290.0	253.0
50844	279903	292.0	253.0
50856	279903	295.0	254.0
50868	279903	297.0	255.0
50880	279903	298.0	255.0
50892	279903	301.0	255.0
50904	279903	305.0	256.0
50916	279903	308.0	257.0
50928	279903	311.0	257.0
50940	279903	315.0	258.0
50952	279903	319.0	259.0
50964	279903	323.0	260.0
50976	279903	328.0	261.0
50988	279903	333.0	262.0
51000	279903	340.0	263.0
51012	279903	346.0	264.0
51024	279903	354.0	267.0
51036	279903	363.0	268.0
51048	279903	373.0	269.0
51060	279903	384.0	271.0
51072	279903	398.0	273.0
51084	279903	413.0	276.0
51096	279903	431.0	279.0
51108	279903	453.0	284.0
51120	279903	479.0	289.0
51132	279903	512.0	297.0
51144	279903	554.0	306.0
51156	279903	613.0	319.0
51168	279903	697.0	338.0
51180	279903	829.0	366.0
51192	279903	995.0	418.0
50676	279904	325.0	253.0
50688	279904	332.0	253.0
50700	279904	337.0	253.0
50712	279904	340.0	254.0
50724	279904	344.0	254.0
50736	279904	348.0	255.0
50748	279904	352.0	255.0
50760	279904	357.0	256.0
50772	279904	362.0	257.0
50784	279904	368.0	257.0
50796	279904	373.0	258.0
50808	279904	380.0	259.0
50820	279904	386.0	260.0
50832	279904	395.0	260.0
50844	279904	403.0	262.0
50856	279904	412.0	263.0
50868	279904	422.0	264.0
50880	279904	433.0	265.0
50892	279904	447.0	266.0
50904	279904	460.0	268.0
50916	279904	475.0	270.0
50928	279904	494.0	272.0
50940	279904	515.0	274.0
50952	279904	539.0	277.0
50964	279904	569.0	280.0
50976	279904	605.0	284.0
50988	279904	649.0	290.0
51000	279904	702.0	296.0
51012	279904	772.0	305.0
51024	279904	866.0	317.0
51036	279904	977.0	334.0
50832	279925	322.0	250.0
50844	279925	324.0	251.0
50856	279925	327.0	251.0
50868	279925	333.0	253.0
50880	279925	336.0	253.0
50892	279925	340.0	253.0
50904	279925	345.0	255.0
50916	279925	349.0	254.0
50928	279925	353.0	254.0
50940	279925	360.0	256.0
50952	279925	365.0	256.0
50964	279925	372.0	258.0
50976	279925	379.0	259.0
50988	279925	386.0	259.0
51000	279925	393.0	260.0
51012	279925	402.0	261.0
51024	279925	411.0	263.0
51036	279925	421.0	264.0
51048	279925	432.0	266.0
51060	279925	445.0	267.0
51072	279925	461.0	269.0
51084	279925	478.0	271.0
51096	279925	498.0	272.0
51108	279925	520.0	275.0
51120	279925	547.0	278.0
51132	279925	582.0	282.0
51144	279925	624.0	286.0
51156	279925	675.0	293.0
51168	279925	747.0	301.0
51180	279925	829.2	310.05
51192	279925	927.6	334.65
50892	279940	268.0	248.0
50904	279940	269.0	249.0
50916	279940	269.0	248.0
50928	279940	269.0	248.0
50940	279940	271.28125	248.046875
50952	279940	272.40625	248.234375
50964	279940	273.53125	248.421875
50976	279940	274.65625	248.609375
50988	279940	275.78125	248.796875
51000	279940	276.90625	248.984375
51012	279940	278.0	249.0
51024	279940	280.0	249.0
51036	279940	282.0	250.0
51048	279940	284.0	250.0
51060	279940	285.0	250.0
51072	279940	287.0	250.0
51084	279940	288.0	250.0
51096	279940	290.0	250.0
51108	279940	292.0	251.0
51120	279940	294.0	252.0
51132	279940	296.0	252.0
51144	279940	298.0	252.0
51156	279940	301.0	253.0
51168	279940	303.0	253.0
51180	279940	305.0	254.0
51192	279940	306.0	255.0
51204	279940	309.0	257.0
51216	279940	310.0	257.0
51228	279940	313.0	258.0
51240	279940	315.0	258.0
51252	279940	318.0	259.0
51264	279940	320.0	260.0
51276	279940	324.0	261.0
51288	279940	327.0	262.0
51300	279940	330.0	263.0
51312	279940	334.0	264.0
51324	279940	338.0	265.0
51336	279940	343.0	266.0
51348	279940	350.0	267.0
51360	279940	356.0	269.0
51372	279940	363.0	271.0
51384	279940	371.0	271.0
51396	279940	379.0	273.0
51408	279940	391.0	275.0
51420	279940	402.0	277.0
51432	279940	417.0	280.0
51444	279940	432.0	284.0
51456	279940	451.0	288.0
51468	279940	475.0	294.0
51480	279940	503.0	301.0
51492	279940	538.0	309.0
51504	279940	581.0	320.0
51516	279940	641.0	333.0
51528	279940	724.0	352.0
51540	279940	852.0	382.0
51552	279940	992.0	432.0
51372	280015	283.0	247.0
51384	280015	284.0	246.0
51396	280015	284.0	247.0
51408	280015	286.0	247.0
51420	280015	286.0	246.0
51432	280015	286.0	246.0
51444	280015	287.0	246.0
51456	280015	288.0	246.0
51468	280015	290.0	248.0
51480	280015	291.0	248.0
51492	280015	292.0	247.0
51504	280015	292.0	249.0
51516	280015	294.0	248.0
51528	280015	295.0	248.0
51540	280015	297.0	248.0
51552	280015	298.0	248.0
51564	280015	298.0	248.0
51576	280015	299.0	248.0
51588	280015	301.0	249.0
51600	280015	302.125	249.0
51612	280015	304.375	249.0
51624	280015	306.625	249.0
51384	280016	273.0	250.0
51396	280016	273.0	250.875
51408	280016	274.0	251.0
51420	280016	275.0	251.0
51432	280016	275.0	250.0
51444	280016	276.0	250.0
51456	280016	276.0	252.0
51468	280016	277.0	252.0
51480	280016	278.0	252.0
51492	280016	279.0	252.0
51504	280016	280.0	253.0
51516	280016	282.0	252.0
51528	280016	283.0	253.0
51540	280016	283.0	253.0
51552	280016	287.0	253.0
51564	280016	289.0	254.0
51576	280016	290.0	254.0
51588	280016	293.0	254.0
51600	280016	295.0	255.0
51612	280016	297.0	255.0
51624	280016	299.0	256.0
51636	280016	301.0	256.0
51648	280016	304.0	257.0
51660	280016	308.0	257.0
51672	280016	311.0	258.0
51684	280016	313.0	260.0
51696	280016	317.0	260.0
51708	280016	321.0	260.0
51720	280016	323.0	261.0
51732	280016	328.0	262.0
51744	280016	333.0	263.0
51756	280016	337.0	265.0
51768	280016	343.0	266.0
51780	280016	348.0	266.0
51792	280016	354.0	268.0
51804	280016	361.0	269.0
51816	280016	369.0	272.0
51828	280016	378.0	272.0
51840	280016	387.0	274.0
51852	280016	398.0	276.0
51864	280016	410.0	278.0
51876	280016	425.0	282.0
51888	280016	440.0	285.0
51900	280016	459.0	290.0
51912	280016	482.0	295.0
51924	280016	509.0	300.0
51936	280016	543.0	309.0
51948	280016	587.0	319.0
51960	280016	645.0	332.0
51972	280016	726.0	351.0
51984	280016	845.0	378.0
51996	280016	987.0	423.0
51516	280036	266.0	250.0
51528	280036	266.0	250.0
51540	280036	267.6818181818182	250.11363636363637
51552	280036	269.3181818181818	250.38636363636363
51564	280036	270.95454545454544	250.6590909090909
51576	280036	272.59090909090907	250.9318181818182
51588	280036	274.0	250.0
51600	280036	273.0	251.0
51612	280036	274.0	250.0
51624	280036	275.0	251.0
51636	280036	277.0	251.0
51648	280036	279.0	252.0
51660	280036	280.0	252.0
51672	280036	281.0	252.0
51684	280036	282.0	252.0
51696	280036	282.0	252.0
51708	280036	283.0	253.0
51720	280036	284.0	253.0
51732	280036	287.0	253.0
51744	280036	288.0	254.0
51756	280036	289.0	253.0
51768	280036	291.0	254.0
51780	280036	293.0	255.0
51792	280036	295.0	255.0
51804	280036	296.0	255.0
51816	280036	299.0	257.0
51828	280036	301.0	257.0
51840	280036	303.0	257.0
51852	280036	306.0	258.0
51864	280036	308.0	259.0
51876	280036	311.0	260.0
51888	280036	315.0	261.0
51900	280036	318.0	261.0
51912	280036	321.0	262.0
51924	280036	325.0	262.0
51936	280036	329.0	264.0
51948	280036	334.0	265.0
51960	280036	339.0	266.0
51972	280036	345.0	267.0
51984	280036	352.0	268.0
51996	280036	359.0	270.0
52008	280036	368.0	272.0
52020	280036	377.0	273.0
52032	280036	388.0	275.0
52044	280036	401.0	277.0
52056	280036	415.0	280.0
52068	280036	432.0	284.0
52080	280036	451.0	288.0
52092	280036	475.0	293.0
52104	280036	502.0	298.0
52116	280036	537.0	307.0
52128	280036	583.0	317.0
52140	280036	644.0	331.0
52152	280036	729.0	351.0
52164	280036	859.0	381.0
52176	280036	997.0	431.0
51660	280051	264.1875	247.1875
51672	280051	264.9375	247.9375
51684	280051	265.7142857142857	248.0
51696	280051	266.57142857142856	248.0
51708	280051	267.0	248.0
51720	280051	268.25	249.0625
51732	280051	269.25	249.3125
51744	280051	270.25	249.5625
51756	280051	271.25	249.8125
51768	280051	273.0	250.0
51780	280051	273.0	250.0
51792	280051	274.0	249.0
51804	280051	274.0	249.0
51816	280051	275.0	249.0
51828	280051	276.0	250.0
51840	280051	277.0	251.0
51852	280051	278.0	251.0
51864	280051	279.0	252.0
51876	280051	280.0	252.0
51888	280051	280.0	253.0
51900	280051	281.0	253.0
51912	280051	282.0	253.0
51924	280051	283.0	253.0
51936	280051	284.0	253.0
51948	280051	285.0	254.0
51960	280051	286.0	254.0
51972	280051	288.0	254.0
51984	280051	289.0	254.0
51996	280051	290.0	255.0
52008	280051	291.0	255.0
52020	280051	294.0	255.0
52032	280051	294.0	256.0
52044	280051	296.0	256.0
52056	280051	298.0	256.0
52068	280051	300.0	257.0
52080	280051	303.0	258.0
52092	280051	305.0	258.0
52104	280051	307.0	259.0
52116	280051	310.0	259.0
52128	280051	314.0	260.0
52140	280051	316.0	261.0
52152	280051	320.0	261.0
52164	280051	324.0	262.0
52176	280051	329.0	264.0
52188	280051	333.0	265.0
52200	280051	340.0	266.0
52212	280051	346.0	267.0
52224	280051	352.0	267.0
52236	280051	360.0	269.0
52248	280051	368.0	270.0
52260	280051	375.0	272.0
52272	280051	385.0	273.0
52284	280051	394.0	275.0
52296	280051	406.0	277.0
52308	280051	417.0	279.0
52320	280051	432.0	283.0
52332	280051	449.0	286.0
52344	280051	469.0	291.0
52356	280051	491.0	296.0
52368	280051	519.0	303.0
52380	280051	552.0	310.0
52392	280051	596.0	322.0
52404	280051	650.0	334.0
52416	280051	729.0	353.0
52428	280051	842.0	381.0
52440	280051	981.0	423.0
52452	280051	1030.0	463.0
51768	280055	310.0	250.0
51780	280055	314.0	250.0
51792	280055	316.0	252.0
51804	280055	318.0	252.0
51816	280055	322.0	252.0
51828	280055	324.0	252.0
51840	280055	328.0	254.0
51852	280055	329.0	253.0
51864	280055	334.0	254.0
51876	280055	338.0	255.0
51888	280055	341.0	255.0
51900	280055	347.0	257.0
51912	280055	352.0	256.0
51924	280055	358.0	257.0
51936	280055	363.0	259.0
51948	280055	369.0	258.0
51960	280055	376.0	259.0
51972	280055	383.0	260.0
51984	280055	391.0	261.0
51996	280055	398.0	262.0
52008	280055	408.0	263.0
52020	280055	418.0	265.0
52032	280055	428.0	266.0
52044	280055	442.0	267.0
52056	280055	455.0	269.0
52068	280055	470.0	270.0
52080	280055	489.0	272.0
52092	280055	510.0	275.0
52104	280055	535.0	278.0
52116	280055	565.0	281.0
52128	280055	603.0	285.0
51816	280057	340.0	252.0
51828	280057	342.0	254.0
51840	280057	346.0	254.0
51852	280057	350.0	256.0
51864	280057	357.0	256.0
51876	280057	364.0	257.0
51888	280057	372.0	258.0
51900	280057	379.0	260.0
51912	280057	386.0	260.0
51924	280057	395.0	261.0
51936	280057	403.0	262.0
51948	280057	412.0	262.0
51960	280057	421.0	264.0
51972	280057	433.0	265.0
51984	280057	445.0	267.0
51996	280057	459.0	269.0
52008	280057	474.0	270.0
52020	280057	491.0	272.0
52032	280057	511.0	274.0
52044	280057	535.0	277.0
52056	280057	563.0	280.0
52068	280057	597.0	285.0
52080	280057	640.0	291.0
52092	280057	692.0	297.0
52104	280057	761.0	306.0
52116	280057	855.0	318.0
52128	280057	972.0	334.0
51900	280068	215.0	253.0
51912	280068	221.0	253.0
51924	280068	224.0	252.0
51936	280068	229.25	251.75
51948	280068	232.5	252.0
51960	280068	237.6	252.0
51972	280068	241.0	251.0
51984	280068	244.0	252.0
51996	280068	247.0	252.0
52008	280068	249.0	252.0
52020	280068	251.0	251.0
52032	280068	252.0	252.0
52044	280068	252.0	253.0
52056	280068	253.0	252.0
52068	280068	253.0	252.0
52080	280068	253.0	252.0
52092	280068	254.0	253.0
52104	280068	255.0	253.0
52116	280068	256.0	253.0
52128	280068	258.0	253.0
52140	280068	258.0	253.0
52152	280068	264.1666666666667	253.0
52164	280068	265.0	253.0
52176	280068	269.0	254.0
52188	280068	270.0	253.0
51924	280071	295.0	249.0
51936	280071	296.0	250.0
51948	280071	299.0	250.0
51960	280071	301.0	250.0
51972	280071	303.0	250.0
51984	280071	304.0	250.0
51996	280071	305.0	250.0
52008	280071	308.0	249.0
52020	280071	310.0	250.0
52032	280071	311.0	250.0
52044	280071	313.0	251.0
52056	280071	315.0	251.0
52068	280071	318.0	251.0
52080	280071	319.0	250.0
52092	280071	321.0	250.0
52104	280071	324.0	251.0
52116	280071	327.0	252.0
52128	280071	329.0	252.0
52140	280071	331.0	252.0
52152	280071	333.0	250.0
52164	280071	337.0	252.0
52176	280071	341.0	254.0
52188	280071	344.46153846153845	254.0
52200	280071	350.0	254.0
52212	280071	353.0	254.0
52224	280071	358.0	254.0
52008	280083	333.0	256.0
52020	280083	337.0	256.0
52032	280083	342.0	257.0
52044	280083	348.0	257.0
52056	280083	355.0	259.0
52068	280083	361.0	260.0
52080	280083	365.0	260.0
52092	280083	369.0	261.0
52104	280083	372.0	262.0
52116	280083	377.0	263.0
52128	280083	383.0	265.0
52140	280083	389.0	266.0
52152	280083	396.0	267.0
52164	280083	404.0	269.0
52176	280083	412.0	271.0
52188	280083	422.0	273.0
52200	280083	433.0	274.0
52212	280083	447.0	277.0
52224	280083	463.0	280.0
52236	280083	482.0	284.0
52248	280083	506.0	289.0
52260	280083	536.0	295.0
52272	280083	570.0	302.0
52284	280083	614.0	311.0
52296	280083	675.0	324.0
52308	280083	760.0	341.0
52320	280083	889.0	366.0
52332	280083	1000.0	410.0
52116	280116	284.0	253.0
52128	280116	285.0	253.0
52140	280116	287.0	252.0
52152	280116	290.0	252.0
52164	280116	292.0	253.0
52176	280116	295.0	254.0
52188	280116	298.0	254.0
52200	280116	300.0	253.0
52212	280116	303.0	253.0
52224	280116	304.0	255.0
52236	280116	307.0	255.0
52248	280116	307.0	256.0
52260	280116	312.0	255.0
52272	280116	315.0	257.0
52284	280116	320.0	259.0
52296	280116	323.0	259.0
52308	280116	327.0	260.0
52320	280116	329.0	261.0
52332	280116	334.0	262.0
52344	280116	337.0	262.0
52356	280116	343.0	264.0
52368	280116	347.0	265.0
52380	280116	352.0	266.0
52392	280116	356.0	267.0
52404	280116	363.0	268.0
52416	280116	370.0	269.0
52428	280116	377.0	271.0
52440	280116	385.0	272.0
52452	280116	395.0	274.0
52464	280116	405.0	276.0
52476	280116	416.0	277.0
52488	280116	430.0	280.0
52500	280116	445.0	283.0
52512	280116	463.0	287.0
52524	280116	483.0	291.0
52536	280116	506.0	296.0
52548	280116	536.0	303.0
52560	280116	572.0	311.0
52572	280116	616.0	321.0
52584	280116	674.0	334.0
52596	280116	755.0	351.0
52608	280116	871.0	378.0
52620	280116	987.0	418.0
52632	280116	1028.0	469.0
52236	280155	318.0	263.0
52248	280155	323.0	263.0
52260	280155	329.0	266.0
52272	280155	336.0	267.0
52284	280155	342.0	268.0
52296	280155	351.0	270.0
52308	280155	358.0	271.0
52320	280155	370.0	273.0
52332	280155	380.0	274.0
52344	280155	392.0	276.0
52356	280155	407.0	279.0
52368	280155	422.0	282.0
52380	280155	440.0	286.0
52392	280155	461.0	290.0
52404	280155	483.0	295.0
52416	280155	510.0	301.0
52428	280155	542.0	310.0
52440	280155	580.0	318.0
52452	280155	633.0	331.0
52464	280155	705.0	347.0
52476	280155	811.0	371.0
52488	280155	965.0	409.0
52500	280155	1030.0	476.0
52272	280158	282.0	252.0
52284	280158	285.0	252.0
52296	280158	286.0	252.0
52308	280158	288.0	253.0
52320	280158	290.0	253.0
52332	280158	292.0	254.0
52344	280158	291.0	254.0
52356	280158	291.0	253.0
52368	280158	292.0	255.0
52380	280158	291.0	255.0
52392	280158	295.0	256.0
52404	280158	297.0	256.0
52416	280158	299.0	256.0
52428	280158	301.0	257.0
52440	280158	304.0	257.0
52452	280158	307.0	258.0
52464	280158	310.0	258.0
52476	280158	312.0	259.0
52488	280158	315.0	260.0
52500	280158	318.0	260.0
52512	280158	321.0	261.0
52524	280158	326.0	262.0
52536	280158	330.0	263.0
52548	280158	334.0	264.0
52560	280158	339.0	265.0
52572	280158	345.0	266.0
52584	280158	350.0	266.0
52596	280158	356.0	268.0
52608	280158	363.0	270.0
52620	280158	371.0	271.0
52632	280158	380.0	273.0
52644	280158	389.0	274.0
52656	280158	399.0	275.0
52668	280158	411.0	277.0
52680	280158	424.0	280.0
52692	280158	439.0	284.0
52704	280158	455.0	287.0
52716	280158	475.0	291.0
52728	280158	498.0	296.0
52740	280158	527.0	302.0
52752	280158	560.0	310.0
52764	280158	602.0	320.0
52776	280158	657.0	334.0
52788	280158	731.0	350.0
52800	280158	838.0	373.0
52812	280158	975.0	410.0
52824	280158	1023.0	461.0
52320	280178	341.0	256.0
52332	280178	348.0	257.0
52344	280178	352.0	259.0
52356	280178	357.5	259.0
52368	280178	368.0	259.0
52380	280178	379.0	261.0
52392	280178	394.0	263.0
52404	280178	405.0	264.0
52416	280178	420.0	265.0
52428	280178	434.0	267.0
52440	280178	448.0	269.0
52452	280178	463.0	270.0
52464	280178	481.0	272.0
52476	280178	501.0	274.0
52488	280178	523.0	277.0
52500	280178	549.0	280.0
52512	280178	580.0	283.0
52524	280178	617.0	288.0
52536	280178	663.0	293.0
52548	280178	720.0	301.0
52560	280178	795.0	311.0
52572	280178	894.0	324.0
52584	280178	984.0	342.0
52380	280193	315.0	248.0
52392	280193	319.0	248.0
52404	280193	322.0	249.0
52416	280193	326.5	249.0
52428	280193	330.0	250.0
52440	280193	334.0	251.0
52452	280193	337.0	253.0
52464	280193	338.0	257.0
52476	280193	343.0	257.0
52488	280193	345.0	257.0
52500	280193	352.0	258.0
52512	280193	363.0	259.0
52524	280193	367.0	259.0
52536	280193	373.0	259.0
52548	280193	379.0	260.0
52560	280193	387.0	261.0
52572	280193	394.0	262.0
52584	280193	403.0	263.0
52596	280193	411.0	264.0
52608	280193	422.0	265.0
52620	280193	431.0	266.0
52632	280193	442.0	268.0
52644	280193	454.0	269.0
52656	280193	468.0	270.0
52668	280193	484.0	272.0
52680	280193	503.0	274.0
52692	280193	523.0	277.0
52704	280193	546.0	279.0
52716	280193	575.0	282.0
52728	280193	611.0	286.0
52740	280193	649.0	291.0
52752	280193	692.0	296.0
52764	280193	748.0	304.0
52776	280193	816.0	313.0
52788	280193	905.0	325.0
52800	280193	981.0	340.0
52392	280199	274.0	250.0
52404	280199	273.3333333333333	250.0
52416	280199	274.61538461538464	250.0
52428	280199	278.0	251.0
52440	280199	280.0	251.0
52452	280199	281.0	251.0
52464	280199	282.0	251.0
52476	280199	282.0	252.0
52488	280199	281.25	252.0
52500	280199	282.0	252.0
52512	280199	283.0	253.0
52524	280199	284.0	253.0
52536	280199	285.0	253.0
52548	280199	286.0	253.0
52560	280199	288.0	255.0
52572	280199	289.0	256.0
52584	280199	291.0	255.0
52596	280199	294.0	256.0
52608	280199	296.0	257.0
52620	280199	300.0	257.0
52632	280199	305.0	257.0
52644	280199	307.0	258.0
52656	280199	313.0	259.0
52668	280199	316.0	260.0
52680	280199	320.0	261.0
52692	280199	324.0	261.0
52704	280199	329.0	262.0
52716	280199	334.0	263.0
52728	280199	339.0	264.0
52740	280199	346.0	265.0
52752	280199	353.0	267.0
52764	280199	361.0	268.0
52776	280199	368.0	269.0
52788	280199	377.0	272.0
52800	280199	386.0	273.0
52812	280199	396.0	274.0
52824	280199	409.0	277.0
52836	280199	422.0	280.0
52848	280199	439.0	283.0
52860	280199	453.0	285.0
52872	280199	475.0	290.0
52884	280199	501.0	296.0
52896	280199	531.0	303.0
52908	280199	567.0	310.0
52920	280199	615.0	321.0
52932	280199	676.0	335.0
52944	280199	763.0	356.0
52956	280199	895.0	387.0
52968	280199	997.0	436.0
52980	280199	1019.0	463.0
52428	280215	197.0	247.0
52440	280215	201.0	248.0
52452	280215	207.0	249.0
52464	280215	212.0	250.0
52476	280215	216.0	251.0
52488	280215	220.0	251.0
52500	280215	224.66666666666666	250.0
52512	280215	229.0	250.0
52524	280215	230.0	251.0
52536	280215	232.5	250.5
52548	280215	236.46153846153845	251.0
52560	280215	238.0	251.0
52572	280215	240.5	250.0
52584	280215	244.0	251.0
52596	280215	245.0	250.0
52608	280215	247.0	251.0
52620	280215	247.0	251.0
52632	280215	248.0	250.0
52644	280215	251.0	250.0
52656	280215	255.0	251.0
52668	280215	255.0	251.0
52680	280215	257.0	251.0
52692	280215	258.0	252.0
52704	280215	261.0	251.0
52716	280215	263.0	251.0
52728	280215	265.0	252.0
52740	280215	267.7142857142857	251.0
52752	280215	270.0	252.0
52764	280215	272.0	253.0
52776	280215	275.0	254.0
52788	280215	277.0	254.0
52800	280215	280.0	254.0
52812	280215	282.0	255.0
52824	280215	286.0	256.0
52836	280215	288.0	256.0
52848	280215	292.0	256.0
52860	280215	296.0	257.0
52872	280215	298.0	257.0
52884	280215	301.0	258.0
52896	280215	302.0	258.0
52908	280215	306.0	259.0
52920	280215	309.0	260.0
52932	280215	312.0	260.0
52944	280215	315.0	260.0
52956	280215	319.0	261.0
52968	280215	322.0	262.0
52980	280215	326.0	263.0
52992	280215	331.0	264.0
53004	280215	335.0	266.0
53016	280215	340.0	268.0
53028	280215	346.0	267.0
53040	280215	352.0	269.0
53052	280215	358.0	271.0
53064	280215	365.0	271.0
53076	280215	373.0	273.0
53088	280215	382.0	274.0
53100	280215	392.0	274.0
53112	280215	403.0	276.0
53124	280215	416.0	279.0
53136	280215	432.0	281.0
53148	280215	448.0	285.0
53160	280215	468.0	289.0
53172	280215	494.0	294.0
53184	280215	522.0	300.0
53196	280215	558.0	309.0
53208	280215	605.0	319.0
53220	280215	667.0	332.0
53232	280215	751.0	350.0
53244	280215	875.0	377.0
53256	280215	994.0	420.0
52464	280231	350.0	255.0
52476	280231	356.0	256.0
52488	280231	366.0	258.0
52500	280231	375.0	257.0
52512	280231	385.0	258.0
52524	280231	393.0	259.0
52536	280231	403.0	261.0
52548	280231	411.0	262.0
52560	280231	419.0	263.0
52572	280231	428.0	264.0
52584	280231	438.0	265.0
52596	280231	448.0	267.0
52608	280231	459.0	268.0
52620	280231	471.0	269.0
52632	280231	484.0	271.0
52644	280231	500.0	273.0
52656	280231	518.0	275.0
52668	280231	538.0	277.0
52680	280231	563.0	280.0
52692	280231	593.0	284.0
52704	280231	628.0	288.0
52716	280231	671.0	293.0
52728	280231	722.0	300.0
52740	280231	788.0	309.0
52752	280231	872.0	320.0
52764	280231	971.0	336.0
52776	280231	1005.0	361.0
52488	280239	291.0	255.0
52500	280239	293.0	255.0
52512	280239	298.0	256.0
52524	280239	299.0	256.0
52536	280239	301.0	256.0
52548	280239	303.0	258.0
52560	280239	307.0	257.0
52572	280239	310.0	260.0
52584	280239	313.0	260.0
52596	280239	317.0	261.0
52608	280239	322.0	262.0
52620	280239	327.0	262.0
52632	280239	333.0	264.0
52644	280239	340.0	265.0
52656	280239	347.0	266.0
52668	280239	356.0	268.0
52680	280239	364.0	270.0
52692	280239	373.0	271.0
52704	280239	383.0	273.0
52716	280239	394.0	274.0
52728	280239	405.0	277.0
52740	280239	420.0	279.0
52752	280239	435.0	282.0
52764	280239	454.0	287.0
52776	280239	475.0	292.0
52788	280239	501.0	297.0
52800	280239	533.0	306.0
52812	280239	572.0	314.0
52824	280239	624.0	328.0
52836	280239	693.0	342.0
52848	280239	792.0	364.0
52860	280239	944.0	398.0
52872	280239	1019.0	457.0
52584	280257	273.0	252.0
52596	280257	274.0	252.0
52608	280257	276.0	252.0
52620	280257	277.0	252.0
52632	280257	279.0	252.0
52644	280257	279.0	253.0
52656	280257	282.0	253.0
52668	280257	282.0	253.0
52680	280257	287.0	253.0
52692	280257	288.0	253.0
52704	280257	290.0	254.0
52716	280257	293.0	255.0
52728	280257	295.0	255.0
52740	280257	299.0	255.0
52752	280257	301.0	256.0
52764	280257	304.0	257.0
52776	280257	306.0	258.0
52788	280257	309.0	259.0
52800	280257	311.0	260.0
52812	280257	315.0	260.0
52824	280257	319.0	261.0
52836	280257	322.0	262.0
52848	280257	326.0	263.0
52860	280257	330.0	263.0
52872	280257	335.0	265.0
52884	280257	338.0	266.0
52896	280257	344.0	266.0
52908	280257	350.0	268.0
52920	280257	356.0	269.0
52932	280257	362.0	271.0
52944	280257	370.0	271.0
52956	280257	379.0	274.0
52968	280257	389.0	275.0
52980	280257	399.0	277.0
52992	280257	412.0	279.0
53004	280257	426.0	283.0
53016	280257	442.0	287.0
53028	280257	463.0	291.0
53040	280257	486.0	297.0
53052	280257	514.0	304.0
53064	280257	550.0	311.0
53076	280257	594.0	322.0
53088	280257	656.0	336.0
53100	280257	740.0	354.0
53112	280257	870.0	384.0
53124	280257	999.0	433.0
52668	280275	198.0	247.0
52680	280275	203.0	248.0
52692	280275	210.0	251.0
52704	280275	214.0	250.0
52716	280275	218.0	251.0
52728	280275	223.0	250.0
52740	280275	226.0	252.0
52752	280275	229.0	250.0
52764	280275	232.0	252.0
52776	280275	233.4	252.0
52788	280275	237.0	252.0
52800	280275	236.0	252.0
52812	280275	238.0	251.0
52824	280275	239.0	252.0
52836	280275	241.0	252.0
52848	280275	244.0	253.0
52860	280275	245.0	253.0
52872	280275	247.0	252.0
52884	280275	248.66666666666666	252.0
52896	280275	252.0	251.0
52908	280275	253.85714285714286	252.21428571428572
52920	280275	257.0	253.0
52932	280275	259.0	254.0
52944	280275	261.0	252.0
52956	280275	265.0	253.0
52968	280275	267.0	253.0
52980	280275	268.0	254.0
52992	280275	272.0	253.0
53004	280275	275.0	254.0
53016	280275	278.0	255.0
53028	280275	282.0	255.0
53040	280275	284.0	256.0
53052	280275	288.0	257.0
53064	280275	290.0	256.0
53076	280275	294.0	256.0
53088	280275	297.0	256.0
53100	280275	301.0	256.0
53112	280275	305.0	256.0
53124	280275	310.0	258.0
53136	280275	315.0	258.0
53148	280275	320.0	258.0
53160	280275	324.0	260.0
53172	280275	330.0	260.0
53184	280275	336.0	260.0
53196	280275	343.0	261.0
53208	280275	351.0	262.0
53220	280275	358.0	263.0
53232	280275	367.0	265.0
53244	280275	376.0	266.0
53256	280275	386.0	267.0
53268	280275	397.0	268.0
53280	280275	410.0	270.0
53292	280275	423.0	272.0
53304	280275	440.0	273.0
53316	280275	458.0	275.0
53328	280275	479.0	277.0
53340	280275	503.0	280.0
53352	280275	531.0	283.0
53364	280275	565.0	287.0
53376	280275	604.0	291.0
53388	280275	652.0	297.0
53400	280275	713.0	304.0
53412	280275	791.0	315.0
53424	280275	894.0	328.0
53436	280275	985.0	347.0
52692	280277	241.125	250.0
52704	280277	244.0	250.0
52716	280277	244.0	251.0
52728	280277	246.0	252.0
52740	280277	248.0	252.0
52752	280277	249.0	252.0
52764	280277	251.0	253.0
52776	280277	252.0	253.0
52788	280277	254.0	253.0
52800	280277	255.0	253.0
52812	280277	257.0	254.0
52824	280277	260.0	254.0
52836	280277	261.0	255.0
52848	280277	264.0	254.0
52860	280277	268.0	255.0
52872	280277	271.0	256.0
52884	280277	272.0	256.0
52896	280277	275.0	256.0
52908	280277	277.0	256.0
52920	280277	279.0	256.0
52932	280277	281.0	257.0
52944	280277	284.0	257.0
52956	280277	286.0	258.0
52968	280277	290.0	258.0
52980	280277	295.0	258.0
52992	280277	297.0	259.0
53004	280277	299.0	260.0
53016	280277	302.0	262.0
53028	280277	307.0	262.0
53040	280277	311.0	263.0
53052	280277	316.0	264.0
53064	280277	321.0	264.0
53076	280277	326.0	265.0
53088	280277	332.0	266.0
53100	280277	338.0	267.0
53112	280277	344.0	268.0
53124	280277	350.0	268.0
53136	280277	357.0	270.0
53148	280277	365.0	272.0
53160	280277	373.0	273.0
53172	280277	383.0	275.0
53184	280277	393.0	277.0
53196	280277	406.0	279.0
53208	280277	421.0	282.0
53220	280277	437.0	286.0
53232	280277	457.0	291.0
53244	280277	479.0	295.0
53256	280277	507.0	302.0
53268	280277	541.0	311.0
53280	280277	584.0	321.0
53292	280277	643.0	335.0
53304	280277	721.0	354.0
53316	280277	839.0	381.0
53328	280277	983.0	425.0
53340	280277	1030.0	468.0
52848	280317	546.0	251.0
52860	280317	545.0	250.0
52872	280317	545.0	250.0
52884	280317	545.6666666666666	250.0
52896	280317	547.0	250.0
52908	280317	548.1578947368421	249.80701754385964
52920	280317	549.421052631579	249.59649122807016
52932	280317	550.6842105263158	249.3859649122807
52944	280317	551.9473684210526	249.17543859649123
52956	280317	554.0	249.0
52968	280317	556.0	249.0
52980	280317	559.0	248.0
52992	280317	562.0	248.0
53004	280317	564.0	248.0
53016	280317	566.0	248.0
53028	280317	569.0	247.0
53040	280317	573.0	247.0
53052	280317	576.0	247.0
53064	280317	579.0	245.0
53076	280317	581.0	244.0
53088	280317	584.0	243.0
53100	280317	587.0	242.0
53112	280317	591.0	241.0
53124	280317	593.0	239.0
53136	280317	597.0	238.0
53076	280377	246.0	253.0
53088	280377	245.8	251.8
53100	280377	246.0	252.0
53112	280377	249.0	252.0
53124	280377	250.0	252.0
53136	280377	251.0	252.0
53148	280377	253.0	252.0
53160	280377	254.0	252.0
53172	280377	256.0	252.0
53184	280377	258.0	253.0
53196	280377	259.0	252.0
53208	280377	264.0	252.0
53220	280377	267.0	253.0
53232	280377	267.0	253.0
53244	280377	272.0	254.0
53256	280377	275.0	254.0
53268	280377	277.0	256.0
53280	280377	280.0	255.0
53292	280377	282.0	256.0
53304	280377	285.0	256.0
53316	280377	288.0	257.0
53328	280377	291.0	257.0
53340	280377	293.0	258.0
53352	280377	296.0	258.0
53364	280377	300.0	259.0
53376	280377	303.0	259.0
53388	280377	306.0	259.0
53400	280377	309.0	260.0
53412	280377	312.0	261.0
53424	280377	317.0	262.0
53436	280377	320.0	262.0
53448	280377	324.0	262.0
53460	280377	329.0	263.0
53472	280377	334.0	265.0
53484	280377	339.0	265.0
53496	280377	345.0	267.0
53508	280377	350.0	268.0
53520	280377	356.0	269.0
53532	280377	364.0	270.0
53544	280377	370.0	272.0
53556	280377	379.0	273.0
53568	280377	388.0	274.0
53580	280377	397.0	276.0
53592	280377	409.0	278.0
53604	280377	420.0	280.0
53616	280377	434.0	283.0
53628	280377	451.0	287.0
53640	280377	470.0	291.0
53652	280377	491.0	296.0
53664	280377	518.0	302.0
53676	280377	551.0	310.0
53688	280377	589.0	321.0
53700	280377	644.0	333.0
53712	280377	716.0	349.0
53724	280377	819.0	372.0
53736	280377	968.0	410.0
53748	280377	1025.0	472.0
53148	280393	302.0	251.0
53160	280393	303.0	250.0
53172	280393	307.0	251.0
53184	280393	308.0	251.0
53196	280393	313.0	250.0
53208	280393	317.0	251.0
53220	280393	320.0	251.0
53232	280393	326.0	251.5
53244	280393	328.0	253.0
53256	280393	330.0	253.0
53268	280393	333.0	254.0
53280	280393	336.0	254.0
53292	280393	339.0	254.0
53304	280393	344.0	255.0
53316	280393	347.0	256.0
53328	280393	350.0	256.0
53340	280393	355.0	256.0
53352	280393	360.0	256.0
53364	280393	364.0	256.5
53376	280393	369.0	258.0
53388	280393	374.0	258.0
53400	280393	380.0	259.0
53412	280393	385.0	260.0
53424	280393	391.0	260.0
53436	280393	397.0	261.0
53448	280393	404.0	262.0
53460	280393	410.0	263.0
53472	280393	418.0	264.0
53484	280393	427.0	265.0
53496	280393	436.0	266.0
53508	280393	446.0	268.0
53520	280393	457.0	269.0
53532	280393	469.0	271.0
53544	280393	483.0	272.0
53556	280393	500.0	274.0
53568	280393	519.0	276.0
53580	280393	543.0	278.0
53592	280393	566.0	282.0
53604	280393	598.0	286.0
53616	280393	637.0	290.0
53628	280393	675.0	296.0
53640	280393	733.0	303.0
53652	280393	804.0	312.0
53664	280393	897.0	324.0
53676	280393	979.0	341.0
53688	280393	1001.0	354.0
53232	280403	202.0	248.0
53244	280403	208.0	250.0
53256	280403	214.0	250.0
53268	280403	217.0	251.0
53280	280403	220.0	251.0
53292	280403	225.0	252.0
53304	280403	228.0	252.0
53316	280403	231.0	253.0
53328	280403	234.0	253.0
53340	280403	237.0	253.0
53352	280403	239.0	252.0
53364	280403	241.0	252.0
53376	280403	242.0	252.0
53388	280403	244.0	252.0
53400	280403	246.0	252.0
53412	280403	247.0	252.0
53424	280403	248.0	253.0
53436	280403	250.0	252.0
53448	280403	251.0	252.0
53460	280403	252.0	252.0
53472	280403	253.0	252.0
53484	280403	254.0	253.0
53496	280403	256.0	253.0
53508	280403	256.0	253.0
53520	280403	257.0	253.0
53532	280403	256.0	253.0
53544	280403	258.0	254.0
53556	280403	259.0	254.0
53568	280403	261.0	255.0
53580	280403	266.0	255.0
53592	280403	269.0	255.0
53604	280403	270.0	256.0
53616	280403	272.0	256.0
53628	280403	271.0	256.0
53640	280403	276.0	257.0
53652	280403	280.0	257.0
53664	280403	285.0	257.0
53676	280403	289.0	259.0
53688	280403	291.0	259.0
53700	280403	294.0	259.0
53712	280403	298.0	260.0
53724	280403	301.0	260.0
53736	280403	306.0	261.0
53748	280403	311.0	262.0
53760	280403	316.0	263.0
53772	280403	321.0	263.0
53784	280403	326.0	264.0
53796	280403	332.0	265.0
53808	280403	339.0	266.0
53820	280403	346.0	267.0
53832	280403	354.0	268.0
53844	280403	362.0	270.0
53856	280403	371.0	271.0
53868	280403	380.0	273.0
53880	280403	390.0	274.0
53892	280403	402.0	276.0
53904	280403	416.0	279.0
53916	280403	432.0	282.0
53928	280403	449.0	286.0
53940	280403	471.0	290.0
53952	280403	495.0	295.0
53964	280403	525.0	302.0
53976	280403	562.0	310.0
53988	280403	609.0	319.0
54000	280403	672.0	333.0
54012	280403	755.0	351.0
54024	280403	875.0	378.0
54036	280403	995.0	422.0
53232	280404	288.0	250.0
53244	280404	292.0	250.0
53256	280404	294.0	251.0
53268	280404	301.0	252.0
53280	280404	303.0	253.0
53292	280404	307.0	253.0
53304	280404	311.0	253.0
53316	280404	315.0	254.0
53328	280404	318.0	254.0
53340	280404	321.0	254.0
53352	280404	325.0	255.0
53364	280404	329.0	255.0
53376	280404	332.0	255.0
53388	280404	333.0	255.0
53400	280404	337.0	255.0
53412	280404	341.0	256.0
53424	280404	343.0	256.0
53436	280404	346.0	255.0
53448	280404	350.0	255.0
53460	280404	355.0	256.0
53472	280404	358.0	256.0
53484	280404	362.0	256.0
53496	280404	368.0	257.0
53508	280404	373.0	257.0
53520	280404	379.0	257.0
53532	280404	386.0	258.0
53544	280404	391.0	259.0
53556	280404	399.0	260.0
53568	280404	406.0	260.0
53580	280404	415.0	262.0
53592	280404	423.0	263.0
53604	280404	433.0	264.0
53616	280404	443.0	265.0
53316	280431	266.0	254.0
53328	280431	269.0	255.0
53340	280431	275.0	254.0
53352	280431	277.0	255.0
53364	280431	279.0	256.0
53376	280431	281.0	256.0
53388	280431	283.0	257.0
53400	280431	287.0	256.0
53412	280431	288.0	257.0
53424	280431	292.0	258.0
53436	280431	294.0	258.0
53448	280431	297.0	258.0
53460	280431	300.0	259.0
53472	280431	303.0	259.0
53484	280431	306.0	260.0
53496	280431	309.0	260.0
53508	280431	313.0	262.0
53520	280431	317.0	262.0
53532	280431	322.0	263.0
53544	280431	327.0	264.0
53556	280431	332.0	265.0
53568	280431	337.0	266.0
53580	280431	344.0	267.0
53592	280431	351.0	268.0
53604	280431	359.0	270.0
53616	280431	366.0	272.0
53628	280431	376.0	273.0
53640	280431	387.0	274.0
53652	280431	397.0	277.0
53664	280431	411.0	279.0
53676	280431	425.0	282.0
53688	280431	442.0	284.0
53700	280431	461.0	288.0
53712	280431	484.0	293.0
53724	280431	511.0	301.0
53736	280431	542.0	307.0
53748	280431	582.0	317.0
53760	280431	638.0	328.0
53772	280431	708.0	345.0
53784	280431	811.0	367.0
53796	280431	960.0	402.0
53808	280431	1019.0	461.0
53520	280466	291.0	248.0
53532	280466	293.0	248.0
53544	280466	296.0	250.0
53556	280466	298.0	250.0
53568	280466	299.0	249.0
53580	280466	301.0	248.0
53592	280466	302.0	249.0
53604	280466	303.0	250.0
53616	280466	306.0	251.0
53628	280466	307.0	250.0
53640	280466	310.0	250.0
53652	280466	313.0	251.0
53664	280466	316.0	252.0
53676	280466	317.0	251.0
53688	280466	320.0	251.0
53700	280466	322.0	252.0
53712	280466	324.0	251.0
53724	280466	327.0	252.0
53736	280466	330.0	252.0
53748	280466	332.0	252.0
53760	280466	336.0	252.0
53772	280466	340.0	253.0
53784	280466	344.0	254.0
53796	280466	347.0	254.0
53808	280466	352.0	255.0
53820	280466	357.0	255.0
53832	280466	363.0	256.0
53844	280466	368.0	256.0
53760	280535	264.0	251.0
53772	280535	264.0	250.0
53784	280535	262.0	249.0
53796	280535	261.0	248.0
53808	280535	262.0	249.0
53820	280535	263.0	249.0
53832	280535	262.0	250.0
53844	280535	262.0	250.0
53856	280535	262.0	250.0
53868	280535	262.0	250.0
53880	280535	263.0	250.0
53892	280535	265.0	251.0
53904	280535	266.0	251.0
53916	280535	267.0	251.0
53928	280535	268.0	251.0
53940	280535	268.625	251.0
53952	280535	271.125	251.0
53964	280535	273.0	250.0
53976	280535	273.0	250.0
53988	280535	274.0	250.0
54000	280535	274.0	250.0
54012	280535	276.0	251.0
54024	280535	276.0	250.0
54036	280535	277.0	251.0
54048	280535	280.0	252.0
54060	280535	280.0	253.0
54072	280535	281.0	253.0
54084	280535	283.0	254.0
54096	280535	286.0	254.0
54108	280535	287.0	254.0
54120	280535	289.0	254.0
54132	280535	291.0	255.0
54144	280535	292.0	255.0
54156	280535	295.0	255.0
54168	280535	297.0	256.0
54180	280535	298.0	257.0
54192	280535	301.0	257.0
54204	280535	303.0	257.0
54216	280535	306.0	258.0
54228	280535	309.0	259.0
54240	280535	313.0	260.0
54252	280535	316.0	260.0
54264	280535	319.0	261.0
54276	280535	324.0	262.0
54288	280535	328.0	262.0
54300	280535	333.0	263.0
54312	280535	339.0	266.0
54324	280535	344.0	266.0
54336	280535	352.0	268.0
54348	280535	358.0	269.0
54360	280535	366.0	271.0
54372	280535	375.0	273.0
54384	280535	385.0	274.0
54396	280535	397.0	276.0
54408	280535	410.0	278.0
54420	280535	426.0	282.0
54432	280535	443.0	285.0
54444	280535	463.0	290.0
54456	280535	486.0	295.0
54468	280535	516.0	302.0
54480	280535	552.0	311.0
54492	280535	599.0	322.0
54504	280535	662.0	337.0
54516	280535	752.0	358.0
54528	280535	894.0	392.0
54540	280535	1009.0	452.0
53760	280537	288.0	258.0
53772	280537	291.0	259.0
53784	280537	299.0	260.0
53796	280537	303.0	261.0
53808	280537	307.0	261.0
53820	280537	311.0	262.0
53832	280537	316.0	262.0
53844	280537	320.0	263.0
53856	280537	326.0	264.0
53868	280537	333.0	266.0
53880	280537	340.0	267.0
53892	280537	348.0	268.0
53904	280537	354.0	269.0
53916	280537	361.0	271.0
53928	280537	368.0	272.0
53940	280537	376.0	273.0
53952	280537	386.0	275.0
53964	280537	397.0	277.0
53976	280537	408.0	279.0
53988	280537	422.0	281.0
54000	280537	437.0	286.0
54012	280537	456.0	289.0
54024	280537	476.0	294.0
54036	280537	502.0	300.0
54048	280537	531.0	308.0
54060	280537	570.0	318.0
54072	280537	618.0	331.0
54084	280537	684.0	345.0
54096	280537	776.0	368.0
54108	280537	917.0	403.0
54120	280537	1012.0	462.0
53784	280545	281.0	252.0
53796	280545	282.0	252.0
53808	280545	283.0	252.0
53820	280545	286.0	252.0
53832	280545	288.0	253.0
53844	280545	291.0	253.0
53856	280545	292.0	253.0
53868	280545	293.0	253.0
53880	280545	295.0	253.0
53892	280545	297.0	255.0
53904	280545	297.0	255.0
53916	280545	300.0	255.0
53928	280545	300.0	255.0
53940	280545	301.0	256.0
53952	280545	303.0	256.0
53964	280545	305.0	257.0
53976	280545	306.0	257.0
53988	280545	309.0	258.0
54000	280545	311.0	259.0
54012	280545	313.0	259.0
54024	280545	315.0	260.0
54036	280545	317.0	261.0
54048	280545	320.0	261.0
54060	280545	322.0	262.0
54072	280545	326.0	263.0
54084	280545	329.0	264.0
54096	280545	332.0	265.0
54108	280545	335.0	266.0
54120	280545	340.0	268.0
54132	280545	346.0	268.0
54144	280545	352.0	270.0
54156	280545	358.0	272.0
54168	280545	365.0	273.0
54180	280545	373.0	274.0
54192	280545	382.0	275.0
54204	280545	394.0	277.0
54216	280545	406.0	279.0
54228	280545	420.0	282.0
54240	280545	437.0	286.0
54252	280545	456.0	289.0
54264	280545	479.0	294.0
54276	280545	506.0	301.0
54288	280545	540.0	308.0
54300	280545	581.0	317.0
54312	280545	635.0	329.0
54324	280545	706.0	344.0
54336	280545	806.0	365.0
54348	280545	957.0	400.0
54360	280545	1020.0	456.0
53916	280554	320.0	253.0
53928	280554	323.0	251.0
53940	280554	325.0	252.0
53952	280554	330.0	253.0
53964	280554	335.0	254.0
53976	280554	338.0	254.0
53988	280554	342.0	254.0
54000	280554	347.0	256.0
54012	280554	351.0	256.0
54024	280554	355.0	256.0
54036	280554	360.0	257.0
54048	280554	365.0	257.0
54060	280554	371.0	259.0
54072	280554	376.0	259.0
54084	280554	384.0	260.0
54096	280554	392.0	260.0
54108	280554	399.0	262.0
54120	280554	409.0	263.0
54132	280554	418.0	264.0
54144	280554	427.0	265.0
54156	280554	440.0	266.0
54168	280554	452.0	268.0
54180	280554	466.0	269.0
54192	280554	483.0	271.0
54204	280554	502.0	272.0
54216	280554	523.0	274.0
54228	280554	548.0	277.0
54240	280554	577.0	281.0
54252	280554	613.0	285.0
54264	280554	656.0	290.0
54276	280554	710.0	297.0
54288	280554	778.0	305.0
54300	280554	870.0	316.0
54312	280554	975.0	333.0
53988	280563	324.0	251.0
54000	280563	326.0	251.0
54012	280563	329.0	253.0
54024	280563	335.0	253.0
54036	280563	338.0	252.0
54048	280563	342.3333333333333	253.33333333333334
54060	280563	348.0	255.0
54072	280563	352.0	253.0
54084	280563	357.0	257.0
54096	280563	363.0	257.0
54108	280563	369.0	258.0
54120	280563	375.0	259.0
54132	280563	383.0	260.0
54144	280563	390.0	261.0
54156	280563	399.0	263.0
54168	280563	409.0	263.0
54180	280563	420.0	265.0
54192	280563	431.0	266.0
54204	280563	443.0	267.0
54216	280563	456.0	268.0
54228	280563	472.0	270.0
54240	280563	489.0	272.0
54252	280563	509.0	274.0
54264	280563	532.0	277.0
54276	280563	560.0	279.0
54288	280563	592.0	283.0
54300	280563	631.0	287.0
54312	280563	680.0	293.0
54324	280563	743.0	300.0
54336	280563	824.0	309.0
54108	280589	298.0	249.0
54120	280589	301.0	250.0
54132	280589	303.0	250.0
54144	280589	308.0	249.66666666666666
54156	280589	312.0	249.0
54168	280589	316.0	251.0
54180	280589	318.0	251.0
54192	280589	322.0	251.0
54204	280589	325.0	252.0
54216	280589	326.0	253.0
54228	280589	330.0	253.0
54240	280589	333.0	253.0
54252	280589	337.0	253.0
54264	280589	341.0	254.0
54276	280589	345.0	254.0
54288	280589	351.0	255.0
54300	280589	355.0	255.0
54312	280589	360.0	256.0
54324	280589	366.0	256.0
54336	280589	371.0	257.0
54348	280589	377.0	258.0
54360	280589	385.0	259.0
54372	280589	393.0	260.0
54384	280589	402.0	261.0
54396	280589	412.0	262.0
54408	280589	423.0	264.0
54420	280589	435.0	266.0
54432	280589	449.0	266.0
54204	280597	274.0	249.0
54216	280597	275.0	248.0
54228	280597	276.0	248.0
54240	280597	277.0	249.0
54252	280597	277.0	249.0
54264	280597	278.0	250.0
54276	280597	279.0	250.0
54288	280597	281.0	250.0
54300	280597	282.0	250.0
54312	280597	283.0	250.0
54324	280597	283.0	250.0
54336	280597	286.0	251.0
54348	280597	289.0	251.0
54360	280597	289.0	252.0
54372	280597	290.0	253.0
54384	280597	292.0	253.0
54396	280597	293.0	253.0
54408	280597	296.0	254.0
54420	280597	298.0	254.0
54432	280597	300.0	255.0
54444	280597	302.0	256.0
54456	280597	304.0	257.0
54468	280597	308.0	257.0
54480	280597	312.0	259.0
54492	280597	314.0	260.0
54504	280597	317.0	260.0
54516	280597	320.0	261.0
54528	280597	325.0	262.0
54540	280597	328.0	263.0
54552	280597	333.0	264.0
54564	280597	338.0	265.0
54576	280597	344.0	266.0
54588	280597	350.0	267.0
54600	280597	357.0	268.0
54612	280597	364.0	270.0
54624	280597	373.0	272.0
54636	280597	382.0	273.0
54648	280597	393.0	275.0
54660	280597	406.0	277.0
54672	280597	421.0	280.0
54684	280597	437.0	283.0
54696	280597	455.0	286.0
54708	280597	479.0	292.0
54720	280597	505.0	297.0
54732	280597	538.0	305.0
54744	280597	582.0	314.0
54756	280597	636.0	326.0
54768	280597	712.0	343.0
54780	280597	822.0	366.0
54792	280597	972.0	405.0
54804	280597	1028.0	458.0
54324	280626	311.0	250.0
54336	280626	316.0	251.0
54348	280626	317.0	250.0
54360	280626	323.0	251.0
54372	280626	327.0	251.0
54384	280626	332.0	252.0
54396	280626	334.0	253.0
54408	280626	337.0	254.0
54420	280626	341.0	254.0
54432	280626	345.0	255.0
54444	280626	349.0	255.0
54456	280626	352.0	256.0
54468	280626	358.0	256.0
54480	280626	363.0	257.0
54492	280626	369.0	258.0
54504	280626	374.0	258.0
54516	280626	382.0	259.0
54528	280626	389.0	260.0
54540	280626	397.0	261.0
54552	280626	407.0	262.0
54564	280626	416.0	263.0
54576	280626	428.0	265.0
54588	280626	440.0	266.0
54600	280626	456.0	268.0
54612	280626	472.0	269.0
54624	280626	492.0	272.0
54636	280626	513.0	273.0
54648	280626	539.0	276.0
54660	280626	570.0	280.0
54672	280626	608.0	285.0
54684	280626	656.0	290.0
54696	280626	717.0	298.0
54708	280626	802.0	308.0
54720	280626	919.0	323.0
54732	280626	999.0	346.0
54360	280636	304.0	250.0
54372	280636	307.0	250.0
54384	280636	308.0	250.0
54396	280636	310.0	250.0
54408	280636	312.0	250.0
54420	280636	313.0	251.0
54432	280636	317.0	251.0
54444	280636	318.0	251.0
54456	280636	321.0	251.0
54468	280636	324.0	252.0
54480	280636	327.0	252.0
54492	280636	331.0	253.0
54504	280636	333.0	253.0
54516	280636	337.0	253.0
54528	280636	341.0	254.0
54540	280636	345.0	255.0
54552	280636	350.0	255.0
54564	280636	355.0	256.0
54576	280636	360.0	256.0
54588	280636	366.0	257.0
54600	280636	372.0	257.0
54612	280636	378.0	259.0
54624	280636	385.0	259.0
54636	280636	393.0	260.0
54648	280636	402.0	261.0
54660	280636	412.0	260.0
54372	280642	201.0	248.0
54384	280642	208.0	250.0
54396	280642	213.0	250.0
54408	280642	216.0	250.0
54420	280642	221.0	252.0
54432	280642	224.0	252.0
54444	280642	229.0	251.0
54456	280642	231.0	252.0
54468	280642	234.0	252.0
54480	280642	238.0	251.0
54492	280642	239.0	251.0
54504	280642	242.0	252.0
54516	280642	244.0	251.0
54528	280642	248.85714285714286	251.0
54540	280642	251.0	250.0
54552	280642	253.0	250.0
54564	280642	252.0	250.0
54576	280642	255.0	251.0
54588	280642	256.0	251.0
54600	280642	257.7307692307692	250.69230769230768
54612	280642	260.03846153846155	251.6153846153846
54624	280642	262.0	252.0
54636	280642	265.0	251.0
54648	280642	267.0	252.0
54660	280642	270.0	252.0
54672	280642	271.0	252.0
54684	280642	274.0	253.0
54696	280642	277.0	252.0
54708	280642	279.0	253.0
54720	280642	281.0	254.0
54732	280642	284.0	254.0
54744	280642	287.0	254.0
54756	280642	290.0	255.0
54768	280642	293.0	255.0
54780	280642	295.0	255.0
54792	280642	299.0	255.0
54804	280642	303.0	255.0
54816	280642	306.0	256.0
54828	280642	310.0	256.0
54840	280642	315.0	257.0
54852	280642	320.0	257.0
54864	280642	324.0	258.0
54876	280642	331.0	259.0
54888	280642	338.0	259.0
54900	280642	345.0	260.0
54912	280642	353.0	260.0
54924	280642	361.0	262.0
54936	280642	370.0	262.0
54948	280642	379.0	263.0
54960	280642	388.0	264.0
54972	280642	398.0	265.0
54984	280642	410.0	266.0
54996	280642	420.0	267.0
55008	280642	433.0	269.0
55020	280642	446.0	271.0
55032	280642	461.0	272.0
55044	280642	477.0	274.0
55056	280642	497.0	276.0
55068	280642	520.0	279.0
55080	280642	547.0	282.0
55092	280642	578.0	286.0
55104	280642	615.0	290.0
55116	280642	661.0	296.0
55128	280642	719.0	303.0
55140	280642	793.0	313.0
55152	280642	892.0	326.0
55164	280642	982.0	341.0
54384	280652	268.0	250.0
54396	280652	268.0	250.0
54408	280652	270.0	250.0
54420	280652	270.0	251.0
54432	280652	271.0	251.0
54444	280652	271.0	251.0
54456	280652	273.0	251.0
54468	280652	274.0	251.0
54480	280652	278.0	251.0
54492	280652	280.0	251.0
54504	280652	284.0	252.0
54516	280652	285.0	252.0
54528	280652	287.0	252.0
54540	280652	287.0	253.0
54552	280652	289.0	253.0
54564	280652	290.0	253.0
54576	280652	292.0	254.0
54588	280652	294.0	255.0
54600	280652	295.0	255.0
54612	280652	298.0	255.0
54624	280652	300.0	256.0
54636	280652	302.0	255.0
54648	280652	304.0	256.0
54660	280652	308.0	256.0
54672	280652	310.0	257.0
54684	280652	313.0	257.0
54696	280652	316.0	257.0
54708	280652	320.0	259.0
54720	280652	324.0	259.0
54732	280652	327.0	260.0
54744	280652	331.0	261.0
54756	280652	336.0	262.0
54768	280652	339.0	263.0
54780	280652	344.0	264.0
54792	280652	349.0	265.0
54804	280652	356.0	266.0
54816	280652	363.0	268.0
54828	280652	370.0	269.0
54840	280652	378.0	271.0
54852	280652	387.0	273.0
54864	280652	397.0	275.0
54876	280652	408.0	277.0
54888	280652	420.0	278.0
54900	280652	434.0	282.0
54912	280652	450.0	286.0
54924	280652	470.0	291.0
54936	280652	492.0	296.0
54948	280652	520.0	302.0
54960	280652	557.0	312.0
54972	280652	601.0	322.0
54984	280652	661.0	337.0
54996	280652	746.0	357.0
55008	280652	876.0	388.0
55020	280652	1002.0	444.0
54600	280717	245.0	250.0
54612	280717	248.0	250.0
54624	280717	248.5	251.0
54636	280717	249.0	251.0
54648	280717	247.0	252.0
54660	280717	253.0	251.0
54672	280717	254.0	251.0
54684	280717	253.0	251.0
54696	280717	256.0	251.0
54708	280717	256.0	253.0
54720	280717	256.0	253.0
54732	280717	262.0	253.0
54744	280717	266.0	253.0
54756	280717	266.0	253.0
54768	280717	273.0	254.0
54780	280717	275.0	254.0
54792	280717	278.0	254.0
54804	280717	281.0	255.0
54816	280717	283.0	255.0
54828	280717	289.0	255.0
54840	280717	290.0	255.0
54852	280717	299.0	255.0
54864	280717	304.0	256.0
54876	280717	312.0	256.0
54888	280717	319.0	257.0
54900	280717	328.5	257.42857142857144
54912	280717	337.5	258.2857142857143
54924	280717	344.6111111111111	258.05555555555554
54936	280717	351.94444444444446	258.72222222222223
54948	280717	360.97058823529414	259.4117647058824
54960	280717	371.20588235294116	260.11764705882354
54972	280717	381.44117647058823	260.8235294117647
54984	280717	392.0	262.0
54996	280717	401.0	263.0
55008	280717	408.0	265.0
55020	280717	420.0	265.0
55032	280717	431.0	267.0
55044	280717	440.0	268.0
55056	280717	454.0	270.0
55068	280717	469.0	271.0
55080	280717	488.0	273.0
55092	280717	508.0	276.0
55104	280717	534.0	279.0
55116	280717	564.0	282.0
55128	280717	598.0	286.0
55140	280717	637.0	291.0
55152	280717	685.0	297.0
55164	280717	744.0	304.0
55176	280717	818.0	313.0
55188	280717	921.0	326.0
55200	280717	990.0	345.0
54660	280732	198.0	248.0
54672	280732	204.0	248.0
54684	280732	210.0	251.0
54696	280732	215.0	251.0
54708	280732	219.0	252.0
54720	280732	224.0	252.0
54732	280732	226.0	251.0
54744	280732	230.0	250.0
54756	280732	233.0	253.0
54768	280732	235.28571428571428	251.85714285714286
54780	280732	238.0	251.0
54792	280732	239.0	251.0
54804	280732	239.42857142857142	250.57142857142858
54816	280732	243.0	251.0
54828	280732	244.0	251.0
54840	280732	246.0	252.0
54852	280732	246.0	252.0
54864	280732	246.0	253.0
54876	280732	247.0	252.83333333333334
54888	280732	247.0	252.0
54900	280732	247.0	253.0
54912	280732	246.0	253.0
54924	280732	248.0	253.0
54936	280732	249.0	253.0
54948	280732	252.0	254.0
54960	280732	253.0	254.0
54972	280732	254.0	255.0
54984	280732	255.0	255.0
54996	280732	258.0	255.0
55008	280732	259.0	256.0
55020	280732	260.0	256.0
55032	280732	262.0	256.0
55044	280732	266.0	257.0
55056	280732	268.0	257.0
55068	280732	270.0	258.0
55080	280732	273.0	258.0
55092	280732	276.0	260.0
55104	280732	280.0	260.0
55116	280732	282.0	261.0
55128	280732	287.0	262.0
55140	280732	291.0	262.0
55152	280732	295.0	263.0
55164	280732	302.0	263.0
55176	280732	307.0	264.0
55188	280732	312.0	265.0
55200	280732	318.0	266.0
55212	280732	323.0	267.0
55224	280732	331.0	268.0
55236	280732	340.0	269.0
55248	280732	348.0	271.0
55260	280732	358.0	272.0
55272	280732	369.0	273.0
55284	280732	381.0	275.0
55296	280732	394.0	277.0
55308	280732	409.0	280.0
55320	280732	426.0	283.0
55332	280732	445.0	287.0
55344	280732	465.0	292.0
55356	280732	491.0	297.0
55368	280732	522.0	305.0
55380	280732	561.0	314.0
55392	280732	611.0	326.0
55404	280732	680.0	342.0
55416	280732	777.0	364.0
55428	280732	928.0	400.0
55440	280732	1019.0	462.0
54852	280776	282.0	254.0
54864	280776	287.0	253.0
54876	280776	289.0	254.0
54888	280776	292.0	254.0
54900	280776	292.0	255.0
54912	280776	294.0	256.0
54924	280776	296.0	256.0
54936	280776	297.0	257.0
54948	280776	299.0	257.0
54960	280776	301.0	258.0
54972	280776	302.0	259.0
54984	280776	305.0	259.0
54996	280776	307.0	260.0
55008	280776	310.0	260.0
55020	280776	313.0	261.0
55032	280776	316.0	262.0
55044	280776	321.0	263.0
55056	280776	325.0	264.0
55068	280776	328.0	265.0
55080	280776	333.0	266.0
55092	280776	338.0	268.0
55104	280776	343.0	269.0
55116	280776	349.0	270.0
55128	280776	356.0	272.0
55140	280776	364.0	273.0
55152	280776	373.0	275.0
55164	280776	384.0	276.0
55176	280776	396.0	279.0
55188	280776	410.0	282.0
55200	280776	427.0	285.0
55212	280776	446.0	289.0
55224	280776	471.0	294.0
55236	280776	500.0	300.0
55248	280776	535.0	308.0
55260	280776	582.0	318.0
55272	280776	642.0	332.0
55284	280776	729.0	352.0
55296	280776	860.0	381.0
55308	280776	997.0	429.0
54912	280781	315.0	251.0
54924	280781	319.0	252.0
54936	280781	323.0	252.0
54948	280781	325.0	253.0
54960	280781	328.0	254.0
54972	280781	332.0	254.0
54984	280781	334.0	253.0
54996	280781	339.0	255.0
55008	280781	343.0	255.0
55020	280781	346.0	256.0
55032	280781	350.0	256.0
55044	280781	354.0	257.0
55056	280781	359.0	258.0
55068	280781	364.0	258.0
55080	280781	370.0	259.0
55092	280781	377.0	260.0
55104	280781	383.0	261.0
55116	280781	390.0	262.0
55128	280781	397.0	263.0
55140	280781	406.0	264.0
55152	280781	416.0	265.0
55164	280781	425.0	266.0
55176	280781	438.0	267.0
55188	280781	450.0	269.0
55200	280781	465.0	270.0
55212	280781	484.0	271.0
55224	280781	503.0	274.0
55236	280781	526.0	276.0
55248	280781	555.0	279.0
55008	280811	239.0	252.0
55020	280811	242.0	253.0
55032	280811	244.0	253.0
55044	280811	244.0	252.75
55056	280811	246.0	254.0
55068	280811	248.0	255.0
55080	280811	248.0	254.0
55092	280811	251.0	255.0
55104	280811	255.0	255.0
55116	280811	258.0	255.0
55128	280811	261.0	254.0
55140	280811	264.0	256.0
55152	280811	268.0	256.0
55164	280811	274.0	256.0
55176	280811	278.0	256.0
55188	280811	283.0	257.0
55200	280811	286.0	257.0
55212	280811	289.0	258.0
55224	280811	291.0	259.0
55236	280811	294.0	257.0
55248	280811	301.0	259.0
55260	280811	303.0	260.0
55056	280830	297.0	259.0
55068	280830	299.0	261.0
55080	280830	301.0	261.0
55092	280830	305.0	262.0
55104	280830	308.0	263.0
55116	280830	312.0	264.0
55128	280830	318.0	265.0
55140	280830	322.0	267.0
55152	280830	329.0	267.0
55164	280830	334.0	269.0
55176	280830	342.0	269.0
55188	280830	351.0	271.0
55200	280830	361.0	273.0
55212	280830	373.0	274.0
55224	280830	383.0	276.0
55236	280830	394.0	278.0
55248	280830	408.0	280.0
55260	280830	422.0	284.0
55272	280830	441.0	288.0
55284	280830	462.0	292.0
55296	280830	488.0	299.0
55308	280830	521.0	307.0
55320	280830	560.0	316.0
55332	280830	614.0	329.0
55344	280830	688.0	346.0
55356	280830	795.0	370.0
55368	280830	959.0	411.0
55380	280830	1035.0	488.0
55116	280842	238.0	250.0
55128	280842	245.0	253.0
55140	280842	246.0	253.0
55152	280842	247.0	252.0
55164	280842	248.0	253.0
55176	280842	250.0	253.0
55188	280842	253.0	253.0
55200	280842	253.0	253.0
55212	280842	256.0	253.0
55224	280842	258.0	254.0
55236	280842	261.0	253.0
55248	280842	263.0	254.0
55260	280842	266.0	254.0
55272	280842	269.0	253.0
55284	280842	272.0	255.0
55296	280842	276.0	255.0
55308	280842	278.0	256.0
55320	280842	282.0	257.0
55332	280842	284.0	257.0
55344	280842	285.0	256.0
55356	280842	289.0	258.0
55368	280842	290.0	258.0
55380	280842	294.0	258.0
55392	280842	296.0	259.0
55404	280842	299.0	260.0
55416	280842	301.0	261.0
55428	280842	305.0	262.0
55440	280842	311.0	262.0
55452	280842	315.0	264.0
55464	280842	319.0	265.0
55476	280842	326.0	265.0
55488	280842	331.0	267.0
55500	280842	341.0	268.0
55512	280842	348.0	269.0
55524	280842	356.0	271.0
55536	280842	368.0	273.0
55548	280842	382.0	274.0
55560	280842	398.0	277.0
55572	280842	416.0	279.0
55584	280842	439.0	283.0
55596	280842	465.0	287.0
55608	280842	498.0	293.0
55620	280842	538.0	298.0
55632	280842	590.0	307.0
55644	280842	660.0	316.0
55656	280842	764.0	331.0
55668	280842	901.0	350.0
55680	280842	1004.0	382.0
55224	280863	366.3333333333333	237.0
55236	280863	373.625	239.125
55248	280863	380.3333333333333	241.66666666666666
55260	280863	390.77777777777777	246.88888888888889
55272	280863	396.0	250.0
55284	280863	403.0	252.0
55296	280863	414.0	261.0
55308	280863	426.0	263.0
55320	280863	439.0	265.0
55332	280863	453.0	267.0
55344	280863	463.0	261.0
55356	280863	482.0	254.0
55368	280863	487.0	236.0
55380	280863	527.0	253.0
55392	280863	552.0	268.0
55404	280863	577.5	281.5
55416	280863	611.0	286.0
55428	280863	663.0	291.0
55440	280863	719.0	297.0
55452	280863	793.0	307.0
55464	280863	892.0	319.0
55476	280863	985.0	337.0
55236	280866	315.0	262.0
55248	280866	318.0	262.0
55260	280866	321.0	262.0
55272	280866	328.0	263.0
55284	280866	335.0	264.0
55296	280866	342.0	266.0
55308	280866	349.0	267.0
55320	280866	356.0	268.0
55332	280866	363.0	270.0
55344	280866	370.0	271.0
55356	280866	379.0	272.0
55368	280866	388.0	273.0
55380	280866	399.0	275.0
55392	280866	410.0	277.0
55404	280866	424.0	280.0
55416	280866	439.0	283.0
55428	280866	456.0	287.0
55440	280866	477.0	292.0
55452	280866	502.0	298.0
55464	280866	532.0	304.0
55476	280866	569.0	313.0
55488	280866	616.0	325.0
55500	280866	679.0	340.0
55512	280866	768.0	360.0
55524	280866	905.0	393.0
55536	280866	1006.0	447.0
55248	280869	284.0	255.0
55260	280869	289.0	255.0
55272	280869	293.0	256.0
55284	280869	297.0	256.0
55296	280869	300.0	256.0
55308	280869	303.0	258.0
55320	280869	305.0	257.0
55332	280869	308.0	259.0
55344	280869	311.0	260.0
55356	280869	314.0	261.0
55368	280869	318.0	262.0
55380	280869	321.0	262.0
55392	280869	325.0	263.0
55404	280869	330.0	265.0
55416	280869	334.0	266.0
55428	280869	340.0	267.0
55440	280869	346.0	268.0
55452	280869	353.0	269.0
55464	280869	360.0	271.0
55476	280869	368.0	272.0
55488	280869	378.0	274.0
55500	280869	389.0	276.0
55512	280869	401.0	278.0
55524	280869	415.0	281.0
55536	280869	432.0	284.0
55548	280869	452.0	288.0
55560	280869	474.0	293.0
55572	280869	501.0	299.0
55584	280869	534.0	307.0
55596	280869	574.0	317.0
55608	280869	630.0	330.0
55620	280869	703.0	346.0
55632	280869	816.0	374.0
55644	280869	969.0	415.0
55656	280869	1026.0	461.0
55392	280900	276.0	252.0
55404	280900	279.0	253.0
55416	280900	281.75	253.0
55428	280900	285.0	253.0
55440	280900	290.0	252.0
55452	280900	291.0	254.0
55464	280900	294.0	255.0
55476	280900	297.0	255.0
55488	280900	299.0	256.0
55500	280900	302.0	257.0
55512	280900	305.0	257.0
55524	280900	307.0	258.0
55536	280900	311.0	259.0
55548	280900	314.0	259.0
55560	280900	318.0	260.0
55572	280900	322.0	260.0
55584	280900	326.0	261.0
55596	280900	331.0	262.0
55608	280900	335.0	264.0
55620	280900	342.0	265.0
55632	280900	346.0	266.0
55644	280900	354.0	267.0
55656	280900	360.0	269.0
55668	280900	369.0	270.0
55680	280900	377.0	272.0
55692	280900	388.0	273.0
55704	280900	400.0	275.0
55716	280900	412.0	277.0
55728	280900	426.0	279.0
55740	280900	443.0	283.0
55752	280900	460.0	286.0
55764	280900	484.0	291.0
55776	280900	511.0	297.0
55788	280900	546.0	304.0
55800	280900	589.0	313.0
55812	280900	647.0	326.0
55824	280900	725.0	343.0
55836	280900	837.0	366.0
55848	280900	981.0	404.0
55860	280900	1035.0	470.0
55452	280934	274.0	251.0
55464	280934	275.0	250.0
55476	280934	276.0	251.0
55488	280934	277.0	251.0
55500	280934	277.0	251.0
55512	280934	279.0	252.0
55524	280934	281.0	253.0
55536	280934	283.0	253.0
55548	280934	284.0	254.0
55560	280934	287.0	253.0
55572	280934	289.0	254.0
55584	280934	290.0	255.0
55596	280934	292.0	255.0
55608	280934	293.0	256.0
55620	280934	296.0	256.0
55632	280934	297.0	256.0
55644	280934	299.0	257.0
55656	280934	302.0	258.0
55668	280934	305.0	259.0
55680	280934	308.0	260.0
55692	280934	311.0	260.0
55704	280934	315.0	262.0
55716	280934	319.0	262.0
55728	280934	323.0	263.0
55740	280934	328.0	263.0
55752	280934	333.0	265.0
55764	280934	338.0	266.0
55776	280934	344.0	267.0
55788	280934	351.0	268.0
55800	280934	357.0	269.0
55812	280934	366.0	272.0
55824	280934	374.0	274.0
55836	280934	383.0	274.0
55848	280934	395.0	277.0
55860	280934	409.0	279.0
55872	280934	425.0	282.0
55884	280934	443.0	287.0
55896	280934	465.0	291.0
55908	280934	492.0	296.0
55920	280934	525.0	304.0
55932	280934	567.0	312.0
55944	280934	622.0	325.0
55956	280934	698.0	342.0
55968	280934	808.0	364.0
55980	280934	968.0	402.0
55500	280953	267.0	251.0
55512	280953	267.5	250.0
55524	280953	268.0	251.0
55536	280953	268.0	250.0
55548	280953	269.0	251.0
55560	280953	269.0	251.0
55572	280953	271.0	251.0
55584	280953	273.0	252.0
55596	280953	273.0	252.0
55608	280953	273.0	252.0
55620	280953	275.0	253.0
55632	280953	276.0	252.0
55644	280953	278.0	252.0
55656	280953	281.0	254.0
55668	280953	282.0	254.0
55680	280953	282.0	254.0
55692	280953	285.0	254.0
55704	280953	286.0	254.0
55716	280953	289.0	255.0
55728	280953	291.0	255.0
55740	280953	294.0	256.0
55752	280953	297.0	256.0
55764	280953	300.0	257.0
55776	280953	302.0	257.0
55788	280953	305.0	258.0
55800	280953	308.0	259.0
55812	280953	312.0	260.0
55824	280953	315.0	260.0
55836	280953	319.0	261.0
55848	280953	322.0	262.0
55860	280953	327.0	263.0
55872	280953	331.0	264.0
55884	280953	337.0	265.0
55896	280953	342.0	267.0
55908	280953	348.0	267.0
55920	280953	355.0	269.0
55932	280953	362.0	271.0
55944	280953	370.0	273.0
55956	280953	380.0	274.0
55968	280953	391.0	276.0
55980	280953	403.0	277.0
55992	280953	418.0	281.0
56004	280953	435.0	284.0
56016	280953	454.0	289.0
56028	280953	480.0	294.0
56040	280953	508.0	301.0
56052	280953	545.0	309.0
56064	280953	594.0	322.0
56076	280953	658.0	335.0
56088	280953	750.0	356.0
56100	280953	894.0	389.0
56112	280953	1011.0	448.0
55776	281010	262.0	246.0
55788	281010	263.0	247.0
55800	281010	263.6666666666667	247.66666666666666
55812	281010	266.0	248.0
55824	281010	266.0	248.0
55836	281010	265.0	247.0
55848	281010	266.0	249.0
55860	281010	266.0	248.0
55872	281010	267.0	248.0
55884	281010	268.0	249.0
55896	281010	268.0	249.0
55908	281010	267.0	249.0
55920	281010	269.0	249.0
55932	281010	268.0	248.0
55944	281010	269.0	249.0
55956	281010	270.0	249.0
55968	281010	270.0	250.0
55980	281010	270.0	250.0
55992	281010	271.6666666666667	250.0
56004	281010	272.0	250.0
56016	281010	271.0	249.91666666666666
56028	281010	272.0	249.0
56040	281010	273.0	250.0
56052	281010	274.0	249.0
56064	281010	274.0	250.0
56076	281010	275.0	251.0
56088	281010	275.0	252.0
56100	281010	276.0	251.0
56112	281010	276.0	251.0
56124	281010	278.0	251.0
56136	281010	279.0	252.0
56148	281010	279.0	251.0
56160	281010	280.0	252.0
56172	281010	282.0	252.0
56184	281010	282.0	252.0
56196	281010	284.0	252.0
56208	281010	285.0	253.0
56220	281010	287.0	253.0
56232	281010	288.0	254.0
56244	281010	290.0	254.0
56256	281010	291.0	253.0
56268	281010	292.0	254.0
56280	281010	296.0	255.0
56292	281010	298.0	255.0
56304	281010	300.0	255.0
56316	281010	302.0	256.0
56328	281010	305.0	256.0
56340	281010	308.0	257.0
56352	281010	311.0	258.0
56364	281010	315.0	259.0
56376	281010	319.0	259.0
56388	281010	323.0	261.0
56400	281010	327.0	261.0
56412	281010	332.0	262.0
56424	281010	337.0	263.0
56436	281010	343.0	264.0
56448	281010	348.0	265.0
56460	281010	355.0	266.0
56472	281010	362.0	268.0
56484	281010	370.0	270.0
56496	281010	378.0	271.0
56508	281010	387.0	273.0
56520	281010	398.0	274.0
56532	281010	409.0	277.0
56544	281010	424.0	279.0
56556	281010	441.0	283.0
56568	281010	460.0	287.0
56580	281010	484.0	293.0
56592	281010	515.0	300.0
56604	281010	554.0	309.0
56616	281010	604.0	321.0
56628	281010	677.0	337.0
56640	281010	775.0	360.0
56652	281010	944.0	399.0
56664	281010	1041.0	482.0
56280	281130	271.0	246.0
56292	281130	270.0	247.0
56304	281130	270.0	247.0
56316	281130	270.0	248.0
56328	281130	269.0	248.0
56340	281130	268.0	248.0
56352	281130	269.0	248.0
56364	281130	270.0	249.0
56376	281130	270.0	249.0
56388	281130	270.0	250.0
56400	281130	270.0	250.0
56412	281130	271.0	249.0
56424	281130	271.0	250.0
56436	281130	272.0	249.0
56448	281130	272.0	249.0
56460	281130	274.0	249.0
56472	281130	274.0	250.0
56484	281130	275.0	250.0
56496	281130	276.0	250.0
56508	281130	276.0	250.0
56520	281130	277.0	250.0
56532	281130	278.0	251.0
56544	281130	279.0	251.0
56556	281130	280.0	251.0
56568	281130	280.0	251.0
56580	281130	282.0	251.0
56592	281130	282.0	252.0
56604	281130	283.0	253.0
56616	281130	284.0	252.0
56628	281130	285.0	252.0
56640	281130	287.0	253.0
56652	281130	289.0	254.0
56664	281130	290.0	254.0
56676	281130	291.0	254.0
56688	281130	293.0	254.0
56700	281130	295.0	255.0
56712	281130	297.0	255.0
56724	281130	298.0	256.0
56736	281130	301.0	256.0
56748	281130	303.0	256.0
56760	281130	306.0	257.0
56772	281130	309.0	258.0
56784	281130	312.0	258.0
56796	281130	315.0	259.0
56808	281130	319.0	260.0
56820	281130	323.0	261.0
56832	281130	327.0	262.0
56844	281130	331.0	263.0
56856	281130	336.0	263.0
56868	281130	342.0	265.0
56880	281130	348.0	266.0
56892	281130	355.0	267.0
56904	281130	364.0	268.0
56916	281130	372.0	270.0
56928	281130	382.0	272.0
56940	281130	393.0	273.0
56952	281130	405.0	274.0
56964	281130	419.0	277.0
56976	281130	436.0	280.0
56988	281130	455.0	284.0
57000	281130	477.0	288.0
57012	281130	504.0	294.0
57024	281130	537.0	300.0
57036	281130	579.0	309.0
57048	281130	634.0	322.0
57060	281130	705.0	335.0
57072	281130	814.0	357.0
57084	281130	967.0	392.0
57096	281130	1030.0	456.0
56376	281158	298.0	250.0
56388	281158	298.0	250.0
56400	281158	300.0	250.0
56412	281158	303.0	249.0
56424	281158	305.0	250.0
56436	281158	308.0	249.0
56448	281158	310.0	250.0
56460	281158	310.0	250.0
56472	281158	312.0	251.0
56484	281158	315.0	251.0
56496	281158	318.0	251.0
56508	281158	319.0	252.0
56520	281158	321.0	252.0
56532	281158	323.0	252.0
56544	281158	326.0	252.0
56556	281158	329.0	253.0
56568	281158	332.0	254.0
56580	281158	334.0	254.0
56592	281158	337.0	254.0
56604	281158	341.0	255.0
56616	281158	344.0	255.0
56628	281158	348.0	256.0
56640	281158	352.0	256.0
56652	281158	356.0	257.0
56664	281158	360.0	258.0
56676	281158	365.0	258.0
56688	281158	371.0	259.0
56700	281158	377.0	259.0
56712	281158	382.0	260.0
56724	281158	390.0	262.0
56736	281158	397.0	262.0
56748	281158	405.0	263.0
56760	281158	414.0	265.0
56772	281158	424.0	265.0
56784	281158	435.0	267.0
56796	281158	448.0	269.0
56808	281158	462.0	270.0
56820	281158	478.0	272.0
56832	281158	497.0	274.0
56844	281158	520.0	277.0
56856	281158	545.0	280.0
56868	281158	576.0	284.0
56880	281158	614.0	288.0
56892	281158	661.0	294.0
56904	281158	720.0	302.0
56916	281158	799.0	312.0
56928	281158	908.0	327.0
56940	281158	992.0	347.0
56712	281207	272.0	251.0
56724	281207	272.0	251.0
56736	281207	275.0	252.0
56748	281207	277.0	252.0
56760	281207	277.0	252.0
56772	281207	280.0	252.0
56784	281207	282.0	253.0
56796	281207	283.0	253.0
56808	281207	286.0	253.0
56820	281207	288.0	253.0
56832	281207	289.0	253.0
56844	281207	291.0	255.0
56856	281207	294.0	255.0
56868	281207	294.0	256.0
56880	281207	296.0	256.0
56892	281207	298.0	256.0
56904	281207	300.0	257.0
56916	281207	301.0	258.0
56928	281207	303.0	258.0
56940	281207	306.0	259.0
56952	281207	308.0	259.0
56964	281207	310.0	260.0
56976	281207	314.0	261.0
56988	281207	316.0	261.0
57000	281207	320.0	262.0
57012	281207	323.0	263.0
57024	281207	327.0	264.0
57036	281207	331.0	265.0
57048	281207	335.0	266.0
57060	281207	341.0	267.0
57072	281207	347.0	268.0
57084	281207	354.0	270.0
57096	281207	361.0	271.0
57108	281207	369.0	273.0
57120	281207	378.0	274.0
57132	281207	388.0	276.0
57144	281207	401.0	279.0
57156	281207	415.0	281.0
57168	281207	431.0	284.0
57180	281207	450.0	289.0
57192	281207	473.0	294.0
57204	281207	500.0	300.0
57216	281207	534.0	308.0
57228	281207	577.0	317.0
57240	281207	633.0	330.0
57252	281207	708.0	346.0
57264	281207	819.0	369.0
57276	281207	971.0	407.0
57288	281207	1034.0	477.0
56832	281216	270.0	246.0
56844	281216	270.0	246.0
56856	281216	270.0	246.0
56868	281216	271.0	245.0
56880	281216	272.0	245.0
56892	281216	272.0	245.0
56904	281216	271.0	245.0
56916	281216	272.0	245.0
56928	281216	273.0	246.0
56940	281216	273.0	247.0
56952	281216	273.0	246.0
56964	281216	274.0	246.0
56976	281216	274.0	247.0
56988	281216	274.0	247.0
57000	281216	275.0	246.0
57012	281216	276.0	247.0
57024	281216	276.0	246.0
57036	281216	277.0	246.0
57048	281216	277.0	247.0
57060	281216	278.0	247.0
57072	281216	278.0	246.0
57084	281216	280.0	247.0
57096	281216	280.0	247.0
57108	281216	282.0	247.0
57120	281216	282.0	247.0
57132	281216	283.0	247.0
57144	281216	284.0	247.0
57156	281216	285.0	247.0
57168	281216	286.0	247.0
57180	281216	287.0	247.0
57192	281216	289.0	248.0
57204	281216	289.0	248.0
57216	281216	291.0	248.0
57228	281216	292.0	248.0
57240	281216	294.0	248.0
57252	281216	295.0	248.0
57264	281216	297.0	248.0
57276	281216	298.0	248.0
57288	281216	300.0	248.0
57300	281216	302.0	249.0
57312	281216	304.0	250.0
57324	281216	305.0	249.0
57336	281216	307.0	250.0
57348	281216	308.0	250.0
57360	281216	311.0	250.0
57372	281216	312.0	250.0
57384	281216	313.0	250.0
57396	281216	315.0	251.0
57408	281216	317.0	251.0
57420	281216	318.0	251.0
57432	281216	320.0	250.0
57444	281216	322.0	251.0
57456	281216	325.0	252.0
57468	281216	326.0	252.0
57480	281216	330.0	253.0
57492	281216	332.0	253.0
57504	281216	335.0	254.0
57516	281216	338.0	253.0
57528	281216	342.0	254.0
57540	281216	346.0	255.0
57552	281216	351.0	254.0
57564	281216	354.0	256.0
57576	281216	358.0	257.0
57588	281216	363.0	257.0
57600	281216	368.0	258.0
57612	281216	373.0	259.0
57624	281216	379.0	260.0
57636	281216	385.0	260.0
57648	281216	393.0	262.0
57660	281216	401.0	263.0
57672	281216	410.0	265.0
57684	281216	419.0	266.0
57696	281216	430.0	267.0
57708	281216	443.0	269.0
57720	281216	457.0	270.0
57732	281216	473.0	272.0
57744	281216	492.0	274.0
57756	281216	513.0	277.0
57768	281216	538.0	280.0
57780	281216	569.0	284.0
57792	281216	606.0	288.0
57804	281216	652.0	294.0
57816	281216	708.0	301.0
57828	281216	780.0	311.0
57840	281216	882.0	324.0
57852	281216	981.0	343.0
57000	281234	259.0	247.0
57012	281234	259.0	246.0
57024	281234	259.0	246.0
57036	281234	260.0	246.0
57048	281234	260.0	247.0
57060	281234	260.0	247.0
57072	281234	260.0	247.0
57084	281234	261.0	246.0
57096	281234	261.0	247.0
57108	281234	262.0	248.0
57120	281234	262.0	247.0
57132	281234	263.0	248.0
57144	281234	263.0	248.0
57156	281234	263.0	247.0
57168	281234	265.0	248.0
57180	281234	265.0	248.0
57192	281234	266.0	248.0
57204	281234	267.0	248.0
57216	281234	267.0	249.0
57228	281234	268.0	248.0
57240	281234	269.0	249.0
57252	281234	270.0	249.0
57264	281234	272.0	250.0
57276	281234	272.0	249.0
57288	281234	273.0	249.0
57300	281234	274.0	250.0
57312	281234	277.0	250.0
57324	281234	277.0	250.0
57336	281234	278.0	251.0
57348	281234	279.0	250.0
57360	281234	280.0	251.0
57372	281234	282.0	251.0
57384	281234	283.0	251.0
57396	281234	283.0	251.0
57408	281234	285.0	251.0
57420	281234	285.0	252.0
57432	281234	286.0	252.0
57444	281234	287.0	252.0
57456	281234	289.0	252.0
57468	281234	290.0	253.0
57480	281234	292.0	253.0
57492	281234	294.0	254.0
57504	281234	295.0	254.0
57516	281234	297.0	254.0
57528	281234	299.0	255.0
57540	281234	301.0	256.0
57552	281234	304.0	256.0
57564	281234	305.0	256.0
57576	281234	308.0	257.0
57588	281234	310.0	257.0
57600	281234	313.0	258.0
57612	281234	316.0	259.0
57624	281234	319.0	260.0
57636	281234	323.0	260.0
57648	281234	326.0	261.0
57660	281234	330.0	262.0
57672	281234	335.0	263.0
57684	281234	340.0	265.0
57696	281234	345.0	266.0
57708	281234	351.0	267.0
57720	281234	357.0	268.0
57732	281234	365.0	269.0
57744	281234	372.0	271.0
57756	281234	380.0	272.0
57768	281234	390.0	274.0
57780	281234	401.0	275.0
57792	281234	413.0	278.0
57804	281234	428.0	280.0
57816	281234	444.0	284.0
57828	281234	464.0	288.0
57840	281234	486.0	293.0
57852	281234	513.0	298.0
57864	281234	548.0	306.0
57876	281234	591.0	316.0
57888	281234	648.0	330.0
57900	281234	722.0	344.0
57912	281234	833.0	369.0
57924	281234	979.0	409.0
57348	281306	261.0	247.0
57360	281306	262.0	246.0
57372	281306	262.0	247.0
57384	281306	262.0	247.0
57396	281306	262.0	247.0
57408	281306	262.0	247.0
57420	281306	263.0	247.0
57432	281306	263.0	247.0
57444	281306	267.0	248.0
57456	281306	268.0	249.0
57468	281306	269.0	249.0
57480	281306	270.0	249.0
57492	281306	270.0	249.0
57504	281306	272.0	250.0
57516	281306	273.0	250.0
57528	281306	274.0	250.0
57540	281306	275.0	250.0
57552	281306	276.0	250.0
57564	281306	276.0	250.0
57576	281306	277.0	250.0
57588	281306	277.0	251.0
57600	281306	278.0	251.0
57612	281306	280.0	252.0
57624	281306	281.0	252.0
57636	281306	282.0	252.0
57648	281306	283.0	253.0
57660	281306	283.0	252.0
57672	281306	284.0	252.0
57684	281306	286.0	253.0
57696	281306	286.0	254.0
57708	281306	288.0	254.0
57720	281306	290.0	254.0
57732	281306	291.0	254.0
57744	281306	293.0	255.0
57756	281306	295.0	256.0
57768	281306	296.0	256.0
57780	281306	298.0	257.0
57792	281306	300.0	257.0
57804	281306	303.0	257.0
57816	281306	305.0	258.0
57828	281306	307.0	259.0
57840	281306	310.0	259.0
57852	281306	313.0	260.0
57864	281306	316.0	259.0
57876	281306	320.0	261.0
57888	281306	324.0	262.0
57900	281306	328.0	263.0
57912	281306	332.0	263.0
57924	281306	338.0	265.0
57936	281306	343.0	266.0
57948	281306	349.0	267.0
57960	281306	356.0	268.0
57972	281306	364.0	269.0
57984	281306	372.0	271.0
57996	281306	380.0	273.0
58008	281306	391.0	274.0
58020	281306	402.0	276.0
58032	281306	416.0	278.0
58044	281306	431.0	281.0
58056	281306	448.0	285.0
58068	281306	469.0	289.0
58080	281306	492.0	294.0
58092	281306	520.0	301.0
58104	281306	556.0	309.0
58116	281306	602.0	319.0
58128	281306	665.0	333.0
58140	281306	750.0	352.0
58152	281306	881.0	381.0
58164	281306	999.0	427.0
57564	281333	260.0	247.0
57576	281333	261.0	247.0
57588	281333	261.0	246.0
57600	281333	261.0	246.0
57612	281333	262.0	246.0
57624	281333	262.0	248.0
57636	281333	263.0	248.0
57648	281333	263.0	249.0
57660	281333	263.0	249.0
57672	281333	265.0	249.0
57684	281333	265.0	249.0
57696	281333	265.0	249.0
57708	281333	267.0	250.0
57720	281333	268.0	250.0
57732	281333	269.0	249.0
57744	281333	269.0	250.0
57756	281333	270.0	250.0
57768	281333	271.0	251.0
57780	281333	272.0	251.0
57792	281333	273.0	251.0
57804	281333	274.0	250.0
57816	281333	275.0	250.0
57828	281333	275.0	251.0
57840	281333	276.0	251.0
57852	281333	276.0	251.0
57864	281333	278.0	252.0
57876	281333	282.0	253.0
57888	281333	282.0	253.0
57900	281333	283.0	252.0
57912	281333	283.0	253.0
57924	281333	286.0	253.0
57936	281333	286.0	254.0
57948	281333	289.0	253.0
57960	281333	290.0	254.0
57972	281333	291.0	254.0
57984	281333	293.0	255.0
57996	281333	295.0	256.0
58008	281333	297.0	256.0
58020	281333	299.0	257.0
58032	281333	301.0	257.0
58044	281333	304.0	257.0
58056	281333	307.0	258.0
58068	281333	309.0	259.0
58080	281333	312.0	259.0
58092	281333	316.0	260.0
58104	281333	320.0	261.0
58116	281333	324.0	262.0
58128	281333	328.0	262.0
58140	281333	332.0	263.0
58152	281333	338.0	265.0
58164	281333	344.0	266.0
58176	281333	350.0	267.0
58188	281333	357.0	268.0
58200	281333	365.0	270.0
58212	281333	372.0	272.0
58224	281333	382.0	273.0
58236	281333	393.0	275.0
58248	281333	405.0	277.0
58260	281333	420.0	280.0
58272	281333	435.0	284.0
58284	281333	454.0	287.0
58296	281333	479.0	293.0
58308	281333	506.0	300.0
58320	281333	540.0	308.0
58332	281333	587.0	319.0
58344	281333	648.0	333.0
58356	281333	734.0	352.0
58368	281333	868.0	382.0
58380	281333	999.0	433.0
57840	281385	287.0	248.0
57852	281385	287.1875	249.0
57864	281385	289.4375	249.0
57876	281385	291.90909090909093	248.63636363636363
57888	281385	294.75	249.0
57900	281385	297.6666666666667	250.0
57912	281385	302.0	250.0
57924	281385	304.0	250.0
57936	281385	307.0	250.0
57948	281385	311.0	250.0
57960	281385	313.0	251.0
57972	281385	317.0	251.0
57984	281385	318.0	250.0
57996	281385	319.0	251.0
58008	281385	321.0	252.0
58020	281385	323.0	252.0
58032	281385	325.0	252.0
58044	281385	328.0	252.0
58056	281385	330.0	253.0
58068	281385	332.0	253.0
58080	281385	333.0	253.0
58092	281385	337.0	254.0
58104	281385	341.0	254.0
58116	281385	344.0	255.0
58128	281385	347.0	255.0
58140	281385	352.0	255.0
58152	281385	356.0	257.0
58164	281385	360.0	257.0
58176	281385	365.0	258.0
58188	281385	370.0	258.0
58200	281385	376.0	259.0
58212	281385	382.0	260.0
58224	281385	389.0	260.0
57852	281388	263.0	249.0
57864	281388	263.0	250.0
57876	281388	264.38461538461536	249.0
57888	281388	265.2105263157895	249.0
57900	281388	265.8421052631579	249.0
57912	281388	267.0	249.0
57924	281388	267.64516129032256	250.0
57936	281388	268.4193548387097	250.0
57948	281388	269.0	250.0
57960	281388	269.5581395348837	250.0
57972	281388	270.6744186046512	250.0
57984	281388	271.7906976744186	250.0
57996	281388	272.90697674418607	250.0
58008	281388	273.3333333333333	251.0
58020	281388	274.0	252.0
58032	281388	274.0	252.0
58044	281388	275.0	252.0
58056	281388	277.0	252.0
58068	281388	277.0	252.0
58080	281388	277.0	252.0
58092	281388	278.9166666666667	252.0
58104	281388	279.0	252.0
58116	281388	282.6666666666667	252.0
58128	281388	285.0	253.0
58140	281388	286.0	253.0
58152	281388	287.0	254.0
58164	281388	288.0	254.0
58176	281388	289.0	254.0
58188	281388	293.0	255.0
58200	281388	294.0	255.0
58212	281388	296.0	255.0
58224	281388	299.0	256.0
58236	281388	302.0	256.0
58248	281388	304.0	257.0
58260	281388	307.0	257.0
58272	281388	309.0	258.0
58284	281388	311.0	259.0
58296	281388	314.0	260.0
58308	281388	318.0	260.0
58320	281388	321.0	261.0
58332	281388	325.0	261.0
58344	281388	329.0	262.0
58356	281388	334.0	263.0
58368	281388	339.0	264.0
58380	281388	345.0	265.0
58392	281388	351.0	267.0
58404	281388	356.0	268.0
58416	281388	363.0	269.0
58428	281388	371.0	271.0
58440	281388	379.0	273.0
58452	281388	388.0	274.0
58464	281388	400.0	276.0
58476	281388	415.0	278.0
58488	281388	429.0	282.0
58500	281388	446.0	285.0
58512	281388	468.0	290.0
58524	281388	491.0	295.0
58536	281388	522.0	303.0
58548	281388	559.0	311.0
58560	281388	607.0	322.0
58572	281388	675.0	338.0
58584	281388	767.0	357.0
58596	281388	912.0	394.0
58608	281388	975.0	433.0
58620	281388	981.0	449.0
58632	281388	976.0	450.0
58644	281388	994.0	456.0
58116	281452	203.0	248.0
58128	281452	206.0	249.0
58140	281452	211.0	250.0
58152	281452	215.0	251.0
58164	281452	217.0	251.0
58176	281452	220.0	251.0
58188	281452	222.0	251.0
58200	281452	226.0	251.0
58212	281452	229.0	251.0
58224	281452	230.0	251.0
58236	281452	233.0	252.0
58248	281452	235.0	251.0
58260	281452	238.0	251.0
58272	281452	240.0	251.0
58284	281452	240.0	252.0
58296	281452	243.0	252.0
58308	281452	245.0	252.0
58320	281452	247.0	251.0
58332	281452	248.0	251.0
58344	281452	247.5	252.0
58356	281452	249.0	251.0
58368	281452	250.0	251.0
58380	281452	251.0	251.0
58392	281452	251.0	251.0
58404	281452	252.16666666666666	251.16666666666666
58416	281452	252.83333333333334	251.83333333333334
58428	281452	253.5	252.5
58440	281452	254.0	252.0
58452	281452	256.0	252.0
58464	281452	258.0	252.0
58476	281452	259.0	252.71428571428572
58488	281452	263.0	253.0
58500	281452	266.0	253.0
58512	281452	268.0	253.0
58524	281452	270.0	253.0
58536	281452	273.0	254.0
58548	281452	275.0	254.0
58560	281452	276.0	253.0
58572	281452	278.0	253.0
58584	281452	279.0	254.0
58596	281452	283.0	255.0
58608	281452	286.0	256.0
58620	281452	287.0	256.0
58632	281452	289.0	256.0
58644	281452	291.0	255.0
58656	281452	296.0	256.0
58668	281452	297.0	256.0
58680	281452	299.0	257.0
58692	281452	303.0	257.0
58704	281452	305.0	258.0
58716	281452	307.0	258.0
58728	281452	309.0	259.0
58740	281452	311.0	260.0
58752	281452	314.0	261.0
58764	281452	318.0	260.0
58776	281452	320.0	262.0
58788	281452	322.0	262.0
58800	281452	326.0	263.0
58812	281452	330.0	264.0
58824	281452	334.0	265.0
58836	281452	338.0	266.0
58848	281452	343.0	267.0
58860	281452	346.0	268.0
58872	281452	352.0	269.0
58884	281452	357.0	270.0
58896	281452	362.0	271.0
58908	281452	370.0	272.0
58920	281452	376.0	273.0
58932	281452	384.0	274.0
58944	281452	391.0	275.0
58956	281452	402.0	276.0
58968	281452	412.0	278.0
58980	281452	423.0	280.0
58992	281452	436.0	282.0
59004	281452	451.0	286.0
59016	281452	468.0	289.0
59028	281452	485.0	293.0
59040	281452	507.0	298.0
59052	281452	532.0	303.0
59064	281452	563.0	310.0
59076	281452	600.0	318.0
59088	281452	647.0	329.0
59100	281452	706.0	341.0
59112	281452	785.0	358.0
59124	281452	902.0	384.0
59136	281452	995.0	423.0
58236	281482	363.0	243.0
58248	281482	368.85714285714283	245.28571428571428
58260	281482	377.42857142857144	252.14285714285714
58272	281482	386.0	259.0
58284	281482	386.0	259.0
58296	281482	397.0	262.0
58308	281482	405.0	263.0
58320	281482	415.0	264.0
58332	281482	423.0	265.0
58344	281482	434.0	266.0
58356	281482	446.0	268.0
58368	281482	459.0	269.0
58380	281482	474.0	271.0
58392	281482	491.0	272.0
58404	281482	511.0	274.0
58416	281482	534.0	277.0
58428	281482	560.0	280.0
58440	281482	590.0	284.0
58452	281482	628.0	288.0
58464	281482	672.0	294.0
58476	281482	726.0	303.0
58488	281482	797.0	309.0
58500	281482	889.0	320.0
58512	281482	978.0	337.0
58308	281491	271.0	250.0
58320	281491	272.0	250.0
58332	281491	275.0	251.0
58344	281491	276.0	251.0
58356	281491	278.5	252.375
58368	281491	282.0	253.0
58380	281491	285.0	252.0
58392	281491	288.0	252.0
58404	281491	291.0	254.0
58416	281491	294.0	255.0
58428	281491	297.0	255.0
58440	281491	300.0	256.0
58452	281491	302.0	256.0
58464	281491	307.0	256.0
58476	281491	310.0	258.0
58488	281491	313.0	259.0
58500	281491	318.0	259.0
58512	281491	322.0	260.0
58524	281491	326.0	261.0
58536	281491	330.0	262.0
58548	281491	335.0	262.0
58560	281491	341.0	263.0
58572	281491	347.0	265.0
58584	281491	353.0	266.0
58596	281491	361.0	268.0
58608	281491	369.0	269.0
58620	281491	377.0	271.0
58632	281491	386.0	273.0
58644	281491	398.0	274.0
58656	281491	411.0	277.0
58668	281491	425.0	279.0
58680	281491	442.0	283.0
58692	281491	462.0	287.0
58704	281491	487.0	293.0
58716	281491	517.0	299.0
58728	281491	555.0	308.0
58740	281491	604.0	320.0
58752	281491	671.0	335.0
58764	281491	768.0	356.0
58776	281491	922.0	394.0
58788	281491	1019.0	454.0
58500	281568	198.0	247.0
58512	281568	201.0	248.0
58524	281568	208.0	249.0
58536	281568	212.0	250.0
58548	281568	216.0	251.0
58560	281568	221.0	251.0
58572	281568	224.0	251.0
58584	281568	228.0	251.0
58596	281568	232.0	251.0
58608	281568	234.0	251.0
58620	281568	237.66666666666666	251.0
58632	281568	240.0	251.0
58644	281568	240.0	251.0
58656	281568	242.0	251.0
58668	281568	245.0	251.0
58680	281568	246.0	251.0
58692	281568	246.17391304347825	250.04347826086956
58704	281568	247.2173913043478	250.30434782608697
58716	281568	248.2608695652174	250.56521739130434
58728	281568	249.30434782608697	250.82608695652175
58740	281568	250.0	251.8
58752	281568	251.0	253.0
58764	281568	250.66666666666666	253.66666666666666
58776	281568	250.5	254.25
58788	281568	250.0	255.0
58800	281568	250.0	253.42857142857142
58812	281568	249.0	255.0
58824	281568	249.5	254.0
58836	281568	248.0	256.0
58848	281568	251.0	256.0
58860	281568	250.33333333333334	256.0
58872	281568	252.0	256.0
58884	281568	252.0	257.0
58896	281568	253.0	258.0
58908	281568	254.0	258.0
58920	281568	255.0	257.0
58932	281568	257.0	259.0
58944	281568	258.0	259.0
58956	281568	260.0	260.0
58968	281568	261.0	260.0
58980	281568	264.0	260.0
58992	281568	266.0	261.0
59004	281568	268.0	261.0
59016	281568	271.0	262.0
59028	281568	274.0	263.0
59040	281568	277.0	264.0
59052	281568	280.0	265.0
59064	281568	284.0	265.0
59076	281568	289.0	267.0
59088	281568	294.0	267.0
59100	281568	300.0	268.0
59112	281568	306.0	269.0
59124	281568	313.0	269.0
59136	281568	320.0	270.0
59148	281568	329.0	271.0
59160	281568	336.0	273.0
59172	281568	344.0	273.0
59184	281568	353.0	274.0
59196	281568	362.0	275.0
59208	281568	371.0	277.0
59220	281568	382.0	278.0
59232	281568	392.0	279.0
59244	281568	406.0	282.0
59256	281568	421.0	284.0
59268	281568	438.0	287.0
59280	281568	459.0	291.0
59292	281568	485.0	296.0
59304	281568	509.0	300.0
59316	281568	536.0	306.0
59328	281568	568.0	313.0
59340	281568	603.0	321.0
59352	281568	646.0	332.0
59364	281568	703.0	346.0
59376	281568	776.0	364.0
59388	281568	877.0	389.0
59400	281568	981.0	427.0
59412	281568	1018.0	487.0
58596	281586	312.0	250.0
58608	281586	314.0	251.0
58620	281586	317.0	251.0
58632	281586	319.0	251.0
58644	281586	321.0	251.0
58656	281586	325.0	250.5
58668	281586	327.0	252.0
58680	281586	329.0	251.0
58692	281586	332.0	252.0
58704	281586	335.0	253.0
58716	281586	338.0	254.0
58728	281586	342.0	254.0
58740	281586	346.0	256.0
58752	281586	349.0	256.0
58764	281586	355.0	256.0
58776	281586	359.0	258.0
58788	281586	363.0	258.0
58800	281586	369.0	258.0
58812	281586	375.0	259.0
58824	281586	382.0	260.0
58836	281586	388.0	261.0
58848	281586	396.0	263.0
58860	281586	403.0	263.0
58872	281586	413.0	264.0
58884	281586	423.0	266.0
58896	281586	433.0	267.0
58908	281586	445.0	268.0
58920	281586	459.0	269.0
58932	281586	474.0	271.0
58944	281586	491.0	273.0
58956	281586	511.0	274.0
58968	281586	534.0	277.0
58980	281586	561.0	280.0
58992	281586	592.0	284.0
59004	281586	631.0	288.0
59016	281586	680.0	294.0
59028	281586	738.0	302.0
59040	281586	817.0	312.0
59052	281586	925.0	326.0
59064	281586	992.0	346.0
58668	281606	274.7142857142857	251.0
58680	281606	277.0	252.0
58692	281606	278.5	251.0
58704	281606	281.0	253.0
58716	281606	282.7142857142857	253.42857142857142
58728	281606	284.42857142857144	253.85714285714286
58740	281606	286.0	254.0
58752	281606	291.0	255.0
58764	281606	293.6666666666667	255.0
58776	281606	293.0	257.0
58788	281606	296.0	257.0
58800	281606	299.0	257.0
58812	281606	300.0	257.0
58824	281606	302.0	258.0
58836	281606	304.0	259.0
58848	281606	307.0	260.0
58860	281606	309.0	260.0
58872	281606	313.0	261.0
58884	281606	315.0	262.0
58896	281606	318.0	263.0
58908	281606	321.0	262.0
58920	281606	325.0	262.0
58932	281606	328.0	264.0
58944	281606	332.0	264.0
58956	281606	337.0	265.0
58968	281606	342.0	266.0
58980	281606	347.0	267.0
58992	281606	352.0	268.0
59004	281606	359.0	268.0
59016	281606	366.0	270.0
59028	281606	372.0	271.0
59040	281606	379.0	273.0
59052	281606	387.0	274.0
59064	281606	397.0	275.0
59076	281606	406.0	277.0
59088	281606	418.0	279.0
59100	281606	430.0	281.0
59112	281606	444.0	284.0
59124	281606	459.0	287.0
59136	281606	477.0	290.0
59148	281606	497.0	295.0
59160	281606	521.0	301.0
59172	281606	550.0	307.0
59184	281606	585.0	316.0
59196	281606	631.0	326.0
59208	281606	688.0	340.0
59220	281606	767.0	356.0
59232	281606	877.0	381.0
59244	281606	985.0	422.0
59256	281606	1022.0	466.0
58692	281615	314.0	249.0
58704	281615	315.0	250.0
58716	281615	315.25	250.0
58728	281615	318.0	250.5
58740	281615	319.75	250.0
58752	281615	326.0	251.0
58764	281615	327.6666666666667	252.0
58776	281615	331.0	253.0
58788	281615	334.5	255.0
58800	281615	344.0	255.0
58812	281615	348.0	254.0
58824	281615	351.0	254.0
58836	281615	358.0	256.0
58848	281615	363.0	257.0
58860	281615	367.0	257.0
58872	281615	376.0	259.0
58884	281615	383.0	260.0
58896	281615	391.0	261.0
58908	281615	399.0	262.0
58920	281615	408.0	262.0
58932	281615	418.0	265.0
58944	281615	428.0	266.0
58956	281615	441.0	267.0
58968	281615	454.0	268.0
58980	281615	471.0	270.0
58992	281615	487.0	272.0
59004	281615	508.0	274.0
59016	281615	533.0	277.0
59028	281615	559.0	281.0
59040	281615	593.0	284.0
59052	281615	633.0	289.0
59064	281615	685.0	295.0
59076	281615	750.0	303.0
59088	281615	833.0	313.0
59100	281615	953.0	327.0
58944	281695	297.0	256.0
58956	281695	303.5	256.0
58968	281695	305.0	256.0
58980	281695	307.6	252.6
58992	281695	313.0	258.0
59004	281695	317.0	258.0
59016	281695	322.0	260.0
59028	281695	327.0	263.0
59040	281695	331.0	263.0
59052	281695	336.0	265.0
59064	281695	342.0	266.0
59076	281695	348.0	267.0
59088	281695	354.0	268.0
59100	281695	361.0	269.0
59112	281695	367.0	271.0
59124	281695	374.0	271.0
59136	281695	381.0	273.0
59148	281695	389.0	274.0
59160	281695	399.0	275.0
59172	281695	407.0	277.0
59184	281695	419.0	279.0
59196	281695	432.0	282.0
59208	281695	445.0	284.0
59220	281695	460.0	287.0
59232	281695	479.0	292.0
59244	281695	500.0	297.0
59256	281695	526.0	303.0
59268	281695	555.0	309.0
59280	281695	593.0	318.0
59292	281695	643.0	330.0
59304	281695	705.0	344.0
59316	281695	788.0	361.0
59328	281695	910.0	390.0
59340	281695	996.0	431.0
59352	281695	1015.0	451.0
58956	281697	200.0	249.0
58968	281697	206.0	250.0
58980	281697	212.0	251.0
58992	281697	216.0	250.0
59004	281697	219.0	250.0
59016	281697	222.0	251.0
59028	281697	228.0	251.0
59040	281697	230.0	252.0
59052	281697	233.0	252.0
59064	281697	232.0	251.0
59076	281697	236.0	251.0
59088	281697	237.0	251.0
59100	281697	237.0	251.0
59112	281697	238.0	251.0
59124	281697	237.0	251.0
59136	281697	242.0	252.0
59148	281697	243.0	252.0
59160	281697	245.0	251.0
59172	281697	246.0	252.0
59184	281697	248.0	252.0
59196	281697	249.0	253.0
59208	281697	251.0	252.0
59220	281697	255.0	253.0
59232	281697	257.0	253.0
59244	281697	258.0	253.0
59256	281697	260.0	253.0
59268	281697	263.0	254.0
59280	281697	266.0	253.0
59292	281697	268.0	254.0
59304	281697	272.0	255.0
59316	281697	275.0	255.0
59328	281697	278.0	255.0
59340	281697	281.5	256.5
58992	281678	314.0	236.0
59004	281678	313.8	235.0
59016	281678	315.6666666666667	234.16666666666666
59028	281678	317.0	234.75
59040	281678	318.0	236.0
59052	281678	323.0	242.0
59064	281678	328.0	251.0
59076	281678	322.0	237.0
59088	281678	330.0	247.0
59100	281678	331.3333333333333	248.66666666666666
59112	281678	334.0	253.0
59124	281678	335.0	254.0
59136	281678	338.0	254.0
59148	281678	341.0	253.0
59160	281678	344.0	252.0
59172	281678	349.0	246.0
59184	281678	351.0	239.5
59196	281678	353.875	235.375
59208	281678	362.0	235.0
59220	281678	369.0	238.0
59232	281678	374.0	244.0
59244	281678	382.0	253.0
59256	281678	386.0	258.0
59268	281678	392.0	260.0
59280	281678	397.0	260.0
59292	281678	405.0	261.0
59304	281678	415.0	262.0
59316	281678	425.0	264.0
59328	281678	434.0	265.0
59340	281678	446.0	265.0
59352	281678	458.0	268.0
59364	281678	471.0	269.0
59376	281678	484.0	270.0
59388	281678	499.0	271.0
59400	281678	520.0	273.0
59412	281678	541.0	275.0
59424	281678	561.0	278.0
59436	281678	588.0	281.0
59448	281678	620.0	285.0
59460	281678	666.0	289.0
59472	281678	704.0	295.0
59484	281678	758.0	302.0
59496	281678	802.0	256.0
59508	281678	902.0	268.0
59520	281678	992.0	326.0
59532	281678	998.0	339.0
59544	281678	992.0	321.0
59556	281678	996.0	342.0
59004	281704	243.0	254.0
59016	281704	243.0	254.0
59028	281704	243.0	254.0
59040	281704	245.0	256.0
59052	281704	248.0	253.33333333333334
59064	281704	250.0	254.0
59076	281704	254.0	256.0
59088	281704	256.0	256.0
59100	281704	260.0	258.0
59112	281704	261.0	258.0
59124	281704	261.0	257.0
59136	281704	263.0	257.0
59148	281704	265.0	258.0
59160	281704	267.0	258.0
59172	281704	269.0	257.0
59184	281704	272.0	258.0
59196	281704	274.0	259.0
59208	281704	276.0	259.0
59220	281704	281.0	260.0
59232	281704	284.0	260.0
59244	281704	287.0	261.0
59256	281704	292.0	262.0
59268	281704	296.0	262.0
59280	281704	301.0	263.0
59292	281704	303.0	264.0
59304	281704	309.0	265.0
59316	281704	312.0	265.0
59328	281704	317.0	266.0
59340	281704	323.0	268.0
59352	281704	329.0	268.0
59364	281704	337.0	270.0
59376	281704	343.0	271.0
59388	281704	352.0	272.0
59400	281704	361.0	275.0
59412	281704	368.0	275.0
59424	281704	379.0	277.0
59436	281704	391.0	278.0
59448	281704	405.0	281.0
59460	281704	419.0	284.0
59472	281704	437.0	288.0
59484	281704	456.0	292.0
59496	281704	477.0	296.0
59508	281704	501.0	304.0
59520	281704	530.0	310.0
59532	281704	565.0	319.0
59544	281704	609.0	331.0
59556	281704	668.0	345.0
59568	281704	749.0	364.0
59580	281704	866.0	394.0
59592	281704	989.0	439.0
59604	281704	1027.0	478.0
59160	281750	293.0	260.0
59172	281750	298.0	261.0
59184	281750	305.0	261.0
59196	281750	312.0	261.0
59208	281750	320.0	262.0
59220	281750	325.0	262.0
59232	281750	332.0	264.0
59244	281750	337.0	265.0
59256	281750	343.0	266.0
59268	281750	349.0	267.0
59280	281750	355.0	268.0
59292	281750	362.0	270.0
59304	281750	368.0	271.0
59316	281750	376.0	273.0
59328	281750	384.0	274.0
59340	281750	393.0	275.0
59352	281750	403.0	277.0
59364	281750	415.0	280.0
59376	281750	428.0	283.0
59388	281750	442.0	286.0
59400	281750	458.0	289.0
59412	281750	477.0	294.0
59424	281750	501.0	300.0
59436	281750	528.0	307.0
59448	281750	562.0	315.0
59460	281750	605.0	326.0
59472	281750	660.0	339.0
59484	281750	737.0	357.0
59496	281750	848.0	383.0
59508	281750	982.0	425.0
59520	281750	1032.0	498.0
59220	281771	299.0	258.0
59232	281771	300.0	260.0
59244	281771	303.0	261.0
59256	281771	308.0	262.0
59268	281771	310.0	262.0
59280	281771	315.0	264.0
59292	281771	320.0	265.0
59304	281771	325.0	265.0
59316	281771	330.0	268.0
59328	281771	337.0	269.0
59340	281771	342.0	271.0
59352	281771	347.0	272.0
59364	281771	355.0	273.0
59376	281771	365.0	274.0
59388	281771	375.0	277.0
59400	281771	385.0	279.0
59412	281771	397.0	283.0
59424	281771	412.0	286.0
59436	281771	429.0	290.0
59448	281771	449.0	295.0
59460	281771	474.0	301.0
59472	281771	505.0	308.0
59484	281771	547.0	317.0
59496	281771	599.0	329.0
59508	281771	677.0	345.0
59520	281771	769.0	365.0
59532	281771	902.0	399.0
59544	281771	1004.0	451.0
59340	281807	293.0	261.0
59352	281807	296.0	262.0
59364	281807	301.0	261.0
59376	281807	305.0	262.0
59388	281807	311.0	263.0
59400	281807	317.0	264.0
59412	281807	322.0	265.0
59424	281807	329.0	266.0
59436	281807	336.0	267.0
59448	281807	344.0	269.0
59460	281807	352.0	270.0
59472	281807	360.0	272.0
59484	281807	368.0	273.0
59496	281807	377.0	275.0
59508	281807	388.0	276.0
59520	281807	399.0	278.0
59532	281807	412.0	280.0
59544	281807	427.0	284.0
59556	281807	443.0	287.0
59568	281807	463.0	292.0
59580	281807	486.0	296.0
59592	281807	511.0	302.0
59604	281807	545.0	309.0
59616	281807	583.0	317.0
59628	281807	633.0	329.0
59640	281807	696.0	343.0
59652	281807	782.0	362.0
59664	281807	909.0	391.0
59676	281807	1001.0	437.0
59340	281810	278.0	257.0
59352	281810	279.0	256.0
59364	281810	283.0	256.0
59376	281810	284.0	257.0
59388	281810	287.0	257.0
59400	281810	291.0	258.0
59412	281810	293.0	258.0
59424	281810	296.0	259.0
59436	281810	301.0	260.0
59448	281810	306.0	260.0
59460	281810	310.0	261.0
59472	281810	314.0	261.0
59484	281810	319.0	262.0
59496	281810	323.0	263.0
59508	281810	328.0	265.0
59520	281810	333.0	266.0
59532	281810	339.0	267.0
59544	281810	345.0	268.0
59556	281810	351.0	270.0
59568	281810	359.0	271.0
59580	281810	367.0	272.0
59592	281810	375.0	274.0
59604	281810	385.0	275.0
59616	281810	395.0	277.0
59628	281810	407.0	279.0
59640	281810	420.0	282.0
59652	281810	435.0	286.0
59664	281810	455.0	289.0
59676	281810	477.0	294.0
59688	281810	499.0	300.0
59700	281810	528.0	307.0
59712	281810	564.0	317.0
59724	281810	611.0	328.0
59736	281810	672.0	342.0
59748	281810	758.0	362.0
59760	281810	885.0	390.0
59772	281810	995.0	442.0
59436	281835	283.0	253.0
59448	281835	285.0	254.0
59460	281835	286.0	253.0
59472	281835	287.0	254.0
59484	281835	288.0	253.0
59496	281835	291.0	254.0
59508	281835	293.0	254.0
59520	281835	294.0	255.0
59532	281835	296.0	256.0
59544	281835	298.0	256.0
59556	281835	302.0	257.0
59568	281835	304.0	257.0
59580	281835	307.0	258.0
59592	281835	310.0	259.0
59604	281835	313.0	259.0
59616	281835	316.0	260.0
59628	281835	320.0	260.0
59640	281835	322.0	261.0
59652	281835	325.0	261.0
59664	281835	329.0	262.0
59676	281835	333.0	262.0
59688	281835	336.0	264.0
59700	281835	341.0	265.0
59712	281835	346.0	266.0
59724	281835	351.0	267.0
59736	281835	356.0	268.0
59748	281835	362.0	269.0
59760	281835	369.0	268.0
59772	281835	375.0	272.0
59784	281835	383.0	273.0
59796	281835	391.0	274.0
59808	281835	404.0	277.0
59820	281835	417.0	277.0
59832	281835	426.0	280.0
59844	281835	439.0	283.0
59856	281835	455.0	286.0
59868	281835	476.0	290.0
59880	281835	493.0	294.0
59892	281835	520.0	301.0
59904	281835	550.0	308.0
59916	281835	590.0	317.0
59928	281835	640.0	329.0
59940	281835	710.0	346.0
59952	281835	807.0	368.0
59964	281835	942.0	403.0
59976	281835	982.0	454.0
59988	281835	980.0	475.0
60000	281835	977.0	469.0
60012	281835	993.0	487.0
60024	281835	1007.0	452.0
59604	281874	332.0	256.0
59616	281874	338.0	256.0
59628	281874	344.0	256.0
59640	281874	350.0	256.0
59652	281874	358.0	258.0
59664	281874	366.0	258.0
59676	281874	371.0	259.0
59688	281874	371.0	259.0
59700	281874	378.0	261.0
59712	281874	386.0	261.0
59724	281874	390.0	262.0
59736	281874	398.0	264.0
59748	281874	404.0	265.0
59760	281874	413.0	265.0
59772	281874	423.0	267.0
59784	281874	434.0	267.0
59796	281874	447.0	269.0
59808	281874	460.0	271.0
59820	281874	474.0	271.0
59832	281874	491.0	274.0
59844	281874	510.0	276.0
59856	281874	530.0	278.0
59868	281874	553.0	280.0
59880	281874	581.0	284.0
59892	281874	613.0	288.0
59904	281874	653.0	293.0
59916	281874	700.0	300.0
59928	281874	759.0	307.0
59940	281874	839.0	317.0
59952	281874	944.0	331.0
59640	281882	274.0	250.0
59652	281882	276.0	250.0
59664	281882	279.0	253.0
59676	281882	280.0	253.0
59688	281882	282.0	253.0
59700	281882	284.0	253.0
59712	281882	283.0	253.0
59724	281882	288.0	254.0
59736	281882	288.0	255.0
59748	281882	289.0	255.0
59760	281882	288.0	254.0
59772	281882	290.0	255.0
59784	281882	292.0	256.0
59796	281882	294.0	256.0
59808	281882	296.0	256.0
59820	281882	297.0	257.0
59832	281882	299.0	257.0
59844	281882	302.0	257.0
59856	281882	305.0	258.0
59868	281882	308.0	258.0
59880	281882	310.0	259.0
59892	281882	313.0	260.0
59904	281882	316.0	260.0
59916	281882	319.0	261.0
59928	281882	322.0	262.0
59940	281882	325.0	262.0
59952	281882	329.0	264.0
59964	281882	334.0	265.0
59976	281882	338.0	266.0
59988	281882	343.0	267.0
60000	281882	348.0	268.0
60012	281882	354.0	271.0
60024	281882	361.0	272.0
60036	281882	369.0	273.0
60048	281882	379.0	274.0
60060	281882	389.0	276.0
60072	281882	400.0	279.0
60084	281882	413.0	281.0
60096	281882	429.0	284.0
60108	281882	446.0	289.0
60120	281882	467.0	293.0
60132	281882	492.0	298.0
60144	281882	523.0	305.0
60156	281882	562.0	313.0
60168	281882	614.0	324.0
60180	281882	681.0	340.0
60192	281882	779.0	361.0
60204	281882	928.0	396.0
60216	281882	1021.0	457.0
59688	281896	397.0	262.0
59700	281896	403.0	261.0
59712	281896	412.0	261.0
59724	281896	421.0	264.0
59736	281896	430.0	265.0
59748	281896	441.0	266.0
59760	281896	458.0	268.0
59772	281896	469.0	270.0
59784	281896	483.0	272.0
59796	281896	499.0	273.0
59808	281896	517.0	274.0
59820	281896	537.0	276.0
59832	281896	560.0	279.0
59844	281896	587.0	283.0
59856	281896	619.0	286.0
59868	281896	657.0	290.0
59880	281896	702.0	296.0
59892	281896	759.0	302.0
59904	281896	831.0	311.0
59916	281896	926.0	322.0
59928	281896	986.0	337.0
59784	281938	303.0	251.0
59796	281938	308.0	251.0
59808	281938	312.0	251.0
59820	281938	315.0	251.0
59832	281938	318.0	253.0
59844	281938	321.0	252.0
59856	281938	325.0	253.0
59868	281938	327.0	253.0
59880	281938	329.0	254.0
59892	281938	332.0	254.0
59904	281938	336.0	254.0
59916	281938	340.0	255.0
59928	281938	344.0	255.0
59940	281938	347.0	256.0
59952	281938	351.0	256.0
59964	281938	357.0	257.0
59976	281938	361.0	258.0
59988	281938	368.0	258.0
60000	281938	374.0	260.0
60012	281938	381.0	261.0
60024	281938	388.0	261.0
60036	281938	396.0	262.0
60048	281938	405.0	264.0
60060	281938	414.0	265.0
60072	281938	424.0	266.0
60084	281938	436.0	267.0
60096	281938	449.0	268.0
60108	281938	465.0	271.0
60120	281938	481.0	272.0
60132	281938	501.0	273.0
59784	281943	278.0	251.0
59796	281943	279.0	251.0
59808	281943	280.078431372549	251.01960784313727
59820	281943	281.01960784313724	251.2549019607843
59832	281943	281.96078431372547	251.49019607843138
59844	281943	282.9019607843137	251.72549019607843
59856	281943	283.84313725490193	251.9607843137255
59868	281943	284.0952380952381	252.0
59880	281943	285.23809523809524	252.0
59892	281943	286.5	252.25
59904	281943	288.0	253.0
59916	281943	290.0	254.0
59928	281943	291.0	254.0
59940	281943	292.0	255.0
59952	281943	293.0	256.0
59964	281943	295.0	256.0
59976	281943	297.0	256.0
59988	281943	298.0	257.0
60000	281943	300.0	257.0
60012	281943	302.0	257.0
60024	281943	304.0	258.0
60036	281943	307.0	259.0
60048	281943	310.0	260.0
60060	281943	313.0	261.0
60072	281943	316.0	262.0
60084	281943	319.0	262.0
60096	281943	323.0	262.0
60108	281943	327.0	264.0
60120	281943	331.0	264.0
60132	281943	337.0	264.0
60144	281943	342.0	266.0
60156	281943	347.0	267.0
60168	281943	354.0	267.0
60180	281943	360.0	268.0
60192	281943	367.0	269.0
60204	281943	375.0	271.0
60216	281943	382.0	272.0
60228	281943	391.0	274.0
60240	281943	402.0	275.0
60252	281943	413.0	277.0
60264	281943	427.0	280.0
60276	281943	443.0	284.0
60288	281943	463.0	287.0
60300	281943	482.0	291.0
60312	281943	503.0	295.0
60324	281943	530.0	303.0
60336	281943	563.0	310.0
60348	281943	608.0	320.5
60360	281943	663.0	334.0
60372	281943	739.0	352.0
60384	281943	846.0	378.0
60396	281943	978.0	418.0
60408	281943	1015.0	494.0
60420	281943	1019.0	502.0
59928	281978	201.0	249.0
59940	281978	207.0	249.0
59952	281978	212.0	250.0
59964	281978	218.0	251.0
59976	281978	221.0	251.0
59988	281978	226.0	252.0
60000	281978	229.0	252.0
60012	281978	231.0	252.0
60024	281978	235.0	253.0
60036	281978	239.0	253.0
60048	281978	241.0	253.0
60060	281978	243.0	253.0
60072	281978	245.0	253.0
60084	281978	246.0	253.0
60096	281978	247.0	253.0
60108	281978	248.0	254.0
60120	281978	250.0	253.0
60132	281978	251.0	253.0
60144	281978	252.0	253.0
60156	281978	253.0	253.0
60168	281978	255.0	253.0
60180	281978	257.0	254.0
60192	281978	258.0	254.0
60204	281978	259.0	253.0
60216	281978	261.0	254.0
60228	281978	265.0	254.0
60240	281978	266.0	255.0
60252	281978	269.0	255.0
60264	281978	271.0	256.0
60276	281978	273.0	256.0
60288	281978	276.0	256.0
60300	281978	278.0	256.0
60312	281978	281.0	257.0
60324	281978	284.0	257.0
60336	281978	287.0	258.0
60348	281978	290.0	259.0
60360	281978	294.0	259.0
60372	281978	297.0	259.0
60384	281978	300.0	260.0
60396	281978	303.0	260.0
60408	281978	307.0	260.0
60420	281978	310.0	260.0
60432	281978	315.0	261.0
60444	281978	319.0	262.0
60456	281978	323.0	262.0
60468	281978	328.0	263.0
60480	281978	334.0	264.0
60492	281978	338.0	265.0
60504	281978	344.0	266.0
60516	281978	350.0	267.0
60528	281978	356.0	268.0
60540	281978	363.0	269.0
60552	281978	370.0	270.0
60564	281978	379.0	271.0
60576	281978	388.0	273.0
60588	281978	398.0	274.0
60600	281978	409.0	276.0
60612	281978	421.0	279.0
60624	281978	435.0	281.0
60636	281978	451.0	285.0
60648	281978	470.0	289.0
60660	281978	493.0	294.0
60672	281978	519.0	300.0
60684	281978	553.0	307.0
60696	281978	594.0	317.0
60708	281978	649.0	330.0
60720	281978	722.0	345.0
60732	281978	829.0	369.0
60744	281978	973.0	407.0
60756	281978	1026.0	467.0
60156	282015	205.0	251.0
60168	282015	211.0	250.0
60180	282015	217.0	251.0
60192	282015	220.0	251.0
60204	282015	224.0	251.0
60216	282015	228.0	252.0
60228	282015	231.0	252.0
60240	282015	235.0	253.0
60252	282015	239.0	251.0
60264	282015	241.0	252.0
60276	282015	245.0	252.0
60288	282015	247.0	253.0
60300	282015	247.0	253.0
60312	282015	250.0	252.0
60324	282015	251.0	253.0
60336	282015	252.0	254.0
60348	282015	254.0	254.0
60360	282015	255.0	253.0
60372	282015	256.0	254.0
60384	282015	255.0	254.0
60396	282015	256.0	253.0
60408	282015	256.0	254.0
60420	282015	257.0	254.0
60432	282015	257.0	254.0
60444	282015	259.0	254.0
60456	282015	258.0	253.0
60468	282015	259.0	254.0
60480	282015	260.0	254.0
60492	282015	261.0	255.0
60504	282015	260.0	256.0
60516	282015	261.0	256.0
60528	282015	262.0	256.0
60540	282015	264.0	257.0
60552	282015	265.0	257.0
60564	282015	266.0	258.0
60576	282015	267.0	258.0
60588	282015	269.0	258.0
60600	282015	271.0	259.0
60612	282015	273.0	259.0
60624	282015	275.0	261.0
60636	282015	278.0	261.0
60648	282015	282.0	262.0
60660	282015	285.0	262.0
60672	282015	290.0	264.0
60684	282015	294.0	265.0
60696	282015	300.0	265.0
60708	282015	305.0	266.0
60720	282015	309.0	267.0
60732	282015	315.0	269.0
60744	282015	320.0	270.0
60756	282015	327.0	272.0
60768	282015	334.0	273.0
60780	282015	343.0	275.0
60792	282015	353.0	277.0
60804	282015	366.0	279.0
60816	282015	379.0	282.0
60828	282015	396.0	286.0
60840	282015	416.0	290.0
60852	282015	441.0	295.0
60864	282015	471.0	301.0
60876	282015	509.0	310.0
60888	282015	557.0	320.0
60900	282015	622.0	335.0
60912	282015	715.0	355.0
60924	282015	855.0	386.0
60936	282015	999.0	436.0
60252	282040	336.0	255.0
60264	282040	341.6666666666667	257.6666666666667
60276	282040	347.0	257.0
60288	282040	357.0	259.0
60300	282040	367.0	259.0
60312	282040	378.0	261.0
60324	282040	387.0	262.0
60336	282040	396.0	263.0
60348	282040	404.0	265.0
60360	282040	413.0	265.0
60372	282040	423.0	266.0
60384	282040	432.0	267.0
60396	282040	444.0	268.0
60408	282040	457.0	270.0
60420	282040	472.0	271.0
60432	282040	488.0	273.0
60444	282040	508.0	275.0
60456	282040	530.0	277.0
60468	282040	555.0	280.0
60480	282040	588.0	285.0
60492	282040	626.0	290.0
60504	282040	675.0	297.0
60516	282040	736.0	305.0
60528	282040	817.0	316.0
60540	282040	932.0	332.0
60552	282040	1001.0	357.0
60384	282074	265.0	250.0
60396	282074	266.0	251.0
60408	282074	266.0	250.0
60420	282074	267.0	251.0
60432	282074	268.0	250.0
60444	282074	268.0	250.0
60456	282074	269.0	250.0
60468	282074	270.0	250.0
60480	282074	270.0	251.0
60492	282074	271.0	251.0
60504	282074	271.0	251.0
60516	282074	273.0	251.0
60528	282074	274.0	251.0
60540	282074	275.0	251.0
60552	282074	276.0	251.0
60564	282074	277.0	251.0
60576	282074	277.0	252.0
60588	282074	279.0	252.0
60600	282074	281.0	253.0
60612	282074	282.0	253.0
60624	282074	283.0	252.0
60636	282074	284.0	253.0
60480	282090	297.0	249.0
60492	282090	301.0	250.0
60504	282090	304.0	250.0
60516	282090	306.0	250.0
60528	282090	311.0	251.0
60540	282090	312.0	251.0
60552	282090	314.0	251.0
60564	282090	316.0	251.0
60576	282090	320.0	252.0
60588	282090	322.0	252.0
60600	282090	325.0	253.0
60612	282090	328.0	254.0
60624	282090	332.0	254.0
60636	282090	336.0	254.0
60648	282090	340.0	255.0
60660	282090	344.0	256.0
60672	282090	349.0	257.0
60684	282090	355.0	257.0
60696	282090	360.0	258.0
60708	282090	366.0	258.0
60720	282090	374.0	259.0
60732	282090	381.0	260.0
60744	282090	389.0	262.0
60756	282090	399.0	263.0
60768	282090	409.0	264.0
60780	282090	421.0	266.0
60792	282090	436.0	268.0
60804	282090	451.0	270.0
60816	282090	470.0	271.0
60828	282090	492.0	274.0
60840	282090	518.0	276.0
60852	282090	549.0	280.0
60864	282090	588.0	284.0
60876	282090	638.0	291.0
60888	282090	703.0	299.0
60900	282090	792.0	310.0
60912	282090	921.0	326.0
60924	282090	1009.0	359.0
60492	282092	200.0	248.0
60504	282092	206.0	250.0
60516	282092	212.0	250.0
60528	282092	216.0	250.0
60540	282092	222.0	252.0
60552	282092	228.0	251.0
60564	282092	231.0	252.0
60576	282092	234.0	251.0
60588	282092	237.0	252.0
60600	282092	241.0	251.0
60612	282092	243.0	252.0
60624	282092	245.0	252.0
60636	282092	247.0	252.0
60648	282092	247.0	252.0
60660	282092	247.0	252.0
60672	282092	249.0	252.0
60684	282092	249.0	253.0
60696	282092	250.0	253.0
60708	282092	250.0	253.0
60720	282092	251.0	253.0
60732	282092	252.0	253.0
60744	282092	253.0	254.0
60756	282092	254.0	254.0
60768	282092	254.0	254.0
60780	282092	255.0	254.0
60792	282092	257.0	255.0
60804	282092	260.0	256.0
60816	282092	261.0	256.0
60828	282092	263.0	256.0
60840	282092	266.0	256.0
60852	282092	269.0	257.0
60864	282092	272.0	257.0
60876	282092	276.0	258.0
60888	282092	280.0	258.0
60900	282092	284.0	259.0
60912	282092	289.0	260.0
60924	282092	294.0	260.0
60936	282092	300.0	261.0
60948	282092	305.0	262.0
60960	282092	313.0	263.0
60972	282092	321.0	264.0
60984	282092	330.0	265.0
60996	282092	339.0	266.0
61008	282092	347.0	267.0
61020	282092	358.0	268.0
61032	282092	371.0	270.0
61044	282092	385.0	272.0
61056	282092	400.0	274.0
61068	282092	420.0	276.0
61080	282092	442.0	277.0
61092	282092	467.0	280.0
61104	282092	497.0	283.0
61116	282092	535.0	288.0
61128	282092	581.0	293.0
61140	282092	647.0	299.0
61152	282092	729.0	308.0
61164	282092	829.0	320.0
61176	282092	961.0	337.0
61188	282092	1010.0	364.0
60756	282109	286.0	257.0
60768	282109	290.0	257.0
60780	282109	295.0	258.0
60792	282109	300.0	258.0
60804	282109	304.0	259.0
60816	282109	309.0	260.0
60828	282109	312.0	260.0
60840	282109	315.0	261.0
60852	282109	318.0	262.0
60864	282109	322.0	262.0
60876	282109	325.0	263.0
60888	282109	328.0	264.0
60900	282109	333.0	265.0
60912	282109	337.0	266.0
60924	282109	343.0	267.0
60936	282109	348.0	268.0
60948	282109	354.0	269.0
60960	282109	361.0	271.0
60972	282109	368.0	273.0
60984	282109	377.0	274.0
60996	282109	387.0	276.0
61008	282109	398.0	278.0
61020	282109	411.0	280.0
61032	282109	426.0	283.0
61044	282109	443.0	287.0
61056	282109	464.0	292.0
61068	282109	488.0	296.0
61080	282109	516.0	303.0
61092	282109	551.0	312.0
61104	282109	597.0	322.0
61116	282109	658.0	336.0
61128	282109	742.0	355.0
61140	282109	866.0	383.0
61152	282109	994.0	429.0
60876	282115	248.8	253.0
60888	282115	250.0	253.0
60900	282115	253.0	253.0
60912	282115	258.0	254.0
60924	282115	261.0	255.0
60936	282115	267.0	255.0
60948	282115	272.0	256.0
60960	282115	277.0	256.0
60972	282115	281.0	256.0
60984	282115	285.0	258.0
60996	282115	289.0	259.0
61008	282115	293.0	259.0
61020	282115	297.0	260.0
61032	282115	301.0	261.0
61044	282115	306.0	262.0
61056	282115	311.0	263.0
61068	282115	316.0	263.0
61080	282115	322.0	264.0
61092	282115	328.0	265.0
61104	282115	335.0	266.0
61116	282115	343.0	268.0
61128	282115	350.0	269.0
61140	282115	358.0	271.0
61152	282115	368.0	272.0
61164	282115	378.0	273.0
61176	282115	390.0	275.0
61188	282115	403.0	277.0
61200	282115	418.0	280.0
61212	282115	436.0	283.0
61224	282115	457.0	288.0
61236	282115	482.0	294.0
61248	282115	513.0	300.0
61260	282115	552.0	309.0
61272	282115	603.0	320.0
61284	282115	675.0	336.0
61296	282115	779.0	358.0
61308	282115	947.0	395.0
61320	282115	1032.0	465.0
61020	282136	270.0	251.0
61032	282136	271.0	251.0
61044	282136	274.0	250.0
61056	282136	276.0	251.0
61068	282136	276.0	251.0
61080	282136	278.0	250.0
61092	282136	279.0	251.0
61104	282136	280.0	252.0
61116	282136	281.0	252.0
61128	282136	283.0	252.0
61140	282136	283.0	251.0
61152	282136	285.0	252.0
61164	282136	287.0	252.0
61176	282136	288.0	253.0
61188	282136	290.0	253.0
61200	282136	292.0	253.0
61212	282136	294.0	254.0
61224	282136	296.0	254.0
61236	282136	297.0	254.0
61248	282136	299.0	255.0
61260	282136	302.0	255.0
61272	282136	304.0	256.0
61284	282136	306.0	256.0
61296	282136	309.0	257.0
61308	282136	311.0	257.0
61320	282136	314.0	257.0
61332	282136	317.0	258.0
61344	282136	320.0	259.0
61356	282136	323.0	259.0
61368	282136	327.0	260.0
61380	282136	331.0	261.0
61392	282136	336.0	262.0
61404	282136	340.0	262.0
61416	282136	344.0	264.0
61428	282136	351.0	265.0
61440	282136	357.0	266.0
61452	282136	365.0	268.0
61464	282136	373.0	269.0
61476	282136	382.0	271.0
61488	282136	393.0	273.0
61500	282136	404.0	274.0
61512	282136	417.0	276.0
61524	282136	432.0	279.0
61536	282136	451.0	283.0
61548	282136	472.0	287.0
61560	282136	498.0	292.0
61572	282136	530.0	298.0
61584	282136	569.0	307.0
61596	282136	623.0	319.0
61608	282136	693.0	334.0
61620	282136	794.0	351.0
61632	282136	951.0	381.0
61644	282136	1022.0	439.0
61644	282258	262.0	248.0
61656	282258	263.0	249.0
61668	282258	262.14285714285717	249.14285714285714
61680	282258	262.48571428571427	249.4857142857143
61692	282258	262.8285714285714	249.82857142857142
61704	282258	264.0	249.0
61716	282258	264.0	250.0
61728	282258	264.0	249.0
61740	282258	264.0	249.0
61752	282258	264.0	249.0
61764	282258	265.0	250.0
61776	282258	265.0	249.0
61788	282258	266.0	250.0
61800	282258	267.0	250.0
61812	282258	266.0	250.0
61824	282258	268.0	250.0
61836	282258	268.0	250.75
61848	282258	269.1666666666667	250.91666666666666
61860	282258	271.0	250.0
61872	282258	271.0	250.0
61884	282258	273.0	251.0
61896	282258	274.0	251.0
61908	282258	275.0	250.0
61920	282258	276.0	250.0
61932	282258	277.0	250.0
61944	282258	279.0	251.0
61956	282258	280.0	251.0
61968	282258	280.0	251.0
61980	282258	282.0	252.0
61992	282258	283.0	253.0
62004	282258	284.0	253.0
62016	282258	286.0	253.0
62028	282258	286.0	253.0
62040	282258	288.0	253.0
62052	282258	290.0	254.0
62064	282258	291.0	254.0
62076	282258	292.0	254.0
62088	282258	294.0	255.0
62100	282258	295.0	256.0
62112	282258	297.0	256.0
62124	282258	299.0	256.0
62136	282258	300.0	256.0
62148	282258	302.0	257.0
62160	282258	304.0	257.0
62172	282258	306.0	258.0
62184	282258	308.0	259.0
62196	282258	310.0	260.0
62208	282258	313.0	260.0
62220	282258	317.0	261.0
62232	282258	319.0	262.0
62244	282258	324.0	262.0
62256	282258	327.0	263.0
62268	282258	332.0	264.0
62280	282258	336.0	265.0
62292	282258	341.0	266.0
62304	282258	346.0	267.0
62316	282258	354.0	268.0
62328	282258	360.0	269.0
62340	282258	368.0	271.0
62352	282258	377.0	272.0
62364	282258	387.0	274.0
62376	282258	397.0	275.0
62388	282258	409.0	277.0
62400	282258	424.0	280.0
62412	282258	440.0	283.0
62424	282258	459.0	287.0
62436	282258	480.0	291.0
62448	282258	507.0	296.0
62460	282258	539.0	304.0
62472	282258	579.0	312.0
62484	282258	631.0	324.0
62496	282258	701.0	339.0
62508	282258	799.0	359.0
62520	282258	950.0	392.0
62532	282258	1018.0	447.0
61980	282286	547.0	249.0
61992	282286	549.0	249.0
62004	282286	551.0	249.0
62016	282286	552.0	250.0
62028	282286	553.0	249.0
62040	282286	555.0	248.0
62052	282286	557.0	248.0
62064	282286	559.0	248.0
62076	282286	562.0	248.0
62088	282286	565.0	246.0
62100	282286	566.0	246.0
62112	282286	568.0	245.0
62124	282286	571.0	244.0
62136	282286	575.75	243.9
62148	282286	578.0	243.0
62160	282286	580.0	243.0
62172	282286	583.0	242.0
62184	282286	588.0	241.0
62196	282286	591.0	240.0
62208	282286	593.0	240.0
62220	282286	597.0	239.0
62232	282286	599.0	238.0
62244	282286	602.0	238.0
62256	282286	604.0	237.0
62268	282286	608.0	235.0
62280	282286	610.8666666666667	235.0
62292	282286	613.0	234.0
62088	282300	274.0	252.0
62100	282300	274.0	251.0
62112	282300	276.0	252.0
62124	282300	277.0	252.0
62136	282300	278.0	253.0
62148	282300	278.0	252.0
62160	282300	278.0	252.0
62172	282300	279.0	253.0
62184	282300	282.0	253.0
62196	282300	283.0	253.0
62208	282300	285.0	253.0
62220	282300	286.0	254.0
62232	282300	288.0	254.0
62244	282300	289.0	255.0
62256	282300	289.0	255.0
62268	282300	293.0	256.0
62280	282300	294.0	256.0
62292	282300	296.0	257.0
62304	282300	297.0	257.0
62316	282300	300.0	258.0
62328	282300	301.0	258.0
62340	282300	303.0	259.0
62352	282300	305.0	260.0
62364	282300	308.0	260.0
62376	282300	311.0	261.0
62388	282300	314.0	262.0
62400	282300	318.0	262.0
62412	282300	321.0	263.0
62424	282300	326.0	264.0
62436	282300	330.0	265.0
62448	282300	334.0	266.0
62460	282300	341.0	268.0
62472	282300	346.0	268.0
62484	282300	354.0	270.0
62496	282300	361.0	272.0
62508	282300	369.0	274.0
62520	282300	379.0	274.0
62532	282300	391.0	276.0
62544	282300	403.0	279.0
62556	282300	419.0	281.0
62568	282300	436.0	284.0
62580	282300	457.0	289.0
62592	282300	481.0	294.0
62604	282300	510.0	300.0
62616	282300	546.0	308.0
62628	282300	593.0	318.0
62640	282300	655.0	332.0
62652	282300	739.0	350.0
62664	282300	865.0	378.0
62676	282300	995.0	424.0
62268	282321	304.0	251.0
62280	282321	304.61538461538464	249.53846153846155
62292	282321	307.0	250.0
62304	282321	310.0	250.0
62316	282321	314.0	251.0
62328	282321	317.0	252.0
62340	282321	319.0	252.0
62352	282321	321.0	252.0
62364	282321	324.0	253.0
62376	282321	327.0	253.0
62388	282321	330.0	253.0
62400	282321	334.0	253.0
62412	282321	337.0	254.0
62424	282321	342.0	255.0
62436	282321	345.0	254.0
62448	282321	350.0	255.0
62460	282321	355.0	255.0
62472	282321	360.0	257.0
62484	282321	365.0	257.0
62496	282321	371.0	258.0
62508	282321	379.0	259.0
62520	282321	385.0	259.0
62532	282321	394.0	260.0
62424	282332	297.0	250.0
62436	282332	299.0	250.0
62448	282332	303.0	251.0
62460	282332	306.0	251.0
62472	282332	307.0	251.0
62484	282332	310.0	251.0
62496	282332	313.0	252.0
62508	282332	315.0	252.0
62520	282332	318.0	253.0
62532	282332	320.0	253.0
62544	282332	322.0	252.0
62556	282332	326.0	253.0
62568	282332	329.0	254.0
62580	282332	332.0	254.0
62592	282332	336.0	253.0
62604	282332	339.0	254.0
62616	282332	344.0	255.0
62628	282332	348.0	255.0
62640	282332	353.0	256.0
62652	282332	358.0	257.0
62664	282332	364.0	258.0
62676	282332	370.0	258.0
62688	282332	377.0	259.0
62700	282332	385.0	260.0
62712	282332	393.0	261.0
62724	282332	402.0	262.0
62736	282332	412.0	264.0
62748	282332	424.0	265.0
62760	282332	437.0	267.0
62772	282332	452.0	268.0
62784	282332	469.0	270.0
62796	282332	489.0	272.0
62808	282332	512.0	274.0
62820	282332	540.0	278.0
62832	282332	571.0	281.0
62844	282332	610.0	286.0
62856	282332	661.0	292.0
62868	282332	725.0	300.0
62880	282332	811.0	311.0
62892	282332	932.0	327.0
62904	282332	1004.0	353.0
62484	282343	288.0	251.0
62496	282343	289.0	252.0
62508	282343	290.0	253.0
62520	282343	293.0	253.0
62532	282343	294.0	253.0
62544	282343	295.0	254.0
62556	282343	297.0	254.0
62568	282343	300.0	255.0
62580	282343	301.0	254.0
62592	282343	303.0	255.0
62604	282343	306.0	256.0
62616	282343	308.0	256.0
62628	282343	311.0	256.0
62640	282343	313.0	258.0
62652	282343	316.0	258.0
62664	282343	319.0	260.0
62676	282343	322.0	261.0
62688	282343	325.0	261.0
62700	282343	330.0	262.0
62712	282343	334.0	263.0
62724	282343	338.0	264.0
62736	282343	343.0	266.0
62748	282343	349.0	267.0
62760	282343	357.0	268.0
62772	282343	365.0	269.0
62784	282343	373.0	270.0
62796	282343	384.0	272.0
62808	282343	396.0	274.0
62820	282343	409.0	275.0
62832	282343	425.0	279.0
62844	282343	444.0	282.0
62856	282343	465.0	286.0
62868	282343	490.0	291.0
62880	282343	520.0	297.0
62892	282343	557.0	305.0
62904	282343	605.0	315.0
62916	282343	668.0	329.0
62928	282343	757.0	347.0
62940	282343	895.0	377.0
62952	282343	1007.0	428.0
62544	282352	273.0	249.0
62556	282352	274.84615384615387	249.46153846153845
62568	282352	276.6923076923077	249.92307692307693
62580	282352	279.0	251.0
62592	282352	280.0	251.0
62604	282352	281.0	251.0
62616	282352	281.0	250.0
62628	282352	282.0	252.0
62640	282352	285.0	252.0
62652	282352	287.0	253.0
62664	282352	288.0	251.0
62676	282352	289.0	253.0
62688	282352	291.0	254.0
62700	282352	294.0	254.0
62712	282352	296.0	255.0
62724	282352	298.0	255.0
62736	282352	299.0	256.0
62748	282352	301.0	257.0
62760	282352	304.0	257.0
62772	282352	305.0	257.0
62784	282352	308.0	258.0
62796	282352	310.0	258.0
62808	282352	313.0	259.0
62820	282352	315.0	260.0
62832	282352	320.0	261.0
62844	282352	322.0	261.0
62856	282352	326.0	261.0
62868	282352	331.0	263.0
62880	282352	335.0	264.0
62892	282352	341.0	265.0
62904	282352	346.0	266.0
62916	282352	353.0	267.0
62928	282352	360.0	268.0
62940	282352	366.0	270.0
62952	282352	374.0	271.0
62964	282352	382.0	272.0
62976	282352	392.0	274.0
62988	282352	403.0	276.0
63000	282352	415.0	279.0
63012	282352	430.0	282.0
63024	282352	446.0	286.0
63036	282352	466.0	290.0
63048	282352	489.0	295.0
63060	282352	518.0	302.0
63072	282352	553.0	309.0
63084	282352	599.0	320.0
63096	282352	659.0	333.0
63108	282352	742.0	352.0
63120	282352	866.0	380.0
63132	282352	994.0	423.0
62568	282355	269.0	242.0
62580	282355	270.0	245.0
62592	282355	271.0	248.0
62604	282355	270.0	245.28571428571428
62616	282355	271.0	245.0
62628	282355	272.0	249.0
62640	282355	272.0	247.0
62652	282355	272.0	249.0
62664	282355	273.0	250.0
62676	282355	273.0	250.0
62688	282355	274.0	250.0
62700	282355	276.0	250.0
62712	282355	275.0	250.0
62724	282355	277.0	250.0
62736	282355	276.0	249.0
62748	282355	278.0	251.0
62760	282355	281.0	252.0
62772	282355	282.0	252.0
62784	282355	281.0	252.0
62796	282355	283.0	253.0
62808	282355	284.0	253.0
62820	282355	287.0	253.0
62832	282355	287.0	253.0
62844	282355	289.0	253.0
62856	282355	290.0	254.0
62868	282355	291.0	253.0
62880	282355	292.0	254.0
62892	282355	293.0	255.0
62904	282355	295.0	255.0
62916	282355	296.0	256.0
62928	282355	297.0	256.0
62940	282355	297.0	256.0
62952	282355	300.0	257.0
62964	282355	302.0	257.0
62976	282355	305.0	258.0
62988	282355	308.0	259.0
63000	282355	310.0	260.0
63012	282355	312.0	261.0
63024	282355	316.0	261.0
63036	282355	319.0	262.0
63048	282355	324.0	262.0
63060	282355	328.0	264.0
63072	282355	332.0	264.0
63084	282355	336.0	265.0
63096	282355	341.0	266.0
63108	282355	346.0	267.0
63120	282355	352.0	269.0
63132	282355	357.0	269.0
63144	282355	367.0	271.0
63156	282355	373.0	272.0
63168	282355	381.0	274.0
63180	282355	392.0	275.0
63192	282355	406.0	277.0
63204	282355	420.0	280.0
63216	282355	432.0	283.0
63228	282355	453.0	287.0
63240	282355	473.0	291.0
63252	282355	495.0	295.0
63264	282355	521.0	302.0
63276	282355	553.0	309.0
63288	282355	594.0	318.0
63300	282355	649.0	332.0
63312	282355	724.0	348.0
63324	282355	827.0	371.0
63336	282355	966.0	409.0
63348	282355	999.0	472.0
63360	282355	1001.0	460.0
62748	282375	314.0	251.0
62760	282375	316.0	253.0
62772	282375	320.0	252.0
62784	282375	329.0	254.0
62796	282375	337.0	254.0
62808	282375	342.0	254.0
62820	282375	348.0	255.0
62832	282375	353.0	255.0
62844	282375	357.0	257.0
62856	282375	361.0	257.0
62868	282375	367.0	257.0
62880	282375	371.0	258.0
62892	282375	378.0	259.0
62904	282375	384.0	260.0
62916	282375	391.0	261.0
62928	282375	399.0	261.0
62940	282375	407.0	262.0
62952	282375	416.0	264.0
62964	282375	426.0	265.0
62976	282375	438.0	266.0
62988	282375	450.0	268.0
63000	282375	464.0	269.0
63012	282375	481.0	271.0
63024	282375	499.0	273.0
63036	282375	521.0	274.0
63048	282375	547.0	278.0
63060	282375	577.0	281.0
63072	282375	613.0	285.0
63084	282375	655.0	290.0
63096	282375	708.0	296.0
63108	282375	777.0	304.0
63120	282375	864.0	301.0
62880	282381	264.0	248.0
62892	282381	266.0	249.0
62904	282381	265.0	249.0
62916	282381	266.0	247.0
62928	282381	267.0	248.0
62940	282381	267.3	248.0
62952	282381	269.0	249.0
62964	282381	269.22222222222223	250.0
62976	282381	270.0	251.0
62988	282381	272.0	250.0
63000	282381	273.0	250.0
63012	282381	274.0	251.0
63024	282381	275.0	249.0
63036	282381	277.0	251.0
63048	282381	278.0	252.0
63060	282381	279.0	252.0
63072	282381	281.0	252.0
63084	282381	285.0	252.0
63096	282381	286.0	253.0
63108	282381	287.0	253.0
63120	282381	288.0	253.0
63132	282381	291.0	252.0
63144	282381	291.0	253.0
63156	282381	292.0	253.0
63168	282381	294.0	254.0
63180	282381	297.0	254.0
63192	282381	299.0	255.0
63204	282381	302.0	255.0
63216	282381	305.0	255.0
63228	282381	307.0	256.0
63240	282381	309.0	256.0
63252	282381	312.0	257.0
63264	282381	315.0	258.0
63276	282381	319.0	259.0
63288	282381	323.0	260.0
63300	282381	326.0	260.0
63312	282381	329.0	261.0
63324	282381	332.0	260.0
63336	282381	336.0	262.0
63348	282381	341.0	263.0
63360	282381	345.0	265.0
63372	282381	351.0	266.0
63384	282381	356.0	267.0
63396	282381	363.0	268.0
63408	282381	368.0	269.0
63420	282381	376.0	271.0
63432	282381	384.0	272.0
63444	282381	394.0	274.0
63456	282381	406.0	275.0
63468	282381	419.0	278.0
63480	282381	431.0	280.0
63492	282381	450.0	284.0
63504	282381	469.0	287.0
63516	282381	490.0	291.0
63528	282381	514.0	297.0
63540	282381	545.0	304.0
63552	282381	584.0	314.0
63564	282381	634.0	324.0
63576	282381	700.0	338.0
63588	282381	791.0	357.0
63600	282381	926.0	388.0
63612	282381	979.0	431.0
63624	282381	978.0	443.0
63636	282381	963.0	408.0
63648	282381	997.0	448.0
62928	282389	321.0	253.0
62940	282389	325.0	254.0
62952	282389	330.0	254.0
62964	282389	335.0	255.0
62976	282389	340.0	256.0
62988	282389	347.0	256.0
63000	282389	349.0	256.0
63012	282389	352.0	257.0
63024	282389	356.0	257.0
63036	282389	360.0	258.0
63048	282389	365.0	258.0
63060	282389	371.0	259.0
63072	282389	378.0	259.0
63084	282389	385.0	260.0
63096	282389	393.0	261.0
63108	282389	401.0	263.0
63120	282389	411.0	263.0
63132	282389	421.0	265.0
63144	282389	433.0	266.0
63156	282389	446.0	267.0
63168	282389	460.0	269.0
63180	282389	475.0	271.0
63192	282389	492.0	272.0
63204	282389	510.0	274.0
63216	282389	532.0	277.0
63228	282389	558.0	281.0
63240	282389	587.0	284.0
63252	282389	623.0	288.0
63264	282389	670.0	295.0
63276	282389	724.0	301.0
63288	282389	798.0	312.0
63300	282389	893.0	324.0
63312	282389	983.0	342.0
63000	282393	357.0	257.0
63012	282393	366.0	259.0
63024	282393	376.0	259.0
63036	282393	386.0	260.0
63048	282393	396.0	261.0
63060	282393	406.0	263.0
63072	282393	414.0	263.0
63084	282393	425.0	265.0
63096	282393	434.0	266.0
63108	282393	446.0	267.0
63120	282393	459.0	269.0
63132	282393	474.0	270.0
63144	282393	490.0	272.0
63156	282393	509.0	274.0
63168	282393	530.0	276.0
63180	282393	556.0	280.0
63192	282393	586.0	283.0
63204	282393	622.0	288.0
63216	282393	667.0	294.0
63228	282393	722.0	301.0
63240	282393	795.0	310.0
63252	282393	890.0	323.0
63264	282393	982.0	340.0
63132	282404	304.2857142857143	263.14285714285717
63144	282404	309.0	265.0
63156	282404	313.0	266.0
63168	282404	317.6666666666667	267.0
63180	282404	322.0	268.0
63192	282404	327.0	269.0
63204	282404	330.0	271.0
63216	282404	339.0	271.0
63228	282404	349.0	274.0
63240	282404	357.0	275.0
63252	282404	368.0	278.0
63264	282404	381.0	280.0
63276	282404	397.0	283.0
63288	282404	417.0	287.0
63300	282404	441.0	292.0
63312	282404	469.0	296.0
63324	282404	500.0	303.0
63336	282404	533.0	310.0
63348	282404	576.0	319.0
63360	282404	631.0	333.0
63372	282404	704.0	349.0
63384	282404	808.0	373.0
63396	282404	964.0	410.0
63408	282404	1028.0	476.0
63228	282420	329.0	267.0
63240	282420	334.0	268.0
63252	282420	341.0	269.0
63264	282420	349.0	271.0
63276	282420	358.0	272.0
63288	282420	369.0	273.0
63300	282420	382.0	275.0
63312	282420	396.0	277.0
63324	282420	412.0	280.0
63336	282420	429.0	283.0
63348	282420	449.0	286.0
63360	282420	468.0	290.0
63372	282420	489.0	295.0
63384	282420	515.0	301.0
63396	282420	546.0	309.0
63408	282420	586.0	318.0
63420	282420	639.0	330.0
63432	282420	708.0	346.0
63444	282420	807.0	368.0
63456	282420	955.0	402.0
63468	282420	1017.0	457.0
63240	282425	272.0	251.0
63252	282425	272.0	251.0
63264	282425	275.0	252.0
63276	282425	276.0	252.0
63288	282425	277.0	252.0
63300	282425	279.0	253.0
63312	282425	281.0	254.0
63324	282425	281.0	252.0
63336	282425	283.0	254.0
63348	282425	287.0	254.0
63360	282425	290.0	255.0
63372	282425	292.0	256.0
63384	282425	296.0	257.0
63396	282425	297.0	257.0
63408	282425	302.0	257.0
63420	282425	304.0	258.0
63432	282425	308.0	260.0
63444	282425	312.0	260.0
63456	282425	317.0	261.0
63468	282425	321.0	262.0
63480	282425	327.0	263.0
63492	282425	333.0	264.0
63504	282425	340.0	265.0
63516	282425	347.0	266.0
63528	282425	354.0	268.0
63540	282425	363.0	270.0
63552	282425	371.0	271.0
63564	282425	382.0	273.0
63576	282425	393.0	275.0
63588	282425	407.0	277.0
63600	282425	424.0	281.0
63612	282425	445.0	284.0
63624	282425	471.0	289.0
63636	282425	505.0	294.0
63648	282425	548.0	303.0
63660	282425	602.0	310.0
63672	282425	677.0	322.0
63684	282425	781.0	338.0
63696	282425	932.0	362.0
63708	282425	1019.0	405.0
63288	282440	263.0	248.0
63300	282440	263.0	249.0
63312	282440	262.0	248.0
63324	282440	262.0	248.0
63336	282440	263.0	249.0
63348	282440	263.0	249.0
63360	282440	265.0	248.0
63372	282440	266.0	250.0
63384	282440	266.0	249.0
63396	282440	267.0	249.0
63408	282440	267.0	250.0
63420	282440	267.0	250.0
63432	282440	268.0	250.0
63444	282440	267.5	250.0
63456	282440	270.0	249.0
63468	282440	271.0	250.0
63480	282440	273.0	251.0
63492	282440	273.0	251.0
63504	282440	274.0	250.0
63516	282440	274.0	251.0
63528	282440	274.0	250.0
63540	282440	275.0	250.0
63552	282440	277.0	250.0
63564	282440	278.0	250.0
63576	282440	278.0	250.0
63588	282440	278.0	251.0
63600	282440	279.0	252.0
63612	282440	279.0	252.0
63624	282440	281.0	253.0
63636	282440	282.0	253.0
63648	282440	282.5	253.0
63468	282491	291.0	248.0
63480	282491	294.0	249.0
63492	282491	292.0	248.0
63504	282491	295.0	249.0
63516	282491	296.0	249.0
63528	282491	299.5	250.0
63540	282491	299.0	250.0
63552	282491	299.0	249.0
63564	282491	302.0	250.0
63576	282491	304.0	251.0
63588	282491	305.0	250.0
63600	282491	306.0	251.0
63612	282491	310.0	251.0
63624	282491	311.0	251.0
63636	282491	313.0	251.0
63648	282491	317.0	252.0
63660	282491	318.0	252.0
63672	282491	321.0	253.0
63684	282491	323.0	252.0
63696	282491	325.0	253.0
63708	282491	327.0	254.0
63720	282491	329.0	253.0
63732	282491	331.0	254.0
63744	282491	332.0	255.0
63756	282491	331.0	255.0
63480	282492	253.0	251.0
63492	282492	252.0	252.0
63504	282492	251.0	252.0
63516	282492	251.0	253.0
63528	282492	252.0	253.0
63540	282492	254.0	253.0
63552	282492	257.0	252.0
63564	282492	260.0	253.0
63576	282492	261.0	254.0
63588	282492	261.0	254.0
63600	282492	262.0	254.0
63612	282492	263.0	255.0
63624	282492	264.0	255.0
63636	282492	268.0	256.0
63648	282492	270.0	256.0
63660	282492	273.5	256.0
63672	282492	278.42857142857144	256.0
63684	282492	283.0	256.0
63696	282492	284.0	257.0
63708	282492	288.0	258.0
63720	282492	293.0	260.0
63732	282492	297.0	260.0
63744	282492	301.0	260.0
63756	282492	304.0	261.0
63768	282492	309.0	261.0
63780	282492	314.0	262.0
63792	282492	318.0	263.0
63804	282492	323.0	264.0
63816	282492	326.0	265.0
63828	282492	330.0	266.0
63840	282492	332.0	267.0
63852	282492	337.0	268.0
63864	282492	344.0	269.0
63876	282492	351.0	271.0
63888	282492	358.0	272.0
63900	282492	366.0	274.0
63912	282492	373.0	276.0
63924	282492	382.0	277.0
63936	282492	393.0	280.0
63948	282492	405.0	283.0
63960	282492	420.0	287.0
63972	282492	437.0	291.0
63984	282492	460.0	297.0
63996	282492	486.0	303.0
64008	282492	520.0	311.0
64020	282492	564.0	321.0
64032	282492	623.0	336.0
64044	282492	702.0	354.0
64056	282492	820.0	382.0
64068	282492	978.0	427.0
63540	282497	312.0	251.0
63552	282497	322.0	251.0
63564	282497	326.0	252.0
63576	282497	331.0	253.0
63588	282497	333.0	254.0
63600	282497	336.0	254.0
63612	282497	342.0	255.0
63624	282497	344.0	256.0
63636	282497	347.0	256.0
63648	282497	352.0	257.0
63660	282497	358.0	257.0
63672	282497	362.0	258.0
63684	282497	367.0	259.0
63696	282497	373.0	259.0
63708	282497	379.0	259.0
63720	282497	386.0	260.0
63732	282497	392.0	261.0
63744	282497	400.0	262.0
63756	282497	409.0	263.0
63768	282497	418.0	264.0
63780	282497	428.0	265.0
63792	282497	439.0	266.0
63804	282497	451.0	267.0
63816	282497	465.0	270.0
63828	282497	481.0	271.0
63840	282497	499.0	273.0
63852	282497	520.0	274.0
63864	282497	542.0	277.0
63876	282497	570.0	281.0
63888	282497	603.0	284.0
63900	282497	642.0	289.0
63912	282497	691.0	295.0
63924	282497	752.0	302.0
63936	282497	833.0	312.0
63948	282497	941.0	326.0
63960	282497	994.0	345.0
63612	282502	370.0	261.0
63624	282502	384.0	263.0
63636	282502	399.0	264.0
63648	282502	408.0	265.0
63660	282502	417.0	266.0
63672	282502	427.0	267.0
63684	282502	437.0	269.0
63696	282502	448.0	270.0
63708	282502	462.0	272.0
63720	282502	477.0	273.0
63732	282502	495.0	275.0
63744	282502	515.0	277.0
63756	282502	539.0	281.0
63768	282502	568.0	284.0
63780	282502	603.0	288.0
63792	282502	644.0	293.0
63804	282502	697.0	300.0
63816	282502	763.0	308.0
63828	282502	849.0	320.0
63840	282502	961.0	334.0
63852	282502	1006.0	363.0
63672	282519	336.0	256.0
63684	282519	342.0	256.0
63696	282519	346.0	257.0
63708	282519	351.0	258.0
63720	282519	353.0	259.0
63732	282519	354.0	260.0
63744	282519	354.0	261.0
63756	282519	355.0	262.0
63768	282519	355.0	263.0
63780	282519	357.0	264.0
63792	282519	358.0	266.0
63804	282519	361.0	267.0
63816	282519	364.0	269.0
63828	282519	369.0	271.0
63840	282519	375.0	273.0
63852	282519	383.0	275.0
63864	282519	394.0	277.0
63876	282519	408.0	280.0
63888	282519	424.0	284.0
63900	282519	447.0	290.0
63912	282519	475.0	295.0
63924	282519	511.0	304.0
63936	282519	560.0	314.0
63948	282519	628.0	330.0
63960	282519	726.0	350.0
63972	282519	890.0	386.0
63984	282519	1024.0	453.0
63756	282543	277.0	249.5
63768	282543	277.0	251.0
63780	282543	276.2857142857143	250.42857142857142
63792	282543	275.0	250.0
63804	282543	276.0	250.0
63816	282543	277.0	250.72727272727272
63828	282543	279.0	250.0
63840	282543	277.5	251.5
63852	282543	277.0	252.0
63864	282543	277.0	251.42105263157896
63876	282543	277.0	252.0
63888	282543	282.0	252.0
63900	282543	283.0	253.0
63912	282543	284.0	254.0
63924	282543	285.0	254.0
63936	282543	286.0	254.0
63948	282543	288.0	254.0
63960	282543	289.0	255.0
63972	282543	291.0	256.0
63984	282543	293.0	256.0
63996	282543	294.0	256.0
64008	282543	297.0	255.0
64020	282543	299.0	256.0
64032	282543	301.0	258.0
64044	282543	304.0	259.0
64056	282543	308.0	260.0
64068	282543	310.0	261.0
64080	282543	313.0	262.0
64092	282543	317.0	263.0
64104	282543	321.0	264.0
64116	282543	325.0	264.0
64128	282543	331.0	265.0
64140	282543	336.0	266.0
64152	282543	342.0	268.0
64164	282543	347.0	269.0
64176	282543	354.0	269.0
64188	282543	361.0	271.0
64200	282543	368.0	272.0
64212	282543	376.0	273.0
64224	282543	385.0	275.0
64236	282543	395.0	277.0
64248	282543	406.0	279.0
64260	282543	417.0	281.0
64272	282543	431.0	285.0
64284	282543	448.0	288.0
64296	282543	466.0	294.0
64308	282543	491.0	301.0
64320	282543	519.0	308.0
64332	282543	558.0	318.0
64344	282543	608.0	330.0
64356	282543	676.0	348.0
64368	282543	773.0	371.0
64380	282543	926.0	407.0
64392	282543	1018.0	473.0
63792	282549	295.5	258.0
63804	282549	298.0	258.0
63816	282549	298.0	260.0
63828	282549	301.0	260.0
63840	282549	304.0	260.0
63852	282549	307.0	261.0
63864	282549	308.0	262.0
63876	282549	314.0	262.0
63888	282549	318.0	263.0
63900	282549	322.0	264.0
63912	282549	326.0	266.0
63924	282549	330.0	266.0
63936	282549	338.0	267.0
63948	282549	345.0	269.0
63960	282549	351.0	271.0
63972	282549	359.0	272.0
63984	282549	367.0	273.0
63996	282549	375.0	274.0
64008	282549	384.0	275.0
64020	282549	394.0	277.0
64032	282549	407.0	279.0
64044	282549	420.0	283.0
64056	282549	435.0	286.0
64068	282549	452.0	291.0
64080	282549	473.0	295.0
64092	282549	497.0	301.0
64104	282549	526.0	309.0
64116	282549	562.0	317.0
64128	282549	607.0	328.0
64140	282549	667.0	342.0
64152	282549	748.0	360.0
64164	282549	866.0	388.0
64176	282549	993.0	435.0
63972	282590	324.0	253.0
63984	282590	328.0	254.0
63996	282590	332.8333333333333	253.0
64008	282590	339.0	255.0
64020	282590	345.0	254.0
64032	282590	354.625	254.875
64044	282590	360.0	256.0
64056	282590	366.0	258.0
64068	282590	372.0	259.0
64080	282590	377.0	260.0
64092	282590	384.0	261.0
64104	282590	391.0	262.0
64116	282590	398.0	263.0
64128	282590	406.0	264.0
64140	282590	415.0	266.0
64152	282590	425.0	266.0
64164	282590	437.0	268.0
64176	282590	448.0	269.0
64188	282590	462.0	270.0
64200	282590	477.0	273.0
64212	282590	495.0	274.0
64224	282590	516.0	277.0
64236	282590	539.0	280.0
64248	282590	568.0	283.0
64260	282590	603.0	287.0
64272	282590	644.0	292.0
64284	282590	697.0	300.0
64296	282590	765.0	309.0
64308	282590	856.0	321.0
64320	282590	967.0	337.0
64032	282607	344.0	255.0
64044	282607	341.0	255.0
64056	282607	349.0	254.0
64068	282607	350.0	257.0
64080	282607	355.0	257.0
64092	282607	360.0	258.0
64104	282607	366.0	259.0
64116	282607	371.0	260.0
64128	282607	378.0	261.0
64140	282607	385.0	262.0
64152	282607	392.0	262.0
64164	282607	401.0	263.0
64176	282607	411.0	264.0
64188	282607	422.0	265.0
64200	282607	433.0	266.0
64212	282607	446.0	268.0
64224	282607	461.0	270.0
64236	282607	476.0	271.0
64248	282607	496.0	273.0
64260	282607	519.0	275.0
64272	282607	544.0	278.0
64284	282607	571.0	281.0
64296	282607	603.0	285.0
64308	282607	644.0	290.0
64320	282607	693.0	297.0
64332	282607	756.0	305.0
64344	282607	840.0	315.0
64356	282607	955.0	331.0
64068	282622	283.0	256.5
64080	282622	284.0	256.0
64092	282622	286.0	257.0
64104	282622	289.0	258.0
64116	282622	292.0	258.0
64128	282622	297.0	259.0
64140	282622	300.0	259.0
64152	282622	303.0	260.0
64164	282622	306.0	260.0
64176	282622	311.0	261.0
64188	282622	316.0	262.0
64200	282622	320.0	262.0
64212	282622	326.0	263.0
64224	282622	332.0	265.0
64236	282622	337.0	267.0
64248	282622	344.0	267.0
64260	282622	352.0	269.0
64272	282622	359.0	271.0
64284	282622	369.0	272.0
64296	282622	378.0	274.0
64308	282622	389.0	276.0
64320	282622	400.0	278.0
64332	282622	412.0	280.0
64344	282622	427.0	284.0
64356	282622	443.0	288.0
64368	282622	463.0	293.0
64380	282622	487.0	299.0
64392	282622	516.0	306.0
64404	282622	554.0	315.0
64416	282622	602.0	328.0
64428	282622	668.0	344.0
64440	282622	763.0	366.0
64452	282622	913.0	403.0
64464	282622	1017.0	466.0
64104	282630	275.0	253.0
64116	282630	278.0	253.0
64128	282630	281.0	255.0
64140	282630	284.0	255.0
64152	282630	284.0	256.0
64164	282630	287.0	256.0
64176	282630	291.0	257.0
64188	282630	292.0	257.0
64200	282630	296.0	258.0
64212	282630	307.0	259.0
64224	282630	309.0	259.0
64236	282630	313.0	261.0
64248	282630	317.0	261.0
64260	282630	322.0	262.0
64272	282630	326.3333333333333	262.0
64284	282630	331.0	263.0
64296	282630	337.0	266.0
64308	282630	343.0	267.0
64320	282630	350.0	269.0
64332	282630	360.0	271.0
64344	282630	367.0	273.0
64356	282630	376.0	274.0
64368	282630	387.0	275.0
64380	282630	399.0	277.0
64392	282630	413.0	280.0
64404	282630	429.0	283.0
64416	282630	448.0	287.0
64428	282630	471.0	292.0
64440	282630	497.0	299.0
64452	282630	531.0	306.0
64464	282630	573.0	316.0
64476	282630	631.0	329.0
64488	282630	708.0	347.0
64500	282630	825.0	373.0
64512	282630	979.0	417.0
64524	282630	1031.0	467.0
64224	282661	292.0	257.0
64236	282661	294.0	258.0
64248	282661	295.0	258.0
64260	282661	298.0	259.0
64272	282661	299.6	260.0
64284	282661	303.0	259.0
64296	282661	306.0	261.0
64308	282661	312.0	262.0
64320	282661	316.0	262.0
64332	282661	320.0	264.0
64344	282661	326.0	264.0
64356	282661	330.0	265.0
64368	282661	335.0	267.0
64380	282661	342.0	268.0
64392	282661	351.0	269.0
64404	282661	358.0	270.0
64416	282661	367.0	272.0
64428	282661	375.0	273.0
64440	282661	384.0	274.0
64452	282661	395.0	276.0
64464	282661	408.0	279.0
64476	282661	422.0	281.0
64488	282661	438.0	285.0
64500	282661	459.0	289.0
64512	282661	481.0	294.0
64524	282661	509.0	300.0
64536	282661	544.0	308.0
64548	282661	587.0	318.0
64560	282661	645.0	332.0
64572	282661	724.0	350.0
64584	282661	842.0	377.0
64596	282661	983.0	419.0
64260	282675	277.0	252.0
64272	282675	279.0	252.5
64284	282675	280.0	253.0
64296	282675	282.0	253.0
64308	282675	284.0	253.0
64320	282675	285.0	255.0
64332	282675	288.0	255.0
64344	282675	288.0	256.0
64356	282675	289.0	256.0
64368	282675	292.0	256.0
64380	282675	294.0	256.0
64392	282675	296.0	257.0
64404	282675	298.0	257.0
64416	282675	301.0	258.0
64428	282675	303.0	259.0
64440	282675	304.0	259.0
64452	282675	308.0	259.0
64464	282675	311.0	260.0
64476	282675	315.0	261.0
64488	282675	318.0	261.0
64500	282675	321.0	262.0
64512	282675	325.0	263.0
64524	282675	329.0	264.0
64536	282675	332.0	265.0
64548	282675	337.0	265.0
64560	282675	342.0	266.0
64572	282675	349.0	267.0
64584	282675	356.0	269.0
64596	282675	362.0	270.0
64608	282675	370.0	272.0
64620	282675	379.0	273.0
64632	282675	389.0	274.0
64644	282675	400.0	277.0
64656	282675	412.0	278.0
64668	282675	426.0	282.0
64680	282675	443.0	284.0
64692	282675	461.0	289.0
64704	282675	484.0	294.0
64716	282675	512.0	300.0
64728	282675	544.0	308.0
64740	282675	586.0	317.0
64752	282675	642.0	330.0
64764	282675	716.0	346.0
64776	282675	824.0	370.0
64788	282675	971.0	408.0
64800	282675	1026.0	465.0
64404	282751	322.0	253.0
64416	282751	325.0	253.0
64428	282751	326.0	253.0
64440	282751	330.0	253.0
64452	282751	332.0	254.0
64464	282751	336.0	254.0
64476	282751	337.0	254.0
64488	282751	340.0	255.0
64500	282751	344.0	256.0
64512	282751	349.0	256.0
64524	282751	353.0	256.0
64536	282751	357.0	257.0
64548	282751	363.0	257.0
64560	282751	367.0	258.0
64572	282751	373.0	259.0
64584	282751	378.0	260.0
64596	282751	385.0	260.0
64608	282751	393.0	262.0
64620	282751	400.0	263.0
64632	282751	409.0	264.0
64644	282751	419.0	265.0
64656	282751	428.0	267.0
64668	282751	440.0	268.0
64680	282751	453.0	269.0
64692	282751	465.0	270.0
64704	282751	476.0	254.0
64440	282763	344.0	258.0
64452	282763	349.0	259.0
64464	282763	359.0	260.0
64476	282763	367.0	259.0
64488	282763	377.0	261.0
64500	282763	386.0	262.0
64512	282763	396.0	263.0
64524	282763	405.0	264.0
64536	282763	414.0	266.0
64548	282763	425.0	266.0
64560	282763	437.0	268.0
64572	282763	451.0	269.0
64584	282763	467.0	271.0
64596	282763	485.0	273.0
64608	282763	506.0	275.0
64620	282763	531.0	278.0
64632	282763	560.0	281.0
64644	282763	595.0	285.0
64656	282763	640.0	291.0
64668	282763	693.0	298.0
64680	282763	764.0	307.0
64692	282763	858.0	318.0
64704	282763	973.0	335.0
64488	282785	293.0	255.0
64500	282785	295.0	255.0
64512	282785	296.0	255.0
64524	282785	298.0	256.0
64536	282785	302.0	257.0
64548	282785	304.0	257.0
64560	282785	307.0	258.0
64572	282785	309.0	259.0
64584	282785	312.0	260.0
64596	282785	316.0	261.0
64608	282785	318.0	261.0
64620	282785	322.0	262.0
64632	282785	325.0	263.0
64644	282785	330.0	264.0
64656	282785	333.0	265.0
64668	282785	338.0	266.0
64680	282785	344.0	267.0
64692	282785	350.0	268.0
64704	282785	355.0	269.0
64716	282785	363.0	271.0
64728	282785	370.0	272.0
64740	282785	379.0	274.0
64752	282785	389.0	275.0
64764	282785	400.0	277.0
64776	282785	412.0	279.0
64788	282785	427.0	283.0
64800	282785	443.0	286.0
64812	282785	461.0	291.0
64824	282785	484.0	296.0
64836	282785	512.0	302.0
64848	282785	547.0	312.0
64860	282785	590.0	322.0
64872	282785	648.0	336.0
64884	282785	727.5	354.5
64896	282785	844.0	381.0
64908	282785	982.0	426.0
64920	282785	1030.0	471.0
64488	282787	269.0	252.0
64500	282787	271.0	253.0
64512	282787	271.0	253.0
64524	282787	271.0	253.0
64536	282787	274.0	253.0
64548	282787	272.0	253.0
64560	282787	278.0	254.0
64572	282787	281.8	254.3
64584	282787	284.0	254.0
64596	282787	285.0	254.0
64608	282787	287.0	255.0
64620	282787	292.0	257.0
64632	282787	295.0	257.0
64644	282787	296.0	257.0
64656	282787	299.0	257.0
64668	282787	301.0	258.0
64680	282787	304.0	259.0
64692	282787	308.0	259.0
64704	282787	311.0	260.0
64716	282787	315.0	261.0
64728	282787	318.0	261.0
64740	282787	324.0	262.0
64752	282787	329.0	264.0
64764	282787	334.0	265.0
64776	282787	340.0	266.0
64788	282787	345.0	267.0
64800	282787	352.0	269.0
64812	282787	359.0	270.0
64824	282787	368.0	272.0
64836	282787	377.0	273.0
64848	282787	388.0	275.0
64860	282787	400.0	276.0
64872	282787	413.0	279.0
64884	282787	429.0	282.0
64896	282787	447.0	286.0
64908	282787	468.0	291.0
64920	282787	493.0	297.0
64932	282787	523.0	304.0
64944	282787	558.0	311.0
64956	282787	606.0	321.0
64968	282787	668.0	336.0
64980	282787	756.0	355.0
64992	282787	885.0	384.0
65004	282787	1000.0	432.0
64584	282814	271.0	252.0
64596	282814	272.5	252.0
64608	282814	273.0	252.0
64620	282814	275.0	253.0
64632	282814	276.0	253.0
64644	282814	277.0	254.0
64656	282814	279.0	254.0
64668	282814	282.0	255.0
64680	282814	284.0	255.0
64692	282814	288.0	256.0
64704	282814	289.0	256.0
64716	282814	292.0	257.0
64728	282814	294.0	257.0
64740	282814	296.0	258.0
64752	282814	298.0	258.0
64764	282814	300.0	258.0
64776	282814	304.0	260.0
64788	282814	309.0	260.0
64800	282814	313.0	262.0
64812	282814	317.0	261.0
64824	282814	322.0	262.0
64836	282814	328.0	264.0
64848	282814	334.0	265.0
64860	282814	341.0	266.0
64872	282814	347.0	267.0
64884	282814	354.0	269.0
64896	282814	361.0	271.0
64908	282814	369.0	273.0
64920	282814	378.0	274.0
64932	282814	388.0	276.0
64944	282814	399.0	278.0
64956	282814	412.0	280.0
64968	282814	427.0	283.0
64980	282814	444.0	287.0
64992	282814	464.0	292.0
65004	282814	487.0	298.0
65016	282814	515.0	306.0
65028	282814	550.0	314.0
65040	282814	595.0	325.0
65052	282814	656.0	340.0
65064	282814	743.0	361.0
65076	282814	877.0	394.0
65088	282814	1001.0	449.0
64704	282832	283.0	253.0
64716	282832	278.0	253.0
64728	282832	279.0	253.0
64740	282832	280.0	253.0
64752	282832	281.0	253.0
64764	282832	284.0	253.0
64776	282832	287.0	254.0
64788	282832	287.0	255.0
64800	282832	292.0	255.0
64812	282832	292.0	255.0
64824	282832	295.0	256.0
64836	282832	297.0	256.0
64848	282832	300.0	257.0
64860	282832	302.0	257.0
64872	282832	305.0	258.0
64884	282832	309.0	260.0
64896	282832	311.0	260.0
64908	282832	315.0	262.0
64920	282832	318.0	262.0
64932	282832	322.0	263.0
64944	282832	325.0	264.0
64956	282832	330.0	264.0
64968	282832	334.0	266.0
64980	282832	340.0	267.0
64992	282832	346.0	268.0
65004	282832	352.0	269.0
65016	282832	359.0	270.0
65028	282832	368.0	271.0
65040	282832	375.0	273.0
65052	282832	386.0	274.0
65064	282832	397.0	276.0
65076	282832	410.0	278.0
65088	282832	424.0	281.0
65100	282832	440.0	285.0
65112	282832	459.0	289.0
65124	282832	482.0	293.0
65136	282832	508.0	298.0
65148	282832	542.0	305.0
65160	282832	583.0	313.0
65172	282832	636.0	325.0
65184	282832	709.0	340.0
65196	282832	810.0	360.0
65208	282832	960.0	394.0
65220	282832	1028.0	460.0
65040	282959	256.0	246.0
65052	282959	257.0	246.0
65064	282959	256.0	247.0
65076	282959	257.0	246.0
65088	282959	256.0	247.0
65100	282959	257.0	247.0
65112	282959	257.5	246.0
65124	282959	257.0	247.0
65136	282959	257.0	246.0
65148	282959	259.0	247.0
65160	282959	259.0	246.0
65172	282959	259.0	247.0
65184	282959	259.0	247.0
65196	282959	259.0	246.0
65208	282959	260.0	246.0
65220	282959	260.0	247.0
65232	282959	260.0	247.0
65244	282959	260.0	247.0
65256	282959	261.0	247.0
65268	282959	261.0	247.0
65280	282959	262.0	247.0
65292	282959	262.0	248.0
65304	282959	263.0	248.0
65316	282959	263.0	249.0
65328	282959	264.0	249.0
65340	282959	264.25	249.0
65352	282959	265.75	249.0
65364	282959	266.0	249.0
65376	282959	266.0	250.0
65388	282959	268.0	249.0
65400	282959	268.0	249.0
65412	282959	269.0	249.0
65424	282959	271.0	249.0
65436	282959	272.0	249.0
65448	282959	274.0	250.0
65460	282959	275.0	250.0
65472	282959	276.0	250.0
65484	282959	278.0	251.0
65496	282959	280.0	251.0
65508	282959	282.0	251.0
65520	282959	283.0	250.0
65532	282959	285.0	251.0
65544	282959	287.0	251.0
65556	282959	289.0	251.0
65568	282959	292.0	251.0
65580	282959	294.0	252.0
65592	282959	295.0	252.0
65604	282959	298.0	252.0
65616	282959	300.0	251.0
65628	282959	303.0	251.0
65640	282959	306.0	252.0
65652	282959	309.0	252.0
65664	282959	311.0	252.0
65676	282959	313.0	252.0
65688	282959	316.0	252.0
65700	282959	319.0	252.0
65712	282959	322.0	252.0
65724	282959	325.0	252.0
65736	282959	328.0	253.0
65748	282959	331.0	254.0
65760	282959	334.0	254.0
65772	282959	338.0	254.0
65784	282959	342.0	255.0
65796	282959	345.0	256.0
65808	282959	350.0	255.0
65820	282959	356.0	256.0
65832	282959	360.0	256.0
65844	282959	364.0	257.0
65856	282959	370.0	257.0
65868	282959	377.0	257.0
65880	282959	382.0	258.0
65892	282959	390.0	259.0
65904	282959	397.0	260.0
65916	282959	405.0	261.0
65928	282959	413.0	262.0
65940	282959	422.0	263.0
65952	282959	433.0	265.0
65964	282959	441.0	254.0
65976	282959	456.0	251.0
65988	282959	471.0	249.0
66000	282959	483.0	248.0
66012	282959	507.0	262.0
66024	282959	530.0	274.0
66036	282959	553.0	278.0
66048	282959	581.0	280.0
66060	282959	621.0	283.0
66072	282959	667.0	289.0
66084	282959	720.0	295.0
66096	282959	786.0	301.0
66108	282959	874.0	312.0
66120	282959	970.0	325.0
66132	282959	1002.0	346.0
65220	283013	201.0	251.0
65232	283013	206.0	250.0
65244	283013	212.0	252.0
65256	283013	216.0	253.0
65268	283013	220.0	253.0
65280	283013	224.0	254.0
65292	283013	227.0	253.0
65304	283013	230.0	254.0
65316	283013	231.0	255.0
65328	283013	235.0	254.0
65340	283013	238.0	254.0
65352	283013	240.0	254.0
65364	283013	241.28571428571428	253.0
65376	283013	243.0	253.0
65388	283013	245.0	253.0
65400	283013	245.72727272727272	253.0
65412	283013	247.0	253.0
65424	283013	249.75	252.3125
65436	283013	251.0	252.0
65448	283013	250.0	253.0
65460	283013	251.0	254.0
65472	283013	250.0	254.0
65484	283013	250.0	254.0
65496	283013	251.0	254.0
65508	283013	252.0	255.0
65520	283013	253.0	254.0
65532	283013	252.0	254.0
65544	283013	253.0	255.0
65556	283013	252.0	255.0
65568	283013	254.0	256.0
65580	283013	256.0	256.0
65592	283013	257.0	257.0
65604	283013	257.0	257.0
65616	283013	259.0	256.0
65628	283013	260.0	257.0
65640	283013	261.0	257.0
65652	283013	264.0	257.0
65664	283013	265.0	256.0
65676	283013	268.0	257.0
65688	283013	270.0	257.0
65700	283013	273.0	258.0
65712	283013	275.0	259.0
65724	283013	279.0	259.0
65736	283013	283.0	259.0
65748	283013	287.0	260.0
65760	283013	291.0	260.0
65772	283013	296.0	261.0
65784	283013	300.0	262.0
65796	283013	305.0	263.0
65808	283013	311.0	264.0
65820	283013	316.0	265.0
65832	283013	323.0	266.0
65844	283013	329.0	266.0
65856	283013	338.0	268.0
65868	283013	346.0	269.0
65880	283013	354.0	271.0
65892	283013	364.0	273.0
65904	283013	375.0	274.0
65916	283013	386.0	275.0
65928	283013	398.0	277.0
65940	283013	412.0	280.0
65952	283013	427.0	283.0
65964	283013	444.0	286.0
65976	283013	464.0	290.0
65988	283013	487.0	295.0
66000	283013	515.0	301.0
66012	283013	547.0	308.0
66024	283013	587.0	317.0
66036	283013	640.0	329.0
66048	283013	708.0	344.0
66060	283013	805.0	366.0
66072	283013	950.0	399.0
66084	283013	1018.0	455.0
65832	283072	290.0	248.0
65844	283072	293.0	250.0
65856	283072	294.0	250.0
65868	283072	296.0	250.0
65880	283072	297.0	250.0
65892	283072	298.0	250.0
65904	283072	300.0	251.0
65916	283072	302.0	251.0
65928	283072	304.0	252.0
65940	283072	306.0	251.0
65952	283072	309.0	252.0
65964	283072	310.0	251.0
65976	283072	313.0	252.0
65988	283072	316.0	252.0
66000	283072	318.0	253.0
66012	283072	320.0	252.0
66024	283072	322.0	253.0
66036	283072	325.0	253.0
66048	283072	328.0	253.0
66060	283072	331.0	254.0
66072	283072	333.0	254.0
66084	283072	336.0	254.0
66096	283072	339.0	255.0
66108	283072	342.0	256.0
66120	283072	346.0	256.0
66132	283072	350.0	256.0
66144	283072	354.0	257.0
66156	283072	358.0	258.0
66168	283072	362.0	258.0
66180	283072	368.0	260.0
66192	283072	373.0	260.0
66204	283072	380.0	261.0
66216	283072	386.0	261.0
66228	283072	393.0	263.0
66240	283072	401.0	264.0
66252	283072	410.0	266.0
66264	283072	419.0	266.0
66276	283072	431.0	268.0
66288	283072	443.0	269.0
66300	283072	457.0	271.0
66312	283072	473.0	273.0
66324	283072	490.0	274.0
66336	283072	511.0	277.0
66348	283072	537.0	281.0
66360	283072	567.0	284.0
66372	283072	603.0	289.0
66384	283072	650.0	295.0
66396	283072	709.0	302.0
66408	283072	788.0	309.0
65832	283073	274.0	250.0
65844	283073	274.0	250.0
65856	283073	275.0	250.0
65868	283073	275.0	250.0
65880	283073	276.0	250.0
65892	283073	277.0	250.0
65904	283073	278.0	250.0
65916	283073	280.0	251.0
65928	283073	280.0	252.0
65940	283073	281.0	252.0
65952	283073	282.0	253.0
65964	283073	283.0	253.0
65976	283073	283.0	253.0
65988	283073	286.0	253.0
66000	283073	287.0	253.0
66012	283073	288.0	253.0
66024	283073	290.0	254.0
66036	283073	291.0	254.0
66048	283073	293.0	255.0
66060	283073	296.0	255.0
66072	283073	297.0	256.0
66084	283073	300.0	256.0
66096	283073	302.0	256.0
66108	283073	305.0	257.0
66120	283073	307.0	258.0
66132	283073	310.0	259.0
66144	283073	314.0	260.0
66156	283073	318.0	261.0
66168	283073	322.0	262.0
66180	283073	325.0	262.0
66192	283073	330.0	263.0
66204	283073	335.0	265.0
66216	283073	340.0	266.0
66228	283073	346.0	267.0
66240	283073	353.0	268.0
66252	283073	361.0	270.0
66264	283073	368.0	273.0
66276	283073	377.0	273.0
66288	283073	388.0	275.0
66300	283073	400.0	277.0
66312	283073	414.0	280.0
66324	283073	432.0	285.0
66336	283073	451.0	288.0
66348	283073	477.0	294.0
66360	283073	507.0	301.0
66372	283073	546.0	310.0
66384	283073	596.0	322.0
66396	283073	666.0	339.0
66408	283073	769.0	363.0
66420	283073	941.0	403.0
66432	283073	1035.0	479.0
66120	283113	262.0	250.0
66132	283113	263.0	250.0
66144	283113	262.0	250.0
66156	283113	263.0	250.0
66168	283113	264.0	250.0
66180	283113	264.8181818181818	250.0
66192	283113	265.0	250.0
66204	283113	266.0	251.0
66216	283113	266.0	252.0
66228	283113	268.0	252.0
66240	283113	269.0	251.0
66252	283113	270.5	250.5
66264	283113	273.0	249.0
66276	283113	274.0	250.0
66288	283113	275.0	250.0
66300	283113	277.0	250.0
66312	283113	279.0	250.0
66324	283113	281.0	250.0
66336	283113	283.6	251.0
66348	283113	286.0	251.0
66360	283113	288.57142857142856	250.0
66372	283113	291.0	249.5
66384	283113	292.85714285714283	250.0
66396	283113	297.0	250.0
66408	283113	300.0	251.0
66420	283113	302.0	252.0
66432	283113	306.0	252.0
66444	283113	308.0	251.0
66456	283113	311.0	252.0
66468	283113	311.0	252.0
66480	283113	313.0	252.0
66492	283113	315.0	252.0
66504	283113	319.0	252.0
66516	283113	321.0	253.0
66528	283113	323.0	252.0
66540	283113	326.0	254.0
66552	283113	329.0	253.0
66564	283113	333.0	254.0
66576	283113	338.0	255.0
66588	283113	340.0	255.0
66600	283113	345.0	256.0
66612	283113	351.0	257.0
66624	283113	354.0	258.0
66636	283113	363.0	259.0
66648	283113	368.0	260.0
66660	283113	373.0	260.0
66672	283113	380.0	261.0
66684	283113	385.0	262.0
66696	283113	393.0	263.0
66708	283113	401.0	264.0
66720	283113	410.0	265.0
66732	283113	421.0	265.0
66744	283113	432.0	267.0
66756	283113	445.0	268.0
66768	283113	459.0	270.0
66780	283113	477.0	271.0
66792	283113	496.0	274.0
66132	283119	195.0	247.0
66144	283119	199.0	248.0
66156	283119	206.0	249.0
66168	283119	211.0	250.0
66180	283119	215.0	251.0
66192	283119	220.0	252.0
66204	283119	225.0	251.0
66216	283119	229.0	252.0
66228	283119	232.0	251.0
66240	283119	237.0	252.0
66252	283119	241.0	252.0
66264	283119	244.0	252.0
66276	283119	247.0	252.0
66288	283119	249.0	251.0
66300	283119	251.0	251.0
66312	283119	253.0	251.0
66324	283119	254.0	252.0
66336	283119	254.0	252.0
66348	283119	255.0	253.0
66360	283119	254.0	253.0
66372	283119	255.0	253.0
66384	283119	255.0	254.0
66396	283119	255.0	254.0
66408	283119	256.0	254.0
66420	283119	257.0	254.0
66432	283119	256.0	254.0
66444	283119	257.0	255.0
66456	283119	258.0	255.0
66468	283119	260.0	255.0
66480	283119	261.0	256.0
66492	283119	262.0	256.0
66504	283119	264.0	256.0
66516	283119	266.0	257.0
66528	283119	268.0	258.0
66540	283119	271.0	258.0
66552	283119	274.0	259.0
66564	283119	277.0	259.0
66576	283119	281.0	260.0
66588	283119	285.0	260.0
66600	283119	290.0	262.0
66612	283119	294.0	262.0
66624	283119	299.0	262.0
66636	283119	305.0	263.0
66648	283119	312.0	265.0
66660	283119	319.0	266.0
66672	283119	327.0	267.0
66684	283119	336.0	269.0
66696	283119	346.0	270.0
66708	283119	356.0	272.0
66720	283119	368.0	273.0
66732	283119	382.0	275.0
66744	283119	396.0	277.0
66756	283119	414.0	280.0
66768	283119	434.0	284.0
66780	283119	456.0	288.0
66792	283119	484.0	294.0
66804	283119	517.0	302.0
66816	283119	557.0	310.0
66828	283119	612.0	323.0
66840	283119	688.0	338.0
66852	283119	801.0	361.0
66864	283119	967.0	402.0
66876	283119	1033.0	466.0
66156	283124	291.0	248.0
66168	283124	292.0	248.0
66180	283124	294.0	250.0
66192	283124	296.0	250.0
66204	283124	298.0	250.0
66216	283124	300.0	250.0
66228	283124	302.0	252.0
66240	283124	303.0	251.0
66252	283124	304.0	251.0
66264	283124	306.0	251.0
66276	283124	307.0	251.0
66288	283124	310.0	250.0
66300	283124	312.0	251.0
66312	283124	314.0	251.0
66324	283124	316.0	252.0
66336	283124	317.0	252.0
66348	283124	319.0	253.0
66360	283124	322.0	253.0
66372	283124	323.0	253.0
66384	283124	326.0	254.0
66396	283124	329.0	254.0
66408	283124	332.0	255.0
66420	283124	335.0	256.0
66432	283124	338.0	256.0
66444	283124	341.0	256.0
66456	283124	345.0	256.0
66468	283124	348.0	256.0
66480	283124	353.0	257.0
66492	283124	357.0	257.0
66504	283124	362.0	258.0
66516	283124	368.0	259.0
66528	283124	374.0	260.0
66540	283124	380.0	261.0
66552	283124	387.0	262.0
66564	283124	394.0	262.0
66576	283124	403.0	264.0
66588	283124	412.0	265.0
66600	283124	422.0	266.0
66612	283124	432.0	267.0
66624	283124	445.0	269.0
66636	283124	459.0	271.0
66648	283124	475.0	272.0
66660	283124	494.0	274.0
66672	283124	515.0	277.0
66684	283124	541.0	280.0
66696	283124	570.0	283.0
66708	283124	605.0	287.0
66720	283124	650.0	294.0
66732	283124	705.0	301.0
66744	283124	778.0	310.0
66756	283124	874.0	322.0
66768	283124	978.0	340.0
66480	283184	331.0	253.0
66492	283184	334.0	254.0
66504	283184	336.0	253.0
66516	283184	338.11764705882354	253.11764705882354
66528	283184	338.8235294117647	253.8235294117647
66540	283184	341.0	254.0
66552	283184	342.7692307692308	254.30769230769232
66564	283184	348.0	256.0
66576	283184	353.0	254.0
66588	283184	359.0	257.0
66600	283184	365.0	258.0
66612	283184	371.0	257.0
66624	283184	377.0	259.0
66636	283184	385.0	258.0
66648	283184	392.0	260.0
66660	283184	401.0	262.0
66672	283184	409.0	263.0
66684	283184	419.0	264.0
66696	283184	430.0	265.0
66708	283184	442.0	267.0
66720	283184	457.0	268.0
66732	283184	473.0	270.0
66744	283184	490.0	271.0
66756	283184	509.0	273.0
66768	283184	531.0	276.0
66780	283184	557.0	279.0
66792	283184	585.0	282.0
66804	283184	619.0	286.0
66816	283184	663.0	292.0
66828	283184	715.0	298.0
66840	283184	782.0	305.0
66852	283184	876.0	315.0
66528	283188	346.0	256.0
66540	283188	353.0	257.0
66552	283188	359.0	257.0
66564	283188	364.0	258.0
66576	283188	371.0	260.0
66588	283188	379.0	260.0
66600	283188	386.0	261.0
66612	283188	395.0	263.0
66624	283188	403.0	263.0
66636	283188	413.0	264.0
66648	283188	425.0	266.0
66660	283188	438.0	267.0
66672	283188	452.0	268.0
66684	283188	466.0	270.0
66696	283188	482.0	272.0
66708	283188	499.0	274.0
66720	283188	519.0	276.0
66732	283188	542.0	278.0
66744	283188	570.0	282.0
66756	283188	602.0	286.0
66768	283188	643.0	292.0
66780	283188	693.0	298.0
66792	283188	756.0	306.0
66804	283188	840.0	318.0
66816	283188	955.0	332.0
66828	283188	1002.0	357.0
66612	283198	260.0	248.0
66624	283198	261.0	249.0
66636	283198	262.0	248.0
66648	283198	262.0	248.0
66660	283198	262.0	249.0
66672	283198	263.0	250.0
66684	283198	265.0	251.0
66696	283198	264.0	251.0
66708	283198	265.0	250.0
66720	283198	266.0	250.0
66732	283198	266.0	250.0
66744	283198	267.0	250.0
66756	283198	269.0	251.0
66768	283198	267.0	250.0
66780	283198	269.0	251.0
66792	283198	271.0	251.0
66804	283198	271.0	251.0
66816	283198	273.0	251.0
66828	283198	273.0	252.0
66840	283198	275.0	252.0
66852	283198	275.0	252.0
66864	283198	276.0	253.0
66876	283198	278.0	253.0
66888	283198	278.0	253.0
66900	283198	279.0	253.0
66912	283198	282.0	254.0
66924	283198	283.0	254.0
66936	283198	284.0	254.0
66948	283198	284.0	253.0
66960	283198	285.0	254.0
66972	283198	287.0	255.0
66984	283198	288.0	255.0
66996	283198	289.0	256.0
67008	283198	291.0	256.0
67020	283198	293.0	256.0
67032	283198	294.0	257.0
67044	283198	295.0	257.0
67056	283198	298.0	257.0
67068	283198	300.0	258.0
67080	283198	302.0	259.0
67092	283198	305.0	260.0
67104	283198	308.0	260.0
67116	283198	311.0	261.0
67128	283198	314.0	262.0
67140	283198	319.0	263.0
67152	283198	322.0	264.0
67164	283198	326.0	265.0
67176	283198	333.0	267.0
67188	283198	338.0	268.0
67200	283198	343.0	269.0
67212	283198	349.0	271.0
67224	283198	357.0	272.0
67236	283198	364.0	273.0
67248	283198	373.0	274.0
67260	283198	383.0	276.0
67272	283198	394.0	279.0
67284	283198	407.0	282.0
67296	283198	422.0	286.0
67308	283198	439.0	289.0
67320	283198	460.0	294.0
67332	283198	486.0	301.0
67344	283198	517.0	309.0
67356	283198	557.0	318.0
67368	283198	611.0	332.0
67380	283198	687.0	350.0
67392	283198	791.0	376.0
67404	283198	958.0	419.0
67416	283198	1037.0	505.0
66696	283204	295.0	248.0
66708	283204	298.0	248.0
66720	283204	298.0	249.0
66732	283204	299.0	249.0
66744	283204	300.0	249.0
66756	283204	302.0	250.0
66768	283204	304.0	249.0
66780	283204	305.0	250.0
66792	283204	307.0	249.0
66804	283204	310.0	249.0
66816	283204	311.0	249.0
66828	283204	312.0	250.0
66840	283204	314.0	251.0
66852	283204	316.0	251.0
66864	283204	317.0	251.0
66876	283204	319.0	251.0
66888	283204	320.8	251.0
66900	283204	324.0	252.0
66912	283204	326.0	252.0
66924	283204	327.0	252.0
66936	283204	329.0	252.0
66948	283204	332.0	253.0
66960	283204	335.0	253.0
66972	283204	337.0	254.0
66984	283204	340.0	254.0
66996	283204	343.0	256.0
67008	283204	346.0	255.0
67020	283204	350.0	255.0
67032	283204	354.0	256.0
67044	283204	358.0	257.0
67056	283204	362.0	257.0
67068	283204	368.0	258.0
67080	283204	373.0	259.0
67092	283204	378.0	260.0
67104	283204	384.0	261.0
67116	283204	391.0	261.0
67128	283204	398.0	262.0
67140	283204	406.0	263.0
67152	283204	415.0	265.0
67164	283204	425.0	266.0
67176	283204	435.0	267.0
67188	283204	448.0	269.0
67200	283204	461.0	271.0
67212	283204	476.0	272.0
67224	283204	494.0	274.0
67236	283204	513.0	276.0
67248	283204	536.0	279.0
67260	283204	564.0	282.0
67272	283204	596.0	286.0
67284	283204	636.0	291.0
67296	283204	685.0	298.0
67308	283204	748.0	306.0
67320	283204	831.0	317.0
67332	283204	947.0	332.0
67344	283204	1004.0	356.0
66768	283218	289.0	248.0
66780	283218	290.0	248.0
66792	283218	291.0	248.0
66804	283218	292.1818181818182	249.0
66816	283218	294.3636363636364	249.0
66828	283218	296.0	250.0
66840	283218	297.0	249.0
66852	283218	299.0	249.0
66864	283218	300.0	250.0
66876	283218	303.0	251.0
66888	283218	304.0	250.0
66900	283218	307.0	251.0
66912	283218	308.0	251.0
66924	283218	309.0	251.0
66936	283218	310.0	251.0
66948	283218	313.0	251.0
66960	283218	314.0	250.0
66972	283218	315.0	251.0
66984	283218	318.0	251.0
66996	283218	320.0	252.0
67008	283218	322.0	252.0
67020	283218	326.0	252.0
67032	283218	327.0	252.0
67044	283218	330.0	253.0
67056	283218	334.0	253.0
67068	283218	337.0	253.0
67080	283218	341.0	254.0
67092	283218	344.0	255.0
67104	283218	350.0	255.0
67116	283218	354.0	255.0
67128	283218	358.0	257.0
67140	283218	363.0	257.0
67152	283218	368.0	258.0
67164	283218	374.0	259.0
67176	283218	380.0	259.0
67188	283218	385.0	260.0
67200	283218	392.0	261.0
67212	283218	399.0	262.0
67224	283218	407.0	262.0
67236	283218	416.0	263.0
67248	283218	425.0	264.0
67260	283218	436.0	266.0
67272	283218	448.0	267.0
67284	283218	460.0	269.0
67296	283218	475.0	270.0
67308	283218	491.0	272.0
67320	283218	510.0	273.0
67332	283218	531.0	276.0
67344	283218	556.0	278.0
67356	283218	585.0	282.0
67368	283218	618.0	286.0
67380	283218	654.4285714285714	273.42857142857144
67392	283218	688.1428571428571	271.14285714285717
67404	283218	762.0	304.0
67416	283218	851.0	317.0
67428	283218	965.0	331.0
67440	283218	1004.0	358.0
66912	283260	262.0	248.0
66924	283260	263.0	247.0
66936	283260	262.6666666666667	247.0
66948	283260	261.0	247.0
66960	283260	261.0	248.0
66972	283260	262.0	248.0
66984	283260	262.0	247.0
66996	283260	262.0	249.0
67008	283260	262.0	249.0
67020	283260	262.0	249.0
67032	283260	262.0	248.0
67044	283260	263.0	248.0
67056	283260	263.0	249.0
67068	283260	263.0	249.0
67080	283260	265.0	250.0
67092	283260	265.0	250.0
67104	283260	265.0	250.0
67116	283260	265.0	250.0
67128	283260	266.0	250.0
67140	283260	268.0	249.0
67152	283260	268.0	250.0
67164	283260	268.0	251.0
67176	283260	268.0	251.0
67188	283260	269.0	251.0
67200	283260	269.0	251.0
67212	283260	270.0	251.0
67224	283260	271.0	251.0
67236	283260	272.0	251.0
67248	283260	273.0	251.0
67260	283260	274.0	252.0
67272	283260	275.0	252.0
67284	283260	275.0	252.0
67296	283260	276.0	252.0
67308	283260	277.0	252.0
67320	283260	278.0	252.0
67332	283260	279.0	253.0
67344	283260	280.0	253.0
67356	283260	281.0	253.0
67368	283260	281.0	253.0
67380	283260	283.0	253.0
67392	283260	285.0	253.0
67404	283260	286.0	254.0
67416	283260	287.0	254.0
67428	283260	289.0	254.0
67440	283260	290.0	255.0
67452	283260	291.0	255.0
67464	283260	295.0	255.0
67476	283260	297.0	256.0
67488	283260	298.0	256.0
67500	283260	301.0	257.0
67512	283260	302.0	257.0
67524	283260	305.0	258.0
67536	283260	307.0	259.0
67548	283260	309.0	259.0
67560	283260	313.0	260.0
67572	283260	315.0	260.0
67584	283260	318.0	261.0
67596	283260	321.0	262.0
67608	283260	324.0	263.0
67620	283260	328.0	264.0
67632	283260	332.0	265.0
67644	283260	336.0	265.0
67656	283260	341.0	267.0
67668	283260	347.0	268.0
67680	283260	352.0	269.0
67692	283260	358.0	270.0
67704	283260	365.0	271.0
67716	283260	373.0	273.0
67728	283260	381.0	274.0
67740	283260	390.0	276.0
67752	283260	402.0	278.0
67764	283260	414.0	281.0
67776	283260	428.0	284.0
67788	283260	444.0	287.0
67800	283260	463.0	292.0
67812	283260	486.0	297.0
67824	283260	514.0	304.0
67836	283260	550.0	311.0
67848	283260	593.0	321.0
67860	283260	650.0	335.0
67872	283260	726.0	352.0
67884	283260	836.0	377.0
67896	283260	977.0	417.0
67908	283260	1032.0	487.0
67152	283283	306.0	258.0
67164	283283	305.0	259.0
67176	283283	307.0	259.0
67188	283283	308.0	260.0
67200	283283	310.0	261.0
67212	283283	316.0	261.0
67224	283283	319.0	262.0
67236	283283	325.0	263.0
67248	283283	329.0	264.0
67260	283283	336.0	266.0
67272	283283	344.0	267.0
67284	283283	353.0	269.0
67296	283283	362.0	270.0
67308	283283	371.0	271.0
67320	283283	381.0	273.0
67332	283283	394.0	274.0
67344	283283	408.0	276.0
67356	283283	423.0	279.0
67368	283283	439.0	282.0
67380	283283	458.0	286.0
67392	283283	481.0	290.0
67404	283283	507.0	295.0
67416	283283	541.0	303.0
67428	283283	582.0	312.0
67440	283283	638.0	324.0
67452	283283	713.0	339.0
67464	283283	822.0	361.0
67476	283283	972.0	399.0
67212	283289	296.0	249.0
67224	283289	300.0	249.0
67236	283289	301.0	248.0
67248	283289	303.0	250.0
67260	283289	305.0	250.0
67272	283289	307.0	251.0
67284	283289	308.0	251.0
67296	283289	310.0	251.0
67308	283289	311.0	251.0
67320	283289	313.0	250.0
67332	283289	316.0	252.0
67344	283289	317.0	251.0
67356	283289	319.0	251.0
67368	283289	322.0	252.0
67380	283289	324.0	252.0
67392	283289	327.0	252.0
67404	283289	329.0	253.0
67416	283289	331.0	254.0
67428	283289	334.0	254.0
67440	283289	336.0	254.0
67452	283289	339.0	255.0
67464	283289	343.0	256.0
67476	283289	346.0	255.0
67488	283289	350.0	256.0
67500	283289	354.0	257.0
67512	283289	358.0	257.0
67524	283289	362.0	258.0
67536	283289	367.0	259.0
67548	283289	372.0	260.0
67560	283289	377.0	261.0
67572	283289	383.0	262.0
67584	283289	390.0	263.0
67596	283289	399.0	264.0
67608	283289	407.0	265.0
67620	283289	417.0	266.0
67632	283289	429.0	267.0
67644	283289	442.0	270.0
67656	283289	456.0	271.0
67668	283289	472.0	273.0
67680	283289	492.0	275.0
67692	283289	514.0	278.0
67704	283289	541.0	281.0
67716	283289	573.0	284.0
67728	283289	613.0	289.0
67740	283289	663.0	297.0
67752	283289	727.0	305.0
67764	283289	809.0	316.0
67776	283289	928.0	331.0
67788	283289	1001.0	355.0
67272	283299	328.0	253.0
67284	283299	331.0	255.0
67296	283299	334.0	255.0
67308	283299	338.0	255.0
67320	283299	344.0	257.0
67332	283299	350.0	257.0
67344	283299	355.0	257.0
67356	283299	359.0	258.0
67368	283299	364.0	259.0
67380	283299	371.0	260.0
67392	283299	377.0	260.0
67404	283299	383.0	262.0
67416	283299	390.0	263.0
67428	283299	399.0	264.0
67440	283299	407.0	266.0
67452	283299	419.0	266.0
67464	283299	432.0	268.0
67476	283299	445.0	270.0
67488	283299	461.0	272.0
67500	283299	480.0	273.0
67512	283299	501.0	276.0
67524	283299	527.0	279.0
67536	283299	556.0	283.0
67548	283299	594.0	287.0
67560	283299	640.0	294.0
67572	283299	700.0	302.0
67584	283299	779.0	313.0
67596	283299	887.0	326.0
67608	283299	990.0	347.0
67488	283345	274.3225806451613	249.16129032258064
67500	283345	275.0967741935484	249.5483870967742
67512	283345	275.8709677419355	249.93548387096774
67524	283345	277.0	251.0
67536	283345	280.0	251.0
67548	283345	279.5	251.0
67560	283345	281.88235294117646	251.23529411764707
67572	283345	287.52941176470586	251.94117647058823
67584	283345	289.0	252.0
67596	283345	289.0	253.0
67608	283345	294.0	253.0
67620	283345	297.0	254.0
67632	283345	297.0	254.0
67644	283345	302.0	254.0
67656	283345	305.0	255.0
67668	283345	309.0	256.0
67680	283345	314.0	257.0
67692	283345	314.0	258.0
67704	283345	319.0	259.0
67716	283345	323.0	259.0
67728	283345	329.0	261.0
67740	283345	334.0	262.0
67752	283345	341.0	264.0
67764	283345	346.0	265.0
67776	283345	353.0	267.0
67788	283345	361.0	268.0
67800	283345	371.0	270.0
67812	283345	380.0	272.0
67824	283345	392.0	273.0
67836	283345	405.0	276.0
67848	283345	421.0	278.0
67860	283345	440.0	282.0
67872	283345	464.0	286.0
67884	283345	494.0	291.0
67896	283345	532.0	298.0
67908	283345	583.0	307.0
67920	283345	654.0	318.0
67932	283345	754.0	334.0
67944	283345	906.0	357.0
67956	283345	1018.0	401.0
67668	283380	281.0	253.0
67680	283380	283.0	253.0
67692	283380	286.0	254.0
67704	283380	288.0	254.0
67716	283380	290.0	254.0
67728	283380	294.0	255.0
67740	283380	296.0	256.0
67752	283380	298.0	256.0
67764	283380	300.0	257.0
67776	283380	303.0	258.0
67788	283380	306.0	258.0
67800	283380	309.0	259.0
67812	283380	312.0	260.0
67824	283380	316.0	261.0
67836	283380	320.0	262.0
67848	283380	324.0	262.0
67860	283380	329.0	263.0
67872	283380	334.0	264.0
67884	283380	340.0	266.0
67896	283380	346.0	266.0
67908	283380	354.0	268.0
67920	283380	362.0	270.0
67932	283380	370.0	271.0
67944	283380	380.0	273.0
67956	283380	391.0	275.0
67968	283380	405.0	277.0
67980	283380	419.0	279.0
67992	283380	436.0	283.0
68004	283380	455.0	286.0
68016	283380	479.0	292.0
68028	283380	507.0	298.0
68040	283380	540.0	305.0
68052	283380	585.0	316.0
68064	283380	644.0	329.0
68076	283380	727.0	347.0
68088	283380	853.0	375.0
68100	283380	993.0	421.0
67740	283397	274.0	250.5
67752	283397	275.0	250.0
67764	283397	277.0	251.0
67776	283397	276.0	251.0
67788	283397	280.0	252.0
67800	283397	281.0	252.0
67812	283397	282.0	253.0
67824	283397	283.0	253.0
67836	283397	284.0	253.0
67848	283397	285.0	254.0
67860	283397	289.0	254.0
67872	283397	290.0	254.0
67884	283397	292.0	255.0
67896	283397	294.0	255.0
67908	283397	296.0	256.0
67920	283397	297.0	256.0
67932	283397	299.0	256.0
67944	283397	302.0	256.0
67956	283397	305.0	258.0
67968	283397	307.0	258.0
67980	283397	309.0	259.0
67992	283397	313.0	260.0
68004	283397	316.0	260.0
68016	283397	320.0	261.0
68028	283397	323.0	261.0
68040	283397	327.0	262.0
68052	283397	332.0	263.0
68064	283397	336.0	264.0
68076	283397	341.0	265.0
68088	283397	347.0	266.0
68100	283397	353.0	268.0
68112	283397	360.0	269.0
68124	283397	368.0	270.0
68136	283397	376.0	272.0
68148	283397	385.0	273.0
68160	283397	396.0	275.0
68172	283397	409.0	277.0
68184	283397	422.0	280.0
68196	283397	438.0	284.0
68208	283397	458.0	289.0
68220	283397	482.0	294.0
68232	283397	508.0	302.0
68244	283397	540.0	308.0
68256	283397	582.0	319.0
68268	283397	641.0	333.0
68280	283397	726.0	353.0
68292	283397	846.0	382.0
68304	283397	990.0	434.0
68316	283397	1036.0	484.0
67872	283411	274.0	253.0
67884	283411	272.25	252.75
67896	283411	272.0	253.0
67908	283411	273.0	253.0
67920	283411	274.0	253.0
67932	283411	275.0	254.0
67944	283411	276.0	254.0
67956	283411	280.0	255.0
67968	283411	282.0	255.0
67980	283411	284.0	255.0
67992	283411	285.0	255.0
68004	283411	286.0	256.0
68016	283411	289.0	256.0
68028	283411	292.0	256.0
68040	283411	294.0	257.0
68052	283411	297.0	258.0
68064	283411	300.0	258.0
68076	283411	303.0	259.0
68088	283411	306.0	259.0
68100	283411	311.0	260.0
68112	283411	315.0	261.0
68124	283411	321.0	262.0
68136	283411	325.0	262.0
68148	283411	331.0	264.0
68160	283411	338.0	265.0
68172	283411	345.0	266.0
68184	283411	352.0	268.0
68196	283411	360.0	269.0
68208	283411	369.0	270.0
68220	283411	379.0	272.0
68232	283411	389.0	274.0
68244	283411	401.0	275.0
68256	283411	414.0	277.0
68268	283411	429.0	280.0
68280	283411	446.0	284.0
68292	283411	468.0	289.0
68304	283411	493.0	294.0
68316	283411	522.0	302.0
68328	283411	560.0	310.0
68340	283411	608.0	321.0
68352	283411	673.0	336.0
68364	283411	770.0	357.0
68376	283411	919.0	390.0
68388	283411	1019.0	449.0
68340	283456	285.0	252.0
68352	283456	285.0	250.0
68364	283456	287.0	251.0
68376	283456	289.0	251.0
68388	283456	291.0	251.0
68400	283456	291.0	253.0
68412	283456	293.0	253.0
68424	283456	295.0	254.0
68436	283456	296.0	254.0
68448	283456	297.0	253.0
68460	283456	299.0	255.0
68472	283456	301.0	255.0
68484	283456	303.0	255.0
68496	283456	304.0	255.0
68508	283456	308.0	256.0
68520	283456	311.0	257.0
68532	283456	313.0	258.0
68544	283456	316.0	259.0
68556	283456	319.0	259.0
68568	283456	324.0	260.0
68580	283456	328.0	261.0
68592	283456	333.0	262.0
68604	283456	339.0	264.0
68616	283456	344.0	264.0
68628	283456	350.0	266.0
68640	283456	356.0	266.0
68652	283456	364.0	269.0
68664	283456	371.0	269.0
68676	283456	380.0	271.0
68688	283456	390.0	272.0
68700	283456	401.0	274.0
68712	283456	413.0	275.0
68724	283456	427.0	278.0
68736	283456	444.0	281.0
68748	283456	463.0	285.0
68760	283456	485.0	289.0
68772	283456	511.0	294.0
68784	283456	545.0	301.0
68796	283456	586.0	311.0
68808	283456	641.0	321.0
68820	283456	714.0	337.0
68832	283456	821.0	359.0
68844	283456	971.0	396.0
68628	283482	283.0	246.5
68640	283482	284.0	246.0
68652	283482	284.0	247.0
68664	283482	285.0	246.0
68676	283482	286.0	247.0
68688	283482	287.0	247.0
68700	283482	288.0	247.0
68712	283482	289.0	247.0
68724	283482	289.0	247.0
68736	283482	290.0	247.0
68748	283482	292.0	247.0
68760	283482	293.0	248.0
68772	283482	294.0	248.0
68784	283482	295.0	248.0
68796	283482	296.0	248.0
68808	283482	297.0	249.0
68820	283482	298.0	249.0
68832	283482	300.0	249.0
68844	283482	301.0	249.0
68856	283482	301.0	250.0
68868	283482	302.0	250.0
68880	283482	305.0	250.0
68892	283482	305.0	250.0
68904	283482	306.0	250.0
68916	283482	307.0	249.0
68928	283482	308.0	251.0
68940	283482	309.0	251.0
68952	283482	310.0	250.0
68964	283482	311.0	251.0
68976	283482	312.0	250.0
68988	283482	313.0	251.0
69000	283482	314.0	251.0
69012	283482	315.0	252.0
69024	283482	316.0	252.0
69036	283482	317.0	253.0
69048	283482	318.0	253.0
69060	283482	320.0	253.0
69072	283482	322.0	254.0
69084	283482	321.0	254.0
69096	283482	322.0	255.0
69108	283482	323.0	255.0
69120	283482	326.0	256.0
69132	283482	327.0	256.0
69144	283482	330.0	258.0
69156	283482	333.0	259.0
69168	283482	335.0	259.0
69180	283482	337.0	260.0
69192	283482	340.0	260.0
69204	283482	344.0	262.0
69216	283482	347.0	263.0
69228	283482	351.0	264.0
69240	283482	356.0	265.0
69252	283482	361.0	266.0
69264	283482	367.0	268.0
69276	283482	374.0	270.0
69288	283482	381.0	271.0
69300	283482	390.0	273.0
69312	283482	401.0	274.0
69324	283482	413.0	277.0
69336	283482	428.0	280.0
69348	283482	444.0	283.0
69360	283482	464.0	288.0
69372	283482	490.0	294.0
69384	283482	520.0	300.0
69396	283482	559.0	309.0
69408	283482	611.0	321.0
69420	283482	680.0	334.0
69432	283482	785.0	357.0
69444	283482	949.0	393.0
69456	283482	1028.0	458.0
68676	283491	261.0	247.0
68688	283491	261.0	247.0
68700	283491	261.8333333333333	247.0
68712	283491	262.0	247.0
68724	283491	262.0	247.0
68736	283491	263.0	247.0
68748	283491	264.0	247.0
68760	283491	264.0	247.0
68772	283491	265.0	248.0
68784	283491	266.0	248.0
68796	283491	265.0	249.0
68808	283491	266.0	249.0
68820	283491	267.0	249.0
68832	283491	267.0	249.0
68844	283491	268.0	249.0
68856	283491	268.0	248.0
68868	283491	268.0	248.0
68880	283491	270.125	249.125
68892	283491	271.0	250.0
68904	283491	272.0	249.0
68916	283491	272.0	250.0
68928	283491	273.0	250.0
68940	283491	275.0	251.0
68952	283491	275.0	250.0
68964	283491	277.0	250.0
68976	283491	277.0	251.0
68988	283491	279.0	251.0
69000	283491	280.0	251.0
69012	283491	281.0	252.0
69024	283491	282.0	251.0
69036	283491	282.0	251.0
69048	283491	284.0	251.0
69060	283491	286.0	252.0
69072	283491	286.0	252.0
69084	283491	287.0	252.0
69096	283491	288.0	252.0
69108	283491	291.0	252.0
69120	283491	293.0	253.0
69132	283491	294.0	254.0
69144	283491	296.0	255.0
69156	283491	297.0	255.0
69168	283491	299.0	256.0
69180	283491	301.0	256.0
69192	283491	303.0	256.0
69204	283491	306.0	258.0
69216	283491	307.0	258.0
69228	283491	310.0	258.0
69240	283491	312.0	259.0
69252	283491	315.0	261.0
69264	283491	318.0	261.0
69276	283491	321.0	262.0
69288	283491	325.0	263.0
69300	283491	329.0	264.0
69312	283491	333.0	265.0
69324	283491	337.0	266.0
69336	283491	343.0	267.0
69348	283491	349.0	268.0
69360	283491	357.0	270.0
69372	283491	365.0	272.0
69384	283491	374.0	273.0
69396	283491	384.0	275.0
69408	283491	397.0	277.0
69420	283491	409.0	279.0
69432	283491	425.0	282.0
69444	283491	443.0	286.0
69456	283491	464.0	291.0
69468	283491	489.0	296.0
69480	283491	519.0	302.0
69492	283491	557.0	311.0
69504	283491	607.0	322.0
69516	283491	673.0	337.0
69528	283491	772.0	357.0
69540	283491	920.0	389.0
69552	283491	1018.0	445.0
68904	283513	261.0	240.0
68916	283513	262.625	240.625
68928	283513	262.0	239.0
68940	283513	262.4	239.6
68952	283513	263.2	240.4
68964	283513	264.0	239.0
68976	283513	265.0	243.0
68988	283513	265.0	242.0
69000	283513	266.0	246.0
69012	283513	266.42857142857144	246.85714285714286
69024	283513	267.0	247.0
69036	283513	268.0	246.0
69048	283513	268.0	247.0
69060	283513	269.0	248.0
69072	283513	269.0	249.0
69084	283513	269.0	250.0
69096	283513	270.0	250.0
69108	283513	271.0	251.0
69120	283513	272.0	251.0
69132	283513	273.0	251.0
69144	283513	274.0	251.0
69156	283513	275.0	251.0
69168	283513	276.0	251.0
69180	283513	276.0	251.0
69192	283513	278.0	251.0
69204	283513	280.0	252.0
69216	283513	281.0	252.0
69228	283513	281.0	252.0
69240	283513	283.0	252.0
69252	283513	284.0	252.0
69264	283513	286.0	252.0
69276	283513	287.0	253.0
69288	283513	289.0	253.0
69300	283513	290.0	253.0
69312	283513	292.0	254.0
69324	283513	293.0	254.0
69336	283513	295.0	254.0
69348	283513	297.0	255.0
69360	283513	300.0	256.0
69372	283513	301.0	256.0
69384	283513	303.0	256.0
69396	283513	305.0	256.0
69408	283513	308.0	258.0
69420	283513	309.0	258.0
69432	283513	311.0	259.0
69444	283513	314.0	259.0
69456	283513	317.0	260.0
69468	283513	320.0	261.0
69480	283513	322.0	262.0
69492	283513	326.0	262.0
69504	283513	329.0	263.0
69516	283513	332.0	263.0
69528	283513	336.0	265.0
69540	283513	339.0	266.0
69552	283513	345.0	267.0
69564	283513	350.0	268.0
69576	283513	356.0	269.0
69588	283513	362.0	271.0
69600	283513	369.0	271.0
69612	283513	377.0	274.0
69624	283513	386.0	275.0
69636	283513	398.0	277.0
69648	283513	413.0	278.0
69660	283513	426.0	282.0
69672	283513	443.0	285.0
69684	283513	467.0	289.0
69696	283513	487.0	294.0
69708	283513	513.0	300.0
69720	283513	543.0	307.0
69732	283513	582.0	315.0
69744	283513	633.0	326.0
69756	283513	700.0	342.0
69768	283513	791.0	360.0
69780	283513	918.0	389.0
69792	283513	979.0	437.0
69804	283513	984.0	465.0
69816	283513	975.0	419.0
69828	283513	1016.0	498.0
69120	283533	334.2857142857143	252.0
69132	283533	337.0	252.0
69144	283533	341.0	253.0
69156	283533	344.0	253.0
69168	283533	349.0	254.0
69180	283533	353.0	255.0
69192	283533	358.0	254.0
69204	283533	364.0	256.0
69216	283533	368.0	256.0
69228	283533	374.0	257.0
69240	283533	381.0	258.0
69252	283533	388.0	259.0
69264	283533	395.0	260.0
69276	283533	405.0	261.0
69288	283533	413.0	263.0
69300	283533	423.0	264.0
69312	283533	435.0	265.0
69324	283533	447.0	266.0
69336	283533	462.0	268.0
69348	283533	477.0	270.0
69360	283533	496.0	271.0
69372	283533	518.0	273.0
69384	283533	542.0	276.0
69396	283533	575.0	279.0
69420	283566	270.0	250.0
69432	283566	270.84615384615387	250.0
69444	283566	273.0	251.0
69456	283566	274.0	251.0
69468	283566	274.9	250.0
69480	283566	276.0	251.0
69492	283566	277.0	252.0
69504	283566	280.0	253.0
69516	283566	281.3333333333333	253.0
69528	283566	283.0	253.0
69540	283566	286.0	253.0
69552	283566	286.0	253.0
69564	283566	288.0	254.0
69576	283566	290.0	254.0
69588	283566	293.0	255.0
69600	283566	296.0	255.0
69612	283566	299.0	257.0
69624	283566	301.0	256.0
69636	283566	304.0	257.0
69648	283566	305.0	258.0
69660	283566	309.0	258.0
69672	283566	310.0	259.0
69684	283566	314.0	260.0
69696	283566	317.0	261.0
69708	283566	319.0	261.0
69720	283566	323.0	262.0
69732	283566	327.0	263.0
69744	283566	331.0	264.0
69756	283566	336.0	265.0
69768	283566	340.0	265.0
69780	283566	345.0	267.0
69792	283566	352.0	268.0
69804	283566	357.0	269.0
69816	283566	365.0	271.0
69828	283566	373.0	273.0
69840	283566	381.0	274.0
69852	283566	391.0	275.0
69864	283566	402.0	277.0
69876	283566	416.0	280.0
69888	283566	431.0	284.0
69900	283566	449.0	288.0
69912	283566	471.0	292.0
69924	283566	495.0	297.0
69936	283566	525.0	305.0
69948	283566	564.0	314.0
69960	283566	611.0	325.0
69972	283566	678.0	342.0
69984	283566	770.0	362.0
69996	283566	911.0	396.0
70008	283566	1011.0	454.0
69444	283577	199.0	249.0
69456	283577	206.0	251.0
69468	283577	212.0	251.0
69480	283577	218.0	253.0
69492	283577	223.0	253.0
69504	283577	226.1818181818182	251.9090909090909
69516	283577	229.0	251.0
69528	283577	232.08695652173913	250.0
69540	283577	236.26086956521738	250.0
69552	283577	239.0	250.0
69564	283577	240.0	250.0
69576	283577	242.0	251.0
69588	283577	244.0	251.0
69600	283577	246.15384615384616	250.03846153846155
69612	283577	248.0	250.5
69624	283577	249.84615384615384	250.96153846153845
69636	283577	251.0	251.0
69648	283577	252.0	251.0
69660	283577	253.51724137931035	251.0
69672	283577	254.75862068965517	251.0
69684	283577	256.0	251.0
69696	283577	258.0	252.0
69708	283577	259.0	253.0
69720	283577	260.7692307692308	252.53846153846155
69732	283577	265.0	252.0
69744	283577	266.0	253.0
69756	283577	266.4	252.0
69768	283577	268.8	252.0
69780	283577	271.0	252.0
69792	283577	273.0	253.0
69804	283577	274.0	252.0
69816	283577	278.0	253.0
69828	283577	279.0	254.0
69840	283577	281.0	255.0
69852	283577	284.0	256.0
69864	283577	286.0	256.0
69876	283577	289.0	255.0
69888	283577	292.0	257.0
69900	283577	295.0	257.0
69912	283577	300.0	258.0
69924	283577	304.0	260.0
69936	283577	308.0	259.0
69948	283577	311.0	261.0
69960	283577	315.0	262.0
69972	283577	319.0	263.0
69984	283577	323.0	263.0
69996	283577	328.0	265.0
70008	283577	332.0	266.0
70020	283577	338.0	267.0
70032	283577	343.0	268.0
70044	283577	349.0	269.0
70056	283577	356.0	271.0
70068	283577	364.0	272.0
70080	283577	371.0	274.0
70092	283577	382.0	275.0
70104	283577	393.0	277.0
70116	283577	406.0	279.0
70128	283577	422.0	283.0
70140	283577	440.0	287.0
70152	283577	461.0	291.0
70164	283577	485.0	296.0
70176	283577	519.0	303.0
70188	283577	558.0	312.0
70200	283577	609.0	324.0
70212	283577	680.0	340.0
70224	283577	784.0	363.0
70236	283577	946.0	400.0
70248	283577	1027.0	465.0
69612	283609	278.0	253.0
69624	283609	279.0	253.0
69636	283609	282.0	253.0
69648	283609	284.6190476190476	253.52380952380952
69660	283609	286.0	255.0
69672	283609	287.0	255.0
69684	283609	289.0	255.0
69696	283609	291.0	255.0
69708	283609	294.0	256.0
69720	283609	295.0	255.0
69732	283609	298.0	256.0
69744	283609	301.0	257.0
69756	283609	302.0	256.0
69768	283609	305.0	257.0
69780	283609	311.0	259.0
69792	283609	313.0	260.0
69804	283609	316.0	261.0
69816	283609	321.0	262.0
69828	283609	326.0	262.0
69840	283609	332.0	264.0
69852	283609	337.0	265.0
69864	283609	342.0	266.0
69876	283609	348.0	267.0
69888	283609	354.0	268.0
69900	283609	361.0	270.0
69912	283609	368.0	271.0
69924	283609	378.0	273.0
69936	283609	387.0	274.0
69948	283609	399.0	276.0
69960	283609	411.0	278.0
69972	283609	425.0	281.0
69984	283609	442.0	285.0
69996	283609	462.0	289.0
70008	283609	485.0	294.0
70020	283609	513.0	301.0
70032	283609	548.0	308.0
70044	283609	591.0	318.0
70056	283609	651.0	332.0
70068	283609	730.0	349.0
70080	283609	847.0	375.0
70092	283609	984.0	417.0
69732	283619	280.0	253.16666666666666
69744	283619	281.0	255.0
69756	283619	283.2	255.6
69768	283619	285.85714285714283	255.28571428571428
69780	283619	286.0	256.0
69792	283619	289.0	256.0
69804	283619	294.0	257.0
69816	283619	297.0	258.0
69828	283619	300.0	259.0
69840	283619	301.0	260.0
69852	283619	305.0	260.0
69864	283619	310.0	261.0
69876	283619	314.0	261.0
69888	283619	317.0	262.0
69900	283619	322.0	264.0
69912	283619	329.0	265.0
69924	283619	334.0	265.0
69936	283619	340.0	267.0
69948	283619	348.0	268.0
69960	283619	356.0	269.0
69972	283619	364.0	271.0
69984	283619	375.0	273.0
69996	283619	387.0	275.0
70008	283619	401.0	277.0
70020	283619	416.0	279.0
70032	283619	433.0	283.0
70044	283619	451.0	286.0
70056	283619	474.0	291.0
70068	283619	501.0	296.0
70080	283619	534.0	303.0
70092	283619	575.0	312.0
70104	283619	628.0	324.0
70116	283619	699.0	339.0
70128	283619	804.0	360.0
70140	283619	959.0	395.0
70152	283619	1026.0	460.0
69756	283621	238.0	250.0
69768	283621	240.0	250.0
69780	283621	246.0	251.0
69792	283621	248.0	251.0
69804	283621	249.0	251.0
69816	283621	251.0	253.0
69828	283621	253.0	253.0
69840	283621	255.0	253.0
69852	283621	256.0	253.0
69864	283621	257.0	253.0
69876	283621	258.0	253.0
69888	283621	262.0	254.0
69900	283621	262.0	254.0
69912	283621	267.0	254.0
69924	283621	267.0	253.0
69936	283621	272.0	254.0
69948	283621	279.0	255.0
69960	283621	273.0	255.0
69972	283621	271.0	255.0
69984	283621	272.0	255.0
69996	283621	275.0	255.0
70008	283621	276.0	255.0
70020	283621	277.0	255.0
70032	283621	282.0	256.0
70044	283621	285.0	257.0
70056	283621	289.0	257.0
70068	283621	293.0	259.0
70080	283621	296.0	259.0
70092	283621	304.0	261.0
70104	283621	302.0	260.0
70116	283621	306.0	262.0
70128	283621	316.0	263.0
70140	283621	319.0	264.0
70152	283621	323.0	265.0
70164	283621	328.0	266.0
70176	283621	334.0	266.0
70188	283621	342.0	268.0
70200	283621	349.0	270.0
70212	283621	357.0	272.0
70224	283621	365.0	273.0
70236	283621	376.0	276.0
70248	283621	388.0	277.0
70260	283621	401.0	280.0
70272	283621	418.0	283.0
70284	283621	434.0	287.0
70296	283621	454.0	292.0
70308	283621	477.0	297.0
70320	283621	506.0	304.0
70332	283621	540.0	313.0
70344	283621	586.0	325.0
70356	283621	647.0	340.0
70368	283621	735.0	360.0
70380	283621	872.0	393.0
70392	283621	1000.0	446.0
69816	283634	198.0	247.0
69828	283634	204.0	248.0
69840	283634	210.0	250.0
69852	283634	214.0	250.0
69864	283634	218.0	251.0
69876	283634	222.0	251.0
69888	283634	226.0	251.0
69900	283634	229.0	252.0
69912	283634	232.0	252.0
69924	283634	234.0	251.0
69936	283634	237.0	251.0
69948	283634	239.0	251.0
69960	283634	241.0	252.0
69972	283634	242.0	253.0
69984	283634	244.0	252.0
69996	283634	245.0	252.0
70008	283634	246.0	253.0
70020	283634	246.0	253.0
70032	283634	250.0	252.0
70044	283634	251.0	253.0
70056	283634	251.0	253.0
70068	283634	252.0	253.0
70080	283634	253.0	253.0
70092	283634	254.0	254.0
70104	283634	254.0	253.0
70116	283634	256.0	254.0
70128	283634	257.0	255.0
70140	283634	259.0	255.0
70152	283634	263.0	255.0
70164	283634	265.0	255.0
70176	283634	266.0	256.0
70188	283634	270.0	256.0
70200	283634	273.0	257.0
70212	283634	276.0	257.0
70224	283634	279.0	258.0
70236	283634	283.0	259.0
70248	283634	286.0	259.0
70260	283634	290.0	259.0
70272	283634	294.0	260.0
70284	283634	298.0	260.0
70296	283634	303.0	261.0
70308	283634	307.0	262.0
70320	283634	314.0	262.0
70332	283634	317.0	263.0
70344	283634	323.0	264.0
70356	283634	328.0	265.0
70368	283634	334.0	267.0
70380	283634	340.0	268.0
70392	283634	346.0	269.0
70404	283634	351.0	271.0
70416	283634	359.0	272.0
70428	283634	367.0	274.0
70440	283634	375.0	274.0
70452	283634	387.0	276.0
70464	283634	400.0	278.0
70476	283634	414.0	281.0
70488	283634	431.0	286.0
70500	283634	449.0	289.0
70512	283634	473.0	295.0
70524	283634	503.0	302.0
70536	283634	539.0	311.0
70548	283634	588.0	322.0
70560	283634	654.0	337.0
70572	283634	747.0	358.0
70584	283634	892.0	392.0
70596	283634	1009.0	450.0
69936	283650	279.48979591836735	254.16326530612244
69948	283650	280.9591836734694	254.6530612244898
69960	283650	282.42857142857144	255.14285714285714
69972	283650	283.8979591836735	255.6326530612245
69984	283650	289.0	257.0
69996	283650	292.0	258.0
70008	283650	294.0	259.0
70020	283650	299.0	260.0
70032	283650	302.0	260.0
70044	283650	306.0	261.0
70056	283650	310.0	261.0
70068	283650	315.0	262.0
70080	283650	320.0	263.0
70092	283650	324.0	265.0
70104	283650	330.0	265.0
70116	283650	336.0	268.0
70128	283650	342.0	268.0
70140	283650	349.0	270.0
70152	283650	357.0	271.0
70164	283650	365.0	273.0
70176	283650	374.0	274.0
70188	283650	383.0	276.0
70200	283650	395.0	278.0
70212	283650	407.0	281.0
70224	283650	422.0	286.0
70236	283650	438.0	289.0
70248	283650	458.0	294.0
70260	283650	482.0	300.0
70272	283650	513.0	308.0
70284	283650	551.0	318.0
70296	283650	600.0	331.0
70308	283650	672.0	349.0
70320	283650	779.0	377.0
70332	283650	953.0	423.0
70344	283650	1042.0	511.0
70140	283694	297.0	259.0
70152	283694	301.0	260.0
70164	283694	305.0	262.0
70176	283694	308.0	262.0
70188	283694	313.0	263.0
70200	283694	317.0	265.0
70212	283694	323.0	266.0
70224	283694	328.0	267.0
70236	283694	334.0	268.0
70248	283694	340.0	269.0
70260	283694	348.0	271.0
70272	283694	357.0	272.0
70284	283694	367.0	273.0
70296	283694	379.0	275.0
70308	283694	393.0	277.0
70320	283694	408.0	279.0
70332	283694	422.0	282.0
70344	283694	439.0	285.0
70356	283694	459.0	290.0
70368	283694	480.0	295.0
70380	283694	505.0	300.0
70392	283694	537.0	307.0
70404	283694	576.0	316.0
70416	283694	629.0	328.0
70428	283694	698.0	343.0
70440	283694	797.0	363.0
70452	283694	946.0	396.0
70464	283694	1018.0	454.0
70212	283709	199.0	249.0
70224	283709	204.0	250.0
70236	283709	211.0	252.0
70248	283709	216.0	253.0
70260	283709	220.0	253.0
70272	283709	223.8	252.0
70284	283709	228.0	252.0
70296	283709	230.0	252.0
70308	283709	232.0	252.0
70320	283709	236.0	253.0
70332	283709	239.72727272727272	252.0
70344	283709	243.5	253.0
70356	283709	246.0	253.0
70368	283709	247.66666666666666	254.0
70380	283709	252.0	253.0
70392	283709	252.5	253.0
70404	283709	254.33333333333334	252.0
70416	283709	259.0	253.0
70428	283709	259.0	253.0
70440	283709	264.0	253.0
70452	283709	265.0	253.0
70464	283709	266.0	253.0
70476	283709	270.0	252.0
70488	283709	270.0	253.0
70500	283709	274.0	253.0
70512	283709	276.0	253.0
70524	283709	278.0	254.0
70536	283709	282.0	254.0
70548	283709	284.0	255.0
70560	283709	288.0	255.0
70572	283709	290.0	256.0
70584	283709	291.0	256.0
70596	283709	296.0	257.0
70608	283709	299.0	256.0
70620	283709	301.0	257.0
70632	283709	304.0	257.0
70644	283709	307.0	258.0
70656	283709	312.0	258.0
70668	283709	316.0	259.0
70680	283709	320.0	260.0
70692	283709	326.0	261.0
70704	283709	332.0	262.0
70716	283709	338.0	262.0
70728	283709	345.0	264.0
70740	283709	354.0	265.0
70752	283709	363.0	265.0
70764	283709	374.0	267.0
70776	283709	385.0	268.0
70788	283709	398.0	269.0
70800	283709	414.0	271.0
70812	283709	431.0	273.0
70824	283709	451.0	274.0
70836	283709	475.0	277.0
70848	283709	502.0	280.0
70860	283709	534.0	284.0
70872	283709	573.0	288.0
70884	283709	621.0	294.0
70896	283709	683.0	302.0
70908	283709	763.0	312.0
70920	283709	873.0	325.0
70932	283709	985.0	345.0
70212	283712	251.66666666666666	252.33333333333334
70224	283712	254.0	253.0
70236	283712	257.2352941176471	252.64705882352942
70248	283712	259.0	253.0
70260	283712	262.0	253.0
70272	283712	265.0	254.0
70284	283712	267.0	254.0
70296	283712	270.0	255.0
70308	283712	272.0	255.0
70320	283712	273.0	255.0
70332	283712	277.0	256.0
70344	283712	277.0	256.0
70356	283712	282.0	257.0
70368	283712	284.0	258.0
70380	283712	285.0	259.0
70392	283712	288.0	259.0
70404	283712	289.0	258.0
70416	283712	292.0	259.0
70428	283712	294.0	260.0
70440	283712	297.0	260.0
70452	283712	301.0	260.0
70464	283712	303.0	262.0
70476	283712	305.0	262.0
70488	283712	310.0	263.0
70500	283712	315.0	264.0
70512	283712	319.0	265.0
70524	283712	326.0	266.0
70536	283712	332.0	267.0
70548	283712	339.0	268.0
70560	283712	346.0	269.0
70572	283712	355.0	271.0
70584	283712	364.0	272.0
70596	283712	375.0	273.0
70608	283712	387.0	275.0
70620	283712	400.0	277.0
70632	283712	414.0	279.0
70644	283712	431.0	282.0
70656	283712	450.0	286.0
70668	283712	473.0	291.0
70680	283712	501.0	297.0
70692	283712	535.0	304.0
70704	283712	577.0	314.0
70716	283712	632.0	325.0
70728	283712	708.0	342.0
70740	283712	818.0	366.0
70752	283712	973.0	406.0
70764	283712	1033.0	470.0
70296	283736	378.0	243.0
70308	283736	386.0	240.0
70320	283736	395.0	240.0
70332	283736	402.0	239.0
70344	283736	426.0	258.0
70356	283736	430.0	266.0
70368	283736	436.0	269.0
70380	283736	448.0	271.0
70392	283736	461.0	272.0
70404	283736	479.0	274.0
70416	283736	501.0	275.0
70428	283736	524.0	278.0
70440	283736	549.0	280.0
70452	283736	580.0	284.0
70464	283736	615.0	289.0
70476	283736	658.0	294.0
70488	283736	709.5	299.5
70500	283736	775.0	307.0
70512	283736	862.0	319.0
70524	283736	969.0	335.0
70536	283736	1006.0	360.0
70500	283827	197.0	248.0
70512	283827	203.0	250.0
70524	283827	210.0	250.0
70536	283827	215.0	251.0
70548	283827	220.0	251.0
70560	283827	225.0	252.0
70572	283827	229.0	252.0
70584	283827	232.0	252.0
70596	283827	234.0	251.0
70608	283827	239.0	251.0
70620	283827	241.0	251.0
70632	283827	244.0	252.0
70644	283827	247.0	251.0
70656	283827	249.0	251.0
70668	283827	252.0	252.0
70680	283827	254.0	252.0
70692	283827	257.0	253.0
70704	283827	258.0	253.0
70716	283827	261.0	253.0
70728	283827	264.0	253.0
70740	283827	266.0	252.0
70752	283827	269.0	253.0
70764	283827	272.0	254.0
70776	283827	279.0	254.0
70788	283827	281.0	253.0
70800	283827	282.0	254.0
70812	283827	285.0	254.0
70824	283827	288.0	255.0
70836	283827	291.0	255.0
70848	283827	295.0	256.0
70860	283827	298.0	256.0
70872	283827	301.0	256.0
70884	283827	305.0	257.0
70896	283827	308.0	258.0
70908	283827	311.0	258.0
70920	283827	315.0	259.0
70932	283827	318.0	260.0
70944	283827	322.0	261.0
70956	283827	326.0	262.0
70968	283827	331.0	262.0
70980	283827	336.0	263.0
70992	283827	340.0	264.0
71004	283827	346.0	266.0
71016	283827	353.0	268.0
71028	283827	360.0	269.0
71040	283827	368.0	271.0
71052	283827	378.0	273.0
71064	283827	388.0	274.0
71076	283827	400.0	276.0
71088	283827	413.0	278.0
71100	283827	429.0	281.0
71112	283827	448.0	286.0
71124	283827	469.0	290.0
71136	283827	496.0	296.0
71148	283827	529.0	304.0
71160	283827	572.0	314.0
71172	283827	629.0	329.0
71184	283827	710.0	346.0
71196	283827	836.0	376.0
71208	283827	990.0	428.0
70620	283879	276.5	253.5
70632	283879	279.0	255.0
70644	283879	282.0	256.0
70656	283879	284.0	254.0
70668	283879	292.0	256.0
70680	283879	295.0	256.0
70692	283879	298.0	257.0
70704	283879	301.0	257.0
70716	283879	304.0	258.0
70728	283879	309.0	258.0
70740	283879	314.0	259.0
70752	283879	318.0	260.0
70764	283879	322.0	260.0
70776	283879	326.0	261.0
70788	283879	331.0	261.0
70800	283879	335.0	262.0
70812	283879	340.0	264.0
70824	283879	344.0	265.0
70836	283879	351.0	266.0
70848	283879	356.0	267.0
70860	283879	365.0	269.0
70872	283879	371.0	270.0
70884	283879	379.0	272.0
70896	283879	389.0	273.0
70908	283879	399.0	274.0
70920	283879	412.0	277.0
70932	283879	426.0	280.0
70944	283879	443.0	283.0
70956	283879	462.0	287.0
70968	283879	487.0	292.0
70980	283879	516.0	298.0
70992	283879	552.0	306.0
71004	283879	600.0	316.0
71016	283879	665.0	331.0
71028	283879	753.0	348.0
71040	283879	887.0	378.0
71052	283879	1005.0	426.0
70860	283959	275.8333333333333	252.0
70872	283959	277.8	253.0
70884	283959	280.0	253.0
70896	283959	279.4166666666667	252.80555555555554
70908	283959	278.4166666666667	252.47222222222223
70920	283959	277.4166666666667	252.13888888888889
70932	283959	275.0	252.0
70944	283959	276.85714285714283	252.0
70956	283959	278.0	253.0
70968	283959	280.0	253.0
70980	283959	281.6666666666667	253.83333333333334
70992	283959	286.0	253.33333333333334
71004	283959	287.0	255.0
71016	283959	288.0	256.0
71028	283959	292.0	257.0
71040	283959	294.0	256.0
71052	283959	297.0	256.0
71064	283959	298.0	258.0
71076	283959	300.0	258.0
71088	283959	302.0	259.0
71100	283959	305.0	259.0
71112	283959	307.0	259.0
71124	283959	311.0	260.0
71136	283959	314.0	261.0
71148	283959	317.0	262.0
71160	283959	321.0	263.0
71172	283959	326.0	264.0
71184	283959	330.0	265.0
71196	283959	335.0	266.0
71208	283959	340.0	267.0
71220	283959	345.0	268.0
71232	283959	352.0	269.0
71244	283959	359.0	270.0
71256	283959	367.0	272.0
71268	283959	375.0	273.0
71280	283959	384.0	275.0
71292	283959	396.0	277.0
71304	283959	408.0	279.0
71316	283959	422.0	282.0
71328	283959	440.0	285.0
71340	283959	459.0	289.0
71352	283959	482.0	294.0
71364	283959	510.0	300.0
71376	283959	543.0	307.0
71388	283959	586.0	318.0
71400	283959	642.0	330.0
71412	283959	716.0	346.0
71424	283959	824.0	370.0
71436	283959	972.0	408.0
71448	283959	1032.0	476.0
70908	283973	286.0	253.0
70920	283973	290.0	255.0
70932	283973	292.0	255.0
70944	283973	294.0	254.0
70956	283973	296.0	254.0
70968	283973	300.0	256.0
70980	283973	303.0	256.0
70992	283973	304.0	256.0
71004	283973	308.0	259.0
71016	283973	310.0	259.0
71028	283973	313.0	259.0
71040	283973	317.0	261.0
71052	283973	320.0	262.0
71064	283973	324.0	262.0
71076	283973	327.0	263.0
71088	283973	331.0	264.0
71100	283973	336.0	265.0
71112	283973	340.0	266.0
71124	283973	345.0	267.0
71136	283973	351.0	267.0
71148	283973	356.0	269.0
71160	283973	363.0	270.0
71172	283973	371.0	272.0
71184	283973	379.0	273.0
71196	283973	389.0	274.0
71208	283973	399.0	276.0
71220	283973	410.0	277.0
71232	283973	424.0	280.0
71244	283973	438.0	283.0
71256	283973	456.0	287.0
71268	283973	476.0	291.0
71280	283973	500.0	296.0
71292	283973	530.0	303.0
71304	283973	566.0	311.0
71316	283973	614.0	322.0
71328	283973	678.0	336.0
71340	283973	766.0	355.0
71352	283973	900.0	383.0
71364	283973	1004.0	430.0
70920	283974	364.0	260.0
70932	283974	373.0	260.0
70944	283974	385.0	261.0
70956	283974	396.0	262.0
70968	283974	408.0	262.0
70980	283974	420.0	264.0
70992	283974	430.0	265.0
71004	283974	441.0	267.0
71016	283974	452.0	268.0
71028	283974	466.0	270.0
71040	283974	482.0	272.0
71052	283974	499.0	274.0
71064	283974	518.0	276.0
71076	283974	541.0	278.0
71088	283974	567.0	281.0
71100	283974	598.0	285.0
71112	283974	636.0	290.0
71124	283974	682.0	296.0
71136	283974	740.0	303.0
71148	283974	817.0	313.0
71160	283974	922.0	328.0
71172	283974	991.0	346.0
71124	284021	284.0	254.0
71136	284021	287.27272727272725	255.0
71148	284021	290.0	255.0
71160	284021	292.3	256.0
71172	284021	294.0	256.0
71184	284021	296.0	257.0
71196	284021	299.0	256.0
71208	284021	302.0	256.0
71220	284021	307.0	257.0
71232	284021	310.0	258.0
71244	284021	314.0	259.0
71256	284021	319.0	259.0
71268	284021	324.0	261.0
71280	284021	328.0	261.0
71292	284021	333.0	263.0
71304	284021	337.0	264.0
71316	284021	342.0	265.0
71328	284021	347.0	266.0
71340	284021	353.0	267.0
71352	284021	359.0	268.0
71364	284021	366.0	269.0
71376	284021	372.0	271.0
71388	284021	382.0	272.0
71400	284021	392.0	274.0
71412	284021	402.0	275.0
71424	284021	415.0	278.0
71436	284021	430.0	281.0
71448	284021	447.0	284.0
71460	284021	467.0	288.0
71472	284021	491.0	292.0
71484	284021	519.0	298.0
71496	284021	554.0	305.0
71508	284021	596.0	314.0
71520	284021	654.0	326.0
71532	284021	731.0	342.0
71544	284021	843.0	365.0
71556	284021	982.0	402.0
71220	284052	287.0	253.0
71232	284052	289.0	253.0
71244	284052	290.0	253.0
71256	284052	291.0	254.0
71268	284052	293.6363636363636	254.0
71280	284052	296.5	255.0
71292	284052	298.1666666666667	255.0
71304	284052	300.0	255.0
71316	284052	302.0	256.0
71328	284052	304.0	256.0
71340	284052	307.0	258.0
71352	284052	311.0	259.0
71364	284052	312.0	259.0
71376	284052	317.0	259.0
71388	284052	320.0	261.0
71400	284052	324.0	262.0
71412	284052	328.0	262.0
71424	284052	333.0	264.0
71436	284052	338.0	265.0
71448	284052	343.0	266.0
71460	284052	349.0	267.0
71472	284052	356.0	268.0
71484	284052	363.0	270.0
71496	284052	370.0	271.0
71508	284052	379.0	272.0
71520	284052	389.0	274.0
71532	284052	401.0	275.0
71544	284052	414.0	278.0
71556	284052	428.0	280.0
71568	284052	445.0	284.0
71580	284052	466.0	289.0
71592	284052	492.0	294.0
71604	284052	520.0	300.0
71616	284052	557.0	309.0
71628	284052	605.0	319.0
71640	284052	668.0	332.0
71652	284052	757.0	351.0
71664	284052	891.0	380.0
71676	284052	1005.0	429.0
71472	284115	270.0	252.0
71484	284115	270.0	252.0
71496	284115	272.1666666666667	251.70833333333334
71508	284115	274.1666666666667	251.20833333333334
71520	284115	275.0	251.0
71532	284115	275.0	251.0
71544	284115	277.0	252.0
71556	284115	278.0	252.0
71568	284115	281.0	253.0
71580	284115	282.0	253.0
71592	284115	282.0	253.0
71604	284115	285.0	253.0
71616	284115	289.0	254.0
71628	284115	290.0	254.0
71640	284115	292.0	255.0
71652	284115	294.0	255.0
71664	284115	296.0	255.0
71676	284115	297.0	256.0
71688	284115	299.0	257.0
71700	284115	301.0	257.0
71712	284115	304.0	257.0
71724	284115	307.0	257.0
71736	284115	309.0	258.0
71748	284115	312.0	259.0
71760	284115	316.0	259.0
71772	284115	319.0	260.0
71784	284115	322.0	261.0
71796	284115	327.0	262.0
71808	284115	332.0	263.0
71820	284115	336.0	264.0
71832	284115	341.0	265.0
71844	284115	347.0	266.0
71856	284115	354.0	268.0
71868	284115	361.0	270.0
71880	284115	369.0	271.0
71892	284115	379.0	273.0
71904	284115	389.0	275.0
71916	284115	402.0	278.0
71928	284115	417.0	280.0
71940	284115	434.0	284.0
71952	284115	455.0	289.0
71964	284115	482.0	295.0
71976	284115	515.0	302.0
71988	284115	557.0	312.0
72000	284115	614.0	326.0
72012	284115	695.0	344.0
72024	284115	818.0	371.0
72036	284115	984.0	419.0
71472	284117	324.0	255.0
71484	284117	327.0	255.0
71496	284117	332.0	255.0
71508	284117	336.0	255.0
71520	284117	344.0	255.0
71532	284117	350.0	256.0
71544	284117	357.0	257.0
71556	284117	364.0	258.0
71568	284117	369.0	259.0
71580	284117	376.0	260.0
71592	284117	382.0	261.0
71604	284117	389.0	262.0
71616	284117	399.0	263.0
71628	284117	407.0	263.0
71640	284117	416.0	265.0
71652	284117	427.0	266.0
71664	284117	439.0	268.0
71676	284117	452.0	269.0
71688	284117	468.0	271.0
71700	284117	486.0	272.0
71712	284117	507.0	274.0
71724	284117	530.0	277.0
71736	284117	560.0	280.0
71748	284117	594.0	285.0
71760	284117	636.0	289.0
71772	284117	688.0	296.0
71784	284117	757.0	304.0
71796	284117	848.0	316.0
71808	284117	966.0	333.0
71820	284117	1011.0	359.0
71808	284214	299.0	250.0
71820	284214	300.2142857142857	249.07142857142858
71832	284214	302.7857142857143	249.92857142857142
71844	284214	305.75	250.0
71856	284214	308.0	251.0
71868	284214	309.0	251.0
71880	284214	303.5	249.5
71892	284214	311.0	250.0
71904	284214	313.0	251.0
71916	284214	316.0	251.0
71928	284214	318.0	252.0
71940	284214	319.0	252.0
71952	284214	320.0	252.0
71964	284214	323.0	251.0
71976	284214	324.0	250.0
71988	284214	326.0	252.0
72000	284214	330.0	253.0
72012	284214	334.0	253.0
72024	284214	337.0	253.0
72036	284214	340.0	254.0
72048	284214	344.0	255.0
72060	284214	348.0	255.0
72072	284214	353.0	255.0
72084	284214	358.0	256.0
72096	284214	362.0	257.0
72108	284214	367.0	258.0
72120	284214	372.0	258.0
72132	284214	377.0	259.0
72144	284214	383.0	260.0
72156	284214	390.0	261.0
72168	284214	397.0	262.0
72180	284214	405.0	263.0
72192	284214	413.0	264.0
72204	284214	422.0	265.0
72216	284214	433.0	266.0
72228	284214	444.0	267.0
72240	284214	458.0	269.0
72252	284214	473.0	270.0
72264	284214	489.0	272.0
72276	284214	508.0	274.0
72288	284214	530.0	276.0
72300	284214	556.0	279.0
72312	284214	586.0	283.0
72324	284214	622.0	287.0
72336	284214	667.0	293.0
72348	284214	723.0	300.0
72360	284214	795.0	309.0
72372	284214	892.0	322.0
72384	284214	982.0	339.0
71904	284231	332.0	251.0
71916	284231	334.0	252.0
71928	284231	337.0	253.0
71940	284231	340.0	253.0
71952	284231	343.0	253.0
71964	284231	345.0	253.0
71976	284231	349.0	255.0
71988	284231	353.0	254.0
72000	284231	358.0	255.0
72012	284231	363.0	255.0
72024	284231	368.0	256.0
72036	284231	373.0	256.0
72048	284231	378.0	257.0
72060	284231	385.0	258.0
72072	284231	390.0	259.0
72084	284231	398.0	260.0
72096	284231	404.0	261.0
72108	284231	412.0	262.0
72120	284231	422.0	264.0
72132	284231	432.0	265.0
72144	284231	442.0	266.0
72156	284231	455.0	267.0
72168	284231	468.0	269.0
72180	284231	484.0	270.0
72192	284231	502.0	273.0
72204	284231	522.0	274.0
72216	284231	547.0	277.0
72228	284231	575.0	280.0
72240	284231	609.0	284.0
72252	284231	650.0	289.0
72264	284231	701.0	295.0
72276	284231	765.0	302.0
72288	284231	850.0	312.0
72300	284231	962.0	326.0
72312	284231	1008.0	355.0
71916	284233	298.0	250.0
71928	284233	299.0	249.0
71940	284233	298.0	249.0
71952	284233	301.0	249.0
71964	284233	303.0	249.0
71976	284233	306.0	250.0
71988	284233	305.1111111111111	249.11111111111111
72000	284233	307.0	251.0
72012	284233	310.0	251.0
72024	284233	312.0	250.0
72036	284233	313.0	250.0
72048	284233	316.0	251.0
72060	284233	319.0	251.0
72072	284233	325.0	252.0
72084	284233	329.0	253.0
72096	284233	330.0	252.0
72108	284233	337.0	254.0
72120	284233	339.0	254.0
72132	284233	345.0	255.0
72144	284233	349.0	255.0
72156	284233	353.0	256.0
72168	284233	358.0	256.0
72180	284233	363.0	256.0
72192	284233	369.0	257.0
72204	284233	376.0	258.0
72216	284233	381.0	259.0
72228	284233	387.0	260.0
72240	284233	395.0	261.0
72252	284233	402.0	262.0
72264	284233	410.0	263.0
72276	284233	420.0	264.0
72288	284233	430.0	265.0
72300	284233	441.0	267.0
72312	284233	455.0	268.0
72324	284233	470.0	270.0
72336	284233	485.0	271.0
72348	284233	505.0	274.0
72360	284233	526.0	276.0
72372	284233	550.0	279.0
72384	284233	580.0	283.0
72396	284233	615.0	287.0
72408	284233	659.0	292.0
72420	284233	713.0	299.0
72432	284233	783.0	308.0
72444	284233	876.0	321.0
72456	284233	976.0	337.0
71988	284247	266.0	248.0
72000	284247	267.0	249.0
72012	284247	268.0	249.0
72024	284247	267.0	249.0
72036	284247	269.0	249.5
72048	284247	269.51612903225805	249.0
72060	284247	270.2903225806452	249.0
72072	284247	271.1333333333333	249.06666666666666
72084	284247	272.73333333333335	249.86666666666667
72096	284247	274.0	250.0
72108	284247	275.0	250.0
72120	284247	276.0	250.0
72132	284247	277.0	251.0
72144	284247	278.0	250.0
72156	284247	280.0	251.0
72168	284247	282.0	252.0
72180	284247	283.0	251.0
72192	284247	284.0	252.0
72204	284247	284.0	252.0
72216	284247	286.0	252.0
72228	284247	289.0	252.0
72240	284247	290.0	253.0
72252	284247	291.0	253.0
72264	284247	292.0	253.0
72276	284247	294.0	254.0
72288	284247	296.0	254.0
72300	284247	298.0	255.0
72312	284247	300.0	255.0
72324	284247	301.0	255.0
72336	284247	303.0	256.0
72348	284247	305.0	256.0
72360	284247	308.0	257.0
72372	284247	310.0	258.0
72384	284247	312.0	258.0
72396	284247	315.0	260.0
72408	284247	318.0	260.0
72420	284247	321.0	261.0
72432	284247	324.0	262.0
72444	284247	327.0	263.0
72456	284247	332.0	264.0
72468	284247	336.0	265.0
72480	284247	341.0	266.0
72492	284247	347.0	268.0
72504	284247	353.0	268.0
72516	284247	360.0	270.0
72528	284247	368.0	272.0
72540	284247	378.0	274.0
72552	284247	388.0	275.0
72564	284247	400.0	277.0
72576	284247	414.0	280.0
72588	284247	430.0	283.0
72600	284247	449.0	287.0
72612	284247	473.0	293.0
72624	284247	500.0	299.0
72636	284247	533.0	307.0
72648	284247	578.0	318.0
72660	284247	636.0	330.0
72672	284247	715.0	348.0
72684	284247	833.0	374.0
72696	284247	982.0	418.0
72180	284291	262.0	248.0
72192	284291	262.0	248.0
72204	284291	262.0	248.0
72216	284291	262.25531914893617	248.0
72228	284291	262.7659574468085	248.0
72240	284291	263.27659574468083	248.0
72252	284291	263.78723404255317	248.0
72264	284291	264.0	249.0
72276	284291	264.0	249.0
72288	284291	265.0	249.0
72300	284291	264.0	250.0
72312	284291	265.0	249.0
72324	284291	266.0	249.0
72336	284291	267.0	249.0
72348	284291	267.0	249.0
72360	284291	268.0	250.0
72372	284291	268.44444444444446	250.0
72384	284291	269.0	251.0
72396	284291	270.0	251.0
72408	284291	270.0	251.0
72420	284291	271.1764705882353	251.0
72432	284291	271.52941176470586	251.0
72444	284291	271.88235294117646	251.0
72456	284291	272.2352941176471	251.0
72468	284291	272.5882352941176	251.0
72480	284291	272.94117647058823	251.0
72492	284291	274.27272727272725	251.3181818181818
72504	284291	276.45454545454544	251.86363636363637
72516	284291	277.0	253.0
72528	284291	279.0	254.0
72540	284291	277.0	252.0
72552	284291	277.0	252.0
72564	284291	279.0	253.0
72576	284291	283.0	255.0
72588	284291	284.0	255.0
72600	284291	286.0	253.0
72612	284291	287.0	253.0
72624	284291	292.0	256.0
72636	284291	294.0	256.0
72648	284291	298.0	258.0
72660	284291	299.0	259.0
72672	284291	302.0	259.0
72684	284291	305.0	259.0
72696	284291	310.0	261.0
72708	284291	314.0	261.0
72720	284291	319.0	262.0
72732	284291	324.0	263.0
72744	284291	329.0	264.0
72756	284291	337.0	266.0
72768	284291	344.0	267.0
72780	284291	352.0	268.0
72792	284291	360.0	270.0
72804	284291	369.0	271.0
72816	284291	378.0	273.0
72828	284291	388.0	274.0
72840	284291	400.0	276.0
72852	284291	414.0	279.0
72864	284291	430.0	281.0
72876	284291	448.0	285.0
72888	284291	468.0	289.0
72900	284291	494.0	295.0
72912	284291	523.0	300.0
72924	284291	561.0	309.0
72936	284291	608.0	319.0
72948	284291	671.0	333.0
72960	284291	758.0	353.0
72972	284291	886.0	381.0
72984	284291	1000.0	429.0
72444	284320	287.0	252.0
72456	284320	287.44444444444446	251.55555555555554
72468	284320	290.0	253.0
72480	284320	291.3333333333333	253.0
72492	284320	292.0	253.0
72504	284320	295.0	253.0
72516	284320	296.0	254.0
72528	284320	299.0	254.0
72540	284320	301.0	255.0
72552	284320	303.0	256.0
72564	284320	306.0	257.0
72576	284320	308.0	257.0
72588	284320	310.0	258.0
72600	284320	313.0	258.0
72612	284320	316.0	258.0
72624	284320	320.0	259.0
72636	284320	323.0	261.0
72648	284320	327.0	261.0
72660	284320	332.0	262.0
72672	284320	337.0	263.0
72684	284320	342.0	265.0
72696	284320	347.0	266.0
72708	284320	355.0	267.0
72720	284320	362.0	268.0
72732	284320	370.0	269.0
72744	284320	379.0	271.0
72756	284320	390.0	272.0
72768	284320	401.0	274.0
72780	284320	413.0	276.0
72792	284320	427.0	278.0
72804	284320	444.0	281.0
72816	284320	462.0	284.0
72828	284320	484.0	288.0
72840	284320	509.0	294.0
72852	284320	540.0	301.0
72864	284320	577.0	308.0
72876	284320	624.0	318.0
72888	284320	687.0	332.0
72900	284320	775.0	351.0
72912	284320	905.5	378.0
72924	284320	1002.0	424.0
72504	284331	262.0	252.0
72516	284331	262.8333333333333	252.0
72528	284331	262.0	250.0
72540	284331	262.0	249.0
72552	284331	263.0	248.0
72564	284331	265.0	249.0
72576	284331	266.0	249.0
72588	284331	266.0	250.0
72600	284331	267.0	250.0
72612	284331	268.0	251.0
72624	284331	269.0	251.0
72636	284331	270.0	251.0
72648	284331	271.0	252.0
72660	284331	272.0	251.0
72672	284331	274.0	251.0
72684	284331	275.0	252.0
72696	284331	275.0	251.0
72708	284331	276.0	251.0
72720	284331	277.0	251.0
72732	284331	277.0	252.0
72744	284331	280.0	253.0
72756	284331	281.0	253.0
72768	284331	281.0	252.0
72780	284331	283.0	253.0
72792	284331	284.0	253.0
72804	284331	284.0	254.0
72816	284331	286.0	254.0
72828	284331	287.0	254.0
72840	284331	289.0	254.0
72852	284331	290.0	255.0
72864	284331	292.0	256.0
72876	284331	294.0	256.0
72888	284331	296.0	257.0
72900	284331	297.0	257.0
72912	284331	300.0	258.0
72924	284331	302.0	259.0
72936	284331	304.0	259.0
72948	284331	306.0	260.0
72960	284331	308.0	261.0
72972	284331	313.0	262.0
72984	284331	316.0	263.0
72996	284331	320.0	263.0
73008	284331	323.0	264.0
73020	284331	328.0	265.0
73032	284331	334.0	266.0
73044	284331	339.0	267.0
73056	284331	345.0	269.0
73068	284331	351.0	270.0
73080	284331	359.0	271.0
73092	284331	367.0	273.0
73104	284331	376.0	275.0
73116	284331	387.0	277.0
73128	284331	398.0	279.0
73140	284331	412.0	282.0
73152	284331	428.0	286.0
73164	284331	446.0	291.0
73176	284331	468.0	296.0
73188	284331	495.0	303.0
73200	284331	529.0	311.0
73212	284331	573.0	323.0
73224	284331	631.0	338.0
73236	284331	715.0	358.0
73248	284331	846.0	392.0
73260	284331	993.0	446.0
72780	284395	314.6666666666667	250.33333333333334
72792	284395	320.0	252.0
72804	284395	324.0	251.0
72816	284395	327.0	251.0
72828	284395	330.0	253.0
72840	284395	334.0	253.0
72852	284395	338.0	254.0
72864	284395	338.0	254.0
72876	284395	341.0	254.0
72888	284395	347.0	255.0
72900	284395	350.0	255.0
72912	284395	354.0	256.0
72924	284395	359.0	257.0
72936	284395	362.0	258.0
72948	284395	368.0	258.0
72960	284395	373.0	259.0
72972	284395	380.0	260.0
72984	284395	386.0	260.0
72996	284395	393.0	262.0
73008	284395	401.0	262.0
73020	284395	409.0	263.0
73032	284395	418.0	264.0
73044	284395	428.0	265.0
73056	284395	440.0	266.0
73068	284395	452.0	268.0
73080	284395	465.0	269.0
73092	284395	480.0	271.0
73104	284395	498.0	272.0
73116	284395	517.0	274.0
73128	284395	539.0	277.0
73140	284395	565.0	281.0
73152	284395	595.0	284.0
73164	284395	633.0	289.0
73176	284395	677.0	294.0
73188	284395	734.0	301.0
73200	284395	805.0	310.0
73212	284395	902.0	323.0
73224	284395	983.0	339.0
72840	284416	349.0	254.0
72852	284416	352.6666666666667	256.0
72864	284416	358.0	256.0
72876	284416	365.0	258.0
72888	284416	372.0	258.0
72900	284416	378.0	259.0
72912	284416	385.0	259.0
72924	284416	394.0	262.0
72936	284416	401.0	263.0
72948	284416	409.0	263.0
72960	284416	418.0	265.0
72972	284416	428.0	266.0
72984	284416	439.0	267.0
72996	284416	450.0	268.0
73008	284416	464.0	270.0
73020	284416	479.0	271.0
73032	284416	496.0	273.0
73044	284416	517.0	275.0
73056	284416	539.0	278.0
73068	284416	565.0	281.0
73080	284416	597.0	284.0
73092	284416	634.0	289.0
73104	284416	680.0	294.0
73116	284416	738.0	301.0
73128	284416	810.0	311.0
73140	284416	907.0	324.0
73152	284416	983.0	341.0
72888	284433	273.0	251.0
72900	284433	274.0	252.0
72912	284433	275.0	252.0
72924	284433	276.0	251.0
72936	284433	279.0	252.0
72948	284433	279.0	251.0
72960	284433	282.0	253.0
72972	284433	283.0	254.0
72984	284433	285.0	254.0
72996	284433	290.0	255.0
73008	284433	293.0	256.0
73020	284433	295.0	256.0
73032	284433	299.0	256.0
73044	284433	302.0	256.0
73056	284433	305.0	257.0
73068	284433	309.0	258.0
73080	284433	313.0	259.0
73092	284433	318.0	259.0
73104	284433	321.0	260.0
73116	284433	325.0	261.0
73128	284433	330.0	262.0
73140	284433	334.0	263.0
73152	284433	339.0	264.0
73164	284433	344.0	266.0
73176	284433	351.0	267.0
73188	284433	358.0	269.0
73200	284433	366.0	270.0
73212	284433	374.0	271.0
73224	284433	384.0	273.0
73236	284433	395.0	274.0
73248	284433	408.0	276.0
73260	284433	423.0	279.0
73272	284433	442.0	283.0
73284	284433	462.0	287.0
73296	284433	487.0	293.0
73308	284433	518.0	300.0
73320	284433	555.0	308.0
73332	284433	605.0	320.0
73344	284433	670.0	332.0
73356	284433	767.0	353.0
73368	284433	915.0	384.0
73380	284433	1014.0	440.0
72972	284464	260.0	247.0
72984	284464	261.0	248.0
72996	284464	261.0	248.0
73008	284464	260.7	248.0
73020	284464	260.0	247.58333333333334
73032	284464	260.0	247.0
73044	284464	261.0	247.0
73056	284464	261.0	247.0
73068	284464	261.0	248.0
73080	284464	262.0	248.0
73092	284464	261.0	248.0
73104	284464	262.0	248.0
73116	284464	262.0	247.0
73128	284464	263.0	249.0
73140	284464	263.0	249.0
73152	284464	264.0	249.0
73164	284464	264.0	250.0
73176	284464	264.0	250.0
73188	284464	265.0	250.0
73200	284464	265.0	249.0
73212	284464	266.0	250.0
73224	284464	266.0	250.0
73236	284464	268.0	250.0
73248	284464	268.0	250.0
73260	284464	269.0	250.0
73272	284464	270.0	250.0
73284	284464	271.0	251.0
73296	284464	272.0	252.0
73308	284464	274.0	252.0
73320	284464	274.0	251.0
73332	284464	276.0	251.0
73344	284464	277.0	251.0
73356	284464	279.0	251.0
73368	284464	281.0	252.0
73380	284464	282.0	253.0
73392	284464	283.0	253.0
73404	284464	284.0	253.0
73416	284464	286.0	253.0
73428	284464	289.0	254.0
73440	284464	291.0	254.0
73452	284464	293.0	254.0
73464	284464	296.0	255.0
73476	284464	297.0	255.0
73488	284464	299.0	256.0
73500	284464	301.0	256.0
73512	284464	304.0	257.0
73524	284464	307.0	257.0
73536	284464	310.0	258.0
73548	284464	312.0	258.0
73560	284464	316.0	259.0
73572	284464	320.0	259.0
73584	284464	324.0	260.0
73596	284464	326.0	261.0
73608	284464	332.0	262.0
73620	284464	336.0	263.0
73632	284464	341.0	264.0
73644	284464	346.0	265.0
73656	284464	352.0	266.0
73668	284464	359.0	267.0
73680	284464	366.0	268.0
73692	284464	375.0	269.0
73704	284464	384.0	271.0
73716	284464	394.0	273.0
73728	284464	405.0	274.0
73740	284464	419.0	277.0
73752	284464	435.0	279.0
73764	284464	453.0	283.0
73776	284464	473.0	287.0
73788	284464	498.0	292.0
73800	284464	528.0	297.0
73812	284464	566.0	305.0
73824	284464	614.0	316.0
73836	284464	678.0	329.0
73848	284464	763.0	345.0
73860	284464	894.0	372.0
73872	284464	1001.0	417.0
73044	284478	277.0	247.0
73056	284478	277.0	246.0
73068	284478	278.0	247.0
73080	284478	277.0	247.0
73092	284478	278.0	247.0
73104	284478	278.0	246.0
73116	284478	278.1363636363636	246.13636363636363
73128	284478	278.6818181818182	246.6818181818182
73140	284478	279.6896551724138	247.0
73152	284478	281.3448275862069	247.0
73164	284478	283.0	247.0
73176	284478	283.0	247.0
73188	284478	284.0	246.0
73200	284478	285.0	246.0
73212	284478	286.0	246.0
73224	284478	287.0	247.0
73236	284478	287.5	247.0
73248	284478	289.5	247.0
73260	284478	290.0	248.0
73272	284478	291.0	248.0
73284	284478	292.0	249.0
73296	284478	293.0	249.0
73308	284478	294.0	249.0
73320	284478	296.0	249.0
73332	284478	297.0	249.0
73344	284478	298.0	249.0
73356	284478	299.0	249.0
73368	284478	302.0	250.0
73380	284478	304.0	251.0
73392	284478	305.0	251.0
73404	284478	307.0	250.0
73416	284478	309.0	251.0
73428	284478	311.0	250.0
73440	284478	314.0	250.0
73452	284478	318.0	251.0
73464	284478	319.0	252.0
73476	284478	320.0	252.0
73488	284478	323.0	252.0
73500	284478	325.0	252.0
73512	284478	327.0	252.0
73524	284478	331.0	253.0
73536	284478	334.0	253.0
73548	284478	337.0	254.0
73560	284478	340.0	254.0
73572	284478	344.0	255.0
73584	284478	347.0	255.0
73596	284478	351.0	255.0
73608	284478	355.0	256.0
73620	284478	359.0	256.0
73632	284478	363.0	256.0
73644	284478	369.0	257.0
73656	284478	374.0	258.0
73668	284478	380.0	259.0
73680	284478	386.0	259.0
73692	284478	393.0	260.0
73704	284478	401.0	262.0
73716	284478	409.0	262.0
73728	284478	417.0	263.0
73740	284478	427.0	263.0
73632	284572	268.0	250.0
73644	284572	269.0	248.75
73656	284572	269.5	249.0
73668	284572	270.0	249.0
73680	284572	272.0	249.0
73692	284572	272.38461538461536	249.0
73704	284572	273.0	249.0
73716	284572	273.0	249.0
73728	284572	275.0	250.0
73740	284572	276.0	250.0
73752	284572	276.0	250.0
73764	284572	278.0	251.0
73776	284572	279.0	251.0
73788	284572	280.0	251.0
73800	284572	281.0	250.0
73812	284572	282.0	251.0
73824	284572	283.0	252.0
73836	284572	284.0	252.0
73848	284572	286.0	252.0
73860	284572	287.0	252.0
73872	284572	288.0	253.0
73884	284572	290.0	254.0
73896	284572	291.0	254.0
73908	284572	292.0	254.0
73920	284572	295.0	254.0
73932	284572	296.0	254.0
73944	284572	297.0	255.0
73956	284572	300.0	256.0
73968	284572	301.0	256.0
73980	284572	304.0	257.0
73992	284572	305.0	257.0
74004	284572	308.0	258.0
74016	284572	310.0	258.0
74028	284572	313.0	259.0
74040	284572	316.0	260.0
74052	284572	318.0	261.0
74064	284572	322.0	261.0
74076	284572	325.0	263.0
74088	284572	329.0	263.0
74100	284572	333.0	265.0
74112	284572	337.0	265.0
74124	284572	342.0	266.0
74136	284572	348.0	268.0
74148	284572	353.0	269.0
74160	284572	360.0	270.0
74172	284572	368.0	272.0
74184	284572	376.0	273.0
74196	284572	386.0	275.0
74208	284572	397.0	277.0
74220	284572	410.0	279.0
74232	284572	425.0	283.0
74244	284572	442.0	286.0
74256	284572	463.0	291.0
74268	284572	487.0	296.0
74280	284572	519.0	304.0
74292	284572	558.0	312.0
74304	284572	609.0	324.0
74316	284572	679.0	338.0
74328	284572	777.0	358.0
74340	284572	927.0	390.0
74352	284572	1018.0	446.0
74208	284613	273.0	251.0
74220	284613	275.0	252.0
74232	284613	275.0	251.0
74244	284613	276.0	251.0
74256	284613	277.0	251.0
74268	284613	278.0	252.0
74280	284613	279.0	253.0
74292	284613	281.0	253.0
74304	284613	280.0	253.0
74316	284613	282.0	253.0
74328	284613	283.0	253.0
74340	284613	284.0	253.0
74352	284613	285.0	254.0
74364	284613	287.0	254.0
74376	284613	288.0	254.0
74388	284613	290.0	254.0
74400	284613	292.0	255.0
74412	284613	293.0	255.0
74424	284613	295.0	256.0
74436	284613	298.0	256.0
74448	284613	300.0	257.0
74460	284613	302.0	257.0
74472	284613	304.0	258.0
74484	284613	306.0	258.0
74496	284613	308.0	259.0
74508	284613	312.0	260.0
74520	284613	316.0	260.0
74532	284613	319.0	261.0
74544	284613	322.0	262.0
74556	284613	326.0	263.0
74568	284613	330.0	265.0
74580	284613	335.0	265.0
74592	284613	340.0	266.0
74604	284613	346.0	268.0
74616	284613	354.0	269.0
74628	284613	361.0	271.0
74640	284613	370.0	272.0
74652	284613	380.0	274.0
74664	284613	392.0	275.0
74676	284613	405.0	277.0
74688	284613	420.0	280.0
74700	284613	437.0	284.0
74712	284613	456.0	288.0
74724	284613	480.0	293.0
74736	284613	507.0	299.0
74748	284613	541.0	308.0
74760	284613	585.0	318.0
74772	284613	643.0	332.0
74784	284613	721.0	350.0
74796	284613	842.0	379.0
74808	284613	987.0	425.0
74208	284614	296.8333333333333	249.0
74220	284614	298.70588235294116	250.0
74232	284614	300.14	250.0
74244	284614	301.82	250.0
74256	284614	303.5	250.0
74268	284614	305.18	250.0
74280	284614	306.86	250.0
74292	284614	308.30434782608694	250.0
74304	284614	309.8695652173913	250.0
74316	284614	312.0	251.0
74328	284614	314.0	251.0
74340	284614	316.0	251.0
74352	284614	319.0	251.0
74364	284614	321.0	251.0
74376	284614	323.0	252.0
74388	284614	326.0	252.0
74400	284614	327.75	252.0
74412	284614	331.0	252.0
74424	284614	334.0	253.0
74436	284614	337.6666666666667	253.33333333333334
74448	284614	340.0	253.0
74460	284614	345.0	254.0
74472	284614	347.0	255.0
74484	284614	354.0	255.0
74496	284614	357.0	255.0
74508	284614	361.0	256.0
74520	284614	365.0	256.0
74532	284614	370.0	257.0
74544	284614	376.0	258.0
74556	284614	382.0	259.0
74568	284614	388.0	260.0
74580	284614	396.0	260.0
74592	284614	402.0	262.0
74604	284614	410.0	262.0
74616	284614	420.0	264.0
74628	284614	429.0	265.0
74640	284614	439.0	266.0
74652	284614	453.0	268.0
74664	284614	467.0	270.0
74676	284614	484.0	271.0
74688	284614	501.0	273.0
74700	284614	524.0	275.0
74712	284614	548.0	278.0
74724	284614	579.0	282.0
74736	284614	616.0	286.0
74748	284614	662.0	292.0
74760	284614	719.0	298.0
74772	284614	792.0	307.0
74784	284614	894.0	320.0
74796	284614	983.0	337.0
74472	284637	285.0	253.0
74484	284637	286.5	252.75
74496	284637	289.0	254.0
74508	284637	293.0	255.0
74520	284637	294.0	255.0
74532	284637	297.0	256.0
74544	284637	299.0	257.0
74556	284637	301.0	257.0
74568	284637	302.0	257.0
74580	284637	306.0	257.0
74592	284637	310.0	259.0
74604	284637	312.0	259.0
74616	284637	317.0	260.0
74628	284637	320.0	261.0
74640	284637	326.0	263.0
74652	284637	332.0	263.0
74664	284637	338.0	264.0
74676	284637	344.0	266.0
74688	284637	351.0	267.0
74700	284637	358.0	268.0
74712	284637	366.0	270.0
74724	284637	374.0	271.0
74736	284637	383.0	273.0
74748	284637	394.0	275.0
74760	284637	407.0	277.0
74772	284637	422.0	280.0
74784	284637	439.0	284.0
74796	284637	459.0	288.0
74808	284637	483.0	293.0
74820	284637	513.0	301.0
74832	284637	551.0	310.0
74844	284637	599.0	321.0
74856	284637	667.0	337.0
74868	284637	763.0	359.0
74880	284637	916.0	394.0
74892	284637	1022.0	459.0
74472	284638	321.6666666666667	251.66666666666666
74484	284638	325.0	254.0
74496	284638	329.0	254.0
74508	284638	331.0	253.0
74520	284638	334.0	254.0
74532	284638	339.0	255.0
74544	284638	344.0	255.0
74556	284638	348.0	255.0
74568	284638	353.0	256.0
74580	284638	358.0	257.0
74592	284638	363.0	257.0
74604	284638	370.0	257.0
74616	284638	377.0	258.0
74628	284638	384.0	259.0
74640	284638	391.0	260.0
74652	284638	401.0	261.0
74664	284638	411.0	262.0
74676	284638	423.0	264.0
74688	284638	436.0	265.0
74700	284638	447.0	267.0
74712	284638	461.0	268.0
74604	284656	287.0	252.0
74616	284656	288.0	253.0
74628	284656	290.0	253.0
74640	284656	292.0	254.0
74652	284656	293.0	255.0
74664	284656	297.0	255.0
74676	284656	299.0	256.0
74688	284656	302.0	256.0
74700	284656	305.0	257.0
74712	284656	307.0	258.0
74724	284656	312.0	259.0
74736	284656	315.0	259.0
74748	284656	319.0	261.0
74760	284656	323.0	261.0
74772	284656	328.0	262.0
74784	284656	334.0	263.0
74796	284656	339.0	265.0
74808	284656	345.0	266.0
74820	284656	353.0	267.0
74832	284656	361.0	268.0
74844	284656	369.0	271.0
74856	284656	379.0	272.0
74868	284656	390.0	274.0
74880	284656	403.0	276.0
74892	284656	417.0	279.0
74904	284656	434.0	282.0
74916	284656	454.0	287.0
74928	284656	479.0	292.0
74940	284656	510.0	299.0
74952	284656	549.0	308.0
74964	284656	600.0	319.0
74976	284656	671.0	336.0
74988	284656	774.0	357.0
75000	284656	939.0	394.0
75012	284656	1030.0	463.0
74616	284658	266.12280701754383	251.0
74628	284658	267.5964912280702	251.0
74640	284658	269.0701754385965	251.0
74652	284658	270.5438596491228	251.0
74664	284658	272.0175438596491	251.0
74676	284658	273.0	251.0
74688	284658	275.0	251.0
74700	284658	276.0	251.0
74712	284658	277.0	251.0
74724	284658	278.0	251.0
74736	284658	279.0	251.0
74748	284658	280.0	252.0
74760	284658	282.0	251.0
74772	284658	284.0	252.0
74784	284658	285.0	253.0
74796	284658	287.0	253.0
74808	284658	287.0	253.0
74820	284658	289.0	254.0
74832	284658	290.0	254.0
74844	284658	291.0	254.0
74856	284658	294.0	255.0
74868	284658	296.0	256.0
74880	284658	297.0	256.0
74892	284658	300.0	256.0
74904	284658	302.0	256.0
74916	284658	304.0	257.0
74928	284658	307.0	258.0
74940	284658	310.0	258.0
74952	284658	313.0	259.0
74964	284658	316.0	260.0
74976	284658	320.0	261.0
74988	284658	324.0	262.0
75000	284658	328.0	263.0
75012	284658	333.0	264.0
75024	284658	338.0	265.0
75036	284658	343.0	266.0
75048	284658	349.0	267.0
75060	284658	356.0	269.0
75072	284658	364.0	270.0
75084	284658	372.0	272.0
75096	284658	381.0	274.0
75108	284658	393.0	275.0
75120	284658	405.0	277.0
75132	284658	421.0	280.0
75144	284658	438.0	284.0
75156	284658	458.0	289.0
75168	284658	484.0	294.0
75180	284658	514.0	301.0
75192	284658	552.0	310.0
75204	284658	601.0	321.0
75216	284658	672.0	337.0
75228	284658	769.0	358.0
75240	284658	924.0	393.0
75252	284658	1019.0	455.0
75072	284738	317.0	250.0
75084	284738	318.0	251.0
75096	284738	320.0	250.0
75108	284738	323.0	251.0
75120	284738	326.0	252.0
75132	284738	326.0	252.0
75144	284738	329.0	251.0
75156	284738	332.0	253.0
75168	284738	335.0	253.0
75180	284738	338.0	253.0
75192	284738	342.0	253.0
75204	284738	345.0	254.0
75216	284738	350.0	255.0
75228	284738	353.0	255.0
75240	284738	358.0	255.0
75252	284738	363.0	256.0
75264	284738	369.0	257.0
75276	284738	374.0	258.0
75288	284738	380.0	258.0
75300	284738	386.0	258.0
75312	284738	394.0	260.0
75324	284738	401.0	261.0
75336	284738	408.0	262.0
75348	284738	416.0	263.0
75360	284738	426.0	264.0
75372	284738	435.0	265.0
75384	284738	447.0	267.0
75396	284738	459.0	268.0
75408	284738	474.0	270.0
75420	284738	488.0	272.0
75432	284738	506.0	273.0
75444	284738	527.0	276.0
75456	284738	553.0	279.0
75468	284738	582.0	283.0
75480	284738	618.0	286.0
75492	284738	660.0	292.0
75504	284738	715.0	298.0
75516	284738	782.0	307.0
75528	284738	873.0	318.0
75540	284738	975.0	334.0
75084	284739	277.0	250.0
75096	284739	277.625	250.0
75108	284739	279.125	250.0
75120	284739	280.0	250.0
75132	284739	281.07142857142856	251.0
75144	284739	281.92857142857144	251.0
75156	284739	282.0	252.0
75168	284739	284.0	251.0
75180	284739	285.14285714285717	251.14285714285714
75192	284739	286.0	252.0
75204	284739	287.0	253.0
75216	284739	287.0	253.0
75228	284739	290.0	253.0
75240	284739	291.0	253.0
75252	284739	293.0	254.0
75264	284739	294.0	255.0
75276	284739	296.0	256.0
75288	284739	297.0	256.0
75300	284739	300.0	256.0
75312	284739	302.0	256.0
75324	284739	304.0	257.0
75336	284739	305.0	258.0
75348	284739	308.0	258.0
75360	284739	312.0	259.0
75372	284739	314.0	260.0
75384	284739	317.0	260.0
75396	284739	321.0	261.0
75408	284739	324.0	262.0
75420	284739	327.0	263.0
75432	284739	330.0	264.0
75444	284739	335.0	265.0
75456	284739	341.0	267.0
75468	284739	345.0	267.0
75480	284739	351.0	268.0
75492	284739	357.0	269.0
75504	284739	364.0	272.0
75516	284739	372.0	273.0
75528	284739	381.0	274.0
75540	284739	391.0	275.0
75552	284739	403.0	279.0
75564	284739	416.0	281.0
75576	284739	432.0	285.0
75588	284739	450.0	289.0
75600	284739	472.0	294.0
75612	284739	498.0	300.0
75624	284739	530.0	309.0
75636	284739	571.0	318.0
75648	284739	626.0	332.0
75660	284739	698.0	348.0
75672	284739	807.0	375.0
75684	284739	967.0	416.0
75696	284739	1035.0	495.0
75096	284743	298.4	248.4
75108	284743	300.0	248.0
75120	284743	301.0	248.0
75132	284743	301.0	249.0
75144	284743	301.0	249.0
75156	284743	305.0	250.0
75168	284743	307.0	250.0
75180	284743	309.0	250.0
75192	284743	312.0	249.0
75204	284743	313.0	251.0
75216	284743	314.0	251.0
75228	284743	316.0	251.0
75240	284743	317.0	251.0
75252	284743	319.0	251.0
75264	284743	323.0	252.0
75276	284743	325.0	252.0
75288	284743	328.0	253.0
75300	284743	330.0	253.0
75312	284743	332.0	254.0
75324	284743	336.0	253.0
75336	284743	340.0	254.0
75348	284743	344.0	256.0
75360	284743	348.0	256.0
75372	284743	352.0	256.0
75384	284743	357.0	257.0
75396	284743	362.0	257.0
75408	284743	369.0	258.0
75420	284743	375.0	259.0
75432	284743	381.0	260.0
75444	284743	389.0	260.0
75456	284743	397.0	262.0
75468	284743	405.0	263.0
75480	284743	415.0	264.0
75492	284743	425.0	265.0
75504	284743	438.0	267.0
75516	284743	450.0	268.0
75528	284743	465.0	270.0
75540	284743	482.0	271.0
75552	284743	501.0	273.0
75564	284743	522.0	276.0
75576	284743	547.0	278.0
75588	284743	576.0	282.0
75600	284743	611.0	286.0
75612	284743	654.0	291.0
75624	284743	707.0	298.0
75636	284743	777.0	307.0
75648	284743	864.0	319.0
75660	284743	971.0	334.0
75672	284743	1009.0	364.0
75396	284773	274.0	251.0
75408	284773	275.0	251.0
75420	284773	275.0	251.0
75432	284773	275.0	250.0
75444	284773	277.0	251.0
75456	284773	279.0	251.0
75468	284773	280.0	252.0
75480	284773	281.0	252.0
75492	284773	283.0	252.0
75504	284773	283.0	252.0
75516	284773	285.0	253.0
75528	284773	288.0	253.0
75540	284773	288.0	253.0
75552	284773	291.0	254.0
75564	284773	292.0	254.0
75576	284773	294.0	254.0
75588	284773	296.0	255.0
75600	284773	297.0	254.0
75612	284773	299.0	255.0
75624	284773	300.0	256.0
75636	284773	302.0	256.0
75648	284773	305.0	257.0
75660	284773	307.0	257.0
75672	284773	309.0	257.0
75684	284773	312.0	258.0
75696	284773	315.0	259.0
75708	284773	319.0	260.0
75720	284773	322.0	261.0
75732	284773	326.0	261.0
75744	284773	330.0	262.0
75756	284773	335.0	264.0
75768	284773	339.0	265.0
75780	284773	344.0	266.0
75792	284773	351.0	267.0
75804	284773	358.0	268.0
75816	284773	365.0	270.0
75828	284773	373.0	271.0
75840	284773	382.0	273.0
75852	284773	393.0	274.0
75864	284773	406.0	276.0
75876	284773	421.0	279.0
75888	284773	437.0	282.0
75900	284773	456.0	285.0
75912	284773	478.0	289.0
75924	284773	505.0	296.0
75936	284773	537.0	302.0
75948	284773	578.0	311.0
75960	284773	631.0	322.0
75972	284773	702.0	338.0
75984	284773	804.0	359.0
75996	284773	959.0	394.0
76008	284773	1025.0	453.0
75456	284780	291.0	247.0
75468	284780	292.0	246.0
75480	284780	293.0	247.0
75492	284780	294.0	247.0
75504	284780	295.0	248.0
75516	284780	296.0	248.0
75528	284780	297.0	249.0
75540	284780	298.0	249.0
75552	284780	299.0	248.0
75564	284780	300.0	248.0
75576	284780	301.0	249.0
75588	284780	303.75	248.0
75600	284780	305.3333333333333	248.66666666666666
75612	284780	308.0	248.0
75624	284780	309.0	248.0
75636	284780	310.0	248.5
75648	284780	313.0	250.0
75660	284780	315.0	250.0
75672	284780	317.0	250.0
75684	284780	319.0	250.0
75696	284780	322.0	250.0
75708	284780	325.5	249.0
75720	284780	327.0	250.0
75612	284804	199.0	248.0
75624	284804	205.0	249.0
75636	284804	211.0	250.0
75648	284804	217.0	251.0
75660	284804	219.0	251.0
75672	284804	223.0	250.0
75684	284804	227.0	251.0
75696	284804	229.0	251.0
75708	284804	232.0	252.0
75720	284804	234.0	252.0
75732	284804	235.0	250.5
75744	284804	239.0	250.0
75756	284804	241.0	251.0
75768	284804	241.0	251.0
75780	284804	242.0	251.0
75792	284804	243.0	252.0
75804	284804	244.0	252.0
75816	284804	245.0	252.0
75828	284804	246.0	253.0
75840	284804	244.0	253.0
75852	284804	246.0	253.0
75864	284804	248.0	253.0
75876	284804	249.0	253.0
75888	284804	250.0	253.0
75900	284804	251.0	254.0
75912	284804	250.0	254.0
75924	284804	251.0	254.0
75936	284804	251.0	254.0
75948	284804	250.0	254.0
75960	284804	253.0	254.0
75972	284804	253.0	255.0
75984	284804	253.0	256.0
75996	284804	254.0	256.0
76008	284804	255.0	257.0
76020	284804	257.0	257.0
76032	284804	258.0	257.0
76044	284804	261.0	257.0
76056	284804	262.0	258.0
76068	284804	265.0	259.0
76080	284804	270.0	259.0
76092	284804	273.0	260.0
76104	284804	276.0	261.0
76116	284804	282.0	261.0
76128	284804	285.0	262.0
76140	284804	290.0	263.0
76152	284804	296.0	263.0
76164	284804	302.0	264.0
76176	284804	311.0	266.0
76188	284804	317.0	266.0
76200	284804	324.0	267.0
76212	284804	332.0	268.0
76224	284804	342.0	270.0
76236	284804	351.0	271.0
76248	284804	361.0	273.0
76260	284804	373.0	275.0
76272	284804	386.0	277.0
76284	284804	399.0	279.0
76296	284804	416.0	282.0
76308	284804	435.0	286.0
76320	284804	456.0	290.0
76332	284804	481.0	295.0
76344	284804	513.0	303.0
76356	284804	552.0	312.0
76368	284804	602.0	323.0
76380	284804	671.0	340.0
76392	284804	772.0	362.0
76404	284804	931.0	400.0
76416	284804	1024.0	466.0
75756	284829	298.0	248.0
75768	284829	299.0	247.0
75780	284829	300.0	248.0
75792	284829	301.0	248.0
75804	284829	303.0	249.0
75816	284829	304.0	249.0
75828	284829	305.0	249.0
75840	284829	307.0	249.0
75852	284829	308.0	249.0
75864	284829	310.0	250.0
75876	284829	311.0	248.0
75888	284829	313.0	250.0
75900	284829	315.0	250.0
75912	284829	316.0	250.0
75924	284829	319.0	251.0
75936	284829	320.0	251.0
75948	284829	323.0	251.0
75960	284829	326.0	251.0
75972	284829	327.0	252.0
75984	284829	331.0	252.0
75996	284829	332.0	253.0
76008	284829	335.0	253.0
76020	284829	338.0	253.0
76032	284829	341.0	253.0
76044	284829	344.0	254.0
76056	284829	347.0	255.0
76068	284829	352.0	254.0
76080	284829	356.0	255.0
76092	284829	360.0	256.0
76104	284829	364.0	256.0
76116	284829	369.0	257.0
76128	284829	375.0	258.0
76140	284829	381.0	259.0
76152	284829	387.0	259.0
76164	284829	395.0	260.0
76176	284829	401.0	261.0
76188	284829	409.0	262.0
76200	284829	418.0	263.0
76212	284829	427.0	264.0
76224	284829	439.0	265.0
76236	284829	450.0	266.0
76248	284829	464.0	268.0
76260	284829	479.0	269.0
76272	284829	496.0	271.0
76284	284829	515.0	273.0
76296	284829	537.0	274.0
76308	284829	562.0	278.0
76320	284829	591.0	281.0
76332	284829	625.0	285.0
76344	284829	668.0	290.0
76356	284829	720.0	295.0
76368	284829	784.0	303.0
76380	284829	867.0	313.0
76392	284829	968.0	326.0
76404	284829	1002.0	350.0
75804	284831	284.0	247.0
75816	284831	286.0	247.0
75828	284831	287.0	247.0
75840	284831	288.0	247.0
75852	284831	289.0	247.0
75864	284831	289.0	247.0
75876	284831	290.0	247.0
75888	284831	290.0	247.0
75900	284831	290.0	247.0
75912	284831	292.0	247.0
75924	284831	293.0	247.0
75936	284831	293.0	248.0
75948	284831	295.0	248.0
75960	284831	297.0	249.0
75972	284831	298.0	249.0
75984	284831	298.7142857142857	249.0
75996	284831	300.0	249.0
76008	284831	301.0	250.0
76020	284831	303.0	249.0
76032	284831	304.0	250.0
76044	284831	305.0	250.0
76056	284831	307.0	250.0
76068	284831	309.0	250.0
76080	284831	312.0	250.0
76092	284831	313.0	250.0
76104	284831	314.0	250.0
76116	284831	318.0	251.0
76128	284831	319.0	252.0
76140	284831	321.0	252.0
76152	284831	324.0	252.0
76164	284831	328.0	252.0
76176	284831	331.0	252.0
76188	284831	332.0	252.0
76200	284831	337.0	253.0
76212	284831	342.0	254.0
75876	284834	363.0	258.0
75888	284834	374.0	259.0
75900	284834	386.0	259.0
75912	284834	396.0	261.0
75924	284834	407.0	262.0
75936	284834	416.0	262.0
75948	284834	425.0	264.0
75960	284834	437.0	266.0
75972	284834	449.0	267.0
75984	284834	462.0	269.0
75996	284834	477.0	270.0
76008	284834	494.0	271.0
76020	284834	512.0	273.0
76032	284834	535.0	276.0
76044	284834	560.0	279.0
76056	284834	590.0	282.0
76068	284834	628.0	286.0
76080	284834	672.0	292.0
76092	284834	728.0	298.0
76104	284834	801.0	307.0
76116	284834	900.0	320.0
76128	284834	985.0	337.0
76224	284894	290.0	253.0
76236	284894	292.0	253.0
76248	284894	293.0	255.0
76260	284894	294.0	255.0
76272	284894	296.0	255.0
76284	284894	298.0	256.0
76296	284894	300.5	256.0
76308	284894	303.0	256.0
76320	284894	304.0	257.0
76332	284894	308.0	257.0
76344	284894	309.0	258.0
76356	284894	312.0	259.0
76368	284894	315.0	259.0
76380	284894	318.0	260.0
76392	284894	321.0	261.0
76404	284894	323.0	262.0
76416	284894	328.0	262.0
76428	284894	332.0	263.0
76440	284894	335.0	264.0
76452	284894	342.0	265.0
76464	284894	347.0	266.0
76476	284894	352.0	267.0
76488	284894	358.0	268.0
76500	284894	364.0	269.0
76512	284894	371.0	270.0
76524	284894	378.0	271.0
76536	284894	387.0	273.0
76548	284894	396.0	275.0
76560	284894	406.0	277.0
76572	284894	418.0	279.0
76584	284894	432.0	282.0
76596	284894	447.0	286.0
76608	284894	466.0	289.0
76620	284894	488.0	294.0
76632	284894	515.0	300.0
76644	284894	547.0	308.0
76656	284894	586.0	316.0
76668	284894	638.0	327.0
76680	284894	706.0	343.0
76692	284894	801.0	364.0
76704	284894	948.0	397.0
76716	284894	998.0	451.0
76728	284894	999.0	474.0
76740	284894	1012.5	465.0
76260	284898	321.0	263.0
76272	284898	330.0	265.0
76284	284898	341.0	266.0
76296	284898	350.0	267.0
76308	284898	362.0	268.0
76320	284898	375.0	270.0
76332	284898	386.0	272.0
76344	284898	396.0	274.0
76356	284898	407.0	275.0
76368	284898	420.0	277.0
76380	284898	435.0	280.0
76392	284898	452.0	283.0
76404	284898	473.0	288.0
76416	284898	497.0	292.0
76428	284898	525.0	298.0
76440	284898	561.0	306.0
76452	284898	605.0	316.0
76464	284898	667.0	330.0
76476	284898	751.0	347.0
76488	284898	879.0	375.0
76500	284898	998.0	420.0
76296	284902	326.0	253.0
76308	284902	330.0	254.0
76320	284902	336.0	253.0
76332	284902	341.0	255.0
76344	284902	342.0	255.0
76356	284902	345.0	256.0
76368	284902	349.0	256.0
76380	284902	355.0	256.0
76392	284902	362.0	257.0
76404	284902	367.0	258.0
76416	284902	373.0	259.0
76428	284902	381.0	259.0
76440	284902	388.0	260.0
76452	284902	395.0	261.0
76464	284902	405.0	262.0
76476	284902	415.0	264.0
76488	284902	425.0	265.0
76500	284902	436.0	266.0
76512	284902	447.0	267.0
76524	284902	460.0	269.0
76536	284902	474.0	270.0
76548	284902	490.0	272.0
76560	284902	508.0	274.0
76572	284902	529.0	277.0
76584	284902	554.0	280.0
76596	284902	584.0	283.0
76608	284902	618.0	287.0
76620	284902	661.0	293.0
76632	284902	713.0	299.0
76644	284902	779.0	307.0
76656	284902	865.0	318.0
76668	284902	969.0	333.0
76344	284907	365.0	257.0
76356	284907	372.0	258.0
76368	284907	376.0	259.0
76380	284907	385.0	260.0
76392	284907	393.0	261.0
76404	284907	401.0	262.0
76416	284907	410.0	263.0
76428	284907	419.0	264.0
76440	284907	429.0	265.0
76452	284907	441.0	266.0
76464	284907	454.0	268.0
76476	284907	468.0	270.0
76488	284907	483.0	271.0
76500	284907	502.0	273.0
76512	284907	523.0	275.0
76524	284907	548.0	279.0
76536	284907	577.0	282.0
76548	284907	612.0	286.0
76560	284907	657.0	292.0
76572	284907	711.0	299.0
76584	284907	781.0	307.0
76596	284907	875.0	319.0
76608	284907	976.0	335.0
76428	284935	289.0	252.0
76440	284935	291.0	254.0
76452	284935	293.0	254.0
76464	284935	297.0	255.0
76476	284935	298.0	255.0
76488	284935	300.0	255.0
76500	284935	303.0	256.0
76512	284935	305.0	257.0
76524	284935	308.0	257.0
76536	284935	310.0	258.0
76548	284935	313.0	259.0
76560	284935	317.0	261.0
76572	284935	321.0	261.0
76584	284935	324.0	261.0
76596	284935	328.0	262.0
76608	284935	333.0	264.0
76620	284935	338.0	265.0
76632	284935	342.0	266.0
76644	284935	349.0	267.0
76656	284935	355.0	269.0
76668	284935	362.0	270.0
76680	284935	370.0	272.0
76692	284935	379.0	273.0
76704	284935	390.0	275.0
76716	284935	401.0	277.0
76728	284935	415.0	280.0
76740	284935	432.0	283.0
76752	284935	450.0	287.0
76764	284935	475.0	292.0
76776	284935	501.0	298.0
76788	284935	535.0	307.0
76800	284935	579.0	317.0
76812	284935	640.0	331.0
76824	284935	725.0	351.0
76836	284935	855.0	381.0
76848	284935	995.0	430.0
76476	284947	272.0	248.0
76488	284947	274.0	249.0
76500	284947	275.0	249.0
76512	284947	276.0	249.0
76524	284947	277.0	249.0
76536	284947	277.0	250.0
76548	284947	278.0	250.0
76560	284947	279.0	250.0
76572	284947	281.0	251.0
76584	284947	283.0	251.0
76596	284947	284.0	251.0
76608	284947	286.0	251.0
76620	284947	288.0	251.0
76632	284947	289.0	251.0
76644	284947	291.0	252.0
76656	284947	293.0	253.0
76668	284947	294.0	253.0
76680	284947	296.0	253.0
76692	284947	298.0	254.0
76704	284947	300.0	254.0
76716	284947	302.0	255.0
76728	284947	305.0	256.0
76740	284947	307.0	257.0
76752	284947	309.0	257.0
76764	284947	312.0	258.0
76776	284947	317.0	259.0
76788	284947	320.0	261.0
76800	284947	323.0	261.0
76812	284947	327.0	262.0
76824	284947	333.0	263.0
76836	284947	338.0	264.0
76848	284947	342.0	265.0
76860	284947	349.0	266.0
76872	284947	355.0	268.0
76884	284947	363.0	269.0
76896	284947	371.0	271.0
76908	284947	380.0	273.0
76920	284947	392.0	275.0
76932	284947	405.0	277.0
76944	284947	420.0	280.0
76956	284947	437.0	284.0
76968	284947	459.0	289.0
76980	284947	485.0	295.0
76992	284947	519.0	303.0
77004	284947	562.0	313.0
77016	284947	620.0	327.0
77028	284947	704.0	345.0
77040	284947	831.0	373.0
77052	284947	991.0	423.0
76596	284972	261.0	248.0
76608	284972	262.0	247.0
76620	284972	264.0	247.0
76632	284972	264.4583333333333	247.0
76644	284972	264.9583333333333	247.0
76656	284972	265.0	249.0
76668	284972	265.0	248.0
76680	284972	265.0	248.0
76692	284972	266.0	248.0
76704	284972	268.0	250.0
76716	284972	269.0	250.0
76728	284972	270.0	251.0
76740	284972	271.0	250.0
76752	284972	272.0	250.5
76764	284972	271.0	250.0
76776	284972	272.0	250.0
76788	284972	274.0	250.0
76800	284972	274.0	250.0
76812	284972	274.0	250.0
76824	284972	275.0	251.0
76836	284972	275.0	251.0
76848	284972	276.0	251.0
76860	284972	277.0	252.0
76872	284972	277.0	251.0
76884	284972	277.0	251.0
76896	284972	280.0	252.0
76908	284972	281.0	252.0
76920	284972	282.0	252.0
76932	284972	283.0	252.0
76944	284972	286.0	252.0
76956	284972	287.0	252.0
76968	284972	288.0	253.0
76980	284972	291.0	253.0
76992	284972	293.0	254.0
77004	284972	295.0	254.0
77016	284972	297.0	254.0
77028	284972	298.0	255.0
77040	284972	301.0	256.0
77052	284972	304.0	256.0
77064	284972	306.0	256.0
77076	284972	309.0	257.0
77088	284972	310.0	257.0
77100	284972	314.0	257.0
77112	284972	316.0	258.0
77124	284972	320.0	259.0
77136	284972	323.0	260.0
77148	284972	326.0	260.0
77160	284972	331.0	262.0
77172	284972	335.0	262.0
77184	284972	339.0	262.0
77196	284972	344.0	263.0
77208	284972	350.0	265.0
77220	284972	356.0	266.0
77232	284972	362.0	267.0
77244	284972	369.0	268.0
77256	284972	377.0	270.0
77268	284972	386.0	271.0
77280	284972	396.0	272.0
77292	284972	407.0	274.0
77304	284972	419.0	277.0
77316	284972	432.0	278.0
77328	284972	448.0	282.0
77340	284972	467.0	286.0
77352	284972	488.0	290.0
77364	284972	514.0	296.0
77376	284972	545.0	302.0
77388	284972	585.0	311.0
77400	284972	636.0	322.0
77412	284972	703.0	336.0
77424	284972	799.0	356.0
77436	284972	945.0	388.0
77448	284972	1018.0	443.0
76668	284991	322.0	252.0
76680	284991	327.0	253.0
76692	284991	333.0	253.0
76704	284991	339.0	254.0
76716	284991	344.0	254.0
76728	284991	352.0	255.0
76740	284991	359.0	257.0
76752	284991	363.0	257.0
76764	284991	368.0	257.0
76776	284991	373.0	258.0
76788	284991	380.0	259.0
76800	284991	386.0	260.0
76812	284991	394.0	262.0
76824	284991	403.0	263.0
76836	284991	412.0	264.0
76848	284991	422.0	265.0
76860	284991	434.0	266.0
76872	284991	447.0	268.0
76884	284991	462.0	269.0
76896	284991	477.0	271.0
76908	284991	496.0	273.0
76920	284991	518.0	276.0
76932	284991	544.0	279.0
76944	284991	574.0	282.0
76956	284991	610.0	287.0
76968	284991	656.0	293.0
76980	284991	714.0	300.0
76992	284991	789.0	310.0
77004	284991	891.0	323.0
77016	284991	985.0	343.0
76752	285003	377.0	259.0
76764	285003	390.0	260.0
76776	285003	404.0	261.0
76788	285003	415.0	262.0
76800	285003	425.0	263.0
76812	285003	435.0	264.0
76824	285003	447.0	266.0
76836	285003	461.0	268.0
76848	285003	474.0	269.0
76860	285003	492.0	270.0
76872	285003	511.0	272.0
76884	285003	533.0	275.0
76896	285003	557.0	277.0
76908	285003	586.0	281.0
76920	285003	623.0	285.0
76932	285003	665.0	290.0
76944	285003	719.0	295.0
76956	285003	787.0	304.0
76968	285003	879.0	315.0
76980	285003	975.0	329.0
76812	285011	299.0	250.0
76824	285011	299.0	250.0
76836	285011	302.0	249.0
76848	285011	304.0	250.0
76860	285011	307.0	250.0
76872	285011	310.0	250.0
76884	285011	312.0	250.0
76896	285011	315.0	251.0
76908	285011	317.0	251.0
76920	285011	318.0	251.0
76932	285011	321.0	251.0
76944	285011	323.0	251.0
76956	285011	326.0	252.0
76968	285011	328.0	253.0
76980	285011	331.0	253.0
76992	285011	333.0	253.0
77004	285011	337.0	254.0
77016	285011	339.0	254.0
77028	285011	343.0	255.0
77040	285011	346.0	256.0
77052	285011	350.0	256.0
77064	285011	353.0	256.0
77076	285011	357.0	257.0
77088	285011	361.0	257.0
77100	285011	367.0	258.0
77112	285011	371.0	259.0
77124	285011	376.0	260.0
77136	285011	382.0	260.0
77148	285011	389.0	261.0
77160	285011	395.0	262.0
77172	285011	402.0	263.0
77184	285011	410.0	264.0
77196	285011	420.0	265.0
77208	285011	430.0	266.0
77220	285011	441.0	267.0
77232	285011	453.0	269.0
77244	285011	468.0	270.0
77256	285011	484.0	272.0
77268	285011	502.0	274.0
77280	285011	523.0	276.0
77292	285011	547.0	279.0
77304	285011	576.0	283.0
77316	285011	611.0	287.0
77328	285011	653.0	292.0
77340	285011	706.0	298.0
77352	285011	772.0	306.0
77364	285011	860.0	318.0
77376	285011	966.0	332.0
77388	285011	1004.0	357.0
77040	285046	279.0	253.0
77052	285046	283.0	254.0
77064	285046	285.3333333333333	253.22222222222223
77076	285046	287.0	252.0
77088	285046	288.0	253.0
77100	285046	289.0	255.0
77112	285046	289.0	255.0
77124	285046	295.0	257.0
77136	285046	298.0	257.0
77148	285046	300.0	257.0
77160	285046	301.0	257.0
77172	285046	305.0	258.0
77184	285046	306.0	259.0
77196	285046	308.0	259.0
77208	285046	312.0	259.0
77220	285046	314.0	260.0
77232	285046	318.0	261.0
77244	285046	321.0	262.0
77256	285046	323.0	262.0
77268	285046	328.0	263.0
77280	285046	331.0	264.0
77292	285046	334.0	266.0
77304	285046	339.0	267.0
77316	285046	344.0	268.0
77328	285046	349.0	269.0
77340	285046	356.0	271.0
77352	285046	363.0	272.0
77364	285046	370.0	274.0
77376	285046	379.0	275.0
77388	285046	389.0	277.0
77400	285046	401.0	279.0
77412	285046	416.0	283.0
77424	285046	431.0	287.0
77436	285046	451.0	291.0
77448	285046	473.0	295.0
77460	285046	500.0	302.0
77472	285046	533.0	311.0
77484	285046	577.0	320.0
77496	285046	632.0	335.0
77508	285046	710.0	352.0
77520	285046	820.0	379.0
77532	285046	973.0	422.0
77544	285046	1032.0	490.0
77160	285057	263.875	249.875
77172	285057	263.0	249.0
77184	285057	264.0	250.0
77196	285057	265.0	250.0
77208	285057	266.0	250.0
77220	285057	265.0	249.5
77232	285057	267.0	250.0
77244	285057	268.38461538461536	250.0
77256	285057	269.3076923076923	250.0
77268	285057	270.2307692307692	250.0
77280	285057	272.0	250.0
77292	285057	273.0	251.0
77304	285057	274.0	250.0
77316	285057	273.0	250.0
77328	285057	274.0	251.0
77340	285057	276.0	251.0
77352	285057	276.0	251.0
77364	285057	278.0	252.0
77376	285057	280.0	251.0
77388	285057	280.0	252.0
77400	285057	282.0	251.0
77412	285057	283.0	252.0
77424	285057	283.0	253.0
77436	285057	286.0	253.0
77448	285057	288.0	253.0
77460	285057	289.0	254.0
77472	285057	290.0	254.0
77484	285057	292.0	255.0
77496	285057	295.0	255.0
77508	285057	297.0	256.0
77520	285057	298.0	256.0
77532	285057	301.0	257.0
77544	285057	305.0	257.0
77556	285057	307.0	258.0
77568	285057	310.0	258.0
77580	285057	313.0	259.0
77592	285057	316.0	260.0
77604	285057	319.0	260.0
77616	285057	323.0	261.0
77628	285057	327.0	262.0
77640	285057	332.0	263.0
77652	285057	338.0	265.0
77664	285057	343.0	266.0
77676	285057	349.0	267.0
77688	285057	356.0	269.0
77700	285057	363.0	270.0
77712	285057	370.0	272.0
77724	285057	380.0	274.0
77736	285057	390.0	276.0
77748	285057	403.0	278.0
77760	285057	419.0	281.0
77772	285057	436.0	285.0
77784	285057	456.0	290.0
77796	285057	482.0	295.0
77808	285057	514.0	303.0
77820	285057	556.0	313.0
77832	285057	611.0	327.0
77844	285057	689.0	344.0
77856	285057	808.0	370.0
77868	285057	977.0	416.0
77304	285073	300.0	249.0
77316	285073	301.6	249.6
77328	285073	301.3333333333333	250.0
77340	285073	302.5	249.0
77352	285073	303.0	250.0
77364	285073	304.0	250.0
77376	285073	305.0	250.0
77388	285073	309.0	250.0
77400	285073	310.0	250.0
77412	285073	313.0	251.0
77424	285073	315.0	251.0
77436	285073	318.0	251.0
77448	285073	319.0	252.0
77460	285073	323.0	252.0
77472	285073	325.0	252.0
77484	285073	328.0	253.0
77496	285073	332.0	254.0
77508	285073	335.0	254.0
77520	285073	338.0	255.0
77532	285073	341.0	255.0
77544	285073	345.0	256.0
77556	285073	352.0	256.0
77568	285073	355.0	256.0
77580	285073	361.0	257.0
77592	285073	367.0	258.0
77604	285073	373.0	259.0
77616	285073	380.0	259.0
77628	285073	387.0	260.0
77640	285073	395.0	261.0
77652	285073	404.0	262.0
77664	285073	414.0	263.0
77676	285073	423.0	264.0
77688	285073	436.0	266.0
77700	285073	450.0	268.0
77712	285073	465.0	270.0
77724	285073	483.0	272.0
77736	285073	503.0	274.0
77748	285073	527.0	276.0
77760	285073	555.0	279.0
77772	285073	590.0	283.0
77784	285073	633.0	288.0
77796	285073	686.0	295.0
77808	285073	753.0	303.0
77820	285073	845.0	315.0
77832	285073	965.0	331.0
77364	285082	325.0	254.0
77376	285082	331.0	253.0
77388	285082	336.0	253.0
77400	285082	341.0	254.0
77412	285082	345.0	254.0
77424	285082	349.0	255.0
77436	285082	354.0	256.0
77448	285082	358.0	256.0
77460	285082	362.0	257.0
77472	285082	367.0	257.0
77484	285082	373.0	258.0
77496	285082	380.0	259.0
77508	285082	386.0	259.0
77520	285082	392.0	261.0
77532	285082	400.0	262.0
77544	285082	408.0	263.0
77556	285082	416.0	264.0
77568	285082	426.0	265.0
77580	285082	437.0	265.0
77592	285082	449.0	267.0
77604	285082	463.0	269.0
77616	285082	478.0	270.0
77628	285082	495.0	271.0
77640	285082	515.0	273.0
77652	285082	536.0	275.0
77664	285082	562.0	279.0
77676	285082	593.0	283.0
77688	285082	630.0	287.0
77700	285082	674.0	292.0
77712	285082	729.0	300.0
77724	285082	800.0	309.0
77736	285082	896.0	321.0
77748	285082	981.0	338.0
77400	285089	265.0	250.0
77412	285089	265.0	250.0
77424	285089	266.0	250.75
77436	285089	266.9032258064516	250.0
77448	285089	268.258064516129	250.0
77460	285089	269.61290322580646	250.0
77472	285089	270.96774193548384	250.0
77484	285089	272.3225806451613	250.0
77496	285089	273.0	251.0
77508	285089	275.0	251.0
77520	285089	275.0	252.0
77532	285089	278.0	252.0
77544	285089	280.0	252.0
77556	285089	282.0	253.0
77568	285089	281.0	253.0
77580	285089	283.0	252.0
77592	285089	285.0	254.0
77604	285089	288.0	254.0
77616	285089	289.0	254.0
77628	285089	290.0	255.0
77640	285089	293.0	255.0
77652	285089	295.0	256.0
77664	285089	297.0	256.0
77676	285089	300.0	256.0
77688	285089	302.0	257.0
77700	285089	305.0	257.0
77712	285089	307.0	258.0
77724	285089	311.0	259.0
77736	285089	314.0	260.0
77748	285089	317.0	259.0
77760	285089	321.0	261.0
77772	285089	325.0	262.0
77784	285089	329.0	262.0
77796	285089	333.0	263.0
77808	285089	338.0	264.0
77820	285089	343.0	265.0
77832	285089	348.0	266.0
77844	285089	355.0	268.0
77856	285089	361.0	269.0
77868	285089	369.0	271.0
77880	285089	377.0	273.0
77892	285089	385.0	274.0
77904	285089	396.0	276.0
77916	285089	409.0	278.0
77928	285089	423.0	281.0
77940	285089	440.0	285.0
77952	285089	459.0	289.0
77964	285089	484.0	295.0
77976	285089	514.0	301.0
77988	285089	551.0	310.0
78000	285089	601.0	320.0
78012	285089	667.0	336.0
78024	285089	763.0	356.0
78036	285089	909.0	388.0
78048	285089	1015.0	446.0
77664	285120	274.22222222222223	250.22222222222223
77676	285120	275.0	252.0
77688	285120	278.0	253.0
77700	285120	280.0	253.0
77712	285120	282.6666666666667	253.0
77724	285120	284.0	254.0
77736	285120	287.0	255.0
77748	285120	290.0	256.0
77760	285120	293.0	256.0
77772	285120	296.0	256.0
77784	285120	297.0	257.0
77796	285120	301.0	257.0
77808	285120	303.0	257.0
77820	285120	307.0	259.0
77832	285120	311.0	260.0
77844	285120	314.0	260.0
77856	285120	319.0	261.0
77868	285120	324.0	262.0
77880	285120	330.0	263.0
77892	285120	335.0	264.0
77904	285120	342.0	265.0
77916	285120	348.0	266.0
77928	285120	355.0	268.0
77940	285120	362.0	269.0
77952	285120	370.0	271.0
77964	285120	379.0	273.0
77976	285120	390.0	274.0
77988	285120	402.0	276.0
78000	285120	415.0	279.0
78012	285120	431.0	282.0
78024	285120	450.0	286.0
78036	285120	472.0	291.0
78048	285120	498.0	296.0
78060	285120	531.0	304.0
78072	285120	570.0	313.0
78084	285120	625.0	327.0
78096	285120	701.0	344.0
78108	285120	810.0	370.0
78120	285120	973.0	414.0
77676	285121	265.38461538461536	248.0
77688	285121	265.0	248.0
77700	285121	265.0	248.0
77712	285121	265.0	248.0
77724	285121	265.0	249.0
77736	285121	266.0	248.0
77748	285121	266.0	248.0
77760	285121	265.0	248.0
77772	285121	266.0	248.0
77784	285121	265.0	248.0
77796	285121	265.7	248.0
77808	285121	267.0	249.0
77820	285121	267.0	250.0
77832	285121	267.0	249.0
77844	285121	267.0	249.0
77856	285121	269.0	251.0
77868	285121	270.0	250.0
77880	285121	272.0	250.0
77892	285121	273.0	250.0
77904	285121	273.0	251.0
77916	285121	274.0	249.0
77928	285121	274.0	250.0
77940	285121	274.0	249.0
77952	285121	275.0	250.0
77964	285121	275.0	251.0
77976	285121	276.0	250.0
77988	285121	277.0	251.0
78000	285121	278.0	251.0
78012	285121	279.0	251.0
78024	285121	280.0	252.0
78036	285121	282.0	251.0
78048	285121	283.0	252.0
78060	285121	283.0	252.0
78072	285121	284.0	252.0
78084	285121	286.0	251.0
78096	285121	288.0	252.0
78108	285121	289.0	253.0
78120	285121	291.0	253.0
78132	285121	293.0	254.0
78144	285121	294.0	254.0
78156	285121	296.0	255.0
78168	285121	298.0	255.0
78180	285121	301.0	255.0
78192	285121	303.0	256.0
78204	285121	306.0	256.0
78216	285121	309.0	257.0
78228	285121	312.0	257.0
78240	285121	314.0	257.0
78252	285121	318.0	258.0
78264	285121	321.0	259.0
78276	285121	324.0	259.0
78288	285121	328.0	261.0
78300	285121	332.0	261.0
78312	285121	337.0	262.0
78324	285121	340.0	262.0
78336	285121	346.0	264.0
78348	285121	352.0	265.0
78360	285121	357.0	266.0
78372	285121	364.0	268.0
78384	285121	370.0	269.0
78396	285121	379.0	271.0
78408	285121	387.0	273.0
78420	285121	396.0	274.0
78432	285121	408.0	276.0
78444	285121	420.0	278.0
78456	285121	434.0	281.0
78468	285121	450.0	284.0
78480	285121	470.0	289.0
78492	285121	493.0	295.0
78504	285121	521.0	300.0
78516	285121	559.0	308.0
78528	285121	602.0	318.0
78540	285121	660.0	332.0
78552	285121	744.0	350.0
78564	285121	866.0	377.0
78576	285121	990.0	419.0
77724	285128	338.0	256.0
77736	285128	344.0	257.0
77748	285128	352.0	256.0
77760	285128	362.0	258.0
77772	285128	368.0	257.0
77784	285128	378.0	259.0
77796	285128	385.0	260.0
77808	285128	393.0	260.0
77820	285128	401.0	261.0
77832	285128	410.0	263.0
77844	285128	420.0	264.0
77856	285128	431.0	265.0
77868	285128	444.0	267.0
77880	285128	458.0	269.0
77892	285128	474.0	271.0
77904	285128	493.0	272.0
77916	285128	514.0	275.0
77928	285128	539.0	277.0
77940	285128	570.0	282.0
77952	285128	607.0	286.0
77964	285128	654.0	292.0
77976	285128	714.0	301.0
77988	285128	793.0	310.0
78000	285128	901.0	324.0
78012	285128	992.0	346.0
77784	285137	279.0	249.0
77796	285137	279.95454545454544	248.6818181818182
77808	285137	281.59090909090907	248.13636363636363
77820	285137	282.46666666666664	248.0
77832	285137	283.26666666666665	248.0
77844	285137	284.0	248.0
77856	285137	285.0	248.0
77868	285137	285.0	248.0
77880	285137	287.0	247.0
77892	285137	288.0	247.0
77904	285137	289.0	248.0
77916	285137	290.0	247.0
77928	285137	291.0	247.0
77940	285137	293.0	248.0
77952	285137	294.0	248.0
77964	285137	295.0	248.0
77976	285137	297.0	248.0
77988	285137	298.0	249.0
78000	285137	299.0	249.0
78012	285137	301.0	250.0
78024	285137	304.0	250.0
78036	285137	305.0	250.0
78048	285137	306.0	249.0
78060	285137	308.0	250.0
78072	285137	310.0	250.0
78084	285137	312.0	250.0
78096	285137	314.0	251.0
78108	285137	316.0	251.0
78120	285137	317.0	251.0
78132	285137	319.0	251.0
78144	285137	321.0	252.0
78156	285137	323.0	252.0
78168	285137	325.0	253.0
78180	285137	327.0	253.0
78192	285137	329.0	252.0
78204	285137	331.0	253.0
78216	285137	333.0	253.0
78228	285137	336.0	253.0
78240	285137	338.0	254.0
78252	285137	341.0	254.0
78264	285137	344.0	254.0
78276	285137	348.0	255.0
78288	285137	352.0	255.0
78300	285137	356.0	256.0
78312	285137	358.0	256.0
78324	285137	363.0	257.0
78336	285137	368.0	257.0
78348	285137	373.0	256.0
78360	285137	379.0	259.0
78372	285137	385.0	259.0
78384	285137	392.0	260.0
78396	285137	399.0	261.0
78408	285137	408.0	262.0
78420	285137	417.0	263.0
78432	285137	426.0	265.0
78444	285137	439.0	266.0
78456	285137	451.0	268.0
78468	285137	466.0	269.0
78480	285137	481.0	272.0
78492	285137	501.0	273.0
77988	285175	363.0	259.0
78000	285175	368.0	260.0
78012	285175	377.0	261.0
78024	285175	390.0	262.0
78036	285175	401.0	263.0
78048	285175	414.0	265.0
78060	285175	427.0	266.0
78072	285175	439.0	267.0
78084	285175	452.0	268.0
78096	285175	468.0	270.0
78108	285175	486.0	272.0
78120	285175	506.0	274.0
78132	285175	530.0	277.0
78144	285175	558.0	280.0
78156	285175	591.0	285.0
78168	285175	635.0	290.0
78180	285175	687.0	296.0
78192	285175	754.0	304.0
78204	285175	845.0	316.0
78216	285175	966.0	334.0
78228	285175	1013.0	367.0
78228	285253	286.0	252.0
78240	285253	285.0	252.0
78252	285253	287.0	253.0
78264	285253	289.0	253.0
78276	285253	291.0	254.0
78288	285253	294.0	254.0
78300	285253	294.0	254.0
78312	285253	297.0	255.0
78324	285253	300.0	255.0
78336	285253	301.0	256.0
78348	285253	303.0	256.0
78360	285253	305.0	256.0
78372	285253	308.0	257.0
78384	285253	310.0	258.0
78396	285253	312.0	258.0
78408	285253	316.0	259.0
78420	285253	318.0	260.0
78432	285253	322.0	261.0
78444	285253	325.0	261.0
78456	285253	328.0	263.0
78468	285253	332.0	263.0
78480	285253	337.0	265.0
78492	285253	341.0	267.0
78504	285253	346.0	268.0
78516	285253	352.0	269.0
78528	285253	359.0	270.0
78540	285253	366.0	272.0
78552	285253	374.0	273.0
78564	285253	383.0	274.0
78576	285253	395.0	277.0
78588	285253	408.0	279.0
78600	285253	423.0	282.0
78612	285253	440.0	286.0
78624	285253	462.0	290.0
78636	285253	487.0	296.0
78648	285253	519.0	302.0
78660	285253	559.0	312.0
78672	285253	611.0	323.0
78684	285253	684.0	339.0
78696	285253	787.0	359.0
78708	285253	950.0	394.0
78720	285253	1034.0	469.0
78468	285279	302.0	249.0
78480	285279	311.0	250.0
78492	285279	313.0	251.0
78504	285279	315.0	251.0
78516	285279	317.0	251.0
78528	285279	320.0	251.0
78540	285279	323.0	252.0
78552	285279	326.0	253.0
78564	285279	327.0	253.0
78576	285279	329.0	253.0
78588	285279	333.0	253.0
78600	285279	335.0	254.0
78612	285279	338.0	253.0
78624	285279	341.0	254.0
78636	285279	344.0	255.0
78648	285279	347.0	256.0
78660	285279	352.0	256.0
78672	285279	357.0	256.0
78684	285279	361.0	257.0
78696	285279	366.0	258.0
78708	285279	371.0	258.0
78720	285279	378.0	259.0
78732	285279	384.0	260.0
78744	285279	392.0	261.0
78756	285279	400.0	262.0
78768	285279	407.0	263.0
78780	285279	418.0	264.0
78792	285279	428.0	266.0
78804	285279	440.0	267.0
78816	285279	454.0	269.0
78828	285279	469.0	271.0
78840	285279	486.0	273.0
78852	285279	506.0	274.0
78864	285279	529.0	277.0
78876	285279	556.0	279.0
78888	285279	588.0	284.0
78900	285279	626.0	287.0
78912	285279	674.0	293.0
78924	285279	735.0	301.0
78936	285279	813.0	310.0
78948	285279	923.0	324.0
78960	285279	994.0	344.0
78480	285281	274.3333333333333	252.0
78492	285281	276.0	252.0
78504	285281	276.0	253.0
78516	285281	277.4	252.4
78528	285281	279.0	252.0
78540	285281	280.0	253.0
78552	285281	283.0	253.0
78564	285281	285.0	254.0
78576	285281	286.0	253.0
78588	285281	288.0	253.0
78600	285281	290.0	255.0
78612	285281	291.0	254.0
78624	285281	293.0	254.0
78636	285281	295.0	256.0
78648	285281	298.0	256.0
78660	285281	300.0	257.0
78672	285281	302.0	257.0
78684	285281	304.0	258.0
78696	285281	308.0	258.0
78708	285281	311.0	260.0
78720	285281	315.0	261.0
78732	285281	318.0	262.0
78744	285281	323.0	263.0
78756	285281	327.0	263.0
78768	285281	332.0	264.0
78780	285281	337.0	266.0
78792	285281	345.0	268.0
78804	285281	352.0	269.0
78816	285281	360.0	270.0
78828	285281	371.0	272.0
78840	285281	382.0	274.0
78852	285281	396.0	276.0
78864	285281	411.0	278.0
78876	285281	431.0	282.0
78888	285281	452.0	286.0
78900	285281	478.0	290.0
78912	285281	510.0	296.0
78924	285281	551.0	304.0
78936	285281	602.0	315.0
78948	285281	674.0	329.0
78960	285281	776.0	349.0
78972	285281	938.0	381.0
78984	285281	1033.0	453.0
78696	285337	269.1194029850746	252.02985074626866
78708	285337	269.8358208955224	252.2089552238806
78720	285337	270.55223880597015	252.38805970149255
78732	285337	271.2686567164179	252.56716417910448
78744	285337	271.9850746268657	252.7462686567164
78756	285337	272.7014925373134	252.92537313432837
78768	285337	274.0	253.0
78780	285337	275.0	253.0
78792	285337	275.0	253.0
78804	285337	275.0	252.0
78816	285337	276.0	252.0
78828	285337	277.0	253.0
78840	285337	277.0	254.0
78852	285337	278.0	253.0
78864	285337	280.0	254.0
78876	285337	280.0	254.0
78888	285337	281.0	255.0
78900	285337	285.0	255.0
78912	285337	285.0	255.0
78924	285337	288.0	255.0
78936	285337	290.0	256.0
78948	285337	291.0	256.0
78960	285337	292.0	256.0
78972	285337	295.0	257.0
78984	285337	298.0	258.0
78996	285337	301.0	259.0
79008	285337	303.0	259.0
79020	285337	305.0	260.0
79032	285337	310.0	260.0
79044	285337	314.0	261.0
79056	285337	317.0	262.0
79068	285337	320.0	263.0
79080	285337	325.0	263.0
79092	285337	329.0	264.0
79104	285337	333.0	266.0
79116	285337	338.0	267.0
79128	285337	343.0	267.0
79140	285337	349.0	268.0
79152	285337	355.0	270.0
79164	285337	361.0	271.0
79176	285337	369.0	273.0
79188	285337	377.0	274.0
79200	285337	386.0	276.0
79212	285337	396.0	277.0
79224	285337	408.0	280.0
79236	285337	422.0	284.0
79248	285337	437.0	288.0
79260	285337	456.0	292.0
79272	285337	477.0	297.0
79284	285337	503.0	304.0
79296	285337	535.0	312.0
79308	285337	575.0	321.0
79320	285337	630.0	335.0
79332	285337	705.0	354.0
79344	285337	815.0	381.0
79356	285337	969.0	424.0
79368	285337	1038.0	503.0
78768	285351	290.0	252.0
78780	285351	290.8333333333333	252.83333333333334
78792	285351	293.0	254.0
78804	285351	294.0	254.0
78816	285351	295.0	254.0
78828	285351	297.0	255.0
78840	285351	300.0	256.0
78852	285351	302.0	257.0
78864	285351	303.0	257.0
78876	285351	305.0	257.0
78888	285351	307.0	258.0
78900	285351	308.0	259.0
78912	285351	312.0	259.0
78924	285351	313.0	260.0
78936	285351	316.0	261.0
78948	285351	319.0	261.0
78960	285351	322.0	262.0
78972	285351	326.0	262.0
78984	285351	330.0	263.0
78996	285351	333.0	265.0
79008	285351	338.0	265.0
79020	285351	344.0	266.0
79032	285351	348.0	267.0
79044	285351	354.0	269.0
79056	285351	361.0	271.0
79068	285351	369.0	272.0
79080	285351	377.0	273.0
79092	285351	385.0	274.0
79104	285351	395.0	276.0
79116	285351	408.0	278.0
79128	285351	421.0	281.0
79140	285351	435.0	283.0
79152	285351	452.0	288.0
79164	285351	472.0	292.0
79176	285351	497.0	297.0
79188	285351	526.0	304.0
79200	285351	563.0	312.0
79212	285351	610.0	323.0
79224	285351	675.0	338.0
79236	285351	762.0	358.0
79248	285351	897.0	388.0
79260	285351	1007.0	441.0
78804	285357	311.0	251.0
78816	285357	311.0	250.0
78828	285357	314.0	251.0
78840	285357	316.0	251.0
78852	285357	318.0	251.0
78864	285357	319.0	252.0
78876	285357	322.0	251.0
78888	285357	323.0	252.0
78900	285357	325.0	252.0
78912	285357	328.0	253.0
78924	285357	330.0	253.0
78936	285357	333.0	254.0
78948	285357	335.0	254.0
78960	285357	340.0	254.0
78972	285357	343.0	255.0
78984	285357	346.0	256.0
78996	285357	350.0	255.0
79008	285357	354.0	256.0
79020	285357	359.0	257.0
79032	285357	364.0	258.0
79044	285357	370.0	259.0
79056	285357	374.0	259.0
79068	285357	381.0	260.0
79080	285357	388.0	261.0
79092	285357	395.0	261.0
79104	285357	403.0	261.0
78984	285400	262.0	249.0
78996	285400	262.07142857142856	249.0
79008	285400	262.92857142857144	249.0
79020	285400	263.0	248.0
79032	285400	263.0	248.0
79044	285400	263.0	249.0
79056	285400	264.0	249.0
79068	285400	265.0	249.0
79080	285400	265.0	250.0
79092	285400	266.0	250.0
79104	285400	267.0	251.0
79116	285400	267.0	250.0
79128	285400	268.0625	250.0
79140	285400	268.8125	250.0
79152	285400	269.5625	250.0
79164	285400	270.0	249.0
79176	285400	271.0	249.0
79188	285400	271.0	250.0
79200	285400	272.0	249.0
79212	285400	273.0	250.0
79224	285400	274.0	250.0
79236	285400	275.0	250.0
79248	285400	276.0	250.0
79260	285400	276.0	250.0
79272	285400	277.0	250.0
79284	285400	279.0	251.0
79296	285400	279.0	250.0
79308	285400	281.0	251.0
79320	285400	281.0	251.0
79332	285400	282.0	252.0
79020	285406	279.0	249.0
79032	285406	280.5	249.0
79044	285406	282.14285714285717	249.14285714285714
79056	285406	283.0	250.0
79068	285406	284.25	250.0
79080	285406	285.5	249.0
79092	285406	287.0	250.0
79104	285406	287.0	250.0
79116	285406	289.0	251.0
79128	285406	289.0	250.0
79140	285406	290.0	250.0
79152	285406	292.0	249.0
79164	285406	292.0	250.0
79176	285406	293.0	250.0
79188	285406	295.0	250.0
79200	285406	296.0	250.0
79212	285406	297.0	251.0
79224	285406	298.0	250.0
79236	285406	299.0	251.0
79248	285406	300.0	251.0
79260	285406	302.0	252.0
79272	285406	303.0	252.0
79284	285406	304.0	252.0
79296	285406	306.0	252.0
79308	285406	307.0	252.0
79320	285406	308.0	252.0
79332	285406	310.0	252.0
79344	285406	312.0	251.0
79356	285406	314.0	253.0
79368	285406	316.0	253.0
79380	285406	319.0	253.0
79392	285406	321.0	253.0
79404	285406	322.0	254.0
79416	285406	326.0	253.0
79428	285406	328.0	254.0
79440	285406	331.0	254.0
79452	285406	334.0	254.0
79464	285406	337.0	254.0
79476	285406	341.0	253.0
79488	285406	343.7647058823529	254.0
79500	285406	348.0	254.0
79104	285417	241.0	251.0
79116	285417	242.0	251.0
79128	285417	244.34146341463415	252.0
79140	285417	246.390243902439	252.0
79152	285417	248.4390243902439	252.0
79164	285417	250.4878048780488	252.0
79176	285417	251.0	251.0
79188	285417	251.05555555555554	252.0
79200	285417	251.72222222222223	252.0
79212	285417	252.5	252.0
79224	285417	252.0909090909091	252.0
79236	285417	253.0	253.0
79248	285417	255.0	253.0
79260	285417	259.0	254.0
79272	285417	262.0	253.0
79284	285417	264.0	253.0
79296	285417	266.0	255.0
79308	285417	270.0	255.0
79320	285417	273.0	256.0
79332	285417	275.0	256.0
79344	285417	280.0	256.0
79356	285417	283.0	257.0
79368	285417	287.0	257.0
79380	285417	291.0	257.0
79392	285417	293.0	258.0
79404	285417	297.0	258.0
79416	285417	301.0	260.0
79428	285417	305.0	260.0
79440	285417	310.0	262.0
79452	285417	314.0	262.0
79464	285417	319.0	263.0
79476	285417	325.0	264.0
79488	285417	331.0	265.0
79500	285417	337.0	266.0
79512	285417	345.0	268.0
79524	285417	353.0	269.0
79536	285417	359.0	271.0
79548	285417	369.0	273.0
79560	285417	380.0	274.0
79572	285417	393.0	276.0
79584	285417	408.0	278.0
79596	285417	426.0	282.0
79608	285417	446.0	286.0
79620	285417	470.0	292.0
79632	285417	500.0	299.0
79644	285417	538.0	308.0
79656	285417	587.0	320.0
79668	285417	658.0	336.0
79680	285417	760.0	360.0
79692	285417	933.0	400.0
79704	285417	1035.0	480.0
79404	285474	261.27777777777777	249.0
79416	285474	261.94444444444446	249.0
79428	285474	263.0	249.0
79440	285474	262.0	248.0
79452	285474	262.6	248.0
79464	285474	263.0	248.0
79476	285474	263.0	248.0
79488	285474	263.1698113207547	248.0
79500	285474	263.39622641509436	248.0
79512	285474	263.62264150943395	248.0
79524	285474	263.8490566037736	248.0
79536	285474	264.4	248.4
79548	285474	265.25	248.0
79560	285474	267.0	249.0
79572	285474	268.0	249.0
79584	285474	268.0	248.0
79596	285474	269.0	249.0
79608	285474	269.0	248.0
79620	285474	270.0	250.0
79632	285474	272.0	249.0
79644	285474	273.0	249.0
79656	285474	274.0	250.0
79668	285474	275.0	250.0
79680	285474	276.0	250.0
79692	285474	278.0	249.0
79428	285482	281.0	255.0
79440	285482	282.0	256.0
79452	285482	287.0	255.0
79464	285482	292.0	256.0
79476	285482	295.0	256.0
79488	285482	298.0	257.0
79500	285482	300.0	257.0
79512	285482	303.0	258.0
79524	285482	308.0	258.0
79536	285482	311.0	259.0
79548	285482	315.0	260.0
79560	285482	319.0	260.0
79572	285482	322.0	262.0
79584	285482	327.0	262.0
79596	285482	331.0	263.0
79608	285482	336.0	264.0
79620	285482	342.0	265.0
79632	285482	348.0	266.0
79644	285482	355.0	268.0
79656	285482	362.0	269.0
79668	285482	371.0	271.0
79680	285482	380.0	272.0
79692	285482	390.0	274.0
79704	285482	401.0	275.0
79716	285482	414.0	278.0
79728	285482	430.0	281.0
79740	285482	447.0	285.0
79752	285482	467.0	289.0
79764	285482	492.0	295.0
79776	285482	523.0	301.0
79788	285482	561.0	311.0
79800	285482	611.0	322.0
79812	285482	678.0	336.0
79824	285482	773.0	358.0
79836	285482	918.0	391.0
79848	285482	1014.0	449.0
79560	285491	290.0	248.0
79572	285491	289.0	249.0
79584	285491	290.0	248.0
79596	285491	290.0	248.0
79608	285491	291.0	249.0
79620	285491	291.0	249.0
79632	285491	292.0	248.0
79644	285491	292.0	248.0
79656	285491	294.0	247.0
79668	285491	296.0	248.0
79680	285491	297.0	249.0
79692	285491	297.0	249.0
79704	285491	298.0	249.0
79716	285491	299.0	248.0
79728	285491	301.0	249.0
79740	285491	302.0	250.0
79752	285491	303.0	250.0
79764	285491	304.0	251.0
79776	285491	306.0	251.0
79788	285491	307.0	250.0
79800	285491	310.0	250.0
79812	285491	311.0	250.0
79824	285491	314.0	250.0
79836	285491	316.0	252.0
79848	285491	317.0	251.0
79860	285491	320.90909090909093	251.0
79596	285494	253.0	252.0
79608	285494	253.0	253.0
79620	285494	253.0	253.0
79632	285494	255.0	253.0
79644	285494	256.0	252.0
79656	285494	257.0	252.0
79668	285494	257.0	252.0
79680	285494	259.0	253.0
79692	285494	264.5	253.875
79704	285494	267.0	253.0
79716	285494	268.5	253.0
79728	285494	272.0	254.0
79740	285494	273.0	255.0
79752	285494	278.0	256.0
79764	285494	282.0	255.0
79776	285494	285.0	256.0
79788	285494	287.0	256.0
79800	285494	290.0	257.0
79812	285494	294.0	257.0
79824	285494	297.0	258.0
79836	285494	301.0	259.0
79848	285494	305.0	259.0
79860	285494	308.0	260.0
79872	285494	313.0	260.0
79884	285494	320.0	261.0
79896	285494	324.0	262.0
79908	285494	329.0	263.0
79920	285494	335.0	265.0
79932	285494	340.0	266.0
79944	285494	347.0	267.0
79956	285494	354.0	268.0
79968	285494	362.0	270.0
79980	285494	370.0	272.0
79992	285494	379.0	273.0
80004	285494	391.0	274.0
80016	285494	401.0	276.0
80028	285494	414.0	279.0
80040	285494	430.0	282.0
80052	285494	445.0	285.0
80064	285494	466.0	289.0
80076	285494	490.0	294.0
80088	285494	518.0	300.0
80100	285494	554.0	309.0
80112	285494	599.0	318.0
80124	285494	661.0	332.0
80136	285494	747.0	350.0
80148	285494	874.0	377.0
80160	285494	999.0	422.0
79596	285495	368.0	260.0
79608	285495	378.6666666666667	259.6666666666667
79620	285495	394.0	261.0
79632	285495	407.0	262.0
79644	285495	418.0	263.0
79656	285495	428.0	265.0
79668	285495	440.0	266.0
79680	285495	451.0	268.0
79692	285495	465.0	269.0
79704	285495	481.0	271.0
79716	285495	497.0	273.0
79728	285495	517.0	275.0
79740	285495	539.0	277.0
79752	285495	566.0	281.0
79764	285495	598.0	285.0
79776	285495	637.0	289.0
79788	285495	684.0	295.0
79800	285495	746.0	303.0
79812	285495	825.0	313.0
79824	285495	932.0	325.0
79836	285495	998.0	346.0
79692	285511	195.5	247.0
79704	285511	199.0	248.0
79716	285511	205.0	249.0
79728	285511	211.0	250.0
79740	285511	214.0	250.0
79752	285511	219.0	250.0
79764	285511	223.0	251.0
79776	285511	227.0	251.0
79788	285511	230.0	251.0
79800	285511	232.0	251.0
79812	285511	234.0	252.0
79824	285511	238.0	250.0
79836	285511	241.0	251.0
79848	285511	242.0	251.0
79860	285511	245.0	252.0
79872	285511	246.0	252.0
79884	285511	247.0	252.0
79896	285511	249.0	252.0
79908	285511	251.0	252.0
79920	285511	253.0	251.0
79932	285511	254.0	251.0
79944	285511	256.0	253.0
79956	285511	258.0	253.0
79968	285511	259.0	253.0
79980	285511	261.0	253.0
79992	285511	263.0	254.0
80004	285511	265.0	253.0
80016	285511	266.0	253.0
80028	285511	268.0	254.0
80040	285511	270.0	254.0
80052	285511	272.0	254.0
80064	285511	274.0	254.0
80076	285511	277.0	255.0
80088	285511	279.0	255.0
80100	285511	281.0	255.0
80112	285511	283.0	256.0
80124	285511	286.0	256.0
80136	285511	288.0	257.0
80148	285511	291.0	257.0
80160	285511	293.0	257.0
80172	285511	296.0	257.0
80184	285511	298.0	258.0
80196	285511	300.0	259.0
80208	285511	302.0	259.0
80220	285511	305.0	260.0
80232	285511	309.0	261.0
80244	285511	311.0	261.0
80256	285511	314.0	262.0
80268	285511	317.0	263.0
80280	285511	320.0	263.0
80292	285511	325.0	264.0
80304	285511	329.0	265.0
80316	285511	333.0	266.0
80328	285511	338.0	267.0
80340	285511	344.0	268.0
80352	285511	350.0	269.0
80364	285511	356.0	271.0
80376	285511	363.0	272.0
80388	285511	370.0	273.0
80400	285511	378.0	274.0
80412	285511	388.0	276.0
80424	285511	399.0	278.0
80436	285511	412.0	281.0
80448	285511	426.0	284.0
80460	285511	443.0	288.0
80472	285511	463.0	294.0
80484	285511	484.0	299.0
80496	285511	514.0	306.0
80508	285511	548.0	314.0
80520	285511	592.0	324.0
80532	285511	650.0	339.0
80544	285511	731.0	357.0
80556	285511	847.0	385.0
80568	285511	984.0	429.0
80580	285511	1028.0	479.0
79896	285583	300.0	255.0
79908	285583	302.0	257.0
79920	285583	306.0	257.0
79932	285583	310.0	258.0
79944	285583	313.0	258.0
79956	285583	317.0	259.0
79968	285583	321.0	260.0
79980	285583	327.0	262.0
79992	285583	332.0	262.0
80004	285583	339.0	264.0
80016	285583	345.0	265.0
80028	285583	352.0	267.0
80040	285583	360.0	268.0
80052	285583	368.0	270.0
80064	285583	376.0	272.0
80076	285583	386.0	273.0
80088	285583	399.0	275.0
80100	285583	414.0	277.0
80112	285583	431.0	280.0
80124	285583	452.0	284.0
80136	285583	477.0	289.0
80148	285583	511.0	296.0
80160	285583	554.0	303.0
80172	285583	610.0	313.0
80184	285583	692.0	326.0
80196	285583	812.0	345.0
80208	285583	976.0	375.0
79968	285591	286.0	248.33333333333334
79980	285591	287.0	248.0
79992	285591	289.0	248.0
80004	285591	290.0	249.0
80016	285591	291.0	249.0
80028	285591	292.0	248.0
80040	285591	294.0	249.0
80052	285591	295.0	248.5
80064	285591	296.0	249.0
80076	285591	297.0	249.0
80088	285591	298.0	249.0
80100	285591	300.0	249.0
80112	285591	302.0	250.0
80124	285591	303.0	250.0
80136	285591	305.0	251.0
80148	285591	306.0	250.0
80160	285591	308.0	250.0
80172	285591	310.0	251.0
80184	285591	313.0	250.0
80196	285591	315.0	251.0
80208	285591	317.0	251.0
80220	285591	319.0	252.0
80232	285591	321.0	252.0
80244	285591	323.0	251.0
80256	285591	326.0	253.0
80268	285591	329.0	253.0
80280	285591	332.0	254.0
80292	285591	335.0	253.0
80304	285591	339.0	254.0
80316	285591	342.5	254.0
80328	285591	347.0	255.0
80340	285591	350.0	254.0
80304	285663	293.0	256.0
80316	285663	295.0	256.0
80328	285663	299.0	256.0
80340	285663	300.0	256.0
80352	285663	303.0	258.0
80364	285663	308.0	259.0
80376	285663	313.0	259.0
80388	285663	316.0	260.0
80400	285663	319.0	260.0
80412	285663	321.0	261.0
80424	285663	324.0	262.0
80436	285663	328.0	262.0
80448	285663	332.0	264.0
80460	285663	336.0	265.0
80472	285663	342.0	266.0
80484	285663	346.0	267.0
80496	285663	351.0	268.0
80508	285663	357.0	269.0
80520	285663	364.0	271.0
80532	285663	371.0	272.0
80544	285663	380.0	273.0
80556	285663	388.0	274.0
80568	285663	398.0	276.0
80580	285663	409.0	278.0
80592	285663	422.0	281.0
80604	285663	436.0	284.0
80616	285663	453.0	288.0
80628	285663	473.0	292.0
80640	285663	496.0	298.0
80652	285663	523.0	305.0
80664	285663	557.0	313.0
80676	285663	600.0	322.0
80688	285663	657.0	336.0
80700	285663	733.0	353.0
80712	285663	845.0	380.0
80724	285663	981.0	421.0
80328	285667	283.0	256.0
80340	285667	285.0	256.0
80352	285667	286.0	255.0
80364	285667	288.0	255.0
80376	285667	292.0	257.0
80388	285667	293.0	256.0
80400	285667	294.0	257.0
80412	285667	298.0	257.0
80424	285667	300.0	259.0
80436	285667	301.0	259.0
80448	285667	305.0	259.0
80460	285667	308.0	261.0
80472	285667	311.0	261.0
80484	285667	315.0	262.0
80496	285667	318.0	262.0
80508	285667	322.0	264.0
80520	285667	328.0	265.0
80532	285667	332.0	266.0
80544	285667	338.0	267.0
80556	285667	345.0	267.0
80568	285667	352.0	269.0
80580	285667	359.0	271.0
80592	285667	369.0	271.0
80604	285667	378.0	274.0
80616	285667	388.0	275.0
80628	285667	398.0	277.0
80640	285667	412.0	279.0
80652	285667	429.0	283.0
80664	285667	446.0	286.0
80676	285667	463.0	289.0
80688	285667	483.0	293.0
80700	285667	505.0	298.0
80712	285667	532.0	304.0
80724	285667	566.0	312.0
80736	285667	605.0	321.0
80748	285667	655.0	333.0
80760	285667	723.0	349.0
80772	285667	816.0	371.0
80784	285667	951.0	403.0
80796	285667	1011.0	452.0
80436	285672	267.51612903225805	250.0
80448	285672	269.06451612903226	250.0
80460	285672	270.61290322580646	250.0
80472	285672	271.0	250.0
80484	285672	271.8333333333333	250.83333333333334
80496	285672	277.3333333333333	251.0
80508	285672	275.0	250.0
80520	285672	274.0	251.0
80532	285672	275.0	252.0
80544	285672	276.0	252.0
80556	285672	276.5	252.0
80568	285672	278.0	252.0
80580	285672	279.0	252.0
80592	285672	280.0	253.0
80604	285672	281.0	253.0
80616	285672	283.0	253.0
80628	285672	284.0	253.0
80640	285672	285.0	253.0
80652	285672	286.0	253.0
80664	285672	287.0	254.0
80676	285672	288.0	254.0
80688	285672	289.0	253.0
80700	285672	289.0	253.0
80712	285672	291.0	254.0
80724	285672	292.0	255.0
80736	285672	293.0	255.0
80748	285672	295.0	255.0
80760	285672	297.0	257.0
80772	285672	300.0	257.0
80784	285672	302.0	257.0
80796	285672	305.0	258.0
80808	285672	308.0	258.0
80820	285672	310.0	259.0
80832	285672	313.0	259.0
80844	285672	317.0	260.0
80856	285672	320.0	261.0
80868	285672	324.0	262.0
80880	285672	329.0	262.0
80892	285672	333.0	263.0
80904	285672	338.0	264.0
80916	285672	346.0	266.0
80928	285672	350.0	266.0
80940	285672	356.0	268.0
80952	285672	362.0	269.0
80964	285672	369.0	270.0
80976	285672	376.0	270.0
80988	285672	385.0	273.0
81000	285672	395.0	274.0
81012	285672	406.0	276.0
81024	285672	418.0	278.0
81036	285672	433.0	281.0
81048	285672	452.0	284.0
81060	285672	473.0	288.0
81072	285672	493.0	293.0
81084	285672	520.0	300.0
81096	285672	555.0	307.0
81108	285672	597.0	316.0
81120	285672	656.0	328.0
81132	285672	737.0	348.0
81144	285672	849.0	371.0
81156	285672	972.0	410.0
81168	285672	1008.0	476.0
80520	285683	303.0	250.0
80532	285683	308.0	251.0
80544	285683	310.0	250.0
80556	285683	314.0	251.0
80568	285683	317.0	252.0
80580	285683	316.0	251.0
80592	285683	319.0	253.0
80604	285683	321.0	253.0
80616	285683	324.0	253.0
80628	285683	327.0	253.0
80640	285683	332.0	255.0
80652	285683	335.0	254.0
80664	285683	338.0	255.0
80676	285683	342.0	255.0
80688	285683	347.0	256.0
80700	285683	350.0	256.0
80712	285683	356.0	257.0
80724	285683	361.0	258.0
80736	285683	366.0	259.0
80748	285683	371.0	260.0
80760	285683	376.0	261.0
80772	285683	383.0	262.0
80784	285683	390.0	263.0
80796	285683	399.0	264.0
80808	285683	408.0	265.0
80820	285683	417.0	266.0
80832	285683	429.0	268.0
80844	285683	440.0	269.0
80856	285683	454.0	271.0
80868	285683	470.0	272.0
80880	285683	488.0	275.0
80892	285683	509.0	277.0
80904	285683	533.0	279.0
80916	285683	561.0	283.0
80928	285683	596.0	288.0
80940	285683	638.0	293.0
80952	285683	692.0	300.0
80964	285683	760.0	310.0
80976	285683	852.0	321.0
80988	285683	971.0	338.0
80568	285703	291.0	247.0
80580	285703	292.0	247.0
80592	285703	295.0	247.0
80604	285703	297.45454545454544	247.72727272727272
80616	285703	299.0	248.0
80628	285703	300.0	248.0
80640	285703	300.0	248.0
80652	285703	301.0	248.0
80664	285703	302.0	247.0
80676	285703	303.0	248.0
80688	285703	304.0	249.0
80700	285703	304.0	249.0
80712	285703	306.0	247.0
80724	285703	307.0	247.0
80736	285703	310.0	248.0
80748	285703	312.0	250.0
80760	285703	313.0	250.0
80772	285703	315.0	250.0
80784	285703	317.0	250.0
80796	285703	320.0	250.0
80808	285703	322.0	250.0
80820	285703	324.0	251.0
80832	285703	325.0	250.0
80844	285703	329.0	251.0
80856	285703	331.0	250.0
80868	285703	335.0	252.0
80880	285703	337.5	251.0
80580	285708	328.0	253.0
80592	285708	333.0	255.0
80604	285708	339.0	255.0
80616	285708	343.0	254.0
80628	285708	351.0	256.0
80640	285708	356.0	256.0
80652	285708	361.0	256.0
80664	285708	367.0	258.0
80676	285708	373.0	258.0
80688	285708	378.0	259.0
80700	285708	385.0	259.0
80712	285708	392.0	260.0
80724	285708	399.0	261.0
80736	285708	408.0	262.0
80748	285708	416.0	264.0
80760	285708	426.0	265.0
80772	285708	437.0	266.0
80784	285708	450.0	267.0
80796	285708	464.0	269.0
80808	285708	479.0	270.0
80820	285708	496.0	272.0
80832	285708	516.0	274.0
80844	285708	538.0	277.0
80856	285708	564.0	280.0
80868	285708	595.0	284.0
80880	285708	634.0	289.0
80892	285708	680.0	295.0
80904	285708	738.0	302.0
80916	285708	816.0	312.0
80928	285708	919.0	325.0
80940	285708	991.0	345.0
80856	285758	281.0	248.0
80868	285758	283.0	249.0
80880	285758	285.0	248.0
80892	285758	287.0	247.0
80904	285758	289.0	248.0
80916	285758	290.0	249.0
80928	285758	291.0	249.0
80940	285758	293.0	249.0
80952	285758	294.0	249.0
80964	285758	294.0	249.0
80976	285758	295.7142857142857	249.0
80988	285758	297.0	249.0
81000	285758	298.0	250.0
81012	285758	299.0	249.0
81024	285758	301.0	250.0
81036	285758	303.0	250.0
81048	285758	304.0	250.0
81060	285758	306.0	250.0
81072	285758	310.0	251.0
81084	285758	311.0	251.0
81096	285758	313.0	250.0
81108	285758	316.0	251.0
81120	285758	319.0	251.0
81132	285758	321.0	252.0
81144	285758	324.0	252.0
81156	285758	327.0	252.0
81168	285758	329.0	253.0
81180	285758	333.0	253.0
81192	285758	336.0	254.0
81204	285758	340.0	254.0
81216	285758	343.0	254.0
81228	285758	347.0	255.0
81240	285758	352.0	255.0
81252	285758	356.0	256.0
81264	285758	360.0	256.0
81276	285758	364.0	257.0
81288	285758	369.0	257.0
81300	285758	374.0	258.0
81312	285758	379.0	259.0
81324	285758	385.0	259.0
81336	285758	391.0	260.0
81348	285758	397.0	261.0
81360	285758	405.0	263.0
81372	285758	412.0	264.0
81384	285758	420.0	265.0
81396	285758	430.0	266.0
81408	285758	440.0	268.0
81420	285758	452.0	270.0
81432	285758	464.0	272.0
81444	285758	480.0	273.0
81456	285758	497.0	275.0
81468	285758	517.0	277.0
81480	285758	541.0	281.0
81492	285758	571.0	284.0
81504	285758	606.0	289.0
81516	285758	649.0	295.0
81528	285758	705.0	303.0
81540	285758	778.0	313.0
81552	285758	881.0	327.0
81564	285758	981.0	346.0
80940	285777	301.0	250.0
80952	285777	303.4	250.0
80964	285777	307.0	251.0
80976	285777	311.0	251.0
80988	285777	318.0	252.0
81000	285777	323.0	252.0
81012	285777	331.0	253.0
81024	285777	333.0	253.0
81036	285777	336.0	254.0
81048	285777	337.0	254.0
81060	285777	340.0	254.0
81072	285777	346.0	254.0
81084	285777	357.0	255.0
81096	285777	362.0	256.0
81108	285777	367.0	257.0
81120	285777	372.0	257.0
81132	285777	377.0	258.0
81144	285777	385.0	259.0
81156	285777	392.0	260.0
81168	285777	399.0	261.0
81180	285777	409.0	263.0
81192	285777	420.0	264.0
81204	285777	431.0	266.0
81216	285777	442.0	266.0
81228	285777	456.0	268.0
81240	285777	471.0	270.0
81252	285777	488.0	272.0
81264	285777	507.0	274.0
81276	285777	530.0	276.0
81288	285777	556.0	279.0
81300	285777	588.0	282.0
81312	285777	628.0	287.0
81324	285777	675.0	293.0
81336	285777	737.0	302.0
81348	285777	818.0	312.0
81360	285777	929.0	326.0
81372	285777	997.0	348.0
81084	285810	341.0	254.0
81096	285810	342.0	254.0
81108	285810	342.0	255.0
81120	285810	348.0	256.0
81132	285810	352.0	256.0
81144	285810	357.0	258.0
81156	285810	363.0	258.0
81168	285810	369.0	259.0
81180	285810	377.0	260.0
81192	285810	384.0	261.0
81204	285810	392.0	262.0
81216	285810	400.0	263.0
81228	285810	411.0	264.0
81240	285810	420.0	265.0
81252	285810	433.0	266.0
81264	285810	447.0	268.0
81276	285810	462.0	270.0
81288	285810	478.0	271.0
81300	285810	496.0	273.0
81312	285810	517.0	275.0
81324	285810	541.0	278.0
81336	285810	569.0	282.0
81348	285810	604.0	287.0
81360	285810	647.0	292.0
81372	285810	701.0	300.0
81384	285810	772.0	310.0
81396	285810	867.0	323.0
81408	285810	975.0	339.0
81192	285830	248.0	253.0
81204	285830	253.0	253.0
81216	285830	253.375	252.625
81228	285830	254.0	252.0
81240	285830	254.4	253.0
81252	285830	258.5	254.5
81264	285830	262.0	255.0
81276	285830	265.0	255.0
81288	285830	267.8	255.0
81300	285830	270.0	256.0
81312	285830	275.0	256.0
81324	285830	279.0	257.0
81336	285830	280.0	257.0
81348	285830	285.0	258.0
81360	285830	289.0	258.0
81372	285830	292.0	259.0
81384	285830	299.0	260.0
81396	285830	303.0	261.0
81408	285830	307.0	261.0
81420	285830	313.0	263.0
81432	285830	318.0	263.0
81444	285830	323.0	264.0
81456	285830	329.0	265.0
81468	285830	333.0	266.0
81480	285830	342.0	267.0
81492	285830	349.0	268.0
81504	285830	358.0	269.0
81516	285830	370.0	271.0
81528	285830	383.0	272.0
81540	285830	397.0	274.0
81552	285830	414.0	274.0
81564	285830	434.0	277.0
81576	285830	455.0	279.0
81588	285830	481.0	283.0
81600	285830	512.0	287.0
81612	285830	549.0	291.0
81624	285830	595.0	297.0
81636	285830	652.0	305.0
81648	285830	726.0	314.0
81660	285830	827.0	328.0
81672	285830	963.0	347.0
81312	285870	251.0	252.0
81324	285870	253.0	253.0
81336	285870	255.0	254.0
81348	285870	255.0	253.0
81360	285870	258.0	254.0
81372	285870	260.0	255.0
81384	285870	262.0	255.0
81396	285870	265.0	256.0
81408	285870	268.0	256.0
81420	285870	271.0	256.0
81432	285870	274.0	257.0
81444	285870	276.0	257.0
81456	285870	279.0	258.0
81468	285870	282.0	258.0
81480	285870	285.0	259.0
81492	285870	289.0	259.0
81504	285870	291.0	259.0
81516	285870	295.0	261.0
81528	285870	300.0	261.0
81540	285870	305.0	262.0
81552	285870	309.0	263.0
81564	285870	313.0	263.0
81576	285870	319.0	264.0
81588	285870	325.0	265.0
81600	285870	331.0	267.0
81612	285870	337.0	268.0
81624	285870	345.0	269.0
81636	285870	354.0	271.0
81648	285870	362.0	273.0
81660	285870	372.0	274.0
81672	285870	383.0	276.0
81684	285870	396.0	279.0
81696	285870	412.0	282.0
81708	285870	430.0	286.0
81720	285870	454.0	290.0
81732	285870	482.0	296.0
81744	285870	519.0	304.0
81756	285870	565.0	314.0
81768	285870	631.0	327.0
81780	285870	721.0	345.0
81792	285870	868.0	374.0
81804	285870	1007.0	425.0
81456	285922	255.9090909090909	253.0
81468	285922	258.0	254.0
81480	285922	261.44444444444446	253.77777777777777
81492	285922	265.0	252.0
81504	285922	270.0	253.0
81516	285922	274.0	255.0
81528	285922	275.0	256.0
81540	285922	279.0	256.0
81552	285922	282.0	256.0
81564	285922	287.0	256.0
81576	285922	295.0	257.0
81588	285922	299.0	256.0
81600	285922	302.0	258.0
81612	285922	308.0	258.0
81624	285922	313.0	260.0
81636	285922	319.0	260.0
81648	285922	326.0	262.0
81660	285922	333.0	264.0
81672	285922	339.0	267.0
81684	285922	348.0	268.0
81696	285922	354.0	269.0
81708	285922	367.0	271.0
81720	285922	377.0	272.0
81732	285922	393.0	274.0
81744	285922	407.0	276.0
81756	285922	421.0	279.0
81768	285922	439.0	282.0
81780	285922	459.0	286.0
81792	285922	484.0	291.0
81804	285922	513.0	297.0
81816	285922	549.0	304.0
81828	285922	595.0	314.0
81840	285922	661.0	328.0
81852	285922	746.0	346.0
81864	285922	876.0	374.0
81876	285922	1005.0	421.0
81480	285933	251.0	253.0
81492	285933	254.0	254.0
81504	285933	254.0	254.0
81516	285933	254.0	252.0
81528	285933	254.0	253.0
81540	285933	255.0	253.0
81552	285933	258.0	253.0
81564	285933	260.0	254.0
81576	285933	261.0	255.0
81588	285933	262.0	256.0
81600	285933	264.0	256.0
81612	285933	265.0	256.0
81624	285933	268.0	256.0
81636	285933	271.0	257.0
81648	285933	273.0	257.0
81660	285933	276.0	258.0
81672	285933	279.0	258.0
81684	285933	283.0	259.0
81696	285933	287.0	260.0
81708	285933	290.0	260.0
81720	285933	296.0	261.0
81732	285933	301.0	262.0
81744	285933	306.0	263.0
81756	285933	311.0	263.0
81768	285933	317.0	265.0
81780	285933	323.0	266.0
81792	285933	330.0	268.0
81804	285933	338.0	269.0
81816	285933	347.0	271.0
81828	285933	356.0	273.0
81840	285933	367.0	274.0
81852	285933	380.0	276.0
81864	285933	395.0	279.0
81876	285933	413.0	283.0
81888	285933	435.0	287.0
81900	285933	460.0	293.0
81912	285933	494.0	300.0
81924	285933	536.0	310.0
81936	285933	593.0	325.0
81948	285933	676.0	343.0
81960	285933	804.0	371.0
81972	285933	980.0	422.0
81744	285980	204.0	249.0
81756	285980	211.0	251.0
81768	285980	216.0	252.0
81780	285980	219.0	252.0
81792	285980	223.0	253.0
81804	285980	228.0	253.0
81816	285980	229.0	253.0
81828	285980	232.0	253.0
81840	285980	232.42857142857142	252.0
81852	285980	234.84615384615384	251.3846153846154
81864	285980	237.0	251.0
81876	285980	238.0	251.0
81888	285980	239.0	251.0
81900	285980	238.0	251.0
81912	285980	241.0	251.0
81924	285980	242.0	252.0
81936	285980	243.0	252.0
81948	285980	244.0	253.0
81960	285980	244.0	252.0
81972	285980	244.0	252.0
81984	285980	246.0	253.0
81996	285980	247.0	253.0
82008	285980	246.0	253.0
82020	285980	245.0	253.0
82032	285980	248.0	253.0
82044	285980	247.0	253.0
82056	285980	246.0	254.0
82068	285980	248.0	254.0
82080	285980	248.0	255.0
82092	285980	249.0	255.0
82104	285980	250.0	256.0
82116	285980	250.0	256.0
82128	285980	251.0	257.0
82140	285980	251.0	257.0
82152	285980	252.0	258.0
82164	285980	251.0	258.0
82176	285980	251.0	258.0
82188	285980	252.0	259.0
82200	285980	252.0	260.0
82212	285980	253.0	261.0
82224	285980	253.0	262.0
82236	285980	254.0	263.0
82248	285980	254.0	263.0
82260	285980	256.0	264.0
82272	285980	258.0	264.0
82284	285980	259.0	265.0
82296	285980	264.0	265.0
82308	285980	267.0	266.0
82320	285980	271.0	267.0
82332	285980	276.0	269.0
82344	285980	283.0	270.0
82356	285980	289.0	270.0
82368	285980	297.0	272.0
82380	285980	306.0	273.0
82392	285980	316.0	274.0
82404	285980	327.0	275.0
82416	285980	341.0	277.0
82428	285980	356.0	279.0
82440	285980	374.0	281.0
82452	285980	394.0	285.0
82464	285980	416.0	289.0
82476	285980	441.0	293.0
82488	285980	470.0	298.0
82500	285980	506.0	306.0
82512	285980	549.0	315.0
82524	285980	605.0	327.0
82536	285980	683.0	344.0
82548	285980	792.0	367.0
82560	285980	960.0	405.0
82572	285980	1037.0	479.0
81756	285981	274.0	250.0
81768	285981	274.0	250.0
81780	285981	276.0	250.0
81792	285981	277.0	250.0
81804	285981	278.0	250.0
81816	285981	279.0	249.0
81828	285981	280.0	250.0
81840	285981	280.0	251.0
81852	285981	282.0	251.0
81864	285981	283.0	251.0
81876	285981	284.0	251.0
81888	285981	286.0	251.0
81900	285981	288.0	251.0
81912	285981	289.0	252.0
81924	285981	290.0	252.0
81936	285981	291.0	253.0
81948	285981	294.0	253.0
81960	285981	295.0	254.0
81972	285981	297.0	254.0
81984	285981	299.0	255.0
81996	285981	302.0	254.0
82008	285981	305.0	255.0
82020	285981	308.0	256.0
82032	285981	310.0	257.0
82044	285981	313.0	258.0
82056	285981	317.0	259.0
82068	285981	320.0	260.0
82080	285981	324.0	261.0
82092	285981	329.0	262.0
82104	285981	333.0	263.0
82116	285981	338.0	264.0
82128	285981	343.0	266.0
82140	285981	349.0	267.0
82152	285981	355.0	268.0
82164	285981	363.0	270.0
82176	285981	371.0	272.0
82188	285981	381.0	274.0
82200	285981	392.0	275.0
82212	285981	406.0	277.0
82224	285981	421.0	281.0
82236	285981	440.0	285.0
82248	285981	463.0	290.0
82260	285981	490.0	295.0
82272	285981	525.0	303.0
82284	285981	569.0	313.0
82296	285981	628.0	327.0
82308	285981	708.0	343.0
82320	285981	831.0	370.0
82332	285981	986.0	416.0
81816	285995	298.0	248.0
81828	285995	300.0	250.0
81840	285995	303.0	250.0
81852	285995	304.0	250.0
81864	285995	306.0	251.0
81876	285995	308.0	251.0
81888	285995	309.0	250.0
81900	285995	312.0	251.0
81912	285995	314.0	251.0
81924	285995	315.0	252.0
81936	285995	319.0	252.0
81948	285995	320.0	252.0
81960	285995	322.0	252.0
81972	285995	324.0	253.0
81984	285995	327.0	253.0
81996	285995	330.0	253.0
82008	285995	332.0	253.0
82020	285995	336.0	254.0
82032	285995	339.0	254.0
82044	285995	344.0	255.0
82056	285995	347.0	256.0
82068	285995	352.0	256.0
82080	285995	358.0	257.0
82092	285995	362.0	257.0
82104	285995	368.0	258.0
82116	285995	374.0	259.0
82128	285995	380.0	260.0
82140	285995	388.0	260.0
82152	285995	396.0	261.0
82164	285995	405.0	263.0
82176	285995	415.0	263.0
82188	285995	427.0	265.0
82200	285995	440.0	267.0
82212	285995	455.0	268.0
82224	285995	471.0	270.0
82236	285995	490.0	272.0
82248	285995	513.0	274.0
82260	285995	540.0	276.0
82272	285995	571.0	280.0
82284	285995	608.0	284.0
82296	285995	655.0	290.0
82308	285995	709.0	288.0
81972	286050	275.0	250.0
81984	286050	277.0	249.0
81996	286050	279.2352941176471	250.2058823529412
82008	286050	281.3529411764706	250.55882352941177
82020	286050	283.47058823529414	250.91176470588235
82032	286050	287.0	252.0
82044	286050	286.0	251.0
82056	286050	289.0	253.0
82068	286050	291.0	253.0
82080	286050	293.0	253.0
82092	286050	295.0	253.0
82104	286050	296.0	254.0
82116	286050	297.0	255.0
82128	286050	299.0	255.0
82140	286050	300.0	255.0
82152	286050	302.0	256.0
82164	286050	304.0	256.0
82176	286050	306.0	257.0
82188	286050	309.0	258.0
82200	286050	311.0	258.0
82212	286050	315.0	259.0
82224	286050	318.0	260.0
82236	286050	323.0	261.0
82248	286050	326.0	261.0
82260	286050	331.0	262.0
82272	286050	336.0	263.0
82284	286050	341.0	264.0
82296	286050	348.0	265.0
82308	286050	354.0	267.0
82320	286050	362.0	268.0
82332	286050	370.0	270.0
82344	286050	379.0	272.0
82356	286050	390.0	273.0
82368	286050	402.0	275.0
82380	286050	417.0	278.0
82392	286050	434.0	281.0
82404	286050	453.0	284.0
82416	286050	476.0	290.0
82428	286050	504.0	296.0
82440	286050	540.0	304.0
82452	286050	585.0	315.0
82464	286050	648.0	328.0
82476	286050	737.0	349.0
82488	286050	881.0	382.0
82500	286050	1012.0	440.0
82212	286089	357.0	259.0
82224	286089	365.0	258.0
82236	286089	376.0	259.0
82248	286089	386.0	260.0
82260	286089	396.0	261.0
82272	286089	404.0	262.0
82284	286089	414.0	263.0
82296	286089	424.0	265.0
82308	286089	436.0	266.0
82320	286089	450.0	268.0
82332	286089	465.0	270.0
82344	286089	482.0	271.0
82356	286089	502.0	274.0
82368	286089	525.0	276.0
82380	286089	552.0	280.0
82392	286089	585.0	283.0
82404	286089	625.0	288.0
82416	286089	676.0	295.0
82428	286089	740.0	303.0
82440	286089	828.0	316.0
82452	286089	948.0	329.0
82464	286089	1007.0	358.0
82356	286118	197.0	247.0
82368	286118	202.0	248.0
82380	286118	209.0	249.0
82392	286118	215.0	250.0
82404	286118	219.0	250.0
82416	286118	224.0	251.0
82428	286118	229.0	251.0
82440	286118	232.0	251.0
82452	286118	235.0	251.0
82464	286118	240.0	251.0
82476	286118	241.0	251.0
82488	286118	243.0	252.0
82500	286118	246.0	252.0
82512	286118	247.0	251.0
82524	286118	250.0	251.0
82536	286118	251.0	252.0
82548	286118	252.0	251.0
82560	286118	253.0	252.0
82572	286118	253.0	251.0
82584	286118	253.0	252.0
82596	286118	254.0	253.0
82608	286118	253.0	254.0
82620	286118	254.0	254.0
82632	286118	254.0	254.0
82644	286118	255.0	254.0
82656	286118	255.0	254.0
82668	286118	255.0	255.0
82680	286118	256.0	255.0
82692	286118	258.0	255.0
82704	286118	258.0	256.0
82716	286118	260.0	256.0
82728	286118	261.0	256.0
82740	286118	263.0	257.0
82752	286118	266.0	258.0
82764	286118	269.0	257.0
82776	286118	270.0	258.0
82788	286118	273.0	259.0
82800	286118	275.0	259.0
82812	286118	279.0	261.0
82824	286118	282.0	261.0
82836	286118	286.0	262.0
82848	286118	289.0	263.0
82860	286118	292.0	263.0
82872	286118	297.0	264.0
82884	286118	302.3333333333333	266.0
82896	286118	306.0	266.0
82908	286118	312.0	268.0
82920	286118	318.0	269.0
82932	286118	324.0	270.0
82944	286118	332.0	272.0
82956	286118	339.0	273.0
82968	286118	348.0	275.0
82980	286118	358.0	277.0
82992	286118	370.0	279.0
83004	286118	384.0	281.0
83016	286118	400.0	285.0
83028	286118	419.0	289.0
83040	286118	443.0	294.0
83052	286118	467.0	300.0
83064	286118	501.0	308.0
83076	286118	542.0	318.0
83088	286118	596.0	332.0
83100	286118	672.0	350.0
83112	286118	786.0	377.0
83124	286118	962.0	423.0
83136	286118	1043.0	507.0
82404	286128	276.0	251.0
82416	286128	277.0	251.0
82428	286128	280.0	251.0
82440	286128	280.0	251.0
82452	286128	281.0	251.0
82464	286128	283.0	251.0
82476	286128	284.0	252.0
82488	286128	287.0	252.0
82500	286128	289.0	252.0
82512	286128	290.0	252.0
82524	286128	291.0	253.0
82536	286128	294.0	254.0
82548	286128	296.0	254.0
82560	286128	297.0	255.0
82572	286128	300.0	255.0
82584	286128	302.0	255.0
82596	286128	304.0	256.0
82608	286128	306.0	256.0
82620	286128	308.0	257.0
82632	286128	311.0	258.0
82644	286128	313.0	259.0
82656	286128	316.0	259.0
82668	286128	320.0	260.0
82680	286128	323.0	261.0
82692	286128	327.0	262.0
82704	286128	331.0	262.0
82716	286128	335.0	264.0
82728	286128	341.0	265.0
82740	286128	346.0	266.0
82752	286128	353.0	268.0
82764	286128	360.0	269.0
82776	286128	368.0	271.0
82788	286128	376.0	272.0
82800	286128	385.0	274.0
82812	286128	396.0	276.0
82824	286128	409.0	278.0
82836	286128	424.0	280.0
82848	286128	441.0	285.0
82860	286128	463.0	289.0
82872	286128	488.0	294.0
82884	286128	519.0	301.0
82896	286128	558.0	310.0
82908	286128	609.0	321.0
82920	286128	679.0	335.0
82932	286128	778.0	357.0
82944	286128	935.0	390.0
82956	286128	1021.0	448.0
82452	286139	326.0	251.0
82464	286139	326.0	251.0
82476	286139	328.0	251.0
82488	286139	332.0	253.0
82500	286139	333.0	253.0
82512	286139	337.0	253.0
82524	286139	339.0	253.0
82536	286139	341.0	255.0
82548	286139	345.0	255.0
82560	286139	349.0	255.0
82572	286139	352.0	256.0
82584	286139	355.0	256.0
82596	286139	359.0	258.0
82608	286139	363.0	258.0
82620	286139	367.0	259.0
82632	286139	372.0	259.0
82644	286139	376.0	260.0
82656	286139	380.0	262.0
82668	286139	386.0	263.0
82680	286139	390.0	264.0
82692	286139	396.0	265.0
82704	286139	403.0	267.0
82716	286139	411.0	268.0
82728	286139	418.0	269.0
82740	286139	427.0	271.0
82752	286139	436.0	274.0
82764	286139	448.0	276.0
82776	286139	461.0	278.0
82788	286139	479.0	283.0
82800	286139	498.0	287.0
82812	286139	522.0	292.0
82824	286139	551.0	299.0
82836	286139	589.0	308.0
82848	286139	640.0	320.0
82860	286139	712.0	338.0
82872	286139	820.0	363.0
82884	286139	976.0	405.0
82668	286155	279.0	252.0
82680	286155	279.66037735849056	252.0
82692	286155	280.79245283018867	252.0
82704	286155	281.92452830188677	252.0
82716	286155	283.0566037735849	252.0
82728	286155	285.0	252.0
82740	286155	286.0	253.0
82752	286155	287.0	254.0
82764	286155	287.8695652173913	253.43478260869566
82776	286155	288.9130434782609	253.95652173913044
82788	286155	289.9230769230769	254.0
82800	286155	291.15384615384613	254.0
82812	286155	292.38461538461536	254.0
82824	286155	293.0	254.0
82836	286155	294.47058823529414	254.0
82848	286155	296.2352941176471	254.0
82860	286155	298.0	254.0
82872	286155	302.0	256.0
82884	286155	304.0	262.0
82896	286155	302.0	249.0
82908	286155	309.0	258.0
82920	286155	310.0	258.3333333333333
82932	286155	310.0	257.0
82944	286155	312.0	259.0
82956	286155	316.0	259.0
82968	286155	319.0	260.0
82980	286155	323.0	262.0
82992	286155	327.0	264.0
83004	286155	333.0	264.0
83016	286155	338.0	264.0
83028	286155	345.0	265.0
83040	286155	351.0	266.0
83052	286155	358.0	267.0
83064	286155	363.0	268.0
83076	286155	369.0	270.0
83088	286155	377.0	271.0
83100	286155	385.0	273.0
83112	286155	396.0	274.0
83124	286155	408.0	275.0
83136	286155	417.0	277.0
83148	286155	428.0	279.0
83160	286155	443.0	283.0
83172	286155	461.0	286.0
83184	286155	479.0	290.0
83196	286155	500.0	295.0
83208	286155	526.0	300.0
83220	286155	558.0	308.0
83232	286155	602.0	318.0
83244	286155	654.0	329.0
83256	286155	729.0	345.0
83268	286155	833.0	368.0
83280	286155	958.0	406.0
83292	286155	989.0	457.0
83304	286155	991.0	470.0
83316	286155	977.0	430.0
83328	286155	1006.0	478.0
82764	286163	324.0	252.0
82776	286163	328.0	254.0
82788	286163	332.0	254.0
82800	286163	337.0	254.0
82812	286163	342.0	254.0
82824	286163	347.0	255.0
82836	286163	352.0	256.0
82848	286163	356.0	256.0
82860	286163	360.0	257.0
82872	286163	365.0	258.0
82884	286163	371.0	258.0
82896	286163	377.0	260.0
82908	286163	382.0	260.0
82920	286163	389.0	261.0
82932	286163	398.0	262.0
82944	286163	405.0	263.0
82956	286163	414.0	264.0
82968	286163	424.0	266.0
82980	286163	436.0	267.0
82992	286163	448.0	268.0
83004	286163	462.0	270.0
83016	286163	478.0	271.0
83028	286163	497.0	273.0
83040	286163	517.0	275.0
83052	286163	542.0	277.0
83064	286163	572.0	281.0
83076	286163	606.0	284.0
83088	286163	648.0	288.0
83100	286163	704.0	295.0
82908	286185	272.6666666666667	252.66666666666666
82920	286185	273.6666666666667	253.0
82932	286185	274.0	252.0
82944	286185	276.0	253.0
82956	286185	277.0	254.0
82968	286185	278.0	254.0
82980	286185	279.0	254.0
82992	286185	283.0	256.0
83004	286185	284.0	256.0
83016	286185	286.0	255.0
83028	286185	290.0	257.0
83040	286185	293.0	258.0
83052	286185	296.0	258.0
83064	286185	299.0	257.0
83076	286185	303.0	259.0
83088	286185	308.0	260.0
83100	286185	311.0	261.0
83112	286185	315.0	261.0
83124	286185	319.0	262.0
83136	286185	325.0	263.0
83148	286185	331.0	265.0
83160	286185	337.0	265.0
83172	286185	341.0	266.0
83184	286185	347.0	268.0
83196	286185	353.0	268.0
83208	286185	359.0	269.0
83220	286185	365.0	271.0
83232	286185	374.0	272.0
83244	286185	382.0	273.0
83256	286185	392.0	274.0
83268	286185	403.0	276.0
83280	286185	416.0	279.0
83292	286185	430.0	281.0
83304	286185	446.0	285.0
83316	286185	464.0	289.0
83328	286185	487.0	294.0
83340	286185	514.0	301.0
83352	286185	545.0	307.0
83364	286185	586.0	318.0
83376	286185	639.0	329.0
83388	286185	707.0	342.0
83400	286185	804.0	364.0
83412	286185	953.0	398.0
83424	286185	1017.0	455.0
83040	286216	267.0	251.0
83052	286216	267.24	251.0
83064	286216	267.72	251.0
83076	286216	268.1333333333333	251.0
83088	286216	268.93333333333334	251.0
83100	286216	270.0	250.0
83112	286216	271.0	251.0
83124	286216	273.0	251.0
83136	286216	273.0	252.0
83148	286216	274.0	251.0
83160	286216	275.0	251.0
83172	286216	276.0	252.0
83184	286216	276.0	251.0
83196	286216	277.0	252.0
83208	286216	278.0	252.0
83220	286216	279.0	252.0
83232	286216	280.0	252.0
83244	286216	281.0	252.0
83256	286216	282.0	252.0
83268	286216	283.0	252.0
83280	286216	284.0	253.0
83292	286216	285.0	253.0
83304	286216	287.0	254.0
83316	286216	288.0	254.0
83328	286216	290.0	254.0
83340	286216	292.0	255.0
83352	286216	293.0	255.0
83364	286216	296.0	256.0
83376	286216	297.0	257.0
83388	286216	300.0	257.0
83400	286216	301.0	258.0
83412	286216	304.0	257.0
83424	286216	306.0	257.0
83436	286216	308.0	258.0
83448	286216	312.0	259.0
83460	286216	315.0	260.0
83472	286216	319.0	260.0
83484	286216	322.0	261.0
83496	286216	326.0	262.0
83508	286216	330.0	263.0
83520	286216	334.0	264.0
83532	286216	340.0	265.0
83544	286216	345.0	266.0
83556	286216	352.0	267.0
83568	286216	358.0	268.0
83580	286216	366.0	270.0
83592	286216	374.0	271.0
83604	286216	384.0	273.0
83616	286216	395.0	275.0
83628	286216	408.0	277.0
83640	286216	424.0	280.0
83652	286216	441.0	284.0
83664	286216	460.0	287.0
83676	286216	484.0	292.0
83688	286216	513.0	299.0
83700	286216	550.0	306.0
83712	286216	594.0	316.0
83724	286216	654.0	330.0
83736	286216	736.0	347.0
83748	286216	860.0	375.0
83760	286216	993.0	419.0
83040	286220	277.0	253.0
83052	286220	277.0	254.0
83064	286220	280.0	254.0
83076	286220	283.0	255.0
83088	286220	286.0	253.0
83100	286220	287.0	255.0
83112	286220	289.0	255.0
83124	286220	292.0	255.0
83136	286220	294.0	255.0
83148	286220	296.0	257.0
83160	286220	300.0	258.0
83172	286220	301.0	258.0
83184	286220	304.0	259.0
83196	286220	309.0	260.0
83208	286220	312.0	261.0
83220	286220	314.0	261.0
83232	286220	318.0	262.0
83244	286220	321.0	262.0
83256	286220	326.0	263.0
83268	286220	329.0	264.0
83280	286220	334.0	266.0
83292	286220	339.0	266.0
83304	286220	344.0	267.0
83316	286220	349.0	269.0
83328	286220	356.0	270.0
83340	286220	363.0	272.0
83352	286220	371.0	273.0
83364	286220	380.0	274.0
83376	286220	391.0	276.0
83388	286220	401.0	278.0
83400	286220	414.0	280.0
83412	286220	429.0	283.0
83424	286220	445.0	287.0
83436	286220	465.0	291.0
83448	286220	488.0	295.0
83460	286220	515.0	302.0
83472	286220	549.0	309.0
83484	286220	591.0	319.0
83496	286220	647.0	332.0
83508	286220	722.0	350.0
83520	286220	832.0	375.0
83532	286220	976.0	415.0
83544	286220	1038.0	494.0
83280	286258	307.0	250.0
83292	286258	309.0	250.0
83304	286258	312.0	250.0
83316	286258	315.0	251.0
83328	286258	317.0	251.0
83340	286258	320.0	251.0
83352	286258	323.0	252.0
83364	286258	325.0	253.0
83376	286258	327.0	253.0
83388	286258	330.0	253.0
83400	286258	333.0	253.0
83412	286258	336.0	253.0
83424	286258	338.0	253.0
83436	286258	341.0	254.0
83448	286258	345.0	255.0
83460	286258	348.0	255.0
83472	286258	352.0	254.0
83484	286258	356.0	256.0
83496	286258	360.0	256.0
83508	286258	364.0	257.0
83520	286258	370.0	258.0
83532	286258	374.0	258.0
83544	286258	379.0	258.0
83556	286258	385.0	259.0
83568	286258	391.0	260.0
83580	286258	397.0	260.0
83592	286258	405.0	261.0
83604	286258	413.0	262.0
83616	286258	422.0	264.0
83628	286258	431.0	265.0
83640	286258	443.0	266.0
83652	286258	455.0	267.0
83664	286258	469.0	269.0
83376	286278	269.0	251.0
83388	286278	270.0	251.0
83400	286278	271.0	250.0
83412	286278	272.0	251.0
83424	286278	273.0	251.0
83436	286278	275.0	251.0
83448	286278	276.0	251.0
83460	286278	276.0	251.0
83472	286278	277.0	251.0
83484	286278	279.0	253.0
83496	286278	280.0	252.0
83508	286278	280.0	253.0
83520	286278	282.0	253.0
83532	286278	283.0	253.0
83544	286278	284.0	253.0
83556	286278	286.0	253.0
83568	286278	288.0	252.0
83580	286278	289.0	253.0
83592	286278	291.0	253.0
83604	286278	294.0	254.0
83616	286278	294.0	254.0
83628	286278	297.0	255.0
83640	286278	298.0	255.0
83652	286278	300.0	256.0
83664	286278	302.0	256.0
83676	286278	304.0	257.0
83688	286278	306.0	257.0
83700	286278	308.0	258.0
83712	286278	311.0	259.0
83724	286278	313.0	260.0
83736	286278	316.0	261.0
83748	286278	318.0	260.0
83760	286278	321.0	261.0
83772	286278	325.0	262.0
83784	286278	328.0	262.0
83796	286278	332.0	263.0
83808	286278	336.0	264.0
83820	286278	341.0	265.0
83832	286278	345.0	266.0
83844	286278	349.0	267.0
83856	286278	355.0	268.0
83868	286278	362.0	269.0
83880	286278	369.0	271.0
83892	286278	376.0	272.0
83904	286278	385.0	274.0
83916	286278	394.0	275.0
83928	286278	404.0	277.0
83940	286278	416.0	280.0
83952	286278	430.0	283.0
83964	286278	446.0	287.0
83976	286278	465.0	291.0
83988	286278	487.0	296.0
84000	286278	513.0	302.0
84012	286278	545.0	310.0
84024	286278	585.0	320.0
84036	286278	638.0	333.0
84048	286278	713.0	350.0
84060	286278	817.0	375.0
84072	286278	967.0	414.0
84084	286278	1030.0	485.0
83496	286305	294.0	248.0
83508	286305	294.0	247.0
83520	286305	296.0	248.0
83532	286305	298.0	248.0
83544	286305	298.0	248.0
83556	286305	299.0	248.0
83568	286305	299.0	247.0
83580	286305	301.0	248.0
83592	286305	302.0	247.0
83604	286305	303.0	248.0
83616	286305	304.0	248.0
83628	286305	307.5	248.0
83640	286305	310.0	248.0
83652	286305	311.0	249.0
83664	286305	313.0	250.0
83676	286305	315.0	251.0
83688	286305	317.0	250.0
83700	286305	317.5	250.5
83712	286305	319.6	250.0
83724	286305	322.0	251.0
83736	286305	326.0	252.0
83748	286305	328.0	252.0
83760	286305	330.0	251.0
83772	286305	333.0	252.0
83784	286305	338.0	253.0
83796	286305	341.0	253.0
83808	286305	343.0	254.0
83820	286305	349.0	253.0
83832	286305	352.0	254.0
83844	286305	355.0	256.0
83556	286311	202.0	247.0
83568	286311	207.0	249.0
83580	286311	212.0	250.0
83592	286311	216.0	250.0
83604	286311	220.0	251.0
83616	286311	223.0	251.0
83628	286311	227.0	252.0
83640	286311	230.0	252.0
83652	286311	232.0	252.0
83664	286311	236.0	252.0
83676	286311	239.0	252.0
83688	286311	241.0	252.0
83700	286311	244.0	253.0
83712	286311	246.0	252.0
83724	286311	246.0	252.0
83736	286311	246.0	252.0
83748	286311	247.0	253.0
83760	286311	248.0	252.0
83772	286311	250.0	252.0
83784	286311	250.0	252.0
83796	286311	251.0	253.0
83808	286311	254.0	253.0
83820	286311	254.0	253.0
83832	286311	255.0	254.0
83844	286311	255.0	254.0
83856	286311	256.0	254.0
83868	286311	255.0	254.0
83880	286311	257.0	254.0
83892	286311	258.0	253.0
83904	286311	260.0	255.0
83916	286311	261.0	255.0
83928	286311	264.0	256.0
83940	286311	266.0	256.0
83952	286311	266.0	256.0
83964	286311	268.0	256.0
83976	286311	270.0	257.0
83988	286311	273.0	258.0
84000	286311	275.0	258.0
84012	286311	278.0	259.0
84024	286311	279.0	259.0
84036	286311	282.0	260.0
84048	286311	284.0	260.0
84060	286311	287.0	260.0
84072	286311	290.0	261.0
84084	286311	294.0	262.0
84096	286311	300.0	263.0
84108	286311	303.0	265.0
84120	286311	308.0	266.0
84132	286311	314.0	267.0
84144	286311	320.0	267.0
84156	286311	326.0	269.0
84168	286311	334.0	270.0
84180	286311	341.0	272.0
84192	286311	349.0	273.0
84204	286311	359.0	274.0
84216	286311	370.0	276.0
84228	286311	381.0	277.0
84240	286311	394.0	279.0
84252	286311	408.0	282.0
84264	286311	424.0	285.0
84276	286311	443.0	289.0
84288	286311	465.0	295.0
84300	286311	491.0	301.0
84312	286311	522.0	307.0
84324	286311	562.0	317.0
84336	286311	614.0	329.0
84348	286311	683.0	345.0
84360	286311	782.0	367.0
84372	286311	935.0	402.0
84384	286311	1017.0	462.0
83712	286332	285.0	253.0
83724	286332	287.0	255.0
83736	286332	289.0	255.0
83748	286332	292.0	256.0
83760	286332	295.0	257.0
83772	286332	297.0	258.0
83784	286332	298.0	258.0
83796	286332	302.0	259.0
83808	286332	304.0	259.0
83820	286332	308.0	261.0
83832	286332	311.0	261.0
83844	286332	314.0	262.0
83856	286332	317.0	262.0
83868	286332	322.0	263.0
83880	286332	326.0	265.0
83892	286332	330.0	266.0
83904	286332	338.0	267.0
83916	286332	343.0	268.0
83928	286332	350.0	270.0
83940	286332	357.0	272.0
83952	286332	365.0	273.0
83964	286332	373.0	275.0
83976	286332	383.0	276.0
83988	286332	394.0	278.0
84000	286332	406.0	281.0
84012	286332	420.0	285.0
84024	286332	436.0	288.0
84036	286332	456.0	293.0
84048	286332	479.0	298.0
84060	286332	507.0	305.0
84072	286332	542.0	314.0
84084	286332	587.0	326.0
84096	286332	647.0	341.0
84108	286332	731.0	361.0
84120	286332	855.0	392.0
84132	286332	991.0	442.0
83916	286367	304.0	249.0
83928	286367	309.0	249.0
83940	286367	312.0	250.0
83952	286367	314.0	250.0
83964	286367	316.0	250.0
83976	286367	318.0	251.0
83988	286367	320.0	251.0
84000	286367	322.0	252.0
84012	286367	324.0	252.0
84024	286367	326.0	252.0
84036	286367	329.0	253.0
84048	286367	331.0	253.0
84060	286367	333.0	253.0
84072	286367	336.0	253.0
84084	286367	339.0	254.0
84096	286367	342.0	255.0
84108	286367	345.0	256.0
84120	286367	349.0	257.0
84132	286367	351.0	257.0
84144	286367	355.0	257.0
84156	286367	359.0	258.0
84168	286367	365.0	259.0
84180	286367	369.0	259.0
84192	286367	375.0	259.0
84204	286367	381.0	259.0
84216	286367	387.0	261.0
84228	286367	394.0	261.0
84240	286367	402.0	262.0
84156	286395	284.0	254.0
84168	286395	291.0	254.0
84180	286395	291.0	254.0
84192	286395	296.0	255.0
84204	286395	298.0	256.0
84216	286395	302.0	256.0
84228	286395	305.0	256.0
84240	286395	305.0	257.0
84252	286395	308.0	258.0
84264	286395	311.0	259.0
84276	286395	313.0	259.0
84288	286395	318.0	261.0
84300	286395	321.0	261.0
84312	286395	326.0	262.0
84324	286395	331.0	263.0
84336	286395	336.0	264.0
84348	286395	342.0	266.0
84360	286395	347.0	267.0
84372	286395	355.0	269.0
84384	286395	363.0	271.0
84396	286395	372.0	272.0
84408	286395	381.0	274.0
84420	286395	393.0	275.0
84432	286395	406.0	278.0
84444	286395	422.0	281.0
84456	286395	440.0	285.0
84468	286395	462.0	289.0
84480	286395	488.0	295.0
84492	286395	522.0	303.0
84504	286395	566.0	313.0
84516	286395	623.0	326.0
84528	286395	709.0	346.0
84540	286395	838.0	375.0
84552	286395	992.0	428.0
84252	286401	347.0	256.0
84264	286401	356.0	257.0
84276	286401	367.0	258.0
84288	286401	374.0	259.0
84300	286401	381.0	259.0
84312	286401	388.0	261.0
84324	286401	396.0	262.0
84336	286401	406.0	263.0
84348	286401	414.0	264.0
84360	286401	425.0	266.0
84372	286401	438.0	267.0
84384	286401	448.0	268.0
84396	286401	462.0	270.0
84408	286401	478.0	271.0
84420	286401	495.0	273.0
84432	286401	517.0	276.0
84444	286401	542.0	279.0
84456	286401	572.0	283.0
84468	286401	608.0	287.0
84480	286401	654.0	293.0
84492	286401	712.0	299.0
84504	286401	788.0	308.0
84516	286401	886.0	320.0
84528	286401	984.0	338.0
84312	286405	292.85714285714283	248.0
84324	286405	294.57142857142856	248.0
84336	286405	293.0	249.0
84348	286405	294.0	248.0
84360	286405	295.0	249.0
84372	286405	297.0	249.0
84384	286405	299.0	249.0
84396	286405	299.0	249.0
84408	286405	301.0	249.0
84420	286405	302.0	250.0
84432	286405	304.0	251.0
84444	286405	306.0	251.0
84456	286405	307.0	250.0
84468	286405	309.0	251.0
84480	286405	312.0	251.0
84492	286405	314.0	251.0
84504	286405	316.0	252.0
84516	286405	319.0	252.0
84528	286405	321.0	252.0
84540	286405	324.0	252.0
84552	286405	327.0	253.0
84564	286405	330.0	253.0
84576	286405	333.0	254.0
84588	286405	337.0	254.0
84600	286405	340.0	255.0
84612	286405	344.0	256.0
84624	286405	349.0	256.0
84636	286405	354.0	256.0
84648	286405	359.0	257.0
84660	286405	365.0	259.0
84672	286405	371.0	259.0
84684	286405	378.0	260.0
84696	286405	385.0	260.0
84708	286405	394.0	261.0
84720	286405	403.0	263.0
84732	286405	414.0	264.0
84744	286405	426.0	266.0
84756	286405	439.0	268.0
84768	286405	454.0	269.0
84780	286405	471.0	271.0
84792	286405	492.0	273.0
84804	286405	516.0	276.0
84816	286405	546.0	279.0
84828	286405	581.0	284.0
84840	286405	625.0	289.0
84852	286405	684.0	297.0
84864	286405	759.0	307.0
84876	286405	866.0	321.0
84888	286405	984.0	343.0
84384	286424	273.90909090909093	249.0
84396	286424	275.1111111111111	250.0
84408	286424	276.0	249.0
84420	286424	277.2857142857143	250.28571428571428
84432	286424	277.5	251.0
84444	286424	278.0	251.0
84456	286424	278.9	251.0
84468	286424	279.53846153846155	251.0
84480	286424	280.46153846153845	251.0
84492	286424	282.0	252.0
84504	286424	283.0	252.0
84516	286424	283.0	252.0
84528	286424	286.0	252.0
84540	286424	287.0	252.0
84552	286424	288.2	252.4
84564	286424	289.4	252.8
84576	286424	291.0	253.0
84588	286424	294.0	253.0
84600	286424	296.0	254.0
84612	286424	298.0	255.0
84624	286424	300.0	255.0
84636	286424	302.0	255.0
84648	286424	305.0	256.0
84660	286424	307.0	257.0
84672	286424	309.0	257.0
84684	286424	312.0	258.0
84696	286424	315.0	258.0
84708	286424	319.0	259.0
84720	286424	322.0	260.0
84732	286424	326.0	260.0
84744	286424	331.0	261.0
84756	286424	334.0	262.0
84768	286424	340.0	263.0
84780	286424	345.0	264.0
84792	286424	352.0	265.0
84804	286424	359.0	266.0
84816	286424	367.0	267.0
84828	286424	376.0	269.0
84840	286424	386.0	270.0
84852	286424	397.0	271.0
84864	286424	411.0	273.0
84876	286424	429.0	276.0
84888	286424	443.0	278.0
84900	286424	458.0	281.0
84912	286424	486.0	285.0
84924	286424	511.0	289.0
84936	286424	541.0	295.0
84948	286424	580.0	300.0
84960	286424	633.0	309.0
84972	286424	697.0	321.0
84984	286424	784.0	338.0
84996	286424	913.0	361.0
85008	286424	1003.0	399.0
85020	286424	1021.3571428571429	422.14285714285717
84396	286426	329.0	256.0
84408	286426	334.0	256.0
84420	286426	342.0	257.0
84432	286426	349.0	258.0
84444	286426	357.0	258.0
84456	286426	367.0	260.0
84468	286426	375.0	261.0
84480	286426	382.0	262.0
84492	286426	389.0	263.0
84504	286426	398.0	264.0
84516	286426	408.0	266.0
84528	286426	419.0	267.0
84540	286426	430.0	269.0
84552	286426	444.0	271.0
84564	286426	461.0	272.0
84576	286426	480.0	274.0
84588	286426	501.0	277.0
84600	286426	527.0	281.0
84612	286426	559.0	285.0
84624	286426	599.0	290.0
84636	286426	649.0	297.0
84648	286426	714.0	306.0
84660	286426	802.0	318.0
84672	286426	929.0	335.0
84684	286426	1007.0	364.0
84768	286480	294.05882352941177	249.98039215686273
84780	286480	294.7647058823529	249.7450980392157
84792	286480	295.47058823529414	249.50980392156862
84804	286480	296.1764705882353	249.27450980392157
84816	286480	296.88235294117646	249.0392156862745
84828	286480	297.0	250.0
84840	286480	298.0	250.0
84852	286480	301.0	249.0
84864	286480	303.0	250.0
84876	286480	304.0	251.0
84888	286480	307.0	251.0
84900	286480	309.0	250.0
84912	286480	311.0	250.0
84924	286480	313.0	251.0
84936	286480	317.0	252.0
84948	286480	318.0	252.0
84960	286480	322.0	252.0
84972	286480	325.0	253.0
84984	286480	328.0	253.0
84996	286480	331.0	254.0
85008	286480	334.0	255.0
85020	286480	336.0	255.0
85032	286480	340.0	256.0
85044	286480	343.0	256.0
85056	286480	346.0	256.0
85068	286480	350.0	257.0
85080	286480	353.0	258.0
85092	286480	357.0	259.0
85104	286480	360.0	259.0
85116	286480	364.0	260.0
85128	286480	368.0	261.0
85140	286480	372.0	262.0
85152	286480	376.0	263.0
85164	286480	381.0	265.0
85176	286480	387.0	266.0
85188	286480	393.0	268.0
85200	286480	399.0	270.0
85212	286480	408.0	271.0
85224	286480	418.0	274.0
85236	286480	429.0	277.0
85248	286480	444.0	280.0
85260	286480	461.0	284.0
85272	286480	482.0	289.0
85284	286480	508.0	295.0
85296	286480	543.0	303.0
85308	286480	588.0	314.0
85320	286480	651.0	328.0
85332	286480	742.0	348.0
85344	286480	887.0	380.0
85356	286480	1016.0	440.0
84768	286482	267.0	247.1
84780	286482	267.0	248.0
84792	286482	267.0	249.0
84804	286482	267.0	248.0
84816	286482	266.0	248.0
84828	286482	267.0	248.2
84840	286482	266.375	249.0
84852	286482	267.0	249.0
84864	286482	268.0	250.0
84876	286482	268.0	250.0
84888	286482	271.0	249.0
84900	286482	271.0	250.0
84912	286482	271.0	250.0
84924	286482	271.0	250.0
84936	286482	272.0	249.0
84948	286482	273.0	250.0
84960	286482	274.0	251.0
84972	286482	275.0	251.0
84984	286482	275.0	251.0
84996	286482	276.0	250.0
85008	286482	277.0	251.0
85020	286482	278.0	251.0
85032	286482	279.0	252.0
85044	286482	281.0	253.0
85056	286482	283.0	252.0
85068	286482	284.0	253.0
85080	286482	284.0	252.0
85092	286482	286.0	253.0
85104	286482	286.0	253.0
85116	286482	288.0	254.0
85128	286482	290.0	254.0
85140	286482	291.0	254.0
85152	286482	293.0	255.0
85164	286482	295.0	255.0
85176	286482	298.0	256.0
85188	286482	300.0	256.0
85200	286482	303.0	256.0
85212	286482	306.0	258.0
85224	286482	310.0	258.0
85236	286482	313.0	260.0
85248	286482	317.0	261.0
85260	286482	321.0	262.0
85272	286482	325.0	263.0
85284	286482	331.0	264.0
85296	286482	337.0	265.0
85308	286482	343.0	268.0
85320	286482	350.0	268.0
85332	286482	358.0	270.0
85344	286482	366.0	271.0
85356	286482	375.0	272.0
85368	286482	387.0	274.0
85380	286482	401.0	276.0
85392	286482	416.0	278.0
85404	286482	433.0	281.0
85416	286482	453.0	286.0
85428	286482	477.0	290.0
85440	286482	507.0	296.0
85452	286482	545.0	305.0
85464	286482	593.0	314.0
85476	286482	659.0	328.0
85488	286482	753.0	348.0
85500	286482	902.0	378.0
85512	286482	1015.0	433.0
84816	286486	312.0	250.0
84828	286486	316.0	250.0
84840	286486	318.0	250.0
84852	286486	320.0	251.0
84864	286486	324.0	251.0
84876	286486	326.0	252.0
84888	286486	329.0	251.0
84900	286486	332.0	252.0
84912	286486	335.0	253.0
84924	286486	339.0	253.0
84936	286486	342.0	253.0
84948	286486	346.0	254.0
84960	286486	350.0	254.0
84972	286486	354.0	255.0
84984	286486	360.0	255.0
84996	286486	366.0	256.0
85008	286486	370.0	256.0
85020	286486	376.0	257.0
85032	286486	382.0	259.0
85044	286486	389.0	259.0
85056	286486	397.0	260.0
85068	286486	405.0	262.0
85080	286486	412.0	262.0
85092	286486	422.0	263.0
85104	286486	432.0	265.0
85116	286486	443.0	266.0
85128	286486	456.0	268.0
85140	286486	473.0	270.0
85152	286486	487.0	272.0
85164	286486	507.0	274.0
85176	286486	529.0	276.0
85188	286486	556.0	279.0
85200	286486	588.0	283.0
85212	286486	626.0	288.0
85224	286486	672.0	293.0
85236	286486	734.0	302.0
85248	286486	814.0	313.0
85260	286486	923.0	328.0
85272	286486	995.0	349.0
84828	286492	286.0	246.0
84840	286492	286.6666666666667	246.0
84852	286492	288.0	246.0
84864	286492	288.0	246.0
84876	286492	291.0	247.0
84888	286492	292.0	247.0
84900	286492	292.0	247.0
84912	286492	294.7	247.0
84924	286492	295.0	248.0
84936	286492	296.5	247.5
84948	286492	297.0	248.0
84960	286492	299.0	248.0
84972	286492	301.0	248.0
84984	286492	302.0	248.0
84996	286492	303.0	249.0
85008	286492	307.0	250.0
85020	286492	310.0	250.0
85032	286492	311.0	250.0
85044	286492	312.0	250.0
85056	286492	314.0	250.0
85068	286492	317.0	251.0
85080	286492	319.5	250.0
85092	286492	320.0	250.0
85104	286492	325.0	251.0
85116	286492	329.0	251.0
85128	286492	332.0	252.0
85140	286492	336.0	253.0
85152	286492	340.0	253.0
85164	286492	343.0	253.0
85176	286492	347.0	254.0
85188	286492	351.0	254.0
85200	286492	357.0	256.0
85212	286492	362.0	256.0
85224	286492	368.0	257.0
85236	286492	375.0	258.0
85248	286492	382.0	258.0
85260	286492	391.0	261.0
85272	286492	402.0	263.0
85284	286492	411.0	264.0
85296	286492	422.0	265.0
85308	286492	435.0	268.0
85320	286492	449.0	269.0
85332	286492	466.0	271.0
85344	286492	485.0	273.0
85356	286492	508.0	275.0
85368	286492	535.0	278.0
85380	286492	567.0	281.0
85392	286492	605.0	286.0
85404	286492	656.0	292.0
85416	286492	718.0	299.0
85428	286492	803.0	309.0
85440	286492	921.0	323.0
85452	286492	1000.0	348.0
85212	286559	276.3333333333333	250.0
85224	286559	277.0	251.0
85236	286559	279.125	251.0625
85248	286559	280.625	251.8125
85260	286559	282.125	252.5625
85272	286559	283.625	253.3125
85284	286559	285.0	254.0
85296	286559	288.0	253.25
85308	286559	288.0	255.0
85320	286559	288.0	254.0
85332	286559	288.0	255.0
85344	286559	289.0	255.0
85356	286559	290.0	255.0
85368	286559	292.0	256.0
85380	286559	294.0	255.0
85392	286559	295.0	256.0
85404	286559	297.0	257.0
85416	286559	299.0	257.0
85428	286559	301.0	257.0
85440	286559	303.0	258.0
85452	286559	307.0	259.0
85464	286559	309.0	259.0
85476	286559	311.0	260.0
85488	286559	314.0	261.0
85500	286559	318.0	261.0
85512	286559	322.0	261.0
85524	286559	326.0	262.0
85536	286559	329.0	262.0
85548	286559	333.0	263.0
85560	286559	337.0	264.0
85572	286559	340.0	266.0
85584	286559	345.0	267.0
85596	286559	350.0	268.0
85608	286559	356.0	268.0
85620	286559	362.0	269.0
85632	286559	368.0	270.0
85644	286559	375.0	271.0
85656	286559	383.0	274.0
85668	286559	392.0	276.0
85680	286559	408.0	277.0
85692	286559	418.0	279.0
85704	286559	429.0	283.0
85716	286559	442.0	287.0
85728	286559	461.0	290.0
85740	286559	481.0	295.0
85752	286559	502.0	301.0
85764	286559	529.0	308.0
85776	286559	567.0	317.0
85788	286559	611.0	327.0
85800	286559	673.0	343.0
85812	286559	757.0	362.0
85824	286559	881.0	394.0
85836	286559	975.0	442.0
85848	286559	1000.0	485.0
85500	286649	278.0	251.0
85512	286649	280.0	252.0
85524	286649	282.0	253.0
85536	286649	283.0	253.0
85548	286649	287.0	253.0
85560	286649	289.0	253.0
85572	286649	290.0	254.0
85584	286649	292.0	255.0
85596	286649	294.0	255.0
85608	286649	295.0	255.0
85620	286649	297.0	256.0
85632	286649	299.0	256.0
85644	286649	301.0	257.0
85656	286649	304.0	257.0
85668	286649	305.0	257.0
85680	286649	307.0	258.0
85692	286649	309.0	259.0
85704	286649	313.0	260.0
85716	286649	316.0	261.0
85728	286649	319.0	262.0
85740	286649	322.0	262.0
85752	286649	326.0	263.0
85764	286649	331.0	264.0
85776	286649	334.0	265.0
85788	286649	339.0	266.0
85800	286649	344.0	267.0
85812	286649	350.0	268.0
85824	286649	356.0	269.0
85836	286649	363.0	271.0
85848	286649	370.0	272.0
85860	286649	378.0	274.0
85872	286649	386.0	275.0
85884	286649	396.0	277.0
85896	286649	407.0	278.0
85908	286649	419.0	281.0
85920	286649	433.0	284.0
85932	286649	449.0	288.0
85944	286649	468.0	292.0
85956	286649	491.0	298.0
85968	286649	520.0	304.0
85980	286649	554.0	312.0
85992	286649	599.0	325.0
86004	286649	659.0	339.0
86016	286649	743.0	357.0
86028	286649	867.0	386.0
86040	286649	993.0	434.0
85644	286677	277.0	252.0
85656	286677	277.0	252.66666666666666
85668	286677	278.0	253.0
85680	286677	281.0	254.0
85692	286677	280.0	254.0
85704	286677	281.42857142857144	253.71428571428572
85716	286677	288.0	255.0
85728	286677	286.53846153846155	255.07692307692307
85740	286677	293.0	256.0
85752	286677	297.0	258.0
85764	286677	297.42857142857144	257.0
85776	286677	304.0	259.0
85788	286677	308.0	259.0
85800	286677	310.0	260.0
85812	286677	316.0	259.0
85824	286677	319.0	260.0
85836	286677	323.0	262.0
85848	286677	328.0	262.0
85860	286677	333.0	265.0
85872	286677	337.0	266.0
85884	286677	344.0	267.0
85896	286677	353.0	269.0
85908	286677	360.0	271.0
85920	286677	367.0	272.0
85932	286677	375.0	273.0
85944	286677	384.0	276.0
85956	286677	395.0	277.0
85968	286677	406.0	279.0
85980	286677	418.0	281.0
85992	286677	433.0	286.0
86004	286677	450.0	289.0
86016	286677	472.0	293.0
86028	286677	496.0	299.0
86040	286677	526.0	307.0
86052	286677	563.0	315.0
86064	286677	609.0	326.0
86076	286677	672.0	341.0
86088	286677	760.0	361.0
86100	286677	890.0	391.0
86112	286677	1000.0	440.0
85788	286693	287.29411764705884	256.11764705882354
85800	286693	290.8235294117647	257.52941176470586
85812	286693	294.0	258.0
85824	286693	296.0	259.0
85836	286693	298.0	260.0
85848	286693	301.0	260.0
85860	286693	302.0	261.0
85872	286693	304.0	262.0
85884	286693	308.0	262.0
85896	286693	312.0	262.0
85908	286693	315.0	263.0
85920	286693	320.0	265.0
85932	286693	325.0	266.0
85944	286693	330.0	266.0
85956	286693	336.0	267.0
85968	286693	343.0	268.0
85980	286693	350.0	270.0
85992	286693	357.0	272.0
86004	286693	366.0	273.0
86016	286693	373.0	274.0
86028	286693	384.0	276.0
86040	286693	395.0	279.0
86052	286693	408.0	281.0
86064	286693	423.0	286.0
86076	286693	440.0	289.0
86088	286693	461.0	293.0
86100	286693	486.0	299.0
86112	286693	516.0	306.0
86124	286693	554.0	314.0
86136	286693	601.0	325.0
86148	286693	665.0	339.0
86160	286693	751.0	357.0
86172	286693	880.0	386.0
86184	286693	998.0	433.0
85824	286700	277.25	250.0
85836	286700	276.0	250.0
85848	286700	276.0	250.0
85860	286700	276.0	251.0
85872	286700	277.0	252.0
85884	286700	276.0	252.0
85896	286700	275.0	252.0
85908	286700	275.0	252.0
85920	286700	277.0	252.0
85932	286700	279.0	253.0
85944	286700	279.0	253.0
85956	286700	281.0	253.0
85968	286700	283.0	253.0
85980	286700	284.0	254.0
85992	286700	284.0	254.0
86004	286700	286.0	254.0
86016	286700	289.0	255.0
86028	286700	290.0	255.0
86040	286700	292.0	256.0
86052	286700	294.0	256.0
86064	286700	296.0	256.0
86076	286700	297.0	257.0
86088	286700	298.0	257.0
86100	286700	301.0	258.0
86112	286700	304.0	258.0
86124	286700	307.0	259.0
86136	286700	308.0	260.0
86148	286700	310.0	261.0
86160	286700	314.0	262.0
86172	286700	317.0	262.0
86184	286700	321.0	263.0
86196	286700	324.0	264.0
86208	286700	328.0	265.0
86220	286700	331.0	267.0
86232	286700	337.0	268.0
86244	286700	342.0	269.0
86256	286700	348.0	271.0
86268	286700	355.0	272.0
86280	286700	362.0	274.0
86292	286700	370.0	275.0
86304	286700	380.0	277.0
86316	286700	390.0	278.0
86328	286700	401.0	280.0
86340	286700	416.0	283.0
86352	286700	432.0	287.0
86364	286700	450.0	291.0
86376	286700	474.0	295.0
86388	286700	501.0	303.0
86400	286700	533.0	310.0
86412	286700	575.0	321.0
86424	286700	630.0	334.0
86436	286700	705.0	351.0
86448	286700	815.0	377.0
86460	286700	971.0	418.0
86472	286700	1031.0	482.0
85956	286724	303.0	251.0
85968	286724	303.0	251.0
85980	286724	305.0	251.0
85992	286724	306.0	250.38888888888889
86004	286724	306.0	251.0
86016	286724	303.75	250.0
86028	286724	305.85714285714283	250.0
86040	286724	308.0	251.0
86052	286724	314.0	251.0
86064	286724	315.0	250.0
86076	286724	318.7959183673469	250.3265306122449
86088	286724	321.48979591836735	250.81632653061226
86100	286724	324.18367346938777	251.30612244897958
86112	286724	326.8775510204082	251.79591836734693
86124	286724	330.0	253.0
86136	286724	335.5	253.0
86148	286724	335.6666666666667	254.0
86160	286724	341.0	255.0
86172	286724	342.0	255.0
86184	286724	346.0	255.0
86196	286724	351.0	255.0
86208	286724	354.0	256.0
86220	286724	358.0	257.0
86232	286724	362.0	258.0
86244	286724	368.0	259.0
86256	286724	372.0	259.0
86268	286724	378.0	260.0
86280	286724	385.0	261.0
86292	286724	392.0	262.0
86304	286724	400.0	263.0
86316	286724	408.0	264.0
86328	286724	418.0	266.0
86340	286724	428.0	266.0
86352	286724	440.0	267.0
86364	286724	449.5967741935484	268.80645161290323
86376	286724	460.6290322580645	270.741935483871
86388	286724	471.66129032258067	272.6774193548387
86400	286724	482.69354838709677	274.61290322580646
86412	286724	493.7258064516129	276.5483870967742
86424	286724	515.0	280.0
86436	286724	554.0	283.0
86448	286724	604.0	287.0
86460	286724	659.0	294.0
86472	286724	717.0	302.0
86484	286724	790.0	311.0
86496	286724	887.0	323.0
86508	286724	982.0	342.0
85992	286734	317.5	252.0
86004	286734	322.3333333333333	251.16666666666666
86016	286734	326.0	253.0
86028	286734	329.0	253.0
86040	286734	331.0	253.0
86052	286734	337.0	255.0
86064	286734	340.0	255.0
86076	286734	343.0	256.0
86088	286734	346.0	256.0
86100	286734	351.0	256.0
86112	286734	355.0	256.0
86124	286734	361.0	257.0
86136	286734	365.0	258.0
86148	286734	372.0	259.0
86160	286734	376.0	259.0
86172	286734	383.0	260.0
86184	286734	389.0	261.0
86196	286734	396.0	263.0
86208	286734	404.0	263.0
86220	286734	412.0	264.0
86232	286734	422.0	266.0
86244	286734	432.0	266.0
86256	286734	443.0	268.0
86268	286734	456.0	269.0
86280	286734	470.0	271.0
86292	286734	485.0	273.0
86304	286734	504.0	275.0
86316	286734	525.0	276.0
86328	286734	550.0	280.0
86340	286734	579.0	283.0
86352	286734	613.0	286.0
86364	286734	657.0	292.0
86376	286734	710.0	299.0
86388	286734	778.0	306.0
86400	286734	867.0	317.0
86412	286734	973.0	333.0
86052	286747	354.0	259.0
86064	286747	362.0	260.0
86076	286747	372.0	261.0
86088	286747	382.0	261.0
86100	286747	390.0	263.0
86112	286747	397.0	264.0
86124	286747	405.0	265.0
86136	286747	414.0	266.0
86148	286747	425.0	267.0
86160	286747	436.0	269.0
86172	286747	448.0	270.0
86184	286747	462.0	272.0
86196	286747	480.0	273.0
86208	286747	498.0	275.0
86220	286747	519.0	278.0
86232	286747	544.0	281.0
86244	286747	575.0	284.0
86256	286747	612.0	289.0
86268	286747	656.0	295.0
86280	286747	711.0	301.0
86292	286747	785.0	311.0
86304	286747	882.0	324.0
86316	286747	980.0	341.0
86160	286789	289.6818181818182	257.1363636363636
86172	286789	292.40909090909093	257.6818181818182
86184	286789	295.0	258.0
86196	286789	297.0	259.0
86208	286789	299.0	260.0
86220	286789	301.0	261.0
86232	286789	304.0	262.0
86244	286789	307.0	262.0
86256	286789	312.0	262.0
86268	286789	316.0	263.0
86280	286789	319.0	265.0
86292	286789	327.0	266.0
86304	286789	333.0	267.0
86316	286789	339.0	268.0
86328	286789	346.0	269.0
86340	286789	354.0	271.0
86352	286789	363.0	272.0
86364	286789	372.0	274.0
86376	286789	381.0	275.0
86388	286789	391.0	276.0
86400	286789	401.0	278.0
86412	286789	414.0	281.0
86424	286789	429.0	284.0
86436	286789	443.0	288.0
86448	286789	463.0	292.0
86460	286789	487.0	298.0
86472	286789	513.0	304.0
86484	286789	547.0	313.0
86496	286789	590.0	323.0
86508	286789	646.0	337.0
86520	286789	725.0	355.0
86532	286789	840.0	382.0
86544	286789	981.0	426.0
86556	286789	1036.0	491.0
86316	286823	282.0	252.0
86328	286823	283.8	252.0
86340	286823	284.0	252.0
86352	286823	284.0	253.0
86364	286823	285.25	252.25
86376	286823	288.0	253.0
86388	286823	289.0	253.0
86400	286823	291.0	253.0
86412	286823	293.0	253.0
86424	286823	295.0	254.0
86436	286823	296.0	254.0
86448	286823	298.0	254.0
86460	286823	300.0	255.0
86472	286823	302.0	256.0
86484	286823	306.0	256.0
86496	286823	308.0	257.0
86508	286823	311.0	258.0
86520	286823	313.0	258.0
86532	286823	316.0	259.0
86544	286823	320.0	259.0
86556	286823	324.0	260.0
86568	286823	326.0	260.0
86580	286823	331.0	262.0
86592	286823	336.0	262.0
86604	286823	340.0	264.0
86616	286823	345.0	265.0
86628	286823	351.0	266.0
86640	286823	358.0	268.0
86652	286823	366.0	269.0
86664	286823	374.0	270.0
86676	286823	379.0	272.0
86688	286823	392.0	274.0
86700	286823	404.0	275.0
86712	286823	416.0	277.0
86724	286823	434.0	280.0
86736	286823	453.0	283.0
86748	286823	474.0	288.0
86760	286823	499.0	293.0
86772	286823	530.0	299.0
86784	286823	567.0	307.0
86796	286823	616.0	318.0
86808	286823	680.0	332.0
86820	286823	771.0	350.0
86832	286823	907.0	380.0
86844	286823	1010.0	432.0
86364	286831	325.0	252.0
86376	286831	325.0	252.0
86388	286831	327.8	251.4
86400	286831	334.0	254.0
86412	286831	338.0	254.0
86424	286831	343.0	255.0
86436	286831	346.0	256.0
86448	286831	349.0	256.0
86460	286831	357.0	256.0
86472	286831	361.0	257.0
86484	286831	366.0	257.0
86496	286831	371.0	258.0
86508	286831	377.0	258.0
86520	286831	382.0	259.0
86532	286831	389.0	261.0
86544	286831	397.0	261.0
86556	286831	405.0	262.0
86568	286831	413.0	263.0
86580	286831	423.0	265.0
86592	286831	434.0	266.0
86604	286831	446.0	268.0
86616	286831	459.0	269.0
86628	286831	475.0	270.0
86640	286831	492.0	273.0
86652	286831	512.0	274.0
86664	286831	536.0	277.0
86676	286831	563.0	280.0
86688	286831	597.0	285.0
86700	286831	638.0	289.0
86712	286831	687.0	295.0
86724	286831	750.0	303.0
86736	286831	834.0	313.0
86748	286831	947.0	327.0
86760	286831	1001.0	352.0
86448	286850	265.0	248.0
86460	286850	266.0	250.0
86472	286850	268.0	250.0
86484	286850	268.0	250.0
86496	286850	270.0	250.0
86508	286850	272.0	250.0
86520	286850	273.0	250.0
86532	286850	272.0	250.0
86544	286850	274.0	249.0
86556	286850	276.0	249.0
86568	286850	276.0	250.0
86580	286850	276.0	250.0
86592	286850	279.0	250.0
86604	286850	276.0	250.0
86616	286850	280.0	251.0
86628	286850	279.0	251.0
86640	286850	279.0	251.0
86652	286850	281.0	252.0
86664	286850	282.0	251.0
86676	286850	283.0	252.0
86688	286850	284.0	253.0
86700	286850	285.0	253.0
86712	286850	285.0	253.0
86724	286850	288.0	253.0
86736	286850	290.0	254.0
86748	286850	291.0	254.0
86760	286850	293.0	254.0
86772	286850	294.0	255.0
86784	286850	295.0	256.0
86796	286850	297.0	256.0
86808	286850	299.0	257.0
86820	286850	302.0	256.0
86832	286850	304.0	257.0
86844	286850	306.0	258.0
86856	286850	309.0	258.0
86868	286850	312.0	260.0
86880	286850	315.0	260.0
86892	286850	318.0	261.0
86904	286850	323.0	261.0
86916	286850	326.0	262.0
86928	286850	330.0	263.0
86940	286850	335.0	264.0
86952	286850	340.0	265.0
86964	286850	345.0	266.0
86976	286850	351.0	268.0
86988	286850	357.0	269.0
87000	286850	363.0	270.0
87012	286850	371.0	271.0
87024	286850	378.0	273.0
87036	286850	388.0	274.0
87048	286850	398.0	276.0
87060	286850	409.0	278.0
87072	286850	422.0	280.0
87084	286850	438.0	284.0
87096	286850	454.0	287.0
87108	286850	476.0	292.0
87120	286850	500.0	296.0
87132	286850	529.0	302.0
87144	286850	565.0	310.0
87156	286850	611.0	320.0
87168	286850	672.0	334.0
87180	286850	753.0	351.0
87192	286850	872.0	377.0
87204	286850	990.0	416.0
86472	286860	334.0	255.0
86484	286860	339.0	256.0
86496	286860	343.0	256.0
86508	286860	347.0	257.0
86520	286860	352.0	258.0
86532	286860	357.0	259.0
86544	286860	363.0	260.0
86556	286860	368.0	261.0
86568	286860	373.0	262.0
86580	286860	379.0	263.0
86592	286860	385.0	265.0
86604	286860	390.0	266.0
86616	286860	396.0	268.0
86628	286860	402.0	269.0
86640	286860	409.0	272.0
86652	286860	416.0	273.0
86664	286860	426.0	275.0
86676	286860	437.0	278.0
86688	286860	452.0	283.0
86700	286860	469.0	288.0
86712	286860	493.0	294.0
86724	286860	524.0	302.0
86736	286860	567.0	313.0
86748	286860	627.0	329.0
86760	286860	718.0	350.0
86772	286860	873.0	388.0
86784	286860	1022.0	461.0
86652	286892	318.85714285714283	252.71428571428572
86664	286892	321.0	253.0
86676	286892	329.0	253.0
86688	286892	335.0	255.0
86700	286892	340.0	255.0
86712	286892	343.0	256.0
86724	286892	348.0	256.0
86736	286892	352.0	256.0
86748	286892	357.0	257.0
86760	286892	363.0	258.0
86772	286892	370.0	259.0
86784	286892	376.0	260.0
86796	286892	383.0	261.0
86808	286892	391.0	262.0
86820	286892	400.0	262.0
86832	286892	410.0	264.0
86844	286892	421.0	266.0
86856	286892	434.0	267.0
86868	286892	447.0	269.0
86880	286892	464.0	271.0
86892	286892	483.0	272.0
86904	286892	506.0	275.0
86916	286892	532.0	278.0
86928	286892	564.0	282.0
86940	286892	603.0	286.0
86952	286892	653.0	292.0
86964	286892	715.0	300.0
86976	286892	797.0	311.0
86988	286892	913.0	326.0
87000	286892	997.0	349.0
86808	286931	275.0	251.0
86820	286931	277.0	252.0
86832	286931	278.3333333333333	252.0
86844	286931	280.0	252.0
86856	286931	281.0	252.0
86868	286931	281.10526315789474	252.0
86880	286931	281.3157894736842	252.0
86892	286931	281.5263157894737	252.0
86904	286931	281.7368421052632	252.0
86916	286931	281.94736842105266	252.0
86928	286931	282.875	253.0
86940	286931	284.375	253.0
86952	286931	285.6666666666667	254.0
86964	286931	288.0	255.0
86976	286931	290.0	255.0
86988	286931	294.0	256.0
87000	286931	297.0	257.0
87012	286931	299.0	256.0
87024	286931	301.0	257.0
87036	286931	303.0	258.0
87048	286931	308.0	259.0
87060	286931	311.0	260.0
87072	286931	314.0	260.0
87084	286931	320.0	262.0
87096	286931	325.0	263.0
87108	286931	330.0	264.0
87120	286931	336.0	265.0
87132	286931	341.0	266.0
87144	286931	346.0	267.0
87156	286931	353.0	268.0
87168	286931	360.0	269.0
87180	286931	368.0	271.0
87192	286931	377.0	273.0
87204	286931	386.0	274.0
87216	286931	397.0	275.0
87228	286931	409.0	277.0
87240	286931	421.0	280.0
87252	286931	436.0	283.0
87264	286931	454.0	287.0
87276	286931	474.0	291.0
87288	286931	498.0	296.0
87300	286931	526.0	302.0
87312	286931	562.0	311.0
87324	286931	607.0	321.0
87336	286931	666.0	334.0
87348	286931	746.0	352.0
87360	286931	865.0	378.0
87372	286931	990.0	419.0
86916	286965	299.0	256.0
86928	286965	303.0	258.0
86940	286965	306.0	258.0
86952	286965	309.0	259.0
86964	286965	313.0	260.0
86976	286965	316.0	261.0
86988	286965	318.0	261.0
87000	286965	324.0	262.0
87012	286965	328.0	263.0
87024	286965	332.0	264.0
87036	286965	337.0	265.0
87048	286965	345.0	266.0
87060	286965	352.0	267.0
87072	286965	359.0	269.0
87084	286965	366.0	270.0
87096	286965	374.0	272.0
87108	286965	382.0	273.0
87120	286965	392.0	274.0
87132	286965	403.0	276.0
87144	286965	415.0	277.0
87156	286965	430.0	280.0
87168	286965	445.0	283.0
87180	286965	464.0	287.0
87192	286965	486.0	291.0
87204	286965	512.0	296.0
87216	286965	543.0	304.0
87228	286965	582.0	311.0
87240	286965	633.0	322.0
87252	286965	699.0	335.0
87264	286965	791.0	353.0
87276	286965	926.0	381.0
87288	286965	1007.0	427.0
86988	286977	274.0	251.0
87000	286977	274.0	251.0
87012	286977	275.0	251.0
87024	286977	274.0	252.0
87036	286977	273.0	252.0
87048	286977	274.5	251.5
87060	286977	276.0	252.0
87072	286977	276.0	253.0
87084	286977	277.0	254.0
87096	286977	276.0	253.0
87108	286977	280.0	255.0
87120	286977	282.0	254.0
87132	286977	284.0	255.0
87144	286977	285.0	255.0
87156	286977	287.0	255.0
87168	286977	288.0	256.0
87180	286977	291.0	256.0
87192	286977	294.0	257.0
87204	286977	296.0	257.0
87216	286977	299.0	256.0
87228	286977	302.0	258.0
87240	286977	304.0	259.0
87252	286977	306.0	259.0
87264	286977	309.0	259.0
87276	286977	312.0	260.0
87288	286977	316.0	262.0
87300	286977	320.0	262.0
87312	286977	324.0	263.0
87324	286977	329.0	264.0
87336	286977	333.0	265.0
87348	286977	339.0	266.0
87360	286977	344.0	267.0
87372	286977	352.0	268.0
87384	286977	359.0	270.0
87396	286977	367.0	271.0
87408	286977	376.0	273.0
87420	286977	385.0	274.0
87432	286977	398.0	276.0
87444	286977	412.0	278.0
87456	286977	427.0	280.0
87468	286977	445.0	284.0
87480	286977	466.0	288.0
87492	286977	491.0	293.0
87504	286977	523.0	300.0
87516	286977	561.0	308.0
87528	286977	610.0	318.0
87540	286977	675.0	331.0
87552	286977	767.0	351.0
87564	286977	904.0	379.0
87576	286977	1007.0	428.0
87264	287060	284.0	254.0
87276	287060	283.0	253.0
87288	287060	288.0	256.0
87300	287060	291.0	255.0
87312	287060	293.5	255.0
87324	287060	297.0	256.0
87336	287060	301.0	255.0
87348	287060	303.0	256.0
87360	287060	307.0	257.0
87372	287060	311.0	257.0
87384	287060	315.0	259.0
87396	287060	318.0	259.0
87408	287060	322.0	260.0
87420	287060	325.0	261.0
87432	287060	329.0	262.0
87444	287060	332.0	263.0
87456	287060	337.0	263.0
87468	287060	342.0	265.0
87480	287060	347.0	266.0
87492	287060	353.0	267.0
87504	287060	361.0	268.0
87516	287060	368.0	270.0
87528	287060	375.0	271.0
87540	287060	384.0	273.0
87552	287060	394.0	274.0
87564	287060	405.0	276.0
87576	287060	417.0	278.0
87588	287060	431.0	281.0
87600	287060	447.0	285.0
87612	287060	466.0	289.0
87624	287060	488.0	293.0
87636	287060	515.0	299.0
87648	287060	549.0	307.0
87660	287060	589.0	317.0
87672	287060	644.0	330.0
87684	287060	718.0	346.0
87696	287060	825.0	370.0
87708	287060	971.0	409.0
87720	287060	1030.0	476.0
87360	287087	289.5	253.25
87372	287087	292.0	254.0
87384	287087	293.0	255.0
87396	287087	295.0	255.0
87408	287087	298.0	256.0
87420	287087	298.0	256.0
87432	287087	301.0	256.0
87444	287087	303.0	257.0
87456	287087	307.0	257.0
87468	287087	311.0	259.0
87480	287087	314.0	259.0
87492	287087	317.0	260.0
87504	287087	322.0	260.0
87516	287087	326.0	262.0
87528	287087	331.0	263.0
87540	287087	336.0	264.0
87552	287087	340.0	265.0
87564	287087	347.0	266.0
87576	287087	355.0	268.0
87588	287087	363.0	270.0
87600	287087	370.0	271.0
87612	287087	380.0	273.0
87624	287087	390.0	274.0
87636	287087	402.0	276.0
87648	287087	417.0	279.0
87660	287087	431.0	282.0
87672	287087	450.0	286.0
87684	287087	475.0	291.0
87696	287087	499.0	295.0
87708	287087	530.0	303.0
87720	287087	568.0	311.0
87732	287087	620.0	323.0
87744	287087	694.0	339.0
87756	287087	802.0	361.0
87768	287087	956.0	396.0
87780	287087	1034.0	459.0
87792	287087	978.0	438.0
87384	287096	265.24	249.0
87396	287096	265.72	249.0
87408	287096	267.0	249.0
87420	287096	267.0	248.5
87432	287096	268.0	250.0
87444	287096	270.0	251.0
87456	287096	271.0	252.0
87468	287096	271.0	251.0
87480	287096	272.0	251.0
87492	287096	271.0	251.0
87504	287096	273.0	252.0
87516	287096	275.0	252.0
87528	287096	276.0	252.0
87540	287096	276.0	252.0
87552	287096	277.0	252.0
87564	287096	278.0	253.0
87576	287096	280.0	253.0
87588	287096	281.0	253.0
87600	287096	281.0	253.0
87612	287096	283.0	253.0
87624	287096	284.0	254.0
87636	287096	285.0	254.0
87648	287096	287.0	254.0
87660	287096	288.0	255.0
87672	287096	289.0	255.0
87684	287096	291.0	256.0
87696	287096	292.0	256.0
87708	287096	295.0	256.0
87720	287096	297.0	257.0
87732	287096	300.0	258.0
87744	287096	301.0	258.0
87756	287096	304.0	258.0
87768	287096	306.0	259.0
87780	287096	309.0	260.0
87792	287096	313.0	261.0
87804	287096	317.0	262.0
87816	287096	320.0	262.0
87828	287096	324.0	263.0
87840	287096	328.0	265.0
87852	287096	333.0	266.0
87864	287096	338.0	267.0
87876	287096	344.0	267.0
87888	287096	352.0	269.0
87900	287096	358.0	271.0
87912	287096	366.0	272.0
87924	287096	374.0	274.0
87936	287096	384.0	275.0
87948	287096	395.0	277.0
87960	287096	407.0	279.0
87972	287096	422.0	282.0
87984	287096	439.0	286.0
87996	287096	459.0	291.0
88008	287096	482.0	297.0
88020	287096	511.0	304.0
88032	287096	548.0	312.0
88044	287096	594.0	323.0
88056	287096	657.0	339.0
88068	287096	744.0	358.0
88080	287096	883.0	390.0
88092	287096	1003.0	445.0
87636	287150	333.0	252.0
87648	287150	339.0	253.0
87660	287150	342.0	254.0
87672	287150	346.0	254.0
87684	287150	350.0	255.0
87696	287150	354.0	255.0
87708	287150	360.0	255.0
87720	287150	364.0	255.0
87732	287150	369.0	256.0
87744	287150	374.0	256.0
87756	287150	380.0	257.0
87768	287150	387.0	258.0
87780	287150	396.0	260.0
87792	287150	403.0	261.0
87804	287150	410.0	262.0
87816	287150	420.0	263.0
87828	287150	431.0	265.0
87840	287150	441.0	265.0
87852	287150	455.0	268.0
87864	287150	469.0	270.0
87876	287150	486.0	271.0
87888	287150	505.0	274.0
87900	287150	526.0	276.0
87912	287150	551.0	279.0
87924	287150	581.0	282.0
87936	287150	618.0	287.0
87948	287150	663.0	293.0
87960	287150	722.0	299.0
87972	287150	797.0	309.0
87984	287150	899.0	322.0
87996	287150	986.0	341.0
87792	287201	289.0	254.0
87804	287201	290.0	255.0
87816	287201	295.0	256.0
87828	287201	296.0	256.0
87840	287201	300.0	256.0
87852	287201	303.0	257.0
87864	287201	308.0	257.0
87876	287201	311.0	259.0
87888	287201	314.0	258.0
87900	287201	319.0	260.0
87912	287201	322.0	260.0
87924	287201	327.0	262.0
87936	287201	332.0	263.0
87948	287201	336.0	264.0
87960	287201	341.0	265.0
87972	287201	348.0	266.0
87984	287201	354.0	267.0
87996	287201	362.0	270.0
88008	287201	369.0	272.0
88020	287201	378.0	273.0
88032	287201	388.0	274.0
88044	287201	399.0	276.0
88056	287201	412.0	278.0
88068	287201	425.0	281.0
88080	287201	442.0	284.0
88092	287201	461.0	288.0
88104	287201	483.0	293.0
88116	287201	509.0	299.0
88128	287201	542.0	307.0
88140	287201	583.0	317.0
88152	287201	637.0	330.0
88164	287201	715.0	348.0
88176	287201	831.0	375.0
88188	287201	981.0	419.0
87792	287204	273.0	250.0
87804	287204	274.0	251.0
87816	287204	276.0	250.0
87828	287204	275.0	251.0
87840	287204	277.0	251.0
87852	287204	279.0	251.0
87864	287204	281.0	252.0
87876	287204	282.0	252.0
87888	287204	283.0	252.0
87900	287204	284.0	253.0
87912	287204	286.0	252.0
87924	287204	288.0	253.0
87936	287204	289.0	253.0
87948	287204	291.0	254.0
87960	287204	294.0	254.0
87972	287204	295.0	253.0
87984	287204	296.0	255.0
87996	287204	299.0	256.0
88008	287204	301.0	257.0
88020	287204	303.0	256.0
88032	287204	304.0	257.0
88044	287204	308.0	257.0
88056	287204	310.0	258.0
88068	287204	313.0	258.0
88080	287204	316.0	258.0
88092	287204	319.0	259.0
88104	287204	322.0	260.0
88116	287204	326.0	261.0
88128	287204	331.0	261.0
88140	287204	334.0	262.0
88152	287204	338.0	263.0
88164	287204	343.0	264.0
88176	287204	350.0	266.0
88188	287204	355.0	266.0
88200	287204	362.0	268.0
88212	287204	369.0	269.0
88224	287204	377.0	271.0
88236	287204	387.0	272.0
88248	287204	398.0	274.0
88260	287204	410.0	275.0
88272	287204	424.0	278.0
88284	287204	440.0	281.0
88296	287204	459.0	284.0
88308	287204	483.0	289.0
88320	287204	510.0	294.0
88332	287204	543.0	301.0
88344	287204	586.0	310.0
88356	287204	642.0	322.0
88368	287204	717.0	337.0
88380	287204	827.0	359.0
88392	287204	975.0	396.0
88152	287267	271.0	250.0
88164	287267	270.0	249.0
88176	287267	271.0	249.16666666666666
88188	287267	272.6	250.0
88200	287267	273.8	250.0
88212	287267	275.0	251.0
88224	287267	276.0	250.0
88236	287267	276.85714285714283	250.85714285714286
88248	287267	277.0	251.0
88260	287267	278.0	252.0
88272	287267	278.0	252.0
88284	287267	280.0	252.0
88296	287267	281.5263157894737	251.47368421052633
88308	287267	282.0	251.0
88320	287267	282.5	251.0
88332	287267	283.0	252.0
88344	287267	285.0	252.0
88356	287267	286.0	252.0
88368	287267	287.0	253.0
88380	287267	289.0	252.0
88392	287267	289.0	253.0
88404	287267	290.0	253.0
88416	287267	292.0	253.0
88428	287267	294.0	253.0
88440	287267	295.0	253.0
88452	287267	297.0	254.0
88464	287267	300.0	255.0
88476	287267	302.0	255.0
88488	287267	304.0	255.0
88500	287267	305.0	255.0
88512	287267	307.0	256.0
88524	287267	309.0	257.0
88536	287267	312.0	257.0
88548	287267	314.0	258.0
88560	287267	317.0	258.0
88572	287267	320.0	260.0
88584	287267	323.0	260.0
88596	287267	327.0	261.0
88608	287267	331.0	261.0
88620	287267	337.0	262.0
88632	287267	340.0	263.0
88644	287267	345.0	264.0
88656	287267	350.0	265.0
88668	287267	356.0	266.0
88680	287267	362.0	267.0
88692	287267	369.0	268.0
88704	287267	378.0	270.0
88716	287267	387.0	271.0
88728	287267	399.0	273.0
88740	287267	413.0	274.0
88752	287267	423.0	276.0
88764	287267	436.0	279.0
88776	287267	455.0	281.0
88788	287267	478.0	285.0
88800	287267	500.0	289.0
88812	287267	526.0	295.0
88824	287267	554.0	300.0
88836	287267	591.0	308.0
88848	287267	638.0	318.0
88860	287267	703.0	330.0
88872	287267	788.0	348.0
88884	287267	915.0	375.0
88896	287267	977.0	417.0
88908	287267	985.0	445.0
88920	287267	987.0	446.0
88932	287267	1003.0	460.0
88248	287276	288.0	247.0
88260	287276	289.0	248.0
88272	287276	290.0	248.0
88284	287276	290.0	248.0
88296	287276	290.73333333333335	247.26666666666668
88308	287276	292.0	248.0
88320	287276	292.61538461538464	247.69230769230768
88332	287276	294.0	247.0
88344	287276	295.0	247.0
88356	287276	296.0	248.0
88368	287276	298.0	248.0
88380	287276	299.0	248.0
88392	287276	299.0	249.0
88404	287276	300.0	249.0
88416	287276	302.0	250.0
88428	287276	304.0	250.0
88440	287276	305.0	250.0
88452	287276	307.0	249.0
88464	287276	309.0	250.0
88476	287276	310.0	251.0
88488	287276	312.0	251.0
88500	287276	314.0	251.0
88512	287276	316.0	252.0
88524	287276	318.0	250.0
88536	287276	320.0	250.0
88548	287276	322.0	251.0
88560	287276	326.0	252.0
88572	287276	328.0	252.0
88584	287276	329.0	252.0
88368	287291	261.0	250.0
88380	287291	261.0	249.0
88392	287291	261.0	250.0
88404	287291	263.0	250.0
88416	287291	263.0	248.0
88428	287291	265.0	249.0
88440	287291	264.0	249.0
88452	287291	265.0	248.0
88464	287291	266.25	250.0
88476	287291	266.8695652173913	250.0
88488	287291	267.9130434782609	250.0
88500	287291	268.7857142857143	250.0
88512	287291	269.0	251.0
88524	287291	271.0	250.0
88536	287291	272.0	250.0
88548	287291	274.0	251.0
88560	287291	275.0	250.0
88572	287291	275.0	250.0
88584	287291	276.0	250.0
88596	287291	276.5	251.0
88608	287291	276.0	252.0
88620	287291	278.0	252.0
88632	287291	281.0	252.0
88644	287291	281.0	253.0
88656	287291	283.0	254.0
88668	287291	285.5	254.0
88680	287291	287.0	254.0
88692	287291	289.0	255.0
88704	287291	289.0	254.0
88716	287291	290.0	255.0
88728	287291	292.0	255.0
88740	287291	295.0	256.0
88752	287291	296.0	256.0
88764	287291	299.0	257.0
88776	287291	302.0	258.0
88788	287291	306.0	259.0
88800	287291	308.0	259.0
88812	287291	312.0	260.0
88824	287291	315.0	261.0
88836	287291	319.0	261.0
88848	287291	323.0	262.0
88860	287291	327.0	262.0
88872	287291	332.0	264.0
88884	287291	337.0	265.0
88896	287291	342.0	266.0
88908	287291	347.0	267.0
88920	287291	354.0	268.0
88932	287291	361.0	270.0
88944	287291	369.0	272.0
88956	287291	377.0	273.0
88968	287291	386.0	274.0
88980	287291	398.0	276.0
88992	287291	411.0	278.0
89004	287291	426.0	281.0
89016	287291	442.0	286.0
89028	287291	462.0	289.0
89040	287291	487.0	295.0
89052	287291	516.0	301.0
89064	287291	552.0	309.0
89076	287291	597.0	320.0
89088	287291	659.0	333.0
89100	287291	745.0	353.0
89112	287291	876.0	383.0
89124	287291	999.0	433.0
88752	287318	325.0	252.0
88764	287318	330.0	254.0
88776	287318	335.0	254.0
88788	287318	339.0	255.0
88800	287318	342.0	255.0
88812	287318	346.0	256.0
88824	287318	350.0	257.0
88836	287318	355.0	257.0
88848	287318	359.0	257.0
88860	287318	364.0	258.0
88872	287318	369.0	259.0
88884	287318	375.0	260.0
88896	287318	381.0	261.0
88908	287318	388.0	261.0
88920	287318	395.0	262.0
88932	287318	403.0	263.0
88944	287318	412.0	264.0
88956	287318	421.0	266.0
88968	287318	432.0	266.0
88980	287318	444.0	268.0
88992	287318	457.0	270.0
89004	287318	472.0	271.0
89016	287318	488.0	273.0
89028	287318	508.0	274.0
89040	287318	532.0	278.0
89052	287318	558.0	280.0
89064	287318	590.0	284.0
89076	287318	630.0	289.0
89088	287318	680.0	295.0
89100	287318	739.5945945945946	299.4054054054054
89112	287318	798.6216216216217	312.3783783783784
89124	287318	857.6486486486486	325.35135135135135
89136	287318	958.0	346.0
88836	287323	280.0	252.0
88848	287323	280.0	253.0
88860	287323	281.0	252.0
88872	287323	281.0	253.0
88884	287323	282.0	254.0
88896	287323	283.0	254.0
88908	287323	285.0	254.0
88920	287323	287.0	253.0
88932	287323	288.0	254.0
88944	287323	289.0	254.0
88956	287323	291.0	255.0
88968	287323	292.0	255.0
88980	287323	294.0	255.0
88992	287323	296.0	256.0
89004	287323	299.0	257.0
89016	287323	300.0	256.0
89028	287323	303.0	257.0
89040	287323	305.0	257.0
89052	287323	307.0	258.0
89064	287323	310.0	259.0
89076	287323	314.0	260.0
89088	287323	317.0	260.0
89100	287323	320.0	261.0
89112	287323	323.0	261.0
89124	287323	327.0	263.0
89136	287323	331.0	263.0
89148	287323	335.0	264.0
89160	287323	340.0	266.0
89172	287323	346.0	266.0
89184	287323	353.0	267.0
89196	287323	359.0	268.0
89208	287323	366.0	270.0
89220	287323	373.0	272.0
89232	287323	381.0	272.0
89244	287323	391.0	274.0
89256	287323	401.0	276.0
89268	287323	412.0	278.0
89280	287323	427.0	281.0
89292	287323	442.0	285.0
89304	287323	461.0	289.0
89316	287323	483.0	294.0
89328	287323	510.0	299.0
89340	287323	542.0	307.0
89352	287323	583.0	316.0
89364	287323	637.0	329.0
89376	287323	708.0	346.0
89388	287323	813.0	370.0
89400	287323	966.0	408.0
89412	287323	1034.0	481.0
88980	287351	347.0	257.0
88992	287351	354.0	258.0
89004	287351	365.0	259.0
89016	287351	375.0	260.0
89028	287351	385.0	261.0
89040	287351	393.0	262.0
89052	287351	401.0	263.0
89064	287351	409.0	264.0
89076	287351	417.0	265.0
89088	287351	427.0	267.0
89100	287351	438.0	268.0
89112	287351	451.0	269.0
89124	287351	465.0	271.0
89136	287351	482.0	272.0
89148	287351	501.0	275.0
89160	287351	523.0	278.0
89172	287351	548.0	280.0
89184	287351	579.0	284.0
89196	287351	616.0	289.0
89208	287351	663.0	295.0
89220	287351	721.0	302.0
89232	287351	799.0	313.0
89244	287351	901.0	325.0
89256	287351	989.0	346.0
89136	287369	288.26666666666665	252.0
89148	287369	289.0	253.0
89160	287369	290.0	253.0
89172	287369	292.0	254.0
89184	287369	293.0	253.0
89196	287369	294.0	254.0
89208	287369	297.0	255.0
89220	287369	298.0	256.0
89232	287369	299.0	256.0
89244	287369	300.0	256.0
89256	287369	303.0	256.0
89268	287369	304.0	257.0
89280	287369	305.0	256.0
89292	287369	309.0	259.0
89304	287369	312.0	260.0
89316	287369	315.0	260.0
89328	287369	319.0	261.0
89340	287369	322.0	261.0
89352	287369	325.0	263.0
89364	287369	330.0	264.0
89376	287369	333.0	265.0
89388	287369	337.0	266.0
89400	287369	342.0	267.0
89412	287369	348.0	268.0
89424	287369	353.0	269.0
89436	287369	360.0	271.0
89448	287369	367.0	272.0
89460	287369	374.0	274.0
89472	287369	383.0	275.0
89484	287369	393.0	277.0
89496	287369	405.0	280.0
89508	287369	418.0	283.0
89520	287369	433.0	286.0
89532	287369	452.0	291.0
89544	287369	473.0	295.0
89556	287369	498.0	301.0
89568	287369	529.0	309.0
89580	287369	571.0	319.0
89592	287369	625.0	333.0
89604	287369	700.0	350.0
89616	287369	815.0	377.0
89628	287369	972.0	419.0
89640	287369	1035.0	489.0
89184	287380	316.0	251.0
89196	287380	319.0	252.0
89208	287380	322.0	252.0
89220	287380	325.0	254.0
89232	287380	327.0	253.0
89244	287380	330.0	254.0
89256	287380	333.0	253.0
89268	287380	338.0	255.0
89280	287380	341.0	255.0
89292	287380	345.0	256.0
89304	287380	348.0	256.0
89316	287380	353.0	256.0
89328	287380	357.0	257.0
89340	287380	361.0	257.0
89352	287380	368.0	258.0
89364	287380	373.0	259.0
89376	287380	379.0	260.0
89388	287380	384.0	260.0
89400	287380	392.0	261.0
89412	287380	399.0	262.0
89424	287380	406.0	263.0
89436	287380	414.0	263.0
89448	287380	423.0	265.0
89460	287380	432.0	266.0
89472	287380	443.0	267.0
89484	287380	455.0	268.0
89496	287380	466.0	270.0
89508	287380	479.0	271.0
89520	287380	495.0	273.0
89532	287380	511.0	274.0
89544	287380	532.0	276.0
89556	287380	554.0	278.0
89568	287380	581.0	281.0
89580	287380	611.0	285.0
89592	287380	649.0	289.0
89604	287380	682.0	272.0
89208	287390	273.0	251.0
89220	287390	274.0	249.75
89232	287390	275.0	250.0
89244	287390	276.0	250.0
89256	287390	277.0	250.0
89268	287390	279.0	250.0
89280	287390	280.0	253.0
89292	287390	280.0	253.0
89304	287390	281.0	253.0
89316	287390	283.0	253.0
89328	287390	284.0	253.0
89340	287390	287.0	253.0
89352	287390	290.0	254.0
89364	287390	290.0	254.0
89376	287390	292.0	256.0
89388	287390	296.0	257.0
89400	287390	298.0	257.0
89412	287390	299.0	257.0
89424	287390	301.0	258.0
89436	287390	305.0	257.0
89448	287390	308.0	258.0
89460	287390	310.0	259.0
89472	287390	312.0	260.0
89484	287390	316.0	260.0
89496	287390	319.0	261.0
89508	287390	322.0	262.0
89520	287390	326.0	262.0
89532	287390	330.0	263.0
89544	287390	334.0	263.0
89556	287390	338.0	265.0
89568	287390	342.0	265.0
89580	287390	347.0	266.0
89592	287390	353.0	268.0
89604	287390	358.0	269.0
89616	287390	365.0	270.0
89628	287390	371.0	272.0
89640	287390	379.0	273.0
89652	287390	387.0	275.0
89664	287390	396.0	276.0
89676	287390	406.0	278.0
89688	287390	417.0	280.0
89700	287390	432.0	284.0
89712	287390	447.0	288.0
89724	287390	465.0	292.0
89736	287390	487.0	297.0
89748	287390	513.0	304.0
89760	287390	544.0	312.0
89772	287390	585.0	322.0
89784	287390	639.0	335.0
89796	287390	713.0	353.0
89808	287390	819.0	379.0
89820	287390	968.0	418.0
89832	287390	1028.0	488.0
89280	287408	317.0	252.0
89292	287408	320.0	254.0
89304	287408	322.0	254.0
89316	287408	326.0	255.0
89328	287408	330.0	254.0
89340	287408	334.0	255.0
89352	287408	340.0	256.0
89364	287408	345.0	255.0
89376	287408	349.0	257.0
89388	287408	355.0	256.0
89400	287408	360.0	258.0
89412	287408	365.0	258.0
89424	287408	372.0	258.0
89436	287408	378.0	258.0
89448	287408	385.0	257.0
89460	287408	392.0	261.0
89472	287408	400.0	261.0
89484	287408	410.0	263.0
89496	287408	420.0	264.0
89508	287408	430.0	265.0
89520	287408	442.0	267.0
89448	287434	327.0	253.0
89460	287434	331.0	253.0
89472	287434	334.0	253.0
89484	287434	338.0	254.0
89496	287434	342.0	255.0
89508	287434	345.0	255.0
89520	287434	349.0	256.0
89532	287434	352.0	256.0
89544	287434	357.0	256.0
89556	287434	361.0	257.0
89568	287434	366.0	257.0
89580	287434	370.0	258.0
89592	287434	376.0	259.0
89604	287434	382.0	259.0
89616	287434	389.0	260.0
89628	287434	396.0	262.0
89640	287434	404.0	262.0
89652	287434	412.0	263.0
89664	287434	422.0	265.0
89676	287434	432.0	266.0
89688	287434	443.0	267.0
89700	287434	456.0	268.0
89712	287434	471.0	271.0
89724	287434	488.0	273.0
89736	287434	507.0	274.0
89748	287434	529.0	278.0
89760	287434	555.0	280.0
89460	287435	284.0	256.0
89472	287435	286.0	255.0
89484	287435	290.0	257.0
89496	287435	291.0	257.0
89508	287435	293.0	258.0
89520	287435	295.0	259.0
89532	287435	299.0	259.0
89544	287435	301.0	260.0
89556	287435	304.0	259.0
89568	287435	307.0	261.0
89580	287435	311.0	262.0
89592	287435	315.0	262.0
89604	287435	318.0	263.0
89616	287435	323.0	264.0
89628	287435	326.0	264.0
89640	287435	331.0	265.0
89652	287435	336.0	266.0
89664	287435	341.0	267.0
89676	287435	348.0	268.0
89688	287435	355.0	270.0
89700	287435	362.0	271.0
89712	287435	371.0	273.0
89724	287435	379.0	274.0
89736	287435	389.0	276.0
89748	287435	398.0	278.0
89760	287435	410.0	280.0
89772	287435	423.0	282.0
89784	287435	436.0	286.0
89796	287435	454.0	289.0
89808	287435	474.0	294.0
89820	287435	498.0	300.0
89832	287435	526.0	306.0
89844	287435	561.0	314.0
89856	287435	603.0	323.0
89868	287435	660.0	337.0
89880	287435	735.0	354.0
89892	287435	844.0	379.0
89904	287435	977.0	416.0
89916	287435	1032.0	486.0
89580	287449	288.0	255.0
89592	287449	290.0	255.0
89604	287449	290.3333333333333	255.0
89616	287449	294.3333333333333	255.0
89628	287449	297.0	256.0
89640	287449	303.0	257.0
89652	287449	305.0	257.0
89664	287449	307.0	258.0
89676	287449	309.0	259.0
89688	287449	312.0	259.0
89700	287449	314.0	260.0
89712	287449	317.0	261.0
89724	287449	322.0	262.0
89736	287449	326.0	263.0
89748	287449	330.0	264.0
89760	287449	335.0	265.0
89772	287449	338.0	266.0
89784	287449	344.0	268.0
89796	287449	349.0	268.0
89808	287449	356.0	270.0
89820	287449	362.0	272.0
89832	287449	369.0	273.0
89844	287449	378.0	275.0
89856	287449	386.0	276.0
89868	287449	397.0	279.0
89880	287449	409.0	281.0
89892	287449	422.0	285.0
89904	287449	439.0	289.0
89916	287449	459.0	293.0
89928	287449	482.0	298.0
89940	287449	511.0	305.0
89952	287449	547.0	313.0
89964	287449	593.0	324.0
89976	287449	653.0	337.0
89988	287449	734.0	355.0
90000	287449	854.0	383.0
90012	287449	988.0	426.0
89652	287469	278.0	252.0
89664	287469	280.0	253.0
89676	287469	280.0	253.0
89688	287469	286.0	253.0
89700	287469	286.0	252.0
89712	287469	286.3333333333333	253.0
89724	287469	291.0	253.0
89736	287469	293.0	254.0
89748	287469	293.61538461538464	254.0
89760	287469	293.0	254.0
89772	287469	298.0	255.0
89784	287469	302.0	256.0
89796	287469	302.0	255.0
89808	287469	305.0	255.0
89820	287469	306.0	257.0
89832	287469	308.0	257.0
89844	287469	310.0	258.0
89856	287469	312.0	258.0
89868	287469	314.0	259.0
89880	287469	318.0	259.0
89892	287469	321.0	261.0
89904	287469	325.0	261.0
89916	287469	328.0	261.0
89928	287469	334.0	263.0
89940	287469	337.0	263.0
89952	287469	342.0	265.0
89964	287469	347.0	265.0
89976	287469	353.0	267.0
89988	287469	360.0	268.0
90000	287469	367.0	269.0
90012	287469	374.0	271.0
90024	287469	383.0	272.0
90036	287469	393.0	273.0
90048	287469	403.0	274.0
90060	287469	414.0	276.0
90072	287469	426.0	278.0
90084	287469	440.0	281.0
90096	287469	455.0	284.0
90108	287469	473.0	287.0
90120	287469	494.0	291.0
90132	287469	517.0	296.0
90144	287469	545.0	302.0
90156	287469	580.0	309.0
90168	287469	625.0	320.0
90180	287469	682.0	331.0
90192	287469	762.0	348.0
90204	287469	874.0	372.0
90216	287469	988.0	408.0
89748	287483	280.0	254.0
89760	287483	281.0	254.0
89772	287483	280.125	253.0
89784	287483	280.0	254.0
89796	287483	280.4878048780488	253.09756097560975
89808	287483	281.9512195121951	253.390243902439
89820	287483	283.4146341463415	253.6829268292683
89832	287483	284.8780487804878	253.97560975609755
89844	287483	287.0	255.0
89856	287483	288.0	256.0
89868	287483	291.0	256.0
89880	287483	294.0	257.0
89892	287483	297.0	258.0
89904	287483	300.0	258.0
89916	287483	301.0	259.0
89928	287483	303.0	260.0
89940	287483	305.0	260.0
89952	287483	309.0	261.0
89964	287483	313.0	261.0
89976	287483	317.0	261.0
89988	287483	321.0	262.0
90000	287483	326.0	264.0
90012	287483	331.0	265.0
90024	287483	337.0	266.0
90036	287483	343.0	267.0
90048	287483	349.0	268.0
90060	287483	356.0	269.0
90072	287483	364.0	271.0
90084	287483	371.0	273.0
90096	287483	378.0	274.0
90108	287483	387.0	275.0
90120	287483	396.0	277.0
90132	287483	407.0	279.0
90144	287483	419.0	281.0
90156	287483	432.0	284.0
90168	287483	447.0	287.0
90180	287483	465.0	291.0
90192	287483	484.0	296.0
90204	287483	509.0	302.0
90216	287483	538.0	309.0
90228	287483	575.0	318.0
90240	287483	619.0	329.0
90252	287483	681.0	344.0
90264	287483	762.0	364.0
90276	287483	886.0	395.0
90288	287483	994.0	441.0
90300	287483	1033.0	496.0
89856	287529	274.0	250.0
89868	287529	276.0	251.0
89880	287529	278.0	253.0
89892	287529	279.0	253.0
89904	287529	279.0	252.0
89916	287529	280.0	252.0
89928	287529	281.0	253.0
89940	287529	281.0	253.0
89952	287529	282.0	254.0
89964	287529	284.0	254.0
89976	287529	287.0	254.0
89988	287529	288.0	255.0
90000	287529	290.0	256.0
90012	287529	291.0	256.0
90024	287529	293.0	256.0
90036	287529	295.0	256.0
90048	287529	298.0	257.0
90060	287529	300.0	257.0
90072	287529	301.0	257.0
90084	287529	303.0	258.0
90096	287529	306.0	259.0
90108	287529	309.0	259.0
90120	287529	311.0	260.0
90132	287529	316.0	261.0
90144	287529	317.0	261.0
90156	287529	321.0	261.0
90168	287529	324.0	262.0
90180	287529	329.0	263.0
90192	287529	332.0	264.0
90204	287529	338.0	265.0
90216	287529	342.0	266.0
90228	287529	347.0	267.0
90240	287529	354.0	268.0
90252	287529	361.0	270.0
90264	287529	368.0	271.0
90276	287529	375.0	273.0
90288	287529	385.0	274.0
90300	287529	393.0	275.0
90312	287529	404.0	277.0
90324	287529	417.0	279.0
90336	287529	431.0	283.0
90348	287529	447.0	287.0
90360	287529	465.0	291.0
90372	287529	486.0	297.0
90384	287529	513.0	303.0
90396	287529	545.0	311.0
90408	287529	586.0	322.0
90420	287529	642.0	335.0
90432	287529	710.0	352.0
90444	287529	816.0	380.0
90456	287529	968.0	422.0
90468	287529	1031.0	500.0
89856	287530	261.0	249.0
89868	287530	262.0	250.0
89880	287530	262.0	249.0
89892	287530	263.0	250.0
89904	287530	264.0	249.0
89916	287530	265.0	249.0
89928	287530	265.0	250.0
89940	287530	265.6	250.0
89952	287530	265.0	250.0
89964	287530	265.0	249.0
89976	287530	266.07272727272726	250.0
89988	287530	266.94545454545454	250.0
90000	287530	267.8181818181818	250.0
90012	287530	268.6909090909091	250.0
90024	287530	269.56363636363636	250.0
90036	287530	270.6666666666667	251.0
90048	287530	271.57142857142856	251.0
90060	287530	272.0	251.0
90072	287530	273.0	252.0
90084	287530	274.0	252.0
90096	287530	276.0	253.0
90108	287530	277.0	253.0
90120	287530	278.0	253.0
90132	287530	280.0	253.0
90144	287530	281.0	253.0
90156	287530	283.0	254.0
90168	287530	279.0	252.0
89856	287531	349.0	254.0
89868	287531	351.0	256.0
89880	287531	356.0	256.0
89892	287531	362.0	257.0
89904	287531	367.0	258.0
89916	287531	372.0	258.0
89928	287531	377.0	259.0
89940	287531	381.0	260.0
89952	287531	387.0	260.0
89964	287531	393.0	261.0
89976	287531	399.0	262.0
89988	287531	405.0	263.0
90000	287531	412.0	264.0
90012	287531	419.0	266.0
90024	287531	428.0	266.0
90036	287531	438.0	267.0
90048	287531	448.0	269.0
90060	287531	460.0	270.0
90072	287531	474.0	271.0
90084	287531	488.0	273.0
90096	287531	506.0	275.0
90108	287531	524.0	278.0
90120	287531	546.0	280.0
90132	287531	573.0	284.0
90144	287531	605.0	287.0
90156	287531	642.0	292.0
90168	287531	688.0	297.0
90180	287531	747.0	305.0
90192	287531	821.0	314.0
90204	287531	921.0	326.0
90072	287569	320.0	253.0
90084	287569	325.0	253.0
90096	287569	329.0	253.0
90108	287569	334.0	253.0
90120	287569	337.0	253.0
90132	287569	343.0	255.0
90144	287569	346.0	255.0
90156	287569	350.0	255.0
90168	287569	354.0	256.0
90180	287569	359.0	256.0
90192	287569	363.0	257.0
90204	287569	368.0	258.0
90216	287569	373.0	258.0
90228	287569	379.0	259.0
90240	287569	385.0	259.0
90252	287569	391.0	261.0
90264	287569	397.0	261.0
90276	287569	404.0	262.0
90288	287569	413.0	263.0
90300	287569	422.0	264.0
90312	287569	432.0	265.0
90324	287569	442.0	266.0
90336	287569	453.0	268.0
90348	287569	467.0	269.0
90360	287569	481.0	271.0
90372	287569	497.0	273.0
90384	287569	517.0	274.0
90396	287569	531.0	260.0
90408	287569	543.0	242.0
90420	287569	578.25	246.0
90432	287569	634.0	279.0
90444	287569	665.0	295.0
90456	287569	717.0	301.0
90468	287569	785.0	309.0
90480	287569	870.0	320.0
90492	287569	970.0	335.0
90504	287569	1003.0	356.0
90084	287570	312.0	251.0
90096	287570	314.0	252.0
90108	287570	317.25	250.0
90120	287570	321.2142857142857	249.0
90132	287570	323.7857142857143	249.0
90144	287570	326.0	249.0
90156	287570	329.0	249.0
90168	287570	332.0	249.0
90180	287570	336.0	249.0
90192	287570	339.0	249.0
90204	287570	342.0	248.0
90216	287570	346.0	248.0
90228	287570	350.0	247.0
90240	287570	356.75	250.75
90252	287570	358.0	245.0
90264	287570	361.3333333333333	242.66666666666666
90276	287570	364.6666666666667	242.0
90288	287570	372.3333333333333	242.33333333333334
90300	287570	377.5	243.5
90312	287570	388.0	251.0
90324	287570	392.0	260.0
90336	287570	395.0	261.0
90348	287570	401.0	262.0
90360	287570	408.0	263.0
90372	287570	416.0	265.0
90384	287570	429.0	266.0
90396	287570	438.0	267.0
90408	287570	450.0	269.0
90420	287570	461.0	271.0
90432	287570	477.0	271.0
90444	287570	490.0	273.0
90456	287570	507.0	275.0
90468	287570	526.0	276.0
90480	287570	550.0	279.0
90492	287570	576.0	282.0
90156	287583	298.0	253.0
90168	287583	298.0	255.0
90180	287583	301.0	257.0
90192	287583	304.0	256.0
90204	287583	306.0	256.0
90216	287583	310.0	259.0
90228	287583	314.0	260.0
90240	287583	316.0	260.0
90252	287583	321.0	262.0
90264	287583	325.0	262.0
90276	287583	330.0	263.0
90288	287583	334.0	264.0
90300	287583	337.0	265.0
90312	287583	343.0	266.0
90324	287583	348.0	268.0
90336	287583	354.0	269.0
90348	287583	360.0	271.0
90360	287583	367.0	273.0
90372	287583	374.0	275.0
90384	287583	384.0	276.0
90396	287583	394.0	278.0
90408	287583	405.0	280.0
90420	287583	418.0	283.0
90432	287583	434.0	285.0
90444	287583	450.0	289.0
90456	287583	469.0	294.0
90468	287583	492.0	299.0
90480	287583	522.0	305.0
90492	287583	557.0	314.0
90504	287583	602.0	325.0
90516	287583	660.0	339.0
90528	287583	743.0	358.0
90540	287583	866.0	387.0
90552	287583	990.0	432.0
90168	287586	374.0	260.0
90180	287586	385.0	262.0
90192	287586	396.0	262.0
90204	287586	409.0	264.0
90216	287586	422.0	265.0
90228	287586	433.0	266.0
90240	287586	444.0	267.0
90252	287586	456.0	269.0
90264	287586	470.0	271.0
90276	287586	484.0	272.0
90288	287586	502.0	274.0
90300	287586	521.0	277.0
90312	287586	543.0	279.0
90324	287586	569.0	282.0
90336	287586	600.0	286.0
90348	287586	636.0	290.0
90360	287586	680.0	296.0
90372	287586	733.0	304.0
90384	287586	802.0	313.0
90396	287586	891.0	325.0
90408	287586	978.0	341.0
90216	287600	288.0	254.0
90228	287600	288.0	253.0
90240	287600	291.0	254.0
90252	287600	293.0	254.0
90264	287600	295.0	255.0
90276	287600	298.0	255.0
90288	287600	302.0	257.0
90300	287600	305.0	259.0
90312	287600	308.0	259.0
90324	287600	313.0	260.0
90336	287600	316.0	261.0
90348	287600	321.0	264.0
90360	287600	325.0	265.0
90372	287600	331.0	266.0
90384	287600	335.0	265.0
90396	287600	343.0	267.0
90408	287600	353.0	270.0
90420	287600	359.0	272.0
90432	287600	368.0	272.0
90444	287600	380.0	275.0
90456	287600	389.0	276.0
90468	287600	404.0	279.0
90480	287600	418.0	280.0
90492	287600	434.0	284.0
90504	287600	450.0	287.0
90516	287600	469.0	290.0
90528	287600	492.0	295.0
90540	287600	520.0	303.0
90552	287600	552.0	309.0
90564	287600	593.0	319.0
90576	287600	647.0	331.0
90588	287600	717.0	347.0
90600	287600	816.0	368.0
90612	287600	961.0	403.0
90624	287600	1019.0	458.0
90228	287603	263.6	249.0
90240	287603	264.45	249.55
90252	287603	265.0	249.0
90264	287603	265.0	249.0
90276	287603	267.0	251.0
90288	287603	268.0	251.0
90300	287603	268.0	250.0
90312	287603	269.0	250.0
90324	287603	269.0	250.0
90336	287603	269.0	250.0
90348	287603	270.0	250.0
90360	287603	271.0	251.0
90372	287603	272.0	252.0
90384	287603	272.5	252.5
90396	287603	273.5	252.5
90408	287603	275.0	252.0
90420	287603	275.5	252.0
90432	287603	277.0	252.0
90444	287603	276.0	252.0
90456	287603	278.0	252.0
90468	287603	279.0	251.0
90480	287603	280.0	253.0
90492	287603	281.0	254.0
90504	287603	282.0	254.0
90516	287603	282.0	254.0
90528	287603	283.0	253.0
90540	287603	283.0	253.0
90552	287603	284.0	253.0
90564	287603	286.0	254.0
90576	287603	287.0	255.0
90588	287603	289.0	256.0
90600	287603	291.0	256.0
90612	287603	291.0	256.0
90624	287603	293.0	257.0
90636	287603	295.0	257.0
90648	287603	296.0	258.0
90660	287603	298.0	258.0
90672	287603	301.0	259.0
90684	287603	302.0	259.0
90696	287603	305.0	260.0
90708	287603	306.0	261.0
90720	287603	309.0	261.0
90732	287603	311.0	262.0
90744	287603	314.0	262.0
90756	287603	316.0	263.0
90768	287603	320.0	264.0
90780	287603	323.0	264.0
90792	287603	327.0	265.0
90804	287603	331.0	266.0
90816	287603	336.0	268.0
90828	287603	340.0	268.0
90840	287603	346.0	270.0
90852	287603	352.0	271.0
90864	287603	358.0	272.0
90876	287603	365.0	273.0
90888	287603	374.0	276.0
90900	287603	384.0	278.0
90912	287603	393.0	279.0
90924	287603	406.0	282.0
90936	287603	419.0	284.0
90948	287603	435.0	288.0
90960	287603	453.0	292.0
90972	287603	475.0	298.0
90984	287603	499.0	304.0
90996	287603	531.0	311.0
91008	287603	571.0	320.0
91020	287603	618.0	332.0
91032	287603	682.0	347.0
91044	287603	776.0	368.0
91056	287603	912.0	402.0
91068	287603	1005.0	453.0
90240	287609	276.0	253.0
90252	287609	277.0	252.0
90264	287609	279.0	253.0
90276	287609	280.0	253.0
90288	287609	283.2857142857143	254.0
90300	287609	289.0	255.0
90312	287609	293.0	256.0
90324	287609	297.0	255.0
90336	287609	296.0	255.0
90348	287609	301.0	257.0
90360	287609	302.0	257.0
90372	287609	304.0	258.0
90384	287609	304.0	258.0
90396	287609	310.0	260.0
90408	287609	314.0	261.0
90420	287609	317.0	261.0
90432	287609	321.0	261.0
90444	287609	324.0	262.0
90456	287609	327.0	263.0
90468	287609	330.0	264.0
90480	287609	334.0	264.0
90492	287609	338.0	266.0
90504	287609	341.0	266.0
90516	287609	347.0	268.0
90528	287609	353.0	269.0
90540	287609	359.0	270.0
90552	287609	365.0	271.0
90564	287609	373.0	273.0
90576	287609	382.0	275.0
90588	287609	392.0	276.0
90600	287609	402.0	278.0
90612	287609	413.0	280.0
90624	287609	428.0	283.0
90636	287609	443.0	286.0
90648	287609	463.0	290.0
90660	287609	483.0	296.0
90672	287609	507.0	301.0
90684	287609	538.0	308.0
90696	287609	575.0	317.0
90708	287609	622.0	329.0
90720	287609	686.0	343.0
90732	287609	771.0	363.0
90744	287609	900.0	391.0
90756	287609	1001.0	439.0
90360	287627	279.94117647058823	254.94117647058823
90372	287627	281.3	256.2
90384	287627	282.5	257.0
90396	287627	283.7	257.8
90408	287627	288.0	257.0
90420	287627	292.0	259.0
90432	287627	292.0	259.0
90444	287627	294.0	259.0
90456	287627	297.0	260.0
90468	287627	299.0	260.0
90480	287627	302.0	261.0
90492	287627	305.0	260.0
90504	287627	307.5	261.0
90516	287627	311.0	262.0
90528	287627	312.2857142857143	262.42857142857144
90540	287627	318.0	264.0
90552	287627	322.0	265.0
90564	287627	327.0	267.0
90576	287627	334.0	268.0
90588	287627	340.0	269.0
90600	287627	347.0	270.0
90612	287627	355.0	272.0
90624	287627	364.0	273.0
90636	287627	374.0	275.0
90648	287627	385.0	277.0
90660	287627	398.0	279.0
90672	287627	413.0	283.0
90684	287627	430.0	286.0
90696	287627	449.0	289.0
90708	287627	468.0	293.0
90720	287627	490.0	298.0
90732	287627	516.0	304.0
90744	287627	547.0	311.0
90756	287627	585.0	321.0
90768	287627	633.0	331.0
90780	287627	694.0	345.0
90792	287627	778.0	364.0
90804	287627	897.0	391.0
90816	287627	997.0	435.0
90480	287651	361.0	260.0
90492	287651	367.6666666666667	260.0
90504	287651	379.0	261.0
90516	287651	389.0	262.0
90528	287651	401.0	264.0
90540	287651	410.0	265.0
90552	287651	419.0	266.0
90564	287651	427.0	266.0
90576	287651	437.0	268.0
90588	287651	448.0	269.0
90600	287651	459.0	271.0
90612	287651	473.0	272.0
90624	287651	488.0	274.0
90636	287651	505.0	275.0
90648	287651	526.0	278.0
90660	287651	550.0	281.0
90672	287651	576.0	284.0
90684	287651	606.0	288.0
90696	287651	643.0	292.0
90708	287651	687.0	298.0
90720	287651	744.0	305.0
90732	287651	816.0	313.0
90552	287667	299.0	248.0
90564	287667	303.0	250.0
90576	287667	303.0	251.0
90588	287667	303.0	251.0
90600	287667	307.0	252.0
90612	287667	308.0	251.0
90624	287667	308.0	252.0
90636	287667	310.0	251.0
90648	287667	311.0	251.0
90660	287667	313.0	252.0
90672	287667	316.0	253.0
90684	287667	319.0	253.0
90696	287667	322.0	253.0
90708	287667	326.0	254.0
90720	287667	329.0	254.0
90732	287667	332.0	254.0
90744	287667	336.0	254.0
90756	287667	339.0	255.0
90768	287667	342.0	255.0
90780	287667	346.0	256.0
90792	287667	350.0	255.0
90804	287667	353.0	255.0
90816	287667	358.0	257.0
90828	287667	362.0	257.0
90840	287667	367.0	258.0
90852	287667	370.0	258.0
90864	287667	376.0	259.0
90876	287667	382.0	259.0
90888	287667	387.0	261.0
90900	287667	394.0	261.0
90912	287667	401.0	262.0
90612	287684	325.0	253.0
90624	287684	329.0	255.0
90636	287684	334.0	255.0
90648	287684	343.0	255.0
90660	287684	351.0	257.0
90672	287684	354.0	257.0
90684	287684	359.0	258.0
90696	287684	365.0	259.0
90708	287684	368.0	259.0
90720	287684	374.0	260.0
90732	287684	380.0	261.0
90744	287684	385.0	262.0
90756	287684	392.0	262.0
90768	287684	399.0	263.0
90780	287684	407.0	264.0
90792	287684	414.0	265.0
90804	287684	424.0	266.0
90816	287684	433.0	267.0
90828	287684	444.0	268.0
90840	287684	455.0	269.0
90852	287684	468.0	271.0
90864	287684	482.0	272.0
90876	287684	498.0	273.0
90888	287684	517.0	276.0
90900	287684	537.0	278.0
90912	287684	562.0	282.0
90924	287684	591.0	285.0
90936	287684	623.0	289.0
90948	287684	664.0	294.0
90960	287684	712.0	300.0
90972	287684	774.0	307.0
90984	287684	852.0	317.0
90996	287684	954.0	331.0
91008	287684	995.0	350.0
90648	287702	330.0	254.0
90660	287702	332.3333333333333	256.0
90672	287702	337.0	255.0
90684	287702	338.0	255.0
90696	287702	343.0	257.0
90708	287702	348.0	256.0
90720	287702	352.0	258.0
90732	287702	356.0	257.0
90744	287702	360.0	258.0
90756	287702	365.0	259.0
90768	287702	369.0	259.0
90780	287702	376.0	259.0
90792	287702	382.0	261.0
90804	287702	388.0	261.0
90816	287702	394.0	262.0
90828	287702	401.0	263.0
90840	287702	410.0	264.0
90852	287702	418.0	266.0
90864	287702	427.0	265.0
90876	287702	438.0	267.0
90888	287702	448.0	268.0
90900	287702	458.0	270.0
90912	287702	471.0	272.0
90924	287702	484.0	273.0
90936	287702	499.0	274.0
90948	287702	515.0	275.0
90960	287702	534.0	278.0
90972	287702	553.0	280.0
90984	287702	578.0	283.0
90996	287702	603.0	285.0
91008	287702	634.0	289.0
91020	287702	669.0	294.0
91032	287702	714.0	299.0
90684	287709	382.0	260.0
90696	287709	391.0	264.0
90708	287709	399.0	265.0
90720	287709	410.0	266.0
90732	287709	420.0	267.0
90744	287709	431.0	268.0
90756	287709	443.0	269.0
90768	287709	457.0	271.0
90780	287709	472.0	273.0
90792	287709	487.0	274.0
90804	287709	504.0	276.0
90816	287709	523.0	279.0
90828	287709	545.0	281.0
90840	287709	572.0	285.0
90852	287709	602.0	288.0
90864	287709	639.0	293.0
90876	287709	684.0	298.0
90888	287709	740.0	306.0
90900	287709	809.0	316.0
90912	287709	902.0	329.0
90924	287709	980.0	345.0
90852	287738	309.0	252.0
90864	287738	313.0	251.0
90876	287738	317.0	252.0
90888	287738	321.0	252.0
90900	287738	328.0	254.0
90912	287738	333.0	254.0
90924	287738	339.0	256.0
90936	287738	343.0	256.0
90948	287738	348.0	257.0
90960	287738	352.0	256.0
90972	287738	357.0	258.0
90984	287738	362.0	259.0
90996	287738	368.0	260.0
91008	287738	374.0	260.0
91020	287738	380.0	262.0
91032	287738	385.0	262.0
91044	287738	390.0	263.0
91056	287738	395.0	265.0
91068	287738	400.0	266.0
91080	287738	405.0	267.0
91092	287738	411.0	268.0
91104	287738	417.0	270.0
91116	287738	423.0	271.0
91128	287738	431.0	274.0
91140	287738	441.0	276.0
91152	287738	452.0	278.0
91164	287738	468.0	282.0
91176	287738	486.0	286.0
91188	287738	508.0	291.0
91200	287738	536.0	298.0
91212	287738	571.0	307.0
91224	287738	620.0	318.0
91236	287738	688.0	334.0
91248	287738	787.0	355.0
91260	287738	944.0	390.0
91272	287738	1023.0	453.0
90972	287761	300.0	256.0
90984	287761	306.0	255.0
90996	287761	305.0	256.0
91008	287761	306.0	257.0
91020	287761	305.0	257.0
91032	287761	310.0	258.0
91044	287761	312.0	259.0
91056	287761	314.0	261.0
91068	287761	316.0	261.0
91080	287761	316.0	261.0
91092	287761	323.0	261.0
91104	287761	327.0	262.0
91116	287761	332.0	263.0
91128	287761	336.0	264.0
91140	287761	341.0	265.0
91152	287761	347.0	267.0
91164	287761	354.0	268.0
91176	287761	360.0	269.0
91188	287761	368.0	270.0
91200	287761	377.0	272.0
91212	287761	386.0	274.0
91224	287761	397.0	275.0
91236	287761	409.0	277.0
91248	287761	424.0	280.0
91260	287761	441.0	283.0
91272	287761	459.0	287.0
91284	287761	483.0	292.0
91296	287761	511.0	298.0
91308	287761	547.0	305.0
91320	287761	590.0	315.0
91332	287761	649.0	328.0
91344	287761	729.0	345.0
91356	287761	848.0	370.0
91368	287761	988.0	413.0
91044	287777	287.0	252.0
91056	287777	287.0	252.0
91068	287777	288.0	251.0
91080	287777	288.0	249.0
91092	287777	290.0	250.0
91104	287777	291.0	250.0
91116	287777	293.0	250.0
91128	287777	293.0	249.0
91140	287777	295.0	250.0
91152	287777	297.0	250.0
91164	287777	297.0	249.0
91176	287777	299.0	250.0
91188	287777	300.0	250.0
91200	287777	301.0	251.0
91212	287777	303.0	250.0
91224	287777	303.0	249.0
91236	287777	305.0	250.0
91248	287777	308.0	251.0
91260	287777	309.0	251.0
91272	287777	309.0	251.0
91284	287777	312.0	250.0
91296	287777	314.0	251.0
91308	287777	315.0	252.0
91320	287777	318.0	252.0
91332	287777	319.0	252.0
91344	287777	323.0	253.0
91356	287777	324.0	253.0
91368	287777	327.0	253.0
91380	287777	330.0	254.0
91392	287777	332.0	253.0
91404	287777	336.0	254.0
91416	287777	338.0	254.0
91428	287777	343.0	255.0
91440	287777	346.0	255.0
91452	287777	350.0	255.0
91464	287777	356.0	256.0
91476	287777	360.0	257.0
91488	287777	363.0	258.0
91500	287777	370.0	259.0
91512	287777	375.0	260.0
91524	287777	382.0	260.0
91536	287777	389.0	262.0
91548	287777	397.0	262.0
91560	287777	405.0	264.0
91572	287777	414.0	265.0
91584	287777	425.0	266.0
91596	287777	438.0	267.0
91608	287777	450.0	269.0
91620	287777	466.0	271.0
91632	287777	484.0	273.0
91644	287777	504.0	275.0
91656	287777	526.0	278.0
91668	287777	553.0	281.0
91680	287777	587.0	285.0
91692	287777	628.0	289.0
91704	287777	679.0	296.0
91716	287777	746.0	305.0
91728	287777	834.0	316.0
91740	287777	959.0	332.0
91752	287777	1008.0	360.0
91164	287817	332.0	252.0
91176	287817	336.0	255.0
91188	287817	339.0	255.0
91200	287817	342.0	255.0
91212	287817	347.0	256.0
91224	287817	352.0	256.0
91236	287817	358.0	257.0
91248	287817	363.0	257.0
91260	287817	368.0	258.0
91272	287817	373.0	259.0
91284	287817	379.0	260.0
91296	287817	385.0	260.0
91308	287817	391.0	261.0
91320	287817	398.0	262.0
91332	287817	405.0	263.0
91344	287817	413.0	264.0
91356	287817	422.0	265.0
91368	287817	432.0	266.0
91380	287817	443.0	268.0
91392	287817	455.0	269.0
91404	287817	469.0	271.0
91416	287817	484.0	272.0
91428	287817	502.0	274.0
91440	287817	523.0	277.0
91452	287817	545.0	279.0
91464	287817	573.0	283.0
91476	287817	605.0	286.0
91488	287817	646.0	292.0
91500	287817	694.0	298.0
91512	287817	757.0	306.0
91524	287817	839.0	316.0
91536	287817	951.0	331.0
91548	287817	997.0	352.0
91500	287901	277.1578947368421	251.0
91512	287901	277.7894736842105	251.0
91524	287901	278.42105263157896	251.0
91536	287901	279.0	252.0
91548	287901	279.0	252.0
91560	287901	279.0	251.0
91572	287901	281.0	251.0
91584	287901	283.0	252.0
91596	287901	283.0	253.0
91608	287901	283.0	253.0
91620	287901	286.0	252.5
91632	287901	286.0	253.0
91644	287901	285.0	253.0
91656	287901	286.0	253.0
91668	287901	289.0	253.0
91680	287901	290.0	253.0
91692	287901	290.0	254.0
91704	287901	292.0	255.0
91716	287901	293.0	255.0
91728	287901	294.0	256.0
91740	287901	296.0	256.0
91752	287901	297.0	256.0
91764	287901	298.5	256.0
91776	287901	300.0	256.0
91788	287901	303.0	258.0
91800	287901	303.0	258.0
91812	287901	306.0	259.0
91824	287901	307.0	260.0
91836	287901	308.0	260.0
91848	287901	309.0	261.0
91860	287901	311.0	262.0
91872	287901	313.0	262.0
91884	287901	315.0	263.0
91896	287901	318.0	263.0
91908	287901	322.0	265.0
91920	287901	324.0	265.0
91932	287901	329.0	267.0
91944	287901	332.0	267.0
91956	287901	336.0	268.0
91968	287901	342.0	270.0
91980	287901	347.0	271.0
91992	287901	352.0	272.0
92004	287901	358.0	274.0
92016	287901	367.0	275.0
92028	287901	376.0	277.0
92040	287901	385.0	278.0
92052	287901	396.0	280.0
92064	287901	409.0	284.0
92076	287901	423.0	287.0
92088	287901	439.0	291.0
92100	287901	459.0	296.0
92112	287901	484.0	301.0
92124	287901	516.0	309.0
92136	287901	554.0	317.0
92148	287901	603.0	328.0
92160	287901	672.0	343.0
92172	287901	766.0	363.0
92184	287901	904.0	393.0
92196	287901	1007.0	443.0
91992	287979	312.0	251.0
92004	287979	312.0	251.0
92016	287979	317.0	253.0
92028	287979	321.0	254.0
92040	287979	324.0	255.0
92052	287979	328.0	254.0
92064	287979	332.0	255.0
92076	287979	337.0	255.0
92088	287979	343.0	256.0
92100	287979	347.0	257.0
92112	287979	352.0	257.0
92124	287979	357.0	258.0
92136	287979	361.0	259.0
92148	287979	367.0	260.0
92160	287979	373.0	260.0
92172	287979	379.0	261.0
92184	287979	386.0	261.0
92196	287979	393.0	262.0
92208	287979	401.0	263.0
92220	287979	410.0	264.0
92232	287979	420.0	266.0
92244	287979	429.0	266.0
92256	287979	441.0	268.0
92268	287979	455.0	269.0
92280	287979	469.0	271.0
92292	287979	486.0	273.0
92304	287979	505.0	275.0
92316	287979	528.0	277.0
92328	287979	554.0	280.0
92340	287979	585.0	283.0
92352	287979	622.0	288.0
92364	287979	668.0	294.0
92376	287979	726.0	301.0
92388	287979	801.0	310.0
92400	287979	905.0	324.0
92412	287979	987.0	343.0
92016	287981	345.0	266.0
92028	287981	349.0	268.0
92040	287981	352.0	269.0
92052	287981	359.0	271.0
92064	287981	367.0	272.0
92076	287981	378.0	274.0
92088	287981	386.0	276.0
92100	287981	396.0	277.0
92112	287981	408.0	280.0
92124	287981	422.0	283.0
92136	287981	440.0	286.0
92148	287981	461.0	290.0
92160	287981	481.0	295.0
92172	287981	505.0	299.0
92184	287981	533.0	306.0
92196	287981	568.0	314.0
92208	287981	612.0	325.0
92220	287981	668.0	337.0
92232	287981	745.0	354.0
92244	287981	852.0	379.0
92256	287981	978.0	415.0
92268	287981	1028.0	478.0
92292	288039	253.0	249.0
92304	288039	254.0	249.0
92316	288039	254.0	248.0
92328	288039	253.0	248.0
92340	288039	254.0	248.0
92352	288039	254.0	248.0
92364	288039	254.85714285714286	248.0
92376	288039	255.25	249.25
92388	288039	255.0	249.0
92400	288039	255.5	249.0
92412	288039	256.7	249.0
92424	288039	257.9	249.0
92436	288039	259.1	249.0
92448	288039	260.0	249.0
92460	288039	260.0	248.0
92472	288039	260.0	248.0
92484	288039	260.0	247.0
92496	288039	260.0	248.0
92508	288039	261.0	248.0
92520	288039	262.0	249.0
92532	288039	262.0	249.0
92544	288039	262.0	249.0
92556	288039	262.0	249.0
92568	288039	261.0	249.0
92580	288039	262.0	249.0
92592	288039	262.0	249.0
92604	288039	263.0	249.0
92616	288039	264.0	249.0
92628	288039	264.0	250.0
92640	288039	264.0	249.0
92652	288039	265.0	250.0
92664	288039	265.0	250.0
92676	288039	266.0	249.0
92688	288039	267.0	249.0
92700	288039	268.0	250.0
92712	288039	268.0	250.0
92724	288039	269.0	250.0
92736	288039	270.0	250.0
92748	288039	270.0	250.0
92760	288039	271.0	250.0
92772	288039	272.0	250.0
92784	288039	272.0	250.0
92796	288039	272.0	250.0
92808	288039	273.0	251.0
92820	288039	274.0	251.0
92832	288039	275.0	250.0
92844	288039	276.0	250.0
92856	288039	277.0	252.0
92868	288039	277.0	252.0
92880	288039	278.0	252.0
92892	288039	279.0	253.0
92904	288039	280.0	252.0
92916	288039	281.0	253.0
92928	288039	283.0	253.0
92940	288039	283.0	254.0
92952	288039	285.0	254.0
92964	288039	287.0	253.0
92976	288039	288.0	254.0
92988	288039	290.0	255.0
93000	288039	292.0	255.0
93012	288039	293.0	256.0
93024	288039	295.0	256.0
93036	288039	297.0	256.0
93048	288039	299.0	257.0
93060	288039	301.0	257.0
93072	288039	303.0	258.0
93084	288039	306.0	258.0
93096	288039	307.0	259.0
93108	288039	310.0	260.0
93120	288039	314.0	260.0
93132	288039	316.0	261.0
93144	288039	320.0	261.0
93156	288039	324.0	262.0
93168	288039	328.0	263.0
93180	288039	334.0	265.0
93192	288039	339.0	266.0
93204	288039	344.0	267.0
93216	288039	350.0	268.0
93228	288039	358.0	269.0
93240	288039	366.0	272.0
93252	288039	374.0	273.0
93264	288039	384.0	274.0
93276	288039	395.0	277.0
93288	288039	407.0	278.0
93300	288039	423.0	282.0
93312	288039	440.0	286.0
93324	288039	459.0	290.0
93336	288039	483.0	295.0
93348	288039	513.0	303.0
93360	288039	549.0	311.0
93372	288039	596.0	322.0
93384	288039	660.0	337.0
93396	288039	752.0	357.0
93408	288039	894.0	392.0
93420	288039	1010.0	449.0
92316	288044	288.0	252.0
92328	288044	287.0	253.0
92340	288044	289.0	253.0
92352	288044	290.0	253.0
92364	288044	291.0	254.0
92376	288044	293.0	254.0
92388	288044	294.3333333333333	254.0
92400	288044	297.0	255.0
92412	288044	298.0	256.0
92424	288044	300.0	256.0
92436	288044	303.0	256.0
92448	288044	305.0	257.0
92460	288044	309.0	257.0
92472	288044	310.0	258.0
92484	288044	314.0	260.0
92496	288044	317.0	259.0
92508	288044	321.0	260.0
92520	288044	325.0	261.0
92532	288044	328.0	262.0
92544	288044	335.0	264.0
92556	288044	339.0	265.0
92568	288044	345.0	266.0
92580	288044	353.0	267.0
92592	288044	361.0	268.0
92604	288044	368.0	270.0
92616	288044	377.0	272.0
92628	288044	387.0	274.0
92640	288044	399.0	276.0
92652	288044	412.0	278.0
92664	288044	429.0	282.0
92676	288044	447.0	287.0
92688	288044	471.0	292.0
92700	288044	500.0	299.0
92712	288044	538.0	308.0
92724	288044	586.0	319.0
92736	288044	654.0	335.0
92748	288044	754.0	358.0
92760	288044	923.0	397.0
92772	288044	1035.0	478.0
92412	288065	274.0	251.0
92424	288065	275.0	251.0
92436	288065	275.0	250.0
92448	288065	279.0	251.0
92460	288065	279.0	252.0
92472	288065	280.0	252.0
92484	288065	283.0	252.0
92496	288065	284.0	253.0
92508	288065	287.0	253.0
92520	288065	289.0	253.0
92532	288065	289.0	254.0
92544	288065	292.0	254.0
92556	288065	294.0	255.0
92568	288065	298.0	255.0
92580	288065	298.0	255.0
92592	288065	300.0	256.0
92604	288065	301.0	256.0
92616	288065	304.0	257.0
92628	288065	306.0	257.0
92640	288065	308.0	258.0
92652	288065	311.0	259.0
92664	288065	314.0	259.0
92676	288065	317.0	260.0
92688	288065	321.0	260.0
92700	288065	324.0	261.0
92712	288065	328.0	262.0
92724	288065	333.0	263.0
92736	288065	337.0	264.0
92748	288065	342.0	265.0
92760	288065	348.0	266.0
92772	288065	355.0	267.0
92784	288065	362.0	269.0
92796	288065	371.0	270.0
92808	288065	379.0	272.0
92820	288065	389.0	274.0
92832	288065	401.0	276.0
92844	288065	414.0	278.0
92856	288065	430.0	280.0
92868	288065	449.0	284.0
92880	288065	471.0	289.0
92892	288065	496.0	293.0
92904	288065	528.0	300.0
92916	288065	568.0	308.0
92928	288065	619.0	320.0
92940	288065	688.0	334.0
92952	288065	786.0	354.0
92964	288065	938.0	387.0
92976	288065	1018.0	442.0
92808	288109	334.0	251.0
92820	288109	339.0	253.0
92832	288109	342.0	253.0
92844	288109	346.0	253.0
92856	288109	350.0	254.0
92868	288109	355.0	254.0
92880	288109	359.0	253.0
92892	288109	365.0	254.0
92904	288109	370.0	255.0
92916	288109	375.0	256.0
92928	288109	383.0	259.0
92940	288109	388.0	260.0
92952	288109	396.0	260.0
92964	288109	404.0	262.0
92976	288109	412.0	262.0
92988	288109	422.0	263.0
93000	288109	434.0	266.0
93012	288109	447.0	267.0
93024	288109	461.0	269.0
93036	288109	478.0	271.0
93048	288109	496.0	273.0
93060	288109	518.0	275.0
93072	288109	544.0	278.0
93084	288109	574.0	282.0
93096	288109	611.0	286.0
93108	288109	658.0	291.0
93120	288109	716.0	299.0
93132	288109	792.0	308.0
93144	288109	896.0	321.0
93156	288109	987.0	339.0
92820	288110	309.0	251.0
92832	288110	310.0	251.0
92844	288110	314.0	252.0
92856	288110	315.0	252.0
92868	288110	319.0	251.0
92880	288110	323.0	252.0
92892	288110	329.0	253.0
92904	288110	333.0	254.0
92916	288110	336.0	255.0
92928	288110	339.0	255.0
92940	288110	343.0	255.0
92952	288110	347.0	256.0
92964	288110	351.0	256.0
92976	288110	354.0	257.0
92988	288110	358.0	257.0
93000	288110	362.0	258.0
93012	288110	368.0	259.0
93024	288110	374.0	259.0
93036	288110	380.0	260.0
93048	288110	387.0	261.0
93060	288110	395.0	262.0
93072	288110	404.0	263.0
93084	288110	414.0	264.0
93096	288110	425.0	266.0
93108	288110	437.0	267.0
93120	288110	451.0	269.0
93132	288110	467.0	270.0
93144	288110	484.0	272.0
93156	288110	504.0	274.0
93168	288110	528.0	276.0
93180	288110	556.0	280.0
93192	288110	591.0	285.0
93204	288110	632.0	290.0
93216	288110	684.0	296.0
93228	288110	751.0	305.0
93240	288110	841.0	317.0
93252	288110	963.0	334.0
93264	288110	1011.0	368.0
93168	288208	267.0	252.0
93180	288208	268.0	252.0
93192	288208	269.3061224489796	251.0612244897959
93204	288208	270.53061224489795	251.30612244897958
93216	288208	271.7551020408163	251.55102040816325
93228	288208	272.9795918367347	251.79591836734693
93240	288208	273.0	252.0
93252	288208	274.0	252.0
93264	288208	275.0	252.0
93276	288208	276.0	252.0
93288	288208	277.0	253.0
93300	288208	278.0	253.0
93312	288208	279.0	254.0
93324	288208	281.0	254.0
93336	288208	282.0	254.0
93348	288208	285.0	254.0
93360	288208	286.0	254.0
93372	288208	290.0	255.0
93384	288208	290.0	255.0
93396	288208	292.0	255.0
93408	288208	295.6666666666667	256.0
93420	288208	297.5	256.0
93432	288208	301.0	258.0
93444	288208	302.0	257.5
93456	288208	303.0	258.0
93468	288208	306.0	260.0
93480	288208	311.0	260.0
93492	288208	313.0	261.0
93504	288208	316.0	261.0
93516	288208	319.0	263.0
93528	288208	323.0	264.0
93540	288208	327.0	265.0
93552	288208	331.0	266.0
93564	288208	335.0	268.0
93576	288208	341.0	269.0
93588	288208	345.0	270.0
93600	288208	353.0	271.0
93612	288208	359.0	273.0
93624	288208	368.0	275.0
93636	288208	377.0	275.0
93648	288208	388.0	278.0
93660	288208	401.0	280.0
93672	288208	416.0	284.0
93684	288208	433.0	288.0
93696	288208	454.0	292.0
93708	288208	480.0	298.0
93720	288208	511.0	305.0
93732	288208	549.0	314.0
93744	288208	598.0	326.0
93756	288208	665.0	341.0
93768	288208	756.0	363.0
93780	288208	895.0	396.0
93792	288208	1009.0	454.0
93216	288221	285.0	252.0
93228	288221	286.0	252.0
93240	288221	289.0	253.0
93252	288221	292.0	253.0
93264	288221	294.0	254.0
93276	288221	295.0	255.0
93288	288221	299.0	255.0
93300	288221	301.0	255.0
93312	288221	304.0	255.0
93324	288221	303.0	255.0
93336	288221	305.0	256.0
93348	288221	308.0	257.0
93360	288221	310.0	256.0
93372	288221	313.0	258.0
93384	288221	316.0	258.0
93396	288221	318.0	259.0
93408	288221	321.0	259.0
93420	288221	325.0	260.0
93432	288221	329.0	261.0
93444	288221	332.0	262.0
93456	288221	336.0	263.0
93468	288221	341.0	264.0
93480	288221	346.0	266.0
93492	288221	351.0	266.0
93504	288221	358.0	267.0
93516	288221	363.0	268.0
93528	288221	371.0	270.0
93540	288221	380.0	272.0
93552	288221	389.0	273.0
93564	288221	399.0	274.0
93576	288221	411.0	277.0
93588	288221	424.0	279.0
93600	288221	440.0	282.0
93612	288221	458.0	286.0
93624	288221	480.0	290.0
93636	288221	505.0	295.0
93648	288221	536.0	301.0
93660	288221	574.0	310.0
93672	288221	623.0	321.0
93684	288221	687.0	333.0
93696	288221	777.0	352.0
93708	288221	912.0	382.0
93720	288221	1008.0	431.0
93480	288291	284.0	254.0
93492	288291	286.5	254.0
93504	288291	289.1914893617021	255.04255319148936
93516	288291	291.48936170212767	255.5531914893617
93528	288291	293.78723404255317	256.06382978723406
93540	288291	296.0851063829787	256.5744680851064
93552	288291	300.0	257.0
93564	288291	304.6	257.4
93576	288291	308.0	259.0
93588	288291	312.0	259.0
93600	288291	315.0	260.0
93612	288291	320.0	260.0
93624	288291	325.0	262.0
93636	288291	332.0	264.0
93648	288291	337.0	265.0
93660	288291	343.0	266.0
93672	288291	351.0	267.0
93684	288291	358.0	269.0
93696	288291	366.0	270.0
93708	288291	374.0	272.0
93720	288291	384.0	273.0
93732	288291	396.0	275.0
93744	288291	409.0	277.0
93756	288291	424.0	281.0
93768	288291	442.0	284.0
93780	288291	464.0	289.0
93792	288291	490.0	294.0
93804	288291	521.0	301.0
93816	288291	561.0	310.0
93828	288291	612.0	321.0
93840	288291	683.0	337.0
93852	288291	784.0	358.0
93864	288291	948.0	395.0
93876	288291	1028.0	463.0
93648	288333	310.0	249.0
93660	288333	313.0	249.0
93672	288333	314.0	250.0
93684	288333	315.0	252.0
93696	288333	317.0	251.0
93708	288333	319.0	250.0
93720	288333	321.0	252.0
93732	288333	324.0	252.0
93744	288333	326.0	253.0
93756	288333	328.0	253.0
93768	288333	331.0	253.0
93780	288333	333.0	254.0
93792	288333	337.0	253.0
93804	288333	339.0	255.0
93816	288333	343.0	255.0
93828	288333	347.0	256.0
93840	288333	352.0	256.0
93852	288333	357.0	257.0
93864	288333	361.0	257.0
93876	288333	366.0	258.0
93888	288333	372.0	259.0
93900	288333	379.0	259.0
93912	288333	385.0	260.0
93924	288333	392.0	261.0
93936	288333	401.0	262.0
93948	288333	410.0	263.0
93960	288333	420.0	264.0
93972	288333	431.0	265.0
93984	288333	444.0	266.0
93996	288333	458.0	269.0
94008	288333	474.0	270.0
94020	288333	493.0	272.0
94032	288333	515.0	274.0
94044	288333	539.0	277.0
94056	288333	568.0	280.0
94068	288333	603.0	283.0
94080	288333	646.0	288.0
94092	288333	697.0	295.0
94104	288333	765.0	304.0
94116	288333	853.0	314.0
94128	288333	968.0	330.0
94140	288333	1007.0	354.0
93648	288334	285.0	252.0
93660	288334	286.0	251.0
93672	288334	288.0	251.0
93684	288334	289.0	252.0
93696	288334	290.0	253.0
93708	288334	292.0	253.0
93720	288334	294.0	253.0
93732	288334	294.0	253.0
93744	288334	296.0	254.0
93756	288334	297.0	255.0
93768	288334	298.0	255.0
93780	288334	299.0	256.0
93792	288334	303.0	256.0
93804	288334	305.0	257.0
93816	288334	305.0	257.0
93828	288334	308.0	258.0
93840	288334	311.0	258.0
93852	288334	313.0	259.0
93864	288334	316.0	260.0
93876	288334	319.0	261.0
93888	288334	323.0	261.0
93900	288334	326.0	262.0
93912	288334	332.0	264.0
93924	288334	335.0	265.0
93936	288334	340.0	265.0
93948	288334	346.0	267.0
93960	288334	353.0	268.0
93972	288334	359.0	269.0
93984	288334	367.0	272.0
93996	288334	375.0	272.0
94008	288334	386.0	274.0
94020	288334	396.0	275.0
94032	288334	410.0	278.0
94044	288334	424.0	281.0
94056	288334	440.0	284.0
94068	288334	459.0	288.0
94080	288334	481.0	293.0
94092	288334	508.0	299.0
94104	288334	540.0	306.0
94116	288334	580.0	315.0
94128	288334	633.0	327.0
94140	288334	705.0	343.0
94152	288334	808.0	365.0
94164	288334	960.0	399.0
94176	288334	1026.0	462.0
93768	288359	547.0	249.0
93780	288359	548.0	250.0
93792	288359	548.3461538461538	247.96153846153845
93804	288359	550.4230769230769	247.73076923076923
93816	288359	552.5	247.5
93828	288359	554.5769230769231	247.26923076923077
93840	288359	556.6538461538462	247.03846153846155
93852	288359	559.0	247.0
93864	288359	561.0	246.0
93876	288359	565.0	246.0
93888	288359	567.0	245.0
93900	288359	571.0	244.0
93912	288359	573.0	244.0
93924	288359	577.0	243.0
93936	288359	581.0	242.0
93948	288359	583.0	241.5
93960	288359	586.0	240.0
93972	288359	591.0	239.0
93984	288359	594.0	238.0
93996	288359	596.0	238.0
94008	288359	600.0	237.0
94020	288359	602.0	236.0
94032	288359	605.0	235.0
94044	288359	607.75	234.0
94080	288410	298.4	256.0
94092	288410	301.0	256.0
94104	288410	303.0	256.0
94116	288410	304.0	257.0
94128	288410	305.5	257.0
94140	288410	307.0	258.0
94152	288410	310.0	259.0
94164	288410	311.0	259.0
94176	288410	313.0	259.0
94188	288410	317.0	260.0
94200	288410	320.0	262.0
94212	288410	322.0	262.0
94224	288410	326.0	262.0
94236	288410	329.0	263.0
94248	288410	334.0	265.0
94260	288410	338.0	266.0
94272	288410	343.0	267.0
94284	288410	349.0	268.0
94296	288410	356.0	269.0
94308	288410	364.0	271.0
94320	288410	372.0	273.0
94332	288410	381.0	274.0
94344	288410	392.0	275.0
94356	288410	404.0	278.0
94368	288410	419.0	280.0
94380	288410	435.0	283.0
94392	288410	453.0	286.0
94404	288410	477.0	291.0
94416	288410	504.0	296.0
94428	288410	537.0	304.0
94440	288410	576.0	311.0
94452	288410	628.0	323.0
94464	288410	694.0	336.0
94476	288410	790.0	355.0
94488	288410	931.0	385.0
94500	288410	1009.0	433.0
94260	288432	199.0	248.0
94272	288432	203.0	248.0
94284	288432	210.0	251.0
94296	288432	216.0	251.0
94308	288432	219.0	251.0
94320	288432	224.30434782608697	252.0
94332	288432	227.95652173913044	252.0
94344	288432	231.66666666666666	251.33333333333334
94356	288432	234.72727272727272	250.54545454545453
94368	288432	238.0	250.0
94380	288432	240.0	251.0
94392	288432	244.0	251.0
94404	288432	244.2	251.0
94416	288432	246.6	251.0
94428	288432	249.0	251.0
94440	288432	249.0	250.0
94452	288432	251.0	252.0
94464	288432	252.0	251.0
94476	288432	252.0	252.0
94488	288432	251.0	252.0
94500	288432	252.0	252.0
94512	288432	252.0	252.0
94524	288432	252.0	252.0
94536	288432	252.0	253.0
94548	288432	253.0	253.0
94560	288432	254.0	254.0
94572	288432	257.0	254.0
94584	288432	258.0	255.0
94596	288432	260.0	255.0
94608	288432	262.0	255.0
94620	288432	265.0	255.0
94632	288432	269.0	255.0
94644	288432	271.0	256.0
94656	288432	274.0	256.0
94668	288432	278.0	257.0
94680	288432	282.0	257.0
94692	288432	285.0	257.0
94704	288432	289.0	259.0
94716	288432	293.0	259.0
94728	288432	297.0	260.0
94740	288432	301.0	260.0
94752	288432	305.0	261.0
94764	288432	309.0	262.0
94776	288432	313.0	262.0
94788	288432	318.0	263.0
94800	288432	323.0	264.0
94812	288432	329.0	266.0
94824	288432	335.0	267.0
94836	288432	342.0	268.0
94848	288432	350.0	269.0
94860	288432	359.0	270.0
94872	288432	369.0	272.0
94884	288432	379.0	274.0
94896	288432	391.0	275.0
94908	288432	406.0	277.0
94920	288432	421.0	279.0
94932	288432	438.0	283.0
94944	288432	457.0	286.0
94956	288432	479.0	291.0
94968	288432	505.0	295.0
94980	288432	536.0	302.0
94992	288432	574.0	311.0
95004	288432	624.0	322.0
95016	288432	690.0	337.0
95028	288432	785.0	357.0
95040	288432	930.0	388.0
95052	288432	1017.0	443.0
94332	288446	280.96153846153845	253.0
94344	288446	280.5	253.0
94356	288446	280.03846153846155	253.0
94368	288446	279.0	253.0
94380	288446	280.0	253.0
94392	288446	282.0	253.0
94404	288446	281.0	253.0
94416	288446	279.3636363636364	253.0
94428	288446	278.0	253.0
94440	288446	279.0	253.0
94452	288446	279.0	253.0
94464	288446	279.0	253.0
94476	288446	281.0	253.0
94488	288446	282.0	254.0
94500	288446	286.70588235294116	254.05882352941177
94512	288446	295.0	256.0
94524	288446	299.0	256.0
94536	288446	303.0	256.0
94548	288446	308.0	257.0
94560	288446	311.0	257.0
94572	288446	314.0	258.0
94584	288446	316.0	259.0
94596	288446	319.0	259.0
94608	288446	324.0	260.0
94620	288446	327.0	260.0
94632	288446	334.0	261.0
94644	288446	338.0	261.0
94656	288446	345.0	263.0
94668	288446	349.0	265.0
94680	288446	356.0	266.0
94692	288446	364.0	267.0
94704	288446	370.0	268.0
94716	288446	380.0	271.0
94728	288446	389.0	272.0
94740	288446	402.0	273.0
94752	288446	417.0	276.0
94764	288446	432.0	279.0
94776	288446	450.0	284.0
94788	288446	474.0	289.0
94800	288446	498.0	295.0
94812	288446	529.0	302.0
94824	288446	572.0	312.0
94836	288446	627.0	324.0
94848	288446	706.0	341.0
94860	288446	824.0	366.0
94872	288446	981.0	409.0
94356	288452	301.0	255.0
94368	288452	302.0	256.0
94380	288452	306.0	257.0
94392	288452	310.0	257.0
94404	288452	313.0	259.0
94416	288452	317.0	260.0
94428	288452	320.0	261.0
94440	288452	324.0	260.0
94452	288452	329.0	262.0
94464	288452	334.0	263.0
94476	288452	339.0	264.0
94488	288452	344.0	266.0
94500	288452	351.0	266.0
94512	288452	357.0	268.0
94524	288452	363.0	269.0
94536	288452	371.0	272.0
94548	288452	381.0	272.0
94560	288452	391.0	275.0
94572	288452	402.0	276.0
94584	288452	413.0	279.0
94596	288452	427.0	282.0
94608	288452	444.0	286.0
94620	288452	462.0	290.0
94632	288452	484.0	295.0
94644	288452	512.0	302.0
94656	288452	544.0	311.0
94668	288452	587.0	322.0
94680	288452	646.0	338.0
94692	288452	727.0	357.0
94704	288452	855.0	389.0
94716	288452	996.0	444.0
94368	288457	345.42857142857144	256.0
94380	288457	354.0	258.0
94392	288457	367.0	259.0
94404	288457	368.0	259.0
94416	288457	368.0	259.0
94428	288457	373.0	260.0
94440	288457	380.0	261.0
94452	288457	386.0	262.0
94464	288457	396.0	263.0
94476	288457	405.0	265.0
94488	288457	415.0	266.0
94500	288457	428.0	267.0
94512	288457	441.0	268.0
94524	288457	456.0	270.0
94536	288457	473.0	271.0
94548	288457	493.0	273.0
94560	288457	517.0	276.0
94572	288457	543.0	279.0
94584	288457	572.0	282.0
94596	288457	608.0	287.0
94608	288457	652.0	292.0
94620	288457	706.0	299.0
94632	288457	776.0	307.0
94644	288457	868.0	318.0
94656	288457	974.0	335.0
94416	288476	289.0	254.0
94428	288476	298.0	254.0
94440	288476	300.0	256.0
94452	288476	301.54545454545456	257.0
94464	288476	307.0	258.0
94476	288476	314.0	259.0
94488	288476	317.0	260.0
94500	288476	320.0	260.0
94512	288476	325.0	262.0
94524	288476	330.0	263.0
94536	288476	336.0	263.0
94548	288476	342.0	264.0
94560	288476	349.0	266.0
94572	288476	358.0	268.0
94584	288476	365.0	269.0
94596	288476	374.0	272.0
94608	288476	385.0	273.0
94620	288476	397.0	274.0
94632	288476	410.0	277.0
94644	288476	426.0	279.0
94656	288476	443.0	283.0
94668	288476	467.0	288.0
94680	288476	498.0	294.0
94692	288476	532.0	301.0
94704	288476	571.0	309.0
94716	288476	621.0	320.0
94728	288476	691.0	335.0
94740	288476	793.0	358.0
94752	288476	951.0	394.0
94764	288476	1024.0	455.0
94428	288479	351.0	255.0
94440	288479	356.5	256.5
94452	288479	364.2	255.6
94464	288479	373.0	258.0
94476	288479	377.0	257.0
94488	288479	385.0	259.0
94500	288479	394.0	260.0
94512	288479	403.0	262.0
94524	288479	414.0	264.0
94536	288479	425.0	265.0
94548	288479	437.0	267.0
94560	288479	448.0	269.0
94572	288479	461.0	270.0
94584	288479	478.0	272.0
94596	288479	494.0	274.0
94608	288479	514.0	276.0
94620	288479	539.0	279.0
94632	288479	567.0	282.0
94644	288479	601.0	287.0
94656	288479	643.0	292.0
94668	288479	695.0	298.0
94680	288479	762.0	307.0
94692	288479	851.0	319.0
94704	288479	968.0	333.0
94656	288532	250.0	253.0
94668	288532	250.0	253.0
94680	288532	252.0	253.0
94692	288532	255.0	253.0
94704	288532	256.0	253.0
94716	288532	253.0	252.0
94728	288532	259.0	253.0
94740	288532	261.0	253.0
94752	288532	261.0	253.0
94764	288532	264.5	253.0
94776	288532	268.11538461538464	252.0
94788	288532	269.5	252.0
94800	288532	270.88461538461536	252.0
94812	288532	271.0	253.0
94824	288532	274.0	253.0
94836	288532	276.0	254.0
94848	288532	277.0	253.0
94860	288532	278.1666666666667	254.58333333333334
94872	288532	282.0	255.0
94884	288532	283.9	255.0
94896	288532	287.5	255.0
94908	288532	291.1	255.0
94920	288532	293.6	256.6
94932	288532	295.0	258.0
94944	288532	300.0	259.0
94956	288532	302.0	259.0
94968	288532	305.0	260.0
94980	288532	311.0	260.0
94992	288532	315.0	261.0
95004	288532	320.0	262.0
95016	288532	326.0	262.0
95028	288532	331.0	264.0
95040	288532	336.0	265.0
95052	288532	341.0	266.0
95064	288532	346.0	267.0
95076	288532	352.0	268.0
95088	288532	359.0	270.0
95100	288532	366.0	271.0
95112	288532	374.0	273.0
95124	288532	383.0	274.0
95136	288532	393.0	276.0
95148	288532	404.0	278.0
95160	288532	417.0	282.0
95172	288532	432.0	285.0
95184	288532	450.0	289.0
95196	288532	474.0	294.0
95208	288532	500.0	301.0
95220	288532	533.0	310.0
95232	288532	575.0	320.0
95244	288532	633.0	333.0
95256	288532	714.0	353.0
95268	288532	837.0	381.0
95280	288532	986.0	430.0
95292	288532	1032.0	469.0
94752	288574	274.5	252.5
94764	288574	276.93333333333334	252.36666666666667
94776	288574	280.1333333333333	252.76666666666668
94788	288574	285.0	254.0
94800	288574	289.3333333333333	253.0
94812	288574	294.0	254.0
94824	288574	297.0	257.0
94836	288574	301.0	257.0
94848	288574	306.0	258.0
94860	288574	311.0	260.0
94872	288574	313.0	260.0
94884	288574	318.0	262.0
94896	288574	321.0	263.0
94908	288574	325.0	264.0
94920	288574	329.0	264.0
94932	288574	333.0	266.0
94944	288574	338.0	267.0
94956	288574	344.0	268.0
94968	288574	350.0	270.0
94980	288574	357.0	272.0
94992	288574	365.0	273.0
95004	288574	374.0	274.0
95016	288574	385.0	276.0
95028	288574	396.0	278.0
95040	288574	409.0	280.0
95052	288574	425.0	284.0
95064	288574	444.0	287.0
95076	288574	466.0	292.0
95088	288574	492.0	297.0
95100	288574	526.0	305.0
95112	288574	566.0	314.0
95124	288574	619.0	327.0
95136	288574	693.0	343.0
95148	288574	800.0	366.0
95160	288574	962.0	405.0
95172	288574	1030.0	473.0
94932	288628	273.0	252.0
94944	288628	275.0	252.0
94956	288628	276.0	252.0
94968	288628	276.0	253.0
94980	288628	277.0	252.0
94992	288628	278.0	253.0
95004	288628	279.0	252.0
95016	288628	280.0	252.0
95028	288628	281.0	253.0
95040	288628	282.0	253.0
95052	288628	283.0	253.0
95064	288628	284.0	253.0
95076	288628	286.0	252.0
95088	288628	289.0	252.0
95100	288628	290.0	253.0
95112	288628	291.0	254.0
95124	288628	293.0	255.0
95136	288628	295.0	255.0
95148	288628	297.0	255.0
95160	288628	299.0	256.0
95172	288628	302.0	257.0
95184	288628	304.0	256.0
95196	288628	306.0	257.0
95208	288628	309.0	257.0
95220	288628	312.0	258.0
95232	288628	315.0	259.0
95244	288628	318.0	259.0
95256	288628	322.0	259.0
95268	288628	325.0	260.0
95280	288628	329.0	260.0
95292	288628	333.0	261.0
95304	288628	337.0	262.0
95316	288628	342.0	264.0
95328	288628	346.0	265.0
95340	288628	352.0	266.0
95352	288628	359.0	267.0
95364	288628	366.0	270.0
95376	288628	373.0	272.0
95388	288628	382.0	273.0
95400	288628	393.0	275.0
95412	288628	405.0	277.0
95424	288628	418.0	280.0
95436	288628	435.0	283.0
95448	288628	454.0	288.0
95460	288628	478.0	292.0
95472	288628	507.0	297.0
95484	288628	542.0	305.0
95496	288628	589.0	316.0
95508	288628	651.0	329.0
95520	288628	739.0	347.0
95532	288628	873.0	375.0
95544	288628	1002.0	425.0
95076	288695	243.0	253.0
95088	288695	244.0	252.0
95100	288695	246.0	252.0
95112	288695	247.5	252.0
95124	288695	248.0	253.0
95136	288695	250.0	253.0
95148	288695	250.0	253.0
95160	288695	251.0	253.0
95172	288695	252.0	253.0
95184	288695	253.0	253.0
95196	288695	253.0	253.0
95208	288695	254.0	253.0
95220	288695	257.0	254.0
95232	288695	257.0	254.0
95244	288695	259.0	253.0
95256	288695	262.0	254.33333333333334
95268	288695	261.0	254.0
95280	288695	264.0	254.0
95292	288695	264.0	254.0
95304	288695	266.0	254.0
95316	288695	268.0	255.0
95328	288695	271.0	255.0
95340	288695	274.0	255.0
95352	288695	275.0	256.0
95364	288695	277.0	257.0
95376	288695	279.0	257.0
95388	288695	281.0	256.0
95400	288695	283.0	257.0
95412	288695	285.0	257.0
95424	288695	291.0	259.0
95436	288695	291.8181818181818	258.59090909090907
95448	288695	292.90909090909093	258.04545454545456
95460	288695	297.0	259.0
95472	288695	301.0	259.0
95484	288695	304.0	260.0
95496	288695	307.0	260.0
95508	288695	310.0	261.0
95520	288695	313.0	261.0
95532	288695	315.0	262.0
95544	288695	321.0	262.0
95556	288695	323.0	263.0
95568	288695	331.0	264.0
95580	288695	336.0	266.0
95592	288695	340.0	267.0
95604	288695	344.0	267.0
95616	288695	350.0	268.0
95628	288695	355.0	269.0
95640	288695	362.0	270.0
95652	288695	368.0	271.0
95664	288695	375.0	272.0
95676	288695	382.0	273.0
95688	288695	391.0	274.0
95700	288695	399.0	275.0
95712	288695	409.0	276.0
95724	288695	421.0	279.0
95736	288695	433.0	281.0
95748	288695	447.0	285.0
95760	288695	463.0	288.0
95772	288695	484.0	291.0
95784	288695	507.0	295.0
95796	288695	531.0	301.0
95808	288695	562.0	308.0
95820	288695	601.0	316.0
95832	288695	649.0	327.0
95844	288695	704.0	340.0
95856	288695	782.0	357.0
95868	288695	900.0	383.0
95880	288695	985.0	421.0
95892	288695	1009.0	434.0
95904	288695	1008.0	417.0
95916	288695	1021.0	483.0
95100	288702	320.5	251.5
95112	288702	326.0	254.0
95124	288702	332.0	254.0
95136	288702	337.0	254.0
95148	288702	344.0	255.0
95160	288702	350.0	256.0
95172	288702	356.0	257.0
95184	288702	360.0	258.0
95196	288702	365.0	258.0
95208	288702	370.0	259.0
95220	288702	376.0	260.0
95232	288702	383.0	261.0
95244	288702	389.0	262.0
95256	288702	397.0	263.0
95268	288702	405.0	263.0
95280	288702	414.0	265.0
95292	288702	425.0	266.0
95304	288702	436.0	268.0
95316	288702	450.0	269.0
95328	288702	465.0	271.0
95340	288702	482.0	272.0
95352	288702	503.0	275.0
95364	288702	527.0	278.0
95376	288702	556.0	281.0
95388	288702	590.0	285.0
95400	288702	632.0	290.0
95412	288702	686.0	296.0
95424	288702	753.0	304.0
95436	288702	842.0	315.0
95448	288702	962.0	330.0
95400	288816	250.0	250.0
95412	288816	251.0	251.0
95424	288816	252.0	252.0
95436	288816	253.0	252.0
95448	288816	255.0	253.0
95460	288816	255.3125	252.0
95472	288816	256.02272727272725	252.02272727272728
95484	288816	256.29545454545456	252.29545454545453
95496	288816	256.5681818181818	252.5681818181818
95508	288816	256.84090909090907	252.8409090909091
95520	288816	255.0	253.0
95532	288816	255.0	253.0
95544	288816	254.0	253.0
95556	288816	255.0	254.0
95568	288816	256.0	254.0
95580	288816	256.0	254.0
95592	288816	256.0	254.0
95604	288816	256.0	254.0
95616	288816	257.0	253.0
95628	288816	259.0	254.0
95640	288816	261.0	254.0
95652	288816	261.0	254.0
95664	288816	263.0	255.0
95676	288816	264.0	255.0
95688	288816	260.0	254.0
95700	288816	269.0	255.0
95712	288816	270.0	255.0
95724	288816	271.0	254.0
95736	288816	273.5	254.25
95748	288816	278.0	256.0
95592	288858	325.1666666666667	228.0
95604	288858	328.0	225.0
95616	288858	334.6666666666667	226.0
95628	288858	341.25	226.75
95640	288858	345.75	224.5
95652	288858	349.5	221.0
95664	288858	358.0	224.0
95676	288858	364.0	224.0
95688	288858	370.0	224.0
95700	288858	376.0	221.0
95712	288858	383.0	216.0
95724	288858	397.0	222.0
95736	288858	404.0	221.0
95748	288858	415.0	222.0
95760	288858	428.0	222.0
95772	288858	443.0	223.0
95784	288858	459.0	221.0
95796	288858	479.0	220.0
95808	288858	501.0	219.0
95820	288858	521.0	209.0
95832	288858	556.0	213.0
95844	288858	596.0	213.0
95856	288858	641.0	208.0
95868	288858	704.0	203.0
95880	288858	788.0	193.0
95892	288858	909.0	188.0
95604	288861	355.0	260.0
95616	288861	363.0	260.0
95628	288861	371.0	262.0
95640	288861	381.0	262.0
95652	288861	392.0	264.0
95664	288861	403.0	266.0
95676	288861	415.0	266.0
95688	288861	428.0	267.0
95700	288861	441.0	269.0
95712	288861	456.0	270.0
95724	288861	472.0	272.0
95736	288861	490.0	273.0
95748	288861	510.0	275.0
95760	288861	532.0	278.0
95772	288861	559.0	280.0
95784	288861	591.0	284.0
95796	288861	630.0	289.0
95808	288861	677.0	294.0
95820	288861	739.0	302.0
95832	288861	817.0	311.0
95844	288861	924.0	325.0
95856	288861	992.0	343.0
95760	288898	282.0	254.0
95772	288898	281.0	255.0
95784	288898	286.0	255.0
95796	288898	289.0	256.0
95808	288898	293.0	257.0
95820	288898	297.0	257.0
95832	288898	299.0	258.0
95844	288898	304.0	258.0
95856	288898	310.0	259.0
95868	288898	314.0	260.0
95880	288898	317.0	260.0
95892	288898	323.0	261.0
95904	288898	328.0	262.0
95916	288898	334.0	263.0
95928	288898	343.0	266.0
95940	288898	349.0	267.0
95952	288898	355.0	268.0
95964	288898	365.0	271.0
95976	288898	372.0	272.0
95988	288898	383.0	274.0
96000	288898	392.0	276.0
96012	288898	404.0	277.0
96024	288898	418.0	280.0
96036	288898	433.0	284.0
96048	288898	450.0	288.0
96060	288898	470.0	292.0
96072	288898	494.0	298.0
96084	288898	523.0	305.0
96096	288898	561.0	315.0
96108	288898	609.0	327.0
96120	288898	677.0	343.0
96132	288898	771.0	365.0
96144	288898	920.0	401.0
96156	288898	1016.0	462.0
95892	288941	548.0	248.0
95904	288941	550.0	248.0
95916	288941	553.6666666666666	248.66666666666666
95928	288941	556.3333333333334	247.33333333333334
95940	288941	559.0	247.0
95952	288941	561.0	246.0
95964	288941	564.0	246.0
95976	288941	568.0	245.0
95988	288941	570.0	244.0
96000	288941	572.8421052631579	242.89473684210526
96012	288941	577.8947368421053	242.26315789473685
96024	288941	581.0	242.0
96036	288941	584.5	242.0
96048	288941	588.0	241.0
96060	288941	591.0	240.0
96072	288941	594.0	239.0
96084	288941	598.0	238.0
96096	288941	601.0	238.0
96108	288941	603.2941176470588	236.91176470588235
96120	288941	606.8235294117648	235.85294117647058
96132	288941	610.3529411764706	234.7941176470588
96144	288941	613.0	234.0
96156	288941	614.0	233.0
95928	288955	283.5	253.0
95940	288955	284.0	253.0
95952	288955	287.0	252.0
95964	288955	288.0	253.0
95976	288955	289.0	253.0
95988	288955	290.0	253.0
96000	288955	290.0	254.0
96012	288955	292.0	254.0
96024	288955	294.0	254.0
96036	288955	295.0	254.0
96048	288955	297.0	255.0
96060	288955	299.0	256.0
96072	288955	302.0	256.0
96084	288955	304.0	255.0
96096	288955	305.0	256.0
96108	288955	308.0	257.0
96120	288955	310.0	257.0
96132	288955	312.0	258.0
96144	288955	316.0	259.0
96156	288955	318.0	259.0
96168	288955	322.0	261.0
96180	288955	326.0	262.0
96192	288955	330.0	263.0
96204	288955	333.0	264.0
96216	288955	337.0	265.0
96228	288955	342.0	266.0
96240	288955	347.0	267.0
96252	288955	354.0	268.0
96264	288955	360.0	270.0
96276	288955	367.0	272.0
96288	288955	375.0	274.0
96300	288955	385.0	275.0
96312	288955	396.0	277.0
96324	288955	407.0	279.0
96336	288955	421.0	282.0
96348	288955	438.0	285.0
96360	288955	457.0	289.0
96372	288955	481.0	293.0
96384	288955	509.0	300.0
96396	288955	543.0	308.0
96408	288955	586.0	318.0
96420	288955	644.0	331.0
96432	288955	723.0	348.0
96444	288955	839.0	373.0
96456	288955	984.0	416.0
96468	288955	1025.0	458.0
95940	288957	303.0	257.0
95952	288957	308.0	259.0
95964	288957	313.0	259.0
95976	288957	316.0	260.0
95988	288957	320.0	260.0
96000	288957	327.0	262.0
96012	288957	331.0	262.0
96024	288957	336.0	264.0
96036	288957	340.0	265.0
96048	288957	345.0	266.0
96060	288957	350.0	266.0
96072	288957	356.0	268.0
96084	288957	362.0	269.0
96096	288957	370.0	270.0
96108	288957	378.0	272.0
96120	288957	386.0	273.0
96132	288957	396.0	274.0
96144	288957	407.0	276.0
96156	288957	419.0	278.0
96168	288957	433.0	280.0
96180	288957	448.0	283.0
96192	288957	466.0	288.0
96204	288957	487.0	292.0
96216	288957	510.0	297.0
96228	288957	538.0	303.0
96240	288957	573.0	311.0
96252	288957	616.0	320.0
96264	288957	669.0	332.0
96276	288957	740.0	348.0
96288	288957	841.0	369.0
96300	288957	972.0	405.0
96312	288957	1029.0	464.0
95976	288961	196.0	247.0
95988	288961	201.0	248.0
96000	288961	208.0	250.0
96012	288961	212.0	250.0
96024	288961	217.0	251.0
96036	288961	221.0	252.0
96048	288961	225.0	252.0
96060	288961	229.0	252.0
96072	288961	232.0	252.0
96084	288961	235.0	252.0
96096	288961	239.0	251.0
96108	288961	239.0	251.0
96120	288961	241.0	252.0
96132	288961	243.0	252.0
96144	288961	243.0	252.0
96156	288961	246.0	253.0
96168	288961	248.0	253.0
96180	288961	251.0	253.0
96192	288961	252.0	253.0
96204	288961	253.0	253.0
96216	288961	255.0	253.0
96228	288961	259.0	253.0
96240	288961	259.8	252.8
96252	288961	261.4	252.4
96264	288961	263.0	252.0
96276	288961	264.0	254.0
96288	288961	266.0	253.0
96300	288961	268.0	255.0
96312	288961	270.0	254.0
96324	288961	273.0	255.0
96336	288961	275.0	255.0
96348	288961	277.0	256.0
96360	288961	280.0	256.0
96372	288961	283.0	255.0
96384	288961	285.0	257.0
96396	288961	289.0	257.0
96408	288961	291.0	257.0
96420	288961	292.0	259.0
96432	288961	296.0	259.0
96444	288961	297.0	260.0
96456	288961	299.0	261.0
96468	288961	306.0	261.0
96480	288961	311.0	262.0
96492	288961	316.0	264.0
96504	288961	316.0	263.0
96516	288961	322.0	265.0
96528	288961	326.0	267.0
96540	288961	330.0	268.0
96552	288961	339.0	268.0
96564	288961	347.0	271.0
96576	288961	353.0	271.0
96588	288961	360.0	273.0
96600	288961	370.0	274.0
96612	288961	380.0	277.0
96624	288961	391.0	278.0
96636	288961	406.0	283.0
96648	288961	421.0	286.0
96660	288961	442.0	289.0
96672	288961	465.0	295.0
96684	288961	489.0	301.0
96696	288961	517.0	307.0
96708	288961	556.0	318.0
96720	288961	603.0	328.0
96732	288961	666.0	343.0
96744	288961	756.0	364.0
96756	288961	890.0	395.0
96768	288961	1002.0	448.0
95988	288963	267.4	252.4
96000	288963	268.0	252.0
96012	288963	267.6	252.0
96024	288963	269.9310344827586	252.1551724137931
96036	288963	271.17241379310343	252.36206896551724
96048	288963	272.41379310344826	252.56896551724137
96060	288963	273.6551724137931	252.77586206896552
96072	288963	274.8965517241379	252.98275862068965
96084	288963	276.0	253.0
96096	288963	278.45454545454544	253.0
96108	288963	281.5	254.0
96120	288963	283.96153846153845	254.0
96132	288963	286.2692307692308	254.0
96144	288963	286.0	254.0
96156	288963	287.0	255.0
96168	288963	290.0	255.0
96180	288963	292.0	255.0
96192	288963	296.0	256.0
96204	288963	301.0	256.0
96216	288963	303.0	257.0
96228	288963	306.0	257.0
96240	288963	311.0	259.0
96252	288963	314.0	259.0
96264	288963	318.0	260.0
96276	288963	324.0	260.0
96288	288963	329.0	262.0
96300	288963	336.0	263.0
96312	288963	342.0	265.0
96324	288963	349.0	266.0
96336	288963	358.0	267.0
96348	288963	366.0	268.0
96360	288963	374.0	270.0
96372	288963	385.0	272.0
96384	288963	395.0	273.0
96396	288963	406.0	275.0
96408	288963	418.0	277.0
96420	288963	432.0	279.0
96432	288963	448.0	283.0
96444	288963	468.0	288.0
96456	288963	489.0	292.0
96468	288963	516.0	297.0
96480	288963	549.0	305.0
96492	288963	593.0	314.0
96504	288963	649.0	326.0
96516	288963	725.0	342.0
96528	288963	837.0	366.0
96540	288963	980.0	405.0
96036	288966	366.0	260.0
96048	288966	375.0	261.0
96060	288966	385.0	261.0
96072	288966	395.0	262.0
96084	288966	403.0	263.0
96096	288966	412.0	264.0
96108	288966	421.0	265.0
96120	288966	430.0	266.0
96132	288966	441.0	267.0
96144	288966	453.0	268.0
96156	288966	465.0	270.0
96168	288966	480.0	271.0
96180	288966	496.0	273.0
96192	288966	514.0	276.0
96204	288966	537.0	278.0
96216	288966	561.0	281.0
96228	288966	590.0	284.0
96240	288966	625.0	288.0
96252	288966	667.0	293.0
96264	288966	718.0	299.0
96276	288966	782.0	307.0
96288	288966	866.0	317.0
96300	288966	954.0	301.0
96084	288971	340.0	255.0
96096	288971	340.0	256.0
96108	288971	346.0	256.0
96120	288971	353.0	257.0
96132	288971	358.0	257.0
96144	288971	365.0	258.0
96156	288971	370.0	258.0
96168	288971	377.0	259.0
96180	288971	384.0	261.0
96192	288971	392.0	262.0
96204	288971	401.0	263.0
96216	288971	410.0	265.0
96228	288971	419.0	265.0
96240	288971	429.0	266.0
96252	288971	441.0	268.0
96264	288971	454.0	269.0
96276	288971	469.0	271.0
96288	288971	486.0	272.0
96300	288971	505.0	274.0
96312	288971	528.0	277.0
96324	288971	554.0	280.0
96336	288971	585.0	284.0
96348	288971	623.0	289.0
96360	288971	670.0	295.0
96372	288971	730.0	301.0
96384	288971	808.0	311.0
96396	288971	915.0	325.0
96408	288971	991.0	346.0
96120	288981	201.0	249.0
96132	288981	207.0	249.0
96144	288981	214.0	251.0
96156	288981	218.0	251.0
96168	288981	222.0	251.0
96180	288981	227.33333333333334	251.0
96192	288981	231.0	252.0
96204	288981	232.0	252.0
96216	288981	233.0	252.0
96228	288981	240.5	251.0
96240	288981	242.0	251.0
96252	288981	245.0	253.0
96264	288981	244.0	252.0
96276	288981	242.0	251.0
96288	288981	241.0	251.0
96300	288981	244.0	251.5
96312	288981	254.0	253.0
96324	288981	253.0	252.0
96336	288981	253.0	251.0
96348	288981	253.0	253.0
96360	288981	254.0	253.0
96372	288981	255.0	252.0
96384	288981	257.0	252.0
96396	288981	259.0	253.0
96408	288981	260.0	254.0
96420	288981	261.0	254.0
96432	288981	265.0	254.0
96444	288981	269.0	255.0
96456	288981	270.0	255.0
96468	288981	274.0	256.0
96480	288981	275.0	256.0
96492	288981	280.0	256.0
96504	288981	279.0	256.0
96516	288981	280.0	257.0
96528	288981	283.0	257.0
96540	288981	285.0	258.0
96552	288981	288.0	258.0
96564	288981	295.0	259.0
96576	288981	296.0	258.0
96588	288981	300.0	260.0
96600	288981	304.0	262.0
96612	288981	307.0	262.0
96624	288981	312.0	262.0
96636	288981	317.0	264.0
96648	288981	321.0	265.0
96660	288981	326.0	265.0
96672	288981	331.0	267.0
96684	288981	337.0	268.0
96696	288981	343.0	269.0
96708	288981	348.0	271.0
96720	288981	354.0	272.0
96732	288981	360.0	273.0
96744	288981	367.0	275.0
96756	288981	376.0	276.0
96768	288981	385.0	278.0
96780	288981	397.0	279.0
96792	288981	409.0	282.0
96804	288981	426.0	286.0
96816	288981	444.0	290.0
96828	288981	465.0	294.0
96840	288981	490.0	300.0
96852	288981	521.0	308.0
96864	288981	560.0	317.0
96876	288981	610.0	331.0
96888	288981	677.0	346.0
96900	288981	772.0	367.0
96912	288981	923.0	402.0
96924	288981	1016.0	462.0
96252	289011	289.0	252.0
96264	289011	289.0	252.0
96276	289011	291.0	254.0
96288	289011	292.0	254.0
96300	289011	294.0	255.0
96312	289011	296.0	256.0
96324	289011	297.0	256.0
96336	289011	299.0	256.0
96348	289011	301.0	256.0
96360	289011	304.0	256.0
96372	289011	305.0	257.0
96384	289011	308.0	259.0
96396	289011	310.0	259.0
96408	289011	314.0	260.0
96420	289011	318.0	261.0
96432	289011	321.0	261.0
96444	289011	324.0	262.0
96456	289011	328.0	262.0
96468	289011	332.0	264.0
96480	289011	336.0	265.0
96492	289011	341.0	266.0
96504	289011	347.0	268.0
96516	289011	353.0	269.0
96528	289011	360.0	270.0
96540	289011	367.0	272.0
96552	289011	376.0	274.0
96564	289011	385.0	275.0
96576	289011	396.0	277.0
96588	289011	408.0	279.0
96600	289011	423.0	283.0
96612	289011	440.0	287.0
96624	289011	459.0	292.0
96636	289011	484.0	297.0
96648	289011	515.0	305.0
96660	289011	551.0	313.0
96672	289011	601.0	326.0
96684	289011	669.0	340.0
96696	289011	767.0	362.0
96708	289011	920.0	397.0
96720	289011	1020.0	458.0
96504	289072	293.0	259.0
96516	289072	295.0	259.0
96528	289072	297.0	260.0
96540	289072	303.0	260.0
96552	289072	306.0	262.0
96564	289072	311.0	262.0
96576	289072	315.0	264.0
96588	289072	320.0	266.0
96600	289072	324.0	266.0
96612	289072	330.0	267.0
96624	289072	337.0	269.0
96636	289072	344.0	270.0
96648	289072	354.0	273.0
96660	289072	363.0	273.0
96672	289072	375.0	275.0
96684	289072	387.0	277.0
96696	289072	398.0	279.0
96708	289072	412.0	283.0
96720	289072	427.0	286.0
96732	289072	444.0	289.0
96744	289072	465.0	295.0
96756	289072	488.0	300.0
96768	289072	519.0	307.0
96780	289072	556.0	316.0
96792	289072	605.0	328.0
96804	289072	669.0	344.0
96816	289072	762.0	366.0
96828	289072	907.0	402.0
96840	289072	1014.0	464.0
96636	289095	283.0	254.0
96648	289095	288.0	254.0
96660	289095	289.94117647058823	254.64705882352942
96672	289095	292.05882352941177	255.35294117647058
96684	289095	294.5	256.0
96696	289095	296.96	256.68
96708	289095	298.4	256.2
96720	289095	301.7142857142857	256.4761904761905
96732	289095	303.42857142857144	257.6190476190476
96744	289095	307.1764705882353	259.0
96756	289095	310.0	259.0
96768	289095	310.0	259.0
96780	289095	313.0	259.0
96792	289095	316.0	260.0
96804	289095	321.0	261.0
96816	289095	322.0	262.0
96828	289095	327.0	263.0
96840	289095	331.0	264.0
96852	289095	335.0	265.0
96864	289095	341.0	266.0
96876	289095	344.0	268.0
96888	289095	348.0	269.0
96900	289095	356.0	270.0
96912	289095	363.0	272.0
96924	289095	370.0	273.0
96936	289095	379.0	275.0
96948	289095	390.0	276.0
96960	289095	402.0	279.0
96972	289095	413.0	281.0
96984	289095	426.0	284.0
96996	289095	443.0	288.0
97008	289095	461.0	291.0
97020	289095	482.0	296.0
97032	289095	513.0	304.0
97044	289095	547.0	311.0
97056	289095	588.0	320.0
97068	289095	643.0	333.0
97080	289095	723.0	351.0
97092	289095	839.0	378.0
97104	289095	1004.0	421.0
96732	289114	256.0	254.0
96744	289114	256.0	255.0
96756	289114	257.0	256.0
96768	289114	258.0	256.0
96780	289114	260.0	256.0
96792	289114	261.0	256.0
96804	289114	263.0	257.0
96816	289114	265.0	258.0
96828	289114	270.0	258.0
96840	289114	273.0	259.0
96852	289114	279.0	259.0
96864	289114	280.0	261.0
96876	289114	284.0	262.0
96888	289114	289.0	262.0
96900	289114	292.0	263.0
96912	289114	297.0	263.0
96924	289114	302.0	264.0
96936	289114	308.0	265.0
96948	289114	314.0	267.0
96960	289114	321.0	269.0
96972	289114	326.0	269.0
96984	289114	330.0	270.0
96996	289114	336.0	269.0
97008	289114	344.0	272.0
97020	289114	351.0	273.0
97032	289114	359.0	273.0
97044	289114	370.0	275.0
97056	289114	381.0	277.0
97068	289114	392.0	280.0
97080	289114	407.0	283.0
97092	289114	422.0	286.0
97104	289114	442.0	289.0
97116	289114	464.0	295.0
97128	289114	487.0	300.0
97140	289114	517.0	305.0
97152	289114	550.0	314.0
97164	289114	598.0	325.0
97176	289114	659.0	339.0
97188	289114	741.0	358.0
97200	289114	867.0	388.0
97212	289114	992.0	435.0
97224	289114	1023.0	469.0
96792	289143	347.0	256.0
96804	289143	356.0	257.0
96816	289143	357.0	258.0
96828	289143	360.0	258.0
96840	289143	364.0	258.0
96852	289143	370.0	259.0
96864	289143	375.0	259.0
96876	289143	382.0	261.0
96888	289143	389.0	262.0
96900	289143	396.0	263.0
96912	289143	405.0	264.0
96924	289143	413.0	266.0
96936	289143	424.0	267.0
96948	289143	435.0	268.0
96960	289143	447.0	271.0
96972	289143	461.0	272.0
96984	289143	477.0	274.0
96996	289143	496.0	275.0
97008	289143	518.0	277.0
97020	289143	541.0	280.0
97032	289143	570.0	283.0
97044	289143	602.0	286.0
97056	289143	645.0	291.0
97068	289143	698.0	297.0
97080	289143	765.0	304.0
96828	289154	243.0	254.0
96840	289154	246.0	255.0
96852	289154	248.0	256.0
96864	289154	249.0	255.0
96876	289154	249.0	256.0
96888	289154	253.0	257.0
96900	289154	254.0	257.0
96912	289154	254.0	258.0
96924	289154	255.0	259.0
96936	289154	255.0	259.0
96948	289154	256.0	260.0
96960	289154	258.0	262.0
96972	289154	260.0	262.0
96984	289154	262.0	263.0
96996	289154	264.0	264.0
97008	289154	266.0	264.0
97020	289154	268.0	264.0
97032	289154	272.0	266.0
97044	289154	276.0	265.0
97056	289154	280.0	266.0
97068	289154	284.0	268.0
97080	289154	289.0	268.0
97092	289154	295.0	270.0
97104	289154	301.0	270.0
97116	289154	308.0	271.0
97128	289154	314.0	273.0
97140	289154	322.0	273.0
97152	289154	331.0	275.0
97164	289154	341.0	276.0
97176	289154	351.0	278.0
97188	289154	362.0	279.0
97200	289154	375.0	282.0
97212	289154	391.0	286.0
97224	289154	409.0	289.0
97236	289154	428.0	294.0
97248	289154	450.0	300.0
97260	289154	479.0	307.0
97272	289154	514.0	315.0
97284	289154	557.0	325.0
97296	289154	613.0	339.0
97308	289154	691.0	359.0
97320	289154	803.0	389.0
97332	289154	966.0	432.0
97344	289154	1038.0	516.0
96828	289156	383.0	260.0
96840	289156	392.0	262.0
96852	289156	400.0	262.0
96864	289156	407.0	263.0
96876	289156	417.0	264.0
96888	289156	426.0	265.0
96900	289156	436.0	266.0
96912	289156	448.0	268.0
96924	289156	460.0	270.0
96936	289156	474.0	271.0
96948	289156	490.0	273.0
96960	289156	508.0	276.0
96972	289156	531.0	278.0
96984	289156	555.0	281.0
96996	289156	584.0	284.0
97008	289156	618.0	288.0
97020	289156	659.0	293.0
97032	289156	712.0	300.0
97044	289156	776.0	306.0
97056	289156	863.0	317.0
97068	289156	968.0	332.0
96984	289199	293.0	256.0
96996	289199	297.3333333333333	260.0
97008	289199	304.0	263.0
97020	289199	311.0	262.0
97032	289199	316.6666666666667	264.0
97044	289199	323.0	266.0
97056	289199	333.0	267.0
97068	289199	340.0	269.0
97080	289199	345.0	268.0
97092	289199	357.0	270.0
97104	289199	365.0	273.0
97116	289199	376.0	274.0
97128	289199	389.0	277.0
97140	289199	405.0	279.0
97152	289199	421.0	282.0
97164	289199	437.0	285.0
97176	289199	455.0	288.0
97188	289199	476.0	293.0
97200	289199	501.0	300.0
97212	289199	533.0	307.0
97224	289199	569.0	316.0
97236	289199	618.0	327.0
97248	289199	684.0	344.0
97260	289199	777.0	365.0
97272	289199	922.0	400.0
97284	289199	1012.0	459.0
97020	289214	239.0	257.0
97032	289214	240.0	257.0
97044	289214	243.0	257.0
97056	289214	245.0	258.0
97068	289214	247.0	259.0
97080	289214	252.0	259.0
97092	289214	253.0	259.0
97104	289214	257.0	260.0
97116	289214	260.0	261.0
97128	289214	261.0	262.0
97140	289214	262.0	261.0
97152	289214	264.0	262.0
97164	289214	264.0	263.0
97176	289214	266.0	263.0
97188	289214	266.0	264.0
97200	289214	269.0	265.0
97212	289214	272.0	266.0
97224	289214	275.0	266.0
97236	289214	279.0	268.0
97248	289214	284.0	269.0
97260	289214	290.0	270.0
97272	289214	296.0	271.0
97284	289214	303.0	272.0
97296	289214	309.0	276.0
97308	289214	323.0	276.0
97320	289214	335.0	278.0
97332	289214	348.0	279.0
97344	289214	362.0	281.0
97356	289214	378.0	283.0
97368	289214	401.0	284.0
97380	289214	420.0	290.0
97392	289214	447.0	294.0
97404	289214	477.0	301.0
97416	289214	512.0	305.0
97428	289214	553.0	315.0
97440	289214	606.0	327.0
97452	289214	672.0	341.0
97464	289214	766.0	359.0
97476	289214	903.0	391.0
97488	289214	1003.0	439.0
97332	289362	285.25	256.0
97344	289362	293.0	258.0
97356	289362	295.0	258.0
97368	289362	297.0	261.14285714285717
97380	289362	302.0	260.0
97392	289362	303.0	258.0
97404	289362	306.0	260.0
97416	289362	311.0	260.0
97428	289362	312.0	262.0
97440	289362	316.0	264.0
97452	289362	319.0	263.0
97464	289362	322.0	263.0
97476	289362	326.0	264.0
97488	289362	330.0	266.0
97500	289362	333.0	269.0
97512	289362	340.0	267.0
97524	289362	344.0	270.0
97536	289362	350.0	272.0
97548	289362	357.0	270.0
97560	289362	364.0	274.0
97572	289362	371.0	274.0
97584	289362	382.0	276.0
97596	289362	393.0	280.0
97608	289362	404.0	281.0
97620	289362	418.0	283.0
97632	289362	434.0	287.0
97644	289362	452.0	291.0
97656	289362	474.0	296.0
97668	289362	501.0	301.0
97680	289362	535.0	310.0
97692	289362	578.0	320.0
97704	289362	634.0	333.0
97716	289362	714.0	352.0
97728	289362	833.0	381.0
97740	289362	982.0	427.0
97356	289389	316.0	264.0
97368	289389	325.0	267.7142857142857
97380	289389	336.0	269.0
97392	289389	345.0	268.0
97404	289389	351.0	270.0
97416	289389	359.0	269.0
97428	289389	365.0	273.0
97440	289389	373.0	274.0
97452	289389	381.0	277.0
97464	289389	391.0	278.0
97476	289389	401.0	279.0
97488	289389	413.0	282.0
97500	289389	428.0	288.0
97512	289389	446.0	288.0
97524	289389	465.0	294.0
97536	289389	489.0	300.0
97548	289389	521.0	305.0
97560	289389	557.0	315.0
97572	289389	604.0	324.0
97584	289389	669.0	340.0
97596	289389	760.0	363.0
97608	289389	896.0	392.0
97620	289389	1006.0	445.0
97368	289408	292.0	256.0
97380	289408	291.4193548387097	256.19354838709677
97392	289408	290.83870967741933	256.38709677419354
97404	289408	290.258064516129	256.5806451612903
97416	289408	289.6774193548387	256.7741935483871
97428	289408	289.0967741935484	256.96774193548384
97440	289408	290.1666666666667	257.0
97452	289408	294.0	260.0
97464	289408	298.0	259.0
97476	289408	299.0	260.0
97488	289408	300.0	261.0
97500	289408	302.0	262.0
97512	289408	307.0	261.0
97524	289408	311.0	263.0
97536	289408	314.0	264.0
97548	289408	319.0	263.0
97560	289408	324.0	265.0
97572	289408	327.0	265.0
97584	289408	336.0	267.0
97596	289408	338.0	270.0
97608	289408	347.0	271.0
97620	289408	353.0	271.0
97632	289408	360.0	273.0
97644	289408	367.0	274.0
97656	289408	376.0	276.0
97668	289408	386.0	276.0
97680	289408	397.0	279.0
97692	289408	409.0	281.0
97704	289408	424.0	284.0
97716	289408	443.0	288.0
97728	289408	464.0	293.0
97740	289408	489.0	299.0
97752	289408	519.0	305.0
97764	289408	557.0	313.0
97776	289408	607.0	326.0
97788	289408	675.0	341.0
97800	289408	772.0	362.0
97812	289408	924.0	397.0
97824	289408	1016.0	457.0
97392	289430	253.0	255.0
97404	289430	254.0	256.0
97416	289430	256.0	256.0
97428	289430	258.0	257.5
97440	289430	262.0	257.0
97452	289430	265.0	259.0
97464	289430	267.0	258.0
97476	289430	269.0	259.0
97488	289430	269.0	260.0
97500	289430	274.0	262.0
97512	289430	279.0	260.0
97524	289430	281.0	263.0
97536	289430	284.0	265.0
97548	289430	289.0	263.0
97560	289430	294.0	264.0
97572	289430	296.0	265.0
97584	289430	303.0	265.0
97596	289430	302.0	263.0
97608	289430	310.0	268.0
97620	289430	315.0	267.0
97632	289430	319.0	268.0
97644	289430	324.0	269.0
97656	289430	330.0	271.0
97668	289430	336.0	271.0
97680	289430	343.0	273.0
97692	289430	352.0	274.0
97704	289430	360.0	276.0
97716	289430	370.0	277.0
97728	289430	381.0	280.0
97740	289430	397.0	284.0
97752	289430	414.0	286.0
97764	289430	431.0	290.0
97776	289430	452.0	294.0
97788	289430	476.0	299.0
97800	289430	507.0	307.0
97812	289430	544.0	315.0
97824	289430	592.0	327.0
97836	289430	655.0	341.0
97848	289430	746.0	361.0
97860	289430	880.0	392.0
97872	289430	1003.0	447.0
97452	289469	337.0	255.66666666666666
97464	289469	342.0	255.0
97476	289469	349.0	256.0
97488	289469	357.0	258.0
97500	289469	365.0	260.0
97512	289469	375.0	258.0
97524	289469	381.0	262.0
97536	289469	386.0	263.0
97548	289469	395.0	262.0
97560	289469	400.0	265.0
97572	289469	409.0	265.0
97584	289469	419.0	266.0
97596	289469	429.0	268.0
97608	289469	440.0	269.0
97620	289469	453.0	270.0
97632	289469	465.0	272.0
97644	289469	481.0	273.0
97656	289469	500.0	275.0
97668	289469	521.0	276.0
97680	289469	545.0	279.0
97692	289469	566.1111111111111	268.3333333333333
97452	289470	241.0	256.0
97464	289470	245.0	256.0
97476	289470	247.0	256.0
97488	289470	246.5	257.0
97500	289470	247.0	258.0
97512	289470	250.5	257.0
97524	289470	254.5	258.5
97536	289470	258.0	259.0
97548	289470	261.0	257.0
97560	289470	264.0	258.0
97572	289470	266.0	257.0
97584	289470	271.0	257.0
97596	289470	273.25	257.0
97608	289470	279.0	259.0
97620	289470	282.0	259.0
97632	289470	288.0	261.0
97644	289470	291.0	261.0
97656	289470	293.0	262.0
97668	289470	296.0	262.0
97680	289470	299.0	261.0
97692	289470	301.0	262.0
97704	289470	304.0	264.0
97716	289470	307.0	264.0
97728	289470	311.0	266.0
97740	289470	319.0	269.0
97752	289470	322.0	268.0
97764	289470	327.0	270.0
97776	289470	332.0	270.0
97788	289470	340.0	271.0
97800	289470	347.0	272.0
97812	289470	355.0	274.0
97824	289470	366.0	275.0
97836	289470	377.0	277.0
97848	289470	390.0	278.0
97860	289470	405.0	282.0
97872	289470	423.0	286.0
97884	289470	445.0	290.0
97896	289470	474.0	294.0
97908	289470	511.0	300.0
97920	289470	560.0	307.0
97932	289470	628.0	319.0
97944	289470	726.0	332.0
97956	289470	878.0	351.0
97968	289470	999.0	387.0
97680	289574	312.0	265.0
97692	289574	317.0	267.0
97704	289574	322.0	267.0
97716	289574	329.0	268.0
97728	289574	336.0	269.0
97740	289574	344.0	269.0
97752	289574	352.0	270.0
97764	289574	361.0	274.0
97776	289574	370.0	276.0
97788	289574	382.0	277.0
97800	289574	394.0	279.0
97812	289574	406.0	282.0
97824	289574	421.0	284.0
97836	289574	436.0	288.0
97848	289574	456.0	292.0
97860	289574	477.0	297.0
97872	289574	505.0	303.0
97884	289574	537.0	311.0
97896	289574	579.0	321.0
97908	289574	636.0	335.0
97920	289574	712.0	352.0
97932	289574	824.0	378.0
97944	289574	976.0	419.0
97956	289574	1037.0	486.0
97752	289595	308.0	259.0
97764	289595	309.0	258.0
97776	289595	311.0	259.0
97788	289595	314.0	261.0
97800	289595	318.0	262.0
97812	289595	321.0	262.0
97824	289595	325.0	263.0
97836	289595	329.0	263.0
97848	289595	333.0	264.0
97860	289595	336.0	265.0
97872	289595	341.0	266.0
97884	289595	346.0	267.0
97896	289595	352.0	269.0
97908	289595	359.0	269.0
97920	289595	365.0	271.0
97932	289595	372.0	272.0
97944	289595	380.0	274.0
97956	289595	389.0	275.0
97968	289595	398.0	277.0
97980	289595	410.0	280.0
97992	289595	424.0	283.0
98004	289595	439.0	287.0
98016	289595	457.0	291.0
98028	289595	481.0	295.0
98040	289595	508.0	302.0
98052	289595	544.0	309.0
98064	289595	585.0	318.0
98076	289595	644.0	333.0
98088	289595	721.0	347.0
98100	289595	835.0	370.0
98112	289595	979.0	409.0
98124	289595	1028.0	449.0
97824	289608	282.0	255.0
97836	289608	285.0	255.0
97848	289608	289.0	255.0
97860	289608	288.0	255.0
97872	289608	292.0	256.0
97884	289608	298.0	257.0
97896	289608	299.0	257.0
97908	289608	302.0	257.0
97920	289608	303.0	258.0
97932	289608	306.0	259.0
97944	289608	307.0	260.0
97956	289608	310.0	260.0
97968	289608	311.0	261.0
97980	289608	314.0	262.0
97992	289608	319.0	262.0
98004	289608	322.0	264.0
98016	289608	326.0	265.0
98028	289608	330.0	266.0
98040	289608	334.0	267.0
98052	289608	339.0	268.0
98064	289608	345.0	268.0
98076	289608	350.0	271.0
98088	289608	357.0	272.0
98100	289608	364.0	273.0
98112	289608	371.0	274.0
98124	289608	381.0	276.0
98136	289608	391.0	277.0
98148	289608	403.0	280.0
98160	289608	415.0	283.0
98172	289608	432.0	287.0
98184	289608	448.0	292.0
98196	289608	469.0	296.0
98208	289608	493.0	302.0
98220	289608	525.0	310.0
98232	289608	565.0	320.0
98244	289608	618.0	332.0
98256	289608	689.0	350.0
98268	289608	795.0	375.0
98280	289608	957.0	415.0
98292	289608	1031.0	493.0
97836	289612	197.66666666666666	249.33333333333334
97848	289612	206.0	252.0
97860	289612	212.0	252.0
97872	289612	217.0	251.0
97884	289612	221.0	252.0
97896	289612	225.33333333333334	250.83333333333334
97908	289612	229.0	250.0
97920	289612	232.0	251.0
97932	289612	234.53333333333333	250.0
97944	289612	240.93333333333334	250.0
97956	289612	243.0	251.0
97968	289612	244.0	251.0
97980	289612	246.0	252.0
97992	289612	247.0	252.0
98004	289612	249.0	252.0
98016	289612	251.0	252.0
98028	289612	254.0	253.0
98040	289612	253.0	253.0
98052	289612	256.0	253.0
98064	289612	256.0	252.0
98076	289612	256.0	253.0
98088	289612	259.0	253.0
98100	289612	260.0	253.0
98112	289612	261.0	252.0
98124	289612	264.0	252.0
98136	289612	269.0	253.0
98148	289612	269.0	252.0
98160	289612	272.0	252.0
98172	289612	275.5	253.5
98184	289612	278.0	253.0
98196	289612	281.0	253.0
98208	289612	284.0	253.0
98220	289612	282.0	254.0
98232	289612	290.0	254.0
98244	289612	292.0	253.0
98256	289612	296.0	255.0
98268	289612	300.0	255.0
98280	289612	304.0	256.0
98292	289612	305.0	256.0
98304	289612	312.0	257.0
98316	289612	316.0	259.0
98328	289612	321.0	259.0
98340	289612	325.0	260.0
98352	289612	330.0	261.0
98364	289612	334.0	261.0
98376	289612	338.0	262.0
98388	289612	343.0	262.0
98400	289612	346.0	263.0
98412	289612	351.0	264.0
98424	289612	358.0	265.0
98436	289612	364.0	267.0
98448	289612	370.0	268.0
98460	289612	376.0	269.0
98472	289612	383.0	271.0
98484	289612	392.0	272.0
98496	289612	401.0	273.0
98508	289612	412.0	275.0
98520	289612	423.0	278.0
98532	289612	438.0	280.0
98544	289612	454.0	284.0
98556	289612	472.0	288.0
98568	289612	494.0	292.0
98580	289612	520.0	299.0
98592	289612	552.0	306.0
98604	289612	596.0	315.0
98616	289612	651.0	328.0
98628	289612	726.0	344.0
98640	289612	840.0	368.0
98652	289612	977.0	405.0
97884	289630	272.0	252.0
97896	289630	274.0	251.0
97908	289630	275.0	250.0
97920	289630	276.0	251.0
97932	289630	277.0	252.0
97944	289630	278.0	251.0
97956	289630	280.0	252.0
97968	289630	281.0	253.0
97980	289630	282.0	253.0
97992	289630	283.0	254.0
98004	289630	285.0	254.0
98016	289630	286.0	254.0
98028	289630	289.0	254.0
98040	289630	289.0	255.0
98052	289630	290.0	255.0
98064	289630	293.0	255.0
98076	289630	294.0	256.0
98088	289630	295.0	257.0
98100	289630	297.0	256.0
98112	289630	299.0	256.0
98124	289630	301.0	257.0
98136	289630	302.0	258.0
98148	289630	304.0	259.0
98160	289630	307.0	259.0
98172	289630	309.0	260.0
98184	289630	312.0	261.0
98196	289630	314.0	262.0
98208	289630	318.0	263.0
98220	289630	321.0	263.0
98232	289630	325.0	264.0
98244	289630	328.0	265.0
98256	289630	333.0	266.0
98268	289630	337.0	268.0
98280	289630	343.0	268.0
98292	289630	349.0	270.0
98304	289630	356.0	272.0
98316	289630	363.0	272.0
98328	289630	371.0	274.0
98340	289630	381.0	276.0
98352	289630	393.0	277.0
98364	289630	405.0	280.0
98376	289630	421.0	283.0
98388	289630	437.0	286.0
98400	289630	457.0	291.0
98412	289630	481.0	296.0
98424	289630	511.0	304.0
98436	289630	547.0	312.0
98448	289630	595.0	326.0
98460	289630	662.0	341.0
98472	289630	759.0	364.0
98484	289630	910.0	401.0
98496	289630	1017.0	467.0
97956	289644	363.4	257.4
97968	289644	369.0	259.0
97980	289644	372.0	259.0
97992	289644	378.0	259.0
98004	289644	384.0	260.0
98016	289644	396.0	261.0
98028	289644	399.0	262.0
98040	289644	408.0	263.0
98052	289644	418.0	264.0
98064	289644	425.0	265.0
98076	289644	430.0	266.0
98088	289644	445.0	268.0
98100	289644	457.0	268.0
98112	289644	470.0	270.0
98124	289644	485.0	271.0
98136	289644	502.0	273.0
98148	289644	523.0	276.0
98160	289644	545.0	278.0
98172	289644	571.0	281.0
98184	289644	604.0	285.0
98196	289644	639.0	289.0
98208	289644	686.0	295.0
98220	289644	742.0	301.0
98232	289644	816.0	310.0
98244	289644	918.0	323.0
98256	289644	979.0	339.0
98268	289644	991.0	343.0
98004	289660	202.0	251.0
98016	289660	207.0	252.0
98028	289660	211.0	254.0
98040	289660	214.0	254.0
98052	289660	217.0	253.0
98064	289660	220.0	252.0
98076	289660	222.0	253.0
98088	289660	228.0	253.0
98100	289660	232.0	253.0
98112	289660	233.0	252.0
98124	289660	233.0	251.0
98136	289660	237.0	251.0
98148	289660	238.0	251.0
98160	289660	243.0	253.0
98172	289660	245.0	253.0
98184	289660	247.0	253.0
98196	289660	251.0	253.0
98208	289660	252.0	254.0
98220	289660	253.0	254.0
98232	289660	256.0	254.0
98244	289660	258.0	254.0
98256	289660	259.0	254.0
98268	289660	262.0	255.0
98280	289660	264.0	254.0
98292	289660	265.0	254.0
98304	289660	267.0	254.0
98316	289660	269.0	255.0
98328	289660	272.0	253.0
98340	289660	274.0	254.0
98352	289660	276.0	255.0
98364	289660	278.0	255.0
98376	289660	281.0	256.0
98388	289660	282.0	255.0
98400	289660	285.0	256.0
98412	289660	287.0	256.0
98424	289660	290.0	257.0
98436	289660	292.0	257.0
98448	289660	295.0	258.0
98460	289660	297.0	258.0
98472	289660	301.0	258.0
98484	289660	303.0	259.0
98496	289660	306.0	260.0
98508	289660	309.0	260.0
98520	289660	312.0	261.0
98532	289660	316.0	262.0
98544	289660	319.0	263.0
98556	289660	323.0	263.0
98568	289660	327.0	265.0
98580	289660	331.0	265.0
98592	289660	337.0	267.0
98604	289660	344.0	268.0
98616	289660	350.0	269.0
98628	289660	359.0	271.0
98640	289660	368.0	272.0
98652	289660	378.0	273.0
98664	289660	390.0	274.0
98676	289660	403.0	276.0
98688	289660	417.0	278.0
98700	289660	432.0	280.0
98712	289660	449.0	283.0
98724	289660	468.0	287.0
98736	289660	490.0	291.0
98748	289660	517.0	297.0
98760	289660	549.0	304.0
98772	289660	589.0	312.0
98784	289660	642.0	324.0
98796	289660	714.0	339.0
98808	289660	816.0	359.0
98820	289660	964.0	393.0
98832	289660	1025.0	453.0
98160	289689	366.0	258.0
98172	289689	376.0	261.0
98184	289689	385.0	262.0
98196	289689	394.0	262.0
98208	289689	406.0	264.0
98220	289689	411.0	265.0
98232	289689	422.0	266.0
98244	289689	431.0	267.0
98256	289689	441.0	268.0
98268	289689	452.0	270.0
98280	289689	465.0	271.0
98292	289689	479.0	273.0
98304	289689	494.0	274.0
98316	289689	513.0	276.0
98328	289689	535.0	279.0
98340	289689	559.0	282.0
98352	289689	589.0	286.0
98364	289689	626.0	291.0
98376	289689	671.0	295.0
98388	289689	727.0	302.0
98400	289689	797.0	311.0
98412	289689	888.0	323.0
98424	289689	977.0	338.0
98472	289808	265.0	249.0
98484	289808	265.7142857142857	249.71428571428572
98496	289808	265.5	249.5
98508	289808	265.0	249.0
98520	289808	265.0	249.0
98532	289808	266.45454545454544	249.15151515151516
98544	289808	267.54545454545456	249.5151515151515
98556	289808	268.6363636363636	249.87878787878788
98568	289808	268.0	249.0
98580	289808	269.0	250.0
98592	289808	269.0	250.0
98604	289808	269.0	250.0
98616	289808	271.0	250.0
98628	289808	271.0	250.0
98640	289808	273.0	250.0
98652	289808	273.0	250.0
98664	289808	275.6	251.0
98676	289808	276.0	251.0
98688	289808	277.0	251.0
98700	289808	278.0	251.0
98712	289808	278.0	251.0
98724	289808	279.0	251.0
98736	289808	280.0	251.0
98748	289808	282.0	251.0
98760	289808	283.0	251.0
98772	289808	284.0	252.0
98784	289808	287.0	252.0
98796	289808	289.0	253.0
98808	289808	290.0	253.0
98820	289808	291.0	253.0
98832	289808	293.0	254.0
98844	289808	295.0	255.0
98856	289808	297.0	255.0
98868	289808	299.0	256.0
98880	289808	300.0	256.0
98892	289808	302.0	256.0
98904	289808	305.0	256.0
98916	289808	307.0	257.0
98928	289808	309.0	258.0
98940	289808	312.0	258.0
98952	289808	315.0	259.0
98964	289808	318.0	260.0
98976	289808	322.0	261.0
98988	289808	325.0	261.0
99000	289808	329.0	262.0
99012	289808	333.0	263.0
99024	289808	338.0	264.0
99036	289808	344.0	266.0
99048	289808	349.0	265.0
99060	289808	355.0	267.0
99072	289808	362.0	269.0
99084	289808	370.0	270.0
99096	289808	378.0	272.0
99108	289808	388.0	274.0
99120	289808	399.0	275.0
99132	289808	412.0	277.0
99144	289808	428.0	280.0
99156	289808	444.0	283.0
99168	289808	465.0	288.0
99180	289808	491.0	293.0
99192	289808	521.0	299.0
99204	289808	559.0	308.0
99216	289808	610.0	319.0
99228	289808	680.0	334.0
99240	289808	780.0	355.0
99252	289808	935.0	389.0
99264	289808	1023.0	450.0
98496	289816	280.0	253.0
98508	289816	284.0	253.0
98520	289816	285.0	254.0
98532	289816	288.0	254.0
98544	289816	291.0	255.0
98556	289816	293.0	255.0
98568	289816	295.0	256.0
98580	289816	296.0	257.0
98592	289816	301.0	257.0
98604	289816	304.0	258.0
98616	289816	309.0	259.0
98628	289816	317.0	259.0
98640	289816	324.0	261.0
98652	289816	332.0	260.0
98664	289816	341.0	261.0
98676	289816	350.0	262.0
98688	289816	359.0	263.0
98700	289816	368.0	264.0
98712	289816	378.0	265.0
98724	289816	390.0	266.0
98736	289816	403.0	268.0
98748	289816	418.0	269.0
98760	289816	434.0	270.0
98772	289816	452.0	272.0
98784	289816	472.0	274.0
98796	289816	493.0	277.0
98808	289816	519.0	279.0
98820	289816	549.0	283.0
98832	289816	584.0	287.0
98844	289816	627.0	292.0
98856	289816	681.0	299.0
98868	289816	749.0	308.0
98880	289816	841.0	319.0
98892	289816	964.0	335.0
98928	289893	285.0	250.0
98940	289893	286.0	248.0
98952	289893	288.0	249.0
98964	289893	289.0	249.0
98976	289893	291.0	249.0
98988	289893	292.0	250.0
99000	289893	292.0	250.0
99012	289893	293.0	249.0
99024	289893	294.0	250.0
99036	289893	295.0	249.0
99048	289893	296.0	248.0
99060	289893	298.0	248.0
99072	289893	300.0	250.0
99084	289893	300.0	250.0
99096	289893	302.0	251.0
99108	289893	304.0	251.0
99120	289893	305.0	251.0
99132	289893	306.0	250.0
99144	289893	308.0	250.0
99156	289893	310.0	250.0
99168	289893	311.0	251.0
99180	289893	313.0	251.0
99192	289893	315.0	252.0
99204	289893	317.0	253.0
99216	289893	319.0	253.0
99228	289893	322.0	253.0
99240	289893	325.0	253.0
99252	289893	328.0	254.0
99264	289893	330.0	254.0
99276	289893	333.0	255.0
99288	289893	336.0	255.0
99300	289893	340.0	255.0
99312	289893	343.0	256.0
99324	289893	347.0	256.0
99336	289893	352.0	256.0
99348	289893	356.0	257.0
99360	289893	361.0	258.0
99372	289893	366.0	259.0
99384	289893	371.0	259.0
99396	289893	378.0	260.0
99408	289893	384.0	261.0
99420	289893	392.0	262.0
99432	289893	399.0	263.0
99444	289893	408.0	264.0
99456	289893	418.0	265.0
99468	289893	428.0	267.0
99480	289893	440.0	268.0
99492	289893	453.0	269.0
99504	289893	468.0	271.0
99516	289893	484.0	273.0
99528	289893	505.0	275.0
99540	289893	527.0	278.0
99552	289893	554.0	281.0
99564	289893	586.0	285.0
99576	289893	626.0	290.0
99588	289893	674.0	297.0
99600	289893	738.0	306.0
99612	289893	822.0	316.0
99624	289893	941.0	332.0
99636	289893	1000.0	355.0
99072	289920	274.0	250.0
99084	289920	275.0	251.0
99096	289920	273.625	251.0
99108	289920	274.5	250.0
99120	289920	277.0	250.0
99132	289920	277.0	251.0
99144	289920	278.0	251.0
99156	289920	279.0	251.0
99168	289920	281.0	251.0
99180	289920	280.0	252.0
99192	289920	281.0	251.0
99204	289920	282.0	251.0
99216	289920	286.0	252.0
99228	289920	287.0	252.0
99240	289920	289.0	252.0
99252	289920	291.0	253.0
99264	289920	291.0	253.0
99276	289920	294.0	253.0
99288	289920	295.1111111111111	253.0
99300	289920	296.0	254.0
99312	289920	298.0	256.0
99324	289920	298.0	255.0
99336	289920	299.0	255.0
99348	289920	304.0	256.0
99360	289920	306.0	257.0
99372	289920	307.0	257.0
99384	289920	310.0	258.0
99396	289920	312.0	259.0
99408	289920	317.0	261.0
99420	289920	319.0	262.0
99432	289920	324.0	262.0
99444	289920	328.0	263.0
99456	289920	333.0	264.0
99468	289920	336.0	265.0
99480	289920	342.0	267.0
99492	289920	348.0	268.0
99504	289920	355.0	270.0
99516	289920	362.0	271.0
99528	289920	371.0	273.0
99540	289920	381.0	274.0
99552	289920	393.0	276.0
99564	289920	406.0	278.0
99576	289920	423.0	281.0
99588	289920	442.0	285.0
99600	289920	464.0	290.0
99612	289920	492.0	295.0
99624	289920	526.0	303.0
99636	289920	567.0	312.0
99648	289920	623.0	324.0
99660	289920	700.0	341.0
99672	289920	812.0	365.0
99684	289920	971.0	405.0
99696	289920	1032.0	464.0
99348	289970	272.0	252.0
99360	289970	274.0	251.0
99372	289970	274.0	251.0
99384	289970	274.0	251.0
99396	289970	274.0	251.0
99408	289970	276.0	251.0
99420	289970	277.0	252.0
99432	289970	279.0	252.0
99444	289970	280.0	252.0
99456	289970	283.0	253.0
99468	289970	288.5	253.0
99480	289970	288.0	253.0
99492	289970	288.0	253.0
99504	289970	289.0	254.0
99516	289970	290.0	255.0
99528	289970	293.0	255.0
99540	289970	295.0	255.0
99552	289970	296.0	256.0
99564	289970	299.0	257.0
99576	289970	300.0	257.0
99588	289970	303.0	257.0
99600	289970	304.0	257.0
99612	289970	308.0	258.0
99624	289970	311.0	260.0
99636	289970	314.0	260.0
99648	289970	318.0	262.0
99660	289970	323.0	262.0
99672	289970	326.0	263.0
99684	289970	330.0	264.0
99696	289970	335.0	266.0
99708	289970	341.0	266.0
99720	289970	346.0	267.0
99732	289970	354.0	269.0
99744	289970	361.0	271.0
99756	289970	369.0	272.0
99768	289970	380.0	274.0
99780	289970	391.0	275.0
99792	289970	402.0	277.0
99804	289970	416.0	280.0
99816	289970	433.0	284.0
99828	289970	454.0	288.0
99840	289970	478.0	293.0
99852	289970	507.0	300.0
99864	289970	544.0	307.0
99876	289970	591.0	318.0
99888	289970	654.0	332.0
99900	289970	744.0	351.0
99912	289970	883.0	382.0
99924	289970	1008.0	437.0
99468	290000	242.0	252.0
99480	290000	241.0	252.0
99492	290000	242.0	251.0
99504	290000	242.0	251.0
99516	290000	244.66666666666666	251.0
99528	290000	244.0	251.0
99540	290000	250.8	252.0
99552	290000	253.0	253.0
99564	290000	253.0	253.0
99576	290000	253.0	253.0
99588	290000	253.0	253.0
99600	290000	254.0	253.0
99612	290000	257.0	254.0
99624	290000	258.0	254.0
99636	290000	261.0	254.0
99648	290000	263.0	255.0
99660	290000	264.0	255.0
99672	290000	267.0	255.0
99684	290000	269.0	255.0
99696	290000	270.0	256.0
99708	290000	272.0	257.0
99720	290000	275.0	256.0
99732	290000	278.0	257.0
99744	290000	282.0	257.0
99756	290000	284.0	258.0
99768	290000	288.0	259.0
99780	290000	292.0	259.0
99792	290000	296.0	260.0
99804	290000	300.0	261.0
99816	290000	304.0	262.0
99828	290000	308.0	262.0
99840	290000	313.0	263.0
99852	290000	319.0	263.0
99864	290000	325.0	264.0
99876	290000	330.0	265.0
99888	290000	337.0	266.0
99900	290000	343.0	267.0
99912	290000	351.0	269.0
99924	290000	359.0	270.0
99936	290000	367.0	271.0
99948	290000	377.0	273.0
99960	290000	388.0	274.0
99972	290000	399.0	276.0
99984	290000	411.0	278.0
99996	290000	426.0	280.0
100008	290000	443.0	284.0
100020	290000	462.0	288.0
100032	290000	484.0	292.0
100044	290000	513.0	298.0
100056	290000	546.0	306.0
100068	290000	589.0	315.0
100080	290000	646.0	328.0
100092	290000	723.0	345.0
100104	290000	833.0	368.0
100116	290000	977.0	407.0
99528	290014	321.0	251.0
99540	290014	325.0	252.0
99552	290014	328.0	252.0
99564	290014	331.0	253.0
99576	290014	333.0	254.0
99588	290014	336.0	254.0
99600	290014	338.0	254.0
99612	290014	341.0	256.0
99624	290014	344.0	256.0
99636	290014	347.0	256.0
99648	290014	352.0	256.0
99660	290014	355.0	257.0
99672	290014	359.0	258.0
99684	290014	364.0	258.0
99696	290014	368.0	259.0
99708	290014	373.0	260.0
99720	290014	379.0	260.0
99732	290014	386.0	261.0
99744	290014	393.0	262.0
99756	290014	401.0	262.0
99768	290014	409.0	264.0
99780	290014	418.0	265.0
99792	290014	428.0	266.0
99804	290014	440.0	268.0
99816	290014	453.0	269.0
99828	290014	467.0	271.0
99840	290014	484.0	273.0
99852	290014	485.0	241.0
99576	290033	361.0	260.0
99588	290033	372.0	260.0
99600	290033	384.0	261.0
99612	290033	396.0	262.0
99624	290033	404.0	263.0
99636	290033	413.0	265.0
99648	290033	423.0	266.0
99660	290033	435.0	267.0
99672	290033	447.0	269.0
99684	290033	462.0	270.0
99696	290033	479.0	272.0
99708	290033	498.0	274.0
99720	290033	520.0	277.0
99732	290033	545.0	280.0
99744	290033	576.0	283.0
99756	290033	612.0	287.0
99768	290033	657.0	293.0
99780	290033	712.0	299.0
99792	290033	783.0	308.0
99804	290033	877.0	321.0
99816	290033	978.0	339.0
99756	290084	314.0	252.0
99768	290084	317.0	252.0
99780	290084	320.09090909090907	252.63636363636363
99792	290084	323.0	252.0
99804	290084	325.0	253.0
99816	290084	329.0	253.0
99828	290084	330.0	253.0
99840	290084	329.0	253.0
99852	290084	340.5	255.0
99864	290084	355.0	256.0
99876	290084	360.0	257.0
99888	290084	366.0	258.0
99900	290084	370.0	257.0
99912	290084	378.0	258.0
99924	290084	384.0	259.0
99936	290084	392.0	261.0
99948	290084	399.0	261.0
99960	290084	407.0	261.0
99972	290084	415.0	263.0
99984	290084	425.0	263.0
99816	290099	362.0	258.0
99828	290099	367.0	258.0
99840	290099	370.0	259.0
99852	290099	378.0	259.0
99864	290099	384.0	259.0
99876	290099	391.0	261.0
99888	290099	398.0	261.0
99900	290099	406.0	262.0
99912	290099	416.0	264.0
99924	290099	426.0	265.0
99936	290099	437.0	266.0
99948	290099	449.0	267.0
99960	290099	464.0	269.0
99972	290099	481.0	271.0
99984	290099	498.0	272.0
99996	290099	518.0	274.0
100008	290099	539.0	275.0
100020	290099	564.0	280.0
100032	290099	594.0	283.0
100044	290099	632.0	287.0
100056	290099	676.0	291.0
100068	290099	731.0	298.0
100080	290099	802.0	306.0
100092	290099	898.0	318.0
100104	290099	984.0	333.0
99816	290101	275.0	251.0
99828	290101	277.0	250.0
99840	290101	277.0	252.0
99852	290101	278.0	252.0
99864	290101	279.0	251.0
99876	290101	280.0	252.0
99888	290101	282.0	252.0
99900	290101	283.1818181818182	251.0
99912	290101	284.27272727272725	251.0
99924	290101	285.8	251.0
99936	290101	287.0	252.0
99948	290101	289.0	252.0
99960	290101	289.0	253.0
99972	290101	290.0	253.0
99984	290101	292.0	253.0
99996	290101	294.0	252.0
100008	290101	295.0	253.0
100020	290101	296.0	254.0
100032	290101	298.0	255.0
100044	290101	300.0	255.0
100056	290101	302.0	256.0
100068	290101	304.0	256.0
100080	290101	306.0	257.0
100092	290101	308.0	257.0
100104	290101	310.0	257.0
100116	290101	313.0	259.0
100128	290101	315.0	259.0
100140	290101	318.0	260.0
100152	290101	322.0	261.0
100164	290101	326.0	261.0
100176	290101	330.0	262.0
100188	290101	335.0	263.0
100200	290101	339.0	264.0
100212	290101	343.0	265.0
100224	290101	350.0	266.0
100236	290101	356.0	267.0
100248	290101	362.0	268.0
100260	290101	370.0	271.0
100272	290101	379.0	272.0
100284	290101	387.0	273.0
100296	290101	398.0	274.0
100308	290101	410.0	277.0
100320	290101	422.0	279.0
100332	290101	438.0	282.0
100344	290101	455.0	286.0
100356	290101	475.0	291.0
100368	290101	500.0	296.0
100380	290101	529.0	302.0
100392	290101	565.0	310.0
100404	290101	613.0	320.0
100416	290101	676.0	334.0
100428	290101	763.0	352.0
100440	290101	892.0	381.0
100452	290101	1001.0	427.0
99816	290103	374.5	257.0
99828	290103	383.0	260.0
99840	290103	391.0	261.0
99852	290103	398.0	262.0
99864	290103	409.0	264.0
99876	290103	419.0	265.0
99888	290103	430.0	266.0
99900	290103	444.0	267.0
99912	290103	457.0	269.0
99924	290103	471.0	271.0
99936	290103	488.0	272.0
99948	290103	507.0	274.0
99960	290103	528.0	277.0
99972	290103	554.0	280.0
99984	290103	583.0	283.0
99996	290103	619.0	287.0
100008	290103	666.0	293.0
100020	290103	722.0	302.0
100032	290103	793.0	309.0
100044	290103	891.0	322.0
100056	290103	983.0	338.0
99948	290127	337.0	256.0
99960	290127	344.0	257.0
99972	290127	350.0	258.0
99984	290127	358.0	258.0
99996	290127	366.0	259.0
100008	290127	373.0	259.0
100020	290127	379.0	260.0
100032	290127	385.0	261.0
100044	290127	392.0	262.0
100056	290127	399.0	263.0
100068	290127	408.0	264.0
100080	290127	417.0	265.0
100092	290127	428.0	267.0
100104	290127	440.0	268.0
100116	290127	453.0	270.0
100128	290127	468.0	272.0
100140	290127	485.0	273.0
100152	290127	505.0	276.0
100164	290127	527.0	278.0
100176	290127	555.0	281.0
100188	290127	587.0	285.0
100200	290127	626.0	290.0
100212	290127	675.0	297.0
100224	290127	737.0	305.0
100236	290127	820.0	315.0
100248	290127	934.0	329.0
100260	290127	998.0	353.0
99996	290138	264.0	249.28571428571428
100008	290138	264.0	249.0
100020	290138	264.0	249.0
100032	290138	265.0	250.0
100044	290138	265.0	250.0
100056	290138	265.0	248.0
100068	290138	265.0	249.0
100080	290138	265.0	249.0
100092	290138	266.0	250.0
100104	290138	267.0	250.0
100116	290138	267.0	250.0
100128	290138	268.0	250.0
100140	290138	269.32307692307694	250.8923076923077
100152	290138	269.87692307692305	250.7076923076923
100164	290138	270.4307692307692	250.52307692307693
100176	290138	270.9846153846154	250.33846153846153
100188	290138	271.53846153846155	250.15384615384616
100200	290138	273.0	250.0
100212	290138	273.0	250.0
100224	290138	274.0	251.0
100236	290138	275.0	251.0
100248	290138	276.0	251.0
100260	290138	276.0	251.0
100272	290138	277.0	251.0
100284	290138	278.0	251.0
100296	290138	279.0	252.0
100308	290138	281.0	251.0
100320	290138	283.5	252.0
100332	290138	283.0	252.0
100344	290138	284.0	253.0
100356	290138	287.6	253.0
100368	290138	289.0	253.0
100380	290138	290.0	254.0
100392	290138	291.0	254.0
100404	290138	294.0	254.0
100416	290138	295.0	254.0
100428	290138	297.0	255.0
100440	290138	298.04347826086956	256.5217391304348
100452	290138	300.1304347826087	257.5652173913044
100464	290138	307.0	257.5
100140	290192	287.0	249.0
100152	290192	287.0	249.0
100164	290192	288.0	249.0
100176	290192	289.0	249.0
100188	290192	289.0	248.0
100200	290192	291.0	248.0
100212	290192	292.0	248.0
100224	290192	294.0	248.0
100236	290192	295.0	248.0
100248	290192	296.0	248.0
100260	290192	297.0	248.0
100272	290192	298.0	248.0
100284	290192	300.0	250.0
100296	290192	301.0	249.0
100308	290192	302.0	250.0
100320	290192	304.0	249.0
100332	290192	305.0	249.0
100344	290192	308.0	249.0
100356	290192	311.0	250.0
100368	290192	312.0	249.0
100380	290192	314.0	250.0
100392	290192	315.0	250.0
100404	290192	318.0	250.0
100416	290192	320.0	251.0
100428	290192	321.0	252.0
100440	290192	324.5	251.0
100452	290192	326.0	251.0
100464	290192	328.0	252.0
100476	290192	332.0	251.0
100488	290192	333.0	252.0
100500	290192	335.0	252.0
100512	290192	341.0	253.0
100524	290192	343.0	254.0
100536	290192	346.0	254.0
100548	290192	349.0	254.0
100560	290192	355.0	255.0
100572	290192	358.0	256.0
100584	290192	362.0	256.0
100596	290192	369.0	256.0
100608	290192	373.0	256.0
100620	290192	382.0	258.0
100632	290192	387.0	259.0
100644	290192	395.0	261.0
100656	290192	403.0	262.0
100668	290192	412.0	263.0
100680	290192	422.0	264.0
100692	290192	433.0	265.0
100704	290192	447.0	268.0
100716	290192	460.0	268.0
100728	290192	477.0	270.0
100740	290192	496.0	272.0
100752	290192	518.0	274.0
100392	290216	217.0	253.0
100404	290216	222.0	254.0
100416	290216	226.66666666666666	254.0
100428	290216	231.0	253.0
100440	290216	235.0	255.0
100452	290216	239.0	254.0
100464	290216	241.83333333333334	253.41666666666666
100476	290216	244.0	254.0
100488	290216	246.33333333333334	253.66666666666666
100500	290216	251.33333333333334	254.0
100512	290216	253.0	254.0
100524	290216	253.0	254.0
100536	290216	254.0	255.0
100548	290216	255.0	254.0
100560	290216	254.0	252.0
100572	290216	253.0	253.0
100584	290216	259.0	256.0
100596	290216	261.0	253.0
100608	290216	263.0	254.5
100620	290216	266.0	254.0
100632	290216	268.5	253.0
100416	290222	276.0	251.0
100428	290222	278.0	252.0
100440	290222	277.0	251.0
100452	290222	278.0	252.0
100464	290222	278.0	252.0
100476	290222	278.7142857142857	252.0
100488	290222	280.0	253.0
100500	290222	279.77777777777777	253.0
100512	290222	279.3	253.0
100524	290222	279.81538461538463	252.93846153846152
100536	290222	279.26153846153846	252.75384615384615
100548	290222	278.7076923076923	252.56923076923076
100560	290222	278.15384615384613	252.3846153846154
100572	290222	277.6	252.2
100584	290222	277.04615384615386	252.01538461538462
100596	290222	279.75	253.0
100608	290222	288.0	253.0
100620	290222	289.85714285714283	253.57142857142858
100632	290222	297.0	257.0
100644	290222	296.0	255.0
100656	290222	299.0	255.0
100668	290222	301.0	256.0
100680	290222	303.0	257.0
100692	290222	305.0	256.0
100704	290222	310.0	257.0
100716	290222	314.0	259.0
100728	290222	319.0	260.0
100740	290222	325.0	260.0
100752	290222	330.0	262.0
100764	290222	338.0	263.0
100776	290222	346.0	265.0
100788	290222	353.0	266.0
100800	290222	364.0	267.0
100812	290222	376.0	269.0
100824	290222	388.0	271.0
100836	290222	401.0	271.0
100848	290222	416.0	274.0
100860	290222	434.0	276.0
100872	290222	454.0	278.0
100884	290222	478.0	281.0
100896	290222	506.0	285.0
100908	290222	540.0	289.0
100920	290222	581.0	295.0
100932	290222	635.0	304.0
100944	290222	704.0	313.0
100956	290222	799.0	327.0
100968	290222	937.0	347.0
100980	290222	1012.0	381.0
100428	290223	263.0	252.0
100440	290223	262.0	252.0
100452	290223	263.0	251.0
100464	290223	264.0	252.0
100476	290223	263.22222222222223	251.22222222222223
100488	290223	264.8181818181818	251.0
100500	290223	265.8979591836735	251.22448979591837
100512	290223	266.8775510204082	251.46938775510205
100524	290223	267.85714285714283	251.71428571428572
100536	290223	268.83673469387753	251.9591836734694
100548	290223	268.6	252.8
100560	290223	267.0	251.0
100572	290223	267.0	252.0
100584	290223	266.4	252.0
100596	290223	267.0	252.0
100608	290223	265.0344827586207	253.24137931034483
100620	290223	263.37931034482756	253.6551724137931
100632	290223	261.0	254.0
100644	290223	268.0	254.0
100656	290223	272.0	254.0
100668	290223	272.0	254.0
100680	290223	275.0	255.0
100692	290223	278.0	255.0
100704	290223	283.0	256.0
100716	290223	285.0	256.0
100728	290223	288.5	256.8333333333333
100740	290223	294.0	257.0
100752	290223	296.0	258.0
100764	290223	301.0	259.0
100776	290223	305.0	260.0
100788	290223	308.0	260.0
100800	290223	313.0	261.0
100812	290223	320.0	262.0
100824	290223	326.0	263.0
100836	290223	332.0	264.0
100848	290223	338.0	265.0
100860	290223	346.0	266.0
100872	290223	355.0	267.0
100884	290223	361.0	269.0
100896	290223	370.0	271.0
100908	290223	380.0	272.0
100920	290223	391.0	273.0
100932	290223	403.0	276.0
100944	290223	417.0	278.0
100956	290223	433.0	281.0
100968	290223	450.0	285.0
100980	290223	472.0	289.0
100992	290223	498.0	294.0
101004	290223	529.0	300.0
101016	290223	569.0	309.0
101028	290223	619.0	319.0
101040	290223	686.0	333.0
101052	290223	778.0	352.0
101064	290223	919.0	382.0
101076	290223	1013.0	432.0
100476	290229	312.0	257.0
100488	290229	310.0	257.0
100500	290229	312.14285714285717	259.14285714285717
100512	290229	316.0	260.0
100524	290229	317.0	260.0
100536	290229	321.0	262.0
100548	290229	323.0	262.0
100560	290229	328.0	263.0
100572	290229	333.0	264.0
100584	290229	335.0	265.0
100596	290229	341.0	266.0
100608	290229	344.0	267.0
100620	290229	351.0	268.0
100632	290229	358.0	269.0
100644	290229	365.0	270.0
100656	290229	373.0	272.0
100668	290229	382.0	274.0
100680	290229	391.0	276.0
100692	290229	402.0	277.0
100704	290229	417.0	280.0
100716	290229	434.0	284.0
100728	290229	453.0	289.0
100740	290229	477.0	294.0
100752	290229	504.0	298.0
100764	290229	542.0	306.0
100776	290229	588.0	317.0
100788	290229	650.0	330.0
100800	290229	738.0	348.0
100812	290229	869.0	376.0
100824	290229	997.0	421.0
100524	290231	287.0	254.0
100536	290231	287.3333333333333	253.66666666666666
100548	290231	289.0	255.0
100560	290231	291.0	255.0
100572	290231	294.0	255.0
100584	290231	295.0	255.0
100596	290231	303.0	257.0
100608	290231	305.0	257.0
100620	290231	308.0	260.0
100632	290231	312.0	257.0
100644	290231	316.0	261.0
100656	290231	322.0	262.0
100668	290231	327.0	263.0
100680	290231	334.0	265.0
100692	290231	341.0	266.0
100704	290231	347.0	267.0
100716	290231	355.0	268.0
100728	290231	362.0	270.0
100740	290231	370.0	272.0
100752	290231	380.0	274.0
100764	290231	390.0	274.0
100776	290231	402.0	277.0
100788	290231	415.0	279.0
100800	290231	431.0	283.0
100812	290231	448.0	287.0
100824	290231	470.0	291.0
100836	290231	497.0	297.0
100848	290231	529.0	305.0
100860	290231	571.0	314.0
100872	290231	626.0	328.0
100884	290231	703.0	345.0
100896	290231	815.0	370.0
100908	290231	973.0	412.0
100920	290231	1030.0	462.0
100788	290279	274.125	254.0
100800	290279	275.0	253.5
100812	290279	275.0	253.0
100824	290279	275.0	253.0
100836	290279	276.0	253.0
100848	290279	277.0	253.0
100860	290279	277.0	252.0
100872	290279	278.0	253.0
100884	290279	279.0	253.0
100896	290279	280.0	252.0
100908	290279	281.0	253.0
100920	290279	283.0	253.0
100932	290279	285.5	253.5
100944	290279	288.0	252.0
100956	290279	289.0	252.0
100968	290279	291.0	254.0
100980	290279	290.0	254.0
100992	290279	291.0	254.0
101004	290279	295.0	254.0
101016	290279	296.0	254.0
101028	290279	299.0	255.0
101040	290279	299.0	255.0
101052	290279	301.0	256.0
101064	290279	304.0	257.0
101076	290279	305.0	257.0
101088	290279	307.0	257.0
101100	290279	310.0	258.0
101112	290279	313.0	259.0
101124	290279	316.0	260.0
101136	290279	318.0	260.0
101148	290279	322.0	262.0
101160	290279	324.0	261.0
101172	290279	328.0	263.0
101184	290279	334.0	265.0
101196	290279	338.0	265.0
101208	290279	344.0	267.0
101220	290279	350.0	268.0
101232	290279	357.0	271.0
101244	290279	365.0	272.0
101256	290279	374.0	274.0
101268	290279	383.0	275.0
101280	290279	396.0	278.0
101292	290279	410.0	280.0
101304	290279	426.0	284.0
101316	290279	444.0	288.0
101328	290279	467.0	293.0
101340	290279	495.0	299.0
101352	290279	530.0	307.0
101364	290279	573.0	316.0
101376	290279	632.0	331.0
101388	290279	713.0	349.0
101400	290279	836.0	375.0
101412	290279	988.0	423.0
100860	290295	303.0	250.0
100872	290295	305.0	250.0
100884	290295	307.0	250.0
100896	290295	310.0	251.0
100908	290295	312.0	251.0
100920	290295	314.0	251.0
100932	290295	317.0	252.0
100944	290295	319.0	252.0
100956	290295	321.0	252.0
100968	290295	326.0	252.0
100980	290295	327.0	253.0
100992	290295	330.0	252.0
101004	290295	333.0	253.0
101016	290295	336.0	254.0
101028	290295	339.0	254.0
101040	290295	343.0	255.0
101052	290295	347.0	255.0
101064	290295	352.0	255.0
101076	290295	356.0	256.0
101088	290295	361.0	256.0
101100	290295	366.0	257.0
101112	290295	372.0	258.0
101124	290295	378.0	259.0
101136	290295	384.0	260.0
101148	290295	392.0	261.0
101160	290295	400.0	262.0
101172	290295	408.0	263.0
101184	290295	418.0	265.0
101196	290295	429.0	266.0
101208	290295	442.0	268.0
101220	290295	457.0	269.0
101232	290295	473.0	271.0
101244	290295	491.0	274.0
101256	290295	513.0	275.0
101268	290295	539.0	279.0
101280	290295	571.0	283.0
101292	290295	610.0	287.0
101304	290295	660.0	294.0
101316	290295	722.0	302.0
101328	290295	809.0	314.0
101340	290295	930.0	329.0
101352	290295	1003.0	356.0
100956	290315	197.0	248.0
100968	290315	200.0	248.0
100980	290315	207.0	250.0
100992	290315	211.0	251.0
101004	290315	215.0	251.0
101016	290315	219.0	252.0
101028	290315	222.0	251.0
101040	290315	226.0	252.0
101052	290315	229.0	251.0
101064	290315	231.0	251.0
101076	290315	234.0	252.0
101088	290315	236.0	250.0
101100	290315	238.0	250.0
101112	290315	240.33333333333334	250.66666666666666
101124	290315	241.0	252.0
101136	290315	243.0	251.0
101148	290315	244.0	250.0
101160	290315	244.0	250.0
101172	290315	247.0	253.0
101184	290315	248.0	253.0
101196	290315	249.0	252.0
101208	290315	250.0	251.0
101220	290315	251.0	251.0
101232	290315	253.0	252.0
101244	290315	255.0	253.0
101256	290315	257.0	253.0
101268	290315	258.0	253.0
101280	290315	259.0	253.0
101292	290315	262.0	254.0
101304	290315	264.0	254.0
101316	290315	265.0	254.0
101328	290315	267.0	254.0
101340	290315	269.0	254.0
101352	290315	271.0	255.0
101364	290315	273.0	255.0
101376	290315	275.0	255.0
101388	290315	277.0	256.0
101400	290315	278.0	255.0
101412	290315	283.0	256.0
101424	290315	285.0	256.0
101436	290315	287.0	257.0
101448	290315	289.0	257.0
101460	290315	292.0	257.0
101472	290315	295.0	257.0
101484	290315	297.0	257.0
101496	290315	299.0	259.0
101508	290315	301.0	259.0
101520	290315	305.0	259.0
101532	290315	308.0	260.0
101544	290315	311.0	261.0
101556	290315	314.0	262.0
101568	290315	319.0	262.0
101580	290315	323.0	263.0
101592	290315	327.0	263.0
101604	290315	332.0	264.0
101616	290315	337.0	265.0
101628	290315	341.0	266.0
101640	290315	346.0	267.0
101652	290315	353.0	269.0
101664	290315	359.0	270.0
101676	290315	366.0	271.0
101688	290315	374.0	272.0
101700	290315	382.0	274.0
101712	290315	392.0	274.0
101724	290315	403.0	277.0
101736	290315	415.0	278.0
101748	290315	430.0	281.0
101760	290315	445.0	284.0
101772	290315	462.0	288.0
101784	290315	483.0	292.0
101796	290315	508.0	297.0
101808	290315	537.0	304.0
101820	290315	573.0	313.0
101832	290315	618.0	324.0
101844	290315	676.0	337.0
101856	290315	757.0	354.0
101868	290315	876.0	382.0
101880	290315	991.0	425.0
101892	290315	1021.0	455.0
101208	290327	307.0769230769231	250.0
101220	290327	312.0	250.0
101232	290327	314.0	251.0
101244	290327	316.0	251.0
101256	290327	317.0	251.0
101268	290327	319.0	252.0
101280	290327	321.0	252.0
101292	290327	325.0	252.0
101304	290327	328.0	253.0
101316	290327	330.0	253.0
101328	290327	333.0	254.0
101340	290327	336.0	254.0
101352	290327	340.0	255.0
101364	290327	344.0	255.0
101376	290327	347.0	255.0
101388	290327	352.0	255.0
101400	290327	357.0	256.0
101412	290327	361.0	257.0
101424	290327	367.0	258.0
101436	290327	373.0	259.0
101448	290327	379.0	260.0
101460	290327	385.0	261.0
101472	290327	393.0	262.0
101484	290327	401.0	263.0
101496	290327	410.0	264.0
101508	290327	421.0	266.0
101520	290327	432.0	267.0
101532	290327	445.0	268.0
101544	290327	460.0	270.0
101556	290327	476.0	272.0
101568	290327	496.0	274.0
101580	290327	519.0	277.0
101592	290327	546.0	280.0
101604	290327	578.0	284.0
101616	290327	618.0	288.0
101628	290327	669.0	295.0
101640	290327	733.0	303.0
101652	290327	820.0	315.0
101664	290327	943.0	330.0
101676	290327	1005.0	358.0
101268	290335	335.0	252.0
101280	290335	341.0	253.0
101292	290335	352.0	254.0
101304	290335	361.0	257.0
101316	290335	368.0	258.0
101328	290335	374.0	259.0
101340	290335	380.0	260.0
101352	290335	387.0	261.0
101364	290335	395.0	262.0
101376	290335	403.0	263.0
101388	290335	412.0	264.0
101400	290335	424.0	265.0
101412	290335	435.0	267.0
101424	290335	448.0	268.0
101436	290335	464.0	270.0
101448	290335	481.0	272.0
101460	290335	503.0	274.0
101472	290335	526.0	277.0
101484	290335	555.0	280.0
101496	290335	590.0	285.0
101508	290335	634.0	290.0
101520	290335	688.0	297.0
101532	290335	758.0	305.0
101544	290335	855.0	318.0
101556	290335	973.0	335.0
101316	290342	304.0	251.0
101328	290342	305.0	251.0
101340	290342	311.0	251.0
101352	290342	305.0	251.0
101364	290342	301.3333333333333	250.26666666666668
101376	290342	299.0	250.0
101388	290342	300.0	249.0
101400	290342	299.0	249.0
101412	290342	301.0	251.0
101424	290342	303.0	251.0
101436	290342	304.0	251.0
101448	290342	307.0	250.0
101460	290342	308.0	250.0
101472	290342	310.0	250.0
101484	290342	310.0	251.0
101496	290342	312.0	251.0
101508	290342	313.0	251.0
101520	290342	316.0	251.0
101532	290342	318.0	251.0
101544	290342	320.0	252.0
101556	290342	322.0	252.0
101400	290357	325.0	251.0
101412	290357	329.0	252.0
101424	290357	332.0	253.0
101436	290357	335.0	254.0
101448	290357	338.0	254.0
101460	290357	341.0	255.0
101472	290357	345.0	255.0
101484	290357	348.0	255.0
101496	290357	352.0	256.0
101508	290357	355.0	257.0
101520	290357	359.0	257.0
101532	290357	362.0	257.0
101544	290357	367.0	258.0
101556	290357	371.0	258.0
101568	290357	376.0	259.0
101580	290357	382.0	259.0
101592	290357	388.0	260.0
101604	290357	394.0	261.0
101616	290357	401.0	262.0
101628	290357	408.0	263.0
101640	290357	416.0	265.0
101652	290357	426.0	265.0
101664	290357	437.0	267.0
101676	290357	448.0	268.0
101688	290357	460.0	269.0
101700	290357	476.0	271.0
101712	290357	491.0	273.0
101724	290357	510.0	274.0
101736	290357	532.0	277.0
101748	290357	557.0	279.0
101760	290357	586.0	283.0
101772	290357	622.0	288.0
101784	290357	663.0	292.0
101796	290357	715.0	298.0
101808	290357	782.0	307.0
101820	290357	868.0	318.0
101832	290357	969.0	332.0
101616	290387	291.0	254.0
101628	290387	293.0	253.0
101640	290387	295.0	254.0
101652	290387	297.6470588235294	254.52941176470588
101664	290387	300.0	256.0
101676	290387	303.0	256.0
101688	290387	306.0	256.0
101700	290387	308.0	257.0
101712	290387	311.0	257.0
101724	290387	314.0	258.0
101736	290387	317.0	259.0
101748	290387	321.0	259.0
101760	290387	325.0	260.0
101772	290387	329.0	261.0
101784	290387	335.0	262.0
101796	290387	341.0	264.0
101808	290387	343.0	264.0
101820	290387	349.0	266.0
101832	290387	355.0	266.0
101844	290387	363.0	268.0
101856	290387	371.0	270.0
101868	290387	379.0	272.0
101880	290387	391.0	273.0
101892	290387	401.0	275.0
101904	290387	413.0	277.0
101916	290387	429.0	280.0
101928	290387	446.0	283.0
101940	290387	465.0	288.0
101952	290387	487.0	292.0
101964	290387	517.0	298.0
101976	290387	551.0	306.0
101988	290387	595.0	317.0
102000	290387	657.0	330.0
102012	290387	739.0	348.0
102024	290387	865.0	374.0
102036	290387	986.0	418.0
101652	290394	313.0	251.0
101664	290394	316.0	252.0
101676	290394	319.0	253.0
101688	290394	322.0	252.0
101700	290394	326.0	252.0
101712	290394	336.0	252.0
101724	290394	343.0	254.0
101736	290394	348.0	254.0
101748	290394	352.0	254.0
101760	290394	358.0	255.0
101772	290394	361.0	256.0
101784	290394	366.0	257.0
101796	290394	371.0	257.0
101808	290394	377.0	257.0
101820	290394	383.0	259.0
101832	290394	391.0	259.0
101844	290394	398.0	261.0
101856	290394	406.0	262.0
101868	290394	416.0	263.0
101880	290394	426.0	264.0
101892	290394	437.0	265.0
101904	290394	451.0	267.0
101916	290394	465.0	269.0
101928	290394	483.0	270.0
101940	290394	502.0	273.0
101952	290394	525.0	275.0
101964	290394	552.0	278.0
101976	290394	583.0	282.0
101988	290394	620.0	287.0
102000	290394	671.0	292.0
102012	290394	722.0	275.0
102024	290394	795.2222222222222	275.77777777777777
102036	290394	876.0	300.0
102048	290394	991.0	342.0
101748	290410	293.0	254.0
101760	290410	294.0	254.0
101772	290410	297.0	255.0
101784	290410	299.0	256.0
101796	290410	303.0	256.0
101808	290410	307.0	257.0
101820	290410	311.0	258.0
101832	290410	314.0	259.0
101844	290410	318.0	259.0
101856	290410	322.0	260.0
101868	290410	327.0	261.0
101880	290410	332.0	262.0
101892	290410	338.0	262.0
101904	290410	344.0	265.0
101916	290410	350.0	266.0
101928	290410	358.0	267.0
101940	290410	366.0	268.0
101952	290410	376.0	270.0
101964	290410	385.0	271.0
101976	290410	397.0	273.0
101988	290410	410.0	275.0
102000	290410	425.0	278.0
102012	290410	441.0	281.0
102024	290410	461.0	286.0
102036	290410	484.0	290.0
102048	290410	512.0	296.0
102060	290410	546.0	304.0
102072	290410	591.0	314.0
102084	290410	653.0	328.0
102096	290410	739.0	346.0
102108	290410	870.0	375.0
102120	290410	999.0	424.0
101796	290427	275.0	248.0
101808	290427	276.0	249.0
101820	290427	276.0	248.0
101832	290427	276.0	248.0
101844	290427	276.5	248.0
101856	290427	276.0	248.0
101868	290427	276.96	248.0
101880	290427	277.92	248.0
101892	290427	279.0	248.0
101904	290427	279.5	249.0
101916	290427	282.0	250.0
101928	290427	283.0	250.0
101940	290427	284.0	250.0
101952	290427	284.0833333333333	250.0
101964	290427	288.0	251.0
101976	290427	289.0	250.0
101988	290427	289.0	250.0
102000	290427	290.0	251.0
102012	290427	291.0	253.0
102024	290427	293.0	253.0
102036	290427	295.0	253.0
102048	290427	296.0	254.0
102060	290427	297.0	254.0
102072	290427	301.0	254.0
102084	290427	301.0	255.0
102096	290427	304.0	255.0
102108	290427	305.0	256.0
102120	290427	308.0	256.0
102132	290427	311.0	257.0
102144	290427	315.0	258.0
102156	290427	318.0	259.0
102168	290427	322.0	260.0
102180	290427	325.0	261.0
102192	290427	330.0	262.0
102204	290427	335.0	263.0
102216	290427	339.0	264.0
102228	290427	344.0	265.0
102240	290427	351.0	266.0
102252	290427	357.0	268.0
102264	290427	365.0	269.0
102276	290427	372.0	271.0
102288	290427	382.0	272.0
102300	290427	392.0	274.0
102312	290427	405.0	276.0
102324	290427	418.0	279.0
102336	290427	436.0	283.0
102348	290427	456.0	287.0
102360	290427	480.0	292.0
102372	290427	511.0	299.0
102384	290427	549.0	308.0
102396	290427	600.0	319.0
102408	290427	671.0	334.0
102420	290427	774.0	356.0
102432	290427	939.0	393.0
102444	290427	1030.0	460.0
101880	290445	303.42857142857144	248.28571428571428
101892	290445	305.0	248.0
101904	290445	309.5	249.0
101916	290445	313.0	250.0
101928	290445	314.0	251.0
101940	290445	315.0	251.0
101952	290445	318.0	251.0
101964	290445	320.0	251.0
101976	290445	322.2857142857143	251.21428571428572
101988	290445	326.0	252.0
102000	290445	328.0	251.0
102012	290445	330.26666666666665	252.13333333333333
102024	290445	331.8666666666667	252.93333333333334
102036	290445	336.0	254.0
102048	290445	339.0	254.0
102060	290445	341.61538461538464	254.53846153846155
102072	290445	343.8333333333333	255.0
102084	290445	351.0	255.0
102096	290445	354.0	255.0
102108	290445	358.1666666666667	256.0
102120	290445	362.0	257.0
102132	290445	368.0	258.0
102144	290445	373.0	258.0
102156	290445	379.0	259.0
102168	290445	385.0	260.0
102180	290445	393.0	260.0
102192	290445	401.0	262.0
102204	290445	409.0	263.0
102216	290445	420.0	264.0
102228	290445	431.0	265.0
102240	290445	445.0	267.0
102252	290445	459.0	269.0
102264	290445	476.0	270.0
102276	290445	494.0	272.0
102288	290445	515.0	274.0
102300	290445	542.0	277.0
102312	290445	572.0	281.0
102324	290445	610.0	286.0
102336	290445	656.0	292.0
102348	290445	720.0	299.0
102360	290445	796.0	309.0
102372	290445	905.0	323.0
102384	290445	991.0	343.0
102168	290507	264.0	250.0
102180	290507	263.75	249.25
102192	290507	263.15	249.85
102204	290507	263.2758620689655	250.0
102216	290507	264.9310344827586	250.0
102228	290507	266.58620689655174	250.0
102240	290507	265.0	249.0
102252	290507	265.7826086956522	250.0
102264	290507	265.2608695652174	250.0
102276	290507	266.25	249.3125
102288	290507	269.225	250.025
102300	290507	271.925	250.325
102312	290507	274.625	250.625
102324	290507	277.325	250.925
102336	290507	280.0	251.0
102348	290507	281.0	251.0
102360	290507	281.0	251.0
102372	290507	284.0	252.0
102384	290507	289.0	253.0
102396	290507	289.0	253.0
102408	290507	289.0	253.0
102420	290507	290.0	253.0
102432	290507	292.0	253.0
102444	290507	293.0	253.0
102456	290507	295.0	254.0
102468	290507	296.0	255.0
102480	290507	297.0	255.0
102492	290507	298.0	255.0
102504	290507	299.0	255.0
102516	290507	302.0	256.0
102528	290507	304.0	257.0
102540	290507	305.0	257.0
102552	290507	307.0	257.0
102564	290507	310.0	259.0
102576	290507	312.0	259.0
102588	290507	313.0	260.0
102600	290507	316.0	261.0
102612	290507	319.0	261.0
102624	290507	322.0	261.0
102636	290507	325.0	262.0
102648	290507	328.0	263.0
102660	290507	333.0	264.0
102672	290507	336.0	265.0
102684	290507	341.0	266.0
102696	290507	345.0	267.0
102708	290507	351.0	268.0
102720	290507	355.0	269.0
102732	290507	361.0	271.0
102744	290507	369.0	272.0
102756	290507	377.0	273.0
102768	290507	385.0	274.0
102780	290507	393.0	276.0
102792	290507	403.0	278.0
102804	290507	415.0	280.0
102816	290507	427.0	283.0
102828	290507	442.0	286.0
102840	290507	458.0	290.0
102852	290507	477.0	294.0
102864	290507	500.0	299.0
102876	290507	528.0	306.0
102888	290507	561.0	314.0
102900	290507	604.0	325.0
102912	290507	658.0	336.0
102924	290507	731.0	353.0
102936	290507	838.0	378.0
102948	290507	975.0	416.0
102960	290507	1032.0	488.0
102192	290513	298.0	248.0
102204	290513	298.0	249.0
102216	290513	299.0	249.0
102228	290513	300.0	249.0
102240	290513	301.0	249.0
102252	290513	301.0	250.0
102264	290513	303.0	250.0
102276	290513	304.0	250.0
102288	290513	306.0	250.0
102300	290513	307.0	249.0
102312	290513	310.0	249.0
102324	290513	311.0	250.0
102336	290513	313.0	250.0
102348	290513	315.0	250.0
102360	290513	317.0	251.0
102372	290513	319.0	252.0
102384	290513	320.0	251.0
102396	290513	322.0	252.0
102408	290513	325.0	253.0
102420	290513	327.0	252.0
102432	290513	330.0	253.0
102444	290513	332.0	253.0
102456	290513	334.0	254.0
102468	290513	337.0	254.0
102480	290513	340.0	254.0
102492	290513	344.0	255.0
102504	290513	347.0	255.0
102516	290513	351.0	254.0
102528	290513	356.0	256.0
102540	290513	359.0	256.0
102552	290513	364.0	257.0
102564	290513	369.0	257.0
102576	290513	374.0	258.0
102588	290513	380.0	259.0
102600	290513	386.0	260.0
102612	290513	393.0	261.0
102624	290513	400.0	261.0
102636	290513	407.0	263.0
102648	290513	415.0	263.0
102660	290513	425.0	265.0
102672	290513	434.0	266.0
102684	290513	445.0	267.0
102696	290513	457.0	268.0
102708	290513	472.0	271.0
102720	290513	487.0	272.0
102732	290513	504.0	274.0
102744	290513	525.0	276.0
102756	290513	548.0	279.0
102768	290513	575.0	282.0
102780	290513	608.0	286.0
102792	290513	647.0	291.0
102804	290513	695.0	298.0
102816	290513	755.0	304.0
102828	290513	834.0	315.0
102840	290513	940.0	328.0
102852	290513	995.0	347.0
102444	290591	277.0	253.0
102456	290591	277.0	253.0
102468	290591	276.0	253.0
102480	290591	277.0	253.0
102492	290591	277.0	253.0
102504	290591	277.0	253.0
102516	290591	278.0	253.0
102528	290591	278.0	254.0
102540	290591	280.0	254.0
102552	290591	282.25	254.0
102564	290591	286.0	254.0
102576	290591	287.0	255.0
102588	290591	289.0	256.0
102600	290591	291.0	256.0
102612	290591	293.0	256.0
102624	290591	295.0	257.0
102636	290591	297.0	257.0
102648	290591	299.0	258.0
102660	290591	301.0	258.0
102672	290591	303.0	258.0
102684	290591	305.0	259.0
102696	290591	307.0	259.0
102708	290591	312.0	261.0
102720	290591	313.0	262.0
102732	290591	316.0	263.0
102744	290591	322.0	264.0
102756	290591	327.0	265.0
102768	290591	331.0	265.0
102780	290591	342.0	267.0
102792	290591	343.0	267.0
102804	290591	349.0	268.0
102816	290591	356.0	270.0
102828	290591	363.0	271.0
102840	290591	369.0	272.0
102852	290591	377.0	274.0
102864	290591	384.0	275.0
102876	290591	394.0	277.0
102888	290591	403.0	279.0
102900	290591	414.0	281.0
102912	290591	426.0	284.0
102924	290591	440.0	288.0
102936	290591	456.0	292.0
102948	290591	474.0	296.0
102960	290591	495.0	302.0
102972	290591	523.0	309.0
102984	290591	556.0	317.0
102996	290591	597.0	328.0
103008	290591	651.0	342.0
103020	290591	723.0	358.0
103032	290591	828.0	385.0
103044	290591	969.0	423.0
103056	290591	1025.0	488.0
102756	290621	289.0	255.0
102768	290621	288.0	254.0
102780	290621	291.0	255.0
102792	290621	292.0	255.0
102804	290621	294.0	256.0
102816	290621	296.0	256.0
102828	290621	298.0	256.0
102840	290621	301.0	256.0
102852	290621	301.75	257.0
102864	290621	304.0	259.0
102876	290621	306.0	259.0
102888	290621	310.0	260.0
102900	290621	312.0	260.0
102912	290621	315.0	260.0
102924	290621	319.0	261.0
102936	290621	322.0	262.0
102948	290621	326.0	263.0
102960	290621	330.0	264.0
102972	290621	335.0	265.0
102984	290621	339.0	265.0
102996	290621	343.0	266.0
103008	290621	349.0	267.0
103020	290621	355.0	268.0
103032	290621	361.0	270.0
103044	290621	369.0	271.0
103056	290621	376.0	272.0
103068	290621	385.0	273.0
103080	290621	393.0	275.0
103092	290621	403.0	276.0
103104	290621	414.0	278.0
103116	290621	427.0	281.0
103128	290621	442.0	284.0
103140	290621	459.0	288.0
103152	290621	478.0	291.0
103164	290621	501.0	296.0
103176	290621	529.0	303.0
103188	290621	562.0	310.0
103200	290621	603.0	318.0
103212	290621	658.0	331.0
103224	290621	733.0	346.0
103236	290621	832.0	367.0
103248	290621	966.0	398.0
103260	290621	1016.0	452.0
102816	290632	320.0	264.0
102828	290632	323.0	264.0
102840	290632	328.0	266.0
102852	290632	334.0	267.0
102864	290632	342.0	267.0
102876	290632	348.0	269.0
102888	290632	354.0	269.0
102900	290632	361.0	271.0
102912	290632	368.0	273.0
102924	290632	377.0	272.0
102936	290632	386.0	275.0
102948	290632	396.0	277.0
102960	290632	409.0	278.0
102972	290632	423.0	282.0
102984	290632	437.0	285.0
102996	290632	451.0	288.0
103008	290632	468.0	292.0
103020	290632	488.0	297.0
103032	290632	513.0	303.0
103044	290632	543.0	310.0
103056	290632	579.0	318.0
103068	290632	625.0	328.0
103080	290632	684.0	342.0
103092	290632	764.0	359.0
103104	290632	878.0	386.0
103116	290632	988.0	425.0
103128	290632	1020.0	474.0
102840	290638	274.0	254.0
102852	290638	275.0	254.0
102864	290638	274.07142857142856	253.07142857142858
102876	290638	274.92857142857144	253.92857142857142
102888	290638	277.0	254.0
102900	290638	280.0	254.0
102912	290638	282.0	255.0
102924	290638	285.0	256.0
102936	290638	285.0	255.0
102948	290638	287.0	256.0
102960	290638	289.5	256.0
102972	290638	290.3076923076923	256.0
102984	290638	294.8181818181818	257.0
102996	290638	296.0	258.0
103008	290638	295.0	258.0
103020	290638	289.75	256.5
103032	290638	290.0	256.0
103044	290638	290.0	255.0
103056	290638	293.0	257.0
103068	290638	296.0	258.0
103080	290638	299.0	259.0
103092	290638	299.0	259.0
103104	290638	306.0	260.0
103116	290638	309.0	261.0
103128	290638	311.0	259.0
103140	290638	313.0	261.0
103152	290638	319.0	264.0
103164	290638	330.0	266.0
103176	290638	338.0	266.0
103188	290638	342.0	267.0
103200	290638	344.0	268.0
103212	290638	354.0	269.0
103224	290638	361.0	272.0
103236	290638	370.0	272.0
103248	290638	381.0	274.0
103260	290638	392.0	277.0
103272	290638	405.0	280.0
103284	290638	416.0	283.0
103296	290638	429.0	286.0
103308	290638	446.0	290.0
103320	290638	465.0	295.0
103332	290638	488.0	301.0
103344	290638	515.0	308.0
103356	290638	549.0	317.0
103368	290638	591.0	329.0
103380	290638	648.0	342.0
103392	290638	726.0	360.0
103404	290638	844.0	390.0
103416	290638	984.0	437.0
103428	290638	1032.0	500.0
102900	290646	336.0	253.0
102912	290646	339.57142857142856	253.28571428571428
102924	290646	345.0	253.0
102936	290646	349.0	253.0
102948	290646	354.0	254.0
102960	290646	360.0	256.0
102972	290646	364.0	255.0
102984	290646	369.0	257.0
102996	290646	375.0	258.0
103008	290646	380.0	258.0
103020	290646	386.0	259.0
103032	290646	394.0	260.0
103044	290646	400.0	261.0
103056	290646	408.0	262.0
103068	290646	417.0	263.0
103080	290646	426.0	264.0
103092	290646	436.0	266.0
103104	290646	448.0	266.0
103116	290646	461.0	268.0
103128	290646	475.0	269.0
103140	290646	493.0	272.0
103152	290646	512.0	273.0
103164	290646	535.0	275.0
103176	290646	560.0	279.0
103188	290646	592.0	282.0
103200	290646	630.0	286.0
103212	290646	678.0	291.0
103020	290678	311.0	260.0
103032	290678	317.0	261.0
103044	290678	319.0	262.0
103056	290678	324.0	262.0
103068	290678	331.0	263.0
103080	290678	337.0	264.0
103092	290678	343.0	266.0
103104	290678	347.0	266.0
103116	290678	350.0	267.0
103128	290678	357.0	268.0
103140	290678	362.0	270.0
103152	290678	370.0	272.0
103164	290678	376.0	273.0
103176	290678	384.0	274.0
103188	290678	393.0	275.0
103200	290678	403.0	277.0
103212	290678	413.0	279.0
103224	290678	426.0	282.0
103236	290678	441.0	285.0
103248	290678	458.0	288.0
103260	290678	477.0	292.0
103272	290678	499.0	297.0
103284	290678	527.0	304.0
103296	290678	561.0	312.0
103308	290678	600.0	321.0
103320	290678	653.0	333.0
103332	290678	724.0	350.0
103344	290678	822.0	373.0
103356	290678	962.0	407.0
103368	290678	1020.0	463.0
103140	290707	196.0	246.0
103152	290707	202.0	248.0
103164	290707	208.0	250.0
103176	290707	213.0	250.0
103188	290707	219.0	251.0
103200	290707	224.0	251.0
103212	290707	228.0	250.0
103224	290707	232.0	251.0
103236	290707	235.0	251.0
103248	290707	240.0	252.0
103260	290707	242.0	252.0
103272	290707	246.0	251.0
103284	290707	247.0	250.0
103296	290707	251.0	250.0
103308	290707	253.0	250.0
103320	290707	253.0	250.0
103332	290707	254.0	251.0
103344	290707	254.0	251.0
103356	290707	255.0	251.0
103368	290707	256.0	252.0
103380	290707	258.0	252.0
103392	290707	259.0	253.0
103404	290707	259.0	253.0
103416	290707	261.0	253.0
103428	290707	262.0	253.0
103440	290707	262.0	253.0
103452	290707	268.0	254.0
103464	290707	270.0	253.0
103476	290707	271.0	255.0
103488	290707	273.0	255.0
103500	290707	276.0	255.0
103512	290707	278.0	256.0
103524	290707	282.0	256.0
103536	290707	285.0	256.0
103548	290707	289.0	257.0
103560	290707	295.0	257.0
103572	290707	299.0	258.0
103584	290707	303.0	259.0
103596	290707	308.0	259.0
103608	290707	314.0	261.0
103620	290707	319.0	261.0
103632	290707	326.0	262.0
103644	290707	332.0	263.0
103656	290707	339.0	264.0
103668	290707	345.0	265.0
103680	290707	353.0	266.0
103692	290707	362.0	268.0
103704	290707	370.0	269.0
103716	290707	380.0	270.0
103728	290707	390.0	272.0
103740	290707	402.0	274.0
103752	290707	415.0	276.0
103764	290707	430.0	278.0
103776	290707	448.0	282.0
103788	290707	468.0	286.0
103800	290707	493.0	290.0
103812	290707	523.0	297.0
103824	290707	559.0	305.0
103836	290707	607.0	316.0
103848	290707	672.0	330.0
103860	290707	763.0	349.0
103872	290707	906.0	381.0
103884	290707	1011.0	434.0
103200	290719	304.2	250.15
103212	290719	309.0	250.75
103224	290719	313.0	250.0
103236	290719	315.0	250.0
103248	290719	318.0	251.0
103260	290719	321.0	251.0
103272	290719	324.0	252.0
103284	290719	326.0	252.0
103296	290719	328.0	252.0
103308	290719	332.0	252.0
103320	290719	335.0	253.0
103332	290719	338.0	253.0
103344	290719	341.0	254.0
103356	290719	345.0	254.0
103368	290719	348.0	255.0
103380	290719	352.0	254.0
103392	290719	357.0	255.0
103404	290719	360.0	256.0
103416	290719	364.0	257.0
103428	290719	369.0	257.0
103440	290719	373.0	257.0
103452	290719	379.0	258.0
103464	290719	385.0	259.0
103476	290719	392.0	260.0
103488	290719	398.0	261.0
103500	290719	406.0	262.0
103512	290719	413.0	263.0
103524	290719	422.0	264.0
103536	290719	432.0	265.0
103548	290719	442.0	266.0
103560	290719	453.0	268.0
103572	290719	468.0	269.0
103584	290719	481.0	271.0
103596	290719	496.0	273.0
103608	290719	515.0	274.0
103620	290719	537.0	277.0
103632	290719	561.0	280.0
103644	290719	589.0	283.0
103656	290719	624.0	288.0
103668	290719	666.0	293.0
103680	290719	718.0	300.0
103692	290719	783.0	308.0
103704	290719	869.0	319.0
103716	290719	970.0	334.0
103860	290875	285.0	250.0
103872	290875	286.0	251.11111111111111
103884	290875	288.0	252.0
103896	290875	287.57142857142856	252.0
103908	290875	288.7142857142857	252.0
103920	290875	291.7142857142857	253.0
103932	290875	294.88235294117646	253.0
103944	290875	297.0	253.0
103956	290875	298.0	255.0
103968	290875	301.0	256.0
103980	290875	303.0	256.0
103992	290875	306.0	256.0
104004	290875	308.0	257.0
104016	290875	311.0	257.0
104028	290875	315.0	259.0
104040	290875	318.0	259.0
104052	290875	322.0	260.0
104064	290875	326.0	261.0
104076	290875	330.0	262.0
104088	290875	336.0	263.0
104100	290875	340.0	265.0
104112	290875	347.0	265.0
104124	290875	353.0	266.0
104136	290875	360.0	268.0
104148	290875	368.0	269.0
104160	290875	376.0	271.0
104172	290875	385.0	273.0
104184	290875	396.0	274.0
104196	290875	406.0	276.0
104208	290875	420.0	278.0
104220	290875	434.0	281.0
104232	290875	451.0	286.0
104244	290875	471.0	290.0
104256	290875	496.0	296.0
104268	290875	525.0	302.0
104280	290875	563.0	311.0
104292	290875	612.0	324.0
104304	290875	678.0	338.0
104316	290875	772.0	359.0
104328	290875	920.0	394.0
104340	290875	1018.0	454.0
103908	290889	259.0	248.0
103920	290889	260.0	248.0
103932	290889	260.0	249.0
103944	290889	260.0	249.0
103956	290889	261.0	250.0
103968	290889	261.0	250.0
103980	290889	261.0	250.0
103992	290889	261.0	250.0
104004	290889	262.0	250.0
104016	290889	262.0	250.0
104028	290889	262.0	251.0
104040	290889	263.0	252.0
104052	290889	264.0	251.0
104064	290889	264.0	251.0
104076	290889	264.0	251.0
104088	290889	264.0	251.0
104100	290889	265.0	251.0
104112	290889	266.0	251.0
104124	290889	268.0	251.0
104136	290889	267.0	251.0
104148	290889	268.0	252.0
104160	290889	268.0	252.0
104172	290889	270.0	251.0
104184	290889	271.0	251.0
104196	290889	271.0	251.0
104208	290889	272.0	251.0
104220	290889	272.0	252.0
104232	290889	274.0	253.0
104244	290889	275.0	253.0
104256	290889	275.0	252.0
104268	290889	276.0	253.0
104280	290889	277.0	253.0
104292	290889	278.0	253.0
104304	290889	279.0	254.0
104316	290889	280.0	254.0
104328	290889	281.0	254.0
104340	290889	282.0	255.0
104352	290889	283.0	256.0
104364	290889	285.0	256.0
104376	290889	285.0	256.0
104388	290889	289.0	257.0
104400	290889	290.0	257.0
104412	290889	290.0	258.0
104424	290889	293.0	259.0
104436	290889	296.0	259.0
104448	290889	297.0	260.0
104460	290889	302.0	261.0
104472	290889	306.0	261.0
104484	290889	309.0	262.0
104496	290889	313.0	263.0
104508	290889	317.0	264.0
104520	290889	323.0	266.0
104532	290889	329.0	267.0
104544	290889	336.0	268.0
104556	290889	344.0	269.0
104568	290889	352.0	271.0
104580	290889	361.0	272.0
104592	290889	369.0	274.0
104604	290889	381.0	275.0
104616	290889	392.0	277.0
104628	290889	407.0	280.0
104640	290889	424.0	284.0
104652	290889	443.0	289.0
104664	290889	468.0	293.0
104676	290889	498.0	299.0
104688	290889	534.0	307.0
104700	290889	581.0	317.0
104712	290889	643.0	331.0
104724	290889	729.0	349.0
104736	290889	857.0	378.0
104748	290889	996.0	427.0
103932	290892	279.0	253.0
103944	290892	278.64285714285717	253.0
103956	290892	278.0	253.0
103968	290892	278.0	253.0
103980	290892	278.0	253.0
103992	290892	278.0	253.0
104004	290892	279.0	253.0
104016	290892	279.0	253.0
104028	290892	280.4117647058824	253.0
104040	290892	282.0	253.0
104052	290892	282.8333333333333	253.0
104064	290892	285.0	253.0
104076	290892	287.0	253.0
104088	290892	288.0	254.0
104100	290892	290.0	255.0
104112	290892	291.0	254.0
104124	290892	293.0	255.0
104136	290892	294.0	255.0
104148	290892	297.0	256.0
104160	290892	301.0	256.0
104172	290892	302.0	257.0
104184	290892	305.0	257.0
104196	290892	308.0	257.0
104208	290892	312.0	259.0
104220	290892	315.0	258.0
104232	290892	318.0	258.0
104244	290892	323.0	260.0
104256	290892	328.0	262.0
104268	290892	332.0	264.0
104280	290892	338.0	264.0
104292	290892	342.0	265.0
104304	290892	350.0	267.0
104316	290892	355.0	268.0
104328	290892	364.0	271.0
104340	290892	372.0	272.0
104352	290892	382.0	274.0
104364	290892	393.0	276.0
104376	290892	406.0	279.0
104388	290892	421.0	283.0
104400	290892	439.0	286.0
104412	290892	461.0	291.0
104424	290892	487.0	297.0
104436	290892	521.0	305.0
104448	290892	561.0	315.0
104460	290892	617.0	329.0
104472	290892	699.0	349.0
104484	290892	825.0	378.0
104496	290892	987.0	428.0
104088	290901	303.0	251.0
104100	290901	306.0	251.0
104112	290901	310.0	250.0
104124	290901	312.0	251.0
104136	290901	314.0	251.0
104148	290901	317.0	252.0
104160	290901	320.0	252.0
104172	290901	322.0	252.0
104184	290901	324.0	253.0
104196	290901	328.0	253.0
104208	290901	333.0	253.0
104220	290901	335.0	254.0
104232	290901	337.0	254.0
104244	290901	342.0	254.0
104256	290901	346.0	255.0
104268	290901	351.0	256.0
104280	290901	357.0	256.0
104292	290901	363.0	257.0
104304	290901	369.0	258.0
104316	290901	375.0	258.0
104328	290901	383.0	259.0
104340	290901	391.0	260.0
104352	290901	399.0	261.0
104364	290901	409.0	263.0
104376	290901	421.0	264.0
104388	290901	433.0	265.0
104400	290901	444.0	265.0
104412	290901	455.0	257.0
104268	290922	302.0	249.0
104280	290922	308.0	249.0
104292	290922	312.0	250.0
104304	290922	314.0	250.0
104316	290922	316.0	251.0
104328	290922	322.0	251.0
104340	290922	323.0	251.0
104352	290922	325.0	251.0
104364	290922	324.0	251.0
104376	290922	325.0	251.0
104388	290922	328.0	251.0
104400	290922	332.0	252.0
104412	290922	335.0	252.0
104424	290922	339.0	253.0
104436	290922	342.0	253.0
104448	290922	347.0	254.0
104460	290922	352.0	256.0
104472	290922	356.0	256.0
104484	290922	361.0	256.0
104496	290922	367.0	257.0
104508	290922	374.0	259.0
104520	290922	381.0	259.0
104532	290922	388.0	261.0
104544	290922	397.0	262.0
104556	290922	406.0	263.0
104568	290922	416.0	264.0
104580	290922	427.0	265.0
104592	290922	440.0	267.0
104604	290922	453.0	268.0
104616	290922	468.0	270.0
104628	290922	486.0	272.0
104640	290922	506.0	274.0
104652	290922	530.0	277.0
104664	290922	558.0	280.0
104676	290922	591.0	283.0
104688	290922	632.0	288.0
104700	290922	684.0	294.0
104712	290922	748.0	302.0
104724	290922	838.0	313.0
104736	290922	961.0	326.0
104364	290947	345.3333333333333	254.0
104376	290947	352.0	254.0
104388	290947	356.0	255.0
104400	290947	361.0	256.0
104412	290947	365.0	256.0
104424	290947	369.0	257.0
104436	290947	376.0	257.0
104448	290947	382.0	258.0
104460	290947	389.0	259.0
104472	290947	397.0	261.0
104484	290947	404.0	262.0
104496	290947	414.0	263.0
104508	290947	424.0	264.0
104520	290947	435.0	266.0
104532	290947	448.0	267.0
104544	290947	463.0	268.0
104556	290947	480.0	270.0
104568	290947	498.0	273.0
104580	290947	520.0	275.0
104592	290947	547.0	278.0
104604	290947	578.0	281.0
104616	290947	616.0	286.0
104628	290947	663.0	291.0
104640	290947	723.0	299.0
104652	290947	803.0	309.0
104664	290947	915.0	323.0
104676	290947	994.0	343.0
104496	290971	274.6666666666667	251.0
104508	290971	276.0	250.0
104520	290971	276.0	251.0
104532	290971	275.0	250.0
104544	290971	276.0	250.0
104556	290971	276.0	250.0
104568	290971	277.0	251.0
104580	290971	279.0	251.0
104592	290971	280.0	251.0
104604	290971	282.0	251.0
104616	290971	284.0	252.0
104628	290971	285.0	253.0
104640	290971	286.0	253.0
104652	290971	290.0	253.0
104664	290971	291.0	254.0
104676	290971	292.0	254.0
104688	290971	294.0	255.0
104700	290971	297.0	255.0
104712	290971	300.0	256.0
104724	290971	301.0	257.0
104736	290971	305.0	258.0
104748	290971	307.0	257.0
104760	290971	311.0	259.0
104772	290971	314.0	261.0
104784	290971	318.0	262.0
104796	290971	321.0	262.0
104808	290971	326.0	263.0
104820	290971	333.0	264.0
104832	290971	337.0	265.0
104844	290971	343.0	266.0
104856	290971	349.0	268.0
104868	290971	357.0	269.0
104880	290971	365.0	271.0
104892	290971	374.0	272.0
104904	290971	385.0	275.0
104916	290971	397.0	277.0
104928	290971	413.0	280.0
104940	290971	430.0	283.0
104952	290971	451.0	288.0
104964	290971	476.0	294.0
104976	290971	508.0	301.0
104988	290971	550.0	311.0
105000	290971	606.0	324.0
105012	290971	686.0	343.0
105024	290971	806.0	370.0
105036	290971	980.0	419.0
104712	291016	273.0	252.0
104724	291016	275.0	251.0
104736	291016	278.0	252.0
104748	291016	279.0	253.0
104760	291016	280.0	253.0
104772	291016	281.0	254.0
104784	291016	282.0	255.0
104796	291016	283.0	254.0
104808	291016	287.42857142857144	254.42857142857142
104820	291016	290.0	256.0
104832	291016	291.0	256.0
104844	291016	292.0	256.0
104856	291016	295.0	257.0
104868	291016	297.0	257.0
104880	291016	299.0	257.0
104892	291016	302.0	258.0
104904	291016	305.0	259.0
104916	291016	308.0	259.0
104928	291016	312.0	260.0
104940	291016	315.0	260.0
104952	291016	320.0	261.0
104964	291016	324.0	262.0
104976	291016	328.0	262.0
104988	291016	333.0	263.0
105000	291016	339.0	264.0
105012	291016	345.0	265.0
105024	291016	353.0	267.0
105036	291016	360.0	268.0
105048	291016	368.0	270.0
105060	291016	377.0	272.0
105072	291016	387.0	273.0
105084	291016	399.0	274.0
105096	291016	412.0	277.0
105108	291016	427.0	279.0
105120	291016	446.0	283.0
105132	291016	467.0	287.0
105144	291016	493.0	293.0
105156	291016	524.0	299.0
105168	291016	564.0	306.0
105180	291016	617.0	318.0
105192	291016	687.0	331.0
105204	291016	788.0	351.0
105216	291016	941.0	382.0
105228	291016	1026.0	446.0
104916	291044	285.0	252.0
104928	291044	284.15	251.05
104940	291044	285.95	251.65
104952	291044	285.0	253.0
104964	291044	294.0	254.0
104976	291044	296.0	255.0
104988	291044	297.0	256.0
105000	291044	300.0	255.0
105012	291044	302.0	256.0
105024	291044	303.0	256.0
105036	291044	305.0	257.0
105048	291044	308.0	258.0
105060	291044	311.0	258.0
105072	291044	314.0	259.0
105084	291044	317.0	260.0
105096	291044	321.0	261.0
105108	291044	324.0	261.0
105120	291044	329.0	262.0
105132	291044	334.0	263.0
105144	291044	338.0	264.0
105156	291044	342.0	265.0
105168	291044	347.0	267.0
105180	291044	354.0	268.0
105192	291044	362.0	269.0
105204	291044	370.0	270.0
105216	291044	379.0	272.0
105228	291044	389.0	274.0
105240	291044	400.0	275.0
105252	291044	414.0	278.0
105264	291044	429.0	281.0
105276	291044	445.0	284.0
105288	291044	466.0	288.0
105300	291044	490.0	293.0
105312	291044	518.0	300.0
105324	291044	553.0	309.0
105336	291044	598.0	320.0
105348	291044	660.0	334.0
105360	291044	747.0	354.0
105372	291044	878.0	383.0
105384	291044	1003.0	437.0
104928	291045	358.0	258.0
104940	291045	368.0	259.0
104952	291045	381.0	259.0
104964	291045	392.0	260.0
104976	291045	402.0	261.0
104988	291045	410.0	262.0
105000	291045	420.0	263.0
105012	291045	431.0	265.0
105024	291045	442.0	265.0
105036	291045	455.0	267.0
105048	291045	469.0	269.0
105060	291045	485.0	271.0
105072	291045	503.0	272.0
105084	291045	524.0	274.0
105096	291045	548.0	278.0
105108	291045	577.0	281.0
105120	291045	611.0	285.0
105132	291045	655.0	291.0
105144	291045	707.0	298.0
105156	291045	777.0	306.0
105168	291045	871.0	318.0
105180	291045	976.0	335.0
105060	291068	203.0	248.0
105072	291068	209.0	250.0
105084	291068	216.0	251.0
105096	291068	220.0	251.0
105108	291068	223.83333333333334	250.0
105120	291068	229.0	251.0
105132	291068	232.0	251.0
105144	291068	236.14285714285714	250.71428571428572
105156	291068	240.0	251.0
105168	291068	242.75	251.0
105180	291068	245.0	250.0
105192	291068	248.75	250.0
105204	291068	252.0	250.0
105216	291068	256.0	251.0
105228	291068	259.0	250.0
105240	291068	260.25	250.0
105252	291068	265.0	251.0
105264	291068	265.0	252.0
105276	291068	267.3076923076923	251.23076923076923
105288	291068	270.0	252.0
105300	291068	265.0	251.0
105312	291068	276.0	252.0
105324	291068	278.0	253.0
105336	291068	271.1111111111111	251.0
105348	291068	268.6	251.0
105360	291068	272.0	252.0
105108	291070	278.0	251.0
105120	291070	279.0	251.0
105132	291070	281.0	252.0
105144	291070	282.0	252.0
105156	291070	284.0	252.0
105168	291070	285.0	253.0
105180	291070	286.0	253.0
105192	291070	290.0	253.0
105204	291070	290.0	253.0
105216	291070	293.0	254.0
105228	291070	296.0	254.0
105240	291070	298.0	254.0
105252	291070	299.0	255.0
105264	291070	302.0	256.0
105276	291070	303.0	255.0
105288	291070	305.0	256.0
105300	291070	306.0	256.0
105312	291070	308.0	258.0
105324	291070	311.0	258.0
105336	291070	314.0	259.0
105348	291070	317.0	259.0
105360	291070	320.0	260.0
105372	291070	325.0	261.0
105384	291070	328.0	262.0
105396	291070	333.0	262.0
105408	291070	337.0	263.0
105420	291070	342.0	265.0
105432	291070	348.0	266.0
105444	291070	355.0	267.0
105456	291070	362.0	269.0
105468	291070	370.0	270.0
105480	291070	380.0	271.0
105492	291070	390.0	273.0
105504	291070	401.0	275.0
105516	291070	416.0	277.0
105528	291070	431.0	280.0
105540	291070	450.0	283.0
105552	291070	471.0	289.0
105564	291070	496.0	294.0
105576	291070	528.0	300.0
105588	291070	569.0	308.0
105600	291070	622.0	318.0
105612	291070	694.0	333.0
105624	291070	797.0	354.0
105636	291070	954.0	387.0
105648	291070	1024.0	447.0
105252	291100	361.0	257.0
105264	291100	373.0	259.0
105276	291100	386.0	261.0
105288	291100	399.0	261.0
105300	291100	412.0	263.0
105312	291100	427.0	263.0
105324	291100	441.0	266.0
105336	291100	454.0	268.0
105348	291100	468.0	270.0
105360	291100	485.0	272.0
105372	291100	504.0	275.0
105384	291100	525.0	276.0
105396	291100	550.0	280.0
105408	291100	581.0	283.0
105420	291100	617.0	288.0
105432	291100	664.0	294.0
105444	291100	723.0	301.0
105456	291100	800.0	311.0
105468	291100	905.0	324.0
105480	291100	990.0	344.0
105276	291105	242.0	251.0
105288	291105	242.0	250.0
105300	291105	244.5	251.0
105312	291105	248.0	251.0
105324	291105	249.0	250.0
105336	291105	251.0	251.0
105348	291105	252.0	250.0
105360	291105	253.0	250.0
105372	291105	255.0	252.0
105384	291105	259.0	253.0
105396	291105	261.0	253.0
105408	291105	266.0	253.0
105420	291105	267.0	252.0
105432	291105	268.0	253.0
105444	291105	267.0	254.0
105456	291105	270.0	254.0
105468	291105	268.0	255.0
105480	291105	271.0	255.0
105492	291105	274.0	256.0
105504	291105	276.0	256.0
105516	291105	282.0	257.0
105528	291105	287.0	257.0
105540	291105	292.0	258.0
105552	291105	293.0	259.0
105564	291105	298.0	259.0
105576	291105	302.0	260.0
105588	291105	306.0	261.0
105600	291105	310.0	262.0
105612	291105	316.0	263.0
105624	291105	321.0	263.0
105636	291105	324.0	264.0
105648	291105	329.0	266.0
105660	291105	336.0	267.0
105672	291105	342.0	268.0
105684	291105	351.0	269.0
105696	291105	358.0	271.0
105708	291105	367.0	273.0
105720	291105	377.0	274.0
105732	291105	388.0	275.0
105744	291105	401.0	279.0
105756	291105	419.0	283.0
105768	291105	437.0	287.0
105780	291105	459.0	292.0
105792	291105	487.0	299.0
105804	291105	522.0	306.0
105816	291105	568.0	317.0
105828	291105	633.0	332.0
105840	291105	724.0	352.0
105852	291105	868.0	384.0
105864	291105	1008.0	444.0
105300	291106	276.0	250.0
105312	291106	277.04761904761904	250.26190476190476
105324	291106	278.1904761904762	250.54761904761904
105336	291106	279.3333333333333	250.83333333333334
105348	291106	281.0	252.0
105360	291106	285.42857142857144	252.85714285714286
105372	291106	289.0	253.0
105384	291106	291.0	253.0
105396	291106	295.0	253.0
105408	291106	299.0	254.0
105420	291106	302.0	254.0
105432	291106	305.0	255.0
105444	291106	309.0	257.0
105456	291106	313.0	257.0
105468	291106	317.0	258.0
105480	291106	323.0	259.0
105492	291106	327.0	259.0
105504	291106	333.0	260.0
105516	291106	339.0	260.0
105528	291106	346.0	261.0
105540	291106	355.0	262.0
105552	291106	363.0	263.0
105564	291106	371.0	264.0
105576	291106	381.0	266.0
105588	291106	393.0	267.0
105600	291106	405.0	268.0
105612	291106	420.0	270.0
105624	291106	435.0	271.0
105636	291106	454.0	273.0
105648	291106	475.0	274.0
105660	291106	499.0	277.0
105672	291106	528.0	280.0
105684	291106	561.0	283.0
105696	291106	602.0	287.0
105708	291106	652.0	294.0
105720	291106	715.0	301.0
105732	291106	794.0	311.0
105744	291106	903.0	324.0
105756	291106	990.0	344.0
105648	291175	202.0	249.0
105660	291175	208.0	250.0
105672	291175	215.0	252.0
105684	291175	219.0	251.0
105696	291175	223.0	251.0
105708	291175	229.0	252.0
105720	291175	232.75	252.25
105732	291175	235.05882352941177	250.8235294117647
105744	291175	239.2941176470588	250.11764705882354
105756	291175	243.0	252.0
105768	291175	244.0	250.0
105780	291175	245.0	251.0
105792	291175	249.57142857142858	251.71428571428572
105804	291175	251.1818181818182	251.1818181818182
105816	291175	252.0	252.0
105828	291175	252.0	251.0
105840	291175	253.0	252.0
105852	291175	253.0	253.0
105864	291175	253.0	253.0
105876	291175	252.8	253.0
105888	291175	252.0	253.0
105900	291175	253.0	253.0
105912	291175	254.0	254.0
105924	291175	255.0	253.0
105936	291175	257.0	254.0
105948	291175	258.5	255.0
105756	291195	347.0	256.0
105768	291195	351.0	258.0
105780	291195	359.0	258.0
105792	291195	369.0	259.0
105804	291195	379.0	260.0
105816	291195	388.0	260.0
105828	291195	396.0	262.0
105840	291195	403.0	263.0
105852	291195	412.0	264.0
105864	291195	422.0	265.0
105876	291195	432.0	266.0
105888	291195	444.0	268.0
105900	291195	457.0	269.0
105912	291195	472.0	271.0
105924	291195	490.0	273.0
105936	291195	510.0	275.0
105948	291195	533.0	278.0
105960	291195	560.0	281.0
105972	291195	593.0	286.0
105984	291195	633.0	291.0
105996	291195	684.0	298.0
106008	291195	748.0	305.0
106020	291195	835.0	316.0
106032	291195	954.0	331.0
106044	291195	1005.0	357.0
