12	150639	563.0	322.0
24	150639	566.0	322.0
36	150639	568.0	322.0
48	150639	568.0	323.0
60	150639	570.0	324.0
72	150639	570.0	324.0
84	150639	573.0	325.0
96	150639	574.0	325.0
108	150639	576.0	325.0
120	150639	579.0	327.0
132	150639	581.0	327.0
144	150639	582.0	328.0
156	150639	587.0	329.0
168	150639	590.0	329.0
180	150639	595.0	331.0
192	150639	599.0	332.0
204	150639	604.0	333.0
216	150639	611.0	335.0
228	150639	619.0	337.0
240	150639	628.0	340.0
252	150639	641.0	343.0
264	150639	655.0	347.0
276	150639	676.0	353.0
288	150639	704.0	360.0
300	150639	746.0	370.0
312	150639	813.0	388.0
324	150639	940.0	420.0
336	150639	1011.0	469.0
168	150669	571.0	322.0
180	150669	573.0	323.0
192	150669	574.0	323.0
204	150669	576.0	323.0
216	150669	578.0	324.0
228	150669	581.0	327.0
240	150669	583.0	326.0
252	150669	586.0	327.0
264	150669	588.0	328.0
276	150669	592.0	328.0
288	150669	595.0	329.0
300	150669	597.0	330.0
312	150669	603.0	331.0
324	150669	607.0	333.0
336	150669	614.0	335.0
348	150669	622.0	337.0
360	150669	632.0	340.0
372	150669	642.0	343.0
384	150669	658.0	346.0
396	150669	678.0	352.0
408	150669	705.0	359.0
420	150669	749.0	371.0
432	150669	818.0	390.0
444	150669	952.0	426.0
456	150669	1021.0	491.0
336	150711	575.0	322.0
348	150711	576.0	324.0
360	150711	577.0	324.0
372	150711	577.0	324.0
384	150711	579.5	324.0
396	150711	582.0	325.0
408	150711	582.3333333333334	325.0
420	150711	586.0	326.0
432	150711	588.0	327.0
444	150711	590.0	327.0
456	150711	594.0	329.0
468	150711	596.0	329.0
480	150711	601.0	330.0
492	150711	604.0	331.0
504	150711	609.0	332.0
516	150711	614.0	334.0
528	150711	618.0	335.0
540	150711	621.0	337.0
552	150711	624.0	339.0
564	150711	624.0	341.0
576	150711	619.0	345.0
588	150711	610.0	352.0
600	150711	601.0	364.0
612	150711	604.0	381.0
624	150711	628.0	396.0
636	150711	697.0	418.0
648	150711	872.0	454.0
660	150711	1029.0	510.0
660	150912	398.0	333.0
672	150912	418.0	330.0
684	150912	438.5	327.0
696	150912	454.0	327.0
708	150912	462.5	326.5
720	150912	467.5	326.0
732	150912	472.0	327.0
744	150912	476.0	328.0
756	150912	479.0	328.0
768	150912	484.0	329.0
780	150912	489.0	330.0
792	150912	495.0	332.0
804	150912	502.0	333.0
816	150912	510.0	334.0
828	150912	520.0	336.0
840	150912	532.0	338.0
852	150912	546.0	340.0
864	150912	564.0	344.0
876	150912	588.0	348.0
888	150912	619.0	353.0
900	150912	664.0	361.0
912	150912	732.0	373.0
924	150912	843.0	393.0
936	150912	994.0	431.0
696	150962	486.6666666666667	325.0
708	150962	497.0	324.0
720	150962	504.0	324.0
732	150962	511.0	325.0
744	150962	517.0	326.0
756	150962	522.0	327.0
768	150962	527.0	327.0
780	150962	535.0	328.0
792	150962	540.0	329.0
804	150962	549.0	330.0
816	150962	557.0	330.0
828	150962	568.0	332.0
840	150962	580.0	333.0
852	150962	595.0	335.0
864	150962	611.0	337.0
876	150962	633.0	340.0
888	150962	660.0	343.0
900	150962	697.0	348.0
912	150962	748.0	354.0
924	150962	806.0	343.0
936	150962	908.0	366.0
780	151006	504.5217391304348	324.0
792	151006	506.60869565217394	324.0
804	151006	509.375	324.75
816	151006	511.625	323.25
828	151006	513.875	321.75
840	151006	518.5	321.6666666666667
852	151006	526.0	326.0
864	151006	529.5	326.0
876	151006	535.0	327.0
888	151006	544.0	328.0
900	151006	555.0	330.0
912	151006	558.0	329.0
924	151006	569.0	331.0
936	151006	577.0	331.0
948	151006	590.0	333.0
960	151006	604.0	335.0
972	151006	624.0	337.0
984	151006	647.0	339.0
996	151006	678.0	343.0
1008	151006	719.0	347.0
1020	151006	775.0	354.0
1032	151006	858.0	360.0
1044	151006	968.0	375.0
1056	151006	1002.5	390.0
792	151007	485.14285714285717	321.14285714285717
804	151007	488.0	323.0
816	151007	491.0	322.0
828	151007	492.0	322.0
840	151007	494.0	322.0
852	151007	497.0	322.0
864	151007	499.0	323.0
876	151007	502.0	324.0
888	151007	504.0	324.0
900	151007	507.0	324.0
912	151007	510.0	325.0
924	151007	514.0	325.0
936	151007	518.0	326.0
948	151007	523.0	326.0
960	151007	529.0	326.0
972	151007	535.0	327.0
984	151007	542.0	328.0
996	151007	549.0	329.0
1008	151007	557.0	330.0
1020	151007	568.0	331.0
1032	151007	578.0	332.0
1044	151007	591.0	334.0
1056	151007	608.0	336.0
1068	151007	626.0	338.0
1080	151007	648.0	340.0
1092	151007	679.0	344.0
1104	151007	718.0	348.0
1116	151007	773.0	355.0
1128	151007	854.0	364.0
1140	151007	961.0	378.0
1152	151007	988.0	381.0
1164	151007	985.0	379.0
1176	151007	993.0	384.0
876	151034	472.0	322.0
888	151034	470.62857142857143	322.0
900	151034	469.25714285714287	322.0
912	151034	468.0	323.0
924	151034	466.0	323.0
936	151034	467.0	323.0
948	151034	467.0	323.0
960	151034	467.0	323.0
972	151034	467.0	323.0
984	151034	468.0	325.0
996	151034	468.0	325.0
1008	151034	470.0	325.0
1020	151034	472.0	325.0
1032	151034	473.0	327.0
1044	151034	473.0	327.0
1056	151034	476.0	328.0
1068	151034	477.0	329.0
1080	151034	481.0	329.0
1092	151034	484.0	330.0
1104	151034	489.0	331.0
1116	151034	494.0	332.0
1128	151034	501.0	333.0
1140	151034	508.0	335.0
1152	151034	517.0	337.0
1164	151034	530.0	340.0
1176	151034	544.0	343.0
1188	151034	563.0	347.0
1200	151034	588.0	353.0
1212	151034	624.0	361.0
1224	151034	678.0	373.0
1236	151034	771.0	395.0
1248	151034	957.0	439.0
912	151040	478.0	323.0
924	151040	478.0	324.0
936	151040	481.0	324.0
948	151040	483.0	324.0
960	151040	486.0	325.0
972	151040	488.0	325.0
984	151040	490.0	326.0
996	151040	493.0	326.0
1008	151040	497.0	327.0
1020	151040	501.0	327.0
1032	151040	504.0	328.0
1044	151040	509.0	329.0
1056	151040	516.0	330.0
1068	151040	522.0	331.0
1080	151040	528.0	332.0
1092	151040	535.0	333.0
1104	151040	545.0	334.0
1116	151040	557.0	336.0
1128	151040	571.0	339.0
1140	151040	588.0	342.0
1152	151040	610.0	345.0
1164	151040	638.0	349.0
1176	151040	678.0	356.0
1188	151040	734.0	365.0
1200	151040	825.0	379.0
1212	151040	968.0	404.0
1128	151089	476.0	323.0
1140	151089	475.0	323.0
1152	151089	476.0	323.0
1164	151089	478.0	324.0
1176	151089	480.0	325.0
1188	151089	482.0	324.0
1200	151089	484.0	325.0
1212	151089	487.0	326.0
1224	151089	490.0	325.0
1236	151089	492.0	325.0
1248	151089	496.0	326.0
1260	151089	499.0	327.0
1272	151089	502.0	326.0
1284	151089	507.0	328.0
1296	151089	511.0	328.0
1308	151089	518.0	330.0
1320	151089	524.0	331.0
1332	151089	532.0	332.0
1344	151089	542.0	334.0
1356	151089	551.0	336.0
1368	151089	564.0	337.0
1380	151089	581.0	340.0
1392	151089	600.0	343.0
1404	151089	627.0	348.0
1416	151089	664.0	355.0
1428	151089	718.0	364.0
1440	151089	804.0	379.0
1452	151089	955.0	405.0
1164	151098	529.6769230769231	324.89230769230767
1176	151098	529.123076923077	324.7076923076923
1188	151098	528.5692307692308	324.5230769230769
1200	151098	528.0153846153846	324.33846153846156
1212	151098	527.4615384615385	324.15384615384613
1224	151098	527.0	324.0
1236	151098	533.0	325.0
1248	151098	539.0	326.0
1260	151098	544.0	326.0
1272	151098	551.0	327.0
1284	151098	558.0	327.0
1296	151098	567.0	328.0
1308	151098	576.0	329.0
1320	151098	587.0	330.0
1332	151098	600.0	331.0
1344	151098	615.0	333.0
1356	151098	632.0	334.0
1368	151098	654.0	336.0
1380	151098	680.0	339.0
1392	151098	714.0	342.0
1404	151098	756.0	346.0
1416	151098	814.0	351.0
1428	151098	895.0	358.0
1440	151098	977.0	367.0
1188	151100	76.36363636363636	539.0
1200	151100	76.9090909090909	539.0
1212	151100	78.0	539.0
1224	151100	78.0	539.0
1236	151100	78.83333333333333	539.0
1248	151100	79.0	539.0
1260	151100	79.0	539.0
1272	151100	79.0	539.0
1284	151100	79.0	539.0
1296	151100	77.98245614035088	538.0
1308	151100	77.7719298245614	538.0
1320	151100	77.56140350877193	538.0
1332	151100	77.35087719298245	538.0
1344	151100	77.14035087719299	538.0
1356	151100	77.0	538.5714285714286
1368	151100	78.0	539.0
1380	151100	77.0	539.0
1392	151100	78.0	538.0
1404	151100	78.0	539.0
1416	151100	78.0	539.0
1428	151100	78.0	539.0
1440	151100	78.0	539.0
1452	151100	77.0	539.0
1464	151100	78.0	539.0
1476	151100	78.0	539.0
1488	151100	77.0	539.0
1500	151100	78.0	539.0
1512	151100	78.0	539.0
1524	151100	78.0	539.0
1536	151100	78.0	539.0
1548	151100	76.0	538.0
1560	151100	77.0	539.0
1572	151100	78.0	539.0
1584	151100	77.0	539.0
1596	151100	78.0	539.0
1608	151100	78.0	538.0
1620	151100	79.0	539.0
1632	151100	79.0	539.0
1644	151100	79.0	539.0
1656	151100	78.0	539.0
1668	151100	78.0	539.0
1680	151100	77.5	539.0
1692	151100	77.0	539.0
1704	151100	77.16666666666667	539.0
1716	151100	78.0	539.0
1728	151100	77.0	538.3333333333334
1740	151100	77.0	539.0
1752	151100	78.0	539.0
1764	151100	78.0	539.0
1776	151100	78.0	539.0
1788	151100	78.75	539.0
1800	151100	80.42857142857143	539.0
1812	151100	79.0	539.0
1824	151100	79.0	539.0
1836	151100	80.0	539.0
1848	151100	78.0	539.0
1860	151100	78.0	539.0
1872	151100	78.5	539.0
1884	151100	79.0	539.0
1896	151100	78.0	539.0
1908	151100	77.0	539.0
1920	151100	77.0	538.0
1932	151100	78.0	539.0
1944	151100	77.0	539.0
1956	151100	77.0	539.0
1968	151100	77.0	538.0
1980	151100	77.66666666666667	538.0
1992	151100	78.27777777777777	538.2777777777778
2004	151100	78.61111111111111	538.6111111111111
2016	151100	78.94444444444444	538.9444444444445
2028	151100	79.5	539.0
2040	151100	78.36363636363636	539.0
2052	151100	79.0	539.0
2064	151100	79.0	539.0
2076	151100	79.0	539.0
2088	151100	78.375	539.0
2100	151100	78.81818181818181	539.0
2112	151100	77.53846153846153	538.5384615384615
2124	151100	78.0	538.0
2136	151100	78.0	539.0
2148	151100	78.84615384615384	538.8461538461538
2160	151100	78.0	538.0
2172	151100	77.0	538.3
2184	151100	77.0	538.9
1188	151103	501.0	323.0
1200	151103	503.0	323.0
1212	151103	505.0	323.0
1224	151103	509.0	323.0
1236	151103	512.0	324.0
1248	151103	515.0	324.0
1260	151103	516.0	325.0
1272	151103	521.0	324.0
1284	151103	526.0	324.0
1296	151103	529.0	325.0
1308	151103	534.0	326.0
1320	151103	539.5	326.0
1332	151103	545.0	327.0
1344	151103	551.0	327.0
1356	151103	559.0	328.0
1368	151103	568.0	329.0
1380	151103	574.4	328.6
1392	151103	580.8	328.2
1404	151103	589.0	329.0
1416	151103	595.0	328.0
1428	151103	609.0	330.0
1440	151103	627.0	331.0
1452	151103	648.0	333.0
1464	151103	673.0	336.0
1476	151103	702.0	339.0
1488	151103	738.0	341.0
1500	151103	783.0	345.0
1512	151103	845.0	350.0
1524	151103	933.0	357.0
1284	151151	492.0	322.0
1296	151151	495.06666666666666	323.26666666666665
1308	151151	498.0	324.0
1320	151151	500.0	324.0
1332	151151	503.0	324.0
1344	151151	506.0	325.0
1356	151151	510.0	326.0
1368	151151	514.0	326.0
1380	151151	518.0	326.0
1392	151151	524.0	327.0
1404	151151	530.0	327.0
1416	151151	535.0	328.0
1428	151151	543.0	329.0
1440	151151	552.0	330.0
1452	151151	561.0	331.0
1464	151151	574.0	332.0
1476	151151	587.0	334.0
1488	151151	604.0	336.0
1500	151151	623.0	337.0
1512	151151	649.0	341.0
1524	151151	681.0	344.0
1536	151151	725.0	350.0
1548	151151	786.0	357.0
1560	151151	877.0	367.0
1572	151151	981.0	383.0
1404	151184	494.0	322.0
1416	151184	497.85714285714283	323.2857142857143
1428	151184	501.0	324.0
1440	151184	502.0	324.0
1452	151184	505.0	324.0
1464	151184	509.0	325.0
1476	151184	513.0	325.0
1488	151184	517.0	326.0
1500	151184	522.0	326.0
1512	151184	528.0	327.0
1524	151184	533.0	327.0
1536	151184	540.0	328.0
1548	151184	547.0	329.0
1560	151184	556.0	330.0
1572	151184	565.0	331.0
1584	151184	577.0	332.0
1596	151184	590.0	334.0
1608	151184	606.0	335.0
1620	151184	624.0	337.0
1632	151184	648.0	340.0
1644	151184	679.0	344.0
1656	151184	719.0	349.0
1668	151184	775.0	355.0
1680	151184	856.0	364.0
1692	151184	969.0	378.0
1416	151189	513.0	323.0
1428	151189	517.0	324.0
1440	151189	520.3333333333334	324.94444444444446
1452	151189	524.3333333333334	324.27777777777777
1464	151189	528.0	324.0
1476	151189	533.0	325.0
1488	151189	538.0	325.0
1500	151189	544.0	325.0
1512	151189	551.0	326.0
1524	151189	558.0	327.0
1536	151189	566.0	327.0
1548	151189	574.0	328.0
1560	151189	584.0	330.0
1572	151189	595.0	331.0
1584	151189	609.0	332.0
1596	151189	625.0	334.0
1608	151189	645.0	335.0
1620	151189	669.0	337.0
1632	151189	698.0	340.0
1644	151189	738.0	344.0
1656	151189	789.0	349.0
1668	151189	861.0	356.0
1680	151189	963.0	366.0
1452	151197	478.0	323.0
1464	151197	480.0	325.0
1476	151197	481.0	324.0
1488	151197	484.0	324.0
1500	151197	486.0	325.0
1512	151197	488.0	325.0
1524	151197	491.0	326.0
1536	151197	494.0	326.0
1548	151197	498.0	327.0
1560	151197	501.0	326.0
1572	151197	506.0	328.0
1584	151197	510.0	329.0
1596	151197	516.0	330.0
1608	151197	524.0	331.0
1620	151197	532.0	332.0
1632	151197	541.0	334.0
1644	151197	552.0	336.0
1656	151197	566.0	337.0
1668	151197	583.0	340.0
1680	151197	607.0	344.0
1692	151197	636.0	349.0
1704	151197	680.0	356.0
1716	151197	743.0	366.0
1728	151197	849.0	383.0
1740	151197	989.0	414.0
1572	151220	467.0	322.0
1584	151220	469.0	322.0
1596	151220	470.0	322.0
1608	151220	470.0	322.0
1620	151220	471.0	322.0
1632	151220	473.0	322.0
1644	151220	475.0	322.0
1656	151220	476.0	322.0
1668	151220	478.0	324.0
1680	151220	479.0	324.0
1692	151220	480.0	324.0
1704	151220	483.0	324.0
1716	151220	485.0	325.0
1728	151220	486.0	325.0
1740	151220	490.0	325.0
1752	151220	493.0	326.0
1764	151220	497.0	327.0
1776	151220	499.0	327.0
1788	151220	504.0	328.0
1800	151220	508.0	328.0
1812	151220	513.0	330.0
1824	151220	520.0	331.0
1836	151220	527.0	332.0
1848	151220	536.0	334.0
1860	151220	548.0	335.0
1872	151220	559.0	337.0
1884	151220	577.0	340.0
1896	151220	596.0	344.0
1908	151220	623.0	348.0
1920	151220	659.0	354.0
1932	151220	712.0	362.0
1944	151220	794.0	376.0
1956	151220	940.0	399.0
1620	151229	487.0	323.0
1632	151229	489.0	323.0
1644	151229	490.0	323.0
1656	151229	493.0	323.0
1668	151229	495.0	323.0
1680	151229	498.0	324.0
1692	151229	501.0	324.0
1704	151229	504.0	325.0
1716	151229	508.0	325.0
1728	151229	511.0	326.0
1740	151229	515.0	326.0
1752	151229	520.0	326.0
1764	151229	527.0	327.0
1776	151229	533.0	328.0
1788	151229	540.0	328.0
1800	151229	546.0	329.0
1812	151229	556.0	331.0
1824	151229	567.0	331.0
1836	151229	579.0	333.0
1848	151229	594.0	335.0
1860	151229	613.0	337.0
1872	151229	638.0	340.0
1884	151229	668.0	343.0
1896	151229	710.0	348.0
1908	151229	767.0	355.0
1920	151229	855.0	364.0
1932	151229	976.0	381.0
1932	151323	473.0	321.0
1944	151323	475.0	322.0
1956	151323	476.0	321.0
1968	151323	477.0	321.0
1980	151323	478.0	321.0
1992	151323	479.5	322.0
2004	151323	481.0	322.0
2016	151323	483.3125	322.0
2028	151323	485.0	322.0
2040	151323	487.0	322.0
2052	151323	488.0	322.0
2064	151323	490.3	322.0
2076	151323	493.0	322.0
2088	151323	496.5	323.5
2100	151323	497.0	324.0
2112	151323	500.0	324.0
2124	151323	503.0	324.0
2136	151323	506.0	324.0
2148	151323	509.0	325.0
2160	151323	512.0	325.0
2172	151323	517.0	325.0
2184	151323	520.0	326.0
2196	151323	526.0	327.0
2208	151323	530.0	327.0
2220	151323	537.0	328.0
2232	151323	543.0	328.0
2244	151323	551.0	330.0
2256	151323	559.0	331.0
2268	151323	569.0	332.0
2280	151323	581.0	333.0
2292	151323	594.0	335.0
2304	151323	610.0	337.0
2316	151323	631.0	339.0
2328	151323	656.0	342.0
2340	151323	690.0	346.0
2352	151323	735.0	352.0
2364	151323	798.0	359.0
2376	151323	895.0	370.0
2388	151323	988.0	388.0
2124	151353	487.0	322.0
2136	151353	487.0	322.0
2148	151353	489.0	323.0
2160	151353	490.0	322.0
2172	151353	492.0	322.0
2184	151353	496.0	323.0
2196	151353	497.0	325.0
2208	151353	500.0	324.0
2220	151353	503.0	324.0
2232	151353	506.0	325.0
2244	151353	509.0	325.0
2256	151353	513.0	325.0
2268	151353	516.0	326.0
2280	151353	521.0	326.0
2292	151353	527.0	327.0
2304	151353	532.0	327.0
2316	151353	539.0	328.0
2328	151353	545.0	328.0
2340	151353	554.0	330.0
2352	151353	563.0	330.0
2364	151353	572.0	332.0
2376	151353	586.0	333.0
2388	151353	599.0	335.0
2400	151353	617.0	337.0
2412	151353	639.0	339.0
2424	151353	666.0	342.0
2436	151353	700.0	346.0
2448	151353	748.0	352.0
2460	151353	814.0	359.0
2472	151353	914.0	369.0
2484	151353	995.0	387.0
2316	151391	475.0	324.0
2328	151391	478.0	324.0
2340	151391	479.0	325.0
2352	151391	481.0	325.0
2364	151391	484.0	325.0
2376	151391	486.0	326.0
2388	151391	489.0	326.0
2400	151391	492.0	327.0
2412	151391	497.0	328.0
2424	151391	499.0	328.0
2436	151391	503.0	328.0
2448	151391	508.0	329.0
2460	151391	513.0	330.0
2472	151391	519.0	330.0
2484	151391	525.0	331.0
2496	151391	531.0	332.0
2508	151391	539.0	333.0
2520	151391	548.0	334.0
2532	151391	558.0	336.0
2544	151391	569.0	337.0
2556	151391	583.0	340.0
2568	151391	600.0	343.0
2580	151391	622.0	346.0
2592	151391	648.0	350.0
2604	151391	684.0	356.0
2616	151391	732.0	363.0
2628	151391	803.0	374.0
2640	151391	914.0	390.0
2652	151391	998.0	418.0
2376	151405	523.0	324.0
2388	151405	528.0	324.0
2400	151405	529.0	324.0
2412	151405	535.0	324.0
2424	151405	540.0	325.0
2436	151405	545.0	326.0
2448	151405	552.0	325.0
2460	151405	558.0	326.0
2472	151405	568.0	327.0
2484	151405	575.0	327.0
2496	151405	587.0	328.0
2508	151405	598.0	329.0
2520	151405	610.0	330.0
2532	151405	625.0	331.0
2544	151405	645.0	333.0
2556	151405	666.0	335.0
2568	151405	694.0	337.0
2580	151405	727.0	340.0
2592	151405	773.0	344.0
2604	151405	831.0	349.0
2616	151405	912.0	355.0
2628	151405	982.0	363.0
2400	151415	477.0	325.0
2412	151415	481.0	326.0
2424	151415	483.3157894736842	325.0
2436	151415	486.4736842105263	325.0
2448	151415	489.0	326.0
2460	151415	493.0	326.0
2472	151415	497.0	327.0
2484	151415	502.0	328.0
2496	151415	505.0	328.0
2508	151415	510.0	330.0
2520	151415	515.0	330.0
2532	151415	523.0	331.0
2544	151415	528.0	332.0
2556	151415	535.0	333.0
2568	151415	542.0	334.0
2580	151415	552.0	336.0
2592	151415	564.0	338.0
2604	151415	577.0	340.0
2616	151415	592.0	342.0
2628	151415	611.0	345.0
2640	151415	635.0	349.0
2652	151415	665.0	354.0
2664	151415	705.0	360.0
2676	151415	762.0	369.0
2688	151415	848.0	383.0
2700	151415	970.0	405.0
2544	151436	500.78125	322.03125
2556	151436	498.15625	322.40625
2568	151436	495.53125	322.78125
2580	151436	495.0	323.0
2592	151436	498.57142857142856	324.0
2604	151436	502.2	324.0
2616	151436	504.0	323.0
2628	151436	507.0	324.0
2640	151436	512.5	325.0
2652	151436	516.0	325.0
2664	151436	520.0	325.0
2676	151436	526.0	326.0
2688	151436	530.0	327.0
2700	151436	537.0	328.0
2712	151436	544.0	328.0
2724	151436	553.0	329.0
2736	151436	562.0	330.0
2748	151436	573.0	331.0
2760	151436	586.0	333.0
2772	151436	602.0	334.0
2784	151436	621.0	337.0
2796	151436	643.0	340.0
2808	151436	671.0	343.0
2820	151436	708.0	347.0
2832	151436	758.0	353.0
2844	151436	828.0	361.0
2856	151436	948.0	373.0
2868	151436	995.0	384.0
2676	151480	506.0	324.0
2688	151480	509.0	325.0
2700	151480	514.0	326.0
2712	151480	521.0	325.0
2724	151480	525.0	326.0
2736	151480	530.0	327.0
2748	151480	534.0	327.0
2760	151480	541.0	329.0
2772	151480	549.0	329.0
2784	151480	558.0	331.0
2796	151480	568.0	331.0
2808	151480	579.0	332.0
2820	151480	592.0	334.0
2832	151480	610.0	336.0
2844	151480	629.0	338.0
2856	151480	654.0	341.0
2868	151480	686.0	345.0
2880	151480	728.0	349.0
2892	151480	787.0	356.0
2904	151480	874.0	365.0
2916	151480	976.0	380.0
2724	151497	498.7142857142857	323.0
2736	151497	500.6666666666667	324.0
2748	151497	503.3333333333333	324.0
2760	151497	507.0	324.0
2772	151497	509.0	325.0
2784	151497	514.0	325.0
2796	151497	517.0	325.0
2808	151497	523.0	326.0
2820	151497	527.0	326.0
2832	151497	533.0	327.0
2844	151497	541.0	328.0
2856	151497	548.0	329.0
2868	151497	557.0	329.0
2880	151497	567.0	331.0
2892	151497	578.0	332.0
2904	151497	592.0	333.0
2916	151497	609.0	335.0
2928	151497	628.0	338.0
2940	151497	654.0	340.0
2952	151497	680.0	337.0
2964	151497	727.0	341.0
2976	151497	790.0	355.0
2988	151497	877.0	365.0
3000	151497	971.0	381.0
3012	151497	965.0	365.0
3024	151497	994.0	374.0
2724	151501	475.0	325.0
2736	151501	479.0	325.0
2748	151501	480.6666666666667	325.0
2760	151501	482.0	325.0
2772	151501	485.6666666666667	325.0
2784	151501	489.0	327.0
2796	151501	492.0	327.0
2808	151501	496.0	327.0
2820	151501	500.0	328.0
2832	151501	506.0	329.0
2844	151501	510.0	329.0
2856	151501	516.0	331.0
2868	151501	522.0	331.0
2880	151501	531.0	333.0
2892	151501	538.6666666666666	333.3333333333333
2904	151501	547.4130434782609	334.95652173913044
2916	151501	555.5	336.0
2928	151501	563.5869565217391	337.04347826086956
2940	151501	572.0	340.0
2952	151501	601.0	346.0
2964	151501	636.0	351.0
2976	151501	675.0	358.0
2988	151501	730.0	367.0
3000	151501	812.0	381.0
3012	151501	955.0	404.0
2724	151502	465.0	326.0
2736	151502	466.0	327.0
2748	151502	467.0	327.0
2760	151502	470.0	328.0
2772	151502	473.0	329.0
2784	151502	476.0	328.0
2796	151502	479.0	330.0
2808	151502	483.0	330.0
2820	151502	487.0	332.0
2832	151502	492.0	333.0
2844	151502	498.0	334.0
2856	151502	504.0	336.0
2868	151502	513.0	339.0
2880	151502	522.0	341.0
2892	151502	534.0	344.0
2904	151502	550.0	348.0
2916	151502	569.0	353.0
2928	151502	596.0	360.0
2940	151502	637.0	371.0
2952	151502	705.0	388.0
2964	151502	833.0	420.0
2976	151502	1016.0	501.0
2796	151519	464.0	324.0
2808	151519	465.0	325.0
2820	151519	466.0	325.0
2832	151519	468.0	325.0
2844	151519	469.0	326.0
2856	151519	472.0	328.0
2868	151519	473.0	328.0
2880	151519	476.0	328.0
2892	151519	480.0	329.0
2904	151519	482.0	329.0
2916	151519	487.0	330.0
2928	151519	491.0	331.0
2940	151519	497.0	332.0
2952	151519	503.0	333.0
2964	151519	511.0	335.0
2976	151519	519.0	337.0
2988	151519	529.0	339.0
3000	151519	542.0	342.0
3012	151519	558.0	345.0
3024	151519	581.0	350.0
3036	151519	610.0	356.0
3048	151519	654.0	364.0
3060	151519	719.0	377.0
3072	151519	832.0	398.0
3084	151519	991.0	440.0
2940	151559	477.9	322.6
2952	151559	482.0	323.0
2964	151559	486.6666666666667	324.0
2976	151559	491.0	324.0
2988	151559	495.0	325.0
3000	151559	499.0	326.0
3012	151559	504.0	325.0
3024	151559	510.0	327.0
3036	151559	517.0	327.0
3048	151559	523.0	328.0
3060	151559	529.0	329.0
3072	151559	538.0	329.0
3084	151559	546.0	330.0
3096	151559	557.0	332.0
3108	151559	571.0	333.0
3120	151559	584.0	334.0
3132	151559	600.0	336.0
3144	151559	623.0	339.0
3156	151559	650.0	343.0
3168	151559	683.0	346.0
3180	151559	731.0	351.0
3192	151559	797.0	359.0
3204	151559	898.0	370.0
3216	151559	988.0	388.0
3048	151587	455.0	324.0
3060	151587	455.625	324.0
3072	151587	455.25	324.05
3084	151587	456.75	324.35
3096	151587	458.25	324.65
3108	151587	459.75	324.95
3120	151587	460.0	325.0
3132	151587	461.6666666666667	325.0
3144	151587	464.0	327.0
3156	151587	467.0	327.0
3168	151587	468.0	327.0
3180	151587	471.0	328.0
3192	151587	474.0	329.0
3204	151587	477.0	330.0
3216	151587	481.0	331.0
3228	151587	485.0	331.0
3240	151587	490.0	332.0
3252	151587	496.0	333.0
3264	151587	501.0	335.0
3276	151587	507.0	337.0
3288	151587	516.0	339.0
3300	151587	526.0	342.0
3312	151587	537.0	345.0
3324	151587	554.0	349.0
3336	151587	574.0	355.0
3348	151587	603.0	362.0
3360	151587	648.0	374.0
3372	151587	720.0	394.0
3384	151587	868.0	431.0
3396	151587	1026.0	509.0
3072	151590	478.0	324.0
3084	151590	479.0	324.0
3096	151590	481.0	324.0
3108	151590	484.2857142857143	324.14285714285717
3120	151590	487.0	325.0
3132	151590	490.0	325.0
3144	151590	493.0	326.0
3156	151590	497.0	328.0
3168	151590	502.0	327.0
3180	151590	506.0	328.0
3192	151590	512.0	329.0
3204	151590	519.0	330.0
3216	151590	528.0	332.0
3228	151590	535.0	333.0
3240	151590	547.0	334.0
3252	151590	560.0	337.0
3264	151590	577.0	339.0
3276	151590	600.0	343.0
3288	151590	629.0	347.0
3300	151590	671.0	354.0
3312	151590	734.0	364.0
3324	151590	839.0	380.0
3336	151590	989.0	412.0
3264	151661	476.0	325.0
3276	151661	479.0	326.0
3288	151661	482.0	324.0
3300	151661	485.0	326.0
3312	151661	489.0	327.0
3324	151661	492.0	327.0
3336	151661	496.0	328.0
3348	151661	501.0	328.0
3360	151661	506.0	330.0
3372	151661	511.0	330.0
3384	151661	519.0	331.0
3396	151661	527.0	333.0
3408	151661	537.0	335.0
3420	151661	548.0	336.0
3432	151661	564.0	339.0
3444	151661	580.0	342.0
3456	151661	602.0	345.0
3468	151661	631.0	350.0
3480	151661	669.0	357.0
3492	151661	729.0	366.0
3504	151661	823.0	382.0
3516	151661	971.0	409.0
3276	151665	465.42857142857144	322.7142857142857
3288	151665	467.0	323.0
3300	151665	469.53846153846155	324.0
3312	151665	473.2307692307692	324.0
3324	151665	476.0	325.0
3336	151665	479.0	325.0
3348	151665	481.0	325.0
3360	151665	485.0	325.0
3372	151665	489.0	326.0
3384	151665	493.0	327.0
3396	151665	498.0	328.0
3408	151665	504.0	328.0
3420	151665	509.0	329.0
3432	151665	516.0	330.0
3444	151665	526.0	331.0
3456	151665	535.0	332.0
3468	151665	545.0	334.0
3480	151665	558.0	336.0
3492	151665	574.0	337.0
3504	151665	595.0	340.0
3516	151665	622.0	344.0
3528	151665	659.0	349.0
3540	151665	713.0	356.0
3552	151665	793.0	366.0
3564	151665	931.0	384.0
3432	151706	466.0	325.0
3444	151706	467.0	325.0
3456	151706	468.0	326.0
3468	151706	472.0	327.0
3480	151706	471.0	326.0
3492	151706	475.0	328.0
3504	151706	480.0	329.0
3516	151706	481.0	328.0
3528	151706	485.0	330.0
3540	151706	490.0	331.0
3552	151706	495.0	332.0
3564	151706	501.0	334.0
3576	151706	507.0	335.0
3588	151706	515.0	337.0
3600	151706	526.0	340.0
3612	151706	537.0	344.0
3624	151706	555.0	348.0
3636	151706	577.0	354.0
3648	151706	610.0	362.0
3660	151706	663.0	375.0
3672	151706	757.0	400.0
3684	151706	961.0	454.0
3456	151720	482.0	323.0
3468	151720	485.0	323.5
3480	151720	488.0	326.0
3492	151720	490.5	325.0
3504	151720	494.0	325.0
3516	151720	498.0	327.0
3528	151720	501.0	327.0
3540	151720	506.0	328.0
3552	151720	512.0	329.0
3564	151720	518.0	329.0
3576	151720	528.0	331.0
3588	151720	535.0	333.0
3600	151720	546.0	334.0
3612	151720	561.0	337.0
3624	151720	579.0	340.0
3636	151720	603.0	344.0
3648	151720	635.0	349.0
3660	151720	685.0	357.0
3672	151720	766.0	369.0
3684	151720	870.7142857142858	360.2857142857143
3624	151787	465.0	322.0
3636	151787	465.0	320.0
3648	151787	466.0	322.0
3660	151787	467.0	322.0
3672	151787	467.0	323.0
3684	151787	469.0	322.0
3696	151787	469.0	323.0
3708	151787	471.0	323.0
3720	151787	472.0	323.0
3732	151787	474.0	324.0
3744	151787	476.0	324.0
3756	151787	478.0	324.0
3768	151787	479.0	324.0
3780	151787	482.0	324.0
3792	151787	484.0	325.0
3804	151787	487.0	326.0
3816	151787	490.0	325.0
3828	151787	492.0	326.0
3840	151787	496.0	327.0
3852	151787	500.0	328.0
3864	151787	506.0	329.0
3876	151787	511.0	329.0
3888	151787	515.0	330.0
3900	151787	521.0	331.0
3912	151787	529.0	332.0
3924	151787	536.0	333.0
3936	151787	547.0	336.0
3948	151787	560.0	337.0
3960	151787	576.0	341.0
3972	151787	595.0	343.0
3984	151787	622.0	348.0
3996	151787	657.0	354.0
4008	151787	709.0	362.0
4020	151787	791.0	375.0
4032	151787	937.0	399.0
3624	151788	482.0	325.0
3636	151788	484.0	325.0
3648	151788	487.2142857142857	325.64285714285717
3660	151788	492.0	327.0
3672	151788	497.0	328.0
3684	151788	500.0	327.0
3696	151788	504.0	328.0
3708	151788	508.0	329.0
3720	151788	514.0	330.0
3732	151788	521.0	331.0
3744	151788	528.0	332.0
3756	151788	538.0	333.0
3768	151788	548.0	336.0
3780	151788	559.0	337.0
3792	151788	575.0	340.0
3804	151788	594.0	343.0
3816	151788	619.0	347.0
3828	151788	652.0	352.0
3840	151788	698.0	360.0
3852	151788	770.0	372.0
3864	151788	890.0	391.0
3876	151788	1003.0	424.0
3660	151800	513.0	324.0
3672	151800	516.0	325.0
3684	151800	520.0	324.0
3696	151800	525.0	324.0
3708	151800	528.0	325.0
3720	151800	534.0	326.0
3732	151800	540.0	325.0
3744	151800	546.0	327.0
3756	151800	553.0	327.0
3768	151800	561.0	327.0
3780	151800	569.0	328.0
3792	151800	580.0	329.0
3804	151800	590.1666666666666	330.22222222222223
3816	151800	600.1666666666666	331.55555555555554
3828	151800	610.1666666666666	332.8888888888889
3840	151800	633.0	335.0
3852	151800	663.0	337.0
3864	151800	694.0	340.0
3876	151800	733.0	344.0
3888	151800	786.0	349.0
3900	151800	856.0	356.0
3912	151800	960.0	365.0
3696	151812	487.25	322.125
3708	151812	491.0	323.0
3720	151812	492.0	323.0
3732	151812	494.0	324.0
3744	151812	497.0	324.0
3756	151812	500.0	324.0
3768	151812	502.0	324.0
3780	151812	506.0	325.0
3792	151812	509.0	325.0
3804	151812	512.0	325.0
3816	151812	516.0	326.0
3828	151812	520.0	325.0
3840	151812	526.0	327.0
3852	151812	530.0	327.0
3864	151812	535.0	328.0
3876	151812	540.0	329.0
3888	151812	548.0	329.0
3900	151812	555.0	330.0
3912	151812	564.0	331.0
3924	151812	574.0	333.0
3936	151812	587.0	334.0
3948	151812	601.0	336.0
3960	151812	618.0	337.0
3972	151812	638.0	340.0
3984	151812	665.0	343.0
3996	151812	699.0	347.0
4008	151812	745.0	353.0
4020	151812	810.0	360.0
4032	151812	877.5294117647059	364.88235294117646
4044	151812	953.0	376.0
3708	151816	454.0	323.0
3720	151816	454.0	322.0
3732	151816	455.0	323.0
3744	151816	455.0	323.0
3756	151816	456.0	323.0
3768	151816	457.0	324.0
3780	151816	458.0	324.0
3792	151816	459.0	324.0
3804	151816	460.0	324.0
3816	151816	462.0	325.0
3828	151816	463.0	326.0
3840	151816	465.0	325.0
3852	151816	467.0	326.0
3864	151816	468.0	327.0
3876	151816	469.0	327.0
3888	151816	472.0	327.0
3900	151816	474.0	328.0
3912	151816	476.0	329.0
3924	151816	479.0	330.0
3936	151816	482.0	331.0
3948	151816	485.0	332.0
3960	151816	490.0	332.0
3972	151816	494.0	334.0
3984	151816	500.0	335.0
3996	151816	506.0	337.0
4008	151816	514.0	339.0
4020	151816	523.0	342.0
4032	151816	535.0	346.0
4044	151816	550.0	349.0
4056	151816	573.0	356.0
4068	151816	603.0	364.0
4080	151816	650.0	377.0
4092	151816	733.0	400.0
4104	151816	908.0	445.0
4116	151816	1033.0	514.0
4044	151897	452.0	322.0
4056	151897	451.5	322.0
4068	151897	453.0	323.0
4080	151897	453.0	323.0
4092	151897	454.0	323.0
4104	151897	454.0	323.0
4116	151897	455.0	322.0
4128	151897	455.0	322.0
4140	151897	457.0	322.0
4152	151897	458.0	323.0
4164	151897	459.0	324.0
4176	151897	460.0	324.0
4188	151897	461.0	324.0
4200	151897	462.0	324.0
4212	151897	463.0	325.0
4224	151897	464.0	326.0
4236	151897	465.0	326.0
4248	151897	466.0	325.0
4260	151897	467.0	326.0
4272	151897	470.0	327.0
4284	151897	472.0	327.0
4296	151897	475.0	328.0
4308	151897	478.0	328.0
4320	151897	481.0	329.0
4332	151897	485.0	330.0
4344	151897	490.0	330.0
4356	151897	496.0	332.0
4368	151897	502.0	333.0
4380	151897	511.0	334.0
4392	151897	521.0	336.0
4404	151897	531.0	337.0
4416	151897	546.0	341.0
4428	151897	563.0	343.0
4440	151897	584.0	347.0
4452	151897	611.0	351.0
4464	151897	650.0	358.0
4476	151897	704.0	366.0
4488	151897	788.0	381.0
4500	151897	933.0	405.0
4512	151897	1011.0	436.0
4200	151916	481.0	322.0
4212	151916	482.0	323.0
4224	151916	484.0	323.0
4236	151916	486.0	323.0
4248	151916	489.0	324.0
4260	151916	490.0	324.0
4272	151916	492.0	323.0
4284	151916	495.0	325.0
4296	151916	498.0	325.0
4308	151916	500.0	325.0
4320	151916	505.0	325.0
4332	151916	508.0	325.0
4344	151916	511.0	326.0
4356	151916	516.0	326.0
4368	151916	521.0	326.0
4380	151916	527.0	327.0
4392	151916	533.0	327.0
4404	151916	540.0	329.0
4416	151916	547.0	327.0
4428	151916	554.8064516129032	327.0
4440	151916	561.7741935483871	327.0
4452	151916	570.0	331.0
4464	151916	589.0	334.0
4476	151916	612.0	337.0
4488	151916	637.0	340.0
4500	151916	668.0	343.0
4512	151916	710.0	349.0
4524	151916	769.0	355.0
4536	151916	859.0	365.0
4548	151916	975.0	382.0
4212	151919	495.0	322.0
4224	151919	497.0	323.0
4236	151919	499.0	323.0
4248	151919	501.3333333333333	323.0
4260	151919	504.0	323.0
4272	151919	508.0	323.0
4284	151919	511.0	324.0
4296	151919	516.0	325.0
4308	151919	519.0	324.0
4320	151919	524.0	323.0
4332	151919	528.0	325.0
4344	151919	533.0	325.0
4356	151919	539.0	326.0
4368	151919	546.0	326.0
4380	151919	554.0	327.0
4392	151919	563.0	328.0
4404	151919	574.0	329.0
4416	151919	585.0	330.0
4428	151919	600.0	331.0
4440	151919	616.0	333.0
4452	151919	637.0	335.0
4464	151919	663.0	337.0
4476	151919	695.0	335.0
4488	151919	729.1052631578947	335.1578947368421
4500	151919	778.0	345.0
4512	151919	877.0	357.0
4524	151919	975.0	367.0
4380	151937	479.0	322.0
4392	151937	480.0	322.0
4404	151937	481.0	322.0
4416	151937	483.0	321.0
4428	151937	485.0	322.0
4440	151937	487.0	323.0
4452	151937	489.0	323.0
4464	151937	491.0	322.0
4476	151937	492.0	322.0
4488	151937	495.0	323.0
4500	151937	498.0	324.0
4512	151937	501.0	324.0
4524	151937	503.0	324.0
4536	151937	506.0	324.0
4548	151937	510.0	325.0
4560	151937	515.0	326.0
4572	151937	519.0	325.0
4584	151937	525.0	326.0
4596	151937	529.0	327.0
4608	151937	535.0	328.0
4620	151937	541.0	329.0
4632	151937	550.0	329.0
4644	151937	558.0	331.0
4656	151937	569.0	332.0
4668	151937	583.0	333.0
4680	151937	598.0	335.0
4692	151937	616.0	337.0
4704	151937	640.0	340.0
4716	151937	672.0	344.0
4728	151937	714.0	349.0
4740	151937	775.0	356.0
4752	151937	869.0	367.0
4764	151937	982.0	385.0
4836	151974	496.0	322.0
4848	151974	497.0	323.0
4860	151974	502.0	324.0
4872	151974	504.0	324.0
4884	151974	507.0	324.0
4896	151974	510.0	325.0
4908	151974	514.0	325.0
4920	151974	518.0	325.0
4932	151974	526.0	326.0
4944	151974	528.0	327.0
4956	151974	534.0	327.0
4968	151974	541.0	328.0
4980	151974	549.0	329.0
4992	151974	558.0	330.0
5004	151974	569.0	332.0
5016	151974	581.0	333.0
5028	151974	596.0	334.0
5040	151974	615.0	337.0
5052	151974	638.0	339.0
5064	151974	668.0	343.0
5076	151974	707.0	347.0
5088	151974	762.0	354.0
5100	151974	842.0	362.0
5112	151974	965.0	377.0
4992	151989	477.0	323.0
5004	151989	478.0	324.0
5016	151989	480.0	323.0
5028	151989	482.0	324.0
5040	151989	484.0	325.0
5052	151989	487.0	326.0
5064	151989	488.0	325.0
5076	151989	490.0	325.0
5088	151989	494.0	327.0
5100	151989	497.0	328.0
5112	151989	501.0	328.0
5124	151989	506.0	329.0
5136	151989	511.0	329.0
5148	151989	518.0	330.0
5160	151989	527.0	331.0
5172	151989	534.0	333.0
5184	151989	544.0	335.0
5196	151989	556.0	336.0
5208	151989	571.0	339.0
5220	151989	590.0	342.0
5232	151989	614.0	346.0
5244	151989	646.0	352.0
5256	151989	692.0	359.0
5268	151989	763.0	370.0
5280	151989	885.0	390.0
5292	151989	1004.0	426.0
5184	152063	517.3333333333334	326.0
5196	152063	521.0	325.0
5208	152063	526.0	326.0
5220	152063	531.0	327.0
5232	152063	536.0	328.0
5244	152063	542.0	328.0
5256	152063	550.0	329.0
5268	152063	558.0	330.0
5280	152063	567.0	331.0
5292	152063	579.0	332.0
5304	152063	592.0	333.0
5316	152063	608.0	335.0
5328	152063	625.0	337.0
5340	152063	648.0	339.0
5352	152063	676.0	343.0
5364	152063	710.0	347.0
5376	152063	758.0	352.0
5388	152063	824.0	359.0
5400	152063	924.0	371.0
5412	152063	993.0	386.0
5208	152075	501.0	325.0
5220	152075	502.0	324.0
5232	152075	504.0	323.0
5244	152075	507.5	324.5
5256	152075	512.0	325.0
5268	152075	516.0	326.0
5280	152075	522.0	326.0
5292	152075	527.0	327.0
5304	152075	530.0	327.0
5316	152075	536.0	328.0
5328	152075	541.0	328.0
5340	152075	551.0	330.0
5352	152075	558.0	331.0
5364	152075	568.0	331.0
5376	152075	579.0	333.0
5388	152075	594.0	334.0
5400	152075	610.0	337.0
5412	152075	630.0	339.0
5424	152075	654.0	342.0
5436	152075	685.0	346.0
5448	152075	726.0	350.0
5460	152075	782.0	357.0
5472	152075	865.0	366.0
5484	152075	972.0	380.0
5220	152089	514.0	323.0
5232	152089	519.3333333333334	324.0
5244	152089	523.5555555555555	324.0
5256	152089	527.0	323.0
5268	152089	531.0	325.0
5280	152089	536.0	325.0
5292	152089	541.0	326.0
5304	152089	547.0	326.0
5316	152089	554.0	327.0
5328	152089	561.0	328.0
5340	152089	569.0	328.0
5352	152089	579.0	329.0
5364	152089	590.0	330.0
5376	152089	603.0	331.0
5388	152089	618.0	333.0
5400	152089	635.0	334.0
5412	152089	656.0	336.0
5424	152089	683.0	339.0
5436	152089	715.0	343.0
5448	152089	758.0	346.0
5460	152089	815.0	352.0
5472	152089	897.0	360.0
5484	152089	967.0	350.0
5268	152103	483.0625	324.0
5280	152103	484.6666666666667	325.0
5292	152103	487.0	325.0
5304	152103	490.3333333333333	325.0
5316	152103	494.0	326.0
5328	152103	498.0	327.0
5340	152103	500.75	327.25
5352	152103	506.0	328.0
5364	152103	511.0	328.0
5376	152103	517.0	330.0
5388	152103	523.0	331.0
5400	152103	528.0	332.0
5412	152103	538.0	333.0
5424	152103	546.0	335.0
5436	152103	559.0	337.0
5448	152103	574.0	340.0
5460	152103	592.0	343.0
5472	152103	615.0	346.0
5484	152103	648.0	352.0
5496	152103	691.0	359.0
5508	152103	757.0	369.0
5520	152103	866.0	387.0
5532	152103	992.0	419.0
5376	152128	475.0	322.0
5388	152128	477.0	323.0
5400	152128	479.0	324.0
5412	152128	481.0	323.0
5424	152128	483.0	324.0
5436	152128	485.0	325.0
5448	152128	487.0	326.0
5460	152128	490.0	326.0
5472	152128	493.0	327.0
5484	152128	497.0	328.0
5496	152128	504.0	328.0
5508	152128	508.0	329.0
5520	152128	515.0	330.0
5532	152128	523.0	331.0
5544	152128	533.0	332.0
5556	152128	545.0	334.0
5568	152128	559.0	337.0
5580	152128	578.0	340.0
5592	152128	602.0	344.0
5604	152128	635.0	349.0
5616	152128	685.0	358.0
5628	152128	765.0	370.0
5640	152128	913.0	395.0
5556	152156	502.0	323.0
5568	152156	503.8421052631579	324.0
5580	152156	506.36842105263156	324.0
5592	152156	508.3529411764706	324.0
5604	152156	512.5882352941177	324.0
5616	152156	515.0	325.0
5628	152156	519.75	325.0
5640	152156	527.0	325.0
5652	152156	528.0	327.0
5664	152156	533.0	327.0
5676	152156	541.0	328.0
5688	152156	548.0	329.0
5700	152156	556.0	330.0
5712	152156	565.0	331.0
5724	152156	576.0	332.0
5736	152156	589.0	334.0
5748	152156	606.0	335.0
5760	152156	624.0	337.0
5772	152156	648.0	340.0
5784	152156	678.0	343.0
5796	152156	716.0	348.0
5808	152156	769.0	354.0
5820	152156	845.0	362.0
5832	152156	961.0	376.0
5604	152161	478.0	323.0
5616	152161	480.0	324.0
5628	152161	481.0	324.0
5640	152161	483.0	324.0
5652	152161	486.0	325.0
5664	152161	488.0	325.0
5676	152161	491.0	326.0
5688	152161	494.0	326.0
5700	152161	497.0	327.0
5712	152161	501.0	326.0
5724	152161	505.0	328.0
5736	152161	511.0	328.0
5748	152161	516.0	330.0
5760	152161	522.0	330.0
5772	152161	530.0	332.0
5784	152161	538.0	332.0
5796	152161	548.0	334.0
5808	152161	560.0	336.0
5820	152161	575.0	339.0
5832	152161	592.0	342.0
5844	152161	614.0	345.0
5856	152161	644.0	350.0
5868	152161	686.0	357.0
5880	152161	748.0	367.0
5892	152161	847.0	383.0
5904	152161	982.0	412.0
5688	152180	524.0	323.0
5700	152180	526.25	324.0
5712	152180	529.0	324.0
5724	152180	534.0	324.0
5736	152180	540.0	325.0
5748	152180	545.0	325.0
5760	152180	551.0	325.0
5772	152180	558.0	326.0
5784	152180	567.0	326.0
5796	152180	575.0	327.0
5808	152180	585.0	328.0
5820	152180	596.0	329.0
5832	152180	610.0	330.0
5844	152180	626.0	332.0
5856	152180	645.2	332.2857142857143
5868	152180	664.4	334.0
5880	152180	683.6	335.7142857142857
5892	152180	711.0	338.0
5904	152180	773.0	344.0
5916	152180	837.0	349.0
5928	152180	927.0	357.0
5856	152205	481.0	324.0
5868	152205	483.0	324.0
5880	152205	487.0	324.0
5892	152205	490.0	325.0
5904	152205	493.0	326.0
5916	152205	496.0	327.0
5928	152205	500.0	326.0
5940	152205	505.0	327.0
5952	152205	509.0	328.0
5964	152205	515.0	330.0
5976	152205	522.0	330.0
5988	152205	530.0	332.0
6000	152205	540.0	333.0
6012	152205	551.0	334.0
6024	152205	564.0	337.0
6036	152205	582.0	340.0
6048	152205	603.0	343.0
6060	152205	631.0	348.0
6072	152205	673.0	354.0
6084	152205	733.0	364.0
6096	152205	834.0	380.0
6108	152205	983.0	410.0
6012	152254	526.0	323.0
6024	152254	525.0	323.0
6036	152254	527.25	323.25
6048	152254	532.0	323.0
6060	152254	537.0	323.0
6072	152254	542.0	324.0
6084	152254	548.0	325.0
6096	152254	552.0	325.0
6108	152254	560.0	325.0
6120	152254	568.0	327.0
6132	152254	576.0	327.0
6144	152254	588.0	329.0
6156	152254	599.0	329.0
6168	152254	613.0	331.0
6180	152254	628.0	332.0
6192	152254	647.0	334.0
6204	152254	671.0	335.0
6216	152254	699.0	337.0
6228	152254	736.0	341.0
6240	152254	782.0	345.0
6252	152254	846.0	350.0
6264	152254	938.0	357.0
6024	152255	487.0	322.0
6036	152255	488.0	322.0
6048	152255	491.0	322.0
6060	152255	492.0	322.0
6072	152255	496.0	323.0
6084	152255	499.0	323.0
6096	152255	502.0	324.0
6108	152255	504.0	324.0
6120	152255	507.0	324.0
6132	152255	511.0	325.0
6144	152255	515.0	326.0
6156	152255	520.0	326.0
6168	152255	526.0	326.0
6180	152255	532.0	327.0
6192	152255	538.0	328.0
6204	152255	546.0	328.0
6216	152255	556.0	330.0
6228	152255	566.0	331.0
6240	152255	579.0	332.0
6252	152255	594.0	334.0
6264	152255	613.0	337.0
6276	152255	638.0	339.0
6288	152255	671.0	343.0
6300	152255	715.0	348.0
6312	152255	778.0	355.0
6324	152255	876.0	366.0
6336	152255	986.0	383.0
6084	152261	520.5	324.0
6096	152261	524.5	324.0
6108	152261	529.1428571428571	324.0
6120	152261	533.0	325.0
6132	152261	539.0	325.0
6144	152261	544.0	325.0
6156	152261	551.0	326.0
6168	152261	558.0	327.0
6180	152261	566.0	328.0
6192	152261	576.0	328.0
6204	152261	587.0	330.0
6216	152261	601.0	331.5
6228	152261	615.0	332.0
6240	152261	633.0	334.0
6252	152261	655.0	336.0
6264	152261	681.0	338.0
6276	152261	717.0	342.0
6288	152261	760.0	346.0
6300	152261	821.0	351.0
6312	152261	908.0	360.0
6324	152261	984.0	370.0
6084	152263	481.0	320.0
6096	152263	481.0	321.0
6108	152263	483.0	321.0
6120	152263	484.8	321.0
6132	152263	487.0	321.0
6144	152263	487.0	322.0
6156	152263	489.0	322.0
6168	152263	490.0	322.0
6180	152263	491.0	322.0
6192	152263	493.0	322.0
6204	152263	496.0	322.0
6216	152263	498.0	323.0
6228	152263	501.0	324.0
6240	152263	503.0	325.0
6252	152263	506.0	324.0
6264	152263	510.0	325.0
6276	152263	515.0	325.0
6288	152263	518.0	326.0
6300	152263	524.0	326.0
6312	152263	530.0	327.0
6324	152263	536.0	328.0
6336	152263	543.0	329.0
6348	152263	553.0	330.0
6360	152263	564.0	331.0
6372	152263	573.0	332.0
6384	152263	588.0	334.0
6396	152263	606.0	336.0
6408	152263	627.0	338.0
6420	152263	656.0	341.0
6432	152263	692.0	346.0
6444	152263	744.0	352.0
6456	152263	818.0	359.0
6468	152263	944.0	374.0
6204	152277	476.5	320.0
6216	152277	477.05263157894734	321.0
6228	152277	477.6842105263158	321.0
6240	152277	479.44642857142856	320.9107142857143
6252	152277	480.51785714285717	320.69642857142856
6264	152277	481.5892857142857	320.48214285714283
6276	152277	482.6607142857143	320.26785714285717
6288	152277	483.73214285714283	320.05357142857144
6300	152277	485.0	321.0
6312	152277	488.0	322.0
6324	152277	489.0	322.0
6336	152277	491.0	322.0
6348	152277	493.0	322.0
6360	152277	494.0	322.0
6372	152277	497.0	322.0
6384	152277	501.0	323.0
6396	152277	504.0	324.0
6408	152277	506.0	324.0
6420	152277	509.0	324.0
6432	152277	514.0	324.0
6444	152277	516.0	325.0
6456	152277	519.0	325.0
6468	152277	524.0	326.0
6480	152277	529.0	326.0
6492	152277	534.0	327.0
6504	152277	542.0	327.0
6516	152277	549.0	328.0
6528	152277	555.0	329.0
6540	152277	564.0	330.0
6552	152277	575.0	331.0
6564	152277	587.0	333.0
6576	152277	600.0	334.0
6588	152277	615.0	336.0
6600	152277	633.0	338.0
6612	152277	658.0	341.0
6624	152277	686.0	344.0
6636	152277	725.0	349.0
6648	152277	778.0	355.0
6660	152277	854.0	363.0
6672	152277	958.0	376.0
6684	152277	985.0	380.0
6696	152277	992.0	383.0
6708	152277	990.0	387.0
6720	152277	996.0	368.0
6420	152310	452.3333333333333	323.0
6432	152310	453.875	323.0
6444	152310	455.0	323.5
6456	152310	457.2857142857143	324.42857142857144
6468	152310	459.0	325.0
6480	152310	460.22222222222223	325.0
6492	152310	463.0	325.0
6504	152310	466.0	327.0
6516	152310	468.0	326.0
6528	152310	470.0	327.0
6540	152310	473.0	328.0
6552	152310	476.0	329.0
6564	152310	480.0	330.0
6576	152310	484.0	331.0
6588	152310	489.0	332.0
6600	152310	493.0	333.0
6612	152310	498.0	334.0
6624	152310	505.0	336.0
6636	152310	515.0	339.0
6648	152310	525.0	342.0
6660	152310	538.0	345.0
6672	152310	556.0	349.0
6684	152310	580.0	355.0
6696	152310	615.0	364.0
6708	152310	671.0	379.0
6720	152310	773.0	405.0
6732	152310	976.0	465.0
6492	152316	489.875	325.0
6504	152316	493.0	325.0
6516	152316	496.0	325.0
6528	152316	500.0	327.0
6540	152316	504.0	327.0
6552	152316	507.0	328.0
6564	152316	512.0	328.0
6576	152316	517.0	329.0
6588	152316	523.0	330.0
6600	152316	530.0	331.0
6612	152316	539.0	332.0
6624	152316	548.0	334.0
6636	152316	558.0	336.0
6648	152316	572.0	338.0
6660	152316	589.0	341.0
6672	152316	609.0	343.0
6684	152316	636.0	348.0
6696	152316	673.0	353.0
6708	152316	727.0	362.0
6720	152316	812.0	374.0
6540	152323	455.0	326.0
6552	152323	458.0	326.0
6564	152323	460.0	326.0
6576	152323	461.0	325.0
6588	152323	464.0	326.0
6600	152323	466.0	326.0
6612	152323	467.0	327.0
6624	152323	471.0	328.0
6636	152323	473.0	328.0
6648	152323	476.0	329.0
6660	152323	480.0	330.0
6672	152323	484.0	331.0
6684	152323	488.0	332.0
6696	152323	494.0	334.0
6708	152323	499.0	336.0
6720	152323	506.0	337.0
6732	152323	516.0	341.0
6744	152323	527.0	344.0
6756	152323	543.0	347.0
6768	152323	565.0	354.0
6780	152323	597.0	362.0
6792	152323	647.0	376.0
6804	152323	741.0	402.0
6816	152323	960.0	465.0
6684	152346	466.0	326.0
6696	152346	467.0	326.0
6708	152346	469.0	327.0
6720	152346	471.0	327.0
6732	152346	474.0	328.0
6744	152346	477.0	328.0
6756	152346	480.0	330.0
6768	152346	483.0	330.0
6780	152346	487.0	332.0
6792	152346	491.0	333.0
6804	152346	497.0	334.0
6816	152346	503.0	336.0
6828	152346	511.0	338.0
6840	152346	520.0	341.0
6852	152346	531.0	344.0
6864	152346	547.0	347.0
6876	152346	568.0	353.0
6888	152346	598.0	360.0
6900	152346	643.0	372.0
6912	152346	723.0	393.0
6924	152346	894.0	435.0
6936	152346	1030.0	498.0
7092	152487	464.0	323.0
7104	152487	465.4	324.0
7116	152487	467.6666666666667	324.0
7128	152487	470.0	324.0
7140	152487	474.1818181818182	325.0
7152	152487	477.0	326.0
7164	152487	480.0	326.0
7176	152487	485.0	327.0
7188	152487	488.0	326.0
7200	152487	493.0	327.0
7212	152487	498.0	329.0
7224	152487	504.0	330.0
7236	152487	511.0	331.0
7248	152487	518.0	331.0
7260	152487	527.0	333.0
7272	152487	537.0	334.0
7284	152487	549.0	337.0
7296	152487	564.0	339.0
7308	152487	582.0	342.0
7320	152487	605.0	345.0
7332	152487	636.0	350.0
7344	152487	679.0	357.0
7356	152487	743.0	367.0
7368	152487	848.0	385.0
7380	152487	988.0	417.0
7116	152495	501.0	325.0
7128	152495	503.0	324.0
7140	152495	506.0	324.0
7152	152495	510.0	325.0
7164	152495	514.0	326.0
7176	152495	517.36	325.28
7188	152495	523.12	325.76
7200	152495	527.0	327.0
7212	152495	532.0	327.0
7224	152495	539.0	328.0
7236	152495	546.0	329.0
7248	152495	558.0	331.0
7260	152495	564.0	331.0
7272	152495	575.0	333.0
7284	152495	588.0	335.0
7296	152495	604.0	336.0
7308	152495	625.0	338.0
7320	152495	648.0	341.0
7332	152495	681.0	345.0
7344	152495	724.0	350.0
7356	152495	783.0	357.0
7368	152495	874.0	366.0
7176	152501	463.57142857142856	324.0
7188	152501	464.0	325.0
7200	152501	465.0	326.0
7212	152501	466.5	326.0
7224	152501	468.0	326.0
7236	152501	471.0	327.0
7248	152501	473.0	327.0
7260	152501	477.0	328.0
7272	152501	479.0	328.0
7284	152501	484.0	330.0
7296	152501	488.0	330.0
7308	152501	493.0	331.0
7320	152501	499.0	333.0
7332	152501	506.0	334.0
7344	152501	516.0	336.0
7356	152501	527.0	339.0
7368	152501	540.0	342.0
7380	152501	559.0	345.0
7392	152501	583.0	350.0
7404	152501	617.0	357.0
7416	152501	672.0	369.0
7428	152501	764.0	387.0
7440	152501	949.0	425.0
7284	152523	464.0	324.0
7296	152523	465.0	324.0
7308	152523	467.0	324.0
7320	152523	469.0	325.0
7332	152523	471.0	325.0
7344	152523	473.0	326.0
7356	152523	476.0	326.0
7368	152523	479.0	326.0
7380	152523	481.0	327.0
7392	152523	485.0	327.0
7404	152523	489.0	328.0
7416	152523	493.0	329.0
7428	152523	497.0	329.0
7440	152523	502.0	330.0
7452	152523	508.0	331.0
7464	152523	514.0	332.0
7476	152523	522.0	334.0
7488	152523	530.0	334.0
7500	152523	541.0	337.0
7512	152523	553.0	339.0
7524	152523	570.0	342.0
7536	152523	589.0	345.0
7548	152523	615.0	349.0
7560	152523	648.0	355.0
7572	152523	698.0	363.0
7584	152523	773.0	376.0
7596	152523	903.0	398.0
7608	152523	1007.0	435.0
7548	152586	463.8235294117647	325.4117647058824
7560	152586	465.0	326.0
7572	152586	467.0	326.0
7584	152586	467.8333333333333	325.8333333333333
7596	152586	470.0	327.0
7608	152586	472.0	327.0
7620	152586	474.0	327.0
7632	152586	476.0	328.0
7644	152586	479.0	329.0
7656	152586	482.0	330.0
7668	152586	486.0	330.0
7680	152586	490.0	331.0
7692	152586	494.0	332.0
7704	152586	500.0	334.0
7716	152586	507.0	337.0
7728	152586	516.0	338.0
7740	152586	525.0	341.0
7752	152586	539.0	344.0
7764	152586	555.0	348.0
7776	152586	578.0	354.0
7788	152586	610.0	362.0
7800	152586	660.0	374.0
7812	152586	746.0	395.0
7824	152586	925.0	437.0
7680	152612	453.0	321.0
7692	152612	453.0	322.0
7704	152612	454.0	322.0
7716	152612	454.0	321.0
7728	152612	455.0	322.0
7740	152612	455.0	322.0
7752	152612	457.0	323.0
7764	152612	458.0	323.0
7776	152612	458.5	323.5
7788	152612	460.0	324.0
7800	152612	460.0	324.0
7812	152612	462.0	324.0
7824	152612	464.0	324.0
7836	152612	466.0	325.0
7848	152612	468.0	326.0
7860	152612	469.0	326.0
7872	152612	471.0	327.0
7884	152612	472.0	327.0
7896	152612	476.0	328.0
7908	152612	480.0	329.0
7920	152612	483.0	330.0
7932	152612	487.0	331.0
7944	152612	492.0	332.0
7956	152612	499.0	334.0
7968	152612	506.0	335.0
7980	152612	515.0	337.0
7992	152612	527.0	341.0
8004	152612	542.0	345.0
8016	152612	561.0	350.0
8028	152612	590.0	356.0
8040	152612	635.0	368.0
8052	152612	714.0	388.0
8064	152612	893.0	431.0
8076	152612	1037.0	485.0
7764	152629	498.0	322.0
7776	152629	501.0	324.0
7788	152629	503.0	324.0
7800	152629	507.0	324.0
7812	152629	512.0	325.0
7824	152629	515.0	326.0
7836	152629	520.0	325.0
7848	152629	526.0	326.0
7860	152629	532.0	327.0
7872	152629	537.0	327.0
7884	152629	545.0	329.0
7896	152629	555.0	330.0
7908	152629	564.0	331.0
7920	152629	575.0	331.0
7932	152629	590.0	333.0
7944	152629	607.0	336.0
7956	152629	628.0	337.0
7968	152629	653.0	340.0
7980	152629	687.0	344.0
7992	152629	731.0	349.0
8004	152629	796.0	357.0
8016	152629	879.0	348.0
8028	152629	991.0	376.0
7944	152674	456.0	322.0
7956	152674	457.0	321.0
7968	152674	457.0	321.6666666666667
7980	152674	458.0	322.0
7992	152674	458.0	323.0
8004	152674	460.0	324.0
8016	152674	461.0	324.0
8028	152674	461.0	324.0
8040	152674	462.0	324.0
8052	152674	464.0	325.0
8064	152674	466.0	326.0
8076	152674	467.0	326.0
8088	152674	469.0	327.0
8100	152674	471.0	327.0
8112	152674	473.0	328.0
8124	152674	476.0	329.0
8136	152674	481.0	329.0
8148	152674	484.0	331.0
8160	152674	488.0	331.0
8172	152674	494.0	332.0
8184	152674	500.0	334.0
8196	152674	507.0	335.0
8208	152674	515.0	337.0
8220	152674	526.0	340.0
8232	152674	541.0	344.0
8244	152674	560.0	348.0
8256	152674	585.0	355.0
8268	152674	623.0	363.0
8280	152674	687.0	379.0
8292	152674	806.0	406.0
8304	152674	1003.0	479.0
8076	152714	77.0	539.0
8088	152714	78.0	539.0
8100	152714	77.0	539.0
8112	152714	77.0	539.0
8124	152714	77.0	539.0
8136	152714	78.0	539.0
8148	152714	77.0	539.0
8160	152714	79.0	539.0
8172	152714	78.0	539.0
8184	152714	77.0	539.0
8196	152714	77.0	539.0
8208	152714	78.0	539.0
8220	152714	76.85714285714286	539.0
8232	152714	77.0	539.0
8244	152714	78.0	539.0
8256	152714	77.0	539.0
8268	152714	78.0	539.0
8280	152714	78.0	539.0
8292	152714	77.66666666666667	539.0
8304	152714	76.0	539.0
8316	152714	78.0	539.0
8328	152714	78.0	539.0
8340	152714	78.0	539.0
8352	152714	77.0	539.0
8364	152714	78.0	539.0
8376	152714	77.0	539.0
8388	152714	77.0	539.0
8400	152714	78.0	539.0
8412	152714	78.0	539.0
8424	152714	78.0	539.0
8436	152714	78.0	539.0
8448	152714	78.0	539.0
8460	152714	77.0	539.0
8472	152714	76.0	539.0
8484	152714	77.0	539.0
8496	152714	77.0	539.0
8508	152714	77.0	539.0
8520	152714	77.0	539.0
8532	152714	78.0	539.0
8544	152714	77.0	539.0
8556	152714	78.0	539.0
8568	152714	77.0	539.0
8580	152714	77.0	539.0
8592	152714	78.0	539.0
8604	152714	78.0	539.0
8616	152714	78.0	539.0
8628	152714	78.0	539.0
8640	152714	77.0	539.0
8652	152714	78.0	539.0
8664	152714	78.0	539.0
8676	152714	79.0	539.0
8688	152714	77.5	539.0
8700	152714	78.0	539.0
8712	152714	78.0	539.0
8724	152714	78.0	539.0
8736	152714	78.0	539.0
8748	152714	77.0	539.0
8760	152714	78.0	539.0
8772	152714	78.0	539.0
8784	152714	77.0	539.0
8796	152714	78.0	539.0
8808	152714	78.0	539.0
8820	152714	77.0	539.0
8832	152714	77.0	539.0
8844	152714	77.0	539.0
8856	152714	78.0	539.0
8868	152714	77.0	539.0
8880	152714	78.0	539.0
8892	152714	77.0	539.0
8904	152714	78.0	539.0
8916	152714	78.0	539.0
8928	152714	78.0	539.0
8940	152714	77.0	539.0
8952	152714	78.0	539.0
8964	152714	78.0	539.0
8976	152714	78.0	539.0
8988	152714	77.0	539.0
9000	152714	79.0	539.0
9012	152714	77.0	539.0
9024	152714	78.2	539.0
9036	152714	77.46153846153847	539.0
9048	152714	78.0	539.0
9060	152714	78.0	539.0
9072	152714	78.0	539.0
9084	152714	76.5	539.0
9096	152714	76.61538461538461	539.0
9108	152714	77.53846153846153	539.0
9120	152714	78.0	539.0
9132	152714	79.0	539.0
9144	152714	80.0	539.0
9156	152714	79.0	539.0
9168	152714	78.0	539.0
9180	152714	78.0	539.0
9192	152714	78.0	539.0
9204	152714	78.0	539.0
9216	152714	78.0	539.0
9228	152714	77.0	539.0
9240	152714	78.0	539.0
9252	152714	78.0	539.0
9264	152714	78.0	539.0
9276	152714	78.0	539.0
9288	152714	77.94117647058823	539.0
9300	152714	77.23529411764706	539.0
9312	152714	77.0	539.0
9324	152714	77.0	539.0
9336	152714	77.0	539.0
9348	152714	77.0	539.0
9360	152714	77.2	539.0
9372	152714	77.5	539.0
9384	152714	77.8	539.0
9396	152714	78.0	539.0
9408	152714	78.14285714285714	540.0
9420	152714	77.0	540.0
8280	152762	476.7	321.0
8292	152762	478.0	321.0
8304	152762	480.0	321.0
8316	152762	482.0	320.0
8328	152762	483.0	320.0
8340	152762	485.0	320.0
8352	152762	485.3333333333333	321.3333333333333
8364	152762	484.0	322.0
8376	152762	483.0	321.0
8388	152762	484.4	320.0
8400	152762	485.6	320.3
8412	152762	486.4	320.7
8424	152762	488.0	321.0
8436	152762	490.0	321.0
8448	152762	492.0	322.0
8460	152762	493.0	321.0
8472	152762	496.0	321.0
8484	152762	498.0	322.75
8496	152762	501.0	323.0
8508	152762	504.0	323.0
8520	152762	505.0	322.0
8532	152762	507.0	322.0
8376	152796	464.0	322.0
8388	152796	464.0	323.0
8400	152796	466.0	323.0
8412	152796	468.0	323.0
8424	152796	469.0	324.0
8436	152796	472.0	325.0
8448	152796	474.0	324.0
8460	152796	476.0	324.0
8472	152796	479.0	323.0
8484	152796	482.14285714285717	324.7142857142857
8496	152796	485.0	326.0
8508	152796	487.0	326.0
8520	152796	490.0	325.0
8532	152796	494.0	327.0
8544	152796	497.0	327.0
8556	152796	502.0	328.0
8568	152796	507.0	329.0
8580	152796	512.0	329.0
8592	152796	519.0	330.0
8604	152796	528.0	331.0
8616	152796	538.0	333.0
8628	152796	548.0	334.0
8640	152796	563.0	336.0
8652	152796	581.0	338.0
8664	152796	604.0	341.0
8676	152796	632.0	345.0
8688	152796	671.0	349.0
8700	152796	725.0	356.0
8712	152796	803.0	366.0
8724	152796	928.0	381.0
8400	152807	500.0	323.0
8412	152807	502.0	323.0
8424	152807	506.0	322.0
8436	152807	510.0	324.0
8448	152807	514.0	324.0
8460	152807	516.0	324.0
8472	152807	522.0	325.0
8484	152807	528.0	324.0
8496	152807	532.0	325.0
8508	152807	538.0	325.0
8520	152807	544.0	326.0
8532	152807	551.0	327.0
8544	152807	559.0	328.0
8556	152807	568.0	328.0
8568	152807	578.0	329.0
8580	152807	590.0	330.0
8592	152807	604.0	331.0
8604	152807	619.0	333.0
8616	152807	639.0	334.0
8628	152807	661.0	337.0
8640	152807	689.0	339.0
8652	152807	725.0	343.0
8664	152807	772.0	347.0
8676	152807	834.0	352.0
8688	152807	926.0	361.0
8700	152807	986.0	368.0
8556	152850	474.0	321.0
8568	152850	475.0	321.0
8580	152850	477.0	321.0
8592	152850	478.0	321.0
8604	152850	480.0	322.0
8616	152850	483.0	322.0
8628	152850	484.0	322.0
8640	152850	487.0	322.0
8652	152850	488.0	322.0
8664	152850	491.0	322.0
8676	152850	492.0	322.0
8688	152850	495.5	322.0
8700	152850	499.0	323.0
8712	152850	502.0	325.0
8724	152850	506.0	324.0
8736	152850	510.0	325.0
8748	152850	514.0	326.0
8760	152850	519.0	325.0
8772	152850	524.0	326.0
8784	152850	530.0	327.0
8796	152850	537.0	327.0
8808	152850	544.0	329.0
8820	152850	554.0	330.0
8832	152850	565.0	331.0
8844	152850	577.0	333.0
8856	152850	593.0	334.0
8868	152850	613.0	337.0
8880	152850	639.0	340.0
8892	152850	670.0	343.0
8904	152850	715.0	348.0
8916	152850	777.0	355.0
8928	152850	873.0	365.0
8940	152850	984.0	383.0
8760	152891	501.0	322.0
8772	152891	502.0	323.0
8784	152891	505.0	323.0
8796	152891	507.0	323.0
8808	152891	511.0	323.0
8820	152891	515.0	324.0
8832	152891	518.0	325.0
8844	152891	522.0	325.0
8856	152891	526.0	323.0
8868	152891	530.0	324.0
8880	152891	535.0	325.0
8892	152891	541.0	325.0
8904	152891	546.0	326.0
8916	152891	553.0	327.0
8928	152891	560.0	327.0
8940	152891	569.0	328.0
8952	152891	578.0	329.0
8964	152891	589.0	330.0
8976	152891	601.0	331.0
8988	152891	617.0	333.0
9000	152891	634.0	334.0
9012	152891	657.0	337.0
9024	152891	683.0	339.0
9036	152891	717.0	343.0
9048	152891	762.0	347.0
9060	152891	822.0	352.0
9072	152891	910.0	361.0
9084	152891	985.0	371.0
8952	152917	499.0	323.0
8964	152917	501.0	322.0
8976	152917	503.1666666666667	322.0
8988	152917	506.3333333333333	323.0
9000	152917	509.0	323.0
9012	152917	512.0	323.0
9024	152917	516.0	324.0
9036	152917	518.0	325.0
9048	152917	521.0	324.0
9060	152917	526.0	325.0
9072	152917	529.0	325.0
9084	152917	534.0	325.0
9096	152917	540.0	326.0
9108	152917	545.0	326.0
9120	152917	552.0	327.0
9132	152917	558.0	327.0
9144	152917	567.0	328.0
9156	152917	576.0	329.0
9168	152917	586.0	330.0
9180	152917	597.0	331.0
9192	152917	611.0	332.0
9204	152917	627.0	334.0
9216	152917	645.0	336.0
9228	152917	669.0	337.0
9240	152917	697.0	341.0
9252	152917	733.0	344.0
9264	152917	779.0	348.0
9276	152917	842.0	354.0
9288	152917	932.0	363.0
9300	152917	986.0	370.0
9060	152923	506.0	322.0
9072	152923	509.0	322.0
9084	152923	512.0	323.0
9096	152923	515.0	324.0
9108	152923	519.0	324.0
9120	152923	524.0	324.0
9132	152923	528.0	325.0
9144	152923	532.0	325.0
9156	152923	538.0	325.0
9168	152923	543.0	326.0
9180	152923	549.0	327.0
9192	152923	556.0	328.0
9204	152923	564.0	328.0
9216	152923	573.0	329.0
9228	152923	583.0	330.0
9240	152923	595.0	331.0
9252	152923	608.0	332.0
9264	152923	624.0	333.0
9276	152923	643.0	335.0
9288	152923	665.0	337.0
9300	152923	692.0	340.0
9312	152923	729.0	343.0
9324	152923	773.0	347.0
9336	152923	835.0	353.0
9348	152923	922.0	361.0
9360	152923	985.0	371.0
9216	152947	470.0	322.0
9228	152947	471.5	322.0
9240	152947	472.0	322.0
9252	152947	474.0	322.0
9264	152947	474.0	321.0
9276	152947	475.0	322.0
9288	152947	477.0	322.0
9300	152947	479.0	323.0
9312	152947	480.0	323.0
9324	152947	481.0	322.0
9336	152947	483.0	323.0
9348	152947	484.0	323.0
9360	152947	488.0	324.0
9372	152947	491.0	325.0
9384	152947	491.0	324.0
9396	152947	494.0	324.0
9408	152947	496.0	326.0
9420	152947	499.0	326.0
9432	152947	502.0	326.0
9444	152947	506.0	327.0
9456	152947	512.0	328.0
9468	152947	515.0	329.0
9480	152947	522.0	329.0
9492	152947	526.0	331.0
9504	152947	534.0	332.0
9516	152947	541.0	333.0
9528	152947	551.0	334.0
9540	152947	560.0	336.0
9552	152947	573.0	338.0
9564	152947	588.0	341.0
9576	152947	608.0	344.0
9588	152947	632.0	348.0
9600	152947	664.0	354.0
9612	152947	708.0	361.0
9624	152947	773.0	371.0
9636	152947	880.0	389.0
9648	152947	985.0	420.0
9660	152947	995.0	418.0
9672	152947	981.0	386.0
9684	152947	992.0	413.0
9696	152947	1002.0	393.0
9216	152949	505.0	322.0
9228	152949	506.61538461538464	322.0
9240	152949	509.0	323.0
9252	152949	512.3333333333334	323.8333333333333
9264	152949	514.0	324.0
9276	152949	517.0	322.0
9288	152949	521.2608695652174	323.17391304347825
9300	152949	524.6521739130435	323.4347826086956
9312	152949	528.0434782608696	323.69565217391306
9324	152949	531.4347826086956	323.95652173913044
9336	152949	540.0	327.0
9348	152949	549.0	329.0
9360	152949	560.0	330.0
9372	152949	572.0	332.0
9384	152949	588.0	332.0
9396	152949	606.0	335.0
9408	152949	628.0	337.0
9420	152949	661.0	342.0
9432	152949	701.0	346.0
9444	152949	761.0	353.0
9456	152949	855.0	363.0
9468	152949	979.0	381.0
9276	152961	494.0	322.0
9288	152961	496.0	322.0
9300	152961	498.0	323.0
9312	152961	501.0	324.0
9324	152961	503.0	324.0
9336	152961	505.0	324.0
9348	152961	508.0	324.0
9360	152961	512.0	325.0
9372	152961	515.0	324.0
9384	152961	517.0	325.0
9396	152961	520.0	325.0
9408	152961	526.0	325.0
9420	152961	530.0	326.0
9432	152961	535.0	327.0
9444	152961	541.0	327.0
9456	152961	547.0	328.0
9468	152961	552.0	328.0
9480	152961	561.0	329.0
9492	152961	567.0	330.0
9504	152961	578.0	331.0
9516	152961	587.0	332.0
9528	152961	599.0	334.0
9540	152961	614.0	335.0
9552	152961	627.0	337.0
9564	152961	645.0	339.0
9576	152961	668.0	341.0
9588	152961	696.0	345.0
9600	152961	728.0	349.0
9612	152961	774.0	354.0
9624	152961	835.0	360.0
9636	152961	923.0	368.0
9324	152968	551.0	324.0377358490566
9336	152968	551.0	324.2641509433962
9348	152968	551.0	324.49056603773585
9360	152968	551.0	324.7169811320755
9372	152968	551.0	324.9433962264151
9384	152968	556.0	325.0
9396	152968	564.0	326.0
9408	152968	571.0	327.0
9420	152968	580.0	327.0
9432	152968	589.0	329.0
9444	152968	600.0	329.0
9456	152968	612.0	330.0
9468	152968	626.0	331.0
9480	152968	642.0	333.0
9492	152968	662.0	335.0
9504	152968	685.0	337.0
9516	152968	713.0	339.0
9528	152968	749.0	342.0
9540	152968	795.0	346.0
9552	152968	853.0	350.0
9564	152968	937.0	357.0
9516	152998	491.0	325.0
9528	152998	493.0	326.0
9540	152998	497.0	327.0
9552	152998	499.0	326.0
9564	152998	503.0	328.0
9576	152998	506.0	329.0
9588	152998	511.0	329.0
9600	152998	516.0	330.0
9612	152998	520.0	330.0
9624	152998	527.0	331.0
9636	152998	534.0	333.0
9648	152998	541.0	334.0
9660	152998	550.0	335.0
9672	152998	560.0	337.0
9684	152998	572.0	339.0
9696	152998	586.0	341.0
9708	152998	603.0	344.0
9720	152998	625.0	348.0
9732	152998	653.0	352.0
9744	152998	690.0	358.0
9756	152998	743.0	366.0
9768	152998	824.0	380.0
9780	152998	954.0	400.0
9792	152998	1000.0	418.0
9540	153002	489.3333333333333	323.3333333333333
9552	153002	491.0	323.0
9564	153002	491.9	323.0
9576	153002	493.7	323.0
9588	153002	494.7142857142857	325.0
9600	153002	495.6666666666667	324.0
9612	153002	498.0	325.0
9624	153002	501.0	326.0
9636	153002	502.8333333333333	323.1666666666667
9648	153002	507.0	325.0
9660	153002	508.0	325.0
9672	153002	510.2	323.8
9684	153002	516.0	329.0
9696	153002	516.0	324.0
9708	153002	520.0	325.0
9720	153002	525.0	325.0
9732	153002	532.0	327.0
9744	153002	533.0	326.0
9756	153002	538.0	327.0
9768	153002	545.0	328.0
9780	153002	551.0	328.0
9792	153002	558.0	329.0
9804	153002	567.0	331.0
9816	153002	575.0	331.0
9828	153002	584.0	333.0
9840	153002	595.0	334.0
9852	153002	606.0	335.0
9864	153002	621.0	337.0
9876	153002	637.0	339.0
9888	153002	657.0	341.0
9900	153002	681.0	344.0
9912	153002	711.0	347.0
9924	153002	749.0	352.0
9936	153002	799.0	357.0
9948	153002	868.0	363.0
9960	153002	955.0	373.0
9972	153002	980.0	378.0
9984	153002	996.0	385.0
9996	153002	992.0	395.0
10008	153002	983.0	384.0
10020	153002	989.0	381.0
9564	153004	77.0	539.0
9576	153004	75.0	539.0
9588	153004	78.0	539.0
9600	153004	78.0	539.0
9612	153004	78.5	539.0
9624	153004	78.9090909090909	539.0
9636	153004	78.5	539.0
9648	153004	78.4	539.0
9660	153004	76.0	539.0
9672	153004	77.0	539.0
9684	153004	77.6	539.0
9696	153004	78.62857142857143	539.0
9708	153004	79.65714285714286	539.0
9720	153004	78.0	539.0
9732	153004	78.0	539.0
9744	153004	77.0	539.0
9756	153004	77.0	539.0
9768	153004	78.0	539.0
9780	153004	78.0	539.0
9792	153004	77.29411764705883	539.0
9804	153004	77.0	539.0
9816	153004	78.0	539.0
9828	153004	79.0	538.0
9840	153004	78.33333333333333	539.0
9852	153004	79.0	539.0
9864	153004	79.0	539.0
9876	153004	79.0	539.0
9888	153004	79.0	539.0
9900	153004	78.0	539.0
9912	153004	77.6	539.0
9924	153004	77.0	539.0
9936	153004	78.0	539.0
9948	153004	78.0	539.0
9960	153004	76.0	539.0
9972	153004	77.0	539.0
9984	153004	77.0	539.0
9996	153004	77.0	539.0
10008	153004	77.0	539.0
10020	153004	78.0	539.0
10032	153004	77.0	539.0
10044	153004	76.0	539.0
10056	153004	76.0	539.0
10068	153004	76.0	539.0
10080	153004	77.0	539.0
10092	153004	75.0	539.0
10104	153004	77.0	539.0
10116	153004	78.0	539.0
10128	153004	77.0	539.0
10140	153004	77.0	539.0
10152	153004	77.0	539.0
10164	153004	76.0	539.0
10176	153004	76.0	539.0
10188	153004	78.0	539.0
10200	153004	77.0	539.0
10212	153004	78.0	539.0
10224	153004	78.0	539.0
10236	153004	79.0	539.0
10248	153004	77.6	539.0
10260	153004	77.0	539.0
10272	153004	76.11111111111111	539.0
10284	153004	76.16666666666667	539.0
10296	153004	77.0	539.0
10308	153004	77.0	539.0
10320	153004	77.75	539.0
10332	153004	77.0	539.0
10344	153004	78.0	539.0
10356	153004	77.0	539.0
10368	153004	75.0	539.0
10380	153004	77.0	539.0
10392	153004	77.0	539.0
10404	153004	76.5	539.0
10416	153004	77.71428571428571	539.0
10428	153004	79.0	540.0
10440	153004	78.0	539.0
10452	153004	78.0	539.0
10464	153004	78.0	539.0
10476	153004	78.0	539.0
10488	153004	78.1	539.0
10500	153004	78.7	539.0
10512	153004	79.0	539.0
10524	153004	77.78571428571429	539.0
10536	153004	76.92857142857143	539.0
10548	153004	76.07142857142857	539.0
10560	153004	77.61538461538461	539.0
10572	153004	76.0	539.0
10584	153004	76.0	539.0
10596	153004	76.33333333333333	539.0
10608	153004	77.0	538.0
10620	153004	76.94117647058823	538.4705882352941
10632	153004	77.0	538.0
10644	153004	77.33333333333333	539.0
10656	153004	77.0	539.0
10668	153004	77.47368421052632	539.0
10680	153004	80.0	539.0
10692	153004	78.0	539.0
10704	153004	77.0	539.0
10716	153004	78.0	539.0
10728	153004	76.46153846153847	538.2307692307693
10740	153004	77.14285714285714	538.8571428571429
10752	153004	77.0	539.0
10764	153004	77.0	539.0
10776	153004	78.75	539.0
10788	153004	78.0	539.0
10800	153004	75.42857142857143	538.2142857142857
10812	153004	76.84	539.0
10824	153004	76.6	539.0
10836	153004	76.36	539.0
10848	153004	76.12	539.0
10860	153004	77.66666666666667	539.0
10872	153004	77.14285714285714	539.0
10884	153004	77.0	539.0
10896	153004	77.52941176470588	539.5294117647059
10908	153004	77.0	539.0
9624	153008	480.0	322.0
9636	153008	481.0	321.0
9648	153008	481.0	321.0
9660	153008	483.6	321.2
9672	153008	485.73333333333335	321.46666666666664
9684	153008	487.8666666666667	321.73333333333335
9696	153008	490.0	322.0
9708	153008	492.625	322.0
9720	153008	495.2	322.44
9732	153008	497.6	322.92
9744	153008	500.0	323.0
9756	153008	502.0	323.0
9768	153008	503.0	323.0
9780	153008	505.14285714285717	323.14285714285717
9792	153008	509.0	324.0
9804	153008	511.0	325.0
9816	153008	514.0	325.0
9828	153008	517.0	325.0
9840	153008	523.0	325.0
9852	153008	522.0	325.0
9864	153008	530.0	327.0
9876	153008	531.0	327.0
9888	153008	533.0	327.0
9900	153008	541.0	328.0
9912	153008	545.0	329.0
9924	153008	552.0	330.0
9936	153008	559.0	330.0
9948	153008	566.0	331.0
9960	153008	576.0	332.0
9972	153008	586.0	334.0
9984	153008	598.0	335.0
9996	153008	612.0	336.0
10008	153008	629.0	339.0
10020	153008	648.0	340.0
10032	153008	672.0	343.0
10044	153008	700.0	346.0
10056	153008	736.0	350.0
10068	153008	782.0	355.0
10080	153008	845.0	362.0
10092	153008	930.0	371.0
10104	153008	986.0	384.0
9648	153015	466.0	321.0
9660	153015	466.0	322.0
9672	153015	467.0	322.0
9684	153015	468.0	322.0
9696	153015	468.0	322.0
9708	153015	470.0	322.0
9720	153015	470.0	322.0
9732	153015	472.0	322.0
9744	153015	473.0	322.0
9756	153015	474.0	322.0
9768	153015	476.0	323.0
9780	153015	478.0	323.0
9792	153015	480.0	323.0
9804	153015	480.0	324.0
9816	153015	481.0	323.0
9828	153015	483.0	324.0
9840	153015	485.0	325.0
9852	153015	487.0	325.0
9864	153015	490.0	325.0
9876	153015	493.0	325.0
9888	153015	496.0	326.0
9900	153015	499.0	326.0
9912	153015	503.0	327.0
9924	153015	506.0	328.0
9936	153015	510.0	328.0
9948	153015	514.0	328.0
9960	153015	520.0	330.0
9972	153015	525.0	331.0
9984	153015	531.0	332.0
9996	153015	539.0	333.0
10008	153015	548.0	334.0
10020	153015	557.0	336.0
10032	153015	567.0	337.0
10044	153015	582.0	340.0
10056	153015	597.0	342.0
10068	153015	619.0	346.0
10080	153015	642.0	349.0
10092	153015	676.0	355.0
10104	153015	721.0	362.0
10116	153015	785.0	372.0
10128	153015	886.0	388.0
10140	153015	983.0	415.0
10152	153015	992.0	415.0
10164	153015	995.0	419.0
10176	153015	991.0	425.0
10188	153015	1001.0	421.0
10008	153095	489.2	325.0
10020	153095	491.0	325.0
10032	153095	495.0	325.0
10044	153095	497.0	327.0
10056	153095	501.0	326.0
10068	153095	504.0	327.0
10080	153095	507.0	328.0
10092	153095	510.0	329.0
10104	153095	514.0	329.0
10116	153095	520.0	330.0
10128	153095	525.0	331.0
10140	153095	531.0	332.0
10152	153095	538.0	333.0
10164	153095	546.0	334.0
10176	153095	556.0	336.0
10188	153095	567.0	337.0
10200	153095	580.0	339.0
10212	153095	594.0	342.0
10224	153095	612.0	345.0
10236	153095	634.0	348.0
10248	153095	664.0	353.0
10260	153095	703.0	358.0
10272	153095	755.0	367.0
10284	153095	833.0	380.0
10296	153095	955.0	399.0
10308	153095	1003.0	420.0
10104	153120	487.0	325.0
10116	153120	489.0	325.0
10128	153120	489.0	325.0
10140	153120	492.0	326.0
10152	153120	496.0	327.0
10164	153120	498.0	327.0
10176	153120	500.0	328.0
10188	153120	504.0	329.0
10200	153120	509.0	329.0
10212	153120	514.0	330.0
10224	153120	519.0	330.0
10236	153120	524.0	331.0
10248	153120	530.0	332.0
10260	153120	538.0	333.0
10272	153120	544.0	334.0
10284	153120	554.0	336.0
10296	153120	564.0	337.0
10308	153120	577.0	340.0
10320	153120	590.0	342.0
10332	153120	607.0	345.0
10344	153120	629.0	348.0
10356	153120	656.0	352.0
10368	153120	691.0	358.0
10380	153120	737.0	365.0
10392	153120	804.0	375.0
10404	153120	909.0	391.0
10416	153120	988.0	416.0
10212	153140	475.75	322.0
10224	153140	476.8	323.0
10236	153140	478.75	323.75
10248	153140	479.0	324.0
10260	153140	481.0	323.0
10272	153140	484.0	324.0
10284	153140	486.0	325.0
10296	153140	489.0	326.0
10308	153140	491.0	325.0
10320	153140	493.0	326.0
10332	153140	496.0	327.0
10344	153140	498.0	328.0
10356	153140	501.0	328.0
10368	153140	505.0	329.0
10380	153140	508.0	329.0
10392	153140	513.0	331.0
10404	153140	517.0	331.0
10416	153140	523.0	333.0
10428	153140	531.0	335.0
10440	153140	537.0	337.0
10452	153140	548.0	339.0
10464	153140	560.0	342.0
10476	153140	576.0	346.0
10488	153140	597.0	351.0
10500	153140	628.0	358.0
10512	153140	673.0	368.0
10524	153140	749.0	385.0
10536	153140	896.0	417.0
10548	153140	1022.0	473.0
10224	153147	503.0	324.0
10236	153147	504.5	324.0
10248	153147	508.0	325.0
10260	153147	512.0	325.0
10272	153147	516.0	326.0
10284	153147	520.0	325.0
10296	153147	524.0	326.0
10308	153147	528.0	327.0
10320	153147	532.0	327.0
10332	153147	537.0	328.0
10344	153147	542.0	328.0
10356	153147	548.0	329.0
10368	153147	556.0	330.0
10380	153147	564.0	331.0
10392	153147	571.0	331.0
10404	153147	581.0	332.0
10416	153147	592.0	334.0
10428	153147	605.0	336.0
10440	153147	620.0	337.0
10452	153147	638.0	339.0
10464	153147	660.0	342.0
10476	153147	685.0	345.0
10488	153147	718.0	348.0
10500	153147	761.0	354.0
10512	153147	819.0	360.0
10524	153147	899.0	369.0
10536	153147	982.0	382.0
10320	153172	478.0	323.0
10332	153172	478.0	324.0
10344	153172	480.0	324.0
10356	153172	482.0	323.0
10368	153172	484.0	324.0
10380	153172	486.0	325.0
10392	153172	487.0	325.0
10404	153172	490.0	325.0
10416	153172	492.0	325.0
10428	153172	493.0	325.0
10440	153172	497.0	327.0
10452	153172	499.0	327.0
10464	153172	504.0	327.0
10476	153172	507.0	328.0
10488	153172	509.0	328.0
10500	153172	514.0	330.0
10512	153172	517.0	330.0
10524	153172	524.0	331.0
10536	153172	529.0	331.0
10548	153172	535.0	332.0
10560	153172	543.0	334.0
10572	153172	552.0	336.0
10584	153172	562.0	337.0
10596	153172	575.0	340.0
10608	153172	590.0	342.0
10620	153172	609.0	345.0
10632	153172	632.0	349.0
10644	153172	662.0	354.0
10656	153172	703.0	360.0
10668	153172	756.0	368.0
10680	153172	839.0	382.0
10692	153172	964.0	402.0
10704	153172	1005.0	422.0
10452	153228	453.0	325.0
10464	153228	455.0	326.0
10476	153228	456.0	326.0
10488	153228	457.0	326.0
10500	153228	459.0	327.0
10512	153228	461.0	327.0
10524	153228	462.0	328.0
10536	153228	467.0	329.0
10548	153228	469.0	329.0
10560	153228	472.0	330.0
10572	153228	475.0	331.0
10584	153228	478.0	332.0
10596	153228	483.0	333.0
10608	153228	488.0	334.0
10620	153228	493.0	336.0
10632	153228	500.0	338.0
10644	153228	507.0	340.0
10656	153228	516.0	342.0
10668	153228	528.0	345.0
10680	153228	544.0	349.0
10692	153228	564.0	355.0
10704	153228	594.0	362.0
10716	153228	638.0	373.0
10728	153228	707.0	393.0
10740	153228	844.0	427.0
10752	153228	1022.0	513.0
10716	153324	489.0	326.0
10728	153324	492.0	326.0
10740	153324	495.0	326.0
10752	153324	499.0	326.0
10764	153324	503.0	327.0
10776	153324	506.0	328.0
10788	153324	510.0	329.0
10800	153324	516.0	330.0
10812	153324	521.0	330.0
10824	153324	528.0	331.0
10836	153324	535.0	332.0
10848	153324	542.0	334.0
10860	153324	552.0	336.0
10872	153324	563.0	338.0
10884	153324	577.0	340.0
10896	153324	593.0	342.0
10908	153324	613.0	346.0
10920	153324	640.0	349.0
10932	153324	675.0	355.0
10944	153324	724.0	363.0
10956	153324	794.0	373.0
10968	153324	913.0	392.0
10980	153324	999.0	418.0
10716	153326	457.0	322.0
10728	153326	458.0	323.0
10740	153326	457.0	323.0
10752	153326	458.0	323.0
10764	153326	458.0	324.0
10776	153326	460.0	325.0
10788	153326	461.0	325.0
10800	153326	461.0	326.0
10812	153326	463.0	325.0
10824	153326	465.0	325.0
10836	153326	467.0	326.0
10848	153326	468.0	327.0
10860	153326	469.0	327.0
10872	153326	472.0	328.0
10884	153326	473.0	329.0
10896	153326	476.0	329.0
10908	153326	480.0	330.0
10920	153326	482.0	330.0
10932	153326	487.0	332.0
10944	153326	490.0	332.0
10956	153326	495.0	334.0
10968	153326	502.0	335.0
10980	153326	508.0	337.0
10992	153326	516.0	339.0
11004	153326	527.0	341.0
11016	153326	537.0	344.0
11028	153326	552.0	347.0
11040	153326	570.0	352.0
11052	153326	595.0	358.0
11064	153326	628.0	366.0
11076	153326	678.0	379.0
11088	153326	760.0	399.0
11100	153326	920.0	438.0
11112	153326	1022.0	497.0
10728	153333	481.0	324.0
10740	153333	481.6	324.1
10752	153333	485.2	324.7
10764	153333	489.0	325.0
10776	153333	492.0	326.0
10788	153333	495.0	326.0
10800	153333	498.0	327.0
10812	153333	502.0	328.0
10824	153333	505.0	327.0
10836	153333	509.0	328.0
10848	153333	512.0	329.0
10860	153333	517.0	330.0
10872	153333	522.0	330.0
10884	153333	528.0	331.0
10896	153333	535.0	332.0
10908	153333	542.0	333.0
10920	153333	551.0	334.0
10932	153333	561.0	336.0
10944	153333	573.0	338.0
10956	153333	586.0	340.0
10968	153333	603.0	343.0
10980	153333	624.0	346.0
10992	153333	652.0	350.0
11004	153333	687.0	356.0
11016	153333	736.0	363.0
11028	153333	808.0	374.0
11040	153333	922.0	392.0
11052	153333	997.0	415.0
10980	153405	482.3333333333333	324.3333333333333
10992	153405	486.0	324.0
11004	153405	490.0	326.0
11016	153405	493.0	327.0
11028	153405	497.0	327.0
11040	153405	501.0	328.0
11052	153405	506.0	328.0
11064	153405	512.0	329.0
11076	153405	518.0	330.0
11088	153405	525.0	331.0
11100	153405	533.0	333.0
11112	153405	543.0	335.0
11124	153405	555.0	337.0
11136	153405	571.0	340.0
11148	153405	590.0	343.0
11160	153405	613.0	346.0
11172	153405	647.0	352.0
11184	153405	693.0	359.0
11196	153405	764.0	371.0
11208	153405	883.0	390.0
11220	153405	1003.0	425.0
11016	153410	476.0	323.0
11028	153410	478.0	324.0
11040	153410	480.0	323.0
11052	153410	483.0	324.0
11064	153410	486.0	325.0
11076	153410	488.0	325.0
11088	153410	491.0	325.0
11100	153410	493.0	325.0
11112	153410	497.0	327.0
11124	153410	501.0	327.0
11136	153410	505.0	328.0
11148	153410	510.0	329.0
11160	153410	517.0	330.0
11172	153410	523.0	331.0
11184	153410	531.0	332.0
11196	153410	541.0	334.0
11208	153410	551.0	336.0
11220	153410	565.0	337.0
11232	153410	583.0	341.0
11244	153410	603.0	344.0
11256	153410	630.0	348.0
11268	153410	668.0	354.0
11280	153410	722.0	362.0
11292	153410	808.0	377.0
11304	153410	955.0	400.0
11184	153450	507.0	323.0
11196	153450	511.0	323.0
11208	153450	515.0	324.0
11220	153450	519.0	325.0
11232	153450	522.0	324.0
11244	153450	526.0	324.0
11256	153450	529.0	325.0
11268	153450	535.0	326.0
11280	153450	539.0	326.0
11292	153450	545.0	326.0
11304	153450	551.0	327.0
11316	153450	558.0	328.0
11328	153450	566.0	328.0
11340	153450	575.0	329.0
11352	153450	584.0	330.0
11364	153450	596.0	331.0
11376	153450	608.0	332.0
11388	153450	623.0	334.0
11400	153450	641.0	335.0
11412	153450	662.0	337.0
11424	153450	689.0	340.0
11436	153450	720.0	343.0
11448	153450	763.0	347.0
11460	153450	817.0	352.0
11472	153450	894.0	359.0
11484	153450	974.0	367.0
11304	153482	486.0	322.0
11316	153482	486.0	322.0
11328	153482	489.0	322.0
11340	153482	491.0	323.0
11352	153482	493.0	323.0
11364	153482	496.0	324.0
11376	153482	498.0	324.0
11388	153482	500.0	323.0
11400	153482	502.0	324.0
11412	153482	506.0	324.0
11424	153482	509.0	325.0
11436	153482	512.0	325.0
11448	153482	517.0	325.0
11460	153482	521.0	327.0
11472	153482	526.0	327.0
11484	153482	530.0	327.0
11496	153482	537.0	328.0
11508	153482	542.0	328.0
11520	153482	550.0	329.0
11532	153482	557.0	331.0
11544	153482	567.0	331.0
11556	153482	578.0	332.0
11568	153482	589.0	334.0
11580	153482	604.0	335.0
11592	153482	620.0	337.0
11604	153482	641.0	340.0
11616	153482	667.0	343.0
11628	153482	699.0	346.0
11640	153482	742.0	351.0
11652	153482	799.0	357.0
11664	153482	885.0	367.0
11676	153482	980.0	382.0
11424	153518	495.0	324.0
11436	153518	498.14285714285717	324.0
11448	153518	501.0	324.0
11460	153518	503.0	324.0
11472	153518	506.0	325.0
11484	153518	509.0	325.0
11496	153518	513.0	325.0
11508	153518	515.0	326.0
11520	153518	521.0	327.0
11532	153518	526.0	327.0
11544	153518	531.0	328.0
11556	153518	537.0	328.0
11568	153518	543.0	329.0
11580	153518	550.0	330.0
11592	153518	558.0	331.0
11604	153518	567.0	331.0
11616	153518	579.0	333.0
11628	153518	591.0	334.0
11640	153518	606.0	336.0
11652	153518	623.0	339.0
11664	153518	645.0	341.0
11676	153518	673.0	345.0
11688	153518	708.0	348.0
11700	153518	756.0	354.0
11712	153518	820.0	361.0
11724	153518	917.0	373.0
11736	153518	989.0	389.0
11472	153524	485.0	323.0
11484	153524	486.0	324.0
11496	153524	487.0	325.0
11508	153524	490.0	325.0
11520	153524	490.0	325.0
11532	153524	492.2	325.4
11544	153524	495.0	327.0
11556	153524	498.0	327.0
11568	153524	501.0	327.0
11580	153524	506.0	328.0
11592	153524	509.0	329.0
11604	153524	514.0	330.0
11616	153524	520.0	331.0
11628	153524	527.0	332.0
11640	153524	535.0	333.0
11652	153524	545.0	336.0
11664	153524	557.0	337.0
11676	153524	572.0	341.0
11688	153524	589.0	344.0
11700	153524	613.0	347.0
11712	153524	646.0	353.0
11724	153524	692.0	361.0
11736	153524	763.0	373.0
11748	153524	881.0	393.0
11760	153524	1004.0	431.0
11580	153538	480.0	321.0
11592	153538	482.0	320.0
11604	153538	482.0	321.0
11616	153538	483.0	320.0
11628	153538	485.0	321.0
11640	153538	486.14285714285717	321.57142857142856
11652	153538	489.0	322.0
11664	153538	491.0	322.0
11676	153538	492.0	322.0
11688	153538	495.0	322.0
11700	153538	498.3333333333333	322.0
11712	153538	500.0	323.0
11724	153538	503.0	324.0
11736	153538	504.0	324.0
11748	153538	506.0	324.0
11760	153538	509.0	324.0
11772	153538	512.0	325.0
11784	153538	516.0	326.0
11796	153538	520.0	325.0
11808	153538	526.0	326.0
11820	153538	531.0	326.0
11604	153542	463.0	324.0
11616	153542	465.0	324.0
11628	153542	466.0	325.0
11640	153542	467.0	325.0
11652	153542	469.0	326.0
11664	153542	470.0	325.0
11676	153542	473.0	327.0
11688	153542	475.0	327.0
11700	153542	478.0	327.0
11712	153542	481.0	328.0
11724	153542	483.0	328.0
11736	153542	487.0	329.0
11748	153542	490.0	330.0
11760	153542	494.0	331.0
11772	153542	499.0	331.0
11784	153542	504.0	333.0
11796	153542	511.0	334.0
11808	153542	517.0	336.0
11820	153542	526.0	338.0
11832	153542	537.0	341.0
11844	153542	548.0	344.0
11856	153542	564.0	346.0
11868	153542	585.0	351.0
11880	153542	611.0	357.0
11892	153542	650.0	365.0
11904	153542	709.0	379.0
11916	153542	806.0	400.0
11928	153542	975.0	444.0
11616	153551	500.0	324.0
11628	153551	502.0	324.0
11640	153551	506.0	324.0
11652	153551	510.0	325.0
11664	153551	515.0	326.0
11676	153551	518.0	325.0
11688	153551	525.0	326.0
11700	153551	528.0	326.0
11712	153551	538.0	328.0
11724	153551	545.0	328.0
11736	153551	554.0	330.0
11748	153551	565.0	332.0
11760	153551	578.0	332.0
11772	153551	595.0	334.0
11784	153551	612.0	336.0
11796	153551	637.0	340.0
11808	153551	668.0	343.0
11820	153551	712.0	348.0
11832	153551	772.0	356.0
11844	153551	866.0	366.0
11856	153551	978.0	383.0
11724	153562	465.0	325.0
11736	153562	466.0	325.0
11748	153562	469.0	327.0
11760	153562	469.0	327.0
11772	153562	473.0	327.0
11784	153562	476.0	329.0
11796	153562	478.0	329.0
11808	153562	481.0	329.0
11820	153562	484.0	330.0
11832	153562	487.0	331.0
11844	153562	492.0	332.0
11856	153562	496.0	333.0
11868	153562	501.0	334.0
11880	153562	508.0	336.0
11892	153562	515.0	338.0
11904	153562	524.0	340.0
11916	153562	533.0	343.0
11928	153562	546.0	346.0
11940	153562	561.0	349.0
11952	153562	580.0	355.0
11964	153562	607.0	362.0
11976	153562	646.0	372.0
11988	153562	707.0	388.0
12000	153562	816.0	415.0
12012	153562	987.0	472.0
11904	153622	456.0	325.0
11916	153622	458.0	326.0
11928	153622	459.0	326.0
11940	153622	461.0	325.0
11952	153622	463.0	326.0
11964	153622	466.0	327.0
11976	153622	467.0	327.0
11988	153622	470.0	328.0
12000	153622	473.0	329.0
12012	153622	476.0	330.0
12024	153622	479.0	330.0
12036	153622	482.0	331.0
12048	153622	487.0	332.0
12060	153622	492.0	333.0
12072	153622	498.0	335.0
12084	153622	505.0	337.0
12096	153622	512.0	339.0
12108	153622	523.0	342.0
12120	153622	535.0	345.0
12132	153622	551.0	349.0
12144	153622	572.0	355.0
12156	153622	600.0	362.0
12168	153622	645.0	374.0
12180	153622	717.0	394.0
12192	153622	865.0	431.0
12204	153622	1029.0	519.0
11916	153627	489.0	322.0
11928	153627	492.9642857142857	322.0
11940	153627	496.82142857142856	322.0
11952	153627	500.67857142857144	322.0
11964	153627	502.0	324.0
11976	153627	503.875	324.0
11988	153627	508.0	325.0
12000	153627	511.0	325.0
12012	153627	515.0	326.0
12024	153627	519.0	326.0
12036	153627	526.0	326.0
12048	153627	530.0	327.0
12060	153627	539.0	328.0
12072	153627	544.0	328.0
12084	153627	552.0	329.0
12096	153627	562.0	331.0
12108	153627	573.0	332.0
12120	153627	586.0	333.0
12132	153627	601.0	335.0
12144	153627	621.0	337.0
12156	153627	645.0	340.0
12168	153627	676.0	343.0
12180	153627	718.0	348.0
12192	153627	758.5	345.0
12204	153627	836.0	360.0
12216	153627	972.0	380.0
12132	153668	466.22222222222223	323.0
12144	153668	469.0	322.0
12156	153668	471.22222222222223	323.27777777777777
12168	153668	473.8888888888889	323.6111111111111
12180	153668	476.55555555555554	323.94444444444446
12192	153668	479.0	323.0
12204	153668	483.0	325.0
12216	153668	486.0	325.0
12228	153668	490.0	325.0
12240	153668	493.0	327.0
12252	153668	497.0	328.0
12264	153668	503.0	328.0
12276	153668	506.0	328.0
12288	153668	514.0	331.0
12300	153668	518.0	332.0
12312	153668	528.0	332.0
12324	153668	538.0	334.0
12336	153668	550.0	336.0
12348	153668	564.0	338.0
12360	153668	582.0	342.0
12372	153668	605.0	345.0
12384	153668	638.0	351.0
12396	153668	684.0	358.0
12408	153668	755.0	370.0
12420	153668	881.0	391.0
12432	153668	1006.0	426.0
12192	153679	494.0	322.0
12204	153679	496.6666666666667	323.0
12216	153679	500.0	324.0
12228	153679	503.0	324.0
12240	153679	506.0	324.0
12252	153679	510.0	325.0
12264	153679	513.0	325.0
12276	153679	517.0	325.0
12288	153679	524.0	327.0
12300	153679	528.0	327.0
12312	153679	535.0	327.0
12324	153679	543.0	327.0
12336	153679	550.0416666666666	328.4166666666667
12348	153679	557.2916666666666	328.9166666666667
12360	153679	564.5416666666666	329.4166666666667
12372	153679	571.7916666666666	329.9166666666667
12384	153679	591.0	334.0
12396	153679	614.0	337.0
12408	153679	646.0	340.0
12420	153679	680.0	344.0
12432	153679	724.0	349.0
12444	153679	789.0	356.0
12456	153679	885.0	367.0
12468	153679	987.0	383.0
12240	153697	477.0	323.0
12252	153697	479.0	323.0
12264	153697	479.0	324.0
12276	153697	482.0	324.0
12288	153697	484.0	324.0
12300	153697	485.0	325.0
12312	153697	489.0	325.0
12324	153697	491.0	325.0
12336	153697	496.0	327.0
12348	153697	499.0	327.0
12360	153697	503.0	328.0
12372	153697	508.0	328.0
12384	153697	513.0	330.0
12396	153697	519.0	330.0
12408	153697	526.0	331.0
12420	153697	533.0	333.0
12432	153697	543.0	335.0
12444	153697	554.0	337.0
12456	153697	569.0	340.0
12468	153697	587.0	343.0
12480	153697	612.0	348.0
12492	153697	645.0	353.0
12504	153697	693.0	362.0
12516	153697	772.0	376.0
12528	153697	913.0	402.0
12360	153741	475.22222222222223	324.8888888888889
12372	153741	477.0	323.0
12384	153741	477.94736842105266	322.05263157894734
12396	153741	478.89473684210526	321.10526315789474
12408	153741	479.8421052631579	320.1578947368421
12420	153741	481.0	321.0
12432	153741	483.0	320.0
12444	153741	485.0	320.0
12456	153741	487.0	322.0
12468	153741	490.0	322.0
12480	153741	492.0	322.0
12492	153741	493.0	322.0
12504	153741	495.0	322.0
12516	153741	497.0	323.0
12528	153741	501.0	323.0
12540	153741	504.0	324.0
12552	153741	507.0	324.0
12564	153741	510.0	324.0
12576	153741	515.0	325.0
12588	153741	518.0	325.0
12600	153741	523.0	325.0
12612	153741	527.0	326.0
12624	153741	533.0	327.0
12636	153741	540.0	327.0
12648	153741	546.0	328.0
12660	153741	554.0	330.0
12672	153741	563.0	330.0
12684	153741	573.0	332.0
12696	153741	585.0	333.0
12708	153741	599.0	335.0
12720	153741	617.0	337.0
12732	153741	636.0	335.0
12744	153741	663.0	339.0
12756	153741	698.0	346.0
12768	153741	751.0	352.0
12780	153741	818.0	359.0
12792	153741	926.0	372.0
12804	153741	988.0	386.0
12816	153741	1000.0	386.0
12828	153741	993.0	393.0
12840	153741	994.0	363.0
12528	153777	468.0	325.0
12540	153777	470.0	326.0
12552	153777	473.0	327.0
12564	153777	475.0	327.0
12576	153777	478.0	328.0
12588	153777	481.0	328.0
12600	153777	485.0	329.0
12612	153777	489.0	330.0
12624	153777	494.0	331.0
12636	153777	499.0	333.0
12648	153777	506.0	335.0
12660	153777	514.0	337.0
12672	153777	523.0	339.0
12684	153777	535.0	342.0
12696	153777	550.0	346.0
12708	153777	571.0	351.0
12720	153777	599.0	358.0
12732	153777	644.0	368.0
12744	153777	716.0	386.0
12756	153777	861.0	419.0
12768	153777	1026.0	492.0
12576	153785	464.0	323.0
12588	153785	467.0	324.0
12600	153785	468.0	324.0
12612	153785	470.0	323.0
12624	153785	472.0	324.0
12636	153785	475.0	325.0
12648	153785	477.0	325.0
12660	153785	479.0	325.0
12672	153785	482.0	326.0
12684	153785	486.0	328.0
12696	153785	490.0	328.0
12708	153785	494.0	329.0
12720	153785	499.0	329.0
12732	153785	504.0	330.0
12744	153785	511.0	331.0
12756	153785	518.0	332.0
12768	153785	526.0	333.0
12780	153785	535.0	334.0
12792	153785	547.0	336.0
12804	153785	561.0	339.0
12816	153785	578.0	342.0
12828	153785	600.0	345.0
12840	153785	629.0	350.0
12852	153785	668.0	356.0
12864	153785	723.0	366.0
12876	153785	812.0	380.0
12888	153785	959.0	405.0
12624	153796	445.0	322.0
12636	153796	446.0	322.0
12648	153796	447.55555555555554	323.27777777777777
12660	153796	448.8888888888889	323.94444444444446
12672	153796	449.4	324.0
12684	153796	449.93333333333334	324.0
12696	153796	450.46666666666664	324.0
12708	153796	451.0	324.0
12720	153796	451.6875	325.0
12732	153796	453.0	325.0
12744	153796	454.0	326.0
12756	153796	455.0	326.0
12768	153796	455.0	325.0
12780	153796	456.0	327.0
12792	153796	458.0	327.0
12804	153796	461.0	328.0
12816	153796	461.0	328.0
12828	153796	462.0	329.0
12840	153796	465.0	329.0
12852	153796	467.0	329.0
12864	153796	468.0	330.0
12876	153796	472.0	331.0
12888	153796	476.0	332.0
12900	153796	478.0	332.0
12912	153796	483.0	333.0
12924	153796	487.0	334.0
12936	153796	492.0	335.0
12948	153796	497.0	337.0
12960	153796	507.0	339.0
12972	153796	515.0	341.0
12984	153796	525.0	344.0
12996	153796	536.0	348.0
13008	153796	550.0	351.0
13020	153796	571.0	357.0
13032	153796	600.0	363.0
13044	153796	639.0	374.0
13056	153796	699.0	390.0
13068	153796	803.0	417.0
13080	153796	977.0	473.0
12864	153835	685.0	331.0
12876	153835	662.5	319.5
12888	153835	654.25	318.75
12900	153835	646.0	321.0
12912	153835	641.0	323.0
12924	153835	629.0	320.0
12936	153835	622.0	319.0
12948	153835	616.0	320.0
12960	153835	610.0	320.0
12972	153835	607.0	320.0
12984	153835	600.0	320.0
12996	153835	593.0	319.0
13008	153835	592.5	326.0
13020	153835	586.8095238095239	324.1746031746032
13032	153835	582.2380952380952	324.36507936507934
13044	153835	577.6666666666666	324.55555555555554
13056	153835	573.0952380952381	324.74603174603175
13068	153835	568.5238095238095	324.93650793650795
13080	153835	567.0	326.0
13092	153835	566.6363636363636	326.72727272727275
13104	153835	566.2727272727273	327.45454545454544
13116	153835	569.0	328.0
13128	153835	584.0	330.0
13140	153835	598.0	331.0
13152	153835	613.0	333.0
13164	153835	630.0	334.0
13176	153835	650.0	336.0
13188	153835	675.0	338.0
13200	153835	705.0	341.0
13212	153835	746.0	345.0
13224	153835	798.0	350.0
13236	153835	872.0	356.0
13248	153835	968.0	366.0
13164	153922	526.0	323.0
13176	153922	530.0	324.0
13188	153922	535.0	324.0
13200	153922	541.2142857142857	324.0
13212	153922	545.0	324.0
13224	153922	552.0	325.0
13236	153922	558.0	325.0
13248	153922	565.0	325.0
13260	153922	575.0	327.0
13272	153922	582.0	327.0
13284	153922	592.0	328.0
13296	153922	605.0	329.0
13308	153922	619.0	331.0
13320	153922	636.0	332.0
13332	153922	655.0	334.0
13344	153922	680.0	336.0
13356	153922	712.0	339.0
13368	153922	750.0	342.0
13380	153922	801.0	346.0
13392	153922	871.6666666666666	350.0
13404	153922	957.0	358.0
13188	153927	512.0	322.0
13200	153927	515.5	323.0
13212	153927	520.0	324.0
13224	153927	525.0	324.5
13236	153927	528.5714285714286	324.7142857142857
13248	153927	533.5714285714286	325.85714285714283
13260	153927	540.0	326.0
13272	153927	545.0	326.0
13284	153927	552.0	327.0
13296	153927	562.0	327.0
13308	153927	569.0	328.0
13320	153927	579.0	329.0
13332	153927	591.0	330.0
13344	153927	605.0	331.0
13356	153927	622.0	333.0
13368	153927	635.0769230769231	328.46153846153845
13380	153927	659.0	336.0
13392	153927	693.0	340.0
13404	153927	731.0	343.0
13416	153927	782.0	348.0
13428	153927	853.0	355.0
13440	153927	956.0	365.0
13284	153941	478.0	324.0
13296	153941	479.7142857142857	324.0
13308	153941	481.0	324.0
13320	153941	482.5652173913044	324.0
13332	153941	484.6521739130435	324.0
13344	153941	486.0	326.0
13356	153941	489.0	326.0
13368	153941	492.0	326.0
13380	153941	494.0	326.0
13392	153941	497.0	327.0
13404	153941	499.0	327.0
13416	153941	503.0	328.0
13428	153941	507.0	329.0
13440	153941	511.0	329.0
13452	153941	517.0	330.0
13464	153941	521.0	331.0
13476	153941	529.0	332.0
13488	153941	537.0	333.0
13500	153941	544.0	334.0
13512	153941	553.0	336.0
13524	153941	565.0	338.0
13536	153941	580.0	340.0
13548	153941	596.0	342.0
13560	153941	618.0	346.0
13572	153941	645.0	350.0
13584	153941	682.0	355.0
13596	153941	732.0	363.0
13608	153941	807.0	375.0
13620	153941	929.0	394.0
13632	153941	1003.0	424.0
13296	153942	498.0	327.0
13308	153942	503.0	327.0
13320	153942	505.0	328.0
13332	153942	510.0	329.0
13344	153942	515.0	329.0
13356	153942	520.0	330.0
13368	153942	525.0	331.0
13380	153942	532.0	331.0
13392	153942	540.0	333.0
13404	153942	549.0	334.0
13416	153942	559.0	336.0
13428	153942	571.0	338.0
13440	153942	586.0	340.0
13452	153942	605.0	343.0
13464	153942	627.0	346.0
13476	153942	656.0	350.0
13488	153942	695.0	356.0
13500	153942	748.0	364.0
13512	153942	829.0	377.0
13524	153942	955.0	396.0
13536	153942	1005.0	416.0
13344	153950	463.0	323.0
13356	153950	463.0	325.0
13368	153950	465.0	323.0
13380	153950	465.0	324.0
13392	153950	467.0	325.0
13404	153950	468.0	326.0
13416	153950	469.0	326.0
13428	153950	471.0	326.0
13440	153950	473.0	327.0
13452	153950	475.0	328.0
13464	153950	478.0	329.0
13476	153950	480.0	329.0
13488	153950	485.0	330.0
13500	153950	488.0	331.0
13512	153950	493.0	332.0
13524	153950	500.0	334.0
13536	153950	505.0	335.0
13548	153950	514.0	338.0
13560	153950	524.0	341.0
13572	153950	536.0	344.0
13584	153950	553.0	348.0
13596	153950	576.0	354.0
13608	153950	609.0	363.0
13620	153950	662.0	377.0
13632	153950	760.0	402.0
13644	153950	963.0	457.0
13596	153992	477.0	323.0
13608	153992	477.0	323.0
13620	153992	478.0	322.0
13632	153992	479.1666666666667	323.3888888888889
13644	153992	481.0	324.0
13656	153992	484.0	325.0
13668	153992	485.0	324.0
13680	153992	487.0	325.0
13692	153992	490.0	325.0
13704	153992	492.0	326.0
13716	153992	496.0	327.0
13728	153992	501.0	327.0
13740	153992	504.0	328.0
13752	153992	509.0	328.0
13764	153992	515.0	330.0
13776	153992	523.0	331.0
13788	153992	530.0	332.0
13800	153992	540.0	334.0
13812	153992	552.0	336.0
13824	153992	568.0	338.0
13836	153992	587.0	341.0
13848	153992	612.0	345.0
13860	153992	645.0	350.0
13872	153992	692.0	358.0
13884	153992	766.0	369.0
13896	153992	892.0	389.0
13908	153992	1010.0	424.0
13668	154022	500.0	324.0
13680	154022	504.25	324.0
13692	154022	507.0	325.0
13704	154022	512.0	325.0
13716	154022	515.0	326.0
13728	154022	520.0	325.0
13740	154022	526.0	327.0
13752	154022	532.0	327.0
13764	154022	539.0	328.0
13776	154022	547.0	329.0
13788	154022	556.0	330.0
13800	154022	568.0	331.0
13812	154022	581.0	332.0
13824	154022	597.0	334.0
13836	154022	615.0	336.0
13848	154022	638.0	338.0
13860	154022	669.0	342.0
13872	154022	710.0	347.0
13884	154022	755.7647058823529	348.2352941176471
13896	154022	798.8235294117648	353.1764705882353
13908	154022	917.0	370.0
13824	154040	77.0	539.0
13836	154040	77.0	539.0
13848	154040	77.0	539.0
13860	154040	77.0	539.0
13872	154040	77.0	539.0
13884	154040	77.0	539.0
13896	154040	77.0	539.0
13908	154040	77.16666666666667	539.0
13920	154040	77.5	539.0
13932	154040	77.83333333333333	539.0
13944	154040	78.0	539.0
13956	154040	77.0	539.0
13968	154040	77.0	539.0
13980	154040	77.41666666666667	539.0
13992	154040	77.0	538.65
14004	154040	77.0	538.05
14016	154040	77.0	539.0
14028	154040	77.0	538.2941176470588
14040	154040	77.0	539.0
14052	154040	77.0	539.0
14064	154040	77.0	539.0
14076	154040	77.0	539.0
14088	154040	77.0	539.0
14100	154040	78.0	539.0
14112	154040	78.0	540.0
14124	154040	78.0	539.0
14136	154040	78.0	539.0
14148	154040	78.0	539.0
14160	154040	79.0	539.0
14172	154040	79.0	539.0
14184	154040	78.0	539.0
14196	154040	78.6	539.0
14208	154040	77.5	539.0
14220	154040	78.0	539.0
14232	154040	78.0	539.0
14244	154040	79.0	539.0
14256	154040	79.0	540.0
14268	154040	79.0	539.0
14280	154040	79.0	539.0
14292	154040	77.92857142857143	539.0
14304	154040	77.64285714285714	539.0
14316	154040	77.35714285714286	539.0
14328	154040	77.07142857142857	539.0
14340	154040	78.0	539.0
14352	154040	78.0	539.0
14364	154040	78.0	540.0
14376	154040	78.0	539.0
14388	154040	77.0	539.0
14400	154040	77.0	539.0
14412	154040	77.0	539.0
14424	154040	77.0	539.0
14436	154040	77.0	539.0
14448	154040	77.0	539.0
13836	154043	482.0	324.0
13848	154043	486.3333333333333	323.3333333333333
13860	154043	489.0	324.0
13872	154043	491.0	325.0
13884	154043	493.0	325.0
13896	154043	496.0	325.0
13908	154043	499.0	327.0
13920	154043	502.0	327.0
13932	154043	506.0	327.0
13944	154043	511.0	328.0
13956	154043	516.0	330.0
13968	154043	522.0	330.0
13980	154043	529.0	331.0
13992	154043	538.0	332.0
14004	154043	547.0	334.0
14016	154043	559.0	336.0
14028	154043	575.0	339.0
14040	154043	591.0	342.0
14052	154043	614.0	345.0
14064	154043	646.0	351.0
14076	154043	688.0	358.0
14088	154043	753.0	368.0
14100	154043	860.0	385.0
14112	154043	992.0	418.0
13884	154049	473.0	320.0
13896	154049	474.5	321.0
13908	154049	475.5	320.5
13920	154049	476.0	320.0
13932	154049	477.0	320.0
13944	154049	478.0	320.0
13956	154049	480.0	320.0
13968	154049	480.0	321.0
13980	154049	482.0	321.0
13992	154049	483.0	321.0
14004	154049	486.0	322.0
14016	154049	488.0	322.0
14028	154049	490.0	322.0
14040	154049	491.0	322.0
14052	154049	493.0	322.0
14064	154049	494.0	322.0
14076	154049	496.0	323.0
14088	154049	500.0	324.0
14100	154049	503.0	324.0
14112	154049	506.0	324.0
14124	154049	509.0	325.0
14136	154049	513.0	325.0
14148	154049	515.0	325.0
14160	154049	521.0	326.0
14172	154049	526.0	326.0
14184	154049	532.0	326.0
14196	154049	536.0	327.0
14208	154049	544.0	328.0
14220	154049	550.0	329.0
14232	154049	559.0	329.0
14244	154049	570.0	331.0
14256	154049	581.0	332.0
14268	154049	595.0	333.0
14280	154049	611.0	335.0
14292	154049	629.0	338.0
14304	154049	654.0	340.0
14316	154049	684.0	345.0
14328	154049	723.0	349.0
14340	154049	778.0	355.0
14352	154049	854.0	363.0
14364	154049	960.0	377.0
14376	154049	984.0	382.0
14388	154049	990.0	378.0
14400	154049	992.0	382.0
13980	154079	503.5882352941176	323.4117647058824
13992	154079	505.0	323.0
14004	154079	507.0	323.0
14016	154079	513.3636363636364	324.90909090909093
14028	154079	515.0	325.0
14040	154079	519.6666666666666	325.0
14052	154079	525.0	326.0
14064	154079	529.0	327.0
14076	154079	535.0	327.0
14088	154079	541.0	328.0
14100	154079	548.0	329.0
14112	154079	556.0	330.0
14124	154079	565.0	331.0
14136	154079	575.0	332.0
14148	154079	588.0	334.0
14160	154079	603.0	335.0
14172	154079	620.0	337.0
14184	154079	643.0	341.0
14196	154079	670.0	343.0
14208	154079	706.0	347.0
14220	154079	753.0	353.0
14232	154079	819.0	360.0
14244	154079	919.0	371.0
14244	154137	487.0	320.0
14256	154137	490.0	320.0
14268	154137	491.0	320.0
14280	154137	493.8888888888889	321.0
14292	154137	496.55555555555554	321.0
14304	154137	499.0	322.0
14316	154137	501.0	322.5
14328	154137	504.0	323.0
14340	154137	506.0	323.0
14352	154137	510.0	322.0
14364	154137	512.0	323.0
14376	154137	517.0	324.0
14388	154137	521.0	325.0
14400	154137	526.0	324.0
14412	154137	529.0	324.0
14424	154137	536.0	325.0
14436	154137	542.0	325.0
14448	154137	550.0	326.0
14460	154137	557.0	327.0
14472	154137	566.0	328.0
14484	154137	576.0	329.0
14496	154137	588.0	330.0
14508	154137	602.0	331.0
14520	154137	619.0	333.0
14532	154137	639.0	335.0
14544	154137	664.0	337.0
14556	154137	696.0	340.0
14568	154137	740.0	344.0
14580	154137	794.0	349.0
14592	154137	876.0	357.0
14604	154137	973.0	367.0
14316	154154	465.375	320.0
14328	154154	466.5	320.0
14340	154154	467.625	320.0
14352	154154	468.0	321.0
14364	154154	469.0	321.0
14376	154154	470.0	322.0
14388	154154	471.42857142857144	322.0612244897959
14400	154154	473.14285714285717	322.3061224489796
14412	154154	474.85714285714283	322.55102040816325
14424	154154	476.57142857142856	322.7959183673469
14436	154154	478.0	324.0
14448	154154	479.0	324.0
14460	154154	481.0	323.0
14472	154154	484.0	324.0
14484	154154	487.0	326.0
14496	154154	489.0	325.0
14508	154154	492.0	326.0
14520	154154	496.0	327.0
14532	154154	500.0	327.0
14544	154154	505.0	328.0
14556	154154	511.0	329.0
14568	154154	517.0	330.0
14580	154154	524.0	331.0
14592	154154	532.0	332.0
14604	154154	542.0	334.0
14616	154154	554.0	336.0
14628	154154	571.0	339.0
14640	154154	592.0	342.0
14652	154154	619.0	346.0
14664	154154	657.0	353.0
14676	154154	714.0	362.0
14688	154154	808.0	378.0
14700	154154	966.0	406.0
14340	154162	487.5	321.0
14352	154162	490.0	321.0
14364	154162	491.0	320.0
14376	154162	494.0	320.0
14388	154162	496.3	321.0
14400	154162	499.0	321.0
14412	154162	500.0	322.0
14424	154162	503.0	322.0
14436	154162	506.0	322.0
14448	154162	508.85714285714283	322.0
14460	154162	512.0	322.0
14472	154162	515.0	323.0
14484	154162	519.0	324.0
14496	154162	524.2	324.0
14508	154162	527.6666666666666	324.0
14520	154162	533.0	325.0
14532	154162	540.0	326.0
14544	154162	545.0	326.0
14556	154162	553.0	327.0
14568	154162	562.0	327.0
14580	154162	571.0	328.0
14592	154162	582.0	329.0
14604	154162	594.0	331.0
14616	154162	612.0	332.0
14628	154162	632.0	334.0
14640	154162	656.0	336.0
14652	154162	687.0	339.0
14664	154162	729.0	343.0
14676	154162	784.0	349.0
14688	154162	868.0	357.0
14544	154180	466.0	324.0
14556	154180	467.0	324.0
14568	154180	469.0	323.0
14580	154180	471.0	324.0
14592	154180	474.0	326.0
14604	154180	476.0	325.0
14616	154180	476.0	324.93939393939394
14628	154180	476.0	324.2121212121212
14640	154180	476.0	323.4848484848485
14652	154180	476.0	322.0
14664	154180	478.0	322.0
14676	154180	480.0	324.0
14688	154180	481.0	324.0
14700	154180	483.0	325.0
14712	154180	485.0	325.0
14724	154180	488.0	324.0
14736	154180	491.0	325.0
14748	154180	493.0	325.0
14760	154180	496.0	326.0
14772	154180	500.0	327.0
14784	154180	504.0	327.0
14796	154180	507.0	328.0
14808	154180	513.0	328.0
14820	154180	519.0	330.0
14832	154180	526.0	331.0
14844	154180	534.0	332.0
14856	154180	542.0	333.0
14868	154180	553.0	336.0
14880	154180	566.0	337.0
14892	154180	583.0	340.0
14904	154180	603.0	343.0
14916	154180	628.0	347.0
14928	154180	663.0	353.0
14940	154180	712.0	361.0
14952	154180	784.0	372.0
14964	154180	907.0	392.0
14976	154180	1006.0	424.0
14580	154185	452.0	322.0
14592	154185	452.0	322.0
14604	154185	452.0	322.0
14616	154185	453.0	323.0
14628	154185	453.0	322.0
14640	154185	454.0	322.0
14652	154185	454.0	322.0
14664	154185	454.0	322.0
14676	154185	455.0	322.0
14688	154185	457.0	323.0
14700	154185	459.0	324.0
14712	154185	460.0	324.0
14724	154185	460.0	323.0
14736	154185	462.0	324.0
14748	154185	464.0	325.0
14760	154185	465.0	325.0
14772	154185	467.0	325.0
14784	154185	470.0	326.0
14796	154185	472.0	327.0
14808	154185	474.0	328.0
14820	154185	477.0	329.0
14832	154185	480.0	330.0
14844	154185	484.0	330.0
14856	154185	488.0	331.0
14868	154185	493.0	332.0
14880	154185	499.0	334.0
14892	154185	506.0	335.0
14904	154185	514.0	337.0
14916	154185	525.0	340.0
14928	154185	537.0	343.0
14940	154185	553.0	347.0
14952	154185	574.0	352.0
14964	154185	604.0	359.0
14976	154185	649.0	370.0
14988	154185	723.0	388.0
15000	154185	865.0	421.0
15012	154185	1018.0	489.0
14616	154190	500.0	323.0
14628	154190	501.75	322.75
14640	154190	504.0	322.5
14652	154190	506.6	322.4
14664	154190	509.0	322.0
14676	154190	512.0	322.0
14688	154190	517.0	323.0
14700	154190	520.6964285714286	323.0
14712	154190	524.7678571428571	323.0
14724	154190	528.8392857142857	323.0
14736	154190	532.9107142857143	323.0
14748	154190	536.9821428571429	323.0
14760	154190	543.2857142857143	325.0
14772	154190	549.0	326.0
14784	154190	558.0	327.0
14796	154190	565.0	328.0
14808	154190	574.0	328.0
14820	154190	584.0	330.0
14832	154190	595.0	330.0
14844	154190	609.0	332.0
14856	154190	627.0	333.0
14868	154190	647.0	335.0
14880	154190	671.0	337.0
14892	154190	701.0	340.0
14904	154190	740.0	344.0
14916	154190	793.0	349.0
14928	154190	857.9230769230769	356.7307692307692
14940	154190	922.5384615384615	372.88461538461536
14664	154201	528.0	323.0
14676	154201	532.0	324.0
14688	154201	537.0	324.0
14700	154201	541.0	324.0
14712	154201	547.0	325.0
14724	154201	553.0	325.0
14736	154201	560.0	326.0
14748	154201	570.0	327.0
14760	154201	576.6206896551724	326.58620689655174
14772	154201	583.2413793103449	326.17241379310343
14784	154201	595.0	329.0
14796	154201	610.0	330.0
14808	154201	624.0	331.0
14820	154201	641.0	333.0
14832	154201	661.0	334.0
14844	154201	687.0	337.0
14856	154201	716.0	339.0
14868	154201	755.0	343.0
14880	154201	804.0	346.0
14892	154201	872.0	352.0
14904	154201	963.0	360.0
14712	154215	505.0	324.0
14724	154215	509.0	324.0
14736	154215	515.0	325.0
14748	154215	519.0	325.0
14760	154215	524.0	326.0
14772	154215	529.0	327.0
14784	154215	537.0	327.0
14796	154215	543.0	329.0
14808	154215	551.0	329.0
14820	154215	561.0	330.0
14832	154215	571.0	331.0
14844	154215	583.0	332.0
14856	154215	601.0	335.0
14868	154215	620.0	337.0
14880	154215	644.0	340.0
14892	154215	675.0	344.0
14904	154215	716.0	348.0
14916	154215	772.0	355.0
14928	154215	858.0	364.0
14940	154215	973.0	380.0
14964	154252	478.0	323.0
14976	154252	480.0	324.0
14988	154252	482.0	325.0
15000	154252	485.0	326.0
15012	154252	488.0	325.0
15024	154252	491.0	325.0
15036	154252	496.0	327.0
15048	154252	500.0	327.0
15060	154252	504.0	327.0
15072	154252	509.0	329.0
15084	154252	514.0	329.0
15096	154252	520.0	330.0
15108	154252	528.0	331.0
15120	154252	534.0	332.0
15132	154252	542.0	333.0
15144	154252	552.0	335.0
15156	154252	563.0	336.0
15168	154252	578.0	338.0
15180	154252	594.0	341.0
15192	154252	613.0	344.0
15204	154252	640.0	348.0
15216	154252	674.0	354.0
15228	154252	722.0	361.0
15240	154252	793.0	372.0
15252	154252	906.0	390.0
15264	154252	998.0	418.0
15024	154263	468.0	325.0
15036	154263	470.0	325.0
15048	154263	470.0	325.0
15060	154263	471.0	326.0
15072	154263	475.0	327.0
15084	154263	477.0	327.0
15096	154263	479.0	328.0
15108	154263	482.0	328.0
15120	154263	486.0	329.0
15132	154263	489.0	330.0
15144	154263	493.0	331.0
15156	154263	499.0	333.0
15168	154263	505.0	335.0
15180	154263	511.0	337.0
15192	154263	521.0	339.0
15204	154263	533.0	342.0
15216	154263	548.0	346.0
15228	154263	567.0	351.0
15240	154263	595.0	358.0
15252	154263	639.0	369.0
15264	154263	710.0	388.0
15276	154263	856.0	424.0
15288	154263	1024.0	507.0
15132	154281	467.0	325.0
15144	154281	468.42857142857144	325.7142857142857
15156	154281	471.0	327.0
15168	154281	473.0	328.0
15180	154281	476.0	328.0
15192	154281	479.0	328.0
15204	154281	483.0	329.0
15216	154281	487.0	330.0
15228	154281	491.0	331.0
15240	154281	497.0	332.0
15252	154281	504.0	333.0
15264	154281	510.0	335.0
15276	154281	518.0	336.0
15288	154281	529.0	339.0
15300	154281	543.0	342.0
15312	154281	558.0	345.0
15324	154281	580.0	349.0
15336	154281	608.0	354.0
15348	154281	647.0	361.0
15360	154281	706.0	372.0
15372	154281	804.0	390.0
15384	154281	966.0	422.0
15180	154294	77.0	539.0
15192	154294	77.0	539.0
15204	154294	79.0	539.0
15216	154294	77.0	539.0
15228	154294	77.0	539.0
15240	154294	77.0	539.0
15252	154294	79.0	539.0
15264	154294	79.0	539.0
15276	154294	77.75	539.0
15288	154294	78.0	539.0
15300	154294	77.0	539.0
15312	154294	77.88888888888889	539.0
15324	154294	77.42857142857143	539.0
15336	154294	77.0	539.0
15348	154294	78.0	539.0
15360	154294	79.0	539.0
15372	154294	78.0	539.0
15384	154294	78.0	538.8837209302326
15396	154294	78.0	538.6046511627907
15408	154294	78.0	538.3255813953489
15420	154294	78.0	538.046511627907
15432	154294	78.0	538.9090909090909
15444	154294	78.8	539.0
15456	154294	78.0	538.0
15468	154294	79.0	539.0
15480	154294	77.0	539.0
15492	154294	78.0	539.0
15504	154294	79.0	539.0
15516	154294	79.0	539.0
15528	154294	78.0	539.0
15540	154294	77.0	539.0
15552	154294	77.0	538.0
15564	154294	78.0	538.0
15576	154294	76.0	538.0
15588	154294	79.0	538.0
15600	154294	79.0	539.0
15612	154294	77.0	539.0
15624	154294	77.3921568627451	539.1960784313726
15636	154294	77.86274509803921	539.4313725490196
15648	154294	78.33333333333333	539.6666666666666
15660	154294	78.80392156862744	539.9019607843137
15672	154294	80.0	539.0
15684	154294	79.0	539.0
15696	154294	79.0	539.0
15708	154294	78.0	539.0
15720	154294	78.0	539.0
15732	154294	78.0	539.0
15744	154294	78.07142857142857	539.0
15756	154294	78.5	539.0
15768	154294	78.92857142857143	539.0
15780	154294	77.6923076923077	538.6923076923077
15792	154294	77.0	538.0
15804	154294	76.82539682539682	538.0
15816	154294	76.63492063492063	538.0
15828	154294	76.44444444444444	538.0
15840	154294	76.25396825396825	538.0
15852	154294	76.06349206349206	538.0
15864	154294	78.0	539.0
15876	154294	78.0	539.0
15888	154294	77.0	539.0
15900	154294	78.5	539.0
15912	154294	78.0	539.0
15924	154294	77.07692307692308	539.0
15936	154294	77.0	539.0
15948	154294	78.0	539.0
15960	154294	77.0	539.0
15972	154294	77.0	538.0
15984	154294	77.0	539.0
15996	154294	77.0	539.0
16008	154294	78.0	539.0
16020	154294	79.0	539.0
16032	154294	77.0	539.0
16044	154294	77.0	538.0
16056	154294	78.0	539.0
16068	154294	78.0	539.0
16080	154294	78.0	539.0
16092	154294	77.0	538.0
16104	154294	77.0	538.0
16116	154294	77.0	538.0
16128	154294	77.0	539.0
16140	154294	77.0	539.0
16152	154294	77.0	539.0
16164	154294	78.0	539.0
16176	154294	78.0	539.0
16188	154294	79.0	539.0
16200	154294	78.0	539.0
16212	154294	78.0	539.0
16224	154294	78.0	539.0
16236	154294	77.0	539.0
16248	154294	77.0	539.0
16260	154294	77.0	538.25
16272	154294	77.0	539.0
16284	154294	77.0	539.0
16296	154294	78.0	538.0
16308	154294	78.0	539.0
16320	154294	77.0	539.0
16332	154294	77.0	538.0
16344	154294	77.0	539.0
16356	154294	77.0	538.0
16368	154294	77.0	539.0
16380	154294	77.0	539.0
16392	154294	77.0	539.0
16404	154294	77.0	539.0
16416	154294	79.0	538.0
16428	154294	78.0	538.0
16440	154294	79.0	538.0
16452	154294	79.0	539.0
16464	154294	77.0	538.0
16476	154294	79.0	539.0
16488	154294	79.0	539.0
16500	154294	79.61538461538461	538.8076923076923
16512	154294	78.6923076923077	538.3461538461538
16524	154294	78.0	538.1764705882352
16536	154294	78.0	538.8823529411765
15252	154305	458.0	320.0
15264	154305	458.0	321.0
15276	154305	459.0	321.0
15288	154305	460.3953488372093	321.27906976744185
15300	154305	461.7906976744186	321.5581395348837
15312	154305	463.1860465116279	321.83720930232556
15324	154305	465.0	322.0
15336	154305	466.75	323.0
15348	154305	469.0	323.0
15360	154305	471.0	324.0
15372	154305	473.0	325.0
15384	154305	474.0	324.0
15396	154305	478.0	324.0
15408	154305	480.0	325.0
15420	154305	483.0	326.0
15432	154305	486.0	326.0
15444	154305	491.0	326.0
15456	154305	496.0	327.0
15468	154305	498.0	327.0
15480	154305	503.5	328.0
15492	154305	507.0	329.0
15504	154305	514.0	330.0
15516	154305	521.0	331.0
15528	154305	528.0	332.0
15540	154305	539.0	334.0
15552	154305	550.0	336.0
15564	154305	562.0	337.0
15576	154305	579.0	340.0
15588	154305	601.0	344.0
15600	154305	629.0	348.0
15612	154305	669.0	355.0
15624	154305	729.0	364.0
15636	154305	825.0	380.0
15648	154305	973.0	407.0
15276	154318	481.0	325.0
15288	154318	484.0	326.0
15300	154318	487.0	326.0
15312	154318	491.0	326.0
15324	154318	494.0	327.0
15336	154318	498.0	327.0
15348	154318	504.0	328.0
15360	154318	510.0	329.0
15372	154318	515.0	330.0
15384	154318	522.0	330.0
15396	154318	530.0	331.0
15408	154318	538.0	333.0
15420	154318	548.0	334.0
15432	154318	562.0	337.0
15444	154318	578.0	340.0
15456	154318	598.0	343.0
15468	154318	624.0	347.0
15480	154318	659.0	353.0
15492	154318	712.0	361.0
15504	154318	792.0	374.0
15516	154318	935.0	396.0
15456	154365	478.0	324.0
15468	154365	479.0	324.0
15480	154365	481.0	324.0
15492	154365	483.0	324.0
15504	154365	487.0	325.0
15516	154365	490.0	325.0
15528	154365	492.0	326.0
15540	154365	496.0	327.0
15552	154365	501.0	327.0
15564	154365	505.0	328.0
15576	154365	510.0	329.0
15588	154365	516.0	330.0
15600	154365	522.0	331.0
15612	154365	530.0	332.0
15624	154365	540.0	334.0
15636	154365	552.0	336.0
15648	154365	565.0	337.0
15660	154365	583.0	341.0
15672	154365	606.0	345.0
15684	154365	636.0	349.0
15696	154365	679.0	356.0
15708	154365	746.0	367.0
15720	154365	858.0	385.0
15732	154365	992.0	420.0
15576	154393	455.0	322.0
15588	154393	456.0	323.0
15600	154393	458.0	324.0
15612	154393	459.0	324.0
15624	154393	461.0	323.0
15636	154393	463.0	324.0
15648	154393	464.0	325.0
15660	154393	466.0	325.0
15672	154393	467.0	326.0
15684	154393	470.0	327.0
15696	154393	472.0	327.0
15708	154393	475.0	328.0
15720	154393	478.0	329.0
15732	154393	481.0	329.0
15744	154393	486.0	330.0
15756	154393	490.0	331.0
15768	154393	495.0	332.0
15780	154393	502.0	333.0
15792	154393	509.0	335.0
15804	154393	517.0	338.0
15816	154393	529.0	340.0
15828	154393	541.0	343.0
15840	154393	558.0	347.0
15852	154393	583.0	353.0
15864	154393	617.0	361.0
15876	154393	670.0	373.0
15888	154393	765.0	396.0
15900	154393	959.0	443.0
15804	154480	491.0	322.0
15816	154480	496.0	322.0
15828	154480	498.0	322.0
15840	154480	501.0	323.0
15852	154480	503.0	324.0
15864	154480	505.0	323.0
15876	154480	508.0	324.0
15888	154480	512.0	325.0
15900	154480	515.0	326.0
15912	154480	520.0	325.0
15924	154480	525.0	326.0
15936	154480	530.0	327.0
15948	154480	535.0	328.0
15960	154480	541.0	328.0
15972	154480	549.0	329.0
15984	154480	557.0	330.0
15996	154480	566.0	331.0
16008	154480	578.0	332.0
16020	154480	591.0	333.0
16032	154480	606.0	335.0
16044	154480	624.0	337.0
16056	154480	648.0	340.0
16068	154480	677.0	344.0
16080	154480	714.5	347.5
16092	154480	766.0	354.0
16104	154480	839.0	362.0
16116	154480	953.0	373.0
15912	154513	467.0	325.0
15924	154513	468.0	324.0
15936	154513	470.0	325.0
15948	154513	473.0	327.0
15960	154513	475.0	327.0
15972	154513	480.0	328.0
15984	154513	481.0	328.0
15996	154513	486.0	330.0
16008	154513	491.0	331.0
16020	154513	496.0	332.0
16032	154513	502.0	334.0
16044	154513	511.0	336.0
16056	154513	521.0	338.0
16068	154513	533.0	341.0
16080	154513	548.0	345.0
16092	154513	570.0	350.0
16104	154513	601.0	357.0
16116	154513	649.0	369.0
16128	154513	729.0	389.0
16140	154513	905.0	430.0
15948	154521	514.0	323.0
15960	154521	519.0	324.0
15972	154521	522.5	324.0
15984	154521	526.4	324.0
15996	154521	528.0	324.0
16008	154521	534.0	326.0
16020	154521	540.0	326.0
16032	154521	545.0	325.0
16044	154521	553.0	327.0
16056	154521	560.0	327.0
16068	154521	568.0	328.0
16080	154521	579.0	329.0
16092	154521	590.0	330.0
16104	154521	604.0	331.0
16116	154521	617.7	330.3
16128	154521	630.9	329.1
16140	154521	662.0	337.0
16152	154521	691.0	340.0
16164	154521	727.0	343.0
16176	154521	768.0	346.85714285714283
16188	154521	807.0	351.14285714285717
16200	154521	862.0	356.0
16056	154533	463.5	323.0
16068	154533	465.0	324.0
16080	154533	467.0	325.0
16092	154533	468.0	325.0
16104	154533	469.0	325.0
16116	154533	471.0	325.0
16128	154533	473.0	325.0
16140	154533	474.0	326.0
16152	154533	477.0	327.0
16164	154533	479.0	327.0
16176	154533	480.0	328.0
16188	154533	484.0	328.0
16200	154533	487.0	329.0
16212	154533	490.0	330.0
16224	154533	493.0	331.0
16236	154533	497.0	332.0
16248	154533	502.0	333.0
16260	154533	509.0	334.0
16272	154533	515.0	336.0
16284	154533	522.0	338.0
16296	154533	531.0	340.0
16308	154533	543.0	344.0
16320	154533	557.0	348.0
16332	154533	576.0	352.0
16344	154533	601.0	358.0
16356	154533	636.0	367.0
16368	154533	691.0	381.0
16380	154533	787.0	405.0
16392	154533	964.0	452.0
16404	154533	1020.0	482.0
16104	154551	491.0	324.0
16116	154551	495.0	324.0
16128	154551	500.0	325.0
16140	154551	506.0	325.0
16152	154551	510.6666666666667	325.0
16164	154551	518.0	326.0
16176	154551	525.0	327.0
16188	154551	531.0	327.0
16200	154551	539.0	329.0
16212	154551	549.0	329.0
16224	154551	560.0	331.0
16236	154551	571.0	332.0
16248	154551	586.0	333.0
16260	154551	601.0	335.0
16272	154551	622.0	337.0
16284	154551	646.0	340.0
16296	154551	676.0	343.0
16308	154551	716.0	348.0
16320	154551	771.0	354.0
16332	154551	851.0	362.0
16344	154551	967.0	377.0
16260	154584	482.14285714285717	326.0
16272	154584	486.0	325.0
16284	154584	489.0	326.0
16296	154584	494.0	327.0
16308	154584	500.0	328.0
16320	154584	505.0	328.0
16332	154584	514.0	330.0
16344	154584	518.0	330.0
16356	154584	526.0	331.0
16368	154584	532.0	332.0
16380	154584	540.0	333.0
16392	154584	550.0	335.0
16404	154584	562.0	337.0
16416	154584	576.0	339.0
16428	154584	592.0	342.0
16440	154584	613.0	345.0
16452	154584	640.0	349.0
16464	154584	676.0	355.0
16476	154584	725.0	362.0
16488	154584	800.0	375.0
16500	154584	924.0	393.0
16512	154584	1002.0	423.0
16560	154671	508.0	326.0
16572	154671	512.0	326.0
16584	154671	514.0	323.0
16596	154671	516.0	323.0
16608	154671	520.0	325.0
16620	154671	525.0	326.0
16632	154671	531.0	326.0
16644	154671	537.0	326.0
16656	154671	545.0	328.0
16668	154671	553.0	328.0
16680	154671	562.0	329.0
16692	154671	571.0	331.0
16704	154671	582.0	332.0
16716	154671	594.0	334.0
16728	154671	608.0	335.0
16740	154671	627.0	337.0
16752	154671	648.0	340.0
16764	154671	674.0	343.0
16776	154671	708.0	347.0
16788	154671	755.0	353.0
16800	154671	819.0	360.0
16812	154671	915.0	369.0
16824	154671	984.0	386.0
16836	154671	1002.0	387.0
16608	154682	486.0	321.0
16620	154682	488.0	322.0
16632	154682	490.0	321.0
16644	154682	492.0	321.0
16656	154682	493.0	322.0
16668	154682	495.0	322.0
16680	154682	495.0	322.0
16692	154682	498.0	323.0
16704	154682	501.0	324.0
16716	154682	504.0	322.0
16728	154682	506.0	323.0
16740	154682	508.0	321.0
16752	154682	512.0	322.0
16764	154682	517.0	323.0
16776	154682	520.0	323.0
16788	154682	527.0	326.0
16800	154682	532.0	326.0
16812	154682	539.0	327.0
16824	154682	546.0	328.0
16836	154682	553.0	329.0
16848	154682	562.0	330.0
16860	154682	572.0	331.0
16872	154682	584.0	333.0
16884	154682	596.0	334.0
16896	154682	612.0	336.0
16908	154682	630.0	338.0
16920	154682	653.0	340.0
16932	154682	684.0	344.0
16944	154682	722.0	349.0
16956	154682	778.0	355.0
16968	154682	855.0	364.0
16980	154682	961.0	376.0
16992	154682	985.0	382.0
17004	154682	999.0	392.0
17016	154682	990.0	391.0
16644	154694	478.0	323.0
16656	154694	478.0	322.0
16668	154694	479.44444444444446	323.22222222222223
16680	154694	483.2857142857143	325.0
16692	154694	486.3529411764706	325.94117647058823
16704	154694	490.5882352941176	325.2352941176471
16716	154694	496.0	327.0
16728	154694	499.25	326.25
16740	154694	506.0	328.0
16752	154694	513.0	330.0
16764	154694	520.0	330.0
16776	154694	528.0	332.0
16788	154694	541.0	334.0
16800	154694	554.0	336.0
16812	154694	572.0	339.0
16824	154694	595.0	343.0
16836	154694	627.0	348.0
16848	154694	673.0	355.0
16860	154694	746.0	367.0
16872	154694	878.0	388.0
16884	154694	1012.0	428.0
16716	154714	520.0	323.0
16728	154714	525.0	324.0
16740	154714	527.0	323.0
16752	154714	532.0	324.0
16764	154714	538.0	325.0
16776	154714	544.0	325.0
16788	154714	550.4	325.8
16800	154714	556.7777777777778	326.18518518518516
16812	154714	563.4444444444445	326.6296296296296
16824	154714	571.0	327.0
16836	154714	583.0	328.0
16848	154714	595.0	330.0
16860	154714	607.0	331.0
16872	154714	622.0	332.0
16884	154714	641.0	334.0
16896	154714	664.0	336.0
16908	154714	690.0	338.0
16920	154714	727.0	342.0
16932	154714	772.0	347.0
16944	154714	832.0	352.0
16956	154714	916.0	359.0
16968	154714	983.0	367.0
16848	154749	513.6666666666666	323.0
16860	154749	517.0	323.0
16872	154749	521.4545454545455	324.0
16884	154749	526.0	323.0
16896	154749	529.0	324.0
16908	154749	533.0	325.0
16920	154749	539.0	326.0
16932	154749	545.0	326.0
16944	154749	551.0	326.0
16956	154749	559.0	327.0
16968	154749	566.0	327.0
16980	154749	575.0	329.0
16992	154749	586.0	330.0
17004	154749	597.0	331.0
17016	154749	609.0	331.0
17028	154749	626.0	333.0
17040	154749	645.0	335.0
17052	154749	667.0	337.0
17064	154749	696.0	340.0
17076	154749	734.0	343.0
17088	154749	781.0	348.0
17100	154749	846.0	354.0
17112	154749	941.0	362.0
16968	154786	491.5	324.0
16980	154786	492.8	325.0
16992	154786	495.0	325.0
17004	154786	495.1694915254237	324.9491525423729
17016	154786	497.20338983050846	324.33898305084745
17028	154786	499.23728813559325	323.728813559322
17040	154786	501.271186440678	323.1186440677966
17052	154786	503.3050847457627	322.50847457627117
17064	154786	505.0	321.0
17076	154786	509.0	322.0
17088	154786	511.0	322.0
17100	154786	516.0	323.0
17112	154786	518.0	323.0
17124	154786	521.0	323.0
17136	154786	524.0	324.0
17148	154786	529.0	324.0
17160	154786	534.0	325.0
17172	154786	539.0	325.0
17184	154786	544.0	325.0
17196	154786	550.0	326.0
17208	154786	558.0	326.0
17220	154786	566.0	327.0
17232	154786	574.0	328.0
17244	154786	583.0	329.0
17256	154786	596.0	330.0
17268	154786	608.0	331.0
17280	154786	624.0	333.0
17292	154786	643.0	335.0
17304	154786	666.0	337.0
17316	154786	693.0	339.0
17328	154786	729.0	343.0
17340	154786	775.0	347.0
17352	154786	841.0	354.0
17364	154786	933.0	361.0
17376	154786	977.0	365.0
17388	154786	980.0	363.0
17400	154786	992.0	372.0
17148	154841	494.0	323.0
17160	154841	498.0	324.0
17172	154841	502.0	324.0
17184	154841	503.0	324.0
17196	154841	506.0	324.0
17208	154841	511.0	326.0
17220	154841	516.0	325.0
17232	154841	521.0	326.0
17244	154841	526.0	327.0
17256	154841	532.0	327.0
17268	154841	539.0	329.0
17280	154841	547.0	329.0
17292	154841	556.0	331.0
17304	154841	567.0	332.0
17316	154841	582.0	333.0
17328	154841	600.0	335.0
17340	154841	618.0	337.0
17352	154841	643.0	341.0
17364	154841	675.0	344.0
17376	154841	721.0	350.0
17388	154841	784.0	357.0
17400	154841	882.0	369.0
17412	154841	986.0	387.0
17304	154895	485.14285714285717	324.7142857142857
17316	154895	488.2857142857143	325.0
17328	154895	491.7142857142857	325.0
17340	154895	495.0	325.0
17352	154895	498.0	327.0
17364	154895	501.0	327.0
17376	154895	506.0	328.0
17388	154895	511.0	328.0
17400	154895	517.0	330.0
17412	154895	523.0	330.0
17424	154895	531.0	332.0
17436	154895	539.0	333.0
17448	154895	551.0	335.0
17460	154895	562.0	337.0
17472	154895	579.0	339.0
17484	154895	598.0	343.0
17496	154895	623.0	346.0
17508	154895	657.0	352.0
17520	154895	706.0	360.0
17532	154895	780.0	371.0
17544	154895	903.0	391.0
17556	154895	995.0	410.0
17424	154919	476.42857142857144	323.42857142857144
17436	154919	478.0	324.0
17448	154919	479.1666666666667	323.1666666666667
17460	154919	481.0	324.0
17472	154919	485.0	326.0
17484	154919	487.0	325.0
17496	154919	490.0	326.0
17508	154919	495.0	327.0
17520	154919	498.0	327.0
17532	154919	504.0	328.0
17544	154919	509.0	329.0
17556	154919	516.0	330.0
17568	154919	524.0	331.0
17580	154919	532.0	332.0
17592	154919	543.0	334.0
17604	154919	556.0	335.0
17616	154919	573.0	339.0
17628	154919	594.0	342.0
17640	154919	620.0	346.0
17652	154919	657.0	351.0
17664	154919	711.0	360.0
17676	154919	795.0	372.0
17688	154919	946.0	394.0
17448	154923	514.0	322.0
17460	154923	517.0	323.0
17472	154923	520.0	324.0
17484	154923	524.0	325.0
17496	154923	528.0	324.0
17508	154923	532.0	324.0
17520	154923	537.0	325.0
17532	154923	544.0	326.0
17544	154923	549.0	326.0
17556	154923	556.0	327.0
17568	154923	562.0	327.0
17580	154923	571.0	328.0
17592	154923	580.0	329.0
17604	154923	592.0	330.0
17616	154923	605.0	331.0
17628	154923	620.0	333.0
17640	154923	637.0	335.0
17652	154923	659.0	335.0
17664	154923	682.0	334.0
17676	154923	717.0	340.0
17688	154923	765.0	346.0
17700	154923	826.0	352.0
17712	154923	909.0	359.0
17724	154923	978.0	367.0
17736	154923	993.0	365.0
17508	154941	476.0	323.0
17520	154941	477.0	323.0
17532	154941	478.0	323.0
17544	154941	480.0	324.0
17556	154941	483.0	324.0
17568	154941	484.0	324.0
17580	154941	487.0	325.0
17592	154941	490.0	325.0
17604	154941	492.0	326.0
17616	154941	495.0	326.0
17628	154941	499.0	327.0
17640	154941	503.0	327.0
17652	154941	508.0	328.0
17664	154941	514.0	329.0
17676	154941	520.0	330.0
17688	154941	528.0	332.0
17700	154941	537.0	333.0
17712	154941	548.0	334.0
17724	154941	562.0	337.0
17736	154941	579.0	341.0
17748	154941	601.0	343.0
17760	154941	632.0	349.0
17772	154941	675.0	355.0
17784	154941	739.0	366.0
17796	154941	849.0	384.0
17808	154941	992.0	416.0
17568	154960	467.0	320.0
17580	154960	468.0	321.0
17592	154960	469.0	322.0
17604	154960	470.0	322.0
17616	154960	472.0	322.0
17628	154960	473.6363636363636	322.0
17640	154960	476.0	323.0
17652	154960	477.0	323.0
17664	154960	478.0	324.0
17676	154960	479.0	324.0
17688	154960	483.0	324.0
17700	154960	485.0	325.0
17712	154960	487.0	325.0
17724	154960	490.0	326.0
17736	154960	493.0	326.0
17748	154960	496.0	326.0
17760	154960	500.0	327.0
17772	154960	505.0	327.0
17784	154960	510.0	328.0
17796	154960	514.0	329.0
17808	154960	520.0	330.0
17820	154960	528.0	331.0
17832	154960	536.0	332.0
17844	154960	546.0	334.0
17856	154960	559.0	336.0
17868	154960	575.0	338.0
17880	154960	594.0	341.0
17892	154960	618.0	345.0
17904	154960	650.0	350.0
17916	154960	697.0	358.0
17928	154960	767.0	368.0
17940	154960	886.0	387.0
17952	154960	997.0	416.0
17772	155004	487.0	322.0
17784	155004	490.5	322.0
17796	155004	494.375	323.0625
17808	155004	498.875	323.8125
17820	155004	502.0	324.0
17832	155004	504.0	323.0
17844	155004	508.0	325.0
17856	155004	512.0	326.0
17868	155004	517.0	326.0
17880	155004	522.8	325.6
17892	155004	529.0	327.0
17904	155004	535.0	328.0
17916	155004	543.0	328.0
17928	155004	553.0	330.0
17940	155004	564.0	331.0
17952	155004	576.0	332.0
17964	155004	590.0	334.0
17976	155004	610.0	336.0
17988	155004	634.0	339.0
18000	155004	665.0	343.0
18012	155004	706.0	348.0
18024	155004	766.0	355.0
18036	155004	856.0	365.0
18048	155004	975.0	381.0
17868	155030	533.5	324.0
17880	155030	537.0	324.0
17892	155030	541.0	324.0
17904	155030	546.0	325.0
17916	155030	551.8	325.0
17928	155030	558.469387755102	325.1224489795918
17940	155030	564.3469387755102	325.61224489795916
17952	155030	570.2244897959183	326.1020408163265
17964	155030	576.1020408163265	326.59183673469386
17976	155030	582.0	328.0
17988	155030	596.0	329.0
18000	155030	612.0	330.0
18012	155030	627.0	332.0
18024	155030	643.0	333.0
18036	155030	663.0	335.0
18048	155030	687.0	337.0
18060	155030	716.0	339.0
18072	155030	753.0	343.0
18084	155030	801.0	346.0
18096	155030	862.0	351.0
18108	155030	952.0	358.0
17928	155040	524.0	324.0
17940	155040	527.0	324.0
17952	155040	532.0	325.0
17964	155040	536.0	325.0
17976	155040	542.0	325.0
17988	155040	548.0	326.0
18000	155040	556.0	327.0
18012	155040	563.0	327.0
18024	155040	571.0	329.0
18036	155040	581.0	329.0
18048	155040	592.0	330.0
18060	155040	604.0	331.0
18072	155040	619.0	333.0
18084	155040	637.0	334.0
18096	155040	659.0	337.0
18108	155040	684.0	339.0
18120	155040	717.0	342.0
18132	155040	761.0	346.0
18144	155040	819.0	352.0
18156	155040	902.0	359.0
18168	155040	982.0	369.0
17952	155049	481.0	323.0
17964	155049	483.0	324.0
17976	155049	485.0	324.0
17988	155049	486.85714285714283	324.0
18000	155049	491.0	325.0
18012	155049	492.0	325.0
18024	155049	495.0	326.0
18036	155049	499.0	326.0
18048	155049	503.0	327.0
18060	155049	506.0	327.0
18072	155049	511.0	329.0
18084	155049	517.0	329.0
18096	155049	522.0	330.0
18108	155049	530.0	331.0
18120	155049	538.0	332.0
18132	155049	547.0	334.0
18144	155049	560.0	336.0
18156	155049	574.0	339.0
18168	155049	593.0	342.0
18180	155049	617.0	346.0
18192	155049	648.0	351.0
18204	155049	694.0	358.0
18216	155049	764.0	370.0
18228	155049	881.0	388.0
18240	155049	994.0	416.0
17976	155055	526.0	324.0
17988	155055	530.0	324.0
18000	155055	534.0	325.0
18012	155055	539.0	326.0
18024	155055	544.0	325.0
18036	155055	551.0	327.0
18048	155055	558.0	327.0
18060	155055	566.0	328.0
18072	155055	574.0	329.0
18084	155055	584.0	330.0
18096	155055	596.0	331.0
18108	155055	609.0	332.0
18120	155055	625.0	334.0
18132	155055	644.0	335.0
18144	155055	667.0	337.0
18156	155055	695.0	340.0
18168	155055	730.0	343.0
18180	155055	776.0	348.0
18192	155055	839.0	353.0
18204	155055	928.0	362.0
18084	155073	493.0	321.0
18096	155073	493.0	320.0
18108	155073	493.85714285714283	321.0
18120	155073	497.8	321.0
18132	155073	499.0	322.0
18144	155073	502.0	323.0
18156	155073	503.5	323.0
18168	155073	506.0	322.0
18180	155073	508.0	322.0
18192	155073	512.0	322.0
18204	155073	515.0	323.0
18216	155073	520.0	324.0
18228	155073	523.0	324.0
18240	155073	528.0	324.0
18252	155073	532.0	325.0
18264	155073	538.0	325.0
18276	155073	544.0	326.0
18288	155073	551.0	327.0
18300	155073	559.0	328.0
18312	155073	567.0	328.0
18324	155073	577.0	328.0
18336	155073	589.0	330.0
18348	155073	603.0	331.0
18360	155073	619.0	333.0
18372	155073	640.0	335.0
18384	155073	664.0	337.0
18396	155073	695.0	340.0
18408	155073	736.0	344.0
18420	155073	790.0	349.0
18432	155073	867.0	356.0
18444	155073	966.0	365.0
18168	155080	486.0	321.0
18180	155080	488.0	322.0
18192	155080	491.0	322.0
18204	155080	492.0	323.0
18216	155080	496.0	322.0
18228	155080	498.0	323.0
18240	155080	502.0	324.0
18252	155080	504.0	325.0
18264	155080	507.0	324.0
18276	155080	511.0	324.0
18288	155080	515.0	325.0
18300	155080	518.0	326.0
18312	155080	524.0	325.0
18324	155080	529.0	327.0
18336	155080	534.0	327.0
18348	155080	541.0	328.0
18360	155080	550.0	329.0
18372	155080	559.0	330.0
18384	155080	570.0	331.0
18396	155080	582.0	333.0
18408	155080	597.0	334.0
18420	155080	614.0	336.0
18432	155080	637.0	339.0
18444	155080	664.0	342.0
18456	155080	699.0	346.0
18468	155080	748.0	351.0
18480	155080	814.0	358.0
18492	155080	918.0	370.0
18504	155080	993.0	385.0
18228	155091	465.26666666666665	321.0
18240	155091	466.0	321.0
18252	155091	466.0	321.0
18264	155091	467.8181818181818	321.0
18276	155091	469.0	321.0
18288	155091	470.0	321.0
18300	155091	470.0	321.0
18312	155091	472.0	322.0
18324	155091	473.1904761904762	322.23809523809524
18336	155091	474.6190476190476	322.5238095238095
18348	155091	476.04761904761904	322.8095238095238
18360	155091	478.0	323.0
18372	155091	479.0	324.0
18384	155091	482.0	324.0
18396	155091	484.0	324.0
18408	155091	486.0	325.0
18420	155091	488.0	325.0
18432	155091	491.0	326.0
18444	155091	493.0	326.0
18456	155091	496.0	326.0
18468	155091	500.0	327.0
18480	155091	505.0	327.0
18492	155091	509.0	328.0
18504	155091	514.0	329.0
18516	155091	520.0	330.0
18528	155091	528.0	332.0
18540	155091	536.0	333.0
18552	155091	547.0	334.0
18564	155091	559.0	336.0
18576	155091	575.0	339.0
18588	155091	594.0	342.0
18600	155091	619.0	346.0
18612	155091	653.0	352.0
18624	155091	701.0	359.0
18636	155091	776.0	371.0
18648	155091	903.0	390.0
18660	155091	1005.0	421.0
18264	155113	489.0	322.3333333333333
18276	155113	492.0	323.0
18288	155113	494.0	323.0
18300	155113	496.0	323.0
18312	155113	499.0	324.0
18324	155113	502.0	324.0
18336	155113	504.0	324.0
18348	155113	507.0	325.0
18360	155113	512.0	325.0
18372	155113	515.0	325.0
18384	155113	520.0	326.0
18396	155113	526.0	327.0
18408	155113	530.0	327.0
18420	155113	537.0	328.0
18432	155113	544.0	328.0
18444	155113	552.0	330.0
18456	155113	561.0	330.0
18468	155113	572.0	332.0
18480	155113	586.0	333.0
18492	155113	602.0	335.0
18504	155113	621.0	337.0
18516	155113	645.0	340.0
18528	155113	676.0	344.0
18540	155113	716.0	348.0
18552	155113	771.0	354.0
18564	155113	852.0	363.0
18576	155113	968.0	377.0
18528	155142	487.46666666666664	321.0
18540	155142	489.45454545454544	321.0
18552	155142	491.0	321.0
18564	155142	492.0	320.0
18576	155142	495.0	321.0
18588	155142	498.0	322.0
18600	155142	499.0	321.0
18612	155142	501.0	322.0
18624	155142	503.0	322.0
18636	155142	506.0	322.0
18648	155142	509.4	322.0
18660	155142	512.0	322.0
18672	155142	515.0	322.0
18684	155142	517.0	323.0
18696	155142	523.0	323.0
18708	155142	526.0	323.0
18720	155142	530.0	324.0
18732	155142	536.0	325.0
18744	155142	541.0	326.0
18756	155142	547.0	326.0
18768	155142	555.0	327.0
18780	155142	563.0	327.0
18792	155142	572.0	328.0
18804	155142	583.0	329.0
18816	155142	595.0	330.0
18828	155142	609.0	331.0
18840	155142	626.0	333.0
18852	155142	647.0	335.0
18864	155142	672.0	337.0
18876	155142	706.0	341.0
18888	155142	749.0	345.0
18900	155142	807.0	350.0
18912	155142	890.0	358.0
18924	155142	976.0	367.0
18576	155151	523.95	323.35
18588	155151	522.15	323.95
18600	155151	528.0	324.0
18612	155151	531.0	323.0
18624	155151	538.0	325.0
18636	155151	543.0	326.0
18648	155151	550.0	326.0
18660	155151	557.0	327.0
18672	155151	565.0	328.0
18684	155151	575.0	329.0
18696	155151	585.0	330.0
18708	155151	598.0	331.0
18720	155151	614.0	332.0
18732	155151	631.0	334.0
18744	155151	654.0	336.0
18756	155151	682.0	339.0
18768	155151	717.0	342.0
18780	155151	763.0	346.0
18792	155151	827.0	352.0
18804	155151	921.0	361.0
18696	155199	502.0	322.0
18708	155199	504.0	323.0
18720	155199	505.0	324.0
18732	155199	510.375	324.0
18744	155199	513.6666666666666	324.0
18756	155199	517.0	324.0
18768	155199	523.0	325.0
18780	155199	525.0	325.0
18792	155199	529.0	326.0
18804	155199	535.0	327.0
18816	155199	542.0	328.0
18828	155199	549.0	329.0
18840	155199	557.0	330.0
18852	155199	566.0	331.0
18864	155199	577.0	332.0
18876	155199	591.0	334.0
18888	155199	608.0	336.0
18900	155199	629.0	338.0
18912	155199	654.0	341.0
18924	155199	688.0	345.0
18936	155199	734.0	350.0
18948	155199	800.0	358.0
18960	155199	898.0	369.0
18720	155207	465.57142857142856	325.0
18732	155207	466.0	325.0
18744	155207	467.25	325.0833333333333
18756	155207	471.0	327.0
18768	155207	474.6666666666667	327.1666666666667
18780	155207	477.0	327.0
18792	155207	481.0	328.0
18804	155207	485.0	329.0
18816	155207	489.0	330.0
18828	155207	494.0	331.0
18840	155207	502.0	332.0
18852	155207	508.0	333.0
18864	155207	517.0	335.0
18876	155207	528.0	337.0
18888	155207	541.0	340.0
18900	155207	557.0	342.0
18912	155207	579.0	346.0
18924	155207	607.0	351.0
18936	155207	646.0	357.0
18948	155207	705.0	368.0
18960	155207	799.0	384.0
18972	155207	964.0	414.0
18828	155243	466.0	326.0
18840	155243	467.0	326.0
18852	155243	469.0	327.0
18864	155243	471.0	327.0
18876	155243	472.0	328.0
18888	155243	475.0	328.0
18900	155243	476.0	329.0
18912	155243	480.0	330.0
18924	155243	483.0	331.0
18936	155243	486.0	331.0
18948	155243	490.0	333.0
18960	155243	495.0	334.0
18972	155243	502.0	338.0
18984	155243	510.0	339.0
18996	155243	519.0	342.0
19008	155243	532.0	346.0
19020	155243	551.0	351.0
19032	155243	577.0	358.0
19044	155243	617.0	369.0
19056	155243	682.0	388.0
19068	155243	820.0	424.0
19080	155243	1026.0	519.0
18996	155314	490.0	325.0
19008	155314	493.0	325.0
19020	155314	496.0	328.0
19032	155314	498.0	327.0
19044	155314	502.0	328.0
19056	155314	505.0	329.0
19068	155314	509.0	330.0
19080	155314	514.0	331.0
19092	155314	518.0	332.0
19104	155314	524.0	333.0
19116	155314	530.0	334.0
19128	155314	539.0	336.0
19140	155314	548.0	339.0
19152	155314	559.0	341.0
19164	155314	575.0	344.0
19176	155314	593.0	349.0
19188	155314	619.0	354.0
19200	155314	655.0	362.0
19212	155314	707.0	373.0
19224	155314	797.0	393.0
19236	155314	961.0	430.0
18996	155315	476.0	320.0
19008	155315	478.0	320.0
19020	155315	479.4	321.0
19032	155315	481.0	320.0
19044	155315	481.0	321.0
19056	155315	483.0	321.0
19068	155315	484.0	321.0
19080	155315	486.0	321.0
19092	155315	488.0	321.0
19104	155315	490.0	320.0
19116	155315	492.0	321.0
19128	155315	493.0	322.0
19140	155315	494.0	322.0
19152	155315	496.0	322.0
19164	155315	499.0	323.0
19176	155315	501.0	323.0
19188	155315	505.0	324.0
19200	155315	507.0	324.0
19212	155315	510.0	324.0
19224	155315	514.0	324.0
19236	155315	517.0	325.0
19248	155315	522.0	325.0
19260	155315	526.0	326.0
19272	155315	532.0	326.0
19284	155315	538.0	327.0
19296	155315	545.0	328.0
19308	155315	552.0	328.0
19320	155315	562.0	329.0
19332	155315	572.0	331.0
19344	155315	584.0	332.0
19356	155315	598.0	334.0
19368	155315	616.0	335.0
19380	155315	636.0	338.0
19392	155315	662.0	341.0
19404	155315	695.0	344.0
19416	155315	739.0	350.0
19428	155315	804.0	357.0
19440	155315	895.0	366.0
19452	155315	979.0	381.0
19464	155315	998.0	383.0
19476	155315	970.0	350.0
19488	155315	1001.0	388.0
19176	155393	511.0	322.25
19188	155393	515.0	323.0
19200	155393	517.6666666666666	322.1388888888889
19212	155393	521.6666666666666	322.47222222222223
19224	155393	525.6666666666666	322.80555555555554
19236	155393	530.0	323.6666666666667
19248	155393	537.0	324.0
19260	155393	541.0	324.0
19272	155393	547.0	325.0
19284	155393	553.5	325.0
19296	155393	563.0	326.0
19308	155393	571.0	327.0
19320	155393	581.0	327.0
19332	155393	592.0	329.0
19344	155393	605.0	330.0
19356	155393	622.0	331.0
19368	155393	642.0	333.0
19380	155393	666.0	334.0
19392	155393	697.0	337.0
19404	155393	736.0	341.0
19416	155393	789.0	345.0
19428	155393	860.0	351.0
19440	155393	964.0	359.0
19536	155500	465.0	324.0
19548	155500	466.0	324.0
19560	155500	467.0	324.0
19572	155500	468.0	325.0
19584	155500	470.0	325.0
19596	155500	472.0	326.0
19608	155500	473.0	327.0
19620	155500	475.0	327.0
19632	155500	478.0	327.0
19644	155500	481.0	328.0
19656	155500	483.0	329.0
19668	155500	487.0	330.0
19680	155500	490.0	331.0
19692	155500	495.0	331.0
19704	155500	499.0	333.0
19716	155500	506.0	334.0
19728	155500	512.0	337.0
19740	155500	521.0	339.0
19752	155500	532.0	342.0
19764	155500	546.0	345.0
19776	155500	562.0	349.0
19788	155500	586.0	355.0
19800	155500	618.0	362.0
19812	155500	667.0	374.0
19824	155500	749.0	394.0
19836	155500	918.0	434.0
19848	155500	1026.0	494.0
19824	155558	479.6	322.0
19836	155558	480.0	322.0
19848	155558	481.0	324.0
19860	155558	484.0	324.0
19872	155558	486.0	324.0
19884	155558	488.0	324.0
19896	155558	491.0	325.0
19908	155558	493.0	325.0
19920	155558	495.0	325.0
19932	155558	499.0	327.0
19944	155558	502.0	327.0
19956	155558	507.0	328.0
19968	155558	511.0	328.0
19980	155558	517.0	330.0
19992	155558	524.0	331.0
20004	155558	532.0	331.0
20016	155558	540.0	333.0
20028	155558	550.0	335.0
20040	155558	564.0	337.0
20052	155558	579.0	340.0
20064	155558	599.0	343.0
20076	155558	624.0	347.0
20088	155558	658.0	352.0
20100	155558	706.0	360.0
20112	155558	779.0	371.0
20124	155558	901.0	390.0
20136	155558	1001.0	420.0
19896	155578	452.0	322.0
19908	155578	453.0	322.0
19920	155578	454.22222222222223	322.22222222222223
19932	155578	456.0	324.0
19944	155578	457.0	323.5
19956	155578	458.9230769230769	323.15384615384613
19968	155578	460.7692307692308	323.46153846153845
19980	155578	462.61538461538464	323.7692307692308
19992	155578	464.0	325.0
20004	155578	465.0	324.0
20016	155578	467.0	325.0
20028	155578	469.0	326.0
20040	155578	471.0	327.0
20052	155578	473.0	327.0
20064	155578	475.0	328.0
20076	155578	479.0	329.0
20088	155578	482.0	330.0
20100	155578	485.0	330.0
20112	155578	489.0	331.0
20124	155578	493.0	332.0
20136	155578	497.0	334.0
20148	155578	503.0	334.0
20160	155578	509.0	337.0
20172	155578	517.0	339.0
20184	155578	526.0	342.0
20196	155578	538.0	345.0
20208	155578	552.0	348.0
20220	155578	572.0	353.0
20232	155578	597.0	360.0
20244	155578	636.0	370.0
20256	155578	697.0	387.0
20268	155578	809.0	415.0
20280	155578	990.0	479.0
19932	155589	477.0	322.0
19944	155589	476.4	322.0
19956	155589	478.1666666666667	322.1666666666667
19968	155589	480.96666666666664	322.56666666666666
19980	155589	483.76666666666665	322.96666666666664
19992	155589	485.0	324.0
20004	155589	486.0	325.0
20016	155589	489.0	325.0
20028	155589	491.0	325.0
20040	155589	494.0	325.0
20052	155589	497.0	326.0
20064	155589	502.0	327.0
20076	155589	505.0	327.0
20088	155589	511.0	328.0
20100	155589	517.0	329.0
20112	155589	523.0	330.0
20124	155589	530.0	331.0
20136	155589	537.0	332.0
20148	155589	547.0	333.0
20160	155589	559.0	334.0
20172	155589	573.0	337.0
20184	155589	590.0	340.0
20196	155589	612.0	343.0
20208	155589	640.0	347.0
20220	155589	679.0	352.0
20232	155589	733.0	360.0
20244	155589	820.0	373.0
20256	155589	962.0	394.0
20052	155628	458.0	322.0
20064	155628	458.0	322.0
20076	155628	459.0	322.0
20088	155628	461.0	323.0
20100	155628	462.0	324.0
20112	155628	462.0	323.0
20124	155628	463.0	323.0
20136	155628	465.0	324.0
20148	155628	467.0	325.0
20160	155628	468.0	326.0
20172	155628	470.0	325.0
20184	155628	472.0	326.0
20196	155628	474.0	327.0
20208	155628	476.0	327.0
20220	155628	479.0	328.0
20232	155628	482.0	328.0
20244	155628	485.0	330.0
20256	155628	487.0	330.0
20268	155628	490.0	331.0
20280	155628	494.0	332.0
20292	155628	499.0	333.0
20304	155628	504.0	335.0
20316	155628	511.0	337.0
20328	155628	519.0	339.0
20340	155628	529.0	342.0
20352	155628	541.0	345.0
20364	155628	556.0	349.0
20376	155628	578.0	355.0
20388	155628	607.0	361.0
20400	155628	651.0	373.0
20412	155628	722.0	391.0
20424	155628	860.0	424.0
20436	155628	1018.0	499.0
20220	155665	488.0	321.0
20232	155665	490.25	322.125
20244	155665	493.25	323.625
20256	155665	494.0	326.0
20268	155665	498.0	328.0
20280	155665	503.0	328.0
20292	155665	509.0	330.0
20304	155665	517.0	331.0
20316	155665	525.0	333.0
20328	155665	534.0	334.0
20340	155665	547.0	336.0
20352	155665	560.0	337.0
20364	155665	576.0	341.0
20376	155665	598.0	343.0
20388	155665	625.0	347.0
20400	155665	663.0	354.0
20412	155665	706.8	358.96666666666664
20424	155665	747.6	365.76666666666665
20436	155665	794.0	378.0
20448	155665	980.0	422.0
20352	155696	479.0	322.0
20364	155696	479.5	322.0
20376	155696	479.0	323.0
20388	155696	481.0	324.0
20400	155696	485.0	324.0
20412	155696	486.0	323.0
20424	155696	489.0	325.0
20436	155696	492.0	325.0
20448	155696	496.0	325.0
20460	155696	499.0	326.0
20472	155696	504.0	327.0
20484	155696	508.0	328.0
20496	155696	512.0	329.0
20508	155696	520.0	330.0
20520	155696	527.0	331.0
20532	155696	534.0	332.0
20544	155696	545.0	334.0
20556	155696	557.0	336.0
20568	155696	573.0	338.0
20580	155696	593.0	342.0
20592	155696	618.0	346.0
20604	155696	654.0	352.0
20616	155696	707.0	361.0
20628	155696	791.0	375.0
20640	155696	944.0	399.0
20352	155698	451.0	321.0
20364	155698	451.0	322.0
20376	155698	452.0	322.0
20388	155698	453.0	322.0
20400	155698	453.0	322.0
20412	155698	454.0	323.0
20424	155698	455.0	322.0
20436	155698	456.0	322.0
20448	155698	458.0	323.0
20460	155698	459.0	324.0
20472	155698	461.0	324.0
20484	155698	464.0	323.0
20496	155698	467.0	324.0
20508	155698	469.0	325.0
20520	155698	473.0	326.0
20532	155698	475.0	325.0
20544	155698	479.0	326.0
20556	155698	483.0	327.0
20568	155698	488.0	327.0
20580	155698	493.0	328.0
20592	155698	499.0	328.0
20604	155698	504.0	330.0
20616	155698	510.0	330.0
20628	155698	518.0	331.0
20640	155698	526.0	333.0
20652	155698	535.0	334.0
20664	155698	546.0	336.0
20676	155698	559.0	338.0
20688	155698	575.0	341.0
20700	155698	595.0	344.0
20712	155698	620.0	348.0
20724	155698	653.0	353.0
20736	155698	699.0	361.0
20748	155698	768.0	372.0
20760	155698	879.0	390.0
20772	155698	994.0	422.0
20448	155724	516.0	322.0
20460	155724	519.5	323.375
20472	155724	523.0	325.0
20484	155724	528.0	324.0
20496	155724	532.0	325.0
20508	155724	538.0	326.0
20520	155724	544.0	326.0
20532	155724	552.0	326.0
20544	155724	560.0	327.0
20556	155724	570.0	328.0
20568	155724	581.0	329.0
20580	155724	594.4651162790698	329.4651162790698
20592	155724	607.5813953488372	330.5813953488372
20604	155724	620.6976744186046	331.69767441860466
20616	155724	633.8139534883721	332.8139534883721
20628	155724	665.0	337.0
20640	155724	709.0	341.0
20652	155724	757.0	346.0
20664	155724	824.0	352.0
20676	155724	922.0	360.0
20520	155737	504.5	323.0
20532	155737	507.9	324.0
20544	155737	513.0	324.0
20556	155737	516.0	325.0
20568	155737	520.0	326.0
20580	155737	525.0	326.0
20592	155737	529.0	326.0
20604	155737	535.0	327.0
20616	155737	541.0	328.0
20628	155737	549.0	329.0
20640	155737	557.0	330.0
20652	155737	566.0	330.0
20664	155737	577.0	331.0
20676	155737	589.0	333.0
20688	155737	605.0	334.0
20700	155737	623.0	337.0
20712	155737	644.0	339.0
20724	155737	672.0	343.0
20736	155737	707.0	346.0
20748	155737	748.0	335.0
20568	155749	464.0	324.0
20580	155749	464.0	324.0
20592	155749	465.0	325.0
20604	155749	466.0	325.0
20616	155749	467.0	325.0
20628	155749	469.0	327.0
20640	155749	471.0	327.0
20652	155749	473.0	328.0
20664	155749	476.0	328.0
20676	155749	479.0	329.0
20688	155749	484.0	330.0
20700	155749	487.0	331.0
20712	155749	493.0	332.0
20724	155749	499.0	334.0
20736	155749	505.0	336.0
20748	155749	514.0	338.0
20760	155749	525.0	341.0
20772	155749	538.0	344.0
20784	155749	556.0	349.0
20796	155749	580.0	355.0
20808	155749	614.0	362.0
20820	155749	667.0	375.0
20832	155749	759.0	398.0
20844	155749	951.0	444.0
20688	155777	466.0	326.0
20700	155777	466.0	327.0
20712	155777	470.0	327.0
20724	155777	472.75	328.0
20736	155777	474.0	329.0
20748	155777	477.0	331.0
20760	155777	480.0	331.0
20772	155777	486.0	331.0
20784	155777	489.0	333.0
20796	155777	496.0	335.0
20808	155777	501.0	336.0
20820	155777	510.0	338.0
20832	155777	520.0	341.0
20844	155777	531.0	344.0
20856	155777	549.0	349.0
20868	155777	570.0	354.0
20880	155777	599.0	362.0
20892	155777	645.0	373.0
20904	155777	723.0	394.0
20916	155777	883.0	434.0
20928	155777	1033.0	513.0
20808	155815	478.0	323.0
20820	155815	479.3125	323.3125
20832	155815	480.0	324.0
20844	155815	483.0	324.0
20856	155815	483.0	323.0
20868	155815	487.0	324.0
20880	155815	490.0	325.0
20892	155815	493.0	326.0
20904	155815	496.0	326.0
20916	155815	499.0	327.0
20928	155815	503.0	327.0
20940	155815	507.0	328.0
20952	155815	511.0	328.0
20964	155815	517.0	329.0
20976	155815	523.0	329.0
20988	155815	530.0	331.0
21000	155815	535.780487804878	331.5853658536585
21012	155815	541.3414634146342	332.7560975609756
21024	155815	546.9024390243902	333.9268292682927
21036	155815	553.0	336.0
21048	155815	575.0	340.0
21060	155815	601.0	344.0
21072	155815	631.0	348.0
21084	155815	667.0	354.0
21096	155815	720.0	362.0
21108	155815	798.0	374.0
21120	155815	933.0	396.0
20808	155817	466.0	324.0
20820	155817	467.0	325.0
20832	155817	468.0	325.0
20844	155817	470.0	325.0
20856	155817	472.0	327.0
20868	155817	475.0	327.0
20880	155817	477.0	328.0
20892	155817	478.0	328.0
20904	155817	482.0	328.0
20916	155817	486.0	330.0
20928	155817	490.0	331.0
20940	155817	495.0	331.0
20952	155817	500.0	333.0
20964	155817	506.0	336.0
20976	155817	514.0	338.0
20988	155817	524.0	340.0
21000	155817	536.0	343.0
21012	155817	551.0	346.0
21024	155817	571.0	352.0
21036	155817	598.0	358.0
21048	155817	640.0	368.0
21060	155817	707.0	385.0
21072	155817	831.0	414.0
21084	155817	1011.0	488.0
21000	155847	466.0	324.0
21012	155847	467.0	324.0
21024	155847	470.0	324.0
21036	155847	473.4	325.0
21048	155847	476.76	325.0
21060	155847	479.3333333333333	326.0
21072	155847	483.0	326.0
21084	155847	488.0	326.0
21096	155847	491.0	327.0
21108	155847	496.0	328.0
21120	155847	501.0	327.0
21132	155847	506.0	329.0
21144	155847	513.0	329.0
21156	155847	519.0	330.0
21168	155847	528.0	331.0
21180	155847	535.0	332.0
21192	155847	544.0	334.0
21204	155847	555.0	336.0
21216	155847	569.0	338.0
21228	155847	585.0	340.0
21240	155847	605.0	344.0
21252	155847	630.0	348.0
21264	155847	663.0	353.0
21276	155847	709.0	360.0
21288	155847	775.0	371.0
21300	155847	883.0	388.0
21312	155847	993.0	418.0
21096	155866	476.0	324.0
21108	155866	479.0	324.0
21120	155866	484.0	325.0
21132	155866	486.0	325.0
21144	155866	491.0	325.0
21156	155866	499.0	326.0
21168	155866	504.0	327.0
21180	155866	510.0	327.0
21192	155866	516.0	328.0
21204	155866	524.0	329.0
21216	155866	532.0	330.0
21228	155866	543.0	332.0
21240	155866	554.0	332.0
21252	155866	570.0	334.0
21264	155866	588.0	336.0
21276	155866	610.0	339.0
21288	155866	636.0	342.0
21300	155866	672.0	346.0
21312	155866	721.0	351.0
21324	155866	789.0	359.0
21336	155866	895.0	370.0
21348	155866	991.0	387.0
21096	155868	453.0	321.0
21108	155868	455.0	321.0
21120	155868	457.0	321.0
21132	155868	457.0	321.0
21144	155868	458.6666666666667	322.0
21156	155868	460.94736842105266	322.0
21168	155868	462.8421052631579	322.0
21180	155868	464.0	323.0
21192	155868	466.0	323.0
21204	155868	468.0	324.0
21216	155868	469.0	324.0
21228	155868	471.5	324.0
21240	155868	476.0	325.0
21252	155868	480.0	326.0
21264	155868	481.0	326.0
21276	155868	485.0	326.0
21288	155868	490.0	327.0
21300	155868	493.0	327.0
21312	155868	498.0	328.0
21324	155868	505.0	329.0
21336	155868	508.0	329.0
21348	155868	516.0	331.0
21360	155868	523.0	331.0
21372	155868	532.0	332.0
21384	155868	540.0	334.0
21396	155868	550.0	336.0
21408	155868	563.0	337.0
21420	155868	580.0	341.0
21432	155868	600.0	343.0
21444	155868	625.0	348.0
21456	155868	659.0	353.0
21468	155868	708.0	361.0
21480	155868	782.0	373.0
21492	155868	906.0	392.0
21504	155868	1005.0	424.0
21228	155880	502.0	323.0
21240	155880	504.0	324.0
21252	155880	508.0	325.0
21264	155880	511.0	324.0
21276	155880	515.0	325.0
21288	155880	518.0	326.0
21300	155880	523.0	326.0
21312	155880	529.0	326.0
21324	155880	534.0	327.0
21336	155880	541.0	328.0
21348	155880	548.0	329.0
21360	155880	558.0	330.0
21372	155880	568.0	331.0
21384	155880	579.0	332.0
21396	155880	594.0	333.0
21408	155880	611.0	336.0
21420	155880	632.0	338.0
21432	155880	658.0	341.0
21444	155880	691.0	345.0
21456	155880	735.0	350.0
21468	155880	799.0	357.0
21480	155880	894.0	368.0
21492	155880	986.0	382.0
21288	155887	464.0	323.0
21300	155887	466.0	323.0
21312	155887	466.0	324.0
21324	155887	468.0	324.0
21336	155887	470.0	324.0
21348	155887	472.0	325.0
21360	155887	476.0	326.0
21372	155887	479.0	326.0
21384	155887	484.0	325.0
21396	155887	488.0	327.0
21408	155887	491.0	327.0
21420	155887	496.0	328.0
21432	155887	501.0	328.0
21444	155887	508.0	330.0
21456	155887	514.0	330.0
21468	155887	523.0	332.0
21480	155887	532.0	334.0
21492	155887	542.0	335.0
21504	155887	556.0	337.0
21516	155887	573.0	340.0
21528	155887	594.0	343.0
21540	155887	621.0	348.0
21552	155887	659.0	354.0
21564	155887	712.0	362.0
21576	155887	796.0	376.0
21588	155887	947.0	400.0
21468	155923	522.1724137931035	322.0
21480	155923	522.3793103448276	322.0
21492	155923	522.5862068965517	322.0
21504	155923	522.7931034482758	322.0
21516	155923	523.0	322.0
21528	155923	526.0	322.0
21540	155923	530.0	323.0
21552	155923	535.0	324.0
21564	155923	539.0	323.0
21576	155923	544.0	323.0
21588	155923	550.0	325.0
21600	155923	557.0	325.0
21612	155923	563.0	325.0
21624	155923	571.0	326.0
21636	155923	580.0	327.0
21648	155923	590.0	328.0
21660	155923	601.0	328.0
21672	155923	614.0	330.0
21684	155923	629.0	331.0
21696	155923	647.0	332.0
21708	155923	668.0	334.0
21720	155923	691.0	336.0
21732	155923	724.0	339.0
21744	155923	766.0	342.0
21492	155931	476.0	322.0
21504	155931	478.44444444444446	322.0444444444444
21516	155931	481.1111111111111	322.31111111111113
21528	155931	483.77777777777777	322.5777777777778
21540	155931	486.44444444444446	322.84444444444443
21552	155931	488.0	324.0
21564	155931	491.0	324.0
21576	155931	494.0	325.0
21588	155931	499.0	326.0
21600	155931	503.0	325.0
21612	155931	508.0	327.0
21624	155931	514.0	327.0
21636	155931	521.0	328.0
21648	155931	528.0	328.0
21660	155931	537.0	330.0
21672	155931	546.0	331.0
21684	155931	558.0	332.0
21696	155931	571.0	334.0
21708	155931	588.0	336.0
21720	155931	607.0	338.0
21732	155931	631.0	341.0
21744	155931	662.0	345.0
21756	155931	704.0	349.0
21768	155931	762.0	356.0
21780	155931	847.0	366.0
21792	155931	967.0	381.0
21624	155974	477.0	323.0
21636	155974	479.0	324.0
21648	155974	481.0	324.0
21660	155974	483.4	324.0
21672	155974	486.0	324.0
21684	155974	489.0	325.0
21696	155974	492.0	326.0
21708	155974	494.0	325.0
21720	155974	498.0	327.0
21732	155974	502.0	327.0
21744	155974	507.5	328.0
21756	155974	512.0	328.0
21768	155974	517.0	330.0
21780	155974	524.0	331.0
21792	155974	532.0	331.0
21804	155974	542.0	334.0
21816	155974	553.0	336.0
21828	155974	567.0	337.0
21840	155974	585.0	340.0
21852	155974	608.0	345.0
21864	155974	640.0	349.0
21876	155974	686.0	357.0
21888	155974	756.0	368.0
21900	155974	877.0	387.0
21912	155974	1001.0	419.0
21696	155993	476.1666666666667	321.05555555555554
21708	155993	478.1666666666667	321.72222222222223
21720	155993	479.5	322.0
21732	155993	481.0	323.0
21744	155993	482.0952380952381	323.0
21756	155993	485.0	324.0
21768	155993	486.2	324.1
21780	155993	489.0	325.0
21792	155993	492.0	326.0
21804	155993	495.0	325.0
21816	155993	499.0	326.0
21828	155993	504.0	328.0
21840	155993	507.0	328.0
21852	155993	512.0	329.0
21864	155993	518.0	330.0
21876	155993	525.0	331.0
21888	155993	532.0	332.0
21900	155993	542.0	333.0
21912	155993	554.0	335.0
21924	155993	568.0	337.0
21936	155993	585.0	341.0
21948	155993	606.0	344.0
21960	155993	640.0	348.0
21972	155993	676.0	355.0
21984	155993	740.0	364.0
21996	155993	835.0	378.0
22008	155993	978.0	406.0
21792	156011	466.0	323.0
21804	156011	468.0	324.0
21816	156011	470.0	324.0
21828	156011	471.0	324.0
21840	156011	472.0	324.0
21852	156011	476.0	325.0
21864	156011	479.0	325.0
21876	156011	482.0	325.0
21888	156011	485.0	326.0
21900	156011	489.0	327.0
21912	156011	493.0	328.0
21924	156011	498.0	329.0
21936	156011	503.0	329.0
21948	156011	508.0	330.0
21960	156011	515.0	331.0
21972	156011	523.0	332.0
21984	156011	533.0	334.0
21996	156011	542.0	336.0
22008	156011	554.0	337.0
22020	156011	569.0	340.0
22032	156011	587.0	343.0
22044	156011	610.0	346.0
22056	156011	640.0	351.0
22068	156011	681.0	358.0
22080	156011	741.0	367.0
22092	156011	835.0	382.0
22104	156011	974.0	409.0
21828	156021	529.0	324.0
21840	156021	533.0	325.0
21852	156021	539.0	325.0
21864	156021	547.0	325.0
21876	156021	549.0	325.0
21888	156021	557.0	326.0
21900	156021	564.0	327.0
21912	156021	573.0	328.0
21924	156021	583.0	329.0
21936	156021	595.0	331.0
21948	156021	605.7142857142857	332.14285714285717
21960	156021	620.5714285714286	328.7142857142857
21972	156021	650.0	332.0
21984	156021	672.0	334.0
21996	156021	695.0	338.0
22008	156021	737.0	343.0
22020	156021	787.0	348.0
22032	156021	859.0	354.0
22044	156021	957.0	363.0
22056	156021	993.0	367.0
21852	156028	453.0	323.0
21864	156028	454.0	322.0
21876	156028	455.0	323.0
21888	156028	455.0	323.0
21900	156028	456.0	322.0
21912	156028	456.0	323.0
21924	156028	458.0	324.0
21936	156028	459.0	325.0
21948	156028	460.0	324.0
21960	156028	461.0	323.0
21972	156028	463.0	325.0
21984	156028	463.0	325.0
21996	156028	466.0	326.0
22008	156028	469.0	327.0
22020	156028	471.0	327.0
22032	156028	474.0	327.0
22044	156028	476.0	328.0
22056	156028	479.0	329.0
22068	156028	482.0	330.0
22080	156028	487.0	331.0
22092	156028	492.0	332.0
22104	156028	499.0	334.0
22116	156028	506.0	336.0
22128	156028	515.0	338.0
22140	156028	526.0	341.0
22152	156028	542.0	344.0
22164	156028	560.0	349.0
22176	156028	586.0	355.0
22188	156028	625.0	364.0
22200	156028	687.0	379.0
22212	156028	799.0	407.0
22224	156028	991.0	469.0
21912	156045	477.14285714285717	321.14285714285717
21924	156045	478.0	322.0
21936	156045	480.0	324.0
21948	156045	482.0	324.0
21960	156045	484.0	325.0
21972	156045	486.4	324.0
21984	156045	488.0	325.0
21996	156045	492.0	326.0
22008	156045	495.0	326.0
22020	156045	498.2	326.0
22032	156045	503.0	327.0
22044	156045	507.0	327.0
22056	156045	512.0	328.0
22068	156045	516.0	328.0
22080	156045	523.0	330.0
22092	156045	528.0	331.0
22104	156045	537.0	332.0
22116	156045	545.0	333.0
22128	156045	558.0	336.0
22140	156045	570.0	337.0
22152	156045	587.0	340.0
22164	156045	606.0	343.0
22176	156045	633.0	348.0
22188	156045	670.0	353.0
22200	156045	721.0	361.0
22212	156045	793.0	365.0
22224	156045	835.25	359.0833333333333
22236	156045	999.0	422.0
22140	156119	485.0	323.0
22152	156119	487.0	324.0
22164	156119	490.0	324.0
22176	156119	491.0	324.0
22188	156119	495.0	325.0
22200	156119	497.0	326.0
22212	156119	501.0	325.0
22224	156119	504.0	326.0
22236	156119	508.0	327.0
22248	156119	513.0	328.0
22260	156119	517.0	329.0
22272	156119	524.0	330.0
22284	156119	530.0	331.0
22296	156119	538.0	332.0
22308	156119	548.0	334.0
22320	156119	560.0	335.0
22332	156119	574.0	337.0
22344	156119	592.0	340.0
22356	156119	615.0	344.0
22368	156119	645.0	349.0
22380	156119	688.0	356.0
22392	156119	751.0	365.0
22404	156119	853.0	381.0
22416	156119	987.0	410.0
22152	156123	468.0	321.0
22164	156123	469.0	321.0
22176	156123	470.0	321.0
22188	156123	471.77777777777777	322.0
22200	156123	473.1111111111111	322.0
22212	156123	475.0	322.0
22224	156123	476.0	322.0
22236	156123	477.0	322.0
22248	156123	478.0	323.0
22260	156123	479.0	323.0
22272	156123	481.0	324.0
22284	156123	483.0	324.0
22296	156123	485.0	324.0
22308	156123	488.0	325.0
22320	156123	490.0	326.0
22332	156123	493.0	326.0
22344	156123	496.0	326.0
22356	156123	500.0	327.0
22368	156123	504.0	327.0
22380	156123	509.0	329.0
22392	156123	514.0	329.0
22404	156123	520.0	330.0
22416	156123	527.0	331.0
22428	156123	534.0	332.0
22440	156123	544.0	334.0
22452	156123	556.0	336.0
22464	156123	570.0	337.0
22476	156123	587.0	340.0
22488	156123	608.0	344.0
22500	156123	635.0	348.0
22512	156123	673.0	353.0
22524	156123	727.0	361.0
22536	156123	806.0	373.0
22548	156123	941.0	394.0
22560	156123	1012.0	417.0
22332	156191	478.0	321.0
22344	156191	479.0	322.0
22356	156191	480.6666666666667	323.0
22368	156191	485.0	324.0
22380	156191	486.1666666666667	324.0
22392	156191	488.0	324.0
22404	156191	491.0	325.0
22416	156191	493.0	326.0
22428	156191	495.0	325.0
22440	156191	498.0	326.0
22452	156191	503.0	327.0
22464	156191	506.0	328.0
22476	156191	511.0	328.0
22488	156191	517.0	329.0
22500	156191	524.0	330.0
22512	156191	530.0	331.0
22524	156191	538.0	332.0
22536	156191	549.0	334.0
22548	156191	562.0	336.0
22560	156191	576.0	339.0
22572	156191	594.0	341.0
22584	156191	618.0	345.0
22596	156191	648.0	349.0
22608	156191	691.0	356.0
22620	156191	752.0	366.0
22632	156191	850.0	381.0
22644	156191	980.0	407.0
22404	156202	476.0	322.0
22416	156202	478.0	323.0
22428	156202	480.0	324.0
22440	156202	481.0	324.0
22452	156202	483.0	324.0
22464	156202	485.0	324.0
22476	156202	488.0	325.0
22488	156202	491.0	326.0
22500	156202	494.0	325.0
22512	156202	497.0	326.0
22524	156202	501.0	327.0
22536	156202	505.0	328.0
22548	156202	510.0	329.0
22560	156202	515.0	329.0
22572	156202	521.0	330.0
22584	156202	529.0	331.0
22596	156202	536.0	332.0
22608	156202	546.0	334.0
22620	156202	558.0	335.0
22632	156202	571.0	337.0
22644	156202	588.0	340.0
22656	156202	609.0	344.0
22668	156202	636.0	348.0
22680	156202	673.0	354.0
22692	156202	724.0	362.0
22704	156202	805.0	375.0
22716	156202	941.0	396.0
22620	156271	513.0	323.0
22632	156271	517.0	323.0
22644	156271	521.0	324.6666666666667
22656	156271	526.0	324.0
22668	156271	529.0	324.0
22680	156271	534.0	325.0
22692	156271	540.0	326.0
22704	156271	546.0	326.0
22716	156271	553.0	327.0
22728	156271	562.0	327.0
22740	156271	570.0	328.0
22752	156271	581.0	329.0
22764	156271	593.0	330.0
22776	156271	607.0	331.0
22788	156271	625.0	333.0
22800	156271	646.0	335.0
22812	156271	672.0	338.0
22824	156271	705.0	341.0
22836	156271	750.0	345.0
22848	156271	807.0	350.0
22860	156271	892.0	358.0
22872	156271	978.0	367.0
22632	156272	500.0	322.0
22644	156272	502.0	322.0
22656	156272	505.0	322.0
22668	156272	508.0	323.0
22680	156272	511.0	322.0
22692	156272	514.0	323.0
22704	156272	518.0	324.0
22716	156272	523.0	325.0
22728	156272	527.0	324.0
22740	156272	531.0	325.0
22752	156272	537.0	325.0
22764	156272	542.0	326.0
22776	156272	550.0	326.0
22788	156272	557.0	327.0
22800	156272	564.0	328.0
22812	156272	574.0	328.0
22824	156272	585.0	330.0
22836	156272	598.0	331.0
22848	156272	613.0	333.0
22860	156272	631.0	334.0
22872	156272	652.0	336.0
22884	156272	679.0	339.0
22896	156272	713.0	342.0
22908	156272	759.0	346.0
22920	156272	821.0	352.0
22932	156272	910.0	361.0
22680	156288	486.0	321.0
22692	156288	488.0	321.0
22704	156288	489.85714285714283	321.0
22716	156288	491.0	321.0
22728	156288	493.0	321.0
22740	156288	495.8181818181818	320.45454545454544
22752	156288	499.0	322.0
22764	156288	500.0	322.0
22776	156288	503.0	322.0
22788	156288	505.0	322.0
22800	156288	508.0	323.0
22812	156288	511.0	323.0
22824	156288	515.0	323.0
22836	156288	519.0	324.0
22848	156288	522.0	325.0
22860	156288	528.0	324.0
22872	156288	533.0	325.0
22884	156288	539.0	326.0
22896	156288	545.0	326.0
22908	156288	553.0	327.0
22920	156288	562.0	328.0
22932	156288	571.0	328.0
22944	156288	582.0	329.0
22956	156288	595.0	331.0
22968	156288	610.0	332.0
22980	156288	630.0	333.0
22992	156288	653.0	335.0
23004	156288	682.0	338.0
23016	156288	719.0	342.0
23028	156288	768.0	346.0
23040	156288	836.0	353.0
23052	156288	938.0	362.0
22776	156307	478.0	324.0
22788	156307	479.0	324.0
22800	156307	481.0	323.0
22812	156307	481.6	323.2
22824	156307	485.44444444444446	325.22222222222223
22836	156307	488.0	326.0
22848	156307	490.0	326.0
22860	156307	492.0	325.0
22872	156307	497.0	327.0
22884	156307	501.0	327.0
22896	156307	505.0	328.0
22908	156307	510.0	329.0
22920	156307	516.0	330.0
22932	156307	522.0	331.0
22944	156307	530.0	332.0
22956	156307	539.0	333.0
22968	156307	548.0	334.0
22980	156307	562.0	337.0
22992	156307	577.0	339.0
23004	156307	595.0	343.0
23016	156307	620.0	346.0
23028	156307	652.0	352.0
23040	156307	697.0	359.0
23052	156307	765.0	370.0
23064	156307	878.0	388.0
23076	156307	996.0	420.0
22812	156311	465.0	320.0
22824	156311	465.0	321.0
22836	156311	466.0	321.0
22848	156311	467.0	321.0
22860	156311	467.0	322.0
22872	156311	468.0	322.0
22884	156311	469.0	323.0
22896	156311	470.0	322.0
22908	156311	471.0	322.0
22920	156311	472.0	322.0
22932	156311	473.3333333333333	322.3333333333333
22944	156311	477.0	323.0
22956	156311	479.0	324.0
22968	156311	479.0	324.0
22980	156311	481.0	324.0
22992	156311	484.0	325.0
23004	156311	486.0	325.0
23016	156311	488.0	324.0
23028	156311	491.0	326.0
23040	156311	495.0	327.0
23052	156311	499.0	327.0
23064	156311	504.0	328.0
23076	156311	507.0	328.0
23088	156311	513.0	329.0
23100	156311	518.0	330.0
23112	156311	526.0	331.0
23124	156311	533.0	332.0
23136	156311	543.0	335.0
23148	156311	553.0	336.0
23160	156311	567.0	338.0
23172	156311	584.0	341.0
23184	156311	603.0	345.0
23196	156311	632.0	349.0
23208	156311	670.0	355.0
23220	156311	723.0	363.0
23232	156311	811.0	378.0
23244	156311	956.0	402.0
22932	156330	500.0	323.0
22944	156330	502.0	324.0
22956	156330	505.0	325.0
22968	156330	508.0	325.0
22980	156330	512.0	325.0
22992	156330	515.0	326.0
23004	156330	519.0	325.0
23016	156330	526.0	327.0
23028	156330	530.0	327.0
23040	156330	536.0	328.0
23052	156330	544.0	328.0
23064	156330	552.0	330.0
23076	156330	561.0	331.0
23088	156330	573.0	332.0
23100	156330	586.0	333.0
23112	156330	603.0	335.0
23124	156330	623.0	337.0
23136	156330	649.0	340.0
23148	156330	680.0	344.0
23160	156330	722.0	349.0
23172	156330	783.0	356.0
23184	156330	871.0	365.0
23196	156330	978.0	381.0
23076	156359	487.0	321.0
23088	156359	488.0	322.0
23100	156359	490.0	322.0
23112	156359	492.0	322.0
23124	156359	493.0	323.0
23136	156359	498.0	324.0
23148	156359	501.0	325.0
23160	156359	503.0	324.0
23172	156359	507.0	324.0
23184	156359	511.0	325.0
23196	156359	514.0	325.0
23208	156359	519.0	325.0
23220	156359	527.0	326.0
23232	156359	531.0	327.0
23244	156359	537.0	328.0
23256	156359	544.0	329.0
23268	156359	553.0	330.0
23280	156359	563.0	331.0
23292	156359	574.0	332.0
23304	156359	588.0	334.0
23316	156359	605.0	336.0
23328	156359	627.0	338.0
23340	156359	654.0	342.0
23352	156359	687.0	346.0
23364	156359	733.0	352.0
23376	156359	800.0	359.0
23388	156359	906.0	372.0
23400	156359	991.0	389.0
23112	156366	949.0	323.0
23124	156366	942.0	323.0
23136	156366	944.0	324.0
23148	156366	945.0	323.0
23160	156366	921.0	322.0
23172	156366	889.0	323.0
23184	156366	853.0	322.0
23196	156366	830.0	321.0
23208	156366	798.0	320.0
23220	156366	777.0	320.0
23232	156366	758.375	322.75
23244	156366	736.0	321.0
23256	156366	719.0	321.0
23268	156366	705.0	321.0
23280	156366	691.0	320.0
23292	156366	678.0	320.0
23304	156366	670.0	320.0
23316	156366	660.0	320.0
23328	156366	648.0	317.0
23340	156366	642.0	319.0
23352	156366	633.0	320.0
23364	156366	625.0	320.0
23376	156366	617.0	320.0
23388	156366	612.0	319.0
23400	156366	606.0	319.0
23412	156366	600.0	320.0
23424	156366	594.0	320.0
23436	156366	589.0	320.0
23448	156366	584.0	319.0
23460	156366	581.0	320.0
23472	156366	575.5	319.25
23484	156366	573.0	321.0
23496	156366	571.75	325.1
23508	156366	568.75	326.3
23520	156366	571.0	328.0
23532	156366	582.0	329.0
23544	156366	595.0	330.0
23556	156366	611.0	332.0
23568	156366	631.0	333.0
23580	156366	653.0	336.0
23592	156366	682.0	338.0
23604	156366	721.0	342.0
23616	156366	776.0	347.0
23628	156366	848.0	354.0
23640	156366	957.0	364.0
23136	156369	514.0	322.0
23148	156369	519.0	323.0
23160	156369	523.0	324.0
23172	156369	527.0	324.0
23184	156369	529.0	324.0
23196	156369	536.0	325.0
23208	156369	541.0	326.0
23220	156369	547.0	325.0
23232	156369	553.0	327.0
23244	156369	561.0	327.0
23256	156369	568.0	328.0
23268	156369	580.0	329.0
23280	156369	589.0	330.0
23292	156369	601.0	331.0
23304	156369	616.0	332.0
23316	156369	633.0	334.0
23328	156369	653.0	336.0
23340	156369	679.0	338.0
23352	156369	711.0	342.0
23364	156369	751.0	346.0
23376	156369	799.0	344.0
23388	156369	860.0	344.0
23400	156369	954.0	361.0
23232	156389	512.0	323.0
23244	156389	515.0	323.0
23256	156389	518.0	324.0
23268	156389	523.0	324.0
23280	156389	527.0	324.0
23292	156389	531.0	324.0
23304	156389	537.0	325.0
23316	156389	543.0	326.0
23328	156389	550.0	326.0
23340	156389	557.0	327.0
23352	156389	565.0	327.0
23364	156389	574.0	328.0
23376	156389	585.0	330.0
23388	156389	597.0	331.0
23400	156389	612.0	332.0
23412	156389	630.0	333.0
23424	156389	652.0	335.0
23436	156389	678.0	338.0
23448	156389	713.0	341.0
23460	156389	757.0	345.0
23472	156389	818.0	350.0
23484	156389	908.0	359.0
23496	156389	984.0	368.0
23316	156423	476.0	320.0
23328	156423	477.0	319.0
23340	156423	478.5	320.0
23352	156423	480.0	320.0
23364	156423	481.0	320.0
23376	156423	483.0	320.0
23388	156423	483.0	320.55555555555554
23400	156423	484.6	321.0
23412	156423	487.0	321.0
23424	156423	487.0	321.0
23436	156423	489.0	321.0
23448	156423	492.0	321.0
23460	156423	492.75	320.25
23472	156423	495.9166666666667	321.0
23484	156423	499.0	322.0
23496	156423	500.0	323.0
23508	156423	504.0	323.0
23520	156423	506.0	323.0
23532	156423	508.6666666666667	322.0
23544	156423	513.0	323.0
23556	156423	517.0	324.0
23568	156423	520.0	324.0
23580	156423	526.0	324.0
23592	156423	529.0	324.0
23604	156423	535.0	325.0
23616	156423	541.566037735849	325.1320754716981
23628	156423	547.6792452830189	325.35849056603774
23640	156423	553.7924528301887	325.58490566037733
23652	156423	559.9056603773585	325.811320754717
23664	156423	568.0	328.0
23676	156423	583.0	329.0
23688	156423	598.0	331.0
23700	156423	614.0	333.0
23712	156423	633.0	334.0
23724	156423	656.0	337.0
23736	156423	687.0	339.0
23748	156423	724.0	343.0
23760	156423	776.0	348.0
23772	156423	850.0	355.0
23784	156423	959.0	365.0
23388	156445	526.0	323.0
23400	156445	529.0	323.0
23412	156445	533.0	324.0
23424	156445	538.1111111111111	324.0
23436	156445	542.0	324.0
23448	156445	547.0	325.0
23460	156445	553.0	325.0
23472	156445	559.0	325.0
23484	156445	566.9285714285714	325.2142857142857
23496	156445	574.0	326.5
23508	156445	583.0	327.0
23520	156445	593.0	328.0
23532	156445	604.0	329.0
23544	156445	618.0	330.0
23556	156445	633.0	331.0
23568	156445	653.0	333.0
23580	156445	675.0	335.0
23592	156445	703.0	337.0
23604	156445	738.0	340.0
23616	156445	781.9354838709677	343.7096774193548
23628	156445	829.5483870967741	347.96774193548384
23640	156445	877.1612903225806	352.2258064516129
23652	156445	962.0	361.0
23448	156458	466.0	323.0
23460	156458	467.0	323.0
23472	156458	469.0	324.0
23484	156458	472.0	326.0
23496	156458	475.0	326.0
23508	156458	476.0	325.0
23520	156458	480.0	326.0
23532	156458	484.0	327.0
23544	156458	488.0	328.0
23556	156458	493.0	328.0
23568	156458	499.0	330.0
23580	156458	505.0	331.0
23592	156458	512.0	332.0
23604	156458	522.0	334.0
23616	156458	532.0	335.0
23628	156458	546.0	337.0
23640	156458	561.0	340.0
23652	156458	581.0	343.0
23664	156458	607.0	348.0
23676	156458	642.0	354.0
23688	156458	692.0	362.0
23700	156458	773.0	376.0
23712	156458	915.0	400.0
23508	156476	456.0	322.0
23520	156476	457.0	322.0
23532	156476	457.0	322.0
23544	156476	459.14285714285717	322.0
23556	156476	461.3333333333333	321.3333333333333
23568	156476	464.0	322.0
23580	156476	465.7142857142857	322.0
23592	156476	467.0	323.0
23604	156476	470.0	325.0
23616	156476	474.0	324.0
23628	156476	478.0	324.0
23640	156476	480.0	325.0
23652	156476	484.0	326.0
23664	156476	488.0	326.0
23676	156476	492.0	327.0
23688	156476	497.0	327.0
23700	156476	504.0	328.0
23712	156476	508.0	329.0
23724	156476	516.0	330.0
23736	156476	524.0	331.0
23748	156476	533.0	332.0
23760	156476	544.0	334.0
23772	156476	558.0	336.0
23784	156476	576.0	339.0
23796	156476	597.0	342.0
23808	156476	625.0	346.0
23820	156476	664.0	353.0
23832	156476	722.0	362.0
23844	156476	817.0	378.0
23856	156476	972.0	406.0
23760	156541	476.25	322.0
23772	156541	478.22222222222223	323.0
23784	156541	479.8	323.8
23796	156541	480.8	324.0
23808	156541	483.0	324.0
23820	156541	486.0	325.0
23832	156541	488.0	324.0
23844	156541	491.0	325.0
23856	156541	492.0	326.0
23868	156541	495.0	325.0
23880	156541	498.0	327.0
23892	156541	500.0	327.0
23904	156541	505.0	329.0
23916	156541	509.0	329.0
23928	156541	514.0	329.0
23940	156541	519.0	329.0
23952	156541	527.0	332.0
23964	156541	535.0	333.0
23976	156541	543.0	334.0
23988	156541	553.0	335.0
24000	156541	567.0	338.0
24012	156541	584.0	341.0
24024	156541	605.0	344.0
24036	156541	631.0	349.0
24048	156541	667.0	354.0
24060	156541	718.0	363.0
24072	156541	795.0	375.0
24084	156541	928.0	396.0
23784	156549	500.0	324.0
23796	156549	503.0	324.0
23808	156549	506.6	324.2
23820	156549	509.0	324.0
23832	156549	513.0	326.0
23844	156549	517.0	326.0
23856	156549	521.0	325.0
23868	156549	528.0	327.0
23880	156549	532.0	327.0
23892	156549	537.0	328.0
23904	156549	544.0	328.0
23916	156549	553.0	330.0
23928	156549	562.0	331.0
23940	156549	573.0	331.0
23952	156549	586.0	333.0
23964	156549	601.0	335.0
23976	156549	618.0	337.0
23988	156549	640.0	340.0
24000	156549	667.0	343.0
24012	156549	702.0	347.0
24024	156549	746.0	352.0
24036	156549	810.0	360.0
24048	156549	907.0	370.0
24060	156549	990.0	389.0
23808	156560	527.0833333333334	323.0
23820	156560	526.0833333333334	323.0
23832	156560	529.0	323.0
23844	156560	533.0	323.0
23856	156560	539.0	324.0
23868	156560	544.0	325.0
23880	156560	550.0	325.0
23892	156560	556.0	325.0
23904	156560	563.0	326.0
23916	156560	571.0	327.0
23928	156560	580.0	327.0
23940	156560	591.0	328.0
23952	156560	602.0	330.0
23964	156560	616.0	331.0
23976	156560	632.0	332.0
23988	156560	652.0	334.0
24000	156560	676.0	336.0
24012	156560	704.0	336.0
24024	156560	731.08	333.24
24036	156560	758.44	331.32
24048	156560	816.0	346.0
24060	156560	908.0	355.0
23988	156602	478.8333333333333	323.4166666666667
24000	156602	480.0	324.0
24012	156602	482.0	324.0
24024	156602	486.0	324.0
24036	156602	489.0	325.0
24048	156602	491.0	326.0
24060	156602	492.0	326.0
24072	156602	496.0	326.0
24084	156602	500.0	327.0
24096	156602	503.0	328.0
24108	156602	508.0	328.0
24120	156602	513.0	329.0
24132	156602	518.0	330.0
24144	156602	527.0	332.0
24156	156602	534.0	333.0
24168	156602	542.0	334.0
24180	156602	553.0	335.0
24192	156602	567.0	338.0
24204	156602	584.0	341.0
24216	156602	606.0	345.0
24228	156602	633.0	349.0
24240	156602	672.0	356.0
24252	156602	727.0	364.0
24264	156602	813.0	379.0
24276	156602	958.0	402.0
24156	156641	489.0	320.0
24168	156641	492.0	320.0
24180	156641	492.0	321.0
24192	156641	495.0	321.0
24204	156641	498.0	321.0
24216	156641	501.0	322.0
24228	156641	503.0	322.0
24240	156641	505.0	322.0
24252	156641	507.89473684210526	322.0
24264	156641	511.0	323.0
24276	156641	514.0	323.0
24288	156641	518.0	323.0
24300	156641	525.0	324.0
24312	156641	527.0	324.0
24324	156641	532.0	325.0
24336	156641	537.0	325.0
24348	156641	543.0	325.0
24360	156641	550.0	326.0
24372	156641	558.0	328.0
24384	156641	566.0	328.0
24396	156641	577.0	329.0
24408	156641	588.0	330.0
24420	156641	602.0	331.0
24432	156641	618.0	332.0
24444	156641	638.0	334.0
24456	156641	661.0	337.0
24468	156641	691.0	340.0
24480	156641	731.0	343.0
24492	156641	784.0	348.0
24504	156641	858.0	355.0
24516	156641	962.0	365.0
24156	156643	466.0	321.0
24168	156643	467.3809523809524	321.0
24180	156643	467.95238095238096	321.0
24192	156643	468.0	322.0
24204	156643	467.0	322.0
24216	156643	468.0	323.0
24228	156643	468.0	322.0
24240	156643	468.0	322.0
24252	156643	468.0	322.0
24264	156643	468.0	323.0
24276	156643	469.0	324.0
24288	156643	470.0	324.0
24300	156643	472.0	324.0
24312	156643	473.0	326.0
24324	156643	474.0	326.0
24336	156643	475.0	326.0
24348	156643	478.0	326.0
24360	156643	479.0	327.0
24372	156643	482.0	328.0
24384	156643	486.0	328.0
24396	156643	488.0	329.0
24408	156643	493.0	330.0
24420	156643	497.0	331.0
24432	156643	503.0	333.0
24444	156643	510.0	334.0
24456	156643	517.0	336.0
24468	156643	527.0	338.0
24480	156643	539.0	342.0
24492	156643	555.0	345.0
24504	156643	576.0	349.0
24516	156643	605.0	356.0
24528	156643	649.0	366.0
24540	156643	721.0	382.0
24552	156643	860.0	412.0
24564	156643	1015.0	470.0
24204	156652	517.0	322.0
24216	156652	521.875	322.0
24228	156652	525.0	322.0
24240	156652	528.0	322.0
24252	156652	532.0	324.0
24264	156652	538.0	324.0
24276	156652	543.0	324.0
24288	156652	548.0	324.0
24300	156652	555.0	325.0
24312	156652	562.0	326.0
24324	156652	569.0	327.0
24336	156652	577.0	327.0
24348	156652	587.0	328.0
24360	156652	599.0	329.0
24372	156652	612.0	330.0
24384	156652	627.0	331.0
24396	156652	646.0	333.0
24408	156652	668.0	334.0
24420	156652	695.0	337.0
24432	156652	730.0	340.0
24444	156652	772.0	343.0
24456	156652	830.0	348.0
24468	156652	914.0	355.0
24480	156652	979.0	361.0
24372	156674	451.0	321.0
24384	156674	452.0	321.0
24396	156674	452.0	321.0
24408	156674	452.0	321.0
24420	156674	453.0	322.0
24432	156674	453.0	322.0
24444	156674	454.42857142857144	321.7142857142857
24456	156674	455.0	321.0
24468	156674	456.0	322.0
24480	156674	456.0	322.0
24492	156674	457.0	322.0
24504	156674	459.0	323.0
24516	156674	460.0	323.8181818181818
24528	156674	461.14285714285717	323.6190476190476
24540	156674	462.85714285714283	323.04761904761904
24552	156674	464.0	324.0
24564	156674	466.0	325.0
24576	156674	468.0	325.0
24588	156674	469.0	326.0
24600	156674	471.0	327.0
24612	156674	473.0	327.0
24624	156674	475.0	328.0
24636	156674	478.0	329.0
24648	156674	481.0	329.0
24660	156674	485.0	330.0
24672	156674	489.0	331.0
24684	156674	493.0	332.0
24696	156674	499.0	334.0
24708	156674	506.0	335.0
24720	156674	513.0	337.0
24732	156674	523.0	340.0
24744	156674	535.0	343.0
24756	156674	550.0	347.0
24768	156674	571.0	353.0
24780	156674	600.0	360.0
24792	156674	646.0	372.0
24804	156674	727.0	394.0
24816	156674	898.0	435.0
24828	156674	1030.0	505.0
24516	156712	491.0	322.0
24528	156712	494.0	322.0
24540	156712	497.0	323.0
24552	156712	499.0	323.0
24564	156712	501.0	324.0
24576	156712	505.0	324.0
24588	156712	509.0	325.0
24600	156712	514.0	325.0
24612	156712	520.0	325.0
24624	156712	528.0	327.0
24636	156712	535.0	327.0
24648	156712	544.0	328.0
24660	156712	555.0	330.0
24672	156712	567.0	331.0
24684	156712	583.0	333.0
24696	156712	603.0	335.0
24708	156712	629.0	337.0
24720	156712	663.0	342.0
24732	156712	709.0	347.0
24744	156712	779.0	355.0
24756	156712	891.0	367.0
24768	156712	998.0	386.0
24804	156766	464.42105263157896	325.0
24816	156766	466.09090909090907	326.0
24828	156766	467.1818181818182	326.0
24840	156766	468.6666666666667	326.3333333333333
24852	156766	471.3333333333333	327.6666666666667
24864	156766	473.0	329.0
24876	156766	476.0	329.0
24888	156766	480.0	330.0
24900	156766	484.0	330.0
24912	156766	488.0	331.0
24924	156766	492.0	332.0
24936	156766	498.0	334.0
24948	156766	505.0	336.0
24960	156766	512.0	338.0
24972	156766	523.0	341.0
24984	156766	536.0	344.0
24996	156766	553.0	348.0
25008	156766	576.0	355.0
25020	156766	609.0	363.0
25032	156766	662.0	376.0
25044	156766	759.0	402.0
25056	156766	954.0	458.0
24864	156789	527.0	322.0
24876	156789	529.0	323.0
24888	156789	533.0	324.0
24900	156789	539.0	324.0
24912	156789	542.0	324.0
24924	156789	547.0	325.0
24936	156789	553.0	325.0
24948	156789	560.0	325.0
24960	156789	567.0	326.0
24972	156789	574.0	327.0
24984	156789	583.0	328.0
24996	156789	592.0	329.0
25008	156789	605.0	330.0
25020	156789	619.0	332.0
25032	156789	637.6	332.3
25044	156789	654.4	332.7
25056	156789	675.0	336.0
25068	156789	713.0	341.0
25080	156789	756.0	345.0
25092	156789	817.0	350.0
25104	156789	904.0	358.0
25116	156789	984.0	367.0
24912	156803	475.42857142857144	321.14285714285717
24924	156803	477.0	322.0
24936	156803	479.0	323.0
24948	156803	480.0	323.0
24960	156803	482.0	324.0
24972	156803	486.0	325.0
24984	156803	489.0	325.0
24996	156803	493.0	326.0
25008	156803	497.0	326.0
25020	156803	502.0	326.0
25032	156803	507.0	328.0
25044	156803	512.0	328.0
25056	156803	519.0	329.0
25068	156803	526.0	331.0
25080	156803	534.0	332.0
25092	156803	546.0	334.0
25104	156803	558.0	336.0
25116	156803	575.0	339.0
25128	156803	595.0	342.0
25140	156803	623.0	347.0
25152	156803	661.0	354.0
25164	156803	718.0	363.0
25176	156803	815.0	379.0
25188	156803	967.0	410.0
25200	156803	1006.0	418.0
25212	156803	998.0	421.0
25224	156803	1013.0	431.0
24924	156809	454.0	322.0
24936	156809	455.05263157894734	323.0
24948	156809	455.6842105263158	323.0
24960	156809	456.3333333333333	322.0
24972	156809	457.0	323.0
24984	156809	458.0	324.0
24996	156809	459.0	324.0
25008	156809	460.0	324.0
25020	156809	461.0	324.0
25032	156809	463.0	325.0
25044	156809	464.0	325.0
25056	156809	467.0	325.0
25068	156809	468.0	325.0
25080	156809	472.0	327.0
25092	156809	475.0	327.0
25104	156809	477.0	327.0
25116	156809	481.0	329.0
25128	156809	485.0	329.0
25140	156809	490.0	330.0
25152	156809	495.0	331.0
25164	156809	503.0	332.0
25176	156809	509.0	333.0
25188	156809	517.0	334.0
25200	156809	527.0	337.0
25212	156809	540.0	339.0
25224	156809	555.0	342.0
25236	156809	573.0	345.0
25248	156809	599.0	350.0
25260	156809	631.0	355.0
25272	156809	677.0	363.0
25284	156809	751.0	376.0
25296	156809	873.0	398.0
25308	156809	1006.0	441.0
25188	156888	476.0	325.0
25200	156888	477.0	326.0
25212	156888	477.61538461538464	326.0
25224	156888	479.0	327.0
25236	156888	479.0	327.0
25248	156888	481.0	327.0
25260	156888	483.0	329.0
25272	156888	485.0	329.0
25284	156888	488.0	331.0
25296	156888	491.0	332.0
25308	156888	496.0	334.0
25320	156888	500.0	334.0
25332	156888	507.0	337.0
25344	156888	515.0	339.0
25356	156888	526.0	343.0
25368	156888	538.0	346.0
25380	156888	558.0	352.0
25392	156888	586.0	360.0
25404	156888	629.0	372.0
25416	156888	705.0	393.0
25428	156888	871.0	436.0
25440	156888	1033.0	523.0
25212	156890	506.0	322.0
25224	156890	508.0	323.0
25236	156890	509.0	322.0
25248	156890	513.0	322.0
25260	156890	515.8	322.6
25272	156890	518.0	323.0
25284	156890	520.0	325.0
25296	156890	524.0	324.0
25308	156890	527.0	323.0
25320	156890	530.0	324.0
25332	156890	535.0	325.0
25344	156890	540.0	326.0
25356	156890	545.0	326.0
25368	156890	550.0	326.0
25380	156890	557.0	328.0
25392	156890	562.7777777777778	328.44444444444446
25404	156890	568.5555555555555	328.8888888888889
25416	156890	580.0	329.0
25428	156890	591.0	330.0
25440	156890	603.0	331.0
25452	156890	617.0	333.0
25464	156890	635.0	334.0
25476	156890	654.0	336.0
25488	156890	680.0	339.0
25500	156890	709.0	341.0
25512	156890	746.0	345.0
25524	156890	795.0	349.0
25536	156890	861.0	356.0
25548	156890	954.0	364.0
25248	156905	526.0	322.0
25260	156905	530.25	322.75
25272	156905	534.0	324.0
25284	156905	538.0	324.0
25296	156905	542.0	324.0
25308	156905	547.0	325.0
25320	156905	553.0	325.0
25332	156905	559.0	325.0
25344	156905	566.0	325.0
25356	156905	573.0	327.0
25368	156905	581.0	327.0
25380	156905	591.0	328.0
25392	156905	602.0	329.0
25404	156905	617.578947368421	332.7894736842105
25416	156905	627.0526315789474	331.5263157894737
25428	156905	646.0	333.0
25440	156905	666.0	335.0
25452	156905	692.0	337.0
25464	156905	723.0	340.0
25476	156905	762.0	343.0
25488	156905	814.0	347.0
25500	156905	882.0	352.0
25512	156905	969.0	361.0
25368	156933	455.0	321.0
25380	156933	456.0	320.57142857142856
25392	156933	456.6363636363636	320.0
25404	156933	460.0	321.0
25416	156933	460.90140845070425	321.0
25428	156933	462.2535211267606	321.0
25440	156933	463.6056338028169	321.0
25452	156933	464.9577464788732	321.0
25464	156933	466.3098591549296	321.0
25476	156933	467.6619718309859	321.0
25488	156933	469.2857142857143	322.0
25500	156933	471.5	322.1
25512	156933	474.5	322.7
25524	156933	477.0	324.0
25536	156933	479.125	323.875
25548	156933	480.75	323.75
25560	156933	485.0	325.0
25572	156933	488.0	325.0
25584	156933	491.0	326.0
25596	156933	494.0	326.0
25608	156933	497.0	327.0
25620	156933	501.0	326.0
25632	156933	506.0	327.0
25644	156933	512.0	329.0
25656	156933	518.0	329.0
25668	156933	524.0	331.0
25680	156933	531.0	331.0
25692	156933	539.0	333.0
25704	156933	549.0	334.0
25716	156933	561.0	336.0
25728	156933	574.0	338.0
25740	156933	592.0	340.0
25752	156933	613.0	344.0
25764	156933	640.0	348.0
25776	156933	679.0	354.0
25788	156933	733.0	363.0
25800	156933	815.0	376.0
25812	156933	954.0	397.0
25392	156937	489.0	325.0
25404	156937	492.0	325.0
25416	156937	494.0	325.0
25428	156937	496.0	326.0
25440	156937	502.0	327.0
25452	156937	504.0	327.0
25464	156937	509.0	329.0
25476	156937	514.0	328.0
25488	156937	520.0	330.0
25500	156937	527.0	331.0
25512	156937	535.0	332.0
25524	156937	544.0	334.0
25536	156937	555.0	335.0
25548	156937	568.0	338.0
25560	156937	585.0	341.0
25572	156937	607.0	344.0
25584	156937	636.0	349.0
25596	156937	675.0	355.0
25608	156937	732.0	364.0
25620	156937	821.0	378.0
25632	156937	965.0	402.0
25548	156958	513.0	322.0
25560	156958	516.0	323.0
25572	156958	519.0	324.0
25584	156958	522.0	325.0
25596	156958	527.0	324.0
25608	156958	529.0	324.0
25620	156958	534.0	325.0
25632	156958	539.0	325.0
25644	156958	545.0	325.0
25656	156958	551.0	326.0
25668	156958	558.0	327.0
25680	156958	565.0	328.0
25692	156958	574.0	328.0
25704	156958	584.0	330.0
25716	156958	595.0	331.0
25728	156958	608.0	331.0
25740	156958	624.0	333.0
25752	156958	643.0	335.0
25764	156958	666.0	337.0
25776	156958	696.0	340.0
25548	156960	526.0	322.0
25560	156960	529.1428571428571	323.0
25572	156960	532.5714285714286	323.0
25584	156960	538.0	324.0
25596	156960	542.0	324.0
25608	156960	546.0	324.0
25620	156960	553.0	325.0
25632	156960	559.0	325.0
25644	156960	566.0	325.0
25656	156960	573.0	327.0
25668	156960	582.0	327.0
25680	156960	591.0	328.0
25692	156960	603.0	329.0
25704	156960	615.0	331.0
25716	156960	630.0	331.0
25728	156960	648.0	333.0
25740	156960	669.0	334.0
25752	156960	694.0	337.0
25764	156960	726.0	340.0
25776	156960	765.0	343.0
25788	156960	816.0	347.0
25800	156960	885.0	353.0
25812	156960	975.0	358.0
25596	156979	476.0	322.0
25608	156979	478.0	322.0
25620	156979	479.0	324.0
25632	156979	481.0	324.0
25644	156979	483.0	324.0
25656	156979	485.0	324.0
25668	156979	489.0	325.0
25680	156979	490.0	326.0
25692	156979	493.0	325.0
25704	156979	498.0	326.0
25716	156979	501.0	327.0
25728	156979	505.0	327.0
25740	156979	509.0	329.0
25752	156979	515.0	329.0
25764	156979	522.0	330.0
25776	156979	528.0	331.0
25788	156979	536.0	332.0
25800	156979	544.0	334.0
25812	156979	556.0	335.0
25824	156979	569.0	337.0
25836	156979	586.0	340.0
25848	156979	606.0	344.0
25860	156979	634.0	349.0
25872	156979	671.0	355.0
25884	156979	724.0	363.0
25896	156979	809.0	377.0
25908	156979	956.0	400.0
25704	157007	477.0	324.0
25716	157007	479.0	325.0
25728	157007	480.0	325.0
25740	157007	482.0	326.0
25752	157007	484.0	327.0
25764	157007	485.0	328.0
25776	157007	487.0	328.0
25788	157007	491.0	329.0
25800	157007	494.0	330.0
25812	157007	498.0	331.0
25824	157007	503.0	332.0
25836	157007	508.0	334.0
25848	157007	516.0	336.0
25860	157007	525.0	339.0
25872	157007	536.0	342.0
25884	157007	551.0	345.0
25896	157007	570.0	350.0
25908	157007	599.0	357.0
25920	157007	643.0	367.0
25932	157007	715.0	386.0
25944	157007	861.0	420.0
25956	157007	1023.0	488.0
25920	157060	502.0	324.0
25932	157060	506.0	324.0
25944	157060	512.0	325.0
25956	157060	516.0	326.0
25968	157060	519.0	325.0
25980	157060	525.0	326.0
25992	157060	528.0	327.0
26004	157060	535.0	327.0
26016	157060	541.0	328.0
26028	157060	551.0	329.0
26040	157060	560.0	331.0
26052	157060	569.0	331.0
26064	157060	582.0	333.0
26076	157060	595.0	334.0
26088	157060	614.0	337.0
26100	157060	636.0	339.0
26112	157060	663.0	342.0
26124	157060	699.0	346.0
26136	157060	748.0	352.0
26148	157060	817.0	360.0
26160	157060	925.0	372.0
25920	157066	467.25	321.0
25932	157066	468.0	320.0
25944	157066	469.0	320.0
25956	157066	470.0	321.0
25968	157066	471.0	322.0
25980	157066	472.0	323.0
25992	157066	474.0	321.0
26004	157066	477.0	322.0
26016	157066	478.0	323.0
26028	157066	479.0	323.0
26040	157066	481.0	324.0
26052	157066	483.0	324.0
26064	157066	485.0	325.0
26076	157066	488.0	325.0
26088	157066	491.0	325.0
26100	157066	494.0	325.0
26112	157066	498.0	326.0
26124	157066	503.0	327.0
26136	157066	508.0	328.0
26148	157066	513.0	328.0
26160	157066	520.0	330.0
26172	157066	527.0	331.0
26184	157066	535.0	331.0
26196	157066	545.0	333.0
26208	157066	557.0	335.0
26220	157066	572.0	337.0
26232	157066	590.0	340.0
26244	157066	613.0	344.0
26256	157066	645.0	349.0
26268	157066	690.0	356.0
26280	157066	758.0	367.0
26292	157066	874.0	385.0
26304	157066	996.0	417.0
25944	157070	482.0	324.0
25956	157070	486.0	324.0
25968	157070	489.0	324.0
25980	157070	491.0	326.0
25992	157070	493.0	325.0
26004	157070	496.0	326.0
26016	157070	501.0	327.0
26028	157070	504.0	327.0
26040	157070	510.0	329.0
26052	157070	515.0	329.0
26064	157070	522.0	331.0
26076	157070	530.0	331.0
26088	157070	538.0	333.0
26100	157070	549.0	334.0
26112	157070	562.0	337.0
26124	157070	578.0	340.0
26136	157070	599.0	343.0
26148	157070	626.0	347.0
26160	157070	663.0	353.0
26172	157070	716.0	361.0
26184	157070	800.0	375.0
26196	157070	950.0	399.0
25968	157082	452.0	320.0
25980	157082	453.0	320.0
25992	157082	454.0	320.0
26004	157082	455.0	321.0
26016	157082	455.0	321.0
26028	157082	456.0	321.0
26040	157082	457.0	319.0
26052	157082	459.25	320.0
26064	157082	460.75	320.0
26076	157082	463.0	321.0
26088	157082	464.0	320.0
26100	157082	465.0	320.0
26112	157082	466.4	319.05
26124	157082	468.0	319.25
26136	157082	469.6	319.45
26148	157082	471.2	319.65
26160	157082	472.8	319.85
26172	157082	474.25	320.0
26184	157082	475.0	320.0
26196	157082	476.0	321.0
26208	157082	477.0	321.0
26220	157082	478.77777777777777	320.22222222222223
26232	157082	480.0	321.0
26244	157082	480.0	320.0
26256	157082	483.125	320.0
26268	157082	484.0	320.0
26280	157082	486.0	321.0
26292	157082	488.0	322.0
26304	157082	490.0	322.0
26316	157082	492.0	322.0
26328	157082	494.0	322.0
26340	157082	497.0	323.0
26352	157082	500.0	324.0
26364	157082	503.0	324.0
26376	157082	506.0	325.0
26388	157082	511.0	325.0
26400	157082	515.0	326.0
26412	157082	520.0	325.0
26424	157082	526.0	326.0
26436	157082	532.0	327.0
26448	157082	539.0	328.0
26460	157082	547.0	328.0
26472	157082	557.0	330.0
26484	157082	569.0	331.0
26496	157082	582.0	332.0
26508	157082	599.0	334.0
26520	157082	618.0	337.0
26532	157082	644.0	339.0
26544	157082	678.0	344.0
26556	157082	722.0	349.0
26568	157082	789.0	356.0
26580	157082	891.0	367.0
26592	157082	992.0	385.0
26292	157168	471.0	322.0
26304	157168	471.85714285714283	321.2857142857143
26316	157168	473.57142857142856	321.85714285714283
26328	157168	475.0	323.0
26340	157168	477.0	323.0
26352	157168	478.0	322.0
26364	157168	481.0	323.0
26376	157168	483.0	325.0
26388	157168	485.0	324.0
26400	157168	487.0	324.0
26412	157168	489.44444444444446	324.6111111111111
26424	157168	492.0	326.0
26436	157168	496.0	326.0
26448	157168	499.0	326.0
26460	157168	503.0	327.0
26472	157168	507.0	327.0
26484	157168	511.0	328.0
26496	157168	516.0	329.0
26508	157168	521.0	329.0
26520	157168	528.0	330.0
26532	157168	535.0	331.0
26544	157168	542.0	333.0
26556	157168	551.0	335.0
26568	157168	564.0	337.0
26580	157168	578.0	339.0
26592	157168	596.0	342.0
26604	157168	619.0	346.0
26616	157168	651.0	351.0
26628	157168	693.0	358.0
26640	157168	760.0	369.0
26652	157168	870.0	388.0
26664	157168	995.0	420.0
26520	157204	506.0	323.0
26532	157204	509.2	323.0
26544	157204	511.0	322.0
26556	157204	515.0	324.0
26568	157204	518.0	324.0
26580	157204	522.0	325.0
26592	157204	526.0	324.0
26604	157204	530.0	324.0
26616	157204	534.0	326.0
26628	157204	540.0	326.0
26640	157204	546.0	326.0
26652	157204	554.0	327.0
26664	157204	561.0	327.0
26676	157204	569.0	328.0
26688	157204	579.0	329.0
26700	157204	590.0	330.0
26712	157204	603.0	331.0
26724	157204	618.0	333.0
26736	157204	637.0	334.0
26748	157204	661.0	337.0
26760	157204	689.0	339.0
26772	157204	725.0	343.0
26784	157204	772.0	347.0
26796	157204	838.0	353.0
26808	157204	934.0	362.0
26520	157206	487.0	322.0
26532	157206	488.0	321.0
26544	157206	490.0	321.0
26556	157206	491.0	320.0
26568	157206	494.2307692307692	320.03846153846155
26580	157206	497.0	320.5
26592	157206	499.7692307692308	320.96153846153845
26604	157206	502.0	322.0
26616	157206	504.7692307692308	322.9230769230769
26628	157206	507.52941176470586	322.8235294117647
26640	157206	509.6470588235294	322.11764705882354
26652	157206	512.0	323.0
26664	157206	515.5	324.0
26676	157206	519.0	324.0
26688	157206	526.0	324.0
26700	157206	528.0	324.0
26712	157206	533.0	325.0
26724	157206	538.0	326.0
26736	157206	545.0	326.0
26748	157206	551.0	327.0
26760	157206	559.0	327.0
26772	157206	568.0	328.0
26784	157206	577.0	329.0
26796	157206	589.0	330.0
26808	157206	602.0	331.0
26820	157206	619.0	333.0
26556	157209	476.0	322.0
26568	157209	477.0	323.0
26580	157209	479.0	324.0
26592	157209	479.0	324.0
26604	157209	481.0	324.0
26616	157209	483.0	325.0
26628	157209	485.0	325.0
26640	157209	487.0	326.0
26652	157209	490.0	326.0
26664	157209	492.0	327.0
26676	157209	495.0	327.0
26688	157209	498.0	328.0
26700	157209	501.0	328.0
26712	157209	505.0	330.0
26724	157209	509.0	331.0
26736	157209	515.0	332.0
26748	157209	521.0	333.0
26760	157209	527.0	335.0
26772	157209	536.0	338.0
26784	157209	547.0	341.0
26796	157209	561.0	343.0
26808	157209	579.0	348.0
26820	157209	603.0	353.0
26832	157209	639.0	361.0
26844	157209	693.0	374.0
26856	157209	787.0	395.0
26868	157209	966.0	438.0
26676	157225	478.0	322.0
26688	157225	479.0	323.0
26700	157225	481.0	324.0
26712	157225	482.6666666666667	324.0
26724	157225	486.0	325.0
26736	157225	488.0	326.0
26748	157225	491.0	325.0
26760	157225	493.0	326.0
26772	157225	496.0	327.0
26784	157225	500.0	327.0
26796	157225	505.0	328.0
26808	157225	507.0	328.0
26820	157225	514.0	329.0
26832	157225	520.0	330.0
26844	157225	527.0	331.0
26856	157225	535.0	332.0
26868	157225	545.0	334.0
26880	157225	556.0	336.0
26892	157225	570.0	338.0
26904	157225	588.0	341.0
26916	157225	610.0	345.0
26928	157225	639.0	349.0
26940	157225	680.0	357.0
26952	157225	740.0	366.0
26964	157225	838.0	381.0
26976	157225	978.0	409.0
26808	157253	454.2105263157895	322.0
26820	157253	454.8421052631579	322.0
26832	157253	454.0	322.0
26844	157253	456.0	322.0
26856	157253	456.0	322.0
26868	157253	458.0	322.0
26880	157253	458.0	322.0
26892	157253	459.0	322.0
26904	157253	460.44444444444446	323.0
26916	157253	462.25	323.75
26928	157253	466.0	323.0
26940	157253	468.0	324.0
26952	157253	470.0	325.0
26964	157253	474.0	326.0
26976	157253	477.8235294117647	326.0
26988	157253	482.0	325.0
27000	157253	486.0	327.0
27012	157253	491.0	327.0
27024	157253	496.0	328.0
27036	157253	501.0	329.0
27048	157253	508.0	330.0
27060	157253	516.0	331.0
27072	157253	524.0	332.0
27084	157253	534.0	334.0
27096	157253	545.0	336.0
27108	157253	560.0	338.0
27120	157253	579.0	342.0
27132	157253	602.0	346.0
27144	157253	635.0	351.0
27156	157253	683.0	359.0
27168	157253	760.0	372.0
27180	157253	899.0	395.0
26868	157267	490.0	322.0
26880	157267	492.0	322.0
26892	157267	494.0	322.0
26904	157267	497.0	323.0
26916	157267	499.0	323.0
26928	157267	501.0	324.0
26940	157267	504.0	324.0
26952	157267	508.0	324.0
26964	157267	511.0	324.0
26976	157267	515.0	325.0
26988	157267	519.0	326.0
27000	157267	525.0	325.0
27012	157267	530.0	327.0
27024	157267	535.0	327.0
27036	157267	541.0	328.0
27048	157267	549.0	329.0
27060	157267	560.0	330.0
27072	157267	568.0	331.0
27084	157267	580.0	333.0
27096	157267	593.0	334.0
27108	157267	611.0	336.0
27120	157267	632.0	339.0
27132	157267	657.0	342.0
27144	157267	691.0	345.0
27156	157267	737.0	351.0
27168	157267	803.0	358.0
27012	157332	476.0	322.0
27024	157332	479.0	323.0
27036	157332	480.0	324.0
27048	157332	482.0	324.0
27060	157332	484.0	325.0
27072	157332	486.0	324.0
27084	157332	490.0	325.0
27096	157332	492.0	325.0
27108	157332	495.0	325.0
27120	157332	498.0	326.0
27132	157332	503.0	327.0
27144	157332	506.0	327.0
27156	157332	511.0	328.0
27168	157332	517.0	329.0
27180	157332	524.0	330.0
27192	157332	532.0	331.0
27204	157332	540.0	332.0
27216	157332	550.0	334.0
27228	157332	563.0	336.0
27240	157332	577.0	338.0
27252	157332	596.0	342.0
27264	157332	620.0	345.0
27276	157332	651.0	350.0
27288	157332	696.0	357.0
27300	157332	762.0	367.0
27312	157332	869.0	384.0
27324	157332	993.0	414.0
27072	157338	500.0	323.0
27084	157338	502.0	324.0
27096	157338	505.0	324.0
27108	157338	509.0	324.0
27120	157338	513.0	325.0
27132	157338	517.0	325.0
27144	157338	521.0	326.0
27156	157338	527.0	327.0
27168	157338	534.0	327.0
27180	157338	540.0	328.0
27192	157338	547.0	328.0
27204	157338	557.0	330.0
27216	157338	567.0	331.0
27228	157338	579.0	332.0
27240	157338	594.0	334.0
27252	157338	613.0	336.0
27264	157338	634.0	338.0
27276	157338	663.0	342.0
27288	157338	699.9354838709677	342.48387096774195
27300	157338	735.1612903225806	348.2903225806452
27312	157338	770.3870967741935	354.0967741935484
27324	157338	842.0	364.0
27156	157354	477.0	321.0
27168	157354	477.2857142857143	321.0
27180	157354	478.3076923076923	321.0
27192	157354	481.0	320.0
27204	157354	480.75	320.375
27216	157354	481.0	320.0
27228	157354	484.2121212121212	320.24242424242425
27240	157354	486.030303030303	320.6060606060606
27252	157354	487.8484848484849	320.969696969697
27264	157354	489.0	322.0
27276	157354	490.0	323.0
27288	157354	492.0	322.0
27300	157354	493.0	322.0
27312	157354	496.0	322.0
27324	157354	498.8	323.0
27336	157354	501.0	324.0
27348	157354	504.0	324.0
27360	157354	506.0	324.0
27372	157354	508.0	324.0
27384	157354	511.0	325.0
27396	157354	515.0	326.0
27408	157354	519.0	326.0
27420	157354	525.0	326.0
27432	157354	530.0	326.0
27444	157354	534.0	327.0
27456	157354	541.0	328.0
27468	157354	548.0	329.0
27480	157354	556.0	329.0
27492	157354	565.0	331.0
27504	157354	575.0	331.0
27516	157354	587.0	333.0
27528	157354	600.0	334.0
27540	157354	617.0	336.0
27552	157354	637.0	338.0
27564	157354	654.2857142857143	333.35714285714283
27576	157354	675.0	333.0
27588	157354	729.0	349.0
27600	157354	783.0	354.0
27612	157354	859.0	362.0
27624	157354	966.0	375.0
27168	157357	499.0	323.0
27180	157357	502.0	323.0
27192	157357	505.625	323.125
27204	157357	511.0	324.0
27216	157357	515.0	325.0
27228	157357	518.0	326.0
27240	157357	523.0	326.0
27252	157357	529.0	327.0
27264	157357	534.0	328.0
27276	157357	541.0	328.0
27288	157357	548.0	329.0
27300	157357	556.0	330.0
27312	157357	566.0	331.0
27324	157357	577.0	332.0
27336	157357	590.0	333.0
27348	157357	607.0	335.0
27360	157357	626.0	337.0
27372	157357	650.0	340.0
27384	157357	682.0	344.0
27396	157357	723.0	349.0
27408	157357	780.0	355.0
27420	157357	861.0	364.0
27432	157357	972.0	378.0
27264	157364	513.3076923076923	322.15384615384613
27276	157364	515.0	323.0
27288	157364	518.0	324.0
27300	157364	523.4615384615385	324.0
27312	157364	527.0	324.0
27324	157364	530.0	324.0
27336	157364	534.0	325.0
27348	157364	540.0	326.0
27360	157364	546.0	326.0
27372	157364	552.0	327.0
27384	157364	559.0	328.0
27396	157364	567.0	328.0
27408	157364	576.0	329.0
27420	157364	586.0	330.0
27432	157364	598.0	331.0
27444	157364	611.0	332.0
27456	157364	628.0	333.0
27468	157364	647.0	334.0
27480	157364	670.0	337.0
27492	157364	699.0	340.0
27504	157364	737.0	344.0
27516	157364	785.0	348.0
27528	157364	851.0	354.0
27540	157364	948.0	363.0
27324	157370	465.0	326.0
27336	157370	465.4	325.4
27348	157370	466.0	326.0
27360	157370	468.0	327.0
27372	157370	470.0	327.0
27384	157370	472.0	329.0
27396	157370	474.0	329.0
27408	157370	478.0	330.0
27420	157370	481.0	330.0
27432	157370	485.0	331.0
27444	157370	489.0	333.0
27456	157370	494.0	334.0
27468	157370	499.0	336.0
27480	157370	508.0	337.0
27492	157370	516.0	341.0
27504	157370	526.0	344.0
27516	157370	540.0	347.0
27528	157370	559.0	352.0
27540	157370	585.0	359.0
27552	157370	622.0	369.0
27564	157370	685.0	386.0
27576	157370	804.0	418.0
27588	157370	1003.0	495.0
27444	157382	466.0	322.0
27456	157382	466.90909090909093	322.90909090909093
27468	157382	470.0	323.0
27480	157382	471.0	324.0
27492	157382	473.3333333333333	325.0
27504	157382	475.5	325.0
27516	157382	479.0	324.0
27528	157382	481.0	325.0
27540	157382	484.0	325.0
27552	157382	487.0	326.0
27564	157382	490.0	326.0
27576	157382	493.0	327.0
27588	157382	498.0	327.0
27600	157382	502.0	328.0
27612	157382	507.0	329.0
27624	157382	513.0	330.0
27636	157382	519.0	330.0
27648	157382	526.0	332.0
27660	157382	535.0	333.0
27672	157382	544.0	334.0
27684	157382	555.0	336.0
27696	157382	568.0	338.0
27708	157382	584.0	341.0
27720	157382	604.0	344.0
27732	157382	630.0	349.0
27744	157382	665.0	354.0
27756	157382	714.0	362.0
27768	157382	790.0	375.0
27780	157382	918.0	395.0
27792	157382	1007.0	425.0
27528	157395	467.0	324.0
27540	157395	468.0	325.0
27552	157395	470.3333333333333	325.0
27564	157395	473.0	324.0
27576	157395	477.3333333333333	323.0
27588	157395	481.0	325.0
27600	157395	482.0	325.0
27612	157395	485.0	326.0
27624	157395	489.0	326.0
27636	157395	492.0	327.0
27648	157395	496.0	326.0
27660	157395	500.0	328.0
27672	157395	505.0	329.0
27684	157395	509.0	329.0
27696	157395	515.0	330.0
27708	157395	522.0	331.0
27720	157395	529.0	332.0
27732	157395	538.0	334.0
27744	157395	547.0	335.0
27756	157395	559.0	337.0
27768	157395	573.0	339.0
27780	157395	588.0	342.0
27792	157395	609.0	346.0
27804	157395	635.0	350.0
27816	157395	671.0	356.0
27828	157395	721.0	364.0
27840	157395	799.0	376.0
27852	157395	930.0	397.0
27540	157396	452.0	321.0
27552	157396	453.0	321.0
27564	157396	453.0	321.0
27576	157396	454.0	322.0
27588	157396	454.0	322.0
27600	157396	454.0	323.0
27612	157396	455.0	322.0
27624	157396	455.0	322.0
27636	157396	457.0	322.0
27648	157396	459.0	323.0
27660	157396	461.0	322.0
27672	157396	463.0	324.0
27684	157396	465.14285714285717	324.0
27696	157396	466.85714285714283	324.0
27708	157396	468.57142857142856	324.0
27720	157396	470.0	324.0
27732	157396	467.0	324.0
27744	157396	467.0	326.0
27756	157396	469.0	325.0
27768	157396	472.0	326.0
27780	157396	474.0	327.0
27792	157396	475.0	327.0
27804	157396	479.0	328.0
27816	157396	482.0	328.0
27828	157396	486.0	330.0
27840	157396	489.0	330.0
27852	157396	494.0	332.0
27864	157396	498.0	333.0
27876	157396	504.0	334.0
27888	157396	510.0	336.0
27900	157396	517.0	338.0
27912	157396	527.0	341.0
27924	157396	539.0	344.0
27936	157396	555.0	348.0
27948	157396	577.0	354.0
27960	157396	609.0	362.0
27972	157396	659.0	374.0
27984	157396	743.0	396.0
27996	157396	921.0	438.0
28008	157396	1027.0	486.0
27732	157429	477.0	323.0
27744	157429	479.0	324.0
27756	157429	482.0	324.0
27768	157429	487.0	325.0
27780	157429	490.0	326.0
27792	157429	494.0	326.0
27804	157429	498.0	326.0
27816	157429	502.0	327.0
27828	157429	508.0	328.0
27840	157429	513.0	329.0
27852	157429	519.0	329.0
27864	157429	528.0	330.0
27876	157429	534.0	332.0
27888	157429	543.0	333.0
27900	157429	554.0	335.0
27912	157429	567.0	337.0
27924	157429	584.0	339.0
27936	157429	604.0	343.0
27948	157429	631.0	347.0
27960	157429	668.0	353.0
27972	157429	722.0	361.0
27984	157429	810.0	373.0
27996	157429	968.0	396.0
27852	157459	452.0	323.0
27864	157459	453.0	324.0
27876	157459	454.0	323.0
27888	157459	455.3333333333333	323.8888888888889
27900	157459	456.6666666666667	324.77777777777777
27912	157459	458.0	326.0
27924	157459	459.0	326.0
27936	157459	461.0	326.0
27948	157459	463.0	327.0
27960	157459	465.0	328.0
27972	157459	468.0	328.0
27984	157459	470.0	328.0
27996	157459	473.0	329.0
28008	157459	477.0	331.0
28020	157459	481.0	331.0
28032	157459	487.0	332.0
28044	157459	493.0	333.0
28056	157459	499.0	335.0
28068	157459	507.0	337.0
28080	157459	517.0	340.0
28092	157459	529.0	342.0
28104	157459	544.0	346.0
28116	157459	563.0	351.0
28128	157459	591.0	358.0
28140	157459	632.0	368.0
28152	157459	700.0	385.0
28164	157459	829.0	416.0
28176	157459	1018.0	498.0
28032	157499	453.0	321.0
28044	157499	454.0	321.3333333333333
28056	157499	454.0	322.0
28068	157499	455.0	322.0
28080	157499	457.0	321.0
28092	157499	457.5	321.0
28104	157499	459.8780487804878	321.2682926829268
28116	157499	461.9268292682927	321.5609756097561
28128	157499	463.9756097560976	321.8536585365854
28140	157499	466.0	322.0
28152	157499	467.0	324.0
28164	157499	468.0	324.0
28176	157499	469.0	324.0
28188	157499	472.0	325.0
28200	157499	474.0	325.0
28212	157499	476.6666666666667	325.0
28224	157499	480.0	325.0
28236	157499	483.0	326.0
28248	157499	488.0	327.0
28260	157499	492.0	328.0
28272	157499	497.0	328.0
28284	157499	502.0	329.0
28296	157499	509.0	330.0
28308	157499	516.0	331.0
28320	157499	523.0	332.0
28332	157499	534.0	334.0
28344	157499	543.0	335.0
28356	157499	556.0	337.0
28368	157499	570.0	340.0
28380	157499	589.0	344.0
28392	157499	614.0	347.0
28404	157499	646.0	353.0
28416	157499	698.0	361.0
28428	157499	768.0	374.0
28440	157499	913.0	395.0
28452	157499	1011.0	424.0
28248	157519	467.0	322.0
28260	157519	468.22222222222223	322.0
28272	157519	470.4736842105263	322.07894736842104
28284	157519	472.36842105263156	322.39473684210526
28296	157519	474.2631578947368	322.7105263157895
28308	157519	476.0	323.0
28320	157519	478.0	324.0
28332	157519	479.0	324.0
28344	157519	482.0	323.0
28356	157519	484.0	324.0
28368	157519	487.0	325.0
28380	157519	491.0	326.0
28392	157519	494.0	326.0
28404	157519	497.0	327.0
28416	157519	501.0	327.0
28428	157519	505.0	328.0
28440	157519	510.0	329.0
28452	157519	516.0	330.0
28464	157519	522.0	331.0
28476	157519	529.0	332.0
28488	157519	538.0	333.0
28500	157519	547.0	334.0
28512	157519	559.0	336.0
28524	157519	574.0	339.0
28536	157519	592.0	342.0
28548	157519	613.0	345.0
28560	157519	644.0	350.0
28572	157519	686.0	357.0
28584	157519	750.0	366.0
28596	157519	852.0	383.0
28608	157519	985.0	413.0
28284	157524	457.140625	321.015625
28296	157524	458.828125	321.203125
28308	157524	460.515625	321.390625
28320	157524	462.203125	321.578125
28332	157524	463.890625	321.765625
28344	157524	465.578125	321.953125
28356	157524	466.0	322.0
28368	157524	467.0	322.0
28380	157524	468.0	322.0
28392	157524	469.0	323.0
28404	157524	470.0	324.0
28416	157524	473.0	324.0
28428	157524	475.0	324.0
28440	157524	477.3809523809524	324.4761904761905
28452	157524	481.0	326.0
28464	157524	484.0	325.0
28476	157524	487.0	326.0
28488	157524	490.0	326.0
28500	157524	494.0	327.0
28512	157524	499.0	327.0
28524	157524	503.0	328.0
28536	157524	509.0	329.0
28548	157524	515.0	330.0
28560	157524	522.0	331.0
28572	157524	530.0	333.0
28584	157524	539.0	334.0
28596	157524	551.0	336.0
28608	157524	565.0	338.0
28620	157524	583.0	341.0
28632	157524	604.0	345.0
28644	157524	634.0	350.0
28656	157524	675.0	356.0
28668	157524	737.0	366.0
28680	157524	839.0	382.0
28692	157524	981.0	412.0
28284	157527	480.0	323.0
28296	157527	484.2352941176471	323.6470588235294
28308	157527	488.0	324.0
28320	157527	491.0	325.0
28332	157527	494.0	325.0
28344	157527	497.0	326.0
28356	157527	501.0	327.0
28368	157527	504.0	327.0
28380	157527	509.0	329.0
28392	157527	514.0	329.0
28404	157527	520.0	330.0
28416	157527	526.0	331.0
28428	157527	534.0	333.0
28440	157527	543.0	334.0
28452	157527	554.0	336.0
28464	157527	568.0	338.0
28476	157527	585.0	341.0
28488	157527	607.0	345.0
28500	157527	636.0	349.0
28512	157527	678.0	356.0
28524	157527	739.0	365.0
28536	157527	836.0	381.0
28548	157527	979.0	409.0
28452	157546	527.0	325.0
28464	157546	526.1272727272727	324.56363636363636
28476	157546	525.2545454545455	324.1272727272727
28488	157546	524.3818181818182	323.6909090909091
28500	157546	523.5090909090909	323.25454545454545
28512	157546	525.0	322.0
28524	157546	527.4285714285714	323.0
28536	157546	530.0	324.0
28548	157546	534.0	324.5
28560	157546	538.0	324.0
28572	157546	542.0	325.0
28584	157546	549.0	325.0
28596	157546	553.2093023255813	325.13953488372096
28608	157546	559.6279069767442	325.4186046511628
28620	157546	566.046511627907	325.69767441860466
28632	157546	572.4651162790698	325.9767441860465
28644	157546	580.0	327.0
28656	157546	591.0	329.0
28668	157546	603.0	330.0
28680	157546	615.0	331.0
28692	157546	629.0	331.0
28704	157546	647.0	333.0
28716	157546	664.8181818181819	333.45454545454544
28728	157546	681.1818181818181	334.54545454545456
28740	157546	709.0	338.0
28752	157546	753.0	342.0
28764	157546	801.0	346.0
28776	157546	861.0	351.0
28788	157546	947.0	357.0
28536	157568	479.0	324.0
28548	157568	480.62068965517244	324.2068965517241
28560	157568	483.1034482758621	325.0344827586207
28572	157568	485.58620689655174	325.86206896551727
28584	157568	489.0	326.0
28596	157568	492.0	326.0
28608	157568	496.0	327.0
28620	157568	500.0	327.0
28632	157568	504.0	328.0
28644	157568	508.0	329.0
28656	157568	514.0	331.0
28668	157568	521.0	331.0
28680	157568	528.0	332.0
28692	157568	538.0	334.0
28704	157568	549.0	336.0
28716	157568	562.0	337.0
28728	157568	579.0	340.0
28740	157568	599.0	344.0
28752	157568	624.0	347.0
28764	157568	660.0	353.0
28776	157568	713.0	361.0
28788	157568	792.0	373.0
28800	157568	931.0	396.0
28644	157604	476.0	326.0
28656	157604	478.0	326.0
28668	157604	483.0	325.0
28680	157604	487.0	328.0
28692	157604	491.0	327.0
28704	157604	495.0	328.0
28716	157604	501.0	329.0
28728	157604	506.0	330.0
28740	157604	511.0	331.0
28752	157604	519.0	331.0
28764	157604	526.0	332.0
28776	157604	535.0	334.0
28788	157604	547.0	336.0
28800	157604	559.0	337.0
28812	157604	576.0	341.0
28824	157604	595.0	343.0
28836	157604	620.0	347.0
28848	157604	653.0	353.0
28860	157604	700.0	360.0
28872	157604	770.0	372.0
28884	157604	887.0	390.0
28896	157604	997.0	423.0
28764	157647	464.0	323.0
28776	157647	466.0	324.0
28788	157647	468.0	325.0
28800	157647	472.0	325.0
28812	157647	472.0	326.0
28824	157647	475.0	326.0
28836	157647	478.0	327.0
28848	157647	481.0	328.0
28860	157647	486.0	329.0
28872	157647	490.0	330.0
28884	157647	494.0	330.0
28896	157647	501.0	332.0
28908	157647	509.0	333.0
28920	157647	517.0	334.0
28932	157647	527.0	336.0
28944	157647	540.0	338.0
28956	157647	556.0	341.0
28968	157647	575.0	344.0
28980	157647	600.0	348.0
28992	157647	634.0	354.0
29004	157647	681.0	362.0
29016	157647	754.0	374.0
29028	157647	874.0	394.0
29040	157647	999.0	426.0
28848	157665	464.0	325.0
28860	157665	466.0	325.0
28872	157665	468.0	325.0
28884	157665	471.0	325.0
28896	157665	474.0	327.0
28908	157665	476.0	327.0
28920	157665	480.0	328.0
28932	157665	483.0	329.0
28944	157665	486.0	330.0
28956	157665	490.0	330.0
28968	157665	495.0	331.0
28980	157665	501.0	333.0
28992	157665	507.0	334.0
29004	157665	515.0	337.0
29016	157665	525.0	339.0
29028	157665	537.0	343.0
29040	157665	553.0	346.0
29052	157665	574.0	351.0
29064	157665	602.0	358.0
29076	157665	648.0	369.0
29088	157665	724.0	388.0
29100	157665	877.0	423.0
29112	157665	1026.0	487.0
28920	157691	463.0	322.0
28932	157691	465.0	322.0
28944	157691	467.0	322.0
28956	157691	469.0	322.0
28968	157691	470.1333333333333	322.0
28980	157691	474.5	322.8333333333333
28992	157691	476.0	322.0
29004	157691	479.0	324.0
29016	157691	480.25	324.0
29028	157691	483.0	324.0
29040	157691	485.0	325.0
29052	157691	489.0	325.0
29064	157691	492.0	325.0
29076	157691	495.0	326.0
29088	157691	499.0	327.0
29100	157691	503.0	327.0
29112	157691	509.0	328.0
29124	157691	514.0	329.0
29136	157691	521.0	330.0
29148	157691	528.0	331.0
29160	157691	536.0	332.0
29172	157691	547.0	334.0
29184	157691	559.0	336.0
29196	157691	572.0	337.0
29208	157691	592.0	341.0
29220	157691	614.0	344.0
29232	157691	646.0	349.0
29244	157691	690.0	356.0
29256	157691	756.0	366.0
29268	157691	864.0	383.0
29280	157691	991.0	414.0
29088	157763	479.0	322.0
29100	157763	480.0	323.0
29112	157763	482.25	324.0
29124	157763	484.0	324.0
29136	157763	486.10526315789474	324.0
29148	157763	488.0	325.0
29160	157763	490.0	325.0
29172	157763	492.0	326.0
29184	157763	494.0	326.0
29196	157763	497.0	327.0
29208	157763	501.0	328.0
29220	157763	504.0	328.0
29232	157763	509.0	329.0
29244	157763	514.0	329.0
29256	157763	519.0	330.0
29268	157763	526.0	331.0
29280	157763	532.0	332.0
29292	157763	541.0	333.0
29304	157763	550.0	334.0
29316	157763	562.0	337.0
29328	157763	575.0	339.0
29340	157763	592.0	342.0
29352	157763	614.0	345.0
29364	157763	642.0	350.0
29376	157763	679.0	356.0
29388	157763	733.0	364.0
29400	157763	817.0	378.0
29412	157763	957.0	400.0
29160	157793	469.0	324.0
29172	157793	469.0	325.0
29184	157793	472.0	325.0
29196	157793	472.625	325.0
29208	157793	474.0	327.0
29220	157793	477.0	327.0
29232	157793	480.0	327.0
29244	157793	482.0	328.0
29256	157793	484.0	329.0
29268	157793	487.0	330.0
29280	157793	490.0	332.0
29292	157793	494.0	332.0
29304	157793	501.0	334.0
29316	157793	507.0	336.0
29328	157793	516.0	338.0
29340	157793	527.0	341.0
29352	157793	539.0	344.0
29364	157793	557.0	349.0
29376	157793	582.0	355.0
29388	157793	619.0	364.0
29400	157793	677.0	379.0
29412	157793	783.0	407.0
29424	157793	986.0	472.0
29364	157913	501.0	325.0
29376	157913	504.0	324.0
29388	157913	508.0	325.0
29400	157913	512.0	325.0
29412	157913	515.0	325.0
29424	157913	519.0	325.0
29436	157913	526.0	326.0
29448	157913	532.0	327.0
29460	157913	538.0	327.0
29472	157913	545.0	329.0
29484	157913	554.0	330.0
29496	157913	564.0	331.0
29508	157913	578.0	331.0
29520	157913	590.0	333.0
29532	157913	608.0	335.0
29544	157913	628.0	337.0
29556	157913	655.0	341.0
29568	157913	689.0	345.0
29580	157913	736.0	349.0
29592	157913	803.0	357.0
29604	157913	909.0	369.0
29388	157926	488.0	322.0
29400	157926	490.0	322.0
29412	157926	492.0	322.0
29424	157926	495.0	323.0
29436	157926	499.0	324.0
29448	157926	501.0	324.0
29460	157926	503.0	324.0
29472	157926	506.0	323.0
29484	157926	511.0	325.0
29496	157926	515.0	326.0
29508	157926	518.0	325.0
29520	157926	524.0	326.0
29532	157926	530.0	327.0
29544	157926	535.0	328.0
29556	157926	542.0	328.0
29568	157926	550.0	329.0
29580	157926	559.0	331.0
29592	157926	570.0	332.0
29604	157926	582.0	332.0
29616	157926	596.0	334.0
29628	157926	615.0	337.0
29640	157926	636.0	339.0
29652	157926	666.0	343.0
29664	157926	701.0	346.0
29676	157926	752.0	353.0
29688	157926	824.0	360.0
29700	157926	938.0	373.0
29412	157939	477.0	324.0
29424	157939	480.0	323.0
29436	157939	482.4848484848485	323.2121212121212
29448	157939	485.030303030303	323.57575757575756
29460	157939	487.57575757575756	323.93939393939394
29472	157939	490.0	325.0
29484	157939	492.0	325.0
29496	157939	495.0	326.0
29508	157939	499.0	327.0
29520	157939	502.0	327.0
29532	157939	506.0	328.0
29544	157939	510.0	329.0
29556	157939	515.0	330.0
29568	157939	521.0	331.0
29580	157939	527.0	331.0
29592	157939	535.0	333.0
29604	157939	543.0	334.0
29616	157939	554.0	336.0
29628	157939	567.0	338.0
29640	157939	583.0	342.0
29652	157939	602.0	345.0
29664	157939	628.0	349.0
29676	157939	663.0	356.0
29688	157939	714.0	364.0
29700	157939	792.0	377.0
29712	157939	927.0	400.0
29436	157950	471.22222222222223	322.037037037037
29448	157950	473.8888888888889	322.48148148148147
29460	157950	476.55555555555554	322.9259259259259
29472	157950	478.0	324.0
29484	157950	480.0	323.0
29496	157950	481.0	324.0
29508	157950	484.0	324.0
29520	157950	487.0	325.0
29532	157950	489.0	324.0
29544	157950	494.0	326.0
29556	157950	498.0	327.0
29568	157950	503.0	327.0
29580	157950	505.0	328.0
29592	157950	510.0	328.0
29604	157950	515.0	330.0
29616	157950	520.0	331.0
29628	157950	526.0	332.0
29640	157950	533.0	333.0
29652	157950	542.0	335.0
29664	157950	552.0	336.0
29676	157950	565.0	339.0
29688	157950	582.0	342.0
29700	157950	603.0	345.0
29712	157950	630.0	350.0
29724	157950	668.0	356.0
29736	157950	725.0	365.0
29748	157950	813.0	380.0
29760	157950	962.0	406.0
29592	158009	493.0	322.0
29604	158009	497.54545454545456	322.0
29616	158009	500.0	323.0
29628	158009	503.0	324.0
29640	158009	507.0	323.0
29652	158009	510.0	324.0
29664	158009	514.0	325.0
29676	158009	518.0	326.0
29688	158009	522.0	326.0
29700	158009	528.0	327.0
29712	158009	533.0	327.0
29724	158009	540.0	328.0
29736	158009	547.0	329.0
29748	158009	556.0	330.0
29760	158009	565.0	331.0
29772	158009	576.0	331.0
29784	158009	590.0	333.0
29796	158009	606.0	334.0
29808	158009	626.0	337.0
29820	158009	650.0	339.0
29832	158009	680.0	343.0
29844	158009	721.0	347.0
29856	158009	776.0	353.0
29868	158009	857.0	362.0
29880	158009	968.0	374.0
29664	158038	482.0	320.0
29676	158038	483.0	321.0
29688	158038	483.0	321.0
29700	158038	484.0	320.0
29712	158038	486.4	320.6
29724	158038	488.0	321.0
29736	158038	490.2	321.0
29748	158038	491.0	321.0
29760	158038	493.0	320.0
29772	158038	494.0	320.0
29784	158038	496.0	321.0
29796	158038	498.8666666666667	321.0
29808	158038	500.3333333333333	322.0
29820	158038	503.0	321.0
29832	158038	507.0	322.0
29844	158038	507.0	322.0
29856	158038	508.14285714285717	322.0
29868	158038	511.6666666666667	322.0
29880	158038	516.2	322.8
29892	158038	519.0	324.0
29904	158038	524.0	324.0
29916	158038	528.0	324.0
29928	158038	530.0	325.0
29940	158038	538.0	325.0
29952	158038	547.0	326.0
29964	158038	549.0	326.0
29976	158038	556.0	327.0
29988	158038	561.0	327.0
30000	158038	570.0	328.0
30012	158038	579.0	330.0
30024	158038	593.0	330.0
30036	158038	604.0	331.0
30048	158038	622.0	333.0
30060	158038	641.0	334.0
30072	158038	666.0	337.0
30084	158038	695.0	340.0
30096	158038	734.0	344.0
30108	158038	788.0	349.0
30120	158038	858.0	356.0
30132	158038	960.0	365.0
29832	158086	527.0	323.0
29844	158086	532.0	324.0
29856	158086	537.0	324.0
29868	158086	542.4	324.0
29880	158086	549.0	325.0
29892	158086	554.0	325.0
29904	158086	561.0	325.0
29916	158086	569.0	326.0
29928	158086	577.0	327.0
29940	158086	588.0	328.0
29952	158086	598.0	329.0
29964	158086	612.0	330.0
29976	158086	627.0	331.0
29988	158086	646.0	333.0
30000	158086	667.0	334.0
30012	158086	693.0	337.0
30024	158086	727.0	340.0
30036	158086	768.0	343.0
30048	158086	824.0	348.0
30060	158086	900.0	354.0
30072	158086	978.0	361.0
29892	158108	487.0	323.0
29904	158108	489.0	322.0
29916	158108	490.0	322.0
29928	158108	491.0	322.0
29940	158108	493.0	323.0
29952	158108	497.0	324.0
29964	158108	500.0	325.0
29976	158108	503.0	324.0
29988	158108	506.0	324.0
30000	158108	510.0	325.0
30012	158108	514.0	326.0
30024	158108	519.0	325.0
30036	158108	525.0	327.0
30048	158108	529.0	327.0
30060	158108	535.0	328.0
30072	158108	542.0	328.0
30084	158108	551.0	330.0
30096	158108	561.0	331.0
30108	158108	572.0	332.0
30120	158108	585.0	334.0
30132	158108	601.0	336.0
30144	158108	621.0	338.0
30156	158108	645.0	341.0
30168	158108	677.0	344.0
30180	158108	721.0	349.0
30192	158108	781.0	356.0
30204	158108	871.0	366.0
30216	158108	980.0	381.0
30036	158128	457.0	322.0
30048	158128	459.0	322.0
30060	158128	460.0	323.0
30072	158128	463.0	324.0
30084	158128	465.0	324.0
30096	158128	467.0	324.0
30108	158128	470.0	324.0
30120	158128	473.0	325.0
30132	158128	476.0	325.0
30144	158128	480.0	326.0
30156	158128	484.0	327.0
30168	158128	489.0	327.0
30180	158128	494.0	328.0
30192	158128	499.0	329.0
30204	158128	506.0	330.0
30216	158128	512.0	331.0
30228	158128	521.0	332.0
30240	158128	531.0	334.0
30252	158128	543.0	336.0
30264	158128	556.0	337.0
30276	158128	574.0	341.0
30288	158128	597.0	345.0
30300	158128	629.0	349.0
30312	158128	673.0	357.0
30324	158128	743.0	369.0
30336	158128	865.0	390.0
30348	158128	1004.0	429.0
30156	158158	528.0	324.0
30168	158158	532.0	324.0
30180	158158	536.0	324.0
30192	158158	541.0	324.0
30204	158158	547.0	325.0
30216	158158	552.0	325.0
30228	158158	559.0	326.0
30240	158158	566.0	326.0
30252	158158	574.0	327.0
30264	158158	582.0	327.0
30276	158158	592.0	329.0
30288	158158	605.0	330.0
30300	158158	619.1764705882352	330.88235294117646
30312	158158	632.5882352941177	331.94117647058823
30324	158158	646.0	333.0
30336	158158	674.0	336.0
30348	158158	704.0	339.0
30360	158158	740.0	342.0
30372	158158	786.0	346.0
30384	158158	848.7272727272727	349.27272727272725
30396	158158	913.0909090909091	350.90909090909093
30252	158173	510.0	323.0
30264	158173	514.0	325.0
30276	158173	519.0	325.0
30288	158173	524.0	325.0
30300	158173	528.0	327.0
30312	158173	532.0	327.0
30324	158173	539.0	328.0
30336	158173	545.0	328.0
30348	158173	554.0	330.0
30360	158173	562.0	330.0
30372	158173	573.0	331.0
30384	158173	584.0	332.0
30396	158173	599.0	334.0
30408	158173	616.0	336.0
30420	158173	636.0	339.0
30432	158173	661.0	341.0
30444	158173	693.0	345.0
30456	158173	736.0	350.0
30468	158173	795.0	356.0
30480	158173	880.0	366.0
30492	158173	978.0	380.0
30264	158177	502.0	321.0
30276	158177	503.27272727272725	321.6363636363636
30288	158177	506.25	321.0
30300	158177	511.0	322.0
30312	158177	516.25	322.75
30324	158177	520.5	322.5
30336	158177	523.0	323.0
30348	158177	526.0	323.0
30360	158177	531.9230769230769	323.84615384615387
30372	158177	541.0	325.0
30384	158177	546.0	325.0
30396	158177	553.0	326.0
30408	158177	560.0	327.0
30420	158177	569.0	327.0
30432	158177	578.0	329.0
30444	158177	590.0	330.0
30456	158177	603.0	331.0
30468	158177	620.0	332.0
30480	158177	639.0	334.0
30492	158177	664.0	337.0
30504	158177	694.0	339.0
30516	158177	736.0	343.0
30528	158177	788.0	348.0
30540	158177	866.0	355.0
30552	158177	964.0	365.0
30564	158177	990.0	368.0
30576	158177	991.0	366.0
30324	158183	503.0	323.0
30336	158183	506.0	323.0
30348	158183	511.09090909090907	323.8181818181818
30360	158183	515.0	325.0
30372	158183	517.0	325.0
30384	158183	522.0	325.0
30396	158183	527.0	326.0
30408	158183	533.0	327.0
30420	158183	540.0	328.0
30432	158183	545.0	328.0
30444	158183	555.0	330.0
30456	158183	565.0	331.0
30468	158183	574.0	332.0
30480	158183	586.0	334.0
30492	158183	601.0	335.0
30504	158183	619.0	337.0
30516	158183	641.0	340.0
30528	158183	669.0	343.0
30540	158183	705.0	348.0
30552	158183	755.0	353.0
30564	158183	826.0	361.0
30576	158183	939.0	374.0
30588	158183	996.0	387.0
30348	158187	494.0	321.25
30360	158187	495.3636363636364	321.22727272727275
30372	158187	498.6363636363636	321.77272727272725
30384	158187	501.0	324.0
30396	158187	503.0	324.0
30408	158187	507.0	324.0
30420	158187	510.0	325.0
30432	158187	514.0	325.0
30444	158187	518.0	326.0
30456	158187	523.0	326.0
30468	158187	528.0	327.0
30480	158187	533.0	328.0
30492	158187	539.0	329.0
30504	158187	546.0	331.0
30516	158187	555.0	331.0
30528	158187	565.0	333.0
30540	158187	576.0	334.0
30552	158187	590.0	337.0
30564	158187	608.0	340.0
30576	158187	631.0	343.0
30588	158187	662.0	348.0
30600	158187	708.0	355.0
30612	158187	775.0	364.0
30624	158187	887.0	381.0
30636	158187	1000.0	412.0
30384	158200	489.0	322.0
30396	158200	490.0	322.0
30408	158200	493.0	323.0
30420	158200	495.0	324.0
30432	158200	497.0	324.0
30444	158200	499.0	324.0
30456	158200	503.0	324.0
30468	158200	505.0	325.0
30480	158200	507.0	325.0
30492	158200	510.0	327.0
30504	158200	515.0	327.0
30516	158200	518.0	328.0
30528	158200	524.0	329.0
30540	158200	530.0	330.0
30552	158200	537.0	331.0
30564	158200	545.0	332.0
30576	158200	555.0	334.0
30588	158200	567.0	336.0
30600	158200	583.0	340.0
30612	158200	605.0	343.0
30624	158200	633.0	348.0
30636	158200	675.0	355.0
30648	158200	738.0	364.0
30660	158200	844.0	382.0
30672	158200	988.0	416.0
30396	158204	459.0	321.0
30408	158204	459.0	321.0
30420	158204	459.0	321.0
30432	158204	459.0	322.0
30444	158204	459.0	322.0
30456	158204	457.67857142857144	322.0
30468	158204	457.25	322.0
30480	158204	457.0	322.0
30492	158204	458.0	322.0
30504	158204	458.0	322.0
30516	158204	459.0	323.0
30528	158204	460.0	324.0
30540	158204	460.0	324.0
30552	158204	460.0	324.0
30564	158204	461.0	323.0
30576	158204	463.0	324.0
30588	158204	464.0	325.0
30600	158204	466.0	326.0
30612	158204	468.0	326.0
30624	158204	471.0	327.0
30636	158204	472.0	328.0
30648	158204	475.0	328.0
30660	158204	478.0	329.0
30672	158204	481.0	330.0
30684	158204	485.0	330.0
30696	158204	489.0	331.0
30708	158204	495.0	333.0
30720	158204	500.0	334.0
30732	158204	508.0	336.0
30744	158204	516.0	338.0
30756	158204	529.0	341.0
30768	158204	541.0	345.0
30780	158204	558.0	349.0
30792	158204	581.0	355.0
30804	158204	614.0	363.0
30816	158204	667.0	377.0
30828	158204	757.0	400.0
30840	158204	952.0	450.0
30456	158207	475.0	322.0
30468	158207	477.0	322.0
30480	158207	478.0	322.0
30492	158207	479.0	324.0
30504	158207	481.0	324.0
30516	158207	483.0	324.0
30528	158207	485.0	324.0
30540	158207	487.0	324.0
30552	158207	489.0	325.0
30564	158207	491.0	325.0
30576	158207	493.0	326.0
30588	158207	496.0	326.0
30600	158207	499.0	327.0
30612	158207	502.0	327.0
30624	158207	505.0	328.0
30636	158207	509.0	329.0
30648	158207	514.0	329.0
30660	158207	520.0	330.0
30672	158207	527.0	331.0
30684	158207	533.0	332.0
30696	158207	540.0	333.0
30708	158207	548.0	334.0
30720	158207	559.0	337.0
30732	158207	573.0	339.0
30744	158207	587.0	341.0
30756	158207	606.0	344.0
30768	158207	629.0	348.0
30780	158207	661.0	353.0
30792	158207	703.0	360.0
30804	158207	766.0	370.0
30816	158207	860.0	385.0
30828	158207	981.0	411.0
30780	158309	499.0	324.0
30792	158309	502.0	324.0
30804	158309	505.0	324.0
30816	158309	508.0	324.0
30828	158309	511.0	325.0
30840	158309	515.0	326.0
30852	158309	519.0	326.0
30864	158309	523.0	327.0
30876	158309	529.0	327.0
30888	158309	534.0	328.0
30900	158309	541.0	329.0
30912	158309	549.0	329.0
30924	158309	557.0	331.0
30936	158309	567.0	331.0
30948	158309	579.0	332.0
30960	158309	592.0	334.0
30972	158309	609.0	336.0
30984	158309	628.0	338.0
30996	158309	653.0	340.0
31008	158309	685.0	344.0
31020	158309	726.0	349.0
31032	158309	781.0	355.0
31044	158309	860.0	362.0
31056	158309	969.0	376.0
30780	158311	478.4166666666667	323.0
30792	158311	479.0	323.0
30804	158311	481.0	323.0
30816	158311	482.0	324.0
30828	158311	484.0	325.0
30840	158311	485.0	324.0
30852	158311	487.0	325.0
30864	158311	488.0	326.0
30876	158311	491.0	326.0
30888	158311	494.0	326.0
30900	158311	499.0	327.0
30912	158311	502.0	327.0
30924	158311	506.0	328.0
30936	158311	512.0	328.0
30948	158311	516.0	329.0
30960	158311	523.0	331.0
30972	158311	530.0	332.0
30984	158311	540.0	334.0
30996	158311	551.0	335.0
31008	158311	564.0	337.0
31020	158311	581.0	341.0
31032	158311	602.0	345.0
31044	158311	632.0	349.0
31056	158311	673.0	357.0
31068	158311	736.0	366.0
31080	158311	841.0	384.0
31092	158311	987.0	417.0
30792	158315	528.0	323.0
30804	158315	534.1428571428571	324.0
30816	158315	540.0	324.0
30828	158315	545.0	324.0
30840	158315	551.0	325.0
30852	158315	557.0	325.0
30864	158315	564.0	326.0
30876	158315	572.0	327.0
30888	158315	580.0	328.0
30900	158315	590.0	329.0
30912	158315	601.0	329.0
30924	158315	613.0	330.0
30936	158315	628.0	331.0
30948	158315	644.0	333.0
30960	158315	665.0	334.0
30972	158315	689.0	337.0
30984	158315	719.0	339.0
30996	158315	755.0	342.0
31008	158315	803.0	346.0
31020	158315	867.0	351.0
31032	158315	956.0	358.0
30840	158323	501.0	322.0
30852	158323	503.0	322.0
30864	158323	506.0	323.0
30876	158323	508.0	323.0
30888	158323	511.0	322.0
30900	158323	514.0	323.0
30912	158323	517.0	324.0
30924	158323	520.0	324.0
30936	158323	525.0	323.0
30948	158323	528.0	323.0
30960	158323	533.0	325.0
30972	158323	538.0	325.0
30984	158323	544.0243902439024	325.0975609756098
30996	158323	550.170731707317	325.6829268292683
31008	158323	556.3170731707318	326.2682926829268
31020	158323	562.4634146341464	326.8536585365854
31032	158323	570.0	328.0
31044	158323	581.0	329.0
31056	158323	594.0	330.0
31068	158323	608.0	331.0
31080	158323	624.0	333.0
31092	158323	642.0	334.0
31104	158323	665.0	337.0
31116	158323	693.0	339.0
31128	158323	728.0	343.0
31140	158323	775.0	347.0
31152	158323	839.0	353.0
31164	158323	933.0	362.0
31032	158379	501.25	324.0
31044	158379	503.0	324.0
31056	158379	506.0	324.0
31068	158379	510.0	324.0
31080	158379	516.0	325.0
31092	158379	520.0	325.0
31104	158379	525.0	325.0
31116	158379	530.0	327.0
31128	158379	537.0	327.0
31140	158379	546.0	328.0
31152	158379	555.0	330.0
31164	158379	565.0	331.0
31176	158379	577.0	331.0
31188	158379	592.0	334.0
31200	158379	609.0	336.0
31212	158379	631.0	339.0
31224	158379	659.0	342.0
31236	158379	697.0	346.0
31248	158379	749.0	352.0
31260	158379	824.0	361.0
31272	158379	949.0	375.0
31044	158380	458.0	322.0
31056	158380	458.0	322.0
31068	158380	461.0	322.0
31080	158380	461.0	323.0
31092	158380	462.0	324.0
31104	158380	463.0	324.0
31116	158380	466.0	323.0
31128	158380	467.0	324.0
31140	158380	469.0	324.0
31152	158380	470.0	325.0
31164	158380	471.0	325.0
31176	158380	473.0	326.0
31188	158380	476.0	326.0
31200	158380	479.0	327.0
31212	158380	482.0	328.0
31224	158380	485.0	328.0
31236	158380	488.0	329.0
31248	158380	493.0	330.0
31260	158380	498.0	331.0
31272	158380	504.0	333.0
31284	158380	510.0	334.0
31296	158380	518.0	336.0
31308	158380	527.0	338.0
31320	158380	538.0	340.0
31332	158380	553.0	343.0
31344	158380	570.0	347.0
31356	158380	596.0	353.0
31368	158380	630.0	359.0
31380	158380	682.0	370.0
31392	158380	767.0	385.0
31404	158380	932.0	415.0
31416	158380	1051.0	497.0
31428	158380	1041.0	487.0
31104	158398	499.0	323.0
31116	158398	502.0	324.0
31128	158398	505.0	324.0
31140	158398	508.0	324.0
31152	158398	511.0	325.0
31164	158398	516.0	325.0
31176	158398	521.0	326.0
31188	158398	526.0	326.0
31200	158398	532.0	327.0
31212	158398	537.0	327.0
31224	158398	545.0	328.0
31236	158398	554.0	329.0
31248	158398	563.0	330.0
31260	158398	574.0	331.0
31272	158398	587.0	333.0
31284	158398	603.0	334.0
31296	158398	622.0	337.0
31308	158398	645.0	339.0
31320	158398	675.0	343.0
31332	158398	714.0	347.0
31344	158398	768.0	353.0
31356	158398	845.0	361.0
31368	158398	963.0	375.0
31260	158430	464.0	323.0
31272	158430	465.0	323.0
31284	158430	467.0	324.0
31296	158430	467.0	325.0
31308	158430	468.0	325.0
31320	158430	470.0	326.0
31332	158430	472.0	327.0
31344	158430	474.0	327.0
31356	158430	476.0	328.0
31368	158430	479.0	328.0
31380	158430	481.0	329.0
31392	158430	484.0	330.0
31404	158430	488.0	331.0
31416	158430	492.0	332.0
31428	158430	497.0	334.0
31440	158430	503.0	335.0
31452	158430	510.0	338.0
31464	158430	520.0	340.0
31476	158430	530.0	343.0
31488	158430	543.0	346.0
31500	158430	561.0	352.0
31512	158430	585.0	359.0
31524	158430	622.0	368.0
31536	158430	682.0	385.0
31548	158430	794.0	416.0
31560	158430	995.0	491.0
31464	158498	470.96	322.16
31476	158498	473.84	322.64
31488	158498	476.0	323.0
31500	158498	478.0	324.0
31512	158498	478.0	324.0
31524	158498	480.0	323.0
31536	158498	481.4	324.0
31548	158498	484.0	325.0
31560	158498	487.0	326.0
31572	158498	490.0	326.0
31584	158498	491.0	326.0
31596	158498	494.0	327.0
31608	158498	496.0	327.0
31620	158498	502.0	327.0
31632	158498	505.0	328.0
31644	158498	509.0	328.0
31656	158498	514.0	329.0
31668	158498	519.0	330.0
31680	158498	526.0	331.0
31692	158498	533.0	332.0
31704	158498	541.0	334.0
31716	158498	552.0	335.0
31728	158498	563.0	337.0
31740	158498	578.0	339.0
31752	158498	594.0	342.0
31764	158498	617.0	345.0
31776	158498	646.0	350.0
31788	158498	684.0	356.0
31800	158498	741.0	364.0
31812	158498	826.0	377.0
31824	158498	961.0	398.0
31572	158531	514.0	323.0
31584	158531	516.0	324.0
31596	158531	521.0	325.0
31608	158531	524.6666666666666	324.0
31620	158531	528.0	324.0
31632	158531	532.0	325.0
31644	158531	539.0	326.0
31656	158531	544.0	326.0
31668	158531	552.0	327.0
31680	158531	559.0	328.0
31692	158531	568.0	328.0
31704	158531	578.0	329.0
31716	158531	590.0	330.0
31728	158531	604.0	331.0
31740	158531	620.0	333.0
31752	158531	640.0	334.0
31764	158531	668.0	337.0
31776	158531	698.0	341.0
31788	158531	739.0	344.0
31800	158531	796.0	349.0
31812	158531	875.0	357.0
31824	158531	961.0	350.0
31632	158547	491.0	325.0
31644	158547	497.0	326.0
31656	158547	500.0	327.0
31668	158547	503.0	327.0
31680	158547	509.0	328.0
31692	158547	514.0	329.0
31704	158547	523.0	330.0
31716	158547	528.0	331.0
31728	158547	533.0	331.0
31740	158547	541.0	332.0
31752	158547	552.0	334.0
31764	158547	562.0	336.0
31776	158547	575.0	338.0
31788	158547	589.0	340.0
31800	158547	609.0	344.0
31812	158547	633.0	347.0
31824	158547	663.0	352.0
31836	158547	704.0	359.0
31848	158547	762.0	368.0
31860	158547	855.0	384.0
31872	158547	978.0	407.0
31656	158557	476.0	321.0
31668	158557	477.0	321.0
31680	158557	479.0	321.0
31692	158557	479.0	322.0
31704	158557	481.0	321.0
31716	158557	482.0	321.0
31728	158557	483.0	322.0
31740	158557	485.0	324.0
31752	158557	487.0	323.0
31764	158557	489.0	324.0
31776	158557	490.0	323.0
31788	158557	492.0	323.0
31800	158557	493.2307692307692	321.3076923076923
31812	158557	493.6923076923077	319.9230769230769
31824	158557	496.0	320.0
31836	158557	501.0	322.0
31848	158557	504.0	322.0
31860	158557	506.0	323.0
31872	158557	508.0	324.0
31884	158557	512.0	324.0
31896	158557	516.0	324.0
31908	158557	521.0	325.0
31920	158557	525.0	325.0
31932	158557	529.0	326.0
31944	158557	536.0	327.0
31956	158557	541.0	327.0
31968	158557	547.0	328.0
31980	158557	553.0	328.0
31992	158557	562.0	329.0
32004	158557	572.0	331.0
32016	158557	582.0	332.0
32028	158557	595.0	333.0
32040	158557	609.0	334.0
32052	158557	626.0	337.0
32064	158557	646.0	339.0
32076	158557	671.0	342.0
32088	158557	705.0	346.0
32100	158557	747.0	351.0
32112	158557	806.0	358.0
32124	158557	892.0	366.0
32136	158557	976.0	381.0
32148	158557	985.0	381.0
32160	158557	983.0	374.0
32172	158557	994.0	383.0
31860	158650	452.0	321.0
31872	158650	453.0	320.0
31884	158650	453.0	320.0
31896	158650	454.0	321.0
31908	158650	455.2307692307692	321.2307692307692
31920	158650	455.6923076923077	321.6923076923077
31932	158650	456.0	322.0
31944	158650	458.0	321.0
31956	158650	459.0	322.0
31968	158650	460.7142857142857	322.0
31980	158650	463.0	322.0
31992	158650	463.0	322.0
32004	158650	466.0	322.0
32016	158650	467.0	323.0
32028	158650	469.0	324.0
32040	158650	472.0	324.0
32052	158650	474.0	324.0
32064	158650	478.0	325.0
32076	158650	481.0	326.0
32088	158650	483.0	326.0
32100	158650	487.0	326.0
32112	158650	492.0	327.0
32124	158650	496.0	327.0
32136	158650	500.0	328.0
32148	158650	507.0	329.0
32160	158650	512.0	329.0
32172	158650	518.0	330.0
32184	158650	526.0	332.0
32196	158650	534.0	333.0
32208	158650	544.0	334.0
32220	158650	555.0	336.0
32232	158650	570.0	339.0
32244	158650	587.0	342.0
32256	158650	609.0	345.0
32268	158650	639.0	350.0
32280	158650	680.0	357.0
32292	158650	742.0	366.0
32304	158650	839.0	382.0
32316	158650	980.0	411.0
31908	158664	491.5	322.0
31920	158664	493.68	322.24
31932	158664	497.04	322.72
31944	158664	500.0	324.0
31956	158664	502.0	323.0
31968	158664	506.0	323.0
31980	158664	507.0	324.0
31992	158664	512.0	325.0
32004	158664	516.0	325.0
32016	158664	520.0	325.0
32028	158664	524.0	325.0
32040	158664	529.0	327.0
32052	158664	534.0	328.0
32064	158664	541.0	328.0
32076	158664	547.0	329.0
32088	158664	554.0	330.0
32100	158664	563.0	331.0
32112	158664	573.0	331.0
32124	158664	585.0	333.0
32136	158664	599.0	334.0
32148	158664	616.0	337.0
31908	158666	478.0	323.0
31920	158666	480.0	324.0
31932	158666	482.0	324.0
31944	158666	484.0	323.0
31956	158666	486.0	324.0
31968	158666	488.5	324.0
31980	158666	492.0	325.0
31992	158666	495.0	325.0
32004	158666	499.0	325.0
32016	158666	502.0	326.0
32028	158666	505.0	327.0
32040	158666	509.0	328.0
32052	158666	514.0	329.0
32064	158666	521.0	330.0
32076	158666	528.0	331.0
32088	158666	534.0	331.0
32100	158666	543.0	334.0
32112	158666	554.0	336.0
32124	158666	566.0	337.0
32136	158666	583.0	340.0
32148	158666	603.0	344.0
32160	158666	631.0	348.0
32172	158666	668.0	355.0
32184	158666	721.0	363.0
32196	158666	809.0	378.0
32208	158666	957.0	402.0
32196	158725	512.0	322.0
32208	158725	515.0	322.0
32220	158725	519.0	324.0
32232	158725	524.0	324.0
32244	158725	527.0	324.0
32256	158725	532.0	324.0
32268	158725	537.0	325.0
32280	158725	542.0	325.0
32292	158725	548.0	326.0
32304	158725	555.0	327.0
32316	158725	563.0	327.0
32328	158725	571.0	328.0
32340	158725	581.0	329.0
32352	158725	593.0	330.0
32364	158725	606.0	331.0
32376	158725	621.0	333.0
32388	158725	640.0	334.0
32400	158725	661.0	336.0
32412	158725	689.0	339.0
32424	158725	723.0	343.0
32436	158725	765.0	346.0
32448	158725	826.0	352.0
32460	158725	911.0	359.0
32472	158725	980.0	366.0
32244	158742	489.0	322.0
32256	158742	490.0	322.0
32268	158742	491.64285714285717	322.0
32280	158742	495.0	322.0
32292	158742	499.0	324.0
32304	158742	502.0	324.0
32316	158742	504.0	324.0
32328	158742	508.0	325.0
32340	158742	512.0	325.0
32352	158742	517.0	326.0
32364	158742	520.0	325.0
32376	158742	527.0	326.0
32388	158742	532.0	327.0
32400	158742	538.0	328.0
32412	158742	546.0	329.0
32424	158742	553.0	330.0
32436	158742	562.0	330.0
32448	158742	573.0	332.0
32460	158742	585.0	333.0
32472	158742	600.0	334.0
32484	158742	618.0	337.0
32496	158742	640.0	339.0
32508	158742	668.0	342.0
32520	158742	704.0	346.0
32532	158742	753.0	352.0
32544	158742	822.0	359.0
32556	158742	930.0	371.0
32328	158764	467.0	325.0
32340	158764	467.0	325.0
32352	158764	469.0	325.0
32364	158764	472.0	327.0
32376	158764	473.0	327.0
32388	158764	475.0	328.0
32400	158764	479.0	328.0
32412	158764	482.0	329.0
32424	158764	486.0	330.0
32436	158764	491.0	332.0
32448	158764	495.0	333.0
32460	158764	502.0	335.0
32472	158764	510.0	337.0
32484	158764	520.0	339.0
32496	158764	531.0	342.0
32508	158764	547.0	346.0
32520	158764	568.0	351.0
32532	158764	598.0	358.0
32544	158764	642.0	369.0
32556	158764	720.0	389.0
32568	158764	877.0	426.0
32580	158764	1033.0	503.0
32628	158830	467.0	320.5
32640	158830	466.85714285714283	321.0
32652	158830	468.0	321.0
32664	158830	470.0	322.0
32676	158830	470.73333333333335	322.0
32688	158830	471.64516129032256	322.0
32700	158830	473.5806451612903	322.0
32712	158830	475.51612903225805	322.0
32724	158830	476.0	321.0
32736	158830	477.0	322.0
32748	158830	479.0	323.0
32760	158830	480.0	323.0
32772	158830	482.0	323.0
32784	158830	483.0	323.0
32796	158830	485.0	322.0
32808	158830	487.0	323.0
32820	158830	490.0	324.0
32832	158830	492.0	325.0
32844	158830	495.0	325.0
32856	158830	497.0	325.0
32868	158830	501.0	327.0
32880	158830	505.0	327.0
32892	158830	508.0	327.0
32904	158830	512.0	328.0
32916	158830	517.0	329.0
32928	158830	522.0	328.0
32688	158852	490.0	322.0
32700	158852	491.0	322.0
32712	158852	493.0	322.0
32724	158852	496.0	322.0
32736	158852	497.0	323.0
32748	158852	501.0	323.0
32760	158852	503.0	324.0
32772	158852	506.0	324.0
32784	158852	509.0	324.0
32796	158852	511.0	324.0
32808	158852	517.0	324.0
32820	158852	518.0	325.0
32832	158852	523.0	325.0
32844	158852	528.0	326.0
32856	158852	533.0	327.0
32868	158852	539.0	328.0
32880	158852	547.0	328.0
32892	158852	554.0	329.0
32904	158852	565.0	330.0
32916	158852	575.0	331.0
32928	158852	587.0	332.0
32940	158852	602.0	335.0
32952	158852	619.0	337.0
32964	158852	640.0	339.0
32976	158852	668.0	342.0
32988	158852	705.0	347.0
33000	158852	756.0	353.0
33012	158852	831.0	360.0
32724	158864	524.0	323.0
32736	158864	526.0	323.0
32748	158864	527.6470588235294	324.0
32760	158864	527.0	324.0
32772	158864	530.0	324.0
32784	158864	534.0	324.0
32796	158864	541.0	326.0
32808	158864	546.0	325.0
32820	158864	553.0	327.0
32832	158864	561.0	327.0
32844	158864	569.0	328.0
32856	158864	578.0	328.0
32868	158864	590.0	330.0
32880	158864	602.0	331.0
32892	158864	617.0	333.0
32904	158864	634.0	334.0
32916	158864	656.0	337.0
32928	158864	682.0	339.0
32940	158864	716.0	343.0
32952	158864	760.0	348.0
32964	158864	825.0	354.0
32976	158864	922.0	363.0
32748	158870	465.0	325.0
32760	158870	467.0	326.0
32772	158870	467.0	326.0
32784	158870	468.0	326.0
32796	158870	470.0	327.0
32808	158870	472.0	328.0
32820	158870	474.0	329.0
32832	158870	477.0	329.0
32844	158870	480.0	329.0
32856	158870	483.0	331.0
32868	158870	488.0	331.0
32880	158870	491.0	333.0
32892	158870	495.0	334.0
32904	158870	501.0	337.0
32916	158870	507.0	339.0
32928	158870	516.0	341.0
32940	158870	526.0	344.0
32952	158870	540.0	347.0
32964	158870	557.0	353.0
32976	158870	582.0	359.0
32988	158870	618.0	370.0
33000	158870	677.0	388.0
33012	158870	789.0	419.0
33024	158870	993.0	496.0
32808	158878	443.0	327.0
32820	158878	443.125	326.0
32832	158878	444.625	326.0
32844	158878	446.0	326.0
32856	158878	447.0	327.0
32868	158878	448.0	328.0
32880	158878	449.0	329.0
32892	158878	452.0	330.0
32904	158878	454.0	330.0
32916	158878	458.0	331.0
32928	158878	463.0	333.0
32940	158878	469.0	334.0
32952	158878	474.0	336.0
32964	158878	481.0	339.0
32976	158878	491.0	342.0
32988	158878	502.0	345.0
33000	158878	518.0	349.0
33012	158878	540.0	355.0
33024	158878	571.0	364.0
33036	158878	622.0	379.0
33048	158878	709.0	403.0
33060	158878	916.0	460.0
32880	158885	955.0	323.0
32892	158885	903.0	322.0
32904	158885	862.0	322.0
32916	158885	817.0	322.0
32928	158885	781.6666666666666	321.8888888888889
32940	158885	756.0	321.0
32952	158885	732.6470588235294	321.0
32964	158885	706.0	320.0
32976	158885	686.0	319.0
32988	158885	670.6911764705883	321.19117647058823
33000	158885	654.2794117647059	322.77941176470586
33012	158885	637.8676470588235	324.36764705882354
33024	158885	621.4558823529412	325.95588235294116
33036	158885	605.0441176470588	327.54411764705884
33048	158885	588.5	329.0
33060	158885	599.0	330.0
33072	158885	616.0	332.0
33084	158885	639.0	335.0
33096	158885	663.0	337.0
33108	158885	695.0	340.0
33120	158885	736.0	344.0
33132	158885	792.0	349.0
33144	158885	872.0	357.0
33144	158978	492.0	322.0
33156	158978	494.0	322.0
33168	158978	496.0	323.0
33180	158978	500.0	324.0
33192	158978	503.0	324.0
33204	158978	506.0	324.0
33216	158978	508.0	324.0
33228	158978	514.0	326.0
33240	158978	518.0	325.0
33252	158978	523.0	326.0
33264	158978	529.0	327.0
33276	158978	535.0	328.0
33288	158978	543.0	329.0
33300	158978	551.0	330.0
33312	158978	561.0	331.0
33324	158978	573.0	332.0
33336	158978	587.0	334.0
33348	158978	605.0	336.0
33360	158978	624.0	338.0
33372	158978	651.0	341.0
33384	158978	685.0	345.0
33396	158978	732.0	351.0
33408	158978	800.0	359.0
33420	158978	905.0	370.0
33432	158978	994.0	389.0
33216	159002	484.0	325.0
33228	159002	487.0	326.0
33240	159002	489.0	325.0
33252	159002	493.0	327.0
33264	159002	496.0	327.0
33276	159002	500.0	328.0
33288	159002	505.0	329.0
33300	159002	509.0	330.0
33312	159002	515.0	331.0
33324	159002	523.0	331.0
33336	159002	531.0	333.0
33348	159002	540.0	335.0
33360	159002	551.0	337.0
33372	159002	564.0	339.0
33384	159002	582.0	342.0
33396	159002	602.0	345.0
33408	159002	629.0	350.0
33420	159002	668.0	357.0
33432	159002	725.0	366.0
33444	159002	815.0	382.0
33456	159002	966.0	408.0
33228	159005	452.0	322.0
33240	159005	453.2758620689655	322.2758620689655
33252	159005	453.6896551724138	322.6896551724138
33264	159005	454.0	322.0
33276	159005	454.0	323.0
33288	159005	455.0	324.0
33300	159005	455.0	324.0
33312	159005	455.0	324.0
33324	159005	458.0	325.0
33336	159005	459.0	326.0
33348	159005	460.0	326.0
33360	159005	462.0	326.0
33372	159005	463.0	327.0
33384	159005	465.0	328.0
33396	159005	466.0	328.0
33408	159005	470.0	329.0
33420	159005	472.0	330.0
33432	159005	475.0	330.0
33444	159005	478.0	331.0
33456	159005	483.0	332.0
33468	159005	487.0	335.0
33480	159005	493.0	336.0
33492	159005	500.0	338.0
33504	159005	508.0	340.0
33516	159005	519.0	344.0
33528	159005	533.0	348.0
33540	159005	552.0	354.0
33552	159005	581.0	361.0
33564	159005	622.0	374.0
33576	159005	700.0	397.0
33588	159005	878.0	445.0
33264	159011	476.16	324.0
33276	159011	477.12	324.0
33288	159011	478.125	324.125
33300	159011	479.0	325.0
33312	159011	479.0	325.0
33324	159011	481.5	326.0
33336	159011	484.0	328.0
33348	159011	486.0	328.0
33360	159011	489.0	328.0
33372	159011	492.0	329.0
33384	159011	494.0	330.0
33396	159011	499.0	332.0
33408	159011	505.0	334.0
33420	159011	512.0	335.0
33432	159011	518.0	337.0
33444	159011	529.0	341.0
33456	159011	544.0	345.0
33468	159011	562.0	349.0
33480	159011	589.0	356.0
33492	159011	631.0	367.0
33504	159011	705.0	387.0
33516	159011	861.0	426.0
33528	159011	1034.0	512.0
33480	159037	467.0	323.0
33492	159037	469.75	323.25
33504	159037	473.0	324.0
33516	159037	478.0	324.0
33528	159037	480.0	325.0
33540	159037	483.0	325.0
33552	159037	485.75	325.0
33564	159037	489.0	325.0
33576	159037	493.0	327.0
33588	159037	497.0	327.0
33600	159037	503.0	327.0
33612	159037	505.0	328.0
33624	159037	512.0	329.0
33636	159037	519.0	330.0
33648	159037	527.0	332.0
33660	159037	534.0	333.0
33672	159037	542.0	334.0
33684	159037	553.0	336.0
33696	159037	565.0	338.0
33708	159037	581.0	340.0
33720	159037	600.0	343.0
33732	159037	625.0	347.0
33744	159037	658.0	353.0
33756	159037	703.0	359.0
33768	159037	770.0	370.0
33780	159037	877.0	387.0
33792	159037	991.0	416.0
33708	159114	478.0	323.0
33720	159114	481.0	324.0
33732	159114	482.0	324.0
33744	159114	484.625	324.3125
33756	159114	486.0	325.0
33768	159114	487.0	326.0
33780	159114	491.0	327.0
33792	159114	492.0	327.0
33804	159114	496.0	329.0
33816	159114	499.0	329.0
33828	159114	505.0	330.0
33840	159114	508.0	331.0
33852	159114	513.0	333.0
33864	159114	521.0	334.0
33876	159114	529.0	336.0
33888	159114	540.0	339.0
33900	159114	554.0	342.0
33912	159114	571.0	346.0
33924	159114	595.0	351.0
33936	159114	629.0	359.0
33948	159114	682.0	372.0
33960	159114	777.0	393.0
33972	159114	962.0	435.0
33744	159138	526.0	322.0
33756	159138	530.0	323.0
33768	159138	535.0	324.0
33780	159138	538.0	324.0
33792	159138	543.0	324.0
33804	159138	548.0	325.0
33816	159138	553.0	325.0
33828	159138	559.0	325.0
33840	159138	566.0	326.0
33852	159138	574.0	326.0
33864	159138	581.0	327.0
33876	159138	591.0	328.0
33888	159138	601.0	329.0
33900	159138	613.0	330.0
33912	159138	627.0	331.0
33924	159138	642.0	332.0
33936	159138	661.0	334.0
33948	159138	683.0	336.0
33960	159138	703.0769230769231	334.3076923076923
33972	159138	740.0	341.0
33984	159138	782.0	344.0
33996	159138	836.0	349.0
34008	159138	907.0	354.0
34020	159138	975.0	360.0
33756	159142	474.0	320.0
33768	159142	477.0	321.0
33780	159142	477.0	321.0
33792	159142	479.0	321.0
33804	159142	479.0	321.0
33816	159142	481.0	320.0
33828	159142	482.0	320.0
33840	159142	483.0	320.0
33852	159142	485.0	321.0
33864	159142	487.0	321.0
33876	159142	489.0	322.0
33888	159142	491.0	322.0
33900	159142	492.0	322.0
33912	159142	494.0	322.0
33924	159142	497.0	323.0
33936	159142	500.0	324.0
33948	159142	502.0	324.0
33960	159142	506.0	324.0
33972	159142	508.0	324.0
33984	159142	513.0	325.0
33996	159142	516.0	324.0
34008	159142	521.0	325.0
34020	159142	526.0	326.0
34032	159142	531.0	326.0
34044	159142	537.0	327.0
34056	159142	544.0	328.0
34068	159142	552.0	328.0
34080	159142	560.0	329.0
34092	159142	570.0	331.0
34104	159142	581.0	332.0
34116	159142	595.0	333.0
34128	159142	611.0	336.0
34140	159142	628.0	337.0
34152	159142	652.0	340.0
34164	159142	681.0	343.0
34176	159142	720.0	348.0
34188	159142	773.0	354.0
34200	159142	850.0	362.0
34212	159142	957.0	375.0
34224	159142	980.0	379.0
34236	159142	987.0	363.0
34248	159142	995.0	377.0
33768	159147	518.0	323.0
33780	159147	522.0	324.0
33792	159147	525.0	324.0
33804	159147	528.0	324.0
33816	159147	532.0	324.0
33828	159147	537.0	325.0
33840	159147	544.0	325.0
33852	159147	550.0	326.0
33864	159147	557.0	327.0
33876	159147	563.0	326.0
33888	159147	571.0	327.0
33900	159147	582.0	328.0
33912	159147	591.0	330.0
33924	159147	603.0	330.0
33936	159147	618.0	328.0
33948	159147	636.0	332.0
33960	159147	658.0	335.0
33972	159147	683.0	338.0
33984	159147	710.0	341.0
33996	159147	749.0	344.0
34008	159147	799.0	348.0
34020	159147	866.0	355.0
34032	159147	956.0	363.0
34044	159147	986.2	370.8
33852	159173	465.0	322.0
33864	159173	465.8627450980392	322.0
33876	159173	466.80392156862746	322.0
33888	159173	467.7450980392157	322.0
33900	159173	468.6862745098039	322.0
33912	159173	469.0	322.0
33924	159173	470.0	322.0
33936	159173	472.9375	322.0
33948	159173	475.0	322.0
33960	159173	476.0	323.0
33972	159173	478.0	324.0
33984	159173	479.0	324.0
33996	159173	481.0	324.0
34008	159173	485.0	324.0
34020	159173	488.0	325.0
34032	159173	490.0	325.0
34044	159173	495.0	326.0
34056	159173	498.0	327.0
34068	159173	504.0	327.0
34080	159173	508.0	328.0
34092	159173	514.0	329.0
34104	159173	522.0	331.0
34116	159173	529.0	331.0
34128	159173	539.0	334.0
34140	159173	550.0	336.0
34152	159173	564.0	338.0
34164	159173	583.0	341.0
34176	159173	606.0	345.0
34188	159173	638.0	351.0
34200	159173	684.0	358.0
34212	159173	758.0	370.0
34224	159173	889.0	393.0
33912	159181	526.0	324.0
33924	159181	530.0	324.0
33936	159181	535.0	326.0
33948	159181	540.0	326.0
33960	159181	546.0	326.0
33972	159181	552.0	327.0
33984	159181	560.0	328.0
33996	159181	567.0	328.0
34008	159181	576.0	329.0
34020	159181	587.0	330.0
34032	159181	598.0	331.0
34044	159181	612.0	332.0
34056	159181	629.0	334.0
34068	159181	647.0	335.0
34080	159181	670.0	337.0
34092	159181	697.0	340.0
34104	159181	732.0	343.0
34116	159181	776.0	347.0
34128	159181	834.0	352.0
34140	159181	916.0	360.0
34152	159181	980.0	367.0
33924	159183	515.0	322.0
33936	159183	519.2	323.0
33948	159183	524.0	323.0
33960	159183	527.0	324.0
33972	159183	530.0	324.0
33984	159183	534.0	325.0
33996	159183	539.0	325.0
34008	159183	545.0	325.0
34020	159183	551.0	326.0
34032	159183	559.0	328.0
34044	159183	566.0	328.0
34056	159183	575.0	328.0
34068	159183	585.0	329.0
34080	159183	596.0	331.0
34092	159183	609.0	331.0
34104	159183	624.0	332.0
34116	159183	641.0	334.0
34128	159183	662.0	337.0
34140	159183	687.0	339.0
34152	159183	720.0	343.0
34164	159183	760.0	346.0
34176	159183	814.0	350.0
34188	159183	889.0	358.0
34200	159183	970.0	365.0
34140	159217	482.3333333333333	321.0
34152	159217	485.4848484848485	322.0
34164	159217	486.93939393939394	322.0
34176	159217	488.3939393939394	322.0
34188	159217	490.0	322.0
34200	159217	492.0	322.0
34212	159217	493.0	322.0
34224	159217	497.0	323.0
34236	159217	499.0	324.0
34248	159217	502.0	324.0
34260	159217	504.0	323.0
34272	159217	508.0	324.0
34284	159217	511.0	325.0
34296	159217	515.0	325.0
34308	159217	519.0	326.0
34320	159217	525.0	326.0
34332	159217	530.0	327.0
34344	159217	535.0	328.0
34356	159217	543.0	328.0
34368	159217	551.0	330.0
34380	159217	561.0	331.0
34392	159217	572.0	331.0
34404	159217	585.0	333.0
34416	159217	600.0	335.0
34428	159217	620.0	337.0
34440	159217	644.0	340.0
34452	159217	674.0	344.0
34464	159217	714.0	349.0
34476	159217	770.0	355.0
34488	159217	853.0	364.0
34500	159217	971.0	380.0
34188	159227	452.0	321.0
34200	159227	453.0	321.0
34212	159227	452.77777777777777	321.77777777777777
34224	159227	453.625	321.625
34236	159227	454.0	322.0
34248	159227	455.0	322.0
34260	159227	455.0	321.0
34272	159227	457.0	322.0
34284	159227	457.0	322.0
34296	159227	458.0	323.0
34308	159227	460.0	323.0
34320	159227	461.0	324.0
34332	159227	462.0	324.0
34344	159227	463.0	324.0
34356	159227	466.0	324.0
34368	159227	467.0	325.0
34380	159227	469.0	326.0
34392	159227	470.0	325.0
34404	159227	473.0	327.0
34416	159227	475.0	327.0
34428	159227	478.0	328.0
34440	159227	481.0	328.0
34452	159227	485.0	330.0
34464	159227	488.0	330.0
34476	159227	493.0	332.0
34488	159227	500.0	333.0
34500	159227	506.0	334.0
34512	159227	515.0	337.0
34524	159227	525.0	340.0
34536	159227	539.0	344.0
34548	159227	556.0	347.0
34560	159227	581.0	354.0
34572	159227	617.0	362.0
34584	159227	677.0	378.0
34596	159227	790.0	405.0
34608	159227	998.0	476.0
34236	159236	478.0	321.0
34248	159236	481.0	321.0
34260	159236	481.0	321.0
34272	159236	482.0	320.0
34284	159236	484.0	321.0
34296	159236	486.1818181818182	321.72727272727275
34308	159236	487.8888888888889	322.0
34320	159236	489.0	323.0
34332	159236	491.0	322.0
34344	159236	494.0	323.0
34356	159236	497.0	323.0
34368	159236	500.0	324.0
34380	159236	503.0	323.0
34392	159236	506.0	324.0
34404	159236	510.0	325.0
34416	159236	515.0	325.0
34428	159236	519.0	325.0
34440	159236	525.0	326.0
34452	159236	531.0	327.0
34464	159236	537.0	328.0
34476	159236	543.0	329.0
34488	159236	553.0	330.0
34500	159236	562.0	331.0
34512	159236	573.0	332.0
34524	159236	588.0	334.0
34536	159236	604.0	336.0
34548	159236	624.0	338.0
34560	159236	651.0	341.0
34572	159236	684.0	346.0
34584	159236	732.0	351.0
34596	159236	807.0	356.0
34272	159248	526.0	324.0
34284	159248	527.0	324.0
34296	159248	533.0	325.0
34308	159248	539.0	325.0
34320	159248	544.0	325.0
34332	159248	551.0	326.0
34344	159248	557.0	327.0
34356	159248	565.0	327.0
34368	159248	574.0	328.0
34380	159248	584.0	329.0
34392	159248	596.0	330.0
34404	159248	609.0	331.0
34416	159248	626.0	333.0
34428	159248	645.0	334.0
34440	159248	669.0	337.0
34452	159248	699.0	340.0
34464	159248	737.0	344.0
34476	159248	786.0	348.0
34488	159248	838.68	351.88
34500	159248	886.2	356.2
34512	159248	974.0	369.0
34308	159251	504.0	322.0
34320	159251	507.0	323.0
34332	159251	510.55555555555554	323.0
34344	159251	514.0	322.0
34356	159251	517.0	323.0
34368	159251	523.0	324.0
34380	159251	527.0	324.0
34392	159251	532.0	324.0
34404	159251	538.0	325.0
34416	159251	545.0	325.0
34428	159251	553.0	326.0
34440	159251	562.0	327.0
34452	159251	572.0	328.0
34464	159251	583.0	329.0
34476	159251	597.0	330.0
34488	159251	612.0	331.0
34500	159251	631.0	332.0
34512	159251	652.0	334.0
34524	159251	679.0	337.0
34536	159251	712.0	340.0
34548	159251	752.0	343.0
34560	159251	807.0	348.0
34572	159251	883.0	354.0
34584	159251	970.0	361.0
34476	159280	452.0	322.0
34488	159280	454.0	323.0
34500	159280	455.0	323.0
34512	159280	457.0	324.0
34524	159280	459.0	324.0
34536	159280	460.57142857142856	323.57142857142856
34548	159280	462.0	325.0
34560	159280	465.0	325.0
34572	159280	467.0	326.0
34584	159280	468.0	326.0
34596	159280	471.0	327.0
34608	159280	473.0	327.0
34620	159280	476.0	328.0
34632	159280	479.0	329.0
34644	159280	483.0	330.0
34656	159280	489.0	331.0
34668	159280	494.0	332.0
34680	159280	501.0	334.0
34692	159280	508.0	336.0
34704	159280	517.0	338.0
34716	159280	530.0	341.0
34728	159280	547.0	345.0
34740	159280	568.0	349.0
34752	159280	599.0	356.0
34764	159280	648.0	366.0
34776	159280	729.0	384.0
34788	159280	895.0	418.0
34800	159280	1026.0	466.0
34536	159289	502.0	324.0
34548	159289	505.0	324.0
34560	159289	508.0	324.0
34572	159289	513.0	325.0
34584	159289	517.0	325.0
34596	159289	521.0	325.0
34608	159289	527.0	326.0
34620	159289	533.0	327.0
34632	159289	539.0	327.0
34644	159289	547.0	329.0
34656	159289	556.0	330.0
34668	159289	566.0	331.0
34680	159289	578.0	332.0
34692	159289	592.0	334.0
34704	159289	609.0	336.0
34716	159289	630.0	338.0
34728	159289	656.0	341.0
34740	159289	690.0	345.0
34752	159289	737.0	351.0
34764	159289	803.0	358.0
34776	159289	907.0	369.0
34788	159289	989.0	385.0
34680	159308	476.0	322.0
34692	159308	476.0	323.0
34704	159308	477.0	324.0
34716	159308	479.0	324.0
34728	159308	482.0	324.0
34740	159308	484.0	324.0
34752	159308	486.0	325.0
34764	159308	489.0	326.0
34776	159308	491.0	326.0
34788	159308	494.0	326.0
34800	159308	497.0	327.0
34812	159308	501.0	326.0
34824	159308	505.0	328.0
34836	159308	510.0	329.0
34848	159308	515.0	330.0
34860	159308	520.0	331.0
34872	159308	527.0	331.0
34884	159308	534.0	333.0
34896	159308	543.0	334.0
34908	159308	553.0	336.0
34920	159308	566.0	337.0
34932	159308	582.0	341.0
34944	159308	600.0	344.0
34956	159308	625.0	348.0
34968	159308	658.0	353.0
34980	159308	704.0	360.0
34992	159308	774.0	371.0
35004	159308	889.0	390.0
35016	159308	997.0	421.0
34836	159326	452.0	321.0
34848	159326	452.0	321.0
34860	159326	453.0	322.0
34872	159326	453.0	322.0
34884	159326	454.0	322.0
34896	159326	454.0	323.0
34908	159326	455.0	323.0
34920	159326	456.0	323.0
34932	159326	456.0	322.0
34944	159326	458.0	322.0
34956	159326	459.0	322.0
34968	159326	461.0	324.0
34980	159326	462.0	324.0
34992	159326	464.0	324.0
35004	159326	466.0	325.0
35016	159326	467.0	325.0
35028	159326	469.0	326.0
35040	159326	472.0	326.0
35052	159326	475.0	327.0
35064	159326	478.0	327.0
35076	159326	482.0	328.0
35088	159326	488.0	329.0
35100	159326	493.0	330.0
35112	159326	499.0	331.0
35124	159326	508.0	333.0
35136	159326	518.0	334.0
35148	159326	529.0	335.0
35160	159326	544.0	338.0
35172	159326	562.0	341.0
35184	159326	585.0	344.0
35196	159326	616.0	349.0
35208	159326	658.0	356.0
35220	159326	721.0	366.0
35232	159326	827.0	384.0
35244	159326	980.0	417.0
34848	159327	491.6666666666667	321.0
34860	159327	493.0	321.0
34872	159327	493.0	320.5
34884	159327	495.6	321.0
34896	159327	498.0	321.0
34908	159327	500.0	322.0
34920	159327	503.0	323.0
34932	159327	504.0	323.0
34944	159327	507.4	322.4
34956	159327	511.0	323.0
34968	159327	514.0	323.0
34980	159327	517.0	324.0
34992	159327	522.0	325.0
35004	159327	526.0	324.0
35016	159327	529.0	324.0
35028	159327	533.0	325.0
35040	159327	539.0	326.0
35052	159327	545.0	326.0
35064	159327	552.0	326.0
35076	159327	559.0	327.0
35088	159327	566.0	328.0
35100	159327	575.0	328.0
35112	159327	586.0	330.0
35124	159327	597.0	331.0
35136	159327	611.0	332.0
35148	159327	627.0	333.0
35160	159327	647.0	335.0
35172	159327	673.0	338.0
35184	159327	696.04	339.92
35196	159327	719.08	341.84
35208	159327	783.0	349.0
35220	159327	856.0	355.0
35232	159327	957.0	365.0
34944	159335	479.0	324.0
34956	159335	481.0	324.0
34968	159335	484.0	324.0
34980	159335	486.3333333333333	324.0
34992	159335	489.0	325.0
35004	159335	492.0	326.0
35016	159335	495.0	326.0
35028	159335	499.0	327.0
35040	159335	503.0	327.0
35052	159335	508.0	328.0
35064	159335	513.0	329.0
35076	159335	520.0	330.0
35088	159335	528.0	331.0
35100	159335	537.0	333.0
35112	159335	547.0	334.0
35124	159335	561.0	336.0
35136	159335	577.0	339.0
35148	159335	599.0	343.0
35160	159335	627.0	347.0
35172	159335	667.0	353.0
35184	159335	725.0	363.0
35196	159335	822.0	378.0
35208	159335	975.0	407.0
35160	159376	493.0	321.0
35172	159376	496.0	321.0
35184	159376	498.6666666666667	321.0
35196	159376	500.0	322.0
35208	159376	502.0	322.0
35220	159376	504.0	322.0
35232	159376	507.0	323.0
35244	159376	509.0	323.0
35256	159376	513.0	322.0
35268	159376	517.0	323.0
35280	159376	521.0	324.0
35292	159376	525.0	323.0
35304	159376	529.0	324.0
35316	159376	534.0	325.0
35328	159376	540.0	325.0
35340	159376	546.0	325.0
35352	159376	553.0	327.0
35364	159376	560.0	328.0
35376	159376	569.0	328.0
35388	159376	578.0	329.0
35400	159376	590.0	330.0
35412	159376	603.0	331.0
35424	159376	618.0	332.0
35436	159376	637.0	334.0
35448	159376	660.0	337.0
35460	159376	688.0	339.0
35472	159376	724.0	343.0
35484	159376	772.0	347.0
35496	159376	837.0	353.0
35508	159376	936.0	362.0
35160	159377	474.0	320.0
35172	159377	477.0	321.0
35184	159377	478.0	321.0
35196	159377	479.0	321.0
35208	159377	480.0	321.0
35220	159377	482.0	321.0
35232	159377	484.72727272727275	321.0
35244	159377	487.0	323.0
35256	159377	489.0	323.0
35268	159377	493.0	323.0
35280	159377	493.0	323.0
35292	159377	496.0	322.0
35304	159377	499.0	323.0
35316	159377	502.0	325.0
35328	159377	505.0	325.0
35340	159377	509.0	324.0
35352	159377	513.0	325.0
35364	159377	517.0	326.0
35376	159377	523.0	326.0
35388	159377	529.0	327.0
35400	159377	534.0	328.0
35412	159377	542.0	328.0
35424	159377	550.0	330.0
35436	159377	560.0	331.0
35448	159377	572.0	332.0
35460	159377	586.0	334.0
35472	159377	605.0	336.0
35484	159377	628.0	338.0
35496	159377	657.0	342.0
35508	159377	698.0	347.0
35520	159377	755.0	354.0
35532	159377	840.0	363.0
35544	159377	967.0	378.0
35352	159442	470.0	321.0
35364	159442	469.0	321.0
35376	159442	469.0	321.0
35388	159442	469.0	321.0
35400	159442	470.0	321.0
35412	159442	471.0	322.0
35424	159442	472.0	322.0
35436	159442	474.0	322.0
35448	159442	474.6923076923077	322.0
35460	159442	476.53846153846155	322.0
35472	159442	478.38461538461536	322.0
35484	159442	480.0	323.0
35496	159442	483.0	324.0
35508	159442	485.0	324.0
35520	159442	489.0	323.0
35532	159442	491.0	325.0
35544	159442	494.0	325.0
35556	159442	498.0	326.0
35568	159442	502.0	327.0
35580	159442	505.0	327.0
35592	159442	511.0	328.0
35604	159442	516.0	329.0
35616	159442	524.0	330.0
35628	159442	532.0	331.0
35640	159442	540.0	333.0
35652	159442	551.0	334.0
35664	159442	565.0	336.0
35676	159442	583.0	339.0
35688	159442	605.0	343.0
35700	159442	634.0	347.0
35712	159442	676.0	354.0
35724	159442	737.0	364.0
35736	159442	839.0	379.0
35748	159442	984.0	410.0
35460	159464	452.0	321.0
35472	159464	452.0	321.0
35484	159464	453.0	321.0
35496	159464	454.0	321.0
35508	159464	454.0	322.0
35520	159464	455.0	322.0
35532	159464	456.0	322.0
35544	159464	458.0	321.0
35556	159464	459.0	322.0
35568	159464	460.8666666666667	322.0
35580	159464	463.0	322.0
35592	159464	465.0	322.0
35604	159464	466.0	322.0
35616	159464	469.0	323.0
35628	159464	472.0	325.0
35640	159464	474.0	324.0
35652	159464	476.0	324.0
35664	159464	479.0	324.0
35676	159464	482.0	325.0
35688	159464	485.0	326.0
35700	159464	489.0	326.0
35712	159464	493.0	327.0
35724	159464	499.0	327.0
35736	159464	504.0	328.0
35748	159464	509.0	328.0
35760	159464	516.0	330.0
35772	159464	523.0	331.0
35784	159464	532.0	332.0
35796	159464	542.0	334.0
35808	159464	554.0	336.0
35820	159464	568.0	338.0
35832	159464	588.0	341.0
35844	159464	611.0	345.0
35856	159464	642.0	350.0
35868	159464	687.0	357.0
35880	159464	755.0	368.0
35892	159464	872.0	387.0
35904	159464	1002.0	423.0
35604	159487	500.0	322.0
35616	159487	502.0	322.0
35628	159487	504.8	322.0
35640	159487	506.96	322.0
35652	159487	509.12	322.0
35664	159487	511.28	322.0
35676	159487	514.0	322.0
35688	159487	516.0	323.0
35700	159487	517.0	323.0
35712	159487	521.0	323.0
35724	159487	526.0	323.0
35736	159487	528.0	322.0
35748	159487	533.0	324.0
35760	159487	538.0	324.0
35772	159487	544.0	325.0
35784	159487	549.0	325.0
35796	159487	556.0	325.0
35808	159487	563.0	326.0
35820	159487	570.0	326.0
35832	159487	578.1428571428571	326.0
35844	159487	586.2857142857143	326.0
35856	159487	596.0	328.0
35868	159487	613.0	330.0
35880	159487	629.0	332.0
35892	159487	646.0	333.0
35904	159487	668.0	335.0
35916	159487	695.0	337.0
35928	159487	728.0	340.0
35940	159487	769.0	343.0
35952	159487	825.0	348.0
35964	159487	901.0	354.0
35976	159487	977.0	362.0
35808	159512	519.0	322.0
35820	159512	523.0	322.0
35832	159512	527.0	323.0
35844	159512	530.0	324.0
35856	159512	535.0	324.0
35868	159512	539.0	324.0
35880	159512	545.0	325.0
35892	159512	550.0	325.0
35904	159512	557.0	325.0
35916	159512	564.0	325.0
35928	159512	571.0	326.0
35940	159512	580.0	327.0
35952	159512	590.0	328.0
35964	159512	601.0	329.0
35976	159512	614.0	331.0
35988	159512	629.0	332.0
36000	159512	647.0	333.0
36012	159512	668.0	335.0
36024	159512	697.0	337.0
36036	159512	730.0	340.0
36048	159512	773.0	344.0
36060	159512	829.0	349.0
36072	159512	907.0	355.0
36084	159512	978.0	362.0
35928	159547	477.0	323.0
35940	159547	478.0	322.0
35952	159547	481.0	323.0
35964	159547	482.46153846153845	323.0
35976	159547	486.0	324.0
35988	159547	491.5	325.5
36000	159547	495.3333333333333	325.1666666666667
36012	159547	499.0	326.0
36024	159547	501.0	327.0
36036	159547	504.0	327.0
36048	159547	509.0	329.0
36060	159547	514.0	329.0
36072	159547	520.0	330.0
36084	159547	528.0	331.0
36096	159547	536.0	333.0
36108	159547	546.0	335.0
36120	159547	559.0	337.0
36132	159547	573.0	339.0
36144	159547	591.0	342.0
36156	159547	616.0	346.0
36168	159547	650.0	352.0
36180	159547	697.0	359.0
36192	159547	771.0	370.0
36204	159547	897.0	391.0
36216	159547	1008.0	423.0
36000	159578	481.0	321.0
36012	159578	484.0	322.0
36024	159578	484.6666666666667	322.0
36036	159578	487.0	322.0
36048	159578	489.0	322.0
36060	159578	492.0	322.0
36072	159578	495.0	322.0
36084	159578	498.0	323.0
36096	159578	501.0	324.0
36108	159578	504.0	324.0
36120	159578	507.0	324.0
36132	159578	511.0	324.0
36144	159578	515.0	326.0
36156	159578	522.0	325.0
36168	159578	528.0	326.0
36180	159578	534.0	327.0
36192	159578	541.0	328.0
36204	159578	550.0	329.0
36216	159578	561.0	330.0
36228	159578	572.0	332.0
36240	159578	588.0	333.0
36252	159578	606.0	334.0
36264	159578	633.0	337.0
36276	159578	667.0	341.0
36288	159578	704.0625	339.5625
36300	159578	743.0	347.0
36312	159578	852.0	359.0
36324	159578	970.0	371.0
36000	159579	456.3333333333333	323.0
36012	159579	458.0	323.0
36024	159579	460.04651162790697	323.4186046511628
36036	159579	461.4418604651163	323.9767441860465
36048	159579	462.83720930232556	324.5348837209302
36060	159579	464.0	325.0
36072	159579	466.0	325.0
36084	159579	468.25	325.25
36096	159579	471.0	327.0
36108	159579	473.0	327.0
36120	159579	475.0	328.0
36132	159579	477.0	328.0
36144	159579	480.0	330.0
36156	159579	485.0	331.0
36168	159579	490.0	331.0
36180	159579	496.0	333.0
36192	159579	502.0	334.0
36204	159579	510.0	337.0
36216	159579	520.0	340.0
36228	159579	532.0	343.0
36240	159579	549.0	347.0
36252	159579	571.0	353.0
36264	159579	602.0	361.0
36276	159579	651.0	373.0
36288	159579	742.0	397.0
36300	159579	944.0	446.0
36156	159618	466.0	323.0
36168	159618	468.0	324.0
36180	159618	468.0	323.0
36192	159618	469.0	325.0
36204	159618	472.0	326.0
36216	159618	472.5	326.0
36228	159618	475.0	326.0
36240	159618	477.0	327.0
36252	159618	479.0	327.0
36264	159618	482.0	328.0
36276	159618	485.0	329.0
36288	159618	487.0	330.0
36300	159618	490.0	330.0
36312	159618	494.0	331.0
36324	159618	500.0	333.0
36336	159618	504.0	334.0
36348	159618	512.0	336.0
36360	159618	522.0	338.0
36372	159618	531.0	341.0
36384	159618	545.0	344.0
36396	159618	564.0	348.0
36408	159618	588.0	354.0
36420	159618	623.0	360.0
36432	159618	678.0	372.0
36444	159618	769.0	391.0
36456	159618	946.0	427.0
36276	159655	466.0	325.0
36288	159655	466.0	325.0
36300	159655	466.0	325.5
36312	159655	468.0	326.0
36324	159655	472.0	328.0
36336	159655	473.0	328.0
36348	159655	476.0	328.0
36360	159655	480.0	329.0
36372	159655	483.0	330.0
36384	159655	488.0	331.0
36396	159655	493.0	332.0
36408	159655	498.0	333.0
36420	159655	505.0	334.0
36432	159655	512.0	337.0
36444	159655	521.0	339.0
36456	159655	535.0	342.0
36468	159655	549.0	345.0
36480	159655	569.0	350.0
36492	159655	598.0	357.0
36504	159655	641.0	367.0
36516	159655	710.0	384.0
36528	159655	843.0	413.0
36540	159655	1017.0	483.0
36324	159682	454.0	322.0
36336	159682	454.0	323.0
36348	159682	452.0	323.0
36360	159682	452.0	323.3333333333333
36372	159682	454.0	323.0
36384	159682	453.0	324.0
36396	159682	455.0	323.0
36408	159682	457.0	324.0
36420	159682	459.0	325.0
36432	159682	460.0	326.0
36444	159682	462.0	326.0
36456	159682	464.0	327.0
36468	159682	465.0	327.0
36480	159682	467.0	328.0
36492	159682	470.0	329.0
36504	159682	472.0	329.0
36516	159682	475.0	330.0
36528	159682	479.0	331.0
36540	159682	482.0	332.0
36552	159682	488.0	333.0
36564	159682	493.0	335.0
36576	159682	500.0	337.0
36588	159682	510.0	339.0
36600	159682	520.0	342.0
36612	159682	534.0	347.0
36624	159682	554.0	351.0
36636	159682	581.0	359.0
36648	159682	622.0	370.0
36660	159682	690.0	388.0
36672	159682	831.0	424.0
36684	159682	1030.0	520.0
36360	159690	496.2	322.6
36372	159690	500.0	323.0
36384	159690	503.0	323.0
36396	159690	507.0	324.0
36408	159690	511.0	325.0
36420	159690	514.0	325.0
36432	159690	518.7843137254902	325.0
36444	159690	523.4901960784314	325.0
36456	159690	528.1960784313726	325.0
36468	159690	532.9019607843137	325.0
36480	159690	537.6078431372549	325.0
36492	159690	547.0	329.0
36504	159690	560.0	331.0
36516	159690	572.0	332.0
36528	159690	587.0	334.0
36540	159690	604.0	336.0
36552	159690	625.0	338.0
36564	159690	653.0	342.0
36576	159690	689.0	346.0
36588	159690	739.0	352.0
36600	159690	812.0	361.0
36612	159690	930.0	373.0
36624	159690	1000.0	390.0
36600	159734	479.0	322.0
36612	159734	482.0	324.0
36624	159734	483.0	325.0
36636	159734	485.0	323.0
36648	159734	487.0	324.0
36660	159734	491.0	325.0
36672	159734	493.0	325.0
36684	159734	496.0	326.0
36696	159734	500.0	326.0
36708	159734	504.0	327.0
36720	159734	509.0	328.0
36732	159734	514.0	328.0
36744	159734	521.0	330.0
36756	159734	528.0	331.0
36768	159734	536.0	332.0
36780	159734	546.0	334.0
36792	159734	558.0	336.0
36804	159734	572.0	338.0
36816	159734	590.0	341.0
36828	159734	613.0	344.0
36840	159734	644.0	349.0
36852	159734	684.0	356.0
36864	159734	745.0	365.0
36876	159734	843.0	380.0
36888	159734	980.0	408.0
36624	159745	508.0	325.0
36636	159745	513.0	325.0
36648	159745	517.0	326.0
36660	159745	521.0	325.0
36672	159745	528.0	327.0
36684	159745	532.0	327.0
36696	159745	539.0	327.0
36708	159745	546.0	328.0
36720	159745	554.0	330.0
36732	159745	564.0	331.0
36744	159745	575.0	332.0
36756	159745	587.0	333.0
36768	159745	602.0	335.0
36780	159745	620.0	337.0
36792	159745	643.0	340.0
36804	159745	670.0	343.0
36816	159745	706.0	347.0
36828	159745	755.0	353.0
36840	159745	825.0	361.0
36852	159745	932.0	373.0
36864	159745	995.0	387.0
36708	159768	477.0	322.0
36720	159768	478.0	323.0
36732	159768	480.0	323.0
36744	159768	483.0	324.0
36756	159768	485.0	325.0
36768	159768	486.0	324.0
36780	159768	489.0	325.0
36792	159768	492.0	326.0
36804	159768	494.0	325.0
36816	159768	498.0	327.0
36828	159768	502.0	327.0
36840	159768	506.0	328.0
36852	159768	511.0	328.0
36864	159768	517.0	330.0
36876	159768	523.0	331.0
36888	159768	530.0	331.0
36900	159768	539.0	333.0
36912	159768	550.0	334.0
36924	159768	563.0	337.0
36936	159768	578.0	339.0
36948	159768	598.0	343.0
36960	159768	623.0	346.0
36972	159768	658.0	352.0
36984	159768	706.0	360.0
36996	159768	781.0	372.0
37008	159768	906.0	391.0
37020	159768	1004.0	421.0
36840	159784	474.5	320.0
36852	159784	474.0	321.0
36864	159784	475.0	321.0
36876	159784	476.0	320.0
36888	159784	477.0	320.0
36900	159784	478.0	320.0
36912	159784	480.0	320.0
36924	159784	481.0	321.0
36936	159784	482.0	321.0
36948	159784	483.0	321.0
36960	159784	484.0	321.0
36972	159784	487.0	322.0
36984	159784	488.0	322.0
36996	159784	490.0	323.0
37008	159784	491.0	323.0
37020	159784	494.0	323.0
37032	159784	496.0	323.0
37044	159784	499.0	324.0
37056	159784	502.0	324.0
37068	159784	504.0	324.0
37080	159784	508.0	324.0
37092	159784	511.0	325.0
37104	159784	516.0	325.0
37116	159784	519.0	326.0
37128	159784	524.0	326.0
37140	159784	529.0	327.0
37152	159784	534.0	327.0
37164	159784	541.0	328.0
37176	159784	548.0	328.0
37188	159784	556.0	330.0
37200	159784	565.0	331.0
37212	159784	575.0	331.0
37224	159784	588.0	333.0
37236	159784	604.0	335.0
37248	159784	622.0	337.0
37260	159784	644.0	339.0
37272	159784	673.0	343.0
37284	159784	704.0	347.0
37296	159784	752.0	352.0
37308	159784	819.0	360.0
37320	159784	921.0	371.0
37332	159784	991.0	387.0
36900	159794	512.0	322.0
36912	159794	518.0	323.0
36924	159794	522.0	324.0
36936	159794	525.0	324.0
36948	159794	530.0	324.0
36960	159794	535.0	325.0
36972	159794	540.0	326.0
36984	159794	546.0	326.0
36996	159794	553.0	327.0
37008	159794	561.0	327.0
37020	159794	570.0	328.0
37032	159794	581.0	329.0
37044	159794	593.0	330.0
37056	159794	608.0	331.0
37068	159794	625.0	333.0
37080	159794	646.0	335.0
37092	159794	672.0	337.0
37104	159794	704.0	340.0
37116	159794	746.0	345.0
37128	159794	803.0	350.0
37140	159794	883.0	357.0
37152	159794	973.0	365.0
36912	159796	468.0	319.0
36924	159796	468.0	320.0
36936	159796	468.0	319.0
36948	159796	470.0	319.0
36960	159796	471.0	320.0
36972	159796	472.81632653061223	320.16326530612247
36984	159796	474.0408163265306	320.40816326530614
36996	159796	475.265306122449	320.6530612244898
37008	159796	476.48979591836735	320.8979591836735
37020	159796	476.0	320.0
37032	159796	477.0	321.0
37044	159796	478.0	321.0
37056	159796	480.0	320.0
37068	159796	480.0	321.0
37080	159796	482.0	321.0
37092	159796	484.3529411764706	320.5882352941176
37104	159796	486.0	321.0
37116	159796	488.0	322.0
37128	159796	490.0	322.0
37140	159796	491.0	322.0
37152	159796	493.2857142857143	322.0
37164	159796	496.0285714285714	322.0
37176	159796	498.77142857142854	322.0
37188	159796	500.0	323.0
37200	159796	503.0	324.0
37212	159796	506.0	324.0
37224	159796	510.0	324.0
37236	159796	512.0	325.0
37248	159796	516.0	326.0
37260	159796	519.0	326.0
37272	159796	525.0	326.0
37284	159796	529.0	327.0
37296	159796	535.0	328.0
37308	159796	541.0	328.0
37320	159796	548.0	329.0
37332	159796	557.0	330.0
37344	159796	566.0	331.0
37356	159796	576.0	332.0
37368	159796	589.0	333.0
37380	159796	604.0	335.0
37392	159796	623.0	337.0
37404	159796	646.0	340.0
37416	159796	675.0	343.0
37428	159796	712.0	347.0
37440	159796	763.0	353.0
37452	159796	835.0	361.0
37464	159796	947.0	372.0
37104	159826	463.0	321.0
37116	159826	464.625	321.0
37128	159826	466.0	321.0
37140	159826	466.9	322.0
37152	159826	468.0	322.0
37164	159826	469.0	323.0
37176	159826	470.0	322.0
37188	159826	472.0	323.0
37200	159826	474.0	323.0
37212	159826	476.6666666666667	323.0
37224	159826	479.3333333333333	323.0
37236	159826	481.0	324.0
37248	159826	485.0	325.0
37260	159826	485.0	324.0
37272	159826	487.0	323.5
37284	159826	492.0	326.0
37296	159826	494.0	325.0
37308	159826	497.0	326.0
37320	159826	503.0	327.0
37332	159826	506.0	327.0
37344	159826	513.0	328.0
37356	159826	519.0	329.0
37368	159826	527.0	330.0
37380	159826	534.0	331.0
37392	159826	543.0	333.0
37404	159826	555.0	335.0
37416	159826	568.0	337.0
37428	159826	586.0	340.0
37440	159826	609.0	343.0
37452	159826	640.0	348.0
37464	159826	682.0	355.0
37476	159826	745.0	365.0
37488	159826	850.0	381.0
37500	159826	987.0	411.0
37164	159835	518.0	324.0
37176	159835	522.0	324.0
37188	159835	526.0	325.0
37200	159835	529.0	324.0
37212	159835	533.0	325.0
37224	159835	538.0	326.0
37236	159835	543.0	326.0
37248	159835	550.0	326.0
37260	159835	556.0	327.0
37272	159835	563.0	327.0
37284	159835	572.0	328.0
37296	159835	581.0	329.0
37308	159835	592.0	330.0
37320	159835	604.0	331.0
37332	159835	618.0	333.0
37344	159835	636.0	335.0
37356	159835	655.0	336.0
37368	159835	680.0	338.0
37380	159835	710.0	341.0
37392	159835	748.0	345.0
37404	159835	796.0	349.0
37416	159835	863.0	355.0
37428	159835	957.0	364.0
37344	159875	453.0	324.0
37356	159875	455.0	325.0
37368	159875	456.0	325.0
37380	159875	457.0	326.0
37392	159875	458.0	325.0
37404	159875	460.0	326.0
37416	159875	463.0	327.0
37428	159875	464.0	327.0
37440	159875	469.0	329.0
37452	159875	470.0	328.0
37464	159875	474.0	330.0
37476	159875	476.0	330.0
37488	159875	481.0	331.0
37500	159875	485.0	333.0
37512	159875	491.0	334.0
37524	159875	496.0	336.0
37536	159875	503.0	338.0
37548	159875	512.0	340.0
37560	159875	523.0	343.0
37572	159875	537.0	347.0
37584	159875	554.0	351.0
37596	159875	578.0	358.0
37608	159875	612.0	368.0
37620	159875	667.0	383.0
37632	159875	766.0	411.0
37644	159875	968.0	470.0
37464	159898	455.0	323.0
37476	159898	457.0	324.0
37488	159898	459.0	324.0
37500	159898	462.77777777777777	324.27777777777777
37512	159898	466.1111111111111	324.6111111111111
37524	159898	469.44444444444446	324.94444444444446
37536	159898	473.0	326.0
37548	159898	476.0	326.0
37560	159898	481.0	326.0
37572	159898	487.0	327.0
37584	159898	493.0	327.0
37596	159898	499.0	328.0
37608	159898	506.0	329.0
37620	159898	515.0	330.0
37632	159898	524.0	331.0
37644	159898	537.0	333.0
37656	159898	552.0	335.0
37668	159898	570.0	337.0
37680	159898	592.0	341.0
37692	159898	620.0	344.0
37704	159898	659.0	348.0
37716	159898	714.0	355.0
37728	159898	795.0	365.0
37740	159898	929.0	381.0
37632	159928	491.0	325.0
37644	159928	493.0	325.0
37656	159928	497.0	325.0
37668	159928	500.0	326.0
37680	159928	503.0	327.0
37692	159928	507.0	328.0
37704	159928	512.0	329.0
37716	159928	518.0	329.0
37728	159928	525.0	330.0
37740	159928	531.0	331.0
37752	159928	539.0	333.0
37764	159928	548.0	334.0
37776	159928	559.0	336.0
37788	159928	572.0	338.0
37800	159928	588.0	341.0
37812	159928	608.0	344.0
37824	159928	634.0	348.0
37836	159928	668.0	353.0
37848	159928	715.0	360.0
37860	159928	784.0	371.0
37872	159928	896.0	388.0
37884	159928	997.0	416.0
37680	159941	488.0	323.0
37692	159941	490.0	325.0
37704	159941	492.0	325.0
37716	159941	495.0	325.0
37728	159941	501.0	327.0
37740	159941	504.0	327.0
37752	159941	508.0	328.0
37764	159941	513.0	328.0
37776	159941	518.0	330.0
37788	159941	526.0	331.0
37800	159941	533.0	332.0
37812	159941	541.0	333.0
37824	159941	552.0	335.0
37836	159941	565.0	337.0
37848	159941	581.0	340.0
37860	159941	601.0	343.0
37872	159941	625.0	347.0
37884	159941	659.0	352.0
37896	159941	704.0	358.0
37908	159941	771.0	369.0
37920	159941	876.0	386.0
37932	159941	992.0	415.0
37812	159958	466.0	326.0
37824	159958	467.0	325.0
37836	159958	469.0	326.0
37848	159958	472.0	327.0
37860	159958	474.0	327.0
37872	159958	477.0	328.0
37884	159958	480.0	329.0
37896	159958	485.0	330.0
37908	159958	489.0	331.0
37920	159958	495.0	332.0
37932	159958	502.0	334.0
37944	159958	510.0	336.0
37956	159958	520.0	338.0
37968	159958	531.0	341.0
37980	159958	547.0	345.0
37992	159958	567.0	349.0
38004	159958	595.0	356.0
38016	159958	635.0	365.0
38028	159958	701.0	380.0
38040	159958	823.0	408.0
38052	159958	1006.0	474.0
37920	159990	465.0	324.0
37932	159990	466.125	323.0
37944	159990	468.0	323.0
37956	159990	470.0	325.0
37968	159990	473.0	326.0
37980	159990	476.0	326.0
37992	159990	479.0	325.0
38004	159990	482.0	327.0
38016	159990	486.0	327.0
38028	159990	488.0	326.0
38040	159990	493.0	329.0
38052	159990	498.0	329.0
38064	159990	504.0	330.0
38076	159990	510.0	331.0
38088	159990	518.0	332.0
38100	159990	527.0	333.0
38112	159990	537.0	334.0
38124	159990	548.0	336.0
38136	159990	563.0	338.0
38148	159990	580.0	341.0
38160	159990	600.0	344.0
38172	159990	627.0	349.0
38184	159990	663.0	354.0
38196	159990	712.0	361.0
38208	159990	785.0	372.0
38220	159990	904.0	390.0
38232	159990	1002.0	422.0
38076	160064	475.6896551724138	324.0
38088	160064	477.3448275862069	324.0
38100	160064	479.0	324.0
38112	160064	479.0	325.0
38124	160064	483.6	325.0
38136	160064	487.0	326.0
38148	160064	490.0	327.0
38160	160064	493.0	327.0
38172	160064	497.0	328.0
38184	160064	502.0	328.0
38196	160064	508.0	329.0
38208	160064	514.0	330.0
38220	160064	522.0	331.0
38232	160064	530.0	332.0
38244	160064	539.0	334.0
38256	160064	549.0	336.0
38268	160064	563.0	337.0
38280	160064	578.0	341.0
38292	160064	597.0	343.0
38304	160064	623.0	348.0
38316	160064	657.0	353.0
38328	160064	703.0	360.0
38340	160064	773.0	372.0
38352	160064	888.0	390.0
38364	160064	997.0	421.0
38124	160073	462.0	324.0
38136	160073	463.0	324.0
38148	160073	465.0	325.0
38160	160073	467.0	326.0
38172	160073	468.0	326.0
38184	160073	470.0	326.0
38196	160073	472.0	327.0
38208	160073	474.0	328.0
38220	160073	476.0	328.0
38232	160073	480.0	328.0
38244	160073	482.0	330.0
38256	160073	486.0	330.0
38268	160073	490.0	331.0
38280	160073	493.0	332.0
38292	160073	498.0	333.0
38304	160073	504.0	334.0
38316	160073	512.0	336.0
38328	160073	521.0	339.0
38340	160073	533.0	342.0
38352	160073	547.0	345.0
38364	160073	567.0	349.0
38376	160073	593.0	355.0
38388	160073	630.0	363.0
38400	160073	688.0	376.0
38412	160073	787.0	398.0
38424	160073	968.0	441.0
38232	160091	457.0	321.0
38244	160091	458.0	321.0
38256	160091	460.2413793103448	321.3103448275862
38268	160091	461.8965517241379	321.7241379310345
38280	160091	463.0	322.0
38292	160091	465.0	322.0
38304	160091	466.0	322.0
38316	160091	469.0	323.0
38328	160091	472.0	324.0
38340	160091	474.0	324.0
38352	160091	476.0	324.0
38364	160091	479.0	324.0
38376	160091	483.0	325.0
38388	160091	487.0	326.0
38400	160091	491.0	326.0
38412	160091	496.0	328.0
38424	160091	499.0	327.0
38436	160091	505.0	329.0
38448	160091	511.0	329.0
38460	160091	518.0	330.0
38472	160091	527.0	332.0
38484	160091	536.0	333.0
38496	160091	548.0	335.0
38508	160091	563.0	337.0
38520	160091	582.0	341.0
38532	160091	607.0	345.0
38544	160091	641.0	350.0
38556	160091	691.0	358.0
38568	160091	768.0	370.0
38580	160091	908.0	392.0
38592	160091	1011.0	420.0
38412	160126	478.0	323.0
38424	160126	481.0	324.0
38436	160126	482.0	324.0
38448	160126	485.0	324.0
38460	160126	488.0	325.0
38472	160126	490.0	326.0
38484	160126	494.0	326.0
38496	160126	498.0	327.0
38508	160126	502.0	327.0
38520	160126	505.0	328.0
38532	160126	511.0	328.0
38544	160126	517.0	330.0
38556	160126	524.0	331.0
38568	160126	531.0	331.0
38580	160126	540.0	333.0
38592	160126	551.0	335.0
38604	160126	564.0	337.0
38616	160126	581.0	341.0
38628	160126	602.0	344.0
38640	160126	629.0	348.0
38652	160126	667.0	354.0
38664	160126	722.0	363.0
38676	160126	810.0	378.0
38688	160126	961.0	403.0
38580	160200	466.0	324.0
38592	160200	466.0	324.0
38604	160200	468.5882352941176	324.29411764705884
38616	160200	470.0	325.0
38628	160200	469.0	325.0
38640	160200	466.42857142857144	324.14285714285717
38652	160200	466.0	324.0
38664	160200	469.0	325.0
38676	160200	470.0	325.0
38688	160200	472.0	325.0
38700	160200	475.0	326.0
38712	160200	476.0	327.0
38724	160200	479.0	328.0
38736	160200	483.0	329.0
38748	160200	485.0	329.0
38760	160200	488.0	330.0
38772	160200	491.0	331.0
38784	160200	495.0	331.0
38796	160200	501.0	333.0
38808	160200	507.0	334.0
38820	160200	512.0	336.0
38832	160200	521.0	338.0
38844	160200	530.0	340.0
38856	160200	543.0	344.0
38868	160200	558.0	348.0
38880	160200	580.0	353.0
38892	160200	608.0	359.0
38904	160200	653.0	370.0
38916	160200	726.0	388.0
38928	160200	866.0	420.0
38940	160200	1025.0	486.0
38676	160251	455.0	322.0
38688	160251	455.0	322.0
38700	160251	457.0	323.0
38712	160251	457.0	323.0
38724	160251	459.0	324.0
38736	160251	458.0	323.0
38748	160251	460.0	323.0
38760	160251	460.0	324.0
38772	160251	463.0	325.0
38784	160251	463.0	325.0
38796	160251	465.0	326.0
38808	160251	466.0	325.0
38820	160251	469.0	327.0
38832	160251	470.0	327.0
38844	160251	473.0	328.0
38856	160251	475.0	328.0
38868	160251	479.0	329.0
38880	160251	483.0	329.0
38892	160251	488.0	330.0
38904	160251	494.0	331.0
38916	160251	501.0	333.0
38928	160251	507.0	334.0
38940	160251	514.0	336.0
38952	160251	523.0	339.0
38964	160251	534.0	342.0
38976	160251	548.0	345.0
38988	160251	566.0	349.0
39000	160251	592.0	355.0
39012	160251	628.0	363.0
39024	160251	691.0	378.0
39036	160251	803.0	402.0
39048	160251	990.0	456.0
38880	160312	467.0	325.0
38892	160312	471.0	326.0
38904	160312	474.0	326.0
38916	160312	477.0	328.0
38928	160312	479.0	328.0
38940	160312	482.0	329.0
38952	160312	486.0	330.0
38964	160312	488.0	331.0
38976	160312	493.0	332.0
38988	160312	498.0	333.0
39000	160312	504.0	335.0
39012	160312	510.0	337.0
39024	160312	518.0	339.0
39036	160312	529.0	342.0
39048	160312	541.0	346.0
39060	160312	558.0	350.0
39072	160312	581.0	357.0
39084	160312	615.0	365.0
39096	160312	669.0	380.0
39108	160312	765.0	405.0
39120	160312	966.0	461.0
39072	160385	510.3333333333333	321.3333333333333
39084	160385	514.0	322.0
39096	160385	516.75	322.9166666666667
39108	160385	521.2	323.0
39120	160385	526.0	323.0
39132	160385	530.0	323.0
39144	160385	537.0	325.0
39156	160385	542.0	325.0
39168	160385	549.0	325.0
39180	160385	557.0	327.0
39192	160385	565.0	327.0
39204	160385	576.0	328.0
39216	160385	589.0	329.0
39228	160385	603.0	330.0
39240	160385	620.0	332.0
39252	160385	640.0	334.0
39264	160385	666.0	337.0
39276	160385	698.0	340.0
39288	160385	742.0	344.0
39300	160385	799.0	349.0
39312	160385	881.0	357.0
39324	160385	976.0	367.0
39132	160406	503.0	323.0
39144	160406	505.6666666666667	324.3333333333333
39156	160406	509.75	324.75
39168	160406	514.0	325.0
39180	160406	519.0	325.0
39192	160406	523.0	326.0
39204	160406	529.0	327.0
39216	160406	535.0	327.0
39228	160406	542.0	328.0
39240	160406	551.0	329.0
39252	160406	559.0	331.0
39264	160406	568.0	331.0
39276	160406	581.0	332.0
39288	160406	596.0	334.0
39300	160406	611.0	336.0
39312	160406	631.0	338.0
39324	160406	656.0	341.0
39336	160406	687.0	345.0
39348	160406	728.0	350.0
39360	160406	786.0	356.0
39372	160406	867.0	364.0
39384	160406	974.0	380.0
39216	160421	514.0	323.0
39228	160421	517.0	325.0
39240	160421	522.0	326.0
39252	160421	527.0	326.0
39264	160421	533.0	328.0
39276	160421	538.0	326.0
39288	160421	545.0	328.0
39300	160421	552.0	329.0
39312	160421	561.0	330.0
39324	160421	572.0	331.0
39336	160421	582.0	332.0
39348	160421	595.0	334.0
39360	160421	611.0	336.0
39372	160421	630.0	337.0
39384	160421	654.0	341.0
39396	160421	683.0	344.0
39408	160421	720.0	348.0
39420	160421	774.0	354.0
39432	160421	849.0	362.0
39444	160421	961.0	376.0
39216	160423	501.0	322.0
39228	160423	503.0	322.0
39240	160423	506.0	322.0
39252	160423	509.0	322.0
39264	160423	513.0	322.0
39276	160423	515.0	322.0
39288	160423	519.0	323.0
39300	160423	523.0	324.0
39312	160423	526.0	324.0
39324	160423	530.0	324.0
39336	160423	535.0	325.0
39348	160423	540.0	325.0
39360	160423	546.0	326.0
39372	160423	553.0	326.0
39384	160423	560.0	327.0
39396	160423	567.0	328.0
39408	160423	577.0	328.0
39420	160423	587.0	329.0
39432	160423	600.0	331.0
39444	160423	614.0	332.0
39456	160423	629.0	333.0
39468	160423	648.0	335.0
39480	160423	671.0	337.0
39492	160423	699.0	340.0
39504	160423	734.0	343.0
39516	160423	779.0	348.0
39528	160423	841.0	353.0
39540	160423	929.0	361.0
39552	160423	987.0	371.0
39444	160488	509.0	324.0
39456	160488	512.0	323.0
39468	160488	515.0	323.0
39480	160488	519.0	326.0
39492	160488	523.0	326.0
39504	160488	529.0	326.0
39516	160488	534.0	327.0
39528	160488	541.0	328.0
39540	160488	550.0	329.0
39552	160488	558.0	330.0
39564	160488	569.0	331.0
39576	160488	581.0	332.0
39588	160488	595.0	334.0
39600	160488	614.0	336.0
39612	160488	638.0	339.0
39624	160488	665.0	342.0
39636	160488	704.0	346.0
39648	160488	757.0	353.0
39660	160488	835.0	361.0
39672	160488	957.0	375.0
39492	160501	453.0	323.0
39504	160501	455.0	323.0
39516	160501	455.0	324.0
39528	160501	457.0	324.0
39540	160501	458.0	324.0
39552	160501	459.0	324.0
39564	160501	461.0	324.0
39576	160501	464.0	325.0
39588	160501	466.0	325.0
39600	160501	467.0	326.0
39612	160501	468.0	326.0
39624	160501	471.0	327.0
39636	160501	473.0	328.0
39648	160501	475.0	329.0
39660	160501	478.0	329.0
39672	160501	481.0	330.0
39684	160501	485.0	331.0
39696	160501	488.0	331.0
39708	160501	494.0	332.0
39720	160501	498.0	334.0
39732	160501	504.0	336.0
39744	160501	511.0	338.0
39756	160501	519.0	340.0
39768	160501	530.0	343.0
39780	160501	543.0	346.0
39792	160501	561.0	351.0
39804	160501	585.0	357.0
39816	160501	621.0	367.0
39828	160501	675.0	381.0
39840	160501	771.0	405.0
39852	160501	962.0	455.0
39504	160503	478.0	323.0
39516	160503	478.6521739130435	322.1304347826087
39528	160503	481.2608695652174	322.6521739130435
39540	160503	484.3333333333333	323.6666666666667
39552	160503	486.6666666666667	324.0
39564	160503	488.8	324.0
39576	160503	492.0	326.0
39588	160503	493.0	325.0
39600	160503	496.0	326.0
39612	160503	502.0	326.0
39624	160503	505.0	327.0
39636	160503	510.0	329.0
39648	160503	515.0	329.0
39660	160503	523.0	330.0
39672	160503	529.0	331.0
39684	160503	538.0	332.0
39696	160503	547.0	334.0
39708	160503	559.0	336.0
39720	160503	575.0	339.0
39732	160503	594.0	342.0
39744	160503	620.0	346.0
39756	160503	654.0	352.0
39768	160503	703.0	360.0
39780	160503	780.0	372.0
39792	160503	912.0	392.0
39516	160504	515.0	322.0
39528	160504	518.0	323.0
39540	160504	522.0	324.0
39552	160504	526.0	324.0
39564	160504	528.0	324.0
39576	160504	533.0	324.0
39588	160504	539.0	325.0
39600	160504	544.0	326.0
39612	160504	550.0	326.0
39624	160504	557.0	327.0
39636	160504	564.0	328.0
39648	160504	573.0	328.0
39660	160504	583.0	329.0
39672	160504	594.0	330.0
39684	160504	607.0	331.0
39696	160504	622.0	333.0
39708	160504	641.0	334.0
39720	160504	664.0	337.0
39732	160504	691.0	339.0
39744	160504	725.0	343.0
39756	160504	772.0	347.0
39768	160504	834.0	352.0
39780	160504	923.0	361.0
39792	160504	987.0	370.0
39708	160540	452.0	323.0
39720	160540	453.0	323.0
39732	160540	454.0	322.0
39744	160540	454.0	323.0
39756	160540	456.0	323.0
39768	160540	458.0	323.0
39780	160540	459.0	324.0
39792	160540	460.0	324.0
39804	160540	461.0	324.0
39816	160540	464.0	325.0
39828	160540	466.0	326.0
39840	160540	467.0	326.0
39852	160540	470.0	326.0
39864	160540	474.0	328.0
39876	160540	478.0	328.0
39888	160540	483.0	328.0
39900	160540	488.0	329.0
39912	160540	495.0	331.0
39924	160540	503.0	332.0
39936	160540	512.0	333.0
39948	160540	524.0	335.0
39960	160540	539.0	337.0
39972	160540	556.0	341.0
39984	160540	579.0	344.0
39996	160540	608.0	348.0
40008	160540	649.0	354.0
40020	160540	709.0	364.0
40032	160540	806.0	380.0
40044	160540	968.0	408.0
39720	160541	521.0	322.0
39732	160541	523.0	322.0
39744	160541	527.0	323.0
39756	160541	529.0	323.0
39768	160541	533.8076923076923	324.15384615384613
39780	160541	538.6538461538462	325.0769230769231
39792	160541	543.5	326.0
39804	160541	548.3461538461538	326.9230769230769
39816	160541	553.1923076923077	327.84615384615387
39828	160541	561.0	326.0
39840	160541	569.0	327.0
39852	160541	577.0	327.0
39864	160541	585.4	327.3
39876	160541	593.8	327.6
39888	160541	602.2	327.9
39900	160541	617.0	331.0
39912	160541	636.0	332.0
39924	160541	657.0	334.0
39936	160541	680.0	336.0
39948	160541	708.0	338.0
39960	160541	743.0	341.0
39972	160541	770.0	326.0
39984	160541	855.0	350.0
39996	160541	935.0	357.0
40020	160606	490.85714285714283	323.85714285714283
40032	160606	492.0	326.0
40044	160606	495.0	326.0
40056	160606	500.0	326.0
40068	160606	503.0	327.0
40080	160606	507.0	327.0
40092	160606	513.0	328.0
40104	160606	517.0	329.0
40116	160606	525.0	330.0
40128	160606	532.0	331.0
40140	160606	541.0	333.0
40152	160606	552.0	334.0
40164	160606	565.0	337.0
40176	160606	582.0	339.0
40188	160606	602.0	343.0
40200	160606	629.0	346.0
40212	160606	665.0	352.0
40224	160606	718.0	360.0
40236	160606	800.0	373.0
40248	160606	947.0	395.0
40032	160608	502.8	324.0
40044	160608	507.0	323.0
40056	160608	514.0	324.0
40068	160608	517.0	325.0
40080	160608	523.3333333333334	325.0
40092	160608	529.0	324.0
40104	160608	534.0	327.0
40116	160608	540.0	327.0
40128	160608	548.0	328.0
40140	160608	556.0	329.0
40152	160608	565.0	330.0
40164	160608	576.0	331.0
40176	160608	590.0	333.0
40188	160608	606.0	334.0
40200	160608	623.3333333333334	334.6666666666667
40212	160608	640.3333333333334	335.6666666666667
40224	160608	668.0	342.0
40236	160608	710.0	347.0
40248	160608	778.0	355.0
40260	160608	871.0	365.0
40272	160608	979.0	381.0
40140	160629	512.0	322.0
40152	160629	517.0	324.0
40164	160629	520.0	325.0
40176	160629	524.0	324.0
40188	160629	527.0	324.0
40200	160629	532.0	323.0
40212	160629	537.0	325.0
40224	160629	542.7209302325581	325.1860465116279
40236	160629	548.3023255813954	325.4651162790698
40248	160629	553.8837209302326	325.74418604651163
40260	160629	559.0	326.0
40272	160629	568.0	327.0
40284	160629	580.0	329.0
40296	160629	592.0	330.0
40308	160629	606.0	332.0
40320	160629	621.0	333.0
40332	160629	640.0	334.0
40344	160629	656.6315789473684	331.2631578947368
40356	160629	677.0	335.0
40368	160629	722.0	342.0
40380	160629	773.0	347.0
40392	160629	838.0	353.0
40404	160629	931.0	361.0
40236	160666	502.0	324.0
40248	160666	505.0	324.0
40260	160666	509.0	324.0
40272	160666	514.0	325.0
40284	160666	517.0	326.0
40296	160666	522.0	325.0
40308	160666	526.0	326.0
40320	160666	532.0	327.0
40332	160666	537.0	327.0
40344	160666	543.0	328.0
40356	160666	552.0	330.0
40368	160666	560.0	330.0
40380	160666	570.0	331.0
40392	160666	582.0	332.0
40404	160666	596.0	334.0
40416	160666	614.0	337.0
40428	160666	633.0	338.0
40440	160666	659.0	342.0
40452	160666	692.0	346.0
40464	160666	735.0	351.0
40476	160666	796.0	358.0
40488	160666	885.0	367.0
40500	160666	982.0	384.0
40248	160670	453.85714285714283	322.0
40260	160670	454.6666666666667	321.0
40272	160670	456.0	322.0
40284	160670	458.2857142857143	322.2857142857143
40296	160670	460.57142857142856	322.57142857142856
40308	160670	462.85714285714283	322.85714285714283
40320	160670	464.0	324.0
40332	160670	467.0	324.0
40344	160670	469.0	325.0
40356	160670	472.0	326.0
40368	160670	474.0	326.0
40380	160670	478.0	327.0
40392	160670	481.0	327.0
40404	160670	486.0	328.0
40416	160670	489.0	329.0
40428	160670	494.0	330.0
40440	160670	502.0	332.0
40452	160670	508.0	332.0
40464	160670	516.0	333.0
40476	160670	526.0	334.0
40488	160670	538.0	337.0
40500	160670	553.0	340.0
40512	160670	571.0	343.0
40524	160670	596.0	347.0
40536	160670	628.0	353.0
40548	160670	674.0	361.0
40560	160670	745.0	373.0
40572	160670	865.0	393.0
40584	160670	1000.0	429.0
40464	160718	487.0	325.0
40476	160718	491.0	325.0
40488	160718	491.0	325.0
40500	160718	495.0	327.0
40512	160718	499.0	327.0
40524	160718	503.0	327.0
40536	160718	507.0	328.0
40548	160718	511.0	329.0
40560	160718	516.0	330.0
40572	160718	521.0	331.0
40584	160718	528.0	332.0
40596	160718	536.0	334.0
40608	160718	545.0	336.0
40620	160718	555.0	337.0
40632	160718	568.0	340.0
40644	160718	585.0	343.0
40656	160718	605.0	346.0
40668	160718	632.0	351.0
40680	160718	669.0	357.0
40692	160718	722.0	366.0
40704	160718	805.0	379.0
40716	160718	946.0	402.0
40536	160732	490.0	325.0
40548	160732	494.0	327.0
40560	160732	497.0	327.0
40572	160732	502.0	327.0
40584	160732	506.0	328.0
40596	160732	512.0	329.0
40608	160732	517.0	330.0
40620	160732	524.0	331.0
40632	160732	530.0	332.0
40644	160732	539.0	334.0
40656	160732	548.0	336.0
40668	160732	560.0	337.0
40680	160732	575.0	340.0
40692	160732	592.0	343.0
40704	160732	613.0	347.0
40716	160732	643.0	352.0
40728	160732	682.0	358.0
40740	160732	742.0	367.0
40752	160732	833.0	383.0
40764	160732	972.0	411.0
40584	160752	480.0	325.0
40596	160752	482.0	325.0
40608	160752	485.0	326.0
40620	160752	488.0	325.0
40632	160752	493.0	326.0
40644	160752	499.0	327.0
40656	160752	503.0	329.0
40668	160752	509.0	329.0
40680	160752	515.0	330.0
40692	160752	523.0	331.0
40704	160752	532.0	332.0
40716	160752	541.0	334.0
40728	160752	552.0	336.0
40740	160752	567.0	337.0
40752	160752	584.0	341.0
40764	160752	607.0	344.0
40776	160752	635.0	348.0
40788	160752	675.0	355.0
40800	160752	733.0	364.0
40812	160752	820.0	377.0
40824	160752	965.0	401.0
40632	160763	462.0	322.0
40644	160763	462.0	322.0
40656	160763	464.0	323.0
40668	160763	465.0	323.0
40680	160763	466.0	324.0
40692	160763	468.0	325.0
40704	160763	469.0	325.0
40716	160763	470.0	325.0
40728	160763	473.0	326.0
40740	160763	475.0	327.0
40752	160763	477.0	328.0
40764	160763	482.0	328.0
40776	160763	486.0	329.0
40788	160763	491.0	330.0
40800	160763	496.0	332.0
40812	160763	503.0	333.0
40824	160763	510.0	336.0
40836	160763	519.0	337.0
40848	160763	531.0	340.0
40860	160763	547.0	345.0
40872	160763	566.0	350.0
40884	160763	596.0	357.0
40896	160763	639.0	368.0
40908	160763	716.0	388.0
40920	160763	877.0	426.0
40932	160763	1028.0	500.0
40644	160766	484.0	324.0
40656	160766	487.0	326.0
40668	160766	492.0	325.0
40680	160766	496.0	325.0
40692	160766	501.0	327.0
40704	160766	504.0	327.0
40716	160766	509.0	328.0
40728	160766	514.0	329.0
40740	160766	521.0	330.0
40752	160766	529.0	331.0
40764	160766	537.0	332.0
40776	160766	547.0	334.0
40788	160766	559.0	336.0
40800	160766	575.0	338.0
40812	160766	593.0	341.0
40824	160766	617.0	345.0
40836	160766	649.0	350.0
40848	160766	693.0	357.0
40860	160766	759.0	368.0
40872	160766	866.0	384.0
40884	160766	996.0	415.0
40716	160780	452.0	323.0
40728	160780	454.0	324.0
40740	160780	454.0	324.0
40752	160780	455.0	324.0
40764	160780	456.0	324.0
40776	160780	457.0	325.0
40788	160780	459.0	326.0
40800	160780	460.0	325.0
40812	160780	464.0	327.0
40824	160780	466.0	327.0
40836	160780	468.0	328.0
40848	160780	472.0	328.0
40860	160780	474.0	329.0
40872	160780	478.0	330.0
40884	160780	482.0	331.0
40896	160780	487.0	332.0
40908	160780	493.0	334.0
40920	160780	500.0	335.0
40932	160780	507.0	337.0
40944	160780	518.0	340.0
40956	160780	529.0	344.0
40968	160780	546.0	347.0
40980	160780	568.0	353.0
40992	160780	597.0	361.0
41004	160780	644.0	372.0
41016	160780	722.0	393.0
41028	160780	888.0	434.0
41040	160780	1024.0	490.0
40812	160805	483.0	325.0
40824	160805	487.0	324.0
40836	160805	490.0	324.0
40848	160805	494.0	326.0
40860	160805	499.0	326.0
40872	160805	503.0	326.0
40884	160805	508.0	327.0
40896	160805	514.0	328.0
40908	160805	519.0	328.0
40920	160805	527.0	330.0
40932	160805	535.0	331.0
40944	160805	544.0	333.0
40956	160805	557.0	335.0
40968	160805	572.0	337.0
40980	160805	592.0	340.0
40992	160805	617.0	343.0
41004	160805	653.0	348.0
41016	160805	690.3793103448276	355.9655172413793
41028	160805	726.7931034482758	364.6551724137931
41040	160805	830.0	384.0
41052	160805	991.0	416.0
41016	160855	452.9	322.0
41028	160855	453.53333333333336	322.26666666666665
41040	160855	456.0	323.0
41052	160855	457.0	324.0
41064	160855	457.0344827586207	324.17241379310343
41076	160855	459.51724137931035	324.58620689655174
41088	160855	462.0	325.0
41100	160855	464.3333333333333	325.0
41112	160855	467.0	325.0
41124	160855	469.0	326.0
41136	160855	473.0	327.0
41148	160855	476.0	328.0
41160	160855	481.0	329.0
41172	160855	487.0	330.0
41184	160855	492.0	331.0
41196	160855	498.0	332.0
41208	160855	507.0	334.0
41220	160855	516.0	336.0
41232	160855	529.0	339.0
41244	160855	547.0	342.0
41256	160855	568.0	346.0
41268	160855	599.0	353.0
41280	160855	645.0	362.0
41292	160855	724.0	378.0
41304	160855	877.0	409.0
41256	160898	475.0	326.0
41268	160898	477.42857142857144	326.0
41280	160898	479.0	327.0
41292	160898	482.0	328.0
41304	160898	486.0	329.0
41316	160898	489.0	330.0
41328	160898	493.0	331.0
41340	160898	498.0	332.0
41352	160898	505.0	334.0
41364	160898	511.0	336.0
41376	160898	519.0	337.0
41388	160898	529.0	340.0
41400	160898	543.0	344.0
41412	160898	558.0	347.0
41424	160898	579.0	352.0
41436	160898	608.0	359.0
41448	160898	651.0	370.0
41460	160898	722.0	388.0
41472	160898	858.0	419.0
41484	160898	1022.0	496.0
41328	160906	466.0	321.0
41340	160906	466.0	320.0
41352	160906	468.0	321.0
41364	160906	469.32	320.0
41376	160906	470.28	320.0
41388	160906	471.0	321.0
41400	160906	472.0	321.0
41412	160906	474.0	322.0
41424	160906	474.0	322.0
41436	160906	476.0	322.0
41448	160906	478.0	322.0
41460	160906	479.0	322.0
41472	160906	481.0	323.0
41484	160906	483.0	323.0
41496	160906	485.0	324.0
41508	160906	486.0	324.0
41520	160906	490.0	325.0
41532	160906	492.0	325.0
41544	160906	495.0	325.0
41556	160906	498.0	325.0
41568	160906	502.0	326.0
41580	160906	506.0	326.0
41592	160906	511.0	328.0
41604	160906	516.0	328.0
41616	160906	522.0	329.0
41628	160906	528.0	330.0
41640	160906	534.0	331.0
41652	160906	544.0	333.0
41664	160906	554.0	334.0
41676	160906	565.0	336.0
41688	160906	580.0	338.0
41700	160906	598.0	341.0
41712	160906	620.0	345.0
41724	160906	647.0	349.0
41736	160906	687.0	355.0
41748	160906	743.0	363.0
41760	160906	828.0	376.0
41772	160906	959.0	398.0
41784	160906	993.0	408.0
41796	160906	998.0	412.0
41808	160906	991.0	412.0
41820	160906	1001.0	388.0
41364	160908	488.85714285714283	320.57142857142856
41376	160908	493.0	322.0
41388	160908	495.0	322.0
41400	160908	499.0	322.75
41412	160908	502.0	324.0
41424	160908	504.0	324.0
41436	160908	507.0	324.0
41448	160908	511.0	325.0
41460	160908	516.0	325.0
41472	160908	521.0	325.0
41484	160908	527.0	327.0
41496	160908	533.0	327.0
41508	160908	541.0	328.0
41520	160908	548.0	329.0
41532	160908	558.0	330.0
41544	160908	569.0	331.0
41556	160908	581.0	333.0
41568	160908	597.0	334.0
41580	160908	617.0	337.0
41592	160908	642.0	340.0
41604	160908	674.0	344.0
41616	160908	717.0	348.0
41628	160908	779.0	356.0
41640	160908	871.0	366.0
41652	160908	982.0	384.0
41556	160938	470.0	324.0
41568	160938	472.0	324.0
41580	160938	474.0	324.0
41592	160938	475.0	323.0
41604	160938	479.0	324.0
41616	160938	482.0	325.0
41628	160938	485.0	326.0
41640	160938	487.0	325.0
41652	160938	492.0	327.0
41664	160938	495.0	327.0
41676	160938	499.0	328.0
41688	160938	503.0	328.0
41700	160938	507.0	329.0
41712	160938	513.0	330.0
41724	160938	520.0	331.0
41736	160938	526.0	332.0
41748	160938	534.0	334.0
41760	160938	544.0	336.0
41772	160938	556.0	337.0
41784	160938	571.0	340.0
41796	160938	589.0	343.0
41808	160938	612.0	346.0
41820	160938	641.0	352.0
41832	160938	682.0	358.0
41844	160938	742.0	367.0
41856	160938	833.0	382.0
41868	160938	972.0	409.0
41832	160981	479.0	320.0
41844	160981	480.0	321.0
41856	160981	481.0	321.0
41868	160981	483.0	321.0
41880	160981	485.07142857142856	321.64285714285717
41892	160981	487.0	322.0
41904	160981	488.0	322.0
41916	160981	490.0	322.0
41928	160981	493.0	322.0
41940	160981	494.0	322.0
41952	160981	497.0	322.0
41964	160981	500.0	323.0
41976	160981	502.0	324.0
41988	160981	505.0	323.0
42000	160981	509.0	324.0
42012	160981	511.0	325.0
42024	160981	517.0	325.0
42036	160981	519.0	326.0
42048	160981	527.0	326.0
42060	160981	531.0	328.0
42072	160981	536.0	327.0
42084	160981	543.0	329.0
42096	160981	550.0	329.0
42108	160981	559.0	331.0
42120	160981	569.0	331.0
42132	160981	580.0	333.0
41868	160992	504.0	324.0
41880	160992	507.0	324.0
41892	160992	509.0	324.0
41904	160992	515.0	325.0
41916	160992	519.0	325.0
41928	160992	522.0	325.0
41940	160992	527.0	326.0
41952	160992	533.0	327.0
41964	160992	541.0	328.0
41976	160992	547.0	329.0
41988	160992	556.0	330.0
42000	160992	565.0	331.0
42012	160992	578.0	332.0
42024	160992	591.0	334.0
42036	160992	607.0	336.0
42048	160992	626.0	337.0
42060	160992	650.0	340.0
42072	160992	681.0	344.0
42084	160992	722.0	349.0
42096	160992	780.0	355.0
42108	160992	862.0	364.0
42120	160992	973.0	379.0
41916	161014	478.14285714285717	322.0
41928	161014	480.0	322.0
41940	161014	481.2	323.0
41952	161014	482.25	323.0
41964	161014	484.5	323.0
41976	161014	489.0	324.0
41988	161014	492.0	325.0
42000	161014	494.0	325.0
42012	161014	496.0	325.0
42024	161014	500.0	326.0
42036	161014	505.0	326.0
42048	161014	510.0	327.0
42060	161014	515.0	328.0
42072	161014	520.0	329.0
42084	161014	528.0	330.0
42096	161014	537.0	332.0
42108	161014	544.0	334.0
42120	161014	557.0	335.0
42132	161014	572.0	337.0
42144	161014	591.0	340.0
42156	161014	613.0	344.0
42168	161014	644.0	349.0
42180	161014	688.0	357.0
42192	161014	754.0	366.0
42204	161014	868.0	384.0
42216	161014	991.0	417.0
42228	161014	1001.0	421.0
42240	161014	1001.0	398.0
42084	161046	489.0	325.0
42096	161046	492.0	325.0
42108	161046	496.0	325.0
42120	161046	499.0	327.0
42132	161046	502.0	327.0
42144	161046	504.0	328.0
42156	161046	511.0	329.0
42168	161046	517.0	330.0
42180	161046	524.0	330.0
42192	161046	533.0	331.0
42204	161046	541.0	332.0
42216	161046	552.0	335.0
42228	161046	565.0	338.0
42240	161046	582.0	340.0
42252	161046	601.0	344.0
42264	161046	629.0	348.0
42276	161046	666.0	354.0
42288	161046	722.0	363.0
42300	161046	810.0	377.0
42312	161046	958.0	402.0
42120	161056	476.0	322.0
42132	161056	476.25	322.75
42144	161056	478.09090909090907	322.0
42156	161056	481.0	322.0
42168	161056	482.0	324.0
42180	161056	484.0	324.0
42192	161056	486.0	324.0
42204	161056	489.0	324.0
42216	161056	491.0	325.0
42228	161056	494.0	325.0
42240	161056	497.0	326.0
42252	161056	500.0	326.0
42264	161056	504.0	327.0
42276	161056	508.0	327.0
42288	161056	513.0	328.0
42300	161056	520.0	329.0
42312	161056	525.0	330.0
42324	161056	531.0	331.0
42336	161056	539.0	332.0
42348	161056	548.0	334.0
42360	161056	559.0	335.0
42372	161056	573.0	337.0
42384	161056	591.0	341.0
42396	161056	611.0	343.0
42408	161056	638.0	348.0
42420	161056	675.0	353.0
42432	161056	727.0	361.0
42444	161056	807.0	373.0
42456	161056	942.0	394.0
42264	161106	490.125	322.0
42276	161106	494.0	322.0
42288	161106	497.0	323.0
42300	161106	500.0	323.0
42312	161106	503.0	324.0
42324	161106	507.0	324.0
42336	161106	510.0	324.0
42348	161106	514.0	325.0
42360	161106	519.0	326.0
42372	161106	524.0	326.0
42384	161106	530.0	327.0
42396	161106	535.0	327.0
42408	161106	542.0	328.0
42420	161106	550.0	329.0
42432	161106	559.0	330.0
42444	161106	570.0	331.0
42456	161106	582.0	332.0
42468	161106	597.0	334.0
42480	161106	610.5	329.5
42492	161106	633.0	338.0
42504	161106	668.0	343.0
42516	161106	709.0	347.0
42528	161106	765.0	354.0
42540	161106	849.0	363.0
42552	161106	971.0	379.0
42444	161171	467.0	320.0
42456	161171	466.0	320.0
42468	161171	467.0	320.0
42480	161171	470.0	321.0
42492	161171	469.0	321.0
42504	161171	471.0	322.0
42516	161171	472.2962962962963	322.18518518518516
42528	161171	473.85185185185185	322.4074074074074
42540	161171	475.4074074074074	322.6296296296296
42552	161171	476.962962962963	322.85185185185185
42564	161171	478.0	324.0
42576	161171	479.0	323.0
42588	161171	481.3636363636364	323.0
42600	161171	483.9230769230769	323.46153846153845
42612	161171	487.0	325.0
42624	161171	491.0	326.0
42636	161171	493.0	326.0
42648	161171	497.0	327.0
42660	161171	500.0	326.0
42672	161171	504.0	327.0
42684	161171	509.0	329.0
42696	161171	516.0	329.0
42708	161171	522.0	330.0
42720	161171	529.0	332.0
42732	161171	537.0	333.0
42744	161171	547.0	334.0
42756	161171	559.0	337.0
42768	161171	574.0	340.0
42780	161171	593.0	343.0
42792	161171	619.0	348.0
42804	161171	654.0	353.0
42816	161171	705.0	362.0
42828	161171	786.0	376.0
42840	161171	930.0	399.0
42480	161183	502.0	324.0
42492	161183	505.0	323.0
42504	161183	509.0	324.0
42516	161183	513.0	325.0
42528	161183	518.0	325.0
42540	161183	524.0	326.0
42552	161183	530.0	327.0
42564	161183	537.0	328.0
42576	161183	544.0	328.0
42588	161183	553.0	330.0
42600	161183	564.0	331.0
42612	161183	576.0	332.0
42624	161183	592.0	334.0
42636	161183	610.0	336.0
42648	161183	632.0	339.0
42660	161183	661.0	342.0
42672	161183	699.0	347.0
42684	161183	752.0	352.0
42696	161183	829.0	361.0
42708	161183	955.0	375.0
42564	161199	517.0	323.0
42576	161199	520.75	323.75
42588	161199	525.0	324.0
42600	161199	528.0	324.0
42612	161199	532.0	325.0
42624	161199	538.0	325.0
42636	161199	544.0	325.0
42648	161199	550.0	326.0
42660	161199	558.0	327.0
42672	161199	566.0	327.0
42684	161199	575.0	328.0
42696	161199	587.0	329.0
42708	161199	600.0	330.0
42720	161199	613.0	331.0
42732	161199	631.0	334.0
42744	161199	655.0	335.0
42756	161199	682.0	338.0
42768	161199	717.0	340.0
42780	161199	751.5806451612904	344.19354838709677
42792	161199	786.0322580645161	347.6774193548387
42804	161199	835.0	353.0
42816	161199	960.0	367.0
42564	161201	503.0	324.0
42576	161201	506.0	324.0
42588	161201	509.0	324.0
42600	161201	514.0	325.0
42612	161201	518.0	325.0
42624	161201	523.0	325.0
42636	161201	529.0	326.0
42648	161201	534.0	327.0
42660	161201	541.0	328.0
42672	161201	548.0	328.0
42684	161201	558.0	330.0
42696	161201	568.0	331.0
42708	161201	581.0	332.0
42720	161201	596.0	334.0
42732	161201	615.0	337.0
42744	161201	638.0	339.0
42756	161201	669.0	343.0
42768	161201	709.0	347.0
42780	161201	766.0	354.0
42792	161201	849.0	363.0
42804	161201	971.0	378.0
42672	161225	489.0	325.0
42684	161225	491.0	325.0
42696	161225	494.0	325.0
42708	161225	498.0	326.0
42720	161225	503.0	327.0
42732	161225	506.0	327.0
42744	161225	511.0	329.0
42756	161225	515.0	328.0
42768	161225	523.0	331.0
42780	161225	529.0	331.0
42792	161225	536.0	332.0
42804	161225	545.0	333.0
42816	161225	556.0	336.0
42828	161225	568.0	337.0
42840	161225	584.0	340.0
42852	161225	604.0	343.0
42864	161225	628.0	346.0
42876	161225	662.0	352.0
42888	161225	708.0	359.0
42900	161225	776.0	369.0
42912	161225	886.0	386.0
42924	161225	996.0	417.0
42696	161230	478.0	322.0
42708	161230	479.0	323.0
42720	161230	481.0	324.0
42732	161230	483.0	324.0
42744	161230	484.0	324.0
42756	161230	487.0	325.0
42768	161230	490.0	326.0
42780	161230	492.0	326.0
42792	161230	497.0	327.0
42804	161230	500.0	327.0
42816	161230	505.0	328.0
42828	161230	509.0	328.0
42840	161230	516.0	330.0
42852	161230	523.0	331.0
42864	161230	530.0	332.0
42876	161230	539.0	333.0
42888	161230	550.0	335.0
42900	161230	564.0	337.0
42912	161230	580.0	340.0
42924	161230	600.0	343.0
42936	161230	626.0	347.0
42948	161230	662.0	353.0
42960	161230	714.0	361.0
42972	161230	793.0	373.0
42984	161230	929.0	395.0
42876	161273	512.0	322.0
42888	161273	514.5	322.75
42900	161273	518.0	324.0
42912	161273	522.0	325.0
42924	161273	527.0	324.0
42936	161273	531.0	325.0
42948	161273	537.0	326.0
42960	161273	543.6666666666666	326.0
42972	161273	550.0	326.0
42984	161273	557.0	327.0
42996	161273	566.0	328.0
43008	161273	577.0	329.0
43020	161273	588.0	330.0
43032	161273	602.0	331.0
43044	161273	618.0	332.0
43056	161273	639.0	335.0
43068	161273	664.0	337.0
43080	161273	696.0	340.0
43092	161273	738.0	344.0
43104	161273	794.0	349.0
43116	161273	875.0	356.0
43128	161273	972.0	365.0
42936	161299	481.0	324.0
42948	161299	484.0	324.0
42960	161299	486.8	324.0
42972	161299	489.0	324.0
42984	161299	491.0	325.0
42996	161299	494.0	325.0
43008	161299	497.0	326.0
43020	161299	501.0	327.0
43032	161299	504.0	327.0
43044	161299	509.0	328.0
43056	161299	515.0	328.0
43068	161299	522.0	330.0
43080	161299	528.0	330.0
43092	161299	536.0	331.0
43104	161299	546.0	333.0
43116	161299	558.0	336.0
43128	161299	572.0	337.0
43140	161299	589.0	341.0
43152	161299	611.0	343.0
43164	161299	639.0	348.0
43176	161299	678.0	354.0
43188	161299	733.0	363.0
43200	161299	820.0	376.0
43212	161299	963.0	399.0
43116	161365	486.0	324.0
43128	161365	488.0	324.0
43140	161365	490.0	325.0
43152	161365	494.0	325.0
43164	161365	496.0	325.0
43176	161365	501.0	327.0
43188	161365	504.0	327.0
43200	161365	510.0	328.0
43212	161365	515.0	328.0
43224	161365	519.0	330.0
43236	161365	528.0	331.0
43248	161365	535.0	332.0
43260	161365	545.0	334.0
43272	161365	557.0	336.0
43284	161365	571.0	338.0
43296	161365	588.0	341.0
43308	161365	611.0	345.0
43320	161365	643.0	350.0
43332	161365	687.0	357.0
43344	161365	755.0	369.0
43356	161365	873.0	388.0
43368	161365	1001.0	421.0
43176	161371	478.0	323.0
43188	161371	481.0	323.0
43200	161371	485.0	324.0
43212	161371	485.0	325.0
43224	161371	487.93333333333334	325.0
43236	161371	490.0	325.0
43248	161371	493.0	325.0
43260	161371	495.0	326.0
43272	161371	501.0	327.0
43284	161371	505.0	328.0
43296	161371	512.0	328.0
43308	161371	518.0	329.0
43320	161371	527.0	330.0
43332	161371	535.0	331.0
43344	161371	545.0	333.0
43356	161371	558.0	336.0
43368	161371	573.0	337.0
43380	161371	593.0	340.0
43392	161371	618.0	345.0
43404	161371	653.0	350.0
43416	161371	703.0	358.0
43428	161371	780.0	370.0
43440	161371	915.0	391.0
43452	161371	1012.0	422.0
43380	161437	514.8421052631579	321.2105263157895
43392	161437	517.3684210526316	321.8421052631579
43404	161437	520.2727272727273	322.0
43416	161437	524.0	322.0
43428	161437	527.0	322.0
43440	161437	531.0	323.0
43452	161437	535.0	324.0
43464	161437	540.0	323.0
43476	161437	545.0	324.0
43488	161437	550.0	325.0
43500	161437	555.0	325.0
43512	161437	563.0	326.0
43524	161437	570.0	326.0
43536	161437	577.0	326.0
43548	161437	588.0	327.0
43560	161437	598.0	328.0
43572	161437	610.0	329.0
43584	161437	622.0	331.0
43596	161437	637.0	331.0
43608	161437	656.0	333.0
43620	161437	678.0	335.0
43632	161437	705.0	337.0
43644	161437	736.0	340.0
43656	161437	779.0	343.0
43668	161437	834.0	348.0
43680	161437	910.0	354.0
43692	161437	973.0	360.0
43704	161437	985.0	361.0
43428	161445	499.0	321.0
43440	161445	500.0	322.0
43452	161445	503.0	323.0
43464	161445	505.0	322.0
43476	161445	508.0	322.0
43488	161445	512.0	322.0
43500	161445	515.0	323.0
43512	161445	518.0	324.0
43524	161445	523.0	325.0
43536	161445	527.0	324.0
43548	161445	531.0	324.0
43560	161445	537.0	325.0
43572	161445	543.0	325.0
43584	161445	549.0	326.0
43596	161445	555.0	327.0
43608	161445	563.0	327.0
43620	161445	572.0	328.0
43632	161445	582.0	329.0
43644	161445	594.0	330.0
43656	161445	607.0	331.0
43668	161445	622.0	332.0
43680	161445	640.0	334.0
43692	161445	662.0	337.0
43704	161445	690.0	339.0
43716	161445	725.0	343.0
43728	161445	771.0	347.0
43740	161445	835.0	353.0
43752	161445	927.0	362.0
43476	161454	494.0	320.0
43488	161454	494.4166666666667	321.0
43500	161454	495.7142857142857	321.0
43512	161454	497.0	320.0
43524	161454	499.0	320.0
43536	161454	500.0	321.0
43548	161454	502.0	321.0
43560	161454	504.0	321.0
43572	161454	507.0	321.0
43584	161454	509.5	322.0
43596	161454	512.0	322.0
43608	161454	516.0	323.0
43620	161454	518.0	322.0
43632	161454	523.0	322.0
43644	161454	526.0	322.0
43656	161454	528.0	322.0
43668	161454	533.0	324.0
43680	161454	538.0	324.0
43692	161454	543.0	324.0
43704	161454	550.0	325.0
43716	161454	557.0	325.0
43500	161462	475.625	321.625
43512	161462	476.0	322.0
43524	161462	477.2631578947368	322.42105263157896
43536	161462	480.0	323.0
43548	161462	482.0	324.0
43560	161462	485.0	325.0
43572	161462	486.0	323.0
43584	161462	489.0	325.0
43596	161462	491.0	325.0
43608	161462	494.0	325.0
43620	161462	497.0	326.0
43632	161462	502.0	327.0
43644	161462	506.0	328.0
43656	161462	511.0	329.0
43668	161462	517.0	330.0
43680	161462	524.0	330.0
43692	161462	532.0	331.0
43704	161462	541.0	334.0
43716	161462	552.0	335.0
43728	161462	567.0	337.0
43740	161462	585.0	340.0
43752	161462	608.0	344.0
43764	161462	640.0	350.0
43776	161462	685.0	357.0
43788	161462	754.0	368.0
43800	161462	873.0	387.0
43812	161462	1002.0	422.0
43596	161481	477.0	323.0
43608	161481	480.0	323.0
43620	161481	481.0	324.0
43632	161481	484.0	323.0
43644	161481	486.0	324.0
43656	161481	490.0	325.0
43668	161481	492.0	326.0
43680	161481	493.0	326.0
43692	161481	497.0	327.0
43704	161481	500.0	327.0
43716	161481	505.0	328.0
43728	161481	508.0	328.0
43740	161481	515.0	330.0
43752	161481	520.0	331.0
43764	161481	527.0	333.0
43776	161481	535.0	334.0
43788	161481	545.0	336.0
43800	161481	557.0	338.0
43812	161481	573.0	341.0
43824	161481	593.0	345.0
43836	161481	620.0	350.0
43848	161481	657.0	357.0
43860	161481	715.0	367.0
43872	161481	811.0	386.0
43884	161481	971.0	419.0
43608	161482	463.0	321.0
43620	161482	465.0	321.0
43632	161482	464.0	320.0
43644	161482	465.0	320.0
43656	161482	467.0	320.0
43668	161482	467.0	321.0
43680	161482	468.0	321.0
43692	161482	469.0	321.0
43704	161482	471.55555555555554	321.1111111111111
43716	161482	473.77777777777777	321.55555555555554
43728	161482	476.0	322.0
43740	161482	477.0	322.0
43752	161482	477.0	321.0
43764	161482	479.0	323.0
43776	161482	482.0	324.0
43788	161482	484.0	324.0
43800	161482	486.25	324.0
43812	161482	489.0	325.0
43824	161482	492.0	326.0
43836	161482	494.0	326.0
43848	161482	498.0	327.0
43860	161482	502.0	327.0
43872	161482	506.0	328.0
43884	161482	511.0	328.0
43896	161482	517.0	329.0
43908	161482	523.0	331.0
43920	161482	530.0	331.0
43932	161482	539.0	333.0
43944	161482	550.0	334.0
43956	161482	563.0	336.0
43968	161482	578.0	339.0
43980	161482	597.0	342.0
43992	161482	623.0	346.0
44004	161482	658.0	352.0
44016	161482	706.0	360.0
44028	161482	781.0	371.0
44040	161482	907.0	391.0
44052	161482	1005.5	422.0
43776	161522	467.0	321.0
43788	161522	467.7142857142857	321.0
43800	161522	468.0	322.0
43812	161522	469.0	322.0
43824	161522	469.0	323.0
43836	161522	469.0	323.0
43848	161522	470.0	324.0
43860	161522	471.0	324.0
43872	161522	472.0	324.0
43884	161522	473.0	325.0
43896	161522	474.0	325.0
43908	161522	477.0	325.0
43920	161522	480.0	327.0
43932	161522	481.0	327.0
43944	161522	485.0	328.0
43956	161522	487.0	328.0
43968	161522	491.0	330.0
43980	161522	494.0	330.0
43992	161522	499.0	332.0
44004	161522	505.0	333.0
44016	161522	512.0	335.0
44028	161522	521.0	337.0
44040	161522	531.0	340.0
44052	161522	545.0	344.0
44064	161522	563.0	348.0
44076	161522	588.0	354.0
44088	161522	623.0	362.0
44100	161522	682.0	376.0
44112	161522	787.0	402.0
44124	161522	983.0	459.0
43812	161531	520.9	323.6
43824	161531	525.0	324.0
43836	161531	528.0	324.0
43848	161531	532.0	325.0
43860	161531	537.0	325.0
43872	161531	542.0	325.0
43884	161531	548.0	325.0
43896	161531	554.0	326.0
43908	161531	562.0	327.0
43920	161531	570.0	328.0
43932	161531	579.0	329.0
43944	161531	590.0	330.0
43956	161531	602.0	331.0
43968	161531	617.0	332.0
43980	161531	635.0	334.0
43992	161531	655.0	336.0
44004	161531	682.0	338.0
44016	161531	716.0	341.0
44028	161531	748.6428571428571	342.5357142857143
44040	161531	782.0714285714286	346.39285714285717
44052	161531	858.0	355.0
44064	161531	968.0	366.0
43980	161570	464.0	320.0
43992	161570	465.0	321.0
44004	161570	466.0	321.0
44016	161570	467.0	322.0
44028	161570	468.0	321.0
44040	161570	470.0	322.0
44052	161570	473.0	321.0
44064	161570	475.0	323.0
44076	161570	477.0	323.0
44088	161570	479.0	324.0
44100	161570	481.0	324.0
44112	161570	484.0	324.0
44124	161570	486.0	324.0
44136	161570	490.0	325.0
44148	161570	492.0	325.0
44160	161570	495.0	325.0
44172	161570	499.0	325.0
44184	161570	503.0	327.0
44196	161570	508.0	327.0
44208	161570	513.0	328.0
44220	161570	519.0	328.0
44232	161570	526.0	330.0
44244	161570	534.0	331.0
44256	161570	544.0	332.0
44268	161570	555.0	333.0
44280	161570	569.0	335.0
44292	161570	585.0	337.0
44304	161570	605.0	339.0
44316	161570	630.0	343.0
44328	161570	660.0	346.0
44340	161570	704.0	352.0
44352	161570	762.0	359.0
44364	161570	850.0	369.0
44376	161570	971.0	387.0
44040	161585	502.0	324.0
44052	161585	507.0	323.0
44064	161585	512.0	324.0
44076	161585	517.0	325.0
44088	161585	520.0	326.0
44100	161585	526.0	326.0
44112	161585	532.0	327.0
44124	161585	537.0	328.0
44136	161585	544.0	329.0
44148	161585	552.0	330.0
44160	161585	562.0	331.0
44172	161585	572.0	332.0
44184	161585	585.0	333.0
44196	161585	600.0	335.0
44208	161585	619.0	337.0
44220	161585	641.0	340.0
44232	161585	670.0	343.0
44244	161585	709.0	347.0
44256	161585	761.0	353.0
44268	161585	834.0	361.0
44280	161585	952.0	375.0
44124	161614	453.0	323.0
44136	161614	454.0	322.0
44148	161614	455.0	322.0
44160	161614	455.0	322.0
44172	161614	457.0	322.0
44184	161614	459.0	323.0
44196	161614	460.0	323.0
44208	161614	462.09090909090907	324.0
44220	161614	463.1818181818182	324.0
44232	161614	465.0	324.0
44244	161614	467.0	325.0
44256	161614	469.0	325.0
44268	161614	473.0	325.0
44280	161614	474.0	326.0
44292	161614	476.0	327.0
44304	161614	480.0	327.0
44316	161614	483.0	328.0
44328	161614	486.0	329.0
44340	161614	491.0	330.0
44352	161614	496.0	331.0
44364	161614	502.0	332.0
44376	161614	509.0	334.0
44388	161614	517.0	336.0
44400	161614	526.0	338.0
44412	161614	539.0	341.0
44424	161614	554.0	345.0
44436	161614	575.0	349.0
44448	161614	604.0	356.0
44460	161614	647.0	365.0
44472	161614	718.0	382.0
44484	161614	855.0	413.0
44496	161614	1015.0	475.0
44196	161633	488.0	323.0
44208	161633	489.0	323.0
44220	161633	493.0	323.0
44232	161633	493.0	322.0
44244	161633	497.0	323.0
44256	161633	499.0	323.0
44268	161633	502.0	324.0
44280	161633	505.0	325.0
44292	161633	509.0	324.0
44304	161633	511.0	324.0
44316	161633	516.0	325.0
44328	161633	519.0	326.0
44340	161633	524.0	326.0
44352	161633	529.0	326.0
44364	161633	534.0	327.0
44376	161633	540.0	328.0
44388	161633	548.0	329.0
44400	161633	557.0	330.0
44412	161633	566.0	331.0
44424	161633	577.0	332.0
44436	161633	592.0	333.0
44448	161633	609.3421052631579	334.63157894736844
44460	161633	626.7105263157895	337.1578947368421
44472	161633	644.078947368421	339.6842105263158
44484	161633	656.0	343.0
44496	161633	717.0	348.0
44508	161633	775.0	355.0
44520	161633	855.0	363.0
44532	161633	967.0	377.0
44376	161679	465.0	322.0
44388	161679	467.0	323.0
44400	161679	467.0	324.0
44412	161679	470.0	324.0
44424	161679	473.0	324.0
44436	161679	474.0	324.0
44448	161679	479.0	325.0
44460	161679	481.0	326.0
44472	161679	484.0	325.0
44484	161679	488.0	326.0
44496	161679	492.0	327.0
44508	161679	496.0	327.0
44520	161679	501.0	328.0
44532	161679	506.0	329.0
44544	161679	513.0	330.0
44556	161679	520.0	331.0
44568	161679	529.0	332.0
44580	161679	538.0	334.0
44592	161679	549.0	335.0
44604	161679	564.0	337.0
44616	161679	581.0	341.0
44628	161679	603.0	344.0
44640	161679	630.0	349.0
44652	161679	668.0	355.0
44664	161679	723.0	363.0
44676	161679	810.0	378.0
44688	161679	956.0	401.0
44700	161679	1011.0	421.0
44376	161680	481.0	323.0
44388	161680	486.0	325.0
44400	161680	491.0	325.0
44412	161680	494.0	325.0
44424	161680	497.0	327.0
44436	161680	502.0	327.0
44448	161680	506.0	328.0
44460	161680	511.0	328.0
44472	161680	517.0	330.0
44484	161680	524.0	331.0
44496	161680	532.0	331.0
44508	161680	542.0	334.0
44520	161680	553.0	336.0
44532	161680	568.0	338.0
44544	161680	587.0	341.0
44556	161680	611.0	345.0
44568	161680	642.0	350.0
44580	161680	688.0	357.0
44592	161680	758.0	369.0
44604	161680	878.0	388.0
44616	161680	1004.0	424.0
44532	161702	465.0	322.0
44544	161702	466.6666666666667	322.0
44556	161702	469.0	323.0
44568	161702	472.3333333333333	323.0
44580	161702	475.0	324.0
44592	161702	478.44444444444446	324.0
44604	161702	481.0	324.0
44616	161702	483.0	325.0
44628	161702	487.0	325.0
44640	161702	490.0	326.0
44652	161702	496.0	327.0
44664	161702	499.0	327.0
44676	161702	505.0	327.0
44688	161702	510.0	329.0
44700	161702	516.0	329.0
44712	161702	523.0	330.0
44724	161702	529.0	331.0
44736	161702	538.0	333.0
44748	161702	549.0	334.0
44760	161702	561.0	336.0
44772	161702	576.0	338.0
44784	161702	594.0	341.0
44796	161702	618.0	345.0
44808	161702	649.0	350.0
44820	161702	692.0	357.0
44832	161702	757.0	366.0
44844	161702	860.0	383.0
44856	161702	988.0	411.0
44604	161708	465.0	322.0
44616	161708	465.0	322.0
44628	161708	468.0	322.0
44640	161708	469.0	323.0
44652	161708	470.675	323.075
44664	161708	473.375	323.375
44676	161708	476.075	323.675
44688	161708	478.775	323.975
44700	161708	481.94117647058823	324.5882352941176
44712	161708	485.0	326.0
44724	161708	488.4	325.0
44736	161708	491.0	325.0
44748	161708	495.0	327.0
44760	161708	499.0	327.0
44772	161708	505.0	328.0
44784	161708	510.0	329.0
44796	161708	517.0	330.0
44808	161708	524.0	331.0
44820	161708	532.0	331.0
44832	161708	540.0	333.0
44844	161708	552.0	335.0
44856	161708	566.0	337.0
44868	161708	583.0	340.0
44880	161708	603.0	344.0
44892	161708	630.0	348.0
44904	161708	665.0	353.0
44916	161708	715.0	361.0
44928	161708	795.0	375.0
44940	161708	931.0	397.0
44652	161716	451.5	321.0
44664	161716	452.0	322.0
44676	161716	453.0	322.0
44688	161716	455.0	322.0
44700	161716	456.0	322.0
44712	161716	456.0	322.0
44724	161716	457.0	322.0
44736	161716	459.0	322.0
44748	161716	460.0	322.0
44760	161716	463.0	324.0
44772	161716	464.0	324.0
44784	161716	466.0	324.0
44796	161716	468.0	324.0
44808	161716	470.0	324.0
44820	161716	474.0	326.0
44832	161716	477.0	325.0
44844	161716	480.0	325.0
44856	161716	484.0	327.0
44868	161716	488.0	327.0
44880	161716	492.0	328.0
44892	161716	496.0	328.0
44904	161716	503.0	329.0
44916	161716	509.0	330.0
44928	161716	517.0	332.0
44940	161716	526.0	333.0
44952	161716	535.0	335.0
44964	161716	547.0	337.0
44976	161716	563.0	340.0
44988	161716	582.0	343.0
45000	161716	607.0	348.0
45012	161716	641.0	353.0
45024	161716	690.0	361.0
45036	161716	767.0	375.0
45048	161716	903.0	398.0
45060	161716	1011.0	433.0
44676	161725	488.0	321.0
44688	161725	490.0	322.0
44700	161725	491.5	323.0
44712	161725	494.6666666666667	323.0
44724	161725	497.0	322.0
44736	161725	501.0	323.0
44748	161725	505.0	324.0
44760	161725	509.0	324.0
44772	161725	513.0	324.0
44784	161725	520.0	325.0
44796	161725	526.0	325.0
44808	161725	533.0	327.0
44820	161725	541.0	327.0
44832	161725	550.0	328.0
44844	161725	561.0	328.0
44856	161725	576.0	330.0
44868	161725	592.0	332.0
44880	161725	613.0	334.0
44892	161725	640.0	336.0
44904	161725	674.0	340.0
44916	161725	714.0	339.0
44928	161782	478.0	324.0
44940	161782	481.0	324.0
44952	161782	483.0	324.0
44964	161782	486.0	324.0
44976	161782	488.0	326.0
44988	161782	491.0	326.0
45000	161782	494.0	326.0
45012	161782	497.0	327.0
45024	161782	503.0	327.0
45036	161782	505.0	328.0
45048	161782	510.0	329.0
45060	161782	515.0	330.0
45072	161782	522.0	330.0
45084	161782	531.0	331.0
45096	161782	538.0	333.0
45108	161782	548.0	334.0
45120	161782	560.0	336.0
45132	161782	574.0	339.0
45144	161782	591.0	342.0
45156	161782	614.0	345.0
45168	161782	644.0	350.0
45180	161782	687.0	357.0
45192	161782	749.0	367.0
45204	161782	851.0	384.0
45216	161782	984.0	414.0
45300	161882	484.0	324.0
45312	161882	487.0	325.0
45324	161882	491.3333333333333	325.3333333333333
45336	161882	495.3333333333333	325.9047619047619
45348	161882	499.0	327.0
45360	161882	504.0	327.0
45372	161882	510.0	328.0
45384	161882	515.0	328.0
45396	161882	523.0	330.0
45408	161882	532.0	331.0
45420	161882	540.0	333.0
45432	161882	551.0	334.0
45444	161882	564.0	336.0
45456	161882	580.0	339.0
45468	161882	600.0	342.0
45480	161882	626.0	346.0
45492	161882	662.0	351.0
45504	161882	714.0	359.0
45516	161882	792.0	371.0
45528	161882	929.0	393.0
45348	161894	477.0	323.0
45360	161894	478.61538461538464	323.53846153846155
45372	161894	482.0	325.0
45384	161894	486.0	326.0
45396	161894	488.0	325.0
45408	161894	493.0	326.0
45420	161894	496.0	327.0
45432	161894	500.0	328.0
45444	161894	507.0	328.0
45456	161894	512.0	329.0
45468	161894	519.0	330.0
45480	161894	527.0	331.0
45492	161894	535.0	332.0
45504	161894	546.0	334.0
45516	161894	559.0	336.0
45528	161894	573.0	339.0
45540	161894	592.0	342.0
45552	161894	616.0	346.0
45564	161894	648.0	350.0
45576	161894	692.0	358.0
45588	161894	759.0	369.0
45600	161894	867.0	385.0
45612	161894	993.0	417.0
45444	161915	527.0	322.0
45456	161915	530.0	322.0
45468	161915	535.0	324.0
45480	161915	539.0	324.0
45492	161915	545.0	323.0
45504	161915	550.5510204081633	324.0
45516	161915	556.6734693877551	324.0
45528	161915	562.795918367347	324.0
45540	161915	568.9183673469388	324.0
45552	161915	577.0	326.0
45564	161915	589.0	328.0
45576	161915	601.0	329.0
45588	161915	614.0	330.0
45600	161915	628.0	331.0
45612	161915	645.0	332.0
45624	161915	666.0	334.0
45636	161915	690.0	336.0
45648	161915	720.0	338.0
45660	161915	757.0	341.0
45672	161915	806.0	346.0
45684	161915	870.0	351.0
45696	161915	958.0	358.0
45468	161920	479.0	322.0
45480	161920	484.27272727272725	322.0
45492	161920	489.0	322.0
45504	161920	492.0	322.0
45516	161920	487.0	323.0
45528	161920	488.0	323.0
45540	161920	498.0	323.0
45552	161920	504.0	323.0
45564	161920	507.0	324.0
45576	161920	499.0	325.0
45588	161920	501.0	325.0
45600	161920	517.0	325.0
45612	161920	517.0	326.0
45624	161920	526.7333333333333	326.46666666666664
45636	161920	533.0	327.0
45648	161920	538.0	328.0
45660	161920	546.0	328.0
45672	161920	551.0	330.0
45684	161920	555.0	332.0
45696	161920	560.0	333.0
45708	161920	568.0	336.0
45720	161920	590.0	340.0
45732	161920	610.0	342.0
45744	161920	637.0	346.0
45756	161920	670.0	352.0
45768	161920	714.0	359.0
45780	161920	786.0	371.0
45792	161920	909.0	390.0
45804	161920	996.0	419.0
45816	161920	980.0	418.0
45828	161920	988.0	400.0
45840	161920	994.0	414.0
45852	161920	991.0	375.0
45468	161921	518.7391304347826	316.8695652173913
45480	161921	522.9130434782609	318.95652173913044
45492	161921	527.0	322.0
45504	161921	530.0	323.0
45516	161921	533.0	325.0
45528	161921	540.0	325.0
45540	161921	544.0	325.0
45552	161921	551.0	325.0
45564	161921	557.0	326.0
45576	161921	564.0	327.0
45588	161921	571.0	327.0
45600	161921	581.0	328.0
45612	161921	592.0	329.0
45624	161921	604.0	330.0
45636	161921	617.0	331.0
45648	161921	632.0	332.0
45660	161921	651.0	334.0
45672	161921	673.0	337.0
45684	161921	700.0	339.0
45696	161921	734.0	343.0
45708	161921	779.0	347.0
45720	161921	838.0	353.0
45732	161921	922.0	360.0
45744	161921	960.0	351.0
45756	161921	998.0	371.0
45768	161921	989.0	374.0
45780	161921	993.0	372.0
45492	161933	463.0	324.0
45504	161933	465.0	325.0
45516	161933	466.0	325.0
45528	161933	468.0	325.0
45540	161933	472.0	327.0
45552	161933	473.0	327.0
45564	161933	478.0	328.0
45576	161933	481.0	328.0
45588	161933	485.0	329.0
45600	161933	490.0	331.0
45612	161933	495.0	332.0
45624	161933	501.0	333.0
45636	161933	508.0	336.0
45648	161933	517.0	337.0
45660	161933	530.0	341.0
45672	161933	544.0	344.0
45684	161933	561.0	348.0
45696	161933	586.0	354.0
45708	161933	625.0	364.0
45720	161933	685.0	378.0
45732	161933	795.0	403.0
45744	161933	988.0	462.0
45540	161946	455.0	323.0
45552	161946	456.0	323.0
45564	161946	457.0	323.0
45576	161946	458.0	324.0
45588	161946	460.0	324.0
45600	161946	462.0	324.0
45612	161946	463.7142857142857	324.0
45624	161946	465.0	325.0
45636	161946	467.0	325.0
45648	161946	469.0	325.0
45660	161946	472.0	326.0
45672	161946	474.0	327.0
45684	161946	477.0	327.0
45696	161946	481.0	329.0
45708	161946	485.0	329.0
45720	161946	489.0	330.0
45732	161946	495.0	331.0
45744	161946	502.0	331.0
45756	161946	509.0	333.0
45768	161946	519.0	335.0
45780	161946	529.0	336.0
45792	161946	544.0	339.0
45804	161946	562.0	341.0
45816	161946	580.0	345.0
45828	161946	607.0	349.0
45840	161946	642.0	355.0
45852	161946	692.0	363.0
45864	161946	766.0	375.0
45876	161946	884.0	396.0
45888	161946	1000.0	432.0
45708	162005	464.0	324.0
45720	162005	466.0	325.0
45732	162005	469.0	325.0
45744	162005	470.53846153846155	326.7692307692308
45756	162005	473.0	327.0
45768	162005	476.0	327.0
45780	162005	479.0	328.0
45792	162005	482.0	328.0
45804	162005	486.0	330.0
45816	162005	489.0	331.0
45828	162005	495.0	331.0
45840	162005	500.0	333.0
45852	162005	507.0	334.0
45864	162005	515.0	336.0
45876	162005	525.0	339.0
45888	162005	537.0	342.0
45900	162005	553.0	345.0
45912	162005	572.0	349.0
45924	162005	599.0	355.0
45936	162005	639.0	364.0
45948	162005	700.0	376.0
45960	162005	802.0	398.0
45972	162005	978.0	442.0
45708	162006	504.0	322.0
45720	162006	510.0	323.0
45732	162006	516.0	323.0
45744	162006	520.5	323.0
45756	162006	525.0	323.0
45768	162006	529.0714285714286	322.85714285714283
45780	162006	533.3571428571429	322.2857142857143
45792	162006	537.6428571428571	321.7142857142857
45804	162006	541.9285714285714	321.14285714285717
45816	162006	548.0	322.0
45828	162006	555.0	326.0
45840	162006	565.0	327.0
45852	162006	572.0	328.0
45864	162006	581.0	328.0
45876	162006	593.0	329.0
45888	162006	604.0	331.0
45900	162006	620.0	332.0
45912	162006	636.0	334.0
45924	162006	657.0	336.0
45936	162006	681.0	339.0
45948	162006	712.0	342.0
45960	162006	741.0	332.0
45972	162006	796.0	346.0
45984	162006	871.0	355.0
45996	162006	960.0	364.0
46008	162006	981.0	366.0
46020	162006	980.0	354.0
46032	162006	993.0	370.0
45972	162143	463.0	324.0
45984	162143	463.0	324.0
45996	162143	465.0	325.0
46008	162143	467.0	325.0
46020	162143	468.0	325.0
46032	162143	469.0	327.0
46044	162143	472.0	328.0
46056	162143	473.0	327.0
46068	162143	475.0	328.0
46080	162143	478.0	329.0
46092	162143	480.0	330.0
46104	162143	484.0	330.0
46116	162143	487.0	331.0
46128	162143	492.0	332.0
46140	162143	496.0	334.0
46152	162143	502.0	335.0
46164	162143	509.0	338.0
46176	162143	516.0	339.0
46188	162143	525.0	342.0
46200	162143	537.0	345.0
46212	162143	552.0	349.0
46224	162143	573.0	354.0
46236	162143	601.0	361.0
46248	162143	644.0	372.0
46260	162143	711.0	389.0
46272	162143	837.0	420.0
46284	162143	1012.0	495.0
46260	162240	492.0	325.0
46272	162240	497.0	326.0
46284	162240	501.0	326.0
46296	162240	504.0	328.0
46308	162240	509.0	328.0
46320	162240	514.0	329.0
46332	162240	518.0	329.0
46344	162240	525.0	330.0
46356	162240	531.0	331.0
46368	162240	539.0	332.0
46380	162240	547.0	334.0
46392	162240	558.0	335.0
46404	162240	570.0	337.0
46416	162240	585.0	340.0
46428	162240	603.0	343.0
46440	162240	626.0	346.0
46452	162240	655.0	351.0
46464	162240	695.0	357.0
46476	162240	751.0	365.0
46488	162240	836.0	379.0
46500	162240	964.0	400.0
46260	162241	465.0	324.0
46272	162241	466.0	324.0
46284	162241	469.0	325.0
46296	162241	469.0	325.0
46308	162241	471.0	325.0
46320	162241	474.0	326.0
46332	162241	476.0	327.0
46344	162241	479.0	327.0
46356	162241	482.0	328.0
46368	162241	484.0	329.0
46380	162241	488.0	330.0
46392	162241	492.0	331.0
46404	162241	497.0	332.0
46416	162241	503.0	333.0
46428	162241	509.0	334.0
46440	162241	517.0	337.0
46452	162241	526.0	339.0
46464	162241	538.0	343.0
46476	162241	552.0	346.0
46488	162241	572.0	351.0
46500	162241	598.0	358.0
46512	162241	639.0	368.0
46524	162241	707.0	385.0
46536	162241	835.0	417.0
46548	162241	1016.0	500.0
46332	162265	489.0	324.0
46344	162265	491.0	325.0
46356	162265	494.0	324.0
46368	162265	497.0	326.0
46380	162265	501.0	327.0
46392	162265	505.0	327.0
46404	162265	509.0	328.0
46416	162265	514.0	328.0
46428	162265	520.0	329.0
46440	162265	526.0	329.0
46452	162265	534.0	331.0
46464	162265	540.4444444444445	333.0
46476	162265	548.063492063492	334.7142857142857
46488	162265	555.6825396825396	336.42857142857144
46500	162265	563.3015873015873	338.14285714285717
46512	162265	570.9206349206349	339.85714285714283
46524	162265	582.0	343.0
46536	162265	625.0	347.0
46548	162265	667.0	354.0
46560	162265	718.0	361.0
46572	162265	790.0	372.0
46584	162265	905.0	390.0
46596	162265	1000.0	419.0
46380	162280	464.0	322.0
46392	162280	465.0	323.0
46404	162280	466.0	324.0
46416	162280	468.0	324.0
46428	162280	470.0	324.0
46440	162280	472.0	324.0
46452	162280	475.0	326.0
46464	162280	478.0	326.0
46476	162280	481.0	326.0
46488	162280	484.0	327.0
46500	162280	487.0	327.0
46512	162280	492.0	328.0
46524	162280	496.0	328.0
46536	162280	501.0	329.0
46548	162280	507.0	330.0
46560	162280	514.0	331.0
46572	162280	522.0	331.0
46584	162280	531.0	333.0
46596	162280	540.0	335.0
46608	162280	552.0	337.0
46620	162280	566.0	339.0
46632	162280	584.0	342.0
46644	162280	605.0	345.0
46656	162280	633.0	350.0
46668	162280	672.0	357.0
46680	162280	726.0	365.0
46692	162280	810.0	379.0
46704	162280	952.0	402.0
46500	162304	463.0	323.0
46512	162304	465.75	323.875
46524	162304	467.0	324.0
46536	162304	469.0	325.0
46548	162304	471.0	325.0
46560	162304	471.0	326.0
46572	162304	475.0	327.0
46584	162304	476.0	327.0
46596	162304	479.0	328.0
46608	162304	483.0	329.0
46620	162304	487.0	330.0
46632	162304	490.0	331.0
46644	162304	495.0	331.0
46656	162304	502.0	334.0
46668	162304	507.0	335.0
46680	162304	515.0	337.0
46692	162304	526.0	340.0
46704	162304	538.0	343.0
46716	162304	554.0	347.0
46728	162304	577.0	353.0
46740	162304	609.0	361.0
46752	162304	660.0	373.0
46764	162304	753.0	397.0
46776	162304	951.0	447.0
46596	162329	455.0	322.0
46608	162329	456.0	322.0
46620	162329	456.0	322.0
46632	162329	457.0	323.0
46644	162329	460.0	324.0
46656	162329	461.09090909090907	324.0
46668	162329	462.1818181818182	324.0
46680	162329	463.0	324.0
46692	162329	465.0	325.0
46704	162329	466.0	325.0
46716	162329	467.0	325.0
46728	162329	469.0	326.0
46740	162329	471.0	327.0
46752	162329	473.0	328.0
46764	162329	476.0	328.0
46776	162329	478.0	329.0
46788	162329	483.0	329.0
46800	162329	486.0	330.0
46812	162329	490.0	332.0
46824	162329	494.0	333.0
46836	162329	500.0	335.0
46848	162329	508.0	336.0
46860	162329	517.0	338.0
46872	162329	529.0	342.0
46884	162329	542.0	345.0
46896	162329	560.0	350.0
46908	162329	585.0	356.0
46920	162329	623.0	365.0
46932	162329	682.0	380.0
46944	162329	791.0	407.0
46956	162329	989.0	470.0
46836	162376	463.0	323.0
46848	162376	464.5833333333333	324.0
46860	162376	465.27272727272725	323.72727272727275
46872	162376	467.0	323.0
46884	162376	469.0	324.0
46896	162376	471.0	326.0
46908	162376	473.0	326.0
46920	162376	478.0	325.0
46932	162376	481.0	327.0
46944	162376	485.0	328.0
46956	162376	489.0	328.0
46968	162376	494.0	329.0
46980	162376	500.0	330.0
46992	162376	508.0	331.0
47004	162376	516.0	332.0
47016	162376	526.0	334.0
47028	162376	538.0	335.0
47040	162376	552.0	338.0
47052	162376	572.0	341.0
47064	162376	595.0	345.0
47076	162376	625.0	349.0
47088	162376	669.0	356.0
47100	162376	734.0	367.0
47112	162376	842.0	384.0
47124	162376	989.0	417.0
46896	162385	455.0	321.0
46908	162385	456.0	322.0
46920	162385	456.0	322.0
46932	162385	456.0	322.0
46944	162385	456.0	322.0
46956	162385	456.0	323.0
46968	162385	458.0	324.0
46980	162385	459.0	324.0
46992	162385	460.94117647058823	324.3235294117647
47004	162385	463.05882352941177	324.6764705882353
47016	162385	465.0	325.0
47028	162385	466.0	325.0
47040	162385	468.0	326.0
47052	162385	471.0	326.0
47064	162385	473.0	327.0
47076	162385	475.0	327.0
47088	162385	478.0	329.0
47100	162385	482.0	330.0
47112	162385	486.0	330.0
47124	162385	491.0	332.0
47136	162385	496.0	333.0
47148	162385	503.0	334.0
47160	162385	511.0	337.0
47172	162385	521.0	339.0
47184	162385	533.0	342.0
47196	162385	548.0	346.0
47208	162385	570.0	351.0
47220	162385	599.0	358.0
47232	162385	644.0	369.0
47244	162385	722.0	388.0
47256	162385	883.0	425.0
47268	162385	1034.0	482.0
47064	162418	454.0	321.0
47076	162418	454.0	322.0
47088	162418	455.0	321.0
47100	162418	456.0	322.0
47112	162418	457.0	322.0
47124	162418	457.0	322.0
47136	162418	458.0	322.0
47148	162418	460.0	322.0
47160	162418	461.0	322.0
47172	162418	462.0	324.0
47184	162418	463.0	323.0
47196	162418	464.0	323.0
47208	162418	465.0	324.0
47220	162418	467.0	325.0
47232	162418	468.0	326.0
47244	162418	470.0	325.0
47256	162418	473.0	327.0
47268	162418	474.0	327.0
47280	162418	477.0	328.0
47292	162418	480.0	328.0
47304	162418	483.0	329.0
47316	162418	486.0	330.0
47328	162418	490.0	331.0
47340	162418	495.0	332.0
47352	162418	500.0	334.0
47364	162418	506.0	335.0
47376	162418	514.0	338.0
47388	162418	524.0	340.0
47400	162418	535.0	344.0
47412	162418	552.0	348.0
47424	162418	573.0	353.0
47436	162418	602.0	361.0
47448	162418	648.0	372.0
47460	162418	725.0	392.0
47472	162418	884.0	432.0
47484	162418	1031.0	508.0
47292	162469	502.0	322.0
47304	162469	503.0	321.0
47316	162469	505.0	322.0
47328	162469	506.0	322.0
47340	162469	509.5925925925926	322.0
47352	162469	512.7037037037037	322.0
47364	162469	515.2586206896551	322.0
47376	162469	518.3620689655172	322.0
47388	162469	521.4655172413793	322.0
47400	162469	524.5689655172414	322.0
47412	162469	527.6724137931035	322.0
47424	162469	533.0	323.0
47436	162469	541.0	326.0
47448	162469	547.0	327.0
47460	162469	554.0	328.0
47472	162469	563.0	328.0
47484	162469	574.0	330.0
47496	162469	587.0	332.0
47508	162469	604.0	334.0
47520	162469	624.0	336.0
47532	162469	649.0	338.0
47544	162469	684.0	343.0
47556	162469	733.0	348.0
47568	162469	806.0	356.0
47580	162469	928.0	369.0
47352	162483	476.0	322.0
47364	162483	476.0	322.0
47376	162483	478.0	324.0
47388	162483	481.0	324.0
47400	162483	484.0	325.0
47412	162483	486.0	324.0
47424	162483	491.0	326.0
47436	162483	493.0	325.0
47448	162483	496.0	326.0
47460	162483	501.0	327.0
47472	162483	505.0	327.0
47484	162483	511.0	328.0
47496	162483	516.0	329.0
47508	162483	523.0	330.0
47520	162483	531.0	331.0
47532	162483	541.0	333.0
47544	162483	551.0	335.0
47556	162483	565.0	337.0
47568	162483	582.0	340.0
47580	162483	603.0	343.0
47592	162483	632.0	347.0
47604	162483	670.0	354.0
47616	162483	728.0	363.0
47628	162483	821.0	378.0
47640	162483	970.0	404.0
47376	162488	466.0	322.0
47388	162488	466.3	320.7
47400	162488	466.7	320.3
47412	162488	467.2142857142857	320.0
47424	162488	468.0	321.0
47436	162488	470.0	322.0
47448	162488	472.0	323.0
47460	162488	473.7142857142857	323.0
47472	162488	475.0	322.0
47484	162488	476.0	323.0
47496	162488	478.0	322.0
47508	162488	480.0	324.0
47520	162488	482.0	325.0
47532	162488	485.0	325.0
47544	162488	487.0	324.0
47556	162488	490.0	326.0
47568	162488	493.0	326.0
47580	162488	497.0	326.0
47592	162488	502.0	327.0
47604	162488	507.0	328.0
47616	162488	512.0	328.0
47628	162488	519.0	330.0
47640	162488	527.0	331.0
47652	162488	535.0	332.0
47664	162488	545.0	334.0
47676	162488	558.0	336.0
47688	162488	574.0	338.0
47700	162488	594.0	342.0
47712	162488	619.0	346.0
47724	162488	657.0	351.0
47736	162488	712.0	360.0
47748	162488	801.0	374.0
47760	162488	958.0	399.0
47520	162505	497.0	321.0
47532	162505	500.0	322.0
47544	162505	503.0	322.0
47556	162505	506.0	323.0
47568	162505	509.6666666666667	322.1666666666667
47580	162505	513.0	322.0
47592	162505	517.0	323.0
47604	162505	522.0	323.0
47616	162505	527.0	323.0
47628	162505	530.0	323.0
47640	162505	537.0	324.0
47652	162505	543.0	325.0
47664	162505	550.0	325.0
47676	162505	558.2093023255813	325.2325581395349
47688	162505	566.8604651162791	325.51162790697674
47700	162505	575.5116279069767	325.7906976744186
47712	162505	585.0	328.0
47724	162505	602.0	331.0
47736	162505	620.0	332.0
47748	162505	642.0	334.0
47760	162505	668.0	337.0
47772	162505	701.0	340.0
47784	162505	747.0	344.0
47796	162505	808.0	350.0
47808	162505	898.0	358.0
47820	162505	986.0	371.0
47676	162539	469.0	321.0
47688	162539	470.0	321.0
47700	162539	471.51724137931035	321.2068965517241
47712	162539	473.58620689655174	322.0344827586207
47724	162539	475.6551724137931	322.86206896551727
47736	162539	476.0	321.0
47748	162539	478.0	322.0
47760	162539	479.0	323.0
47772	162539	481.0	324.0
47784	162539	484.0	324.0
47796	162539	486.3333333333333	324.0
47808	162539	489.0	325.0
47820	162539	492.0	325.0
47832	162539	496.0	325.0
47844	162539	500.0	327.0
47856	162539	505.0	327.0
47868	162539	510.0	328.0
47880	162539	517.0	329.0
47892	162539	524.0	330.0
47904	162539	532.0	331.0
47916	162539	541.0	333.0
47928	162539	554.0	334.0
47940	162539	569.0	337.0
47952	162539	587.0	340.0
47964	162539	612.0	344.0
47976	162539	645.0	349.0
47988	162539	693.0	356.0
48000	162539	766.0	367.0
48012	162539	897.0	387.0
48024	162539	1003.0	413.0
47700	162541	493.0	322.0
47712	162541	497.0	322.0
47724	162541	499.0	323.0
47736	162541	503.0	324.0
47748	162541	505.4	324.0
47760	162541	510.2	324.0
47772	162541	513.0	325.0
47784	162541	516.0	326.0
47796	162541	522.0	326.0
47808	162541	528.0	326.0
47820	162541	533.0	327.0
47832	162541	540.0	329.0
47844	162541	549.0	330.0
47856	162541	559.0	330.0
47868	162541	571.0	332.0
47880	162541	584.0	333.0
47892	162541	600.0	334.0
47904	162541	620.0	337.0
47916	162541	646.0	341.0
47928	162541	679.0	344.0
47940	162541	725.0	349.0
47952	162541	790.0	357.0
47964	162541	892.0	369.0
47976	162541	992.0	388.0
47760	162553	77.33333333333333	539.0
47772	162553	79.0	539.0
47784	162553	79.0	539.0
47796	162553	77.93023255813954	539.0
47808	162553	77.65116279069767	539.0
47820	162553	77.37209302325581	539.0
47832	162553	77.09302325581395	539.0
47844	162553	77.0	539.0
47856	162553	77.29629629629629	539.0
47868	162553	77.74074074074075	539.0
47880	162553	78.18518518518519	539.0
47892	162553	78.62962962962963	539.0
47904	162553	79.0	539.0
47916	162553	79.0	539.0
47928	162553	79.0	539.0
47940	162553	78.79069767441861	539.0
47952	162553	78.51162790697674	539.0
47964	162553	78.23255813953489	539.0
47976	162553	78.0	539.0
47988	162553	78.0	539.0
48000	162553	78.0	539.0
48012	162553	78.0	539.0
48024	162553	77.56	539.0
48036	162553	78.52	539.0
48048	162553	79.0	539.0
48060	162553	79.46153846153847	539.0
48072	162553	78.5	539.0
48084	162553	79.0	539.0
48096	162553	78.0	540.0
48108	162553	78.0	539.0
48120	162553	77.5	539.0
48132	162553	79.0	540.0
48144	162553	77.0	539.0
48156	162553	77.0	539.0
48168	162553	79.0	539.0
48180	162553	77.5	539.0
48192	162553	78.0	539.0
48204	162553	77.0	539.0
48216	162553	78.0	539.0
48228	162553	77.0	539.0
48240	162553	78.0	539.0
48252	162553	78.0	539.0
48264	162553	77.0	539.0
48276	162553	78.0	539.0
48288	162553	78.0	539.0
48300	162553	78.0	539.0
48312	162553	78.0	539.0
48324	162553	78.0	539.0
48336	162553	78.0	539.5263157894736
48348	162553	78.0	539.0
48360	162553	78.21052631578948	539.0
48372	162553	78.42105263157895	539.0
48384	162553	78.63157894736842	539.0
48396	162553	78.84210526315789	539.0
48408	162553	78.9090909090909	539.0
48420	162553	78.54545454545455	539.0
48432	162553	78.18181818181819	539.0
48444	162553	77.45454545454545	539.0
48456	162553	78.0	539.0
48468	162553	78.0	539.0
48480	162553	77.0	539.0
48492	162553	77.0	539.0
48504	162553	77.35714285714286	539.0
48516	162553	77.0	538.0
48528	162553	78.0	538.0
48540	162553	78.0	539.0
48552	162553	77.0	539.0
48564	162553	78.0	539.0
48576	162553	77.0	538.0
48588	162553	77.0	539.0
48600	162553	78.0	539.0
48612	162553	79.0	539.0
48624	162553	78.0	539.0
48636	162553	78.0	539.0
48648	162553	77.0	539.0
48660	162553	78.0	539.0
48672	162553	78.0	538.0
48684	162553	78.0	539.0
48696	162553	78.0	539.0
48708	162553	77.5	538.0
48720	162553	78.0	538.5
48732	162553	78.0	539.0
48744	162553	77.0	539.0
48756	162553	78.0	539.0
48768	162553	78.0	539.0
48780	162553	78.0	539.0
48792	162553	78.0	538.0
48804	162553	78.0	538.0
48816	162553	78.0	538.75
48828	162553	78.33333333333333	539.0
48840	162553	79.0	539.0
48852	162553	78.66666666666667	539.0
48864	162553	78.0	539.0
48876	162553	79.0	539.0
48888	162553	78.71428571428571	539.0
48900	162553	77.2	539.0
48912	162553	79.0	539.0
48924	162553	78.0	539.0
48936	162553	78.0	538.3333333333334
48948	162553	77.5	538.5
48960	162553	77.14754098360656	538.1475409836065
48972	162553	77.34426229508196	538.344262295082
48984	162553	77.54098360655738	538.5409836065573
48996	162553	77.73770491803279	538.7377049180328
49008	162553	77.93442622950819	538.9344262295082
49020	162553	78.27586206896552	538.7241379310345
49032	162553	78.6896551724138	538.3103448275862
49044	162553	79.0	538.0
49056	162553	78.0	539.0
49068	162553	79.0	539.0
49080	162553	78.0	539.0
49092	162553	78.0	539.0
49104	162553	79.0	539.0
49116	162553	79.0	539.0
49128	162553	78.33333333333333	538.3333333333334
49140	162553	78.0	539.0
49152	162553	76.0	538.0
49164	162553	77.66666666666667	539.0
49176	162553	79.0	538.0
49188	162553	79.0	539.0
49200	162553	79.0	539.0
49212	162553	78.0	539.0
49224	162553	78.0	538.0
49236	162553	77.0	539.0
49248	162553	77.0	539.0
49260	162553	79.0	539.0
49272	162553	79.0	539.0
49284	162553	78.0	539.0
49296	162553	78.14285714285714	539.0
49308	162553	77.375	539.0
49320	162553	78.0	539.0
49332	162553	78.0	539.0
49344	162553	78.0	538.0
49356	162553	78.0	538.0
49368	162553	78.41176470588235	539.0
49380	162553	78.5	538.5
49392	162553	77.0	539.0
49404	162553	77.0	538.0
49416	162553	78.0	539.0
49428	162553	77.0	539.0
49440	162553	77.0	539.0
49452	162553	77.0	539.0
49464	162553	77.0	538.0
49476	162553	78.66666666666667	539.0
49488	162553	79.0	538.0
49500	162553	78.0	538.0
49512	162553	77.0	538.0
49524	162553	78.0	538.0
49536	162553	78.0	538.0
49548	162553	78.0	538.0
49560	162553	79.0	538.0
49572	162553	78.0	538.0
49584	162553	78.0	539.0
49596	162553	79.0	538.0
49608	162553	79.8	539.0
49620	162553	78.0	539.0
49632	162553	77.0	539.0
49644	162553	78.0	539.0
49656	162553	78.0	539.0
49668	162553	78.0	539.0
47772	162559	465.0	320.0
47784	162559	465.0	320.0
47796	162559	466.0	321.0
47808	162559	467.75	321.0
47820	162559	468.0	321.0
47832	162559	469.0	321.0
47844	162559	470.0	321.0
47856	162559	471.0	322.0
47868	162559	473.0	322.0
47880	162559	474.8	322.0
47892	162559	477.0	322.0
47904	162559	478.0	322.0
47916	162559	479.0	322.0
47928	162559	483.0	324.0
47940	162559	485.0	325.0
47952	162559	487.0	324.0
47964	162559	490.0	325.0
47976	162559	493.0	326.0
47988	162559	496.0	326.0
48000	162559	500.0	327.0
48012	162559	505.0	327.0
48024	162559	509.0	328.0
48036	162559	515.0	329.0
48048	162559	523.0	330.0
48060	162559	530.0	331.0
48072	162559	538.0	333.0
48084	162559	550.0	335.0
48096	162559	564.0	337.0
48108	162559	581.0	340.0
48120	162559	603.0	344.0
48132	162559	634.0	349.0
48144	162559	678.0	356.0
48156	162559	745.0	367.0
48168	162559	861.0	386.0
48180	162559	999.0	421.0
47772	162561	500.0	321.0
47784	162561	503.0	322.0
47796	162561	505.0	323.0
47808	162561	508.0	323.0
47820	162561	511.0	322.0
47832	162561	514.0	323.0
47844	162561	518.0	324.0
47856	162561	523.0	325.0
47868	162561	526.0	324.0
47880	162561	531.0	325.0
47892	162561	537.0	325.0
47904	162561	543.0	325.0
47916	162561	550.0	326.0
47928	162561	559.5294117647059	327.19607843137254
47940	162561	568.7058823529412	328.37254901960785
47952	162561	577.8823529411765	329.54901960784315
47964	162561	587.0588235294117	330.72549019607845
47976	162561	596.2352941176471	331.9019607843137
47988	162561	614.0	332.0
48000	162561	644.0	335.0
48012	162561	673.0	338.0
48024	162561	710.0	342.0
48036	162561	758.0	346.0
48048	162561	825.0	352.0
48060	162561	925.0	361.0
47892	162572	501.0	323.0
47904	162572	505.0	323.0
47916	162572	510.0	324.0
47928	162572	515.0769230769231	324.0
47940	162572	518.0	325.0
47952	162572	519.0	326.0
47964	162572	524.4	325.4
47976	162572	529.0	326.0
47988	162572	534.0	326.0
48000	162572	542.0	328.0
48012	162572	551.0	328.0
48024	162572	561.0	330.0
48036	162572	572.0	331.0
48048	162572	585.0	333.0
48060	162572	602.0	335.0
48072	162572	621.0	337.0
48084	162572	647.0	340.0
48096	162572	679.0	344.0
48108	162572	723.0	349.0
48120	162572	784.0	356.0
48132	162572	876.0	366.0
48144	162572	982.0	383.0
48024	162597	527.0	322.0
48036	162597	527.96	322.0
48048	162597	527.72	322.0
48060	162597	527.48	322.0
48072	162597	527.24	322.0
48084	162597	527.0	322.0
48096	162597	530.0	322.0
48108	162597	534.3333333333334	322.6666666666667
48120	162597	539.0	324.0
48132	162597	544.0	324.0
48144	162597	549.375	324.0
48156	162597	554.5	325.0
48168	162597	561.0	325.0
48180	162597	568.0	326.0
48192	162597	577.0	327.0
48204	162597	586.0	328.0
48216	162597	596.0	328.0
48228	162597	608.0	329.0
48240	162597	621.0	331.0
48252	162597	638.0	332.0
48264	162597	658.0	334.0
48276	162597	679.0	336.0
48288	162597	708.0	338.0
48300	162597	743.0	341.0
48312	162597	790.0	345.0
48324	162597	850.0	349.0
48336	162597	929.0	356.0
48348	162597	983.0	363.0
48048	162608	502.0	321.0
48060	162608	504.3333333333333	321.6666666666667
48072	162608	506.0	322.0
48084	162608	508.0	323.0
48096	162608	510.0	323.0
48108	162608	514.0	323.0
48120	162608	517.0	323.0
48132	162608	520.0	323.0
48144	162608	524.0	325.0
48156	162608	528.0	324.0
48168	162608	531.0	324.0
48180	162608	537.0	325.0
48192	162608	541.0	326.0
48204	162608	547.0	326.0
48216	162608	553.0	326.0
48228	162608	560.0	327.0
48240	162608	567.0	328.0
48252	162608	575.0	328.0
48264	162608	585.0	330.0
48276	162608	596.0	331.0
48288	162608	609.0	332.0
48300	162608	625.0	333.0
48312	162608	642.0	334.0
48324	162608	664.0	337.0
48336	162608	689.0	339.0
48348	162608	723.0	343.0
48360	162608	767.0	346.0
48372	162608	823.0	352.0
48384	162608	902.0	358.0
48396	162608	978.0	367.0
48072	162610	488.0	323.0
48084	162610	490.0	323.0
48096	162610	492.0	323.0
48108	162610	494.0	322.0
48120	162610	495.0	323.0
48132	162610	499.0	323.0
48144	162610	501.0	324.0
48156	162610	505.0	324.0
48168	162610	508.0	325.0
48180	162610	510.0	324.0
48192	162610	515.0	326.0
48204	162610	519.0	326.0
48216	162610	523.0	326.0
48228	162610	529.0	327.0
48240	162610	534.0	327.0
48252	162610	540.0	328.0
48264	162610	548.0	329.0
48276	162610	557.0	331.0
48288	162610	565.0	331.0
48300	162610	576.0	332.0
48312	162610	588.0	334.0
48324	162610	604.0	336.0
48336	162610	622.0	337.0
48348	162610	645.0	340.0
48360	162610	673.0	344.0
48372	162610	711.0	348.0
48384	162610	764.0	354.0
48396	162610	836.0	362.0
48408	162610	954.0	376.0
48084	162613	452.35714285714283	321.0
48096	162613	452.7857142857143	321.0
48108	162613	453.0	321.0
48120	162613	453.5	321.0
48132	162613	453.29411764705884	321.1470588235294
48144	162613	454.0	321.5
48156	162613	454.70588235294116	321.8529411764706
48168	162613	455.7	322.0
48180	162613	456.0	322.0
48192	162613	456.0	323.0
48204	162613	457.0	322.0
48216	162613	457.0	322.0
48228	162613	458.0	324.0
48240	162613	460.0	324.0
48252	162613	460.0	323.0
48264	162613	461.0	323.0
48276	162613	463.0	325.0
48288	162613	464.0	325.0
48300	162613	467.0	326.0
48312	162613	468.0	326.0
48324	162613	471.0	327.0
48336	162613	473.0	328.0
48348	162613	476.0	328.0
48360	162613	478.0	329.0
48372	162613	482.0	330.0
48384	162613	486.0	331.0
48396	162613	490.0	332.0
48408	162613	495.0	333.0
48420	162613	503.0	335.0
48432	162613	510.0	337.0
48444	162613	520.0	340.0
48456	162613	531.0	343.0
48468	162613	545.0	346.0
48480	162613	565.0	352.0
48492	162613	592.0	359.0
48504	162613	634.0	370.0
48516	162613	703.0	388.0
48528	162613	836.0	421.0
48540	162613	1026.0	512.0
48192	162635	485.0	322.0
48204	162635	487.0	322.0
48216	162635	490.0	323.0
48228	162635	491.0	323.0
48240	162635	494.0	322.0
48252	162635	496.0	322.0
48264	162635	499.0	324.0
48276	162635	502.0	325.0
48288	162635	505.0	325.0
48300	162635	508.0	324.0
48312	162635	512.0	324.0
48324	162635	518.0	326.0
48336	162635	521.0	326.0
48348	162635	527.0	326.0
48360	162635	532.0	327.0
48372	162635	539.0	327.0
48384	162635	547.0	329.0
48396	162635	555.0	329.0
48408	162635	566.0	331.0
48420	162635	576.0	332.0
48432	162635	590.0	333.0
48444	162635	606.0	334.0
48456	162635	625.0	337.0
48468	162635	649.0	339.0
48480	162635	680.0	343.0
48492	162635	719.0	347.0
48504	162635	773.0	353.0
48516	162635	851.0	361.0
48528	162635	965.0	375.0
48444	162714	467.6666666666667	320.0
48456	162714	469.57142857142856	320.0
48468	162714	470.8	320.1333333333333
48480	162714	472.4	320.4
48492	162714	474.0	320.6666666666667
48504	162714	475.6	320.93333333333334
48516	162714	477.0	322.0
48528	162714	477.0	321.0
48540	162714	479.0	321.0
48552	162714	480.0	321.0
48564	162714	481.0	321.0
48576	162714	483.0	320.0
48588	162714	484.6666666666667	320.3333333333333
48600	162714	487.0	321.0
48612	162714	488.0	322.0
48624	162714	490.0	323.0
48636	162714	492.0	323.0
48648	162714	495.0	323.0
48660	162714	498.0	322.0
48672	162714	500.0	322.0
48684	162714	503.0	324.0
48696	162714	507.0	324.0
48708	162714	510.0	324.0
48720	162714	515.0	325.0
48732	162714	520.0	326.0
48744	162714	525.0	326.0
48756	162714	530.0	326.0
48768	162714	537.0	327.0
48780	162714	544.0	328.0
48792	162714	552.0	329.0
48804	162714	562.0	330.0
48816	162714	573.0	331.0
48828	162714	587.0	333.0
48840	162714	603.0	334.0
48852	162714	624.0	337.0
48864	162714	649.0	340.0
48876	162714	682.0	343.0
48888	162714	726.0	348.0
48900	162714	789.0	355.0
48912	162714	883.0	365.0
48924	162714	986.0	381.0
48504	162723	502.22222222222223	324.0
48516	162723	504.0	324.0
48528	162723	508.2	324.6
48540	162723	514.0	325.0
48552	162723	522.0	325.0
48564	162723	522.0	326.0
48576	162723	529.0	327.0
48588	162723	537.0	327.0
48600	162723	543.0	328.0
48612	162723	552.0	329.0
48624	162723	561.0	330.0
48636	162723	571.0	331.0
48648	162723	584.0	333.0
48660	162723	601.0	335.0
48672	162723	621.0	338.0
48684	162723	647.0	340.0
48696	162723	681.0	345.0
48708	162723	728.0	350.0
48720	162723	796.0	358.0
48732	162723	904.0	370.0
48744	162723	996.0	388.0
48516	162729	493.0	322.0
48528	162729	494.25	321.0
48540	162729	496.8666666666667	321.0
48552	162729	499.0	322.0
48564	162729	500.0	322.0
48576	162729	502.0	322.0
48588	162729	504.0	322.0
48600	162729	507.0	323.0
48612	162729	510.0	323.0
48624	162729	514.0	322.0
48636	162729	517.0	323.0
48648	162729	522.0	324.0
48660	162729	525.0	324.0
48672	162729	530.0	324.0
48684	162729	534.0	325.0
48696	162729	540.0	326.0
48708	162729	546.0	326.0
48720	162729	553.0	326.0
48732	162729	562.0	327.0
48744	162729	570.0	328.0
48756	162729	580.0	329.0
48768	162729	591.0	330.0
48780	162729	605.0	331.0
48792	162729	621.0	332.0
48804	162729	641.0	334.0
48816	162729	665.0	337.0
48828	162729	693.0	339.0
48840	162729	730.0	343.0
48852	162729	780.0	347.0
48864	162729	846.0	353.0
48876	162729	943.0	362.0
48684	162763	481.0	321.0
48696	162763	482.54545454545456	321.0
48708	162763	485.0	321.0
48720	162763	486.53333333333336	321.0
48732	162763	488.0	321.0
48744	162763	490.5	322.0
48756	162763	493.0	322.0
48768	162763	496.25	322.4166666666667
48780	162763	499.0	323.0
48792	162763	501.0	323.0
48804	162763	504.0	324.0
48816	162763	508.0	325.0
48828	162763	512.0	324.0
48840	162763	515.0	325.0
48852	162763	519.0	325.0
48864	162763	524.0	326.0
48876	162763	530.0	327.0
48888	162763	536.0	327.0
48900	162763	543.0	328.0
48912	162763	550.0	329.0
48924	162763	560.0	330.0
48936	162763	570.0	331.0
48948	162763	582.0	332.0
48960	162763	598.0	334.0
48972	162763	617.0	336.0
48984	162763	639.0	338.0
48996	162763	668.0	342.0
49008	162763	706.0	347.0
49020	162763	758.0	352.0
49032	162763	834.0	360.0
49044	162763	954.0	373.0
48768	162778	516.0	323.0
48780	162778	518.0	323.0
48792	162778	521.0	323.0
48804	162778	525.0	322.0
48816	162778	528.0	323.0
48828	162778	533.0	324.0
48840	162778	538.0	324.0
48852	162778	544.0	324.0
48864	162778	550.0	325.0
48876	162778	557.0	325.0
48888	162778	563.0	326.0
48900	162778	573.0	327.0
48912	162778	580.0	326.0
48924	162778	593.0	328.0
48936	162778	604.0	329.0
48948	162778	619.0	330.0
48960	162778	636.0	332.0
48972	162778	658.0	334.0
48984	162778	684.0	336.0
48996	162778	716.0	339.0
49008	162778	756.0	342.0
49020	162778	809.0	346.0
49032	162778	883.0	352.0
49044	162778	977.0	359.0
48804	162791	481.5	323.0
48816	162791	483.41379310344826	324.0689655172414
48828	162791	485.8965517241379	324.48275862068965
48840	162791	488.37931034482756	324.8965517241379
48852	162791	491.0	326.0
48864	162791	492.57142857142856	325.2857142857143
48876	162791	496.0	327.0
48888	162791	499.0	327.0
48900	162791	505.0	328.0
48912	162791	509.0	329.0
48924	162791	515.0	329.0
48936	162791	521.0	331.0
48948	162791	529.0	332.0
48960	162791	538.0	333.0
48972	162791	549.0	336.0
48984	162791	562.0	337.0
48996	162791	579.0	341.0
49008	162791	600.0	344.0
49020	162791	628.0	349.0
49032	162791	668.0	355.0
49044	162791	726.0	365.0
49056	162791	822.0	381.0
49068	162791	973.0	409.0
48852	162806	463.0	324.0
48864	162806	464.0	323.0
48876	162806	465.0	323.0
48888	162806	466.0	324.0
48900	162806	468.0	325.0
48912	162806	469.0	325.0
48924	162806	471.0	326.0
48936	162806	473.0	326.0
48948	162806	476.0	327.0
48960	162806	478.0	327.0
48972	162806	480.0	327.0
48984	162806	484.0	328.0
48996	162806	487.0	330.0
49008	162806	491.0	330.0
49020	162806	496.0	331.0
49032	162806	502.0	333.0
49044	162806	508.0	334.0
49056	162806	514.0	336.0
49068	162806	524.0	339.0
49080	162806	534.0	341.0
49092	162806	548.0	345.0
49104	162806	565.0	349.0
49116	162806	588.0	355.0
49128	162806	621.0	362.0
49140	162806	671.0	375.0
49152	162806	755.0	396.0
49164	162806	924.0	434.0
48864	162814	481.0	322.0
48876	162814	482.0	321.0
48888	162814	485.0	320.0
48900	162814	489.0	322.0
48912	162814	491.0	322.0
48924	162814	494.0	322.0
48936	162814	497.0	323.0
48948	162814	502.0	323.0
48960	162814	504.0	324.0
48972	162814	509.0	324.0
48984	162814	511.0	324.0
48996	162814	515.0	325.0
49008	162814	520.0	326.0
49020	162814	526.0	325.0
49032	162814	531.0	327.0
49044	162814	537.0	326.0
49056	162814	545.0	328.0
49068	162814	554.0	329.0
49080	162814	565.0	331.0
49092	162814	578.0	332.0
49104	162814	593.0	334.0
49116	162814	612.0	336.0
49128	162814	636.0	339.0
49140	162814	668.0967741935484	340.16129032258067
49152	162814	697.1290322580645	340.5483870967742
49164	162814	726.1612903225806	340.93548387096774
49176	162814	774.0	345.0
49188	162814	842.0	353.0
49200	162814	956.0	364.0
48960	162829	464.0	321.0
48972	162829	466.0	323.0
48984	162829	469.0	323.0
48996	162829	470.0	323.0
49008	162829	473.0	323.0
49020	162829	474.4117647058824	323.70588235294116
49032	162829	476.0	324.0
49044	162829	479.0	324.0
49056	162829	482.0	324.0
49068	162829	484.0	325.0
49080	162829	487.0	326.0
49092	162829	491.0	326.0
49104	162829	495.0	326.0
49116	162829	499.0	327.0
49128	162829	504.0	328.0
49140	162829	509.0	329.0
49152	162829	515.0	329.0
49164	162829	521.0	330.0
49176	162829	528.0	331.0
49188	162829	536.0	332.0
49200	162829	547.0	334.0
49212	162829	558.0	336.0
49224	162829	572.0	339.0
49236	162829	590.0	341.0
49248	162829	612.0	345.0
49260	162829	640.0	350.0
49272	162829	679.0	357.0
49284	162829	734.0	365.0
49296	162829	822.0	381.0
49308	162829	963.0	406.0
48996	162838	441.0	322.0
49008	162838	442.0	322.0
49020	162838	442.0	322.0
49032	162838	442.0	322.0
49044	162838	442.0	322.0
49056	162838	443.0	322.0
49068	162838	443.0	323.0
49080	162838	443.0	323.0
49092	162838	444.0	322.0
49104	162838	445.0	322.0
49116	162838	446.0	323.2
49128	162838	447.0	324.0
49140	162838	449.0	324.0
49152	162838	449.0	324.5
49164	162838	450.44444444444446	324.1111111111111
49176	162838	453.1111111111111	324.77777777777777
49188	162838	453.0	325.0
49200	162838	455.0	325.0
49212	162838	456.0	325.0
49224	162838	456.0	326.0
49236	162838	460.22222222222223	326.0
49248	162838	460.8888888888889	326.0
49260	162838	461.8333333333333	326.8333333333333
49272	162838	465.0	329.0
49284	162838	468.6923076923077	329.0
49296	162838	470.0	329.0
49308	162838	473.0	330.0
49320	162838	477.0	330.0
49332	162838	481.0	331.0
49344	162838	483.0	332.0
49356	162838	491.0	334.0
49368	162838	494.0	332.0
49380	162838	500.0	337.0
49392	162838	507.0	338.0
49404	162838	518.2258064516129	340.06451612903226
49416	162838	529.0645161290322	343.16129032258067
49428	162838	541.0	346.0
49440	162838	556.0	350.0
49452	162838	575.6666666666666	356.0
49104	162857	469.4	322.0
49116	162857	472.25	322.0
49128	162857	475.5	322.0
49140	162857	477.0	323.0
49152	162857	479.0	324.0
49164	162857	482.3333333333333	324.0
49176	162857	486.0	324.0
49188	162857	488.0	324.0
49200	162857	491.0	325.0
49212	162857	495.0	325.0
49224	162857	499.0	326.0
49236	162857	503.0	326.0
49248	162857	506.0	327.0
49260	162857	511.0	328.0
49272	162857	516.0	328.0
49284	162857	523.0	329.0
49296	162857	529.0	330.0
49308	162857	537.0	331.0
49320	162857	546.0	333.0
49332	162857	558.0	335.0
49344	162857	571.0	337.0
49356	162857	588.0	340.0
49368	162857	609.0	343.0
49380	162857	638.0	348.0
49392	162857	677.0	353.0
49404	162857	734.0	363.0
49416	162857	821.0	376.0
49428	162857	964.0	399.0
49500	162990	489.75	321.375
49512	162990	493.0	322.0
49524	162990	499.0	322.0
49536	162990	501.0	322.0
49548	162990	503.05882352941177	322.3529411764706
49560	162990	505.0	323.0
49572	162990	508.0	324.0
49584	162990	512.0	325.0
49596	162990	515.0	324.0
49608	162990	518.0	325.0
49620	162990	522.0	326.0
49632	162990	527.0	325.0
49644	162990	533.0	327.0
49656	162990	539.0	327.0
49668	162990	546.0	328.0
49680	162990	554.0	329.0
49692	162990	564.0	331.0
49704	162990	576.0	332.0
49716	162990	589.0	333.0
49728	162990	606.0	335.0
49740	162990	626.0	337.0
49752	162990	651.0	340.0
49764	162990	684.0	344.0
49776	162990	726.0	348.0
49788	162990	784.0	355.0
49800	162990	869.0	364.0
49812	162990	976.0	379.0
49608	163017	481.0	322.6666666666667
49620	163017	482.0	323.0
49632	163017	484.0	324.0
49644	163017	486.7	323.9
49656	163017	491.0	325.0
49668	163017	496.0	325.0
49680	163017	498.0	325.0
49692	163017	502.0	328.0
49704	163017	506.0	327.0
49716	163017	512.0	329.0
49728	163017	520.0	330.0
49740	163017	529.0	331.0
49752	163017	538.0	333.0
49764	163017	550.0	334.0
49776	163017	565.0	337.0
49788	163017	586.0	340.0
49800	163017	611.0	344.0
49812	163017	647.0	350.0
49824	163017	701.0	358.0
49836	163017	787.0	372.0
49848	163017	949.0	397.0
49800	163084	487.6	319.7
49812	163084	490.0	319.0
49824	163084	490.0	319.0
49836	163084	492.2857142857143	320.0
49848	163084	493.6363636363636	320.0
49860	163084	495.0	320.0
49872	163084	497.0	321.0
49884	163084	501.0	321.0
49896	163084	502.0	321.0
49908	163084	504.0	321.0
49920	163084	505.0	320.0
49932	163084	508.0	321.0
49944	163084	512.0	322.0
49956	163084	515.0	322.0
49968	163084	518.0	322.0
49980	163084	521.0	323.0
49992	163084	525.0	323.0
50004	163084	530.0	324.0
50016	163084	534.0	324.0
50028	163084	540.0	325.0
50040	163084	544.0	325.0
50052	163084	551.0	325.0
50064	163084	556.0	325.0
50076	163084	564.0	326.0
50088	163084	571.0	327.0
50100	163084	579.0	327.0
50112	163084	592.0	329.0
50124	163084	604.0	330.0
50136	163084	617.0	331.0
50148	163084	632.0	332.0
50160	163084	651.0	334.0
50172	163084	673.0	337.0
50184	163084	701.0	340.0
50196	163084	737.0	342.0
50208	163084	784.0	347.0
50220	163084	850.0	354.0
50232	163084	941.0	361.0
50244	163084	976.0	363.0
50256	163084	985.0	363.0
50268	163084	988.0	366.0
49872	163117	567.0	319.0
49884	163117	562.0	319.0
49896	163117	558.1267605633802	319.61971830985914
49908	163117	553.9014084507043	320.2957746478873
49920	163117	549.6760563380282	320.9718309859155
49932	163117	545.4507042253521	321.6478873239437
49944	163117	541.2253521126761	322.32394366197184
49956	163117	537.0	323.0
49968	163117	538.0	324.0
49980	163117	543.0	323.0
49992	163117	549.0	325.0
50004	163117	554.0	326.0
50016	163117	560.0	325.0
50028	163117	568.0	326.0
50040	163117	576.0	327.0
50052	163117	586.0	328.0
50064	163117	597.0	329.0
50076	163117	610.0	330.0
50088	163117	624.0	331.0
50100	163117	641.0	333.0
50112	163117	661.0	334.0
50124	163117	687.0	336.0
50136	163117	717.0	339.0
50148	163117	754.0	342.0
50160	163117	804.0	346.0
50172	163117	872.0	352.0
50184	163117	963.0	360.0
49920	163134	451.0	321.0
49932	163134	451.0	322.0
49944	163134	453.0	322.0
49956	163134	454.0	322.0
49968	163134	454.0	323.0
49980	163134	455.0	322.0
49992	163134	457.0	322.0
50004	163134	459.0	324.0
50016	163134	461.0	324.0
50028	163134	462.0	324.0
50040	163134	463.0	323.0
50052	163134	467.0	325.0
50064	163134	469.0	325.0
50076	163134	470.0	325.0
50088	163134	473.0	326.0
50100	163134	475.0	326.0
50112	163134	478.0	327.0
50124	163134	482.0	328.0
50136	163134	486.0	330.0
50148	163134	491.0	330.0
50160	163134	495.0	332.0
50172	163134	501.0	333.0
50184	163134	507.0	335.0
50196	163134	516.0	337.0
50208	163134	527.0	340.0
50220	163134	539.0	343.0
50232	163134	559.0	348.0
50244	163134	585.0	355.0
50256	163134	624.0	364.0
50268	163134	688.0	380.0
50280	163134	811.0	410.0
50292	163134	1009.0	488.0
50184	163165	463.0	321.0
50196	163165	464.0	320.0
50208	163165	464.0	321.0
50220	163165	465.0	320.0
50232	163165	465.0	320.0
50244	163165	466.0	320.0
50256	163165	467.0	320.0
50268	163165	469.0	321.0
50280	163165	469.0	321.0
50292	163165	472.7692307692308	321.0
50304	163165	475.0	322.0
50316	163165	475.0	322.0
50328	163165	476.0	322.0
50340	163165	478.0	323.0
50352	163165	480.0	323.0
50364	163165	482.0	324.0
50376	163165	485.0	325.0
50388	163165	487.0	324.0
50400	163165	490.0	325.0
50412	163165	493.0	326.0
50424	163165	496.0	326.0
50436	163165	500.0	326.0
50448	163165	503.0	327.0
50460	163165	508.0	328.0
50472	163165	514.0	329.0
50484	163165	520.0	330.0
50496	163165	527.0	331.0
50508	163165	534.0	332.0
50520	163165	544.0	333.0
50532	163165	555.0	335.0
50544	163165	568.0	337.0
50556	163165	585.0	340.0
50568	163165	606.0	344.0
50580	163165	636.0	348.0
50592	163165	672.0	354.0
50604	163165	728.0	363.0
50616	163165	816.0	378.0
50628	163165	964.0	401.0
50196	163166	488.0	322.0
50208	163166	489.4	322.0
50220	163166	492.0	322.0
50232	163166	494.0	322.0
50244	163166	495.0	322.0
50256	163166	498.5	322.0
50268	163166	501.0	323.0
50280	163166	504.0	323.0
50292	163166	507.0	324.0
50304	163166	511.0	324.0
50316	163166	518.0	325.0
50328	163166	519.0	325.0
50340	163166	525.0	325.0
50352	163166	530.0	325.0
50364	163166	536.0	326.0
50376	163166	543.0	327.0
50388	163166	550.0	328.0
50400	163166	558.0	329.0
50412	163166	568.0	331.0
50424	163166	579.0	331.0
50436	163166	591.0	333.0
50448	163166	607.0	335.0
50460	163166	626.0	337.0
50472	163166	650.0	340.0
50484	163166	678.0	343.0
50496	163166	718.0	348.0
50508	163166	773.0	355.0
50520	163166	848.0	363.0
50532	163166	956.0	375.0
50544	163166	985.0	379.0
50556	163166	997.0	384.0
50568	163166	993.0	382.0
50244	163176	511.0	322.0
50256	163176	513.0	322.0
50268	163176	518.0	323.0
50280	163176	522.0	323.0
50292	163176	527.0	324.0
50304	163176	531.0	324.0
50316	163176	538.0	325.0
50328	163176	545.0	325.0
50340	163176	552.0	326.0
50352	163176	562.0	327.0
50364	163176	573.0	328.0
50376	163176	585.0	329.0
50388	163176	599.0	331.0
50400	163176	616.0	332.0
50412	163176	636.0	335.0
50424	163176	663.0	337.0
50436	163176	697.0	340.0
50448	163176	742.0	345.0
50460	163176	806.0	351.0
50472	163176	905.0	361.0
50376	163199	468.0	323.0
50388	163199	468.0	323.0
50400	163199	468.0	323.0
50412	163199	469.2857142857143	323.2857142857143
50424	163199	472.0	325.0
50436	163199	472.0	326.0
50448	163199	473.0	326.0
50460	163199	475.0	327.0
50472	163199	477.0	327.0
50484	163199	479.0	328.0
50496	163199	482.0	328.0
50508	163199	485.0	329.0
50520	163199	490.0	331.0
50532	163199	495.0	331.0
50544	163199	500.0	333.0
50556	163199	506.0	334.0
50568	163199	515.0	337.0
50580	163199	527.0	340.0
50592	163199	540.0	343.0
50604	163199	558.0	347.0
50616	163199	583.0	353.0
50628	163199	620.0	362.0
50640	163199	679.0	377.0
50652	163199	787.0	403.0
50664	163199	988.0	466.0
50508	163221	470.0	321.0
50520	163221	471.6666666666667	321.0
50532	163221	474.0	321.0
50544	163221	475.0	322.0
50556	163221	476.0	322.0
50568	163221	476.0	322.0
50580	163221	479.0	323.0
50592	163221	480.0	322.0
50604	163221	483.0	324.0
50616	163221	485.0	325.0
50628	163221	487.0	324.0
50640	163221	490.0	325.0
50652	163221	493.0	326.0
50664	163221	495.0	326.0
50676	163221	499.0	326.0
50688	163221	503.0	327.0
50700	163221	507.0	328.0
50712	163221	512.0	328.0
50724	163221	518.0	329.0
50736	163221	526.0	330.0
50748	163221	534.0	332.0
50760	163221	543.0	333.0
50772	163221	554.0	335.0
50784	163221	570.0	337.0
50796	163221	587.0	340.0
50808	163221	610.0	343.0
50820	163221	640.0	348.0
50832	163221	683.0	355.0
50844	163221	746.0	365.0
50856	163221	848.0	381.0
50868	163221	986.0	409.0
50976	163315	503.0	324.0
50988	163315	506.0	324.0
51000	163315	510.6666666666667	324.3333333333333
51012	163315	515.0	325.0
51024	163315	520.0	325.0
51036	163315	525.0	325.0
51048	163315	531.0	326.0
51060	163315	537.0	327.0
51072	163315	545.0	328.0
51084	163315	554.0	329.0
51096	163315	564.0	330.0
51108	163315	576.0	331.0
51120	163315	591.0	333.0
51132	163315	608.0	335.0
51144	163315	629.0	337.0
51156	163315	660.0	341.0
51168	163315	698.0	345.0
51180	163315	750.0	351.0
51192	163315	828.0	360.0
51204	163315	955.0	374.0
51144	163354	526.0	322.0
51156	163354	528.0	323.0
51168	163354	535.0	323.0
51180	163354	538.0	323.0
51192	163354	545.0	323.0
51204	163354	550.0	325.0
51216	163354	557.0	325.0
51228	163354	563.0	325.0
51240	163354	571.0	326.0
51252	163354	579.0	326.0
51264	163354	590.0	327.0
51276	163354	600.0	328.0
51288	163354	616.0	330.0
51300	163354	627.0	331.0
51312	163354	647.0	332.0
51324	163354	666.0	333.0
51336	163354	688.0	335.0
51348	163354	719.0	338.0
51360	163354	753.0	341.0
51372	163354	800.0	345.0
51384	163354	863.0	350.0
51396	163354	950.0	358.0
51408	163354	959.5	357.0
51420	163354	973.0	361.0
51240	163387	480.5	323.5
51252	163387	483.0	325.0
51264	163387	486.0	325.0
51276	163387	489.0	324.0
51288	163387	492.0	326.0
51300	163387	494.0	325.0
51312	163387	498.0	326.0
51324	163387	503.0	327.0
51336	163387	508.0	328.0
51348	163387	514.0	328.0
51360	163387	521.0	330.0
51372	163387	529.0	331.0
51384	163387	539.0	332.0
51396	163387	550.0	334.0
51408	163387	564.0	336.0
51420	163387	580.0	339.0
51432	163387	602.0	343.0
51444	163387	632.0	347.0
51456	163387	674.0	354.0
51468	163387	737.0	364.0
51480	163387	844.0	381.0
51492	163387	988.0	412.0
51492	163463	466.0	320.0
51504	163463	466.2142857142857	320.0
51516	163463	467.0	321.0
51528	163463	467.09375	320.09375
51540	163463	467.46875	320.46875
51552	163463	467.84375	320.84375
51564	163463	469.0	320.0
51576	163463	468.0	320.0
51588	163463	469.0	321.0
51600	163463	470.0	320.0
51612	163463	471.0	321.0
51624	163463	473.0	322.0
51636	163463	473.0	323.0
51648	163463	474.8	322.55
51660	163463	478.0	322.0
51672	163463	479.0	322.0
51684	163463	480.0	322.0
51696	163463	483.0	324.0
51708	163463	485.0	325.0
51720	163463	486.0	324.0
51732	163463	490.0	324.0
51744	163463	493.0	325.0
51756	163463	496.0	325.0
51768	163463	500.0	326.0
51780	163463	504.0	327.0
51792	163463	508.0	327.0
51804	163463	512.0	328.0
51816	163463	519.0	329.0
51828	163463	526.0	331.0
51840	163463	534.0	331.0
51852	163463	543.0	333.0
51864	163463	555.0	334.0
51876	163463	569.0	337.0
51888	163463	587.0	340.0
51900	163463	609.0	344.0
51912	163463	639.0	348.0
51924	163463	681.0	355.0
51936	163463	744.0	364.0
51948	163463	848.0	381.0
51960	163463	987.0	412.0
51492	163464	476.0	321.0
51504	163464	477.0	320.0
51516	163464	478.0	321.0
51528	163464	479.0	321.0
51540	163464	481.5	320.0
51552	163464	484.0	320.6666666666667
51564	163464	485.3333333333333	321.3333333333333
51576	163464	486.0	322.0
51588	163464	490.0	322.0
51600	163464	491.0	323.0
51612	163464	494.0	322.0
51624	163464	496.6666666666667	322.0
51636	163464	499.0	323.0
51648	163464	503.0	324.0
51660	163464	505.0	324.0
51672	163464	509.0	325.0
51684	163464	513.0	325.0
51696	163464	518.0	326.0
51708	163464	523.0	326.0
51720	163464	529.0	326.0
51732	163464	534.0	327.0
51744	163464	542.0	328.0
51756	163464	550.0	329.0
51768	163464	560.0	331.0
51780	163464	571.0	332.0
51792	163464	584.0	333.0
51804	163464	601.0	336.0
51816	163464	621.0	337.0
51828	163464	647.0	341.0
51840	163464	681.0	345.0
51852	163464	728.0	350.0
51864	163464	797.0	358.0
51876	163464	903.0	371.0
51888	163464	993.0	391.0
51492	163466	494.0	323.0
51504	163466	496.0	322.0
51516	163466	500.0	324.0
51528	163466	504.0	324.0
51540	163466	507.0	324.0
51552	163466	509.0	324.0
51564	163466	513.0	326.0
51576	163466	518.0	325.0
51588	163466	523.0	326.0
51600	163466	528.0	326.0
51612	163466	535.0	327.0
51624	163466	542.0	329.0
51636	163466	552.0	329.0
51648	163466	561.0	331.0
51660	163466	572.0	332.0
51672	163466	586.0	334.0
51684	163466	603.0	336.0
51696	163466	625.0	338.0
51708	163466	652.0	341.0
51720	163466	688.0	346.0
51732	163466	738.0	352.0
51744	163466	812.0	360.0
51756	163466	929.0	373.0
51612	163498	517.0	323.0
51624	163498	522.0	324.0
51636	163498	527.0	324.0
51648	163498	527.0	323.0
51660	163498	530.0	323.0
51672	163498	536.5	324.0
51684	163498	541.0	325.0
51696	163498	547.0	326.0
51708	163498	552.0	326.0
51720	163498	560.0	327.0
51732	163498	566.0	328.0
51744	163498	575.0	328.0
51756	163498	584.0	329.0
51768	163498	594.0	330.0
51780	163498	606.0	331.0
51792	163498	621.0	332.0
51804	163498	636.0	334.0
51816	163498	655.0	336.0
51828	163498	679.0	338.0
51840	163498	706.0	340.0
51852	163498	741.0	344.0
51864	163498	770.7142857142857	332.7142857142857
51876	163498	824.0	350.0
51888	163498	908.0	358.0
51900	163498	979.0	368.0
51852	163537	467.07142857142856	320.0
51864	163537	467.92857142857144	320.0
51876	163537	469.0	320.5
51888	163537	470.8857142857143	321.3142857142857
51900	163537	472.9428571428571	321.65714285714284
51912	163537	475.0	322.0
51924	163537	475.8	322.0
51936	163537	476.625	322.0
51948	163537	478.0	322.0
51960	163537	478.0	322.0
51972	163537	480.0	322.0
51984	163537	482.0	323.0
51996	163537	485.0	324.0
52008	163537	487.0	324.0
52020	163537	489.0	324.0
52032	163537	491.0	325.0
52044	163537	494.0	325.0
52056	163537	497.0	325.0
52068	163537	500.0	326.0
52080	163537	503.0	327.0
52092	163537	507.0	327.0
52104	163537	512.0	328.0
52116	163537	517.0	329.0
52128	163537	524.0	330.0
52140	163537	532.0	331.0
52152	163537	539.0	333.0
52164	163537	549.0	334.0
52176	163537	561.0	336.0
52188	163537	577.0	339.0
52200	163537	595.0	342.0
52212	163537	618.0	345.0
52224	163537	649.0	350.0
52236	163537	692.0	357.0
52248	163537	755.0	367.0
52260	163537	859.0	383.0
52272	163537	987.0	412.0
52080	163621	478.0	322.0
52092	163621	479.0	321.0
52104	163621	480.0	322.0
52116	163621	482.0	322.0
52128	163621	483.0	323.0
52140	163621	484.70588235294116	323.0
52152	163621	486.0	322.0
52164	163621	488.0	322.5
52176	163621	489.1333333333333	321.8666666666667
52188	163621	489.93333333333334	321.06666666666666
52200	163621	492.0	321.0
52212	163621	492.875	322.0
52224	163621	493.0	322.0
52236	163621	496.0	322.0
52248	163621	500.0	322.0
52260	163621	505.0	323.6666666666667
52272	163621	506.0	324.0
52284	163621	509.0	324.0
52296	163621	513.0	324.0
52308	163621	519.0	325.0
52320	163621	522.0	325.0
52332	163621	527.0	325.0
52344	163621	532.0	326.0
52356	163621	539.0	327.0
52368	163621	545.0	327.0
52380	163621	552.0	328.0
52392	163621	560.0	329.0
52404	163621	571.0	331.0
52416	163621	580.0	331.0
52428	163621	594.0	332.0
52440	163621	608.0	334.0
52452	163621	625.0	336.0
52464	163621	647.0	339.0
52476	163621	672.0	342.0
52488	163621	706.0	347.0
52500	163621	751.0	352.0
52512	163621	810.0	358.0
52524	163621	901.0	367.0
52536	163621	978.0	384.0
52548	163621	956.0	384.0
52560	163621	979.0	373.0
52572	163621	1001.0	390.0
52260	163640	452.0	322.0
52272	163640	452.0	322.0
52284	163640	453.61538461538464	322.3076923076923
52296	163640	454.53846153846155	322.7692307692308
52308	163640	457.0	323.0
52320	163640	458.0	324.0
52332	163640	459.0	323.0
52344	163640	460.3333333333333	323.22222222222223
52356	163640	462.3333333333333	324.55555555555554
52368	163640	465.0	325.0
52380	163640	467.0	325.0
52392	163640	468.0	325.0
52404	163640	472.0	327.0
52416	163640	474.0	328.0
52428	163640	478.0	328.0
52440	163640	480.0	328.0
52452	163640	484.0	329.0
52464	163640	489.0	330.0
52476	163640	492.0	331.0
52488	163640	499.0	333.0
52500	163640	506.0	335.0
52512	163640	514.0	337.0
52524	163640	525.0	340.0
52536	163640	538.0	343.0
52548	163640	553.0	347.0
52560	163640	577.0	352.0
52572	163640	609.0	360.0
52584	163640	658.0	371.0
52596	163640	741.0	390.0
52608	163640	910.0	428.0
52620	163640	1025.0	485.0
52344	163648	501.0	323.0
52356	163648	503.50943396226415	322.811320754717
52368	163648	505.3207547169811	322.58490566037733
52380	163648	507.1320754716981	322.35849056603774
52392	163648	508.9433962264151	322.1320754716981
52404	163648	511.1764705882353	322.0
52416	163648	514.0	322.0
52428	163648	516.421052631579	321.10526315789474
52440	163648	518.9473684210526	321.7368421052632
52452	163648	523.6	322.8
52464	163648	527.0	324.0
52476	163648	531.5	324.0
52488	163648	536.3333333333334	325.0
52500	163648	543.0	326.0
52512	163648	548.0	325.0
52524	163648	553.0	326.0
52536	163648	562.0	327.0
52548	163648	570.0	328.0
52560	163648	577.0	327.0
52572	163648	585.0	318.0
52584	163648	601.0	322.0
52596	163648	618.0	332.0
52608	163648	635.0	334.0
52620	163648	652.0	336.0
52632	163648	673.0	325.0
52644	163648	700.0	312.0
52656	163648	745.0	341.0
52668	163648	792.0	346.0
52680	163648	873.0	356.0
52692	163648	964.0	365.0
52704	163648	995.0	374.0
52572	163676	478.0	324.0
52584	163676	479.0	324.0
52596	163676	481.0	324.0
52608	163676	484.0	325.0
52620	163676	484.0	326.0
52632	163676	486.0	326.0
52644	163676	487.0	327.0
52656	163676	490.0	327.0
52668	163676	493.0	328.0
52680	163676	495.0	328.0
52692	163676	499.0	330.0
52704	163676	505.0	331.0
52716	163676	509.0	332.0
52728	163676	515.0	335.0
52740	163676	523.0	336.0
52752	163676	534.0	339.0
52764	163676	547.0	343.0
52776	163676	565.0	348.0
52788	163676	593.0	355.0
52800	163676	635.0	365.0
52812	163676	712.0	384.0
52824	163676	874.0	423.0
52932	163780	465.0	325.0
52944	163780	466.0	325.0
52956	163780	469.0	326.0
52968	163780	472.0	327.0
52980	163780	473.0	328.0
52992	163780	478.0	328.0
53004	163780	481.0	329.0
53016	163780	485.0	330.0
53028	163780	489.0	331.0
53040	163780	493.0	332.0
53052	163780	499.0	334.0
53064	163780	505.0	335.0
53076	163780	512.0	337.0
53088	163780	522.0	339.0
53100	163780	534.0	343.0
53112	163780	549.0	346.0
53124	163780	570.0	351.0
53136	163780	597.0	357.0
53148	163780	638.0	367.0
53160	163780	704.0	384.0
53172	163780	828.0	413.0
53184	163780	1009.0	484.0
52968	163794	454.0	323.0
52980	163794	454.0	322.0
52992	163794	455.0	322.5
53004	163794	457.0	323.0
53016	163794	458.0	324.0
53028	163794	459.0	324.0
53040	163794	460.0	324.0
53052	163794	462.0	325.0
53064	163794	463.0	326.0
53076	163794	466.0	326.0
53088	163794	467.7	325.7
53100	163794	471.0	327.0
53112	163794	473.0	328.0
53124	163794	474.0	328.0
53136	163794	478.0	329.0
53148	163794	482.0	331.0
53160	163794	485.0	331.0
53172	163794	490.0	332.0
53184	163794	496.0	333.0
53196	163794	502.0	335.0
53208	163794	510.0	337.0
53220	163794	521.0	340.0
53232	163794	533.0	344.0
53244	163794	549.0	347.0
53256	163794	571.0	353.0
53268	163794	602.0	361.0
53280	163794	653.0	373.0
53292	163794	739.0	395.0
53304	163794	927.0	440.0
53232	163881	483.0	323.0
53244	163881	484.0	324.0
53256	163881	486.0	323.0
53268	163881	488.0	324.0
53280	163881	491.0	326.0
53292	163881	495.0	325.0
53304	163881	498.0	326.0
53316	163881	501.0	327.0
53328	163881	505.0	327.0
53340	163881	510.0	328.0
53352	163881	515.0	329.0
53364	163881	521.0	330.0
53376	163881	529.0	331.0
53388	163881	536.0	332.0
53400	163881	546.0	334.0
53412	163881	558.0	335.0
53424	163881	571.0	338.0
53436	163881	589.0	340.0
53448	163881	611.0	344.0
53460	163881	640.0	349.0
53472	163881	680.0	355.0
53484	163881	736.0	363.0
53496	163881	823.0	377.0
53508	163881	964.0	400.0
53340	163911	487.0	320.0
53352	163911	490.0	321.0
53364	163911	492.0	322.0
53376	163911	494.0	323.0
53388	163911	497.0	323.0
53400	163911	500.0	322.0
53412	163911	504.0	323.0
53424	163911	508.0	324.0
53436	163911	512.0	324.0
53448	163911	517.0	324.0
53460	163911	523.0	325.0
53472	163911	529.0	325.0
53484	163911	536.0	326.0
53496	163911	545.0	327.0
53508	163911	555.0	328.0
53520	163911	565.0	329.0
53532	163911	580.0	330.0
53544	163911	596.0	332.0
53556	163911	616.0	333.0
53568	163911	641.0	336.0
53580	163911	673.0	339.0
53592	163911	716.0	343.0
53604	163911	775.0	349.0
53616	163911	861.0	357.0
53628	163911	974.0	368.0
53352	163915	478.0	322.0
53364	163915	480.0	324.0
53376	163915	481.0	325.0
53388	163915	483.0	325.0
53400	163915	484.0	324.0
53412	163915	487.0	325.0
53424	163915	489.0	325.0
53436	163915	492.0	325.0
53448	163915	496.0	326.0
53460	163915	499.0	327.0
53472	163915	503.0	327.0
53484	163915	507.0	328.0
53496	163915	511.0	329.0
53508	163915	518.0	331.0
53520	163915	523.0	331.0
53532	163915	531.0	333.0
53544	163915	539.0	334.0
53556	163915	550.0	336.0
53568	163915	563.0	338.0
53580	163915	579.0	342.0
53592	163915	600.0	346.0
53604	163915	629.0	351.0
53616	163915	670.0	358.0
53628	163915	732.0	370.0
53640	163915	834.0	388.0
53652	163915	983.0	423.0
53544	163948	500.0	323.0
53556	163948	504.0	323.0
53568	163948	507.0	323.0
53580	163948	511.0	324.0
53592	163948	515.0	325.0
53604	163948	519.0	325.0
53616	163948	524.0	325.0
53628	163948	529.0	327.0
53640	163948	534.0	327.0
53652	163948	540.0	328.0
53664	163948	547.0	328.0
53676	163948	554.0	329.0
53688	163948	563.0	330.0
53700	163948	572.0	331.0
53712	163948	584.0	332.0
53724	163948	596.0	334.0
53736	163948	611.0	336.0
53748	163948	629.0	337.0
53760	163948	651.0	340.0
53772	163948	677.0	344.0
53784	163948	711.0	347.0
53796	163948	755.0	352.0
53808	163948	817.0	360.0
53820	163948	906.0	369.0
53832	163948	984.0	385.0
53568	163951	467.0	321.0
53580	163951	467.57142857142856	321.0
53592	163951	468.42857142857144	320.85714285714283
53604	163951	469.45714285714286	320.51428571428573
53616	163951	470.48571428571427	320.1714285714286
53628	163951	472.0	321.0
53640	163951	473.0	321.0
53652	163951	474.0	322.0
53664	163951	476.0	322.0
53676	163951	478.0	322.0
53688	163951	479.0	321.0
53700	163951	481.0	322.0
53712	163951	483.0	323.0
53724	163951	485.0	324.0
53736	163951	487.0	324.0
53748	163951	490.0	324.0
53760	163951	492.0	324.0
53772	163951	495.0	325.0
53784	163951	498.0	325.0
53796	163951	503.0	326.0
53808	163951	507.0	326.0
53820	163951	512.0	327.0
53832	163951	516.0	328.0
53844	163951	522.0	329.0
53856	163951	528.0	330.0
53868	163951	535.0	331.0
53880	163951	543.0	332.0
53892	163951	554.0	334.0
53904	163951	565.0	336.0
53916	163951	581.0	338.0
53928	163951	597.0	341.0
53940	163951	620.0	344.0
53952	163951	651.0	349.0
53964	163951	691.0	356.0
53976	163951	750.0	365.0
53988	163951	845.0	380.0
54000	163951	972.0	405.0
54012	163951	999.0	415.0
54024	163951	985.0	391.0
54036	163951	996.0	413.0
53640	163967	499.0	323.0
53652	163967	502.0	324.0
53664	163967	505.0	324.0
53676	163967	507.5	324.0
53688	163967	510.8	324.2
53700	163967	515.0	325.0
53712	163967	519.0	325.0
53724	163967	523.0	325.0
53736	163967	528.0	327.0
53748	163967	533.0	327.0
53760	163967	542.0	327.0
53772	163967	548.0	329.0
53784	163967	556.0	330.0
53796	163967	564.0	331.0
53808	163967	574.0	332.0
53820	163967	586.0	333.0
53832	163967	601.0	335.0
53844	163967	618.0	337.0
53856	163967	640.0	339.0
53868	163967	665.0	343.0
53880	163967	698.0	347.0
53892	163967	742.0	352.0
53904	163967	802.0	359.0
53916	163967	890.0	369.0
53928	163967	982.0	385.0
53700	163977	501.0	323.0
53712	163977	505.0	323.0
53724	163977	508.0	323.0
53736	163977	512.0	323.0
53748	163977	515.0	324.0
53760	163977	521.0	325.0
53772	163977	526.0	325.0
53784	163977	529.0	327.0
53796	163977	534.0	327.0
53808	163977	541.0	328.0
53820	163977	548.0	328.0
53832	163977	556.0	329.0
53844	163977	565.0	330.0
53856	163977	576.0	331.0
53868	163977	588.0	333.0
53880	163977	604.0	335.0
53892	163977	621.0	338.0
53904	163977	642.0	340.0
53916	163977	669.0	343.0
53928	163977	703.0	347.0
53940	163977	747.0	352.0
53952	163977	808.0	359.0
53964	163977	898.0	369.0
53976	163977	982.0	384.0
53868	164007	457.0	322.0
53880	164007	458.0	323.0
53892	164007	459.0	324.0
53904	164007	461.2121212121212	324.3030303030303
53916	164007	462.6666666666667	324.6666666666667
53928	164007	465.0	325.0
53940	164007	466.0	325.0
53952	164007	466.0	325.0
53964	164007	469.0	326.0
53976	164007	472.0	327.0
53988	164007	473.0	328.0
54000	164007	476.0	328.0
54012	164007	480.0	330.0
54024	164007	484.0	330.0
54036	164007	488.0	331.0
54048	164007	494.0	333.0
54060	164007	499.0	334.0
54072	164007	507.0	337.0
54084	164007	516.0	339.0
54096	164007	529.0	343.0
54108	164007	545.0	346.0
54120	164007	567.0	352.0
54132	164007	600.0	360.0
54144	164007	651.0	373.0
54156	164007	746.0	398.0
54168	164007	958.0	454.0
53928	164036	490.0	324.0
53940	164036	494.0	325.0
53952	164036	497.0	325.0
53964	164036	498.0	325.0
53976	164036	503.0	326.0
53988	164036	506.0	327.0
54000	164036	511.0	328.0
54012	164036	515.0	328.0
54024	164036	522.0	330.0
54036	164036	528.0	331.0
54048	164036	535.0	332.0
54060	164036	546.0	334.0
54072	164036	558.0	335.0
54084	164036	572.0	338.0
54096	164036	591.0	341.0
54108	164036	613.0	344.0
54120	164036	644.0	349.0
54132	164036	686.0	355.0
54144	164036	747.0	364.0
54156	164036	849.0	379.0
53976	164070	455.0	322.0
53988	164070	455.0	323.0
54000	164070	455.0	323.0
54012	164070	456.0	323.0
54024	164070	457.2	323.0
54036	164070	457.0	323.0
54048	164070	459.0	324.0
54060	164070	459.0	324.0
54072	164070	461.0	324.0
54084	164070	463.0	325.0
54096	164070	465.0	325.0
54108	164070	467.0	326.0
54120	164070	469.0	327.0
54132	164070	472.0	327.0
54144	164070	474.0	328.0
54156	164070	479.0	329.0
54168	164070	482.0	330.0
54180	164070	487.0	331.0
54192	164070	491.0	332.0
54204	164070	498.0	334.0
54216	164070	506.0	335.0
54228	164070	515.0	338.0
54240	164070	528.0	341.0
54252	164070	543.0	345.0
54264	164070	563.0	350.0
54276	164070	592.0	357.0
54288	164070	639.0	368.0
54300	164070	719.0	389.0
54312	164070	896.0	431.0
54300	164243	481.0	324.0
54312	164243	484.0	324.0
54324	164243	485.14285714285717	324.07142857142856
54336	164243	486.85714285714283	324.92857142857144
54348	164243	490.0	326.0
54360	164243	492.0	326.0
54372	164243	496.0	325.0
54384	164243	500.0	326.0
54396	164243	505.0	327.0
54408	164243	509.0	329.0
54420	164243	516.0	329.0
54432	164243	524.0	330.0
54444	164243	531.0	331.0
54456	164243	539.0	332.0
54468	164243	549.0	334.0
54480	164243	562.0	335.0
54492	164243	578.0	338.0
54504	164243	597.0	341.0
54516	164243	621.0	345.0
54528	164243	653.0	349.0
54540	164243	698.0	356.0
54552	164243	762.0	365.0
54564	164243	864.0	381.0
54576	164243	986.0	406.0
54360	164261	479.0	323.0
54372	164261	481.0	323.0
54384	164261	483.0	324.0
54396	164261	485.5263157894737	324.0
54408	164261	489.0	325.0
54420	164261	492.0	325.0
54432	164261	494.0	326.0
54444	164261	498.0	327.0
54456	164261	503.0	327.0
54468	164261	506.0	327.0
54480	164261	511.0	329.0
54492	164261	517.0	330.0
54504	164261	523.0	331.0
54516	164261	532.0	331.0
54528	164261	540.0	333.0
54540	164261	551.0	335.0
54552	164261	564.0	337.0
54564	164261	582.0	341.0
54576	164261	603.0	343.0
54588	164261	631.0	348.0
54600	164261	669.0	354.0
54612	164261	723.0	362.0
54624	164261	808.0	376.0
54636	164261	957.0	400.0
54432	164271	452.0	322.0
54444	164271	453.0	321.0
54456	164271	453.0	321.0
54468	164271	453.875	321.875
54480	164271	454.0	321.0
54492	164271	454.5	321.5
54504	164271	456.0	322.0
54516	164271	456.0	322.0
54528	164271	457.0	322.0
54540	164271	457.0	322.0
54552	164271	457.0	322.0
54564	164271	459.0	322.0
54576	164271	459.0	322.0
54588	164271	460.0	322.0
54600	164271	461.0	323.0
54612	164271	462.0	324.0
54624	164271	463.0	323.0
54636	164271	463.0	323.0
54648	164271	467.0	325.0
54660	164271	469.0	325.0
54672	164271	470.0	325.0
54684	164271	473.0	326.0
54696	164271	477.0	326.0
54708	164271	479.0	327.0
54720	164271	484.0	328.0
54732	164271	487.0	328.0
54744	164271	491.0	329.0
54756	164271	497.0	329.0
54768	164271	504.0	330.0
54780	164271	510.0	331.0
54792	164271	518.0	333.0
54804	164271	526.0	334.0
54816	164271	536.0	336.0
54828	164271	548.0	337.0
54840	164271	564.0	341.0
54852	164271	581.0	343.0
54864	164271	603.0	346.0
54876	164271	632.0	351.0
54888	164271	673.0	358.0
54900	164271	731.0	367.0
54912	164271	819.0	382.0
54924	164271	961.0	406.0
54480	164280	477.0	323.0
54492	164280	477.0	323.0
54504	164280	479.0	322.0
54516	164280	481.0	324.0
54528	164280	485.0	324.0
54540	164280	488.0	324.0
54552	164280	490.0	326.0
54564	164280	493.0	326.0
54576	164280	496.0	325.0
54588	164280	499.0	327.0
54600	164280	503.0	327.0
54612	164280	508.0	329.0
54624	164280	513.0	328.0
54636	164280	520.0	330.0
54648	164280	527.0	332.0
54660	164280	535.0	333.0
54672	164280	546.0	334.0
54684	164280	557.0	336.0
54696	164280	573.0	339.0
54708	164280	592.0	342.0
54720	164280	616.0	346.0
54732	164280	649.0	351.0
54744	164280	694.0	358.0
54756	164280	763.0	370.0
54768	164280	876.0	388.0
54780	164280	1001.0	424.0
54492	164285	500.0	323.0
54504	164285	503.0	324.0
54516	164285	507.0	324.0
54528	164285	512.0	324.0
54540	164285	515.0	326.0
54552	164285	518.0	326.0
54564	164285	524.4	326.0
54576	164285	528.0	327.0
54588	164285	534.0	327.0
54600	164285	539.0	328.0
54612	164285	548.0	329.0
54624	164285	556.0	330.0
54636	164285	565.0	331.0
54648	164285	575.0	332.0
54660	164285	588.0	334.0
54672	164285	603.0	336.0
54684	164285	623.0	337.0
54696	164285	645.0	340.0
54708	164285	676.0	343.0
54720	164285	715.0	348.0
54732	164285	768.0	354.0
54744	164285	844.0	362.0
54756	164285	960.0	375.0
54552	164296	476.0	321.0
54564	164296	477.0	321.0
54576	164296	479.22222222222223	321.4074074074074
54588	164296	480.55555555555554	321.85185185185185
54600	164296	483.0	324.0
54612	164296	485.0	324.0
54624	164296	487.0	324.0
54636	164296	490.0	325.0
54648	164296	492.0	325.0
54660	164296	496.0	326.0
54672	164296	499.0	326.0
54684	164296	504.0	327.0
54696	164296	509.0	328.0
54708	164296	514.0	329.0
54720	164296	520.0	329.0
54732	164296	527.0	331.0
54744	164296	535.0	331.0
54756	164296	545.0	333.0
54768	164296	557.0	334.0
54780	164296	572.0	337.0
54792	164296	590.0	340.0
54804	164296	613.0	343.0
54816	164296	644.0	348.0
54828	164296	687.0	355.0
54840	164296	752.0	364.0
54852	164296	858.0	381.0
54864	164296	989.0	410.0
54612	164311	527.0	324.0
54624	164311	532.0	325.0
54636	164311	537.0	325.0
54648	164311	542.0	325.0
54660	164311	548.0	325.0
54672	164311	556.0	327.0
54684	164311	563.0	327.0
54696	164311	570.9166666666666	326.7916666666667
54708	164311	577.9166666666666	326.2916666666667
54720	164311	589.0	328.0
54732	164311	602.0	331.0
54744	164311	619.0	333.0
54756	164311	638.0	335.0
54768	164311	660.0	337.0
54780	164311	686.0	339.0
54792	164311	719.0	342.0
54804	164311	761.0	346.0
54816	164311	818.0	351.0
54828	164311	897.0	358.0
54840	164311	977.0	367.0
54720	164340	471.0	321.0
54732	164340	473.44444444444446	321.22222222222223
54744	164340	476.0	322.0
54756	164340	479.0	324.0
54768	164340	483.0	324.0
54780	164340	486.0	325.0
54792	164340	487.0	325.0
54804	164340	492.0	326.0
54816	164340	493.0	326.0
54828	164340	498.0	327.0
54840	164340	502.0	327.0
54852	164340	506.0	328.0
54864	164340	510.0	328.0
54876	164340	516.0	330.0
54888	164340	523.0	330.0
54900	164340	529.0	331.0
54912	164340	538.0	332.0
54924	164340	548.0	334.0
54936	164340	560.0	336.0
54948	164340	576.0	339.0
54960	164340	595.0	342.0
54972	164340	620.0	345.0
54984	164340	654.0	350.0
54996	164340	702.0	357.0
55008	164340	774.0	367.0
55020	164340	891.0	384.0
55032	164340	999.0	410.0
54780	164352	445.0	321.0
54792	164352	445.0	320.0
54804	164352	446.0	321.0
54816	164352	446.54545454545456	321.0
54828	164352	447.71794871794873	320.8205128205128
54840	164352	448.94871794871796	320.5128205128205
54852	164352	450.1794871794872	320.20512820512823
54864	164352	451.0	320.0
54876	164352	452.0	321.0
54888	164352	452.0	322.0
54900	164352	453.0	322.0
54912	164352	454.5	322.0
54924	164352	455.85714285714283	321.0
54936	164352	458.0	321.0
54948	164352	458.0	321.0
54960	164352	459.6	321.3
54972	164352	460.8	321.9
54984	164352	463.0	323.0
54996	164352	465.0	323.0
55008	164352	466.0	324.0
55020	164352	468.0	324.0
55032	164352	470.0	325.0
55044	164352	473.0	325.0
55056	164352	476.0	326.0
55068	164352	480.0	326.0
55080	164352	484.0	327.0
55092	164352	487.0	327.0
55104	164352	492.0	328.0
55116	164352	497.0	328.0
55128	164352	503.0	329.0
55140	164352	510.0	330.0
55152	164352	516.0	331.0
55164	164352	526.0	333.0
55176	164352	536.0	334.0
55188	164352	550.0	336.0
55200	164352	564.0	339.0
55212	164352	583.0	342.0
55224	164352	605.0	345.0
55236	164352	635.0	350.0
55248	164352	676.0	357.0
55260	164352	734.0	366.0
55272	164352	829.0	381.0
55284	164352	971.0	407.0
54900	164377	506.0	324.0
54912	164377	511.0	324.0
54924	164377	515.0	325.0
54936	164377	519.0	326.0
54948	164377	525.0	326.0
54960	164377	529.0	327.0
54972	164377	535.0	327.0
54984	164377	541.0	328.0
54996	164377	549.0	328.0
55008	164377	558.0	330.0
55020	164377	569.0	331.0
55032	164377	580.0	332.0
55044	164377	594.0	334.0
55056	164377	609.0	336.0
55068	164377	629.0	337.0
55080	164377	653.0	341.0
55092	164377	684.0	344.0
55104	164377	725.0	349.0
55116	164377	779.0	355.0
55128	164377	858.0	364.0
55140	164377	969.0	378.0
54900	164381	489.2	323.0
54912	164381	491.0	323.0
54924	164381	492.0	322.0
54936	164381	495.8	322.0
54948	164381	499.0	323.0
54960	164381	500.0	324.0
54972	164381	503.0	325.0
54984	164381	506.0	325.0
54996	164381	509.0	324.0
55008	164381	513.0	325.0
55020	164381	517.0	326.0
55032	164381	521.0	326.0
55044	164381	527.0	326.0
55056	164381	533.0	327.0
55068	164381	539.0	328.0
55080	164381	545.0	329.0
55092	164381	554.0	330.0
55104	164381	564.0	331.0
55116	164381	574.0	331.0
55128	164381	587.0	333.0
55140	164381	602.0	335.0
55152	164381	620.0	337.0
55164	164381	642.0	339.0
55176	164381	669.0	342.0
55188	164381	703.0	346.0
55200	164381	750.0	351.0
55212	164381	813.0	358.0
55224	164381	906.0	368.0
55236	164381	986.0	383.0
54912	164385	481.0	321.0
54924	164385	481.0	320.0
54936	164385	484.1304347826087	320.04347826086956
54948	164385	485.69565217391306	320.5652173913044
54960	164385	487.2	321.1
54972	164385	488.4	321.7
54984	164385	490.0	321.0
54996	164385	492.0	321.0
55008	164385	494.0	321.0
55020	164385	496.0	321.0
55032	164385	499.0	321.0
55044	164385	501.0	322.0
55056	164385	503.0	322.0
55068	164385	505.0	323.0
55080	164385	508.0	323.0
55092	164385	511.0	323.0
55104	164385	515.0	324.0
55116	164385	519.0	323.0
55128	164385	524.0	324.0
55140	164385	527.0	324.0
55152	164385	531.0	325.0
55164	164385	538.0	325.0
55176	164385	545.0	326.0
55032	164407	454.0	323.0
55044	164407	455.0	322.0
55056	164407	456.0	322.0
55068	164407	458.0	323.0
55080	164407	460.0	324.0
55092	164407	461.0	323.0
55104	164407	462.0	323.0
55116	164407	463.0	324.0
55128	164407	466.0	324.0
55140	164407	468.0	325.0
55152	164407	471.0	325.0
55164	164407	473.0	326.0
55176	164407	476.0	327.0
55188	164407	480.0	327.0
55200	164407	484.0	328.0
55212	164407	488.0	329.0
55224	164407	493.0	330.0
55236	164407	499.0	332.0
55248	164407	506.0	332.0
55260	164407	513.0	334.0
55272	164407	522.0	336.0
55284	164407	534.0	338.0
55296	164407	547.0	341.0
55308	164407	564.0	345.0
55320	164407	590.0	349.0
55332	164407	623.0	355.0
55344	164407	674.0	365.0
55356	164407	754.0	380.0
55368	164407	904.0	406.0
55224	164445	444.0	322.0
55236	164445	446.0	322.0
55248	164445	447.0	322.0
55260	164445	448.30434782608694	322.0
55272	164445	449.8695652173913	322.0
55284	164445	451.1666666666667	323.0
55296	164445	452.0	323.0
55308	164445	454.0	325.0
55320	164445	455.0	324.0
55332	164445	457.0	323.0
55344	164445	459.0	324.0
55356	164445	462.0	325.0
55368	164445	463.0	325.0
55380	164445	465.0	325.0
55392	164445	468.0	326.0
55404	164445	471.0	327.0
55416	164445	475.0	328.0
55428	164445	478.0	328.0
55440	164445	481.0	329.0
55452	164445	485.0	331.0
55464	164445	490.0	333.0
55476	164445	496.0	334.0
55488	164445	504.0	338.0
55500	164445	515.0	340.0
55512	164445	528.0	344.0
55524	164445	547.0	348.0
55536	164445	573.0	355.0
55548	164445	614.0	366.0
55560	164445	686.0	385.0
55572	164445	841.0	424.0
55584	164445	1032.0	513.0
55260	164461	479.0	324.0
55272	164461	481.0	324.0
55284	164461	483.0	323.0
55296	164461	485.0	324.0
55308	164461	486.0	325.0
55320	164461	492.0	325.0
55332	164461	496.0	326.0
55344	164461	498.0	327.0
55356	164461	502.0	327.0
55368	164461	508.0	328.0
55380	164461	513.0	328.0
55392	164461	520.0	330.0
55404	164461	527.0	331.0
55416	164461	535.0	332.0
55428	164461	544.0	333.0
55440	164461	555.0	335.0
55452	164461	568.0	337.0
55464	164461	585.0	340.0
55476	164461	606.0	344.0
55488	164461	634.0	347.0
55500	164461	673.0	354.0
55512	164461	730.0	363.0
55524	164461	820.0	377.0
55536	164461	967.0	403.0
55380	164501	488.0	321.0
55392	164501	491.0	321.0
55404	164501	492.0	321.0
55416	164501	495.0	321.0
55428	164501	497.0	321.0
55440	164501	500.0	322.0
55452	164501	503.0	323.0
55464	164501	505.0	323.0
55476	164501	508.0	323.0
55488	164501	511.0	323.0
55500	164501	514.6666666666666	323.20512820512823
55512	164501	518.6666666666666	323.5128205128205
55524	164501	522.6666666666666	323.8205128205128
55536	164501	527.0	325.0
55548	164501	529.0	323.0
55560	164501	534.5	324.0
55572	164501	541.0	326.0
55584	164501	546.0	326.0
55596	164501	553.0	326.0
55608	164501	561.0	327.0
55620	164501	568.0	328.0
55632	164501	579.0	329.0
55644	164501	590.0	330.0
55656	164501	603.0	331.0
55668	164501	619.0	333.0
55680	164501	637.0	334.0
55692	164501	660.0	336.0
55704	164501	689.0	339.0
55716	164501	724.0	342.0
55728	164501	772.0	346.0
55740	164501	836.0	352.0
55752	164501	929.0	361.0
55488	164520	463.0	322.0
55500	164520	465.0	322.0
55512	164520	466.0	322.0
55524	164520	469.0	322.0
55536	164520	470.0	322.0
55548	164520	472.0	322.0
55560	164520	474.0	322.0
55572	164520	477.0	323.0
55584	164520	479.0	324.0
55596	164520	481.0	325.0
55608	164520	484.0	325.0
55620	164520	487.0	325.0
55632	164520	490.0	325.0
55644	164520	493.0	326.0
55656	164520	495.0	326.0
55668	164520	500.0	326.0
55680	164520	504.0	327.0
55692	164520	507.0	327.0
55704	164520	512.0	328.0
55716	164520	517.0	329.0
55728	164520	524.0	330.0
55740	164520	530.0	331.0
55752	164520	537.0	332.0
55764	164520	545.0	333.0
55776	164520	555.0	334.0
55788	164520	567.0	336.0
55800	164520	582.0	338.0
55812	164520	599.0	341.0
55824	164520	621.0	345.0
55836	164520	649.0	349.0
55848	164520	687.0	355.0
55860	164520	739.0	362.0
55872	164520	818.0	374.0
55884	164520	949.0	393.0
55524	164529	454.0	322.0
55536	164529	455.0	321.0
55548	164529	456.0	322.0
55560	164529	456.0	322.0
55572	164529	458.0	323.0
55584	164529	458.0	322.0
55596	164529	459.0	322.0
55608	164529	461.0	322.0
55620	164529	463.0	323.0
55632	164529	463.0	323.0
55644	164529	465.0	324.0
55656	164529	466.0	324.0
55668	164529	467.0	324.0
55680	164529	470.0	325.0
55692	164529	471.0	326.0
55704	164529	473.0	326.0
55716	164529	476.0	327.0
55728	164529	479.0	327.0
55740	164529	482.0	328.0
55752	164529	485.0	329.0
55764	164529	489.0	330.0
55776	164529	494.0	331.0
55788	164529	500.0	333.0
55800	164529	506.0	334.0
55812	164529	515.0	336.0
55824	164529	525.0	339.0
55836	164529	538.0	342.0
55848	164529	555.0	346.0
55860	164529	579.0	352.0
55872	164529	613.0	360.0
55884	164529	667.0	373.0
55896	164529	766.0	398.0
55908	164529	970.0	452.0
55800	164563	464.0	321.0
55812	164563	464.0	320.0
55824	164563	466.0	321.0
55836	164563	466.0	321.0
55848	164563	467.0	321.0
55860	164563	468.0	321.0
55872	164563	468.0	321.0
55884	164563	468.0	321.0
55896	164563	469.0	321.0
55908	164563	470.0	322.0
55920	164563	471.09090909090907	322.72727272727275
55932	164563	473.0	324.0
55944	164563	473.0	324.0
55956	164563	474.0	323.46153846153845
55968	164563	475.0	325.0
55980	164563	476.0	325.0
55992	164563	478.0	325.0
56004	164563	479.0	326.0
56016	164563	482.0	327.0
56028	164563	484.0	328.0
56040	164563	487.0	328.0
56052	164563	490.0	330.0
56064	164563	494.0	330.0
56076	164563	499.0	331.0
56088	164563	505.0	333.0
56100	164563	511.0	334.0
56112	164563	518.0	337.0
56124	164563	529.0	339.0
56136	164563	541.0	343.0
56148	164563	558.0	346.0
56160	164563	580.0	352.0
56172	164563	612.0	359.0
56184	164563	662.0	372.0
56196	164563	749.0	393.0
56208	164563	930.0	434.0
56220	164563	1034.0	483.0
55824	164567	479.0	320.0
55836	164567	480.0	320.0
55848	164567	480.42857142857144	320.0
55860	164567	483.0	320.0
55872	164567	484.5882352941176	320.0
55884	164567	486.375	320.0
55896	164567	487.0	321.0
55908	164567	489.0	321.0
55920	164567	490.0	322.0
55932	164567	492.0	321.0
55944	164567	494.0	320.0
55956	164567	497.0	322.0
55968	164567	498.0	320.0
55980	164567	500.0	322.0
55992	164567	503.0	322.0
56004	164567	505.0	322.0
56016	164567	509.0	322.0
56028	164567	512.0	322.0
56040	164567	515.0	322.0
56052	164567	519.0	323.0
56064	164567	523.0	324.0
56076	164567	528.0	324.0
56088	164567	532.0	324.0
56100	164567	538.0	325.0
56112	164567	544.0	326.0
56124	164567	551.0	326.0
56136	164567	559.0	328.0
56148	164567	569.0	328.0
56160	164567	581.0	326.0
56088	164594	481.0	323.0
56100	164594	482.6	323.0
56112	164594	485.0	324.0
56124	164594	486.84615384615387	324.9230769230769
56136	164594	490.0	324.0
56148	164594	496.0	325.0
56160	164594	500.0	326.0
56172	164594	504.0	325.0
56184	164594	508.0	327.0
56196	164594	514.0	327.0
56208	164594	519.0	327.0
56220	164594	528.0	329.0
56232	164594	536.0	330.0
56244	164594	548.0	331.0
56256	164594	560.0	332.0
56268	164594	574.0	334.0
56280	164594	593.0	336.0
56292	164594	616.0	338.0
56304	164594	645.0	342.0
56316	164594	682.0	346.0
56328	164594	734.0	352.0
56340	164594	809.0	361.0
56352	164594	930.0	374.0
56208	164606	491.0	321.0
56220	164606	491.4	321.0
56232	164606	493.0	321.0
56244	164606	495.5	320.5
56256	164606	498.0	321.0
56268	164606	501.0	321.0
56280	164606	504.0	322.0
56292	164606	505.0	322.0
56304	164606	508.0	322.0
56316	164606	507.0	322.0
56328	164606	513.0	323.0
56340	164606	517.0	323.0
56352	164606	511.0	324.0
56364	164606	525.0	324.3333333333333
56376	164606	530.0	324.0
56388	164606	538.0	324.3333333333333
56400	164606	543.0	325.0
56412	164606	548.0	325.0
56424	164606	553.0	325.0
56436	164606	561.0	326.0
56448	164606	570.0	327.0
56460	164606	579.0	328.0
56472	164606	591.0	329.0
56484	164606	604.5	330.5
56496	164606	619.0	332.0
56508	164606	638.0	333.0
56520	164606	660.0	336.0
56532	164606	686.0	338.0
56544	164606	722.0	342.0
56556	164606	769.0	346.0
56568	164606	831.0	351.3333333333333
56580	164606	917.0	359.5
56388	164638	526.0	325.0
56400	164638	528.0	325.0
56412	164638	530.0	326.0
56424	164638	538.0	326.0
56436	164638	540.0	327.0
56448	164638	548.0	328.0
56460	164638	558.0	329.0
56472	164638	566.0	330.0
56484	164638	581.0	331.0
56496	164638	594.0	333.0
56508	164638	608.0	335.0
56520	164638	625.0	336.0
56532	164638	648.0	338.0
56544	164638	672.0	340.0
56556	164638	717.0	347.0
56568	164638	816.0	355.0
56580	164638	910.0	359.0
56592	164638	966.0	363.0
56604	164638	996.0	374.0
56616	164638	997.0	386.0
56472	164652	467.0	320.0
56484	164652	467.5	320.0
56496	164652	469.0	320.0
56508	164652	469.0	321.0
56520	164652	471.0769230769231	321.0
56532	164652	472.0	321.0
56544	164652	473.94117647058823	321.3235294117647
56556	164652	476.05882352941177	321.6764705882353
56568	164652	478.1111111111111	322.0
56580	164652	479.0	322.0
56592	164652	479.84615384615387	322.0
56604	164652	482.0	322.0
56616	164652	484.0	324.0
56628	164652	486.0	324.0
56640	164652	488.0	324.0
56652	164652	491.0	324.0
56664	164652	493.0	325.0
56676	164652	496.0	326.0
56688	164652	499.0	326.0
56700	164652	504.0	327.0
56712	164652	509.0	327.0
56724	164652	512.0	328.0
56736	164652	519.0	329.0
56748	164652	525.0	330.0
56760	164652	532.0	331.0
56772	164652	540.0	333.0
56784	164652	551.0	335.0
56796	164652	563.0	337.0
56808	164652	581.0	340.0
56820	164652	601.0	343.0
56832	164652	629.0	348.0
56844	164652	668.0	354.0
56856	164652	725.0	363.0
56868	164652	817.0	378.0
56880	164652	970.0	405.0
56760	164730	453.0	323.0
56772	164730	454.0	324.0
56784	164730	454.0	324.0
56796	164730	457.0	324.0
56808	164730	459.0	326.0
56820	164730	461.0	326.0
56832	164730	463.0	327.0
56844	164730	468.0	327.0
56856	164730	468.0	327.0
56868	164730	473.0	329.0
56880	164730	474.0	329.0
56892	164730	479.0	330.0
56904	164730	484.0	331.0
56916	164730	488.0	331.0
56928	164730	493.0	333.0
56940	164730	499.0	334.0
56952	164730	508.0	337.0
56964	164730	517.0	339.0
56976	164730	529.0	342.0
56988	164730	543.0	345.0
57000	164730	564.0	351.0
57012	164730	590.0	357.0
57024	164730	631.0	368.0
57036	164730	697.0	385.0
57048	164730	824.0	415.0
57060	164730	1013.0	493.0
56844	164747	493.0	323.0
56856	164747	495.0	322.0
56868	164747	498.2	322.6
56880	164747	501.0	324.0
56892	164747	504.0	325.0
56904	164747	507.0	324.0
56916	164747	511.0	323.0
56928	164747	516.0	325.0
56940	164747	521.0	326.0
56952	164747	526.0	325.0
56964	164747	533.0	327.0
56976	164747	539.0	327.0
56988	164747	546.0	326.0
57000	164747	555.59375	327.0
57012	164747	563.46875	327.0
57024	164747	571.34375	327.0
57036	164747	592.0	334.0
57048	164747	612.0	336.0
57060	164747	635.0	338.0
57072	164747	664.0	342.0
57084	164747	701.0	346.0
57096	164747	752.0	352.0
57108	164747	827.0	359.0
57120	164747	945.0	373.0
57024	164808	451.0	323.0
57036	164808	452.0	322.0
57048	164808	453.0	323.0
57060	164808	455.0	323.0
57072	164808	458.0	324.0
57084	164808	460.0	324.0
57096	164808	462.0	324.0
57108	164808	466.0	325.0
57120	164808	467.0	325.0
57132	164808	470.0	325.0
57144	164808	476.0	326.0
57156	164808	479.0	327.0
57168	164808	484.0	328.0
57180	164808	488.0	328.0
57192	164808	494.0	330.0
57204	164808	502.0	330.0
57216	164808	509.0	332.0
57228	164808	518.0	333.0
57240	164808	530.0	336.0
57252	164808	544.0	338.0
57264	164808	563.0	341.0
57276	164808	586.0	345.0
57288	164808	618.0	350.0
57300	164808	666.0	358.0
57312	164808	739.0	370.0
57324	164808	871.0	394.0
57336	164808	1010.0	431.0
57156	164845	463.0	323.0
57168	164845	466.0	324.0
57180	164845	468.0	323.0
57192	164845	470.0	324.0
57204	164845	474.0	326.0
57216	164845	478.0	325.0
57228	164845	481.0	326.0
57240	164845	485.0	327.0
57252	164845	491.0	327.0
57264	164845	496.0	328.0
57276	164845	503.0	329.0
57288	164845	510.0	330.0
57300	164845	517.0	331.0
57312	164845	526.0	333.0
57324	164845	538.0	334.0
57336	164845	551.0	337.0
57348	164845	569.0	339.0
57360	164845	591.0	343.0
57372	164845	619.0	348.0
57384	164845	659.0	355.0
57396	164845	720.0	364.0
57408	164845	822.0	382.0
57420	164845	982.0	415.0
57204	164859	78.0	539.0
57216	164859	78.39285714285714	539.0
57228	164859	78.82142857142857	539.0
57240	164859	78.0	539.0
57252	164859	77.0	539.0
57264	164859	78.0	538.0
57276	164859	78.0	538.6666666666666
57288	164859	78.44444444444444	538.0
57300	164859	78.0	538.0
57312	164859	77.07692307692308	538.9230769230769
57324	164859	77.0	539.0
57336	164859	77.84210526315789	538.0
57348	164859	77.21052631578948	538.0
57360	164859	78.0	539.0
57372	164859	77.0	538.0
57384	164859	77.0	539.0
57396	164859	77.75	538.75
57408	164859	77.0	539.0
57420	164859	77.5	538.0
57432	164859	78.0	539.0
57444	164859	78.0	539.0
57456	164859	77.0	538.0
57468	164859	78.0	538.0
57480	164859	78.0	538.0
57492	164859	79.0	539.0
57504	164859	77.0	539.0
57516	164859	77.0	539.0
57528	164859	77.0	539.0
57540	164859	78.0	539.0
57552	164859	77.0	539.0
57564	164859	77.0	539.0
57576	164859	78.0	539.0
57588	164859	78.0	539.0
57600	164859	78.0	539.0
57612	164859	78.0	539.0
57624	164859	78.0	538.0
57636	164859	77.16666666666667	538.1666666666666
57648	164859	78.0	539.0
57660	164859	78.0	538.0
57672	164859	77.0	538.0
57684	164859	78.0	538.0
57696	164859	77.0	538.0
57708	164859	77.0	539.0
57720	164859	78.0	538.0
57732	164859	77.0	538.0
57744	164859	78.0	538.0
57756	164859	77.0	538.0
57768	164859	77.0	538.0
57780	164859	78.0	539.0
57792	164859	78.0	538.0
57804	164859	78.0	538.0
57816	164859	77.0	538.8181818181819
57828	164859	77.0	539.0
57840	164859	76.6923076923077	539.0
57852	164859	76.125	538.0625
57864	164859	77.625	538.8125
57876	164859	78.0	538.0
57888	164859	77.0	538.0
57900	164859	77.0	538.6666666666666
57912	164859	77.0	538.0
57924	164859	76.8	538.0
57936	164859	77.0	538.0
57948	164859	76.33333333333333	539.0
57960	164859	77.0	539.0
57972	164859	77.0	538.0
57984	164859	77.14285714285714	538.0
57996	164859	77.0	538.0
58008	164859	77.0	538.6923076923077
58020	164859	77.5	538.0
58032	164859	77.85714285714286	538.0
58044	164859	77.0	539.0
58056	164859	78.0	538.6666666666666
58068	164859	77.0	538.0
58080	164859	77.0	538.3448275862069
58092	164859	77.0	538.7586206896551
58104	164859	77.0	538.0
58116	164859	76.47826086956522	538.0
58128	164859	76.0	538.0
58140	164859	76.24	539.0
58152	164859	76.72	539.0
58164	164859	77.0	538.0
58176	164859	77.0	538.0
58188	164859	77.83333333333333	538.0
58200	164859	77.0	539.0
58212	164859	76.0	538.0
58224	164859	76.83333333333333	538.8333333333334
58236	164859	78.0	538.0
58248	164859	78.0	538.0
58260	164859	77.0	538.0
58272	164859	78.0	538.0
58284	164859	78.0	539.0
58296	164859	77.0	539.0
58308	164859	78.0	538.0
58320	164859	79.0	539.0
58332	164859	77.0	539.0
58344	164859	76.0	538.0
58356	164859	76.0	538.0
58368	164859	76.17142857142858	538.0571428571428
58380	164859	77.2	538.4
58392	164859	78.22857142857143	538.7428571428571
58404	164859	78.6470588235294	539.0
58416	164859	77.23529411764706	539.0
58428	164859	77.42857142857143	539.0
58440	164859	76.5	539.0
58452	164859	76.27027027027027	539.0
58464	164859	76.5945945945946	539.0
58476	164859	76.91891891891892	539.0
58488	164859	77.15789473684211	538.8421052631579
58500	164859	77.36842105263158	538.6315789473684
58512	164859	77.57894736842105	538.421052631579
58524	164859	77.78947368421052	538.2105263157895
58536	164859	78.0	538.0
58548	164859	77.81818181818181	538.1818181818181
58560	164859	77.63636363636364	538.3636363636364
58572	164859	77.45454545454545	538.5454545454545
58584	164859	77.27272727272727	538.7272727272727
58596	164859	77.0909090909091	538.9090909090909
58608	164859	77.0	539.0
58620	164859	77.78571428571429	538.2142857142857
58632	164859	76.0	539.0
58644	164859	78.0	538.8
58656	164859	79.0	539.0
58668	164859	77.0	539.0
58680	164859	77.88636363636364	539.0
58692	164859	77.61363636363636	539.0
58704	164859	77.3409090909091	539.0
58716	164859	77.06818181818181	539.0
58728	164859	77.17543859649123	538.0
58740	164859	77.59649122807018	538.0
58752	164859	78.01754385964912	538.0
58764	164859	78.43859649122807	538.0
58776	164859	78.85964912280701	538.0
58788	164859	79.0	539.0
58800	164859	77.0	539.0
58812	164859	78.0	538.1086956521739
58824	164859	78.0	538.3695652173913
58836	164859	78.0	538.6304347826087
58848	164859	78.0	538.8913043478261
58860	164859	78.5	539.0
57300	164869	495.75	322.0
57312	164869	500.5	322.0
57324	164869	503.0	322.0
57336	164869	506.0	324.0
57348	164869	509.0	324.0
57360	164869	512.0	324.0
57372	164869	516.0	324.0
57384	164869	519.0	325.0
57396	164869	524.0	325.0
57408	164869	528.0	326.0
57420	164869	535.0	327.0
57432	164869	541.0	327.0
57444	164869	548.0	329.0
57456	164869	555.0	329.0
57468	164869	565.0	330.0
57480	164869	577.0	331.0
57492	164869	590.0	333.0
57504	164869	605.0	335.0
57516	164869	624.0	337.0
57528	164869	649.0	340.0
57540	164869	680.0	344.0
57552	164869	724.0	349.0
57564	164869	784.0	355.0
57576	164869	872.0	365.0
57588	164869	979.0	380.0
57372	164883	475.0	323.6666666666667
57384	164883	475.75	324.75
57396	164883	477.0	326.0
57408	164883	478.0	326.0
57420	164883	480.0	327.0
57432	164883	481.0	328.0
57444	164883	483.0	329.0
57456	164883	485.0	329.0
57468	164883	488.0	330.0
57480	164883	491.0	331.0
57492	164883	496.0	332.0
57504	164883	503.0	334.0
57516	164883	509.0	336.0
57528	164883	516.0	337.0
57540	164883	528.0	340.0
57552	164883	542.0	344.0
57564	164883	560.0	348.0
57576	164883	584.0	354.0
57588	164883	620.0	363.0
57600	164883	676.0	377.0
57612	164883	777.0	402.0
57624	164883	974.0	457.0
57456	164898	523.0	323.0
57468	164898	526.0	324.0
57480	164898	530.0	324.0
57492	164898	535.0	324.0
57504	164898	540.0	325.0
57516	164898	544.0	326.0
57528	164898	551.0	326.0
57540	164898	559.0	327.0
57552	164898	565.0	327.0
57564	164898	575.0	329.0
57576	164898	585.0	330.0
57588	164898	592.8235294117648	328.6470588235294
57600	164898	599.0	328.0
57612	164898	610.0	329.0
57624	164898	624.0	331.0
57636	164898	641.0	332.0
57648	164898	663.0	333.0
57660	164898	689.0	336.0
57672	164898	723.0	339.0
57684	164898	764.0	343.0
57696	164898	814.0	346.0
57708	164898	886.0	352.0
57720	164898	952.0	340.0
57660	164959	480.0	324.0
57672	164959	480.5	325.0
57684	164959	484.0	326.0
57696	164959	486.3333333333333	326.0
57708	164959	490.0	326.0
57720	164959	493.0	327.0
57732	164959	497.0	327.0
57744	164959	501.0	328.0
57756	164959	507.0	328.0
57768	164959	515.0	329.0
57780	164959	523.0	331.0
57792	164959	529.0	331.0
57804	164959	538.0	333.0
57816	164959	546.0	334.0
57828	164959	558.0	336.0
57840	164959	572.0	338.0
57852	164959	589.0	341.0
57864	164959	609.0	344.0
57876	164959	634.0	347.0
57888	164959	669.0	353.0
57900	164959	717.0	361.0
57912	164959	786.0	371.0
57924	164959	896.0	388.0
57936	164959	999.0	419.0
57792	165039	468.0	326.0
57804	165039	469.5	326.0
57816	165039	473.0	327.0
57828	165039	475.0	327.0
57840	165039	478.0	328.0
57852	165039	482.0	328.0
57864	165039	485.0	329.0
57876	165039	488.0	330.0
57888	165039	492.0	331.0
57900	165039	498.0	332.0
57912	165039	505.0	334.0
57924	165039	512.0	336.0
57936	165039	521.0	337.0
57948	165039	532.0	340.0
57960	165039	547.0	343.0
57972	165039	565.0	347.0
57984	165039	590.0	352.0
57996	165039	625.0	359.0
58008	165039	678.0	370.0
58020	165039	764.0	388.0
58032	165039	931.0	420.0
58044	165039	1019.0	459.0
57984	165135	472.2	325.0
57996	165135	475.1333333333333	326.0
58008	165135	476.73333333333335	326.0
58020	165135	481.0	326.0
58032	165135	484.6666666666667	326.8333333333333
58044	165135	486.0	328.0
58056	165135	492.0	328.0
58068	165135	496.0	330.0
58080	165135	502.0	330.0
58092	165135	510.0	332.0
58104	165135	518.0	334.0
58116	165135	527.0	335.0
58128	165135	540.0	337.0
58140	165135	556.0	340.0
58152	165135	575.0	343.0
58164	165135	600.0	347.0
58176	165135	636.0	353.0
58188	165135	685.0	361.0
58200	165135	764.0	374.0
58212	165135	899.0	395.0
58224	165135	1009.0	429.0
58068	165165	455.0	321.0
58080	165165	454.0	321.0
58092	165165	454.0	321.0
58104	165165	456.0	321.0
58116	165165	456.0	322.0
58128	165165	456.03333333333336	322.0
58140	165165	456.43333333333334	322.0
58152	165165	456.8333333333333	322.0
58164	165165	458.4117647058824	321.70588235294116
58176	165165	461.0	323.0
58188	165165	461.27777777777777	323.0
58200	165165	461.94444444444446	323.0
58212	165165	462.6875	323.0
58224	165165	464.0	324.0
58236	165165	465.0	325.0
58248	165165	467.0	325.0
58260	165165	468.0	325.0
58272	165165	469.0	327.0
58284	165165	472.0	327.0
58296	165165	475.0	328.0
58308	165165	476.0	328.0
58320	165165	480.0	329.0
58332	165165	483.0	330.0
58344	165165	487.0	331.0
58356	165165	492.0	332.0
58368	165165	498.0	334.0
58380	165165	504.0	336.0
58392	165165	513.0	337.0
58404	165165	524.0	340.0
58416	165165	536.0	344.0
58428	165165	552.0	347.0
58440	165165	575.0	353.0
58452	165165	606.0	360.0
58464	165165	654.0	372.0
58476	165165	734.0	392.0
58488	165165	902.0	432.0
58140	165194	498.0	321.0
58152	165194	500.0	322.5
58164	165194	503.5	323.0
58176	165194	505.0	324.0
58188	165194	509.5	323.25
58200	165194	513.0	323.0
58212	165194	518.0	324.0
58224	165194	521.0	324.0
58236	165194	523.0	323.0
58248	165194	531.0	325.0
58260	165194	535.0	325.0
58272	165194	541.0	326.0
58284	165194	549.0	328.0
58296	165194	558.0	329.0
58308	165194	566.0	329.0
58320	165194	575.0	330.0
58332	165194	590.0	330.0
58344	165194	605.0	333.0
58356	165194	621.0	335.0
58368	165194	644.0	337.0
58380	165194	671.0	342.0
58392	165194	707.0	346.0
58404	165194	763.0	353.0
58416	165194	835.0	360.0
58428	165194	946.0	372.0
58440	165194	981.0	379.0
58452	165194	982.0	370.0
58464	165194	994.0	383.0
58212	165225	489.0	325.0
58224	165225	492.3333333333333	325.0
58236	165225	496.0	325.0
58248	165225	500.0	326.0
58260	165225	503.0	326.0
58272	165225	508.0	328.0
58284	165225	512.0	328.0
58296	165225	518.0	330.0
58308	165225	526.0	331.0
58320	165225	532.0	332.0
58332	165225	541.0	334.0
58344	165225	551.0	336.0
58356	165225	563.0	337.0
58368	165225	579.0	340.0
58380	165225	596.0	342.0
58392	165225	619.0	346.0
58404	165225	647.0	351.0
58416	165225	686.0	357.0
58428	165225	744.0	366.0
58440	165225	833.0	381.0
58452	165225	969.0	405.0
58344	165260	468.0	324.0
58356	165260	471.0	326.0
58368	165260	472.77777777777777	325.0
58380	165260	474.0	326.0
58392	165260	477.0	328.0
58404	165260	479.0	327.0
58416	165260	481.0	328.0
58428	165260	484.0	329.0
58440	165260	487.0	330.0
58452	165260	490.0	331.0
58464	165260	496.0	332.0
58476	165260	501.0	334.0
58488	165260	508.0	336.0
58500	165260	516.0	338.0
58512	165260	526.0	340.0
58524	165260	539.0	343.0
58536	165260	556.0	348.0
58548	165260	578.0	353.0
58560	165260	611.0	361.0
58572	165260	662.0	373.0
58584	165260	748.0	394.0
58596	165260	931.0	437.0
58464	165296	526.0	319.0
58476	165296	524.140625	319.234375
58488	165296	522.078125	319.796875
58500	165296	520.015625	320.359375
58512	165296	517.953125	320.921875
58524	165296	515.890625	321.484375
58536	165296	514.0	323.0
58548	165296	516.0	323.0
58560	165296	520.0	324.0
58572	165296	525.0	324.0
58584	165296	528.0	324.0
58596	165296	533.0	325.0
58608	165296	539.0	326.0
58620	165296	544.0	326.0
58632	165296	552.0	327.0
58644	165296	560.0	327.0
58656	165296	569.0	328.0
58668	165296	580.0	329.0
58680	165296	593.0	330.0
58692	165296	607.0	331.0
58704	165296	625.0	333.0
58716	165296	648.0	335.0
58728	165296	674.0	337.0
58740	165296	707.0	341.0
58752	165296	755.0	345.0
58764	165296	818.0	351.0
58776	165296	910.0	359.0
58788	165296	990.0	373.0
58524	165318	474.0	322.0
58536	165318	476.0	323.0
58548	165318	478.0	324.0
58560	165318	481.0	324.0
58572	165318	485.0	325.0
58584	165318	489.0	325.0
58596	165318	492.0	326.0
58608	165318	495.0	326.0
58620	165318	500.0	327.0
58632	165318	504.0	327.0
58644	165318	509.0	328.0
58656	165318	515.0	328.0
58668	165318	521.0	330.0
58680	165318	528.0	331.0
58692	165318	536.0	332.0
58704	165318	546.0	333.0
58716	165318	558.0	336.0
58728	165318	572.0	338.0
58740	165318	590.0	341.0
58752	165318	614.0	345.0
58764	165318	647.0	350.0
58776	165318	693.0	357.0
58788	165318	764.0	369.0
58800	165318	887.0	387.0
58536	165324	465.3333333333333	325.0
58548	165324	466.0	325.0
58560	165324	467.0	326.0
58572	165324	470.0	327.0
58584	165324	471.0	327.0
58596	165324	473.0	328.0
58608	165324	476.0	329.0
58620	165324	478.0	329.0
58632	165324	482.0	330.0
58644	165324	486.0	330.0
58656	165324	491.0	331.0
58668	165324	496.0	333.0
58680	165324	501.0	334.0
58692	165324	508.0	336.0
58704	165324	516.0	338.0
58716	165324	525.0	340.0
58728	165324	535.0	344.0
58740	165324	550.0	347.0
58752	165324	570.0	352.0
58764	165324	594.0	358.0
58776	165324	633.0	368.0
58788	165324	695.0	385.0
58800	165324	810.0	414.0
58812	165324	1000.0	483.0
58692	165364	467.0	326.0
58704	165364	469.0	326.0
58716	165364	472.0	328.0
58728	165364	474.0	327.0
58740	165364	474.0	328.0
58752	165364	478.0	329.0
58764	165364	481.0	329.0
58776	165364	483.0	330.0
58788	165364	486.0	331.0
58800	165364	491.0	332.0
58812	165364	495.0	333.0
58824	165364	500.0	334.0
58836	165364	506.0	336.0
58848	165364	513.0	339.0
58860	165364	522.0	341.0
58872	165364	532.0	343.0
58884	165364	545.0	347.0
58896	165364	563.0	352.0
58908	165364	586.0	358.0
58920	165364	621.0	367.0
58932	165364	673.0	382.0
58944	165364	763.0	405.0
58956	165364	952.0	455.0
58788	165379	514.0	322.0
58800	165379	515.0	323.0
58812	165379	517.0	324.0
58824	165379	523.0	325.0
58836	165379	527.0	324.0
58848	165379	531.0	324.0
58860	165379	537.0	325.0
58872	165379	544.0	326.0
58884	165379	551.0	327.0
58896	165379	560.1363636363636	326.40909090909093
58908	165379	568.3181818181819	326.95454545454544
58920	165379	576.5	327.5
58932	165379	586.0	329.0
58944	165379	605.0	331.0
58956	165379	621.0	333.0
58968	165379	642.0	334.0
58980	165379	667.0	337.0
58992	165379	699.0	340.0
59004	165379	740.0	344.0
59016	165379	798.0	349.0
59028	165379	879.0	356.0
59040	165379	974.0	366.0
58812	165384	467.3636363636364	322.0
58824	165384	469.0	322.0
58836	165384	470.0	323.0
58848	165384	472.0	324.0
58860	165384	475.0	323.0
58872	165384	479.0	324.0
58884	165384	482.1875	324.4375
58896	165384	485.5	325.0
58908	165384	488.3076923076923	325.0
58920	165384	491.3333333333333	325.0833333333333
58932	165384	496.0	326.0
58944	165384	500.0	327.0
58956	165384	503.5	328.0
58968	165384	510.0	328.0
58980	165384	516.0	330.0
58992	165384	524.0	331.0
59004	165384	531.0	332.0
59016	165384	541.0	333.0
59028	165384	552.0	335.0
59040	165384	565.0	337.0
59052	165384	584.0	340.0
59064	165384	606.0	345.0
59076	165384	636.0	349.0
59088	165384	678.0	356.0
59100	165384	742.0	366.0
59112	165384	847.0	383.0
59124	165384	988.0	415.0
58920	165404	479.0	322.0
58932	165404	480.0	324.0
58944	165404	483.0	324.0
58956	165404	485.0	323.0
58968	165404	486.0	324.0
58980	165404	492.0	325.0
58992	165404	495.0	325.0
59004	165404	498.0	326.0
59016	165404	503.0	327.0
59028	165404	507.0	327.0
59040	165404	513.0	328.0
59052	165404	520.0	330.0
59064	165404	527.0	331.0
59076	165404	537.0	332.0
59088	165404	548.0	334.0
59100	165404	562.0	336.0
59112	165404	579.0	339.0
59124	165404	602.0	343.0
59136	165404	631.0	347.0
59148	165404	671.0	353.0
59160	165404	733.0	364.0
59172	165404	836.0	380.0
59184	165404	982.0	408.0
59028	165424	489.0	322.0
59040	165424	492.0	322.0
59052	165424	494.0	323.0
59064	165424	495.0	322.0
59076	165424	497.5	322.0
59088	165424	501.0	323.0
59100	165424	504.0	324.0
59112	165424	507.0	324.0
59124	165424	510.0	324.0
59136	165424	515.0	324.0
59148	165424	518.0	325.0
59160	165424	523.0	326.0
59172	165424	526.0	325.0
59184	165424	533.0	327.0
59196	165424	539.0	327.0
59208	165424	546.0	328.0
59220	165424	553.0	329.0
59232	165424	562.0	330.0
59244	165424	571.0	331.0
59256	165424	582.0	332.0
59268	165424	595.0	333.0
59280	165424	611.0	335.0
59292	165424	628.0	337.0
59304	165424	652.0	340.0
59316	165424	680.0	343.0
59328	165424	717.0	348.0
59340	165424	766.0	353.0
59352	165424	834.0	360.0
59364	165424	940.0	372.0
59052	165430	465.8888888888889	320.55555555555554
59064	165430	467.0	320.0
59076	165430	468.0	321.0
59088	165430	468.0	322.0
59100	165430	470.0	323.0
59112	165430	472.1111111111111	322.44444444444446
59124	165430	474.0	322.0
59136	165430	475.0	322.0
59148	165430	477.0	322.0
59160	165430	479.0	324.0
59172	165430	481.0	324.0
59184	165430	484.0	325.0
59196	165430	487.0	324.0
59208	165430	490.0	325.0
59220	165430	492.0	326.0
59232	165430	495.0	326.0
59244	165430	500.0	327.0
59256	165430	504.0	327.0
59268	165430	510.0	328.0
59280	165430	515.0	329.0
59292	165430	521.0	330.0
59304	165430	529.0	331.0
59316	165430	538.0	332.0
59328	165430	548.0	334.0
59340	165430	561.0	336.0
59352	165430	575.0	338.0
59364	165430	593.0	341.0
59376	165430	616.0	344.0
59388	165430	647.0	349.0
59400	165430	688.0	356.0
59412	165430	753.0	366.0
59424	165430	859.0	383.0
59436	165430	990.0	414.0
59064	165437	453.0	323.0
59076	165437	453.0	322.0
59088	165437	453.0	322.3333333333333
59100	165437	454.77777777777777	322.77777777777777
59112	165437	456.8333333333333	324.0
59124	165437	458.0	324.0
59136	165437	459.0	323.0
59148	165437	460.0	324.0
59160	165437	461.0	325.0
59172	165437	463.0	326.0
59184	165437	466.0	326.0
59196	165437	467.0	325.0
59208	165437	469.0	327.0
59220	165437	471.0	327.0
59232	165437	473.0	328.0
59244	165437	477.0	328.0
59256	165437	479.0	328.0
59268	165437	484.0	330.0
59280	165437	487.0	330.0
59292	165437	491.0	331.0
59304	165437	496.0	333.0
59316	165437	501.0	334.0
59328	165437	507.0	336.0
59340	165437	514.0	337.0
59352	165437	523.0	340.0
59364	165437	533.0	342.0
59376	165437	547.0	346.0
59388	165437	562.0	350.0
59400	165437	584.0	356.0
59412	165437	614.0	363.0
59424	165437	660.0	375.0
59436	165437	733.0	394.0
59448	165437	875.0	428.0
59460	165437	1022.0	505.0
59088	165440	518.6666666666666	323.1666666666667
59100	165440	521.3333333333334	323.8333333333333
59112	165440	527.5	325.0
59124	165440	530.875	324.0
59136	165440	535.0	325.0
59148	165440	541.0	325.0
59160	165440	547.0	326.0
59172	165440	553.0	326.0
59184	165440	560.0	327.0
59196	165440	568.0	328.0
59208	165440	577.0	329.0
59220	165440	588.0	330.0
59232	165440	600.0	331.0
59244	165440	614.0	332.0
59256	165440	631.0	333.0
59268	165440	650.0	335.0
59280	165440	673.0	337.0
59292	165440	702.0	340.0
59304	165440	739.0	343.0
59316	165440	787.0	348.0
59328	165440	852.0	354.0
59340	165440	946.0	362.0
59208	165473	526.0	322.0
59220	165473	531.0	323.0
59232	165473	537.0	323.0
59244	165473	543.0	324.0
59256	165473	547.0	323.0
59268	165473	553.0	325.0
59280	165473	561.0	325.0
59292	165473	568.0	326.0
59304	165473	576.0	326.0
59316	165473	587.0	327.0
59328	165473	598.0	329.0
59340	165473	611.0	330.0
59352	165473	626.0	331.0
59364	165473	644.0	332.0
59376	165473	664.0	334.0
59388	165473	692.0	337.0
59400	165473	724.0	339.0
59412	165473	766.0	343.0
59424	165473	807.0	335.0
59436	165473	882.0	349.0
59448	165473	975.0	361.0
59280	165499	467.0	322.0
59292	165499	467.0	322.0
59304	165499	466.0	322.0
59316	165499	467.0	322.0
59328	165499	467.0	322.0
59340	165499	467.0	323.0
59352	165499	467.75	323.75
59364	165499	468.0	324.0
59376	165499	469.0	324.0
59388	165499	470.0	325.0
59400	165499	472.0	325.0
59412	165499	473.0	326.0
59424	165499	474.0	326.0
59436	165499	476.0	327.0
59448	165499	479.0	327.0
59460	165499	481.0	328.0
59472	165499	484.0	328.0
59484	165499	487.0	330.0
59496	165499	489.0	331.0
59508	165499	494.0	332.0
59520	165499	499.0	333.0
59532	165499	506.0	334.0
59544	165499	514.0	337.0
59556	165499	522.0	339.0
59568	165499	533.0	342.0
59580	165499	547.0	345.0
59592	165499	566.0	349.0
59604	165499	590.0	356.0
59616	165499	627.0	364.0
59628	165499	684.0	379.0
59640	165499	784.0	403.0
59652	165499	972.0	456.0
59592	165581	475.0	323.0
59604	165581	476.0	322.0
59616	165581	477.0	322.0
59628	165581	478.0	323.0
59640	165581	481.0	322.0
59652	165581	483.0	324.0
59664	165581	485.0	325.0
59676	165581	487.0	324.0
59688	165581	489.0	324.0
59700	165581	492.0	325.0
59712	165581	494.0	326.0
59724	165581	498.0	326.0
59736	165581	502.0	326.0
59748	165581	505.0	326.0
59760	165581	510.0	328.0
59772	165581	516.0	329.0
59784	165581	521.0	330.0
59796	165581	528.0	331.0
59808	165581	536.0	332.0
59820	165581	545.0	333.0
59832	165581	557.0	336.0
59844	165581	570.0	337.0
59856	165581	587.0	340.0
59868	165581	608.0	344.0
59880	165581	636.0	348.0
59892	165581	676.0	355.0
59904	165581	731.0	364.0
59916	165581	821.0	378.0
59928	165581	965.0	403.0
59796	165607	508.0	322.0
59808	165607	511.3333333333333	322.0
59820	165607	515.8461538461538	322.38461538461536
59832	165607	520.4615384615385	322.84615384615387
59844	165607	526.0	324.0
59856	165607	528.0	323.0
59868	165607	535.0	325.0
59880	165607	541.0	325.0
59892	165607	546.0	326.0
59904	165607	554.0	326.0
59916	165607	562.0	327.0
59928	165607	570.0	328.0
59940	165607	580.0	329.0
59952	165607	593.0	330.0
59964	165607	607.0	331.0
59976	165607	625.0	333.0
59988	165607	645.0	335.0
60000	165607	671.0	337.0
60012	165607	704.0	340.0
60024	165607	746.0	345.0
60036	165607	804.0	350.0
60048	165607	889.0	358.0
60060	165607	978.0	368.0
59868	165610	520.0	323.0
59880	165610	524.0	323.0
59892	165610	526.0	322.0
59904	165610	528.0	322.0
59916	165610	533.0	323.0
59928	165610	537.0	324.0
59940	165610	540.0	324.0
59952	165610	545.0	324.0
59964	165610	550.0	324.0
59976	165610	556.0	325.0
59988	165610	562.0	325.0
60000	165610	569.0	325.0
60012	165610	576.0	326.0
60024	165610	584.0	327.0
60036	165610	594.0	328.0
60048	165610	604.0	329.0
60060	165610	619.0	330.0
60072	165610	631.0	331.0
60084	165610	649.0	332.0
60096	165610	667.0	334.0
60108	165610	691.0	337.0
60120	165610	719.0	339.0
60132	165610	755.0	342.0
60144	165610	798.0	346.0
60156	165610	856.0	350.0
60168	165610	936.0	356.0
59916	165629	506.4	322.2
59928	165629	510.0	323.0
59940	165629	513.0	322.0
59952	165629	515.0	323.0
59964	165629	519.0	323.0
59976	165629	524.0	324.0
59988	165629	528.0	324.0
60000	165629	532.0	324.0
60012	165629	537.0	325.0
60024	165629	542.0	325.0
60036	165629	549.0	326.0
60048	165629	556.0	327.0
60060	165629	563.0	327.0
60072	165629	572.0	328.0
60084	165629	582.0	329.0
60096	165629	594.0	330.0
60108	165629	608.0	331.0
60120	165629	624.0	333.0
60132	165629	644.0	334.0
60144	165629	668.0	337.0
60156	165629	697.0	340.0
60168	165629	735.0	343.0
60180	165629	785.0	348.0
60192	165629	853.0	354.0
60204	165629	953.0	363.0
60012	165660	480.0	323.0
60024	165660	482.0	323.0
60036	165660	484.0	324.0
60048	165660	486.14285714285717	323.2857142857143
60060	165660	491.0	324.0
60072	165660	492.0	325.0
60084	165660	496.0	326.0
60096	165660	498.0	326.0
60108	165660	504.0	327.0
60120	165660	509.0	328.0
60132	165660	514.0	328.0
60144	165660	520.0	330.0
60156	165660	526.0	331.0
60168	165660	534.0	332.0
60180	165660	544.0	333.0
60192	165660	556.0	335.0
60204	165660	570.0	337.0
60216	165660	588.0	340.0
60228	165660	611.0	344.0
60240	165660	641.0	349.0
60252	165660	684.0	356.0
60264	165660	748.0	366.0
60276	165660	856.0	384.0
60288	165660	991.0	417.0
60156	165687	498.0	322.0
60168	165687	502.0	324.0
60180	165687	504.0	324.0
60192	165687	507.0	324.0
60204	165687	511.0	325.0
60216	165687	515.0	325.0
60228	165687	518.0	326.0
60240	165687	524.0	326.0
60252	165687	528.0	327.0
60264	165687	533.0	327.0
60276	165687	539.0	328.0
60288	165687	546.0	329.0
60300	165687	555.0	330.0
60312	165687	563.0	331.0
60324	165687	572.0	332.0
60336	165687	585.0	333.0
60348	165687	598.0	334.0
60360	165687	614.0	336.0
60372	165687	635.0	339.0
60384	165687	659.0	341.0
60396	165687	688.0	345.0
60408	165687	727.0	349.0
60420	165687	779.0	355.0
60432	165687	851.0	363.0
60444	165687	958.0	375.0
60168	165689	477.0	323.0
60180	165689	478.0	324.0
60192	165689	480.0	324.0
60204	165689	481.0	325.0
60216	165689	483.0	325.0
60228	165689	485.0	326.0
60240	165689	487.0	326.0
60252	165689	489.0	325.0
60264	165689	491.0	326.0
60276	165689	494.0	327.0
60288	165689	497.0	328.0
60300	165689	500.0	328.0
60312	165689	503.0	330.0
60324	165689	508.0	331.0
60336	165689	512.0	333.0
60348	165689	518.0	334.0
60360	165689	525.0	336.0
60372	165689	537.0	339.0
60384	165689	547.0	342.0
60396	165689	563.0	345.0
60408	165689	584.0	351.0
60420	165689	614.0	358.0
60432	165689	662.0	370.0
60444	165689	745.0	391.0
60456	165689	928.0	434.0
60372	165743	486.0	321.0
60384	165743	488.0	322.0
60396	165743	491.0	322.0
60408	165743	493.0	323.0
60420	165743	495.0	323.0
60432	165743	498.0	322.0
60444	165743	501.0	323.0
60456	165743	503.0	324.0
60468	165743	507.0	324.0
60480	165743	510.0	324.0
60492	165743	513.0	323.0
60504	165743	518.0	325.0
60516	165743	523.0	326.0
60528	165743	528.0	325.0
60540	165743	534.0	327.0
60552	165743	540.0	327.0
60564	165743	548.0	328.0
60576	165743	556.0	329.0
60588	165743	567.0	330.0
60600	165743	578.0	331.0
60612	165743	593.0	333.0
60624	165743	610.0	334.0
60636	165743	631.0	337.0
60648	165743	659.0	340.0
60660	165743	691.0	343.0
60672	165743	723.2380952380952	346.42857142857144
60684	165743	758.0952380952381	351.57142857142856
60696	165743	851.0	361.0
60708	165743	976.0	381.0
60396	165745	478.0	322.0
60408	165745	478.6666666666667	323.0
60420	165745	480.0	324.0
60432	165745	482.25	324.0
60444	165745	485.0	323.0
60456	165745	488.0	324.0
60468	165745	490.0	325.0
60480	165745	493.0	326.0
60492	165745	497.0	326.0
60504	165745	501.0	327.0
60516	165745	505.0	327.0
60528	165745	511.0	329.0
60540	165745	515.0	329.0
60552	165745	522.0	330.0
60564	165745	530.0	331.0
60576	165745	538.0	333.0
60588	165745	547.0	334.0
60600	165745	559.0	336.0
60612	165745	574.0	338.0
60624	165745	592.0	341.0
60636	165745	614.0	345.0
60648	165745	644.0	349.0
60660	165745	684.0	356.0
60672	165745	746.0	365.0
60684	165745	843.0	381.0
60696	165745	980.0	410.0
60528	165758	479.0	323.0
60540	165758	481.0	324.0
60552	165758	483.0	324.0
60564	165758	484.0	324.0
60576	165758	487.0	325.0
60588	165758	490.0	325.0
60600	165758	492.0	326.0
60612	165758	496.0	325.0
60624	165758	499.0	327.0
60636	165758	505.0	327.0
60648	165758	508.0	328.0
60660	165758	514.0	328.0
60672	165758	520.0	330.0
60684	165758	527.0	332.0
60696	165758	535.0	332.0
60708	165758	544.0	333.0
60720	165758	556.0	336.0
60732	165758	569.0	337.0
60744	165758	585.0	340.0
60756	165758	606.0	343.0
60768	165758	632.0	348.0
60780	165758	669.0	353.0
60792	165758	720.0	361.0
60804	165758	798.0	373.0
60816	165758	933.0	394.0
60828	165758	1006.0	418.0
60672	165769	500.0	323.0
60684	165769	503.0	323.0
60696	165769	506.84615384615387	324.0
60708	165769	509.7142857142857	324.0
60720	165769	514.0	326.0
60732	165769	517.0	326.0
60744	165769	521.0	326.0
60756	165769	527.0	327.0
60768	165769	532.0	328.0
60780	165769	538.0	327.0
60792	165769	545.0	329.0
60804	165769	552.0	329.0
60816	165769	561.0	330.0
60828	165769	570.0	331.0
60840	165769	583.0	332.0
60852	165769	596.0	334.0
60864	165769	613.0	336.0
60876	165769	632.0	338.0
60888	165769	657.0	341.0
60900	165769	687.0	345.0
60912	165769	729.0	349.0
60924	165769	784.0	356.0
60936	165769	861.0	364.0
60948	165769	969.0	377.0
60720	165782	475.0	323.0
60732	165782	476.7142857142857	322.0
60744	165782	478.0	322.0
60756	165782	479.0	323.0
60768	165782	481.0	322.0
60780	165782	483.0	324.0
60792	165782	485.0	324.0
60804	165782	487.0	325.0
60816	165782	489.0	324.0
60828	165782	491.0	325.0
60840	165782	493.0	325.0
60852	165782	496.0	326.0
60864	165782	500.0	326.0
60876	165782	503.0	327.0
60888	165782	508.0	327.0
60900	165782	511.0	328.0
60912	165782	516.0	328.0
60924	165782	521.0	329.0
60936	165782	527.0	330.0
60948	165782	533.0	331.0
60960	165782	541.0	332.0
60972	165782	549.0	334.0
60984	165782	559.0	335.0
60996	165782	572.0	337.0
61008	165782	588.0	341.0
61020	165782	606.0	343.0
61032	165782	629.0	346.0
61044	165782	659.0	351.0
61056	165782	699.0	357.0
61068	165782	757.0	366.0
61080	165782	843.0	380.0
61092	165782	968.0	401.0
60840	165800	479.0	321.0
60852	165800	481.0	322.0
60864	165800	483.0	323.0
60876	165800	484.0	324.0
60888	165800	485.88235294117646	324.0
60900	165800	488.0	324.0
60912	165800	490.0	324.0
60924	165800	492.0	325.0
60936	165800	496.0	325.0
60948	165800	498.0	325.0
60960	165800	502.0	327.0
60972	165800	506.0	327.0
60984	165800	510.0	328.0
60996	165800	515.0	328.0
61008	165800	519.0	329.0
61020	165800	526.0	330.0
61032	165800	532.0	331.0
61044	165800	539.0	331.0
61056	165800	548.0	334.0
61068	165800	559.0	335.0
61080	165800	568.0	333.0
60876	165807	467.0	325.0
60888	165807	467.0	325.0
60900	165807	470.0	327.0
60912	165807	473.0	327.0
60924	165807	474.0	328.0
60936	165807	476.0	328.0
60948	165807	479.0	328.0
60960	165807	482.0	330.0
60972	165807	485.0	331.0
60984	165807	488.0	331.0
60996	165807	493.0	333.0
61008	165807	499.0	334.0
61020	165807	506.0	336.0
61032	165807	514.0	339.0
61044	165807	523.0	341.0
61056	165807	535.0	344.0
61068	165807	550.0	348.0
61080	165807	570.0	352.0
61092	165807	598.0	360.0
61104	165807	640.0	371.0
61116	165807	706.0	388.0
61128	165807	826.0	418.0
61140	165807	1003.0	488.0
61068	165847	453.0	321.0
61080	165847	454.0	321.0
61092	165847	454.4117647058824	321.4117647058824
61104	165847	455.09090909090907	322.0
61116	165847	457.0	322.0
61128	165847	459.0	322.0
61140	165847	460.75	322.0
61152	165847	462.25	322.0
61164	165847	464.0	322.0
61176	165847	466.0	323.0
61188	165847	467.0	324.0
61200	165847	469.0	324.0
61212	165847	472.0	324.0
61224	165847	474.5	324.5
61236	165847	478.0	325.0
61248	165847	480.0	326.0
61260	165847	484.0	326.0
61272	165847	487.0	326.0
61284	165847	492.0	327.0
61296	165847	495.0	327.0
61308	165847	500.0	328.0
61320	165847	505.0	329.0
61332	165847	511.0	330.0
61344	165847	518.0	331.0
61356	165847	525.0	332.0
61368	165847	535.0	333.0
61380	165847	544.0	334.0
61392	165847	555.0	337.0
61404	165847	570.0	339.0
61416	165847	589.0	342.0
61428	165847	610.0	346.0
61440	165847	640.0	351.0
61452	165847	679.0	358.0
61464	165847	739.0	367.0
61476	165847	833.0	383.0
61488	165847	973.0	410.0
61284	165901	469.0	321.0
61296	165901	469.0	321.0
61308	165901	470.0	321.0
61320	165901	470.8	321.0
61332	165901	472.45714285714286	321.1142857142857
61344	165901	473.8285714285714	321.45714285714286
61356	165901	475.2	321.8
61368	165901	476.5	322.25
61380	165901	478.0	323.0
61392	165901	478.0	322.0
61404	165901	479.0	322.0
61416	165901	481.0	323.0
61428	165901	483.0	324.0
61440	165901	486.0	324.0
61452	165901	488.5	324.0
61464	165901	491.0	325.0
61476	165901	493.0	325.0
61488	165901	496.0	326.0
61500	165901	503.0	327.0
61512	165901	506.0	327.0
61524	165901	511.0	329.0
61536	165901	516.0	329.0
61548	165901	523.0	330.0
61560	165901	530.0	331.0
61572	165901	538.0	333.0
61584	165901	549.0	334.0
61596	165901	562.0	336.0
61608	165901	578.0	339.0
61620	165901	598.0	342.0
61632	165901	624.0	346.0
61644	165901	660.0	352.0
61656	165901	711.0	360.0
61668	165901	793.0	373.0
61680	165901	937.0	395.0
61404	165931	513.8333333333334	322.0
61416	165931	518.5	323.0
61428	165931	523.0	324.0
61440	165931	528.0	324.0
61452	165931	531.0	324.0
61464	165931	536.0	325.0
61476	165931	542.0	326.0
61488	165931	548.0	325.0
61500	165931	556.0	326.0
61512	165931	563.0	328.0
61524	165931	571.0	328.0
61536	165931	581.0	329.0
61548	165931	593.0	330.0
61560	165931	606.0	331.0
61572	165931	622.0	333.0
61584	165931	641.0	335.0
61596	165931	664.0	337.0
61608	165931	693.0	340.0
61620	165931	731.0	344.0
61632	165931	782.0	349.0
61644	165931	853.0	356.0
61656	165931	960.0	367.0
61548	166003	502.8	324.0
61560	166003	508.0	324.0
61572	166003	513.0	324.0
61584	166003	517.0	326.0
61596	166003	523.0	326.0
61608	166003	527.0	325.0
61620	166003	532.0	327.0
61632	166003	543.0	326.0
61644	166003	547.0	329.0
61656	166003	558.0	329.0
61668	166003	563.0	330.0
61680	166003	573.0	331.0
61692	166003	588.0	332.0
61704	166003	603.0	334.0
61716	166003	620.0	337.0
61728	166003	643.0	339.0
61740	166003	672.0	343.0
61752	166003	710.0	347.0
61764	166003	763.0	353.0
61776	166003	838.0	361.0
61788	166003	955.0	374.0
61692	166044	499.0	323.0
61704	166044	499.0	323.0
61716	166044	499.0	323.0
61728	166044	499.0	323.0
61740	166044	501.0	323.0
61752	166044	503.0	323.0
61764	166044	506.0	324.0
61776	166044	508.0	323.0
61788	166044	512.0	324.0
61800	166044	516.0	325.0
61812	166044	520.0	325.0
61824	166044	526.0	325.0
61836	166044	530.0	327.0
61848	166044	535.0	327.0
61860	166044	542.0	328.0
61872	166044	549.0	329.0
61884	166044	558.0	330.0
61896	166044	566.0	331.0
61908	166044	577.0	332.0
61920	166044	589.0	333.0
61932	166044	603.0	334.0
61944	166044	620.0	337.0
61956	166044	641.0	339.0
61968	166044	668.0	342.0
61980	166044	702.0	346.0
61992	166044	747.0	351.0
62004	166044	809.0	358.0
62016	166044	900.0	368.0
62028	166044	986.0	383.0
61716	166059	505.0	324.0
61728	166059	509.8888888888889	324.0
61740	166059	514.0	325.0
61752	166059	517.0	325.0
61764	166059	522.0	326.0
61776	166059	527.0	326.0
61788	166059	532.0	327.0
61800	166059	537.0	327.0
61812	166059	544.0	328.0
61824	166059	551.0	328.0
61836	166059	559.0	330.0
61848	166059	570.0	331.0
61860	166059	580.0	332.0
61872	166059	593.0	334.0
61884	166059	609.0	336.0
61896	166059	628.0	338.0
61908	166059	652.0	341.0
61920	166059	683.0	345.0
61932	166059	723.0	350.0
61944	166059	777.0	356.0
61956	166059	857.0	365.0
61968	166059	969.0	380.0
61848	166107	466.0	324.0
61860	166107	467.0	325.0
61872	166107	468.0	325.0
61884	166107	469.0	325.0
61896	166107	470.0	325.0
61908	166107	471.0	326.0
61920	166107	473.0	327.0
61932	166107	475.0	327.0
61944	166107	479.0	328.0
61956	166107	482.0	328.0
61968	166107	485.0	330.0
61980	166107	488.0	330.0
61992	166107	493.0	331.0
62004	166107	497.0	332.0
62016	166107	504.0	334.0
62028	166107	510.0	336.0
62040	166107	516.0	337.0
62052	166107	527.0	340.0
62064	166107	538.0	343.0
62076	166107	552.0	346.0
62088	166107	570.0	351.0
62100	166107	595.0	357.0
62112	166107	629.0	365.0
62124	166107	685.0	380.0
62136	166107	782.0	404.0
62148	166107	970.0	454.0
61932	166125	888.0	323.0
61944	166125	840.375	322.9375
61956	166125	796.875	322.1875
61968	166125	767.0	322.0
61980	166125	735.0	321.0
61992	166125	712.5333333333333	321.0
62004	166125	691.0	321.0
62016	166125	673.0	321.0
62028	166125	657.7647058823529	320.3529411764706
62040	166125	643.3333333333334	320.0
62052	166125	632.112676056338	321.056338028169
62064	166125	621.4647887323944	321.7323943661972
62076	166125	610.8169014084507	322.40845070422534
62088	166125	600.169014084507	323.0845070422535
62100	166125	589.5211267605633	323.76056338028167
62112	166125	578.8732394366198	324.4366197183099
62124	166125	569.0	326.0
62136	166125	577.0	327.0
62148	166125	592.0	329.0
62160	166125	603.0	329.0
62172	166125	619.0	331.0
62184	166125	638.0	332.0
62196	166125	660.0	334.0
62208	166125	687.0	336.0
62220	166125	722.0	339.0
62232	166125	767.0	343.0
62244	166125	826.0	348.0
62256	166125	913.0	355.0
62004	166153	478.25	322.0
62016	166153	478.0	323.0
62028	166153	482.0	323.0
62040	166153	484.0	323.0
62052	166153	485.0	323.0
62064	166153	489.3333333333333	325.0
62076	166153	491.0	325.0
62088	166153	494.0	325.0
62100	166153	498.0	326.0
62112	166153	503.0	327.0
62124	166153	507.0	327.0
62136	166153	511.0	328.0
62148	166153	518.0	330.0
62160	166153	524.0	331.0
62172	166153	532.0	332.0
62184	166153	542.0	334.0
62196	166153	552.0	335.0
62208	166153	565.0	337.0
62220	166153	583.0	340.0
62232	166153	604.0	344.0
62244	166153	632.0	348.0
62256	166153	672.0	354.0
62268	166153	729.0	363.0
62280	166153	823.0	378.0
62292	166153	970.0	405.0
62028	166166	467.0	323.0
62040	166166	468.0	325.0
62052	166166	469.0	325.0
62064	166166	471.0	325.0
62076	166166	473.0	325.0
62088	166166	474.0	327.0
62100	166166	477.0	327.0
62112	166166	478.0	327.0
62124	166166	482.0	328.0
62136	166166	486.0	329.0
62148	166166	488.0	330.0
62160	166166	492.0	331.0
62172	166166	497.0	332.0
62184	166166	503.0	333.0
62196	166166	508.0	335.0
62208	166166	515.0	337.0
62220	166166	525.0	340.0
62232	166166	535.0	343.0
62244	166166	549.0	346.0
62256	166166	566.0	350.0
62268	166166	591.0	356.0
62280	166166	625.0	365.0
62292	166166	678.0	378.0
62304	166166	769.0	400.0
62316	166166	953.0	444.0
62172	166219	465.0	325.0
62184	166219	466.0	325.0
62196	166219	470.0	326.0
62208	166219	472.0	327.0
62220	166219	474.0	327.0
62232	166219	477.0	328.0
62244	166219	480.0	329.0
62256	166219	482.0	330.0
62268	166219	485.0	331.0
62280	166219	489.0	332.0
62292	166219	494.0	333.0
62304	166219	500.0	335.0
62316	166219	505.0	336.0
62328	166219	513.0	338.0
62340	166219	523.0	341.0
62352	166219	534.0	344.0
62364	166219	549.0	347.0
62376	166219	567.0	352.0
62388	166219	595.0	359.0
62400	166219	636.0	370.0
62412	166219	701.0	387.0
62424	166219	824.0	417.0
62436	166219	1009.0	493.0
62304	166275	463.8888888888889	324.0
62316	166275	465.0	324.0
62328	166275	467.0	323.0
62340	166275	469.0	323.0
62352	166275	472.0	325.0
62364	166275	474.0	325.0
62376	166275	478.0	325.0
62388	166275	480.0	326.0
62400	166275	487.0	327.0
62412	166275	492.0	327.0
62424	166275	497.0	328.0
62436	166275	503.0	329.0
62448	166275	508.0	330.0
62460	166275	513.0	331.0
62472	166275	521.0	331.0
62484	166275	530.0	333.0
62496	166275	539.0	334.0
62508	166275	551.0	337.0
62520	166275	566.0	339.0
62532	166275	583.0	342.0
62544	166275	605.0	345.0
62556	166275	633.0	349.0
62568	166275	671.0	355.0
62580	166275	725.0	364.0
62592	166275	808.0	378.0
62604	166275	951.0	401.0
62316	166283	479.0	322.0
62328	166283	482.0	323.0
62340	166283	490.0	324.0
62352	166283	493.1111111111111	324.22222222222223
62364	166283	497.0	326.0
62376	166283	502.0	327.0
62388	166283	505.0	327.0
62400	166283	510.0	329.0
62412	166283	515.0	328.0
62424	166283	521.0	330.0
62436	166283	527.0	331.0
62448	166283	536.0	332.0
62460	166283	546.0	334.0
62472	166283	557.0	336.0
62484	166283	571.0	337.0
62496	166283	588.0	340.0
62508	166283	609.0	343.0
62520	166283	638.0	348.0
62532	166283	677.0	354.0
62544	166283	731.0	362.0
62556	166283	816.0	375.0
62568	166283	957.0	397.0
62472	166365	505.0	324.0
62484	166365	506.0	323.0
62496	166365	509.5	323.5
62508	166365	514.0	324.0
62520	166365	519.0	326.0
62532	166365	524.0	326.0
62544	166365	527.0	326.0
62556	166365	534.0	327.0
62568	166365	539.0	327.0
62580	166365	547.0	328.0
62592	166365	554.0	329.0
62604	166365	563.0	330.0
62616	166365	572.0	331.0
62628	166365	584.0	333.0
62640	166365	597.0	334.0
62652	166365	614.0	336.0
62664	166365	635.0	339.0
62676	166365	660.0	342.0
62688	166365	693.0	345.0
62700	166365	737.0	349.0
62712	166365	797.0	356.0
62724	166365	883.0	366.0
62736	166365	985.0	384.0
62472	166366	466.0	325.0
62484	166366	467.0	325.0
62496	166366	467.75	326.0
62508	166366	472.0	326.0
62520	166366	472.0	328.0
62532	166366	475.0	328.0
62544	166366	478.0	329.0
62556	166366	481.0	329.0
62568	166366	486.0	330.0
62580	166366	489.0	331.0
62592	166366	493.0	333.0
62604	166366	499.0	334.0
62616	166366	506.0	336.0
62628	166366	513.0	337.0
62640	166366	523.0	340.0
62652	166366	534.0	343.0
62664	166366	548.0	346.0
62676	166366	566.0	351.0
62688	166366	591.0	358.0
62700	166366	627.0	367.0
62712	166366	681.0	381.0
62724	166366	774.0	405.0
62736	166366	963.0	455.0
62700	166426	479.0	324.0
62712	166426	480.0	323.0
62724	166426	482.7391304347826	323.7826086956522
62736	166426	486.39130434782606	324.82608695652175
62748	166426	490.0	326.0
62760	166426	493.0	325.0
62772	166426	498.0	327.0
62784	166426	503.0	327.0
62796	166426	508.0	328.0
62808	166426	515.0	328.0
62820	166426	521.0	330.0
62832	166426	528.0	331.0
62844	166426	535.0	331.0
62856	166426	545.0	333.0
62868	166426	557.0	335.0
62880	166426	570.0	337.0
62892	166426	586.0	340.0
62904	166426	607.0	343.0
62916	166426	633.0	346.0
62928	166426	669.0	352.0
62940	166426	721.0	360.0
62952	166426	801.0	372.0
62964	166426	937.0	393.0
62796	166448	493.0	322.0
62808	166448	496.0	323.0
62820	166448	498.0	323.0
62832	166448	503.0	324.0
62844	166448	504.0	323.0
62856	166448	510.0	324.0
62868	166448	515.0	324.0
62880	166448	520.0	325.0
62892	166448	524.0	326.0
62904	166448	529.0	326.0
62916	166448	536.0	327.0
62928	166448	544.0	328.0
62940	166448	550.0	329.0
62952	166448	559.0	330.0
62964	166448	569.0	331.0
62976	166448	583.0	332.0
62988	166448	598.0	334.0
63000	166448	616.0	336.0
63012	166448	638.0	339.0
63024	166448	667.0	342.0
63036	166448	705.0	347.0
63048	166448	757.0	353.0
63060	166448	833.0	361.0
63072	166448	957.0	376.0
62796	166449	474.0	323.0
62808	166449	476.0	322.0
62820	166449	477.0	322.0
62832	166449	480.0	323.0
62844	166449	481.0	324.0
62856	166449	484.0	325.0
62868	166449	485.0	325.0
62880	166449	489.0	325.0
62892	166449	492.0	326.0
62904	166449	495.0	325.0
62916	166449	500.0	326.0
62928	166449	504.0	327.0
62940	166449	509.0	328.0
62952	166449	517.0	329.0
62964	166449	524.0	331.0
62976	166449	533.0	332.0
62988	166449	545.0	334.0
63000	166449	559.0	336.0
63012	166449	576.0	338.0
63024	166449	599.0	343.0
63036	166449	629.0	347.0
63048	166449	673.0	354.0
63060	166449	741.0	365.0
63072	166449	858.0	384.0
63084	166449	999.0	420.0
62952	166469	464.0	323.0
62964	166469	465.0	322.0
62976	166469	466.0	323.0
62988	166469	467.0	324.0
63000	166469	469.0	323.0
63012	166469	470.0	324.0
63024	166469	473.0	325.0
63036	166469	475.0	325.0
63048	166469	478.0	326.0
63060	166469	482.0	327.0
63072	166469	485.0	328.0
63084	166469	487.0	328.0
63096	166469	492.0	329.0
63108	166469	496.0	330.0
63120	166469	501.0	331.0
63132	166469	507.0	332.0
63144	166469	514.0	334.0
63156	166469	522.0	336.0
63168	166469	529.0	339.0
63180	166469	544.0	341.0
63192	166469	560.0	346.0
63204	166469	580.0	351.0
63216	166469	609.0	358.0
63228	166469	654.0	368.0
63240	166469	728.0	386.0
63252	166469	871.0	419.0
63264	166469	1032.0	508.0
63276	166469	1017.0	478.0
63192	166521	463.3333333333333	322.0
63204	166521	466.0	322.0
63216	166521	466.84615384615387	322.0
63228	166521	469.0	323.0
63240	166521	472.0	324.0
63252	166521	473.3333333333333	324.0
63264	166521	476.0	324.0
63276	166521	479.0	324.0
63288	166521	484.0	325.0
63300	166521	486.0	326.0
63312	166521	490.0	325.0
63324	166521	493.0	327.0
63336	166521	497.0	327.0
63348	166521	503.0	328.0
63360	166521	508.0	329.0
63372	166521	514.0	330.0
63384	166521	520.0	331.0
63396	166521	528.0	332.0
63408	166521	537.0	333.0
63420	166521	547.0	334.0
63432	166521	561.0	337.0
63444	166521	576.0	340.0
63456	166521	597.0	343.0
63468	166521	623.0	346.0
63480	166521	658.0	352.0
63492	166521	710.0	361.0
63504	166521	788.0	373.0
63516	166521	929.0	396.0
63528	166521	1006.0	417.0
63252	166543	516.0	323.0
63264	166543	518.0	322.0
63276	166543	522.0	322.0
63288	166543	527.0	322.0
63300	166543	528.0	323.0
63312	166543	533.0	324.0
63324	166543	538.0	324.0
63336	166543	542.0	325.0
63348	166543	548.0	325.0
63360	166543	553.0	325.0
63372	166543	560.0	326.0
63384	166543	568.0	326.0
63396	166543	577.0	328.0
63408	166543	586.0	328.0
63420	166543	598.0	330.0
63432	166543	612.0	331.0
63444	166543	628.0	333.0
63456	166543	649.0	335.0
63468	166543	673.0	337.0
63480	166543	706.0	340.0
63492	166543	752.0	345.0
63504	166543	814.0	350.0
63312	166564	464.0	324.0
63324	166564	466.0	323.0
63336	166564	468.0	323.0
63348	166564	469.0	324.0
63360	166564	472.0	325.0
63372	166564	473.0	326.0
63384	166564	476.0	326.0
63396	166564	479.0	327.0
63408	166564	482.0	327.0
63420	166564	487.0	328.0
63432	166564	491.0	328.0
63444	166564	496.0	330.0
63456	166564	503.0	332.0
63468	166564	511.0	332.0
63480	166564	520.0	334.0
63492	166564	530.0	336.0
63504	166564	543.0	338.0
63516	166564	559.0	341.0
63528	166564	579.0	345.0
63540	166564	607.0	349.0
63552	166564	646.0	356.0
63564	166564	702.0	365.0
63576	166564	793.0	381.0
63588	166564	954.0	408.0
63384	166595	454.0	321.0
63396	166595	454.0	322.0
63408	166595	455.0	322.0
63420	166595	455.3	321.06666666666666
63432	166595	457.1	321.46666666666664
63444	166595	458.9	321.8666666666667
63456	166595	460.7	322.26666666666665
63468	166595	462.5	322.6666666666667
63480	166595	463.0	323.0
63492	166595	465.0	324.0
63504	166595	466.0	324.0
63516	166595	467.0	324.0
63528	166595	470.0	325.0
63540	166595	473.0	326.0
63552	166595	477.0	325.0
63564	166595	479.0	325.0
63576	166595	483.0	327.0
63588	166595	486.0	326.0
63600	166595	492.0	327.0
63612	166595	497.0	328.0
63624	166595	504.0	329.0
63636	166595	510.0	330.0
63648	166595	518.0	331.0
63660	166595	527.0	333.0
63672	166595	536.0	334.0
63684	166595	548.0	336.0
63696	166595	565.0	339.0
63708	166595	581.0	342.0
63720	166595	604.0	345.0
63732	166595	635.0	350.0
63744	166595	676.0	357.0
63756	166595	738.0	366.0
63768	166595	838.0	382.0
63780	166595	981.0	412.0
63564	166650	466.0	323.0
63576	166650	469.0	323.0
63588	166650	473.42857142857144	324.0
63600	166650	477.0	325.0
63612	166650	481.0	325.0
63624	166650	485.0	325.0
63636	166650	489.0	326.0
63648	166650	493.0	326.0
63660	166650	498.0	327.0
63672	166650	503.0	327.0
63684	166650	508.0	329.0
63696	166650	513.0	328.0
63708	166650	520.0	330.0
63720	166650	527.0	331.0
63732	166650	535.0	332.0
63744	166650	543.0	333.0
63756	166650	552.0	334.0
63768	166650	565.0	336.0
63780	166650	579.0	338.0
63792	166650	596.0	340.0
63804	166650	616.0	344.0
63816	166650	643.0	348.0
63828	166650	678.0	354.0
63840	166650	728.0	362.0
63852	166650	805.0	373.0
63864	166650	933.0	394.0
63876	166650	1006.0	419.0
63576	166652	456.0	321.0
63588	166652	456.0	321.0
63600	166652	459.0	322.0
63612	166652	461.2	322.6
63624	166652	463.0	323.0
63636	166652	464.85714285714283	323.2857142857143
63648	166652	467.93333333333334	324.23333333333335
63660	166652	469.53333333333336	324.6333333333333
63672	166652	471.0	324.0
63684	166652	472.0	325.0
63696	166652	473.0	325.0
63708	166652	475.0	326.0
63720	166652	478.0	327.0
63732	166652	480.0	327.0
63744	166652	484.0	328.0
63756	166652	487.0	329.0
63768	166652	491.0	330.0
63780	166652	495.0	331.0
63792	166652	500.0	331.0
63804	166652	507.0	333.0
63816	166652	514.0	335.0
63828	166652	524.0	337.0
63840	166652	537.0	340.0
63852	166652	552.0	343.0
63864	166652	572.0	346.0
63876	166652	600.0	351.0
63888	166652	637.0	358.0
63900	166652	694.0	368.0
63912	166652	785.0	385.0
63924	166652	952.0	414.0
63672	166667	457.0	323.0
63684	166667	458.0	322.0
63696	166667	459.0	322.0
63708	166667	460.0	322.6
63720	166667	461.3333333333333	324.0
63732	166667	465.0	324.0
63744	166667	466.0	323.0
63756	166667	467.0	324.0
63768	166667	469.0	325.0
63780	166667	471.0	325.0
63792	166667	474.0	326.0
63804	166667	475.0	327.0
63816	166667	479.0	326.0
63828	166667	481.0	328.0
63840	166667	485.0	329.0
63852	166667	489.0	330.0
63864	166667	494.0	331.0
63876	166667	500.0	333.0
63888	166667	507.0	334.0
63900	166667	516.0	336.0
63912	166667	528.0	339.0
63924	166667	542.0	342.0
63936	166667	561.0	345.0
63948	166667	586.0	350.0
63960	166667	623.0	357.0
63972	166667	679.0	369.0
63984	166667	775.0	387.0
63996	166667	956.0	422.0
63840	166686	464.0	321.0
63852	166686	463.54545454545456	321.0
63864	166686	464.0	320.0
63876	166686	465.0	320.0
63888	166686	465.0	320.0
63900	166686	466.0	321.0
63912	166686	466.0	321.0
63924	166686	467.0	321.0
63936	166686	468.0	322.0
63948	166686	468.0	322.0
63960	166686	470.0	322.0
63972	166686	470.0	322.0
63984	166686	472.0	323.0
63996	166686	474.0	324.0
64008	166686	474.0	324.0
64020	166686	476.0	324.0
64032	166686	478.0	325.0
64044	166686	479.0	326.0
64056	166686	480.0	325.0
64068	166686	482.0	327.0
64080	166686	485.0	327.0
64092	166686	487.0	328.0
64104	166686	490.0	329.0
64116	166686	494.0	330.0
64128	166686	499.0	332.0
64140	166686	504.0	333.0
64152	166686	511.0	335.0
64164	166686	519.0	337.0
64176	166686	531.0	341.0
64188	166686	547.0	346.0
64200	166686	569.0	351.0
64212	166686	603.0	359.0
64224	166686	658.0	373.0
64236	166686	769.0	400.0
64248	166686	989.0	468.0
63936	166695	517.0	323.0
63948	166695	521.2	323.6
63960	166695	527.0	324.0
63972	166695	528.0	324.0
63984	166695	530.0	323.0
63996	166695	535.0	324.0
64008	166695	541.3658536585366	324.8048780487805
64020	166695	547.219512195122	325.6829268292683
64032	166695	553.0731707317074	326.5609756097561
64044	166695	563.0	327.0
64056	166695	568.0	328.0
64068	166695	578.0	329.0
64080	166695	587.0	330.0
64092	166695	599.0	331.0
64104	166695	613.0	332.0
64116	166695	630.0	334.0
64128	166695	650.0	335.0
64140	166695	675.0	337.0
64152	166695	704.0	340.0
64164	166695	744.0	344.0
64176	166695	797.0	349.0
64188	166695	872.0	356.0
64200	166695	966.0	365.0
63948	166700	487.0	322.0
63960	166700	489.0	322.0
63972	166700	491.0	321.0
63984	166700	492.0	322.0
63996	166700	494.0	321.0
64008	166700	496.0	322.0
64020	166700	499.0	321.0
64032	166700	501.0	322.0
64044	166700	504.0	323.0
64056	166700	507.0	323.0
64068	166700	509.0	323.0
64080	166700	512.0	322.0
64092	166700	517.0	324.0
64104	166700	521.0	325.0
64116	166700	527.0	324.0
64128	166700	531.0	324.0
64140	166700	535.0	325.0
64152	166700	542.0	326.0
64164	166700	549.0	326.0
64176	166700	556.0	327.0
64188	166700	566.0	327.0
64200	166700	576.0	329.0
64212	166700	590.25	329.75
64224	166700	602.625	330.875
64236	166700	615.0	332.0
64248	166700	637.0	335.0
64260	166700	662.0	337.0
64272	166700	692.0	340.0
64284	166700	732.0	344.0
64296	166700	788.0	349.0
64308	166700	863.0	356.0
64320	166700	967.0	366.0
64140	166731	476.14285714285717	322.0
64152	166731	477.0	323.0
64164	166731	479.0	322.0
64176	166731	480.0	322.0
64188	166731	482.0	324.0
64200	166731	485.0	324.0
64212	166731	487.0	325.0
64224	166731	490.0	324.0
64236	166731	493.0	325.0
64248	166731	495.0	326.0
64260	166731	499.0	326.0
64272	166731	503.0	327.0
64284	166731	508.0	327.0
64296	166731	512.0	328.0
64308	166731	518.0	329.0
64320	166731	526.0	330.0
64332	166731	533.0	331.0
64344	166731	541.0	332.0
64356	166731	552.0	334.0
64368	166731	565.0	336.0
64380	166731	583.0	339.0
64392	166731	603.0	342.0
64404	166731	631.0	346.0
64416	166731	669.0	351.0
64428	166731	724.0	359.0
64440	166731	802.3333333333334	368.8333333333333
64452	166731	881.3333333333334	386.3333333333333
64188	166733	466.0	325.0
64200	166733	467.0	325.0
64212	166733	467.0	326.0
64224	166733	472.0	328.0
64236	166733	473.0	326.0
64248	166733	475.0	328.0
64260	166733	478.0	328.0
64272	166733	481.0	330.0
64284	166733	484.0	330.0
64296	166733	488.0	331.0
64308	166733	493.0	332.0
64320	166733	498.0	334.0
64332	166733	504.0	335.0
64344	166733	512.0	337.0
64356	166733	520.0	340.0
64368	166733	533.0	343.0
64380	166733	547.0	347.0
64392	166733	566.0	351.0
64404	166733	594.0	358.0
64416	166733	633.0	368.0
64428	166733	696.0	384.0
64440	166733	813.0	413.0
64452	166733	1001.0	481.0
64236	166740	456.0	323.0
64248	166740	457.0	322.0
64260	166740	458.0	323.0
64272	166740	460.0	324.0
64284	166740	461.0	324.0
64296	166740	463.0	324.0
64308	166740	465.0	324.0
64320	166740	466.0	325.0
64332	166740	467.0	326.0
64344	166740	469.0	326.0
64356	166740	470.0	326.0
64368	166740	473.0	327.0
64380	166740	475.0	327.0
64392	166740	479.0	328.0
64404	166740	481.0	328.0
64416	166740	485.0	330.0
64428	166740	488.0	330.0
64440	166740	493.0	331.0
64452	166740	497.0	332.0
64464	166740	503.0	334.0
64476	166740	508.0	335.0
64488	166740	516.0	337.0
64500	166740	524.0	339.0
64512	166740	535.0	342.0
64524	166740	548.0	346.0
64536	166740	563.0	349.0
64548	166740	586.0	354.0
64560	166740	615.0	361.0
64572	166740	658.0	372.0
64584	166740	726.0	388.0
64596	166740	846.0	417.0
64608	166740	1003.0	479.0
64440	166785	445.0833333333333	321.0833333333333
64452	166785	446.0	322.0
64464	166785	447.57142857142856	322.0
64476	166785	449.2857142857143	322.0
64488	166785	450.0	323.0
64500	166785	452.0	322.0
64512	166785	453.0	322.0
64524	166785	452.0	323.0
64536	166785	455.0	323.0
64548	166785	456.0	323.0
64560	166785	457.0	322.0
64572	166785	457.0	322.0
64584	166785	459.0	323.0
64596	166785	460.0	324.0
64608	166785	461.0	325.0
64620	166785	462.0	325.0
64632	166785	462.0	323.0
64644	166785	464.0	323.0
64656	166785	467.0	325.0
64668	166785	468.0	325.0
64680	166785	470.0	325.0
64692	166785	472.0	326.0
64704	166785	474.0	327.0
64716	166785	477.0	327.0
64728	166785	478.0	327.0
64740	166785	481.0	328.0
64752	166785	483.0	328.0
64764	166785	486.0	331.0
64776	166785	490.0	330.0
64788	166785	494.0	331.0
64800	166785	498.0	332.0
64812	166785	503.0	333.0
64824	166785	508.0	335.0
64836	166785	514.0	337.0
64848	166785	523.0	338.0
64860	166785	532.0	341.0
64872	166785	543.0	343.0
64884	166785	557.0	347.0
64896	166785	575.0	351.0
64908	166785	598.0	357.0
64920	166785	632.0	365.0
64932	166785	679.0	377.0
64944	166785	758.0	396.0
64956	166785	907.0	431.0
64968	166785	1024.0	496.0
64728	166856	499.0	321.0
64740	166856	501.0	321.0
64752	166856	504.0	321.0
64764	166856	506.5	321.0
64776	166856	509.5238095238095	321.0
64788	166856	511.8095238095238	321.0
64800	166856	514.0	322.0
64812	166856	517.1666666666666	322.0
64824	166856	520.375	322.0
64836	166856	524.0	322.0
64848	166856	527.0	322.0
64860	166856	531.258064516129	322.19354838709677
64872	166856	535.516129032258	322.38709677419354
64884	166856	539.7741935483871	322.5806451612903
64896	166856	544.0322580645161	322.7741935483871
64908	166856	548.2903225806451	322.96774193548384
64920	166856	556.0	326.0
64932	166856	563.0	325.0
64944	166856	571.0	326.0
64956	166856	578.0	327.0
64968	166856	589.0	328.0
64980	166856	599.0	329.0
64992	166856	611.0	330.0
65004	166856	626.0	332.0
64824	166872	489.0	322.0
64836	166872	490.5	323.5
64848	166872	491.8333333333333	323.0
64860	166872	494.1904761904762	322.23809523809524
64872	166872	497.04761904761904	322.8095238095238
64884	166872	500.0	325.0
64896	166872	503.2	323.0
64908	166872	505.3333333333333	323.3333333333333
64920	166872	507.5	321.5
64932	166872	510.0	323.0
64944	166872	513.0	322.0
64956	166872	518.0	323.0
64968	166872	523.0	324.0
64980	166872	526.0	324.0
64992	166872	532.0	325.0
65004	166872	538.0	326.0
65016	166872	545.0	327.0
65028	166872	552.0	328.0
65040	166872	560.0	328.0
65052	166872	569.0	330.0
65064	166872	579.0	331.0
65076	166872	591.0	332.0
65088	166872	604.0	334.0
65100	166872	620.0	336.0
65112	166872	642.0	338.0
65124	166872	668.0	341.0
65136	166872	700.0	345.0
65148	166872	740.0	350.0
65160	166872	797.0	356.0
65172	166872	880.0	364.0
65184	166872	972.0	378.0
65196	166872	990.0	382.0
65208	166872	983.0	373.0
65220	166872	999.0	390.0
65004	166890	477.0	323.0
65016	166890	478.3333333333333	322.3333333333333
65028	166890	480.0	323.0
65040	166890	483.0	325.0
65052	166890	486.0	324.0
65064	166890	487.0	324.0
65076	166890	491.0	326.0
65088	166890	493.0	326.0
65100	166890	495.0	326.0
65112	166890	501.0	327.0
65124	166890	504.0	327.0
65136	166890	509.0	329.0
65148	166890	514.0	328.0
65160	166890	521.0	330.0
65172	166890	527.0	332.0
65184	166890	536.0	333.0
65196	166890	545.0	334.0
65208	166890	557.0	336.0
65220	166890	572.0	339.0
65232	166890	590.0	342.0
65244	166890	613.0	346.0
65256	166890	643.0	351.0
65268	166890	686.0	358.0
65280	166890	752.0	369.0
65292	166890	859.0	387.0
65304	166890	992.0	421.0
65064	166896	471.0	320.0
65076	166896	473.42857142857144	321.0
65088	166896	475.03846153846155	321.0
65100	166896	476.4230769230769	321.0
65112	166896	477.0	322.0
65124	166896	478.6	322.0
65136	166896	479.0	323.0
65148	166896	480.0	323.0
65160	166896	482.0	324.0
65172	166896	484.0	325.0
65184	166896	486.0	325.0
65196	166896	488.0	325.0
65208	166896	492.0	326.0
65220	166896	494.0	326.0
65232	166896	498.0	327.0
65244	166896	502.0	327.0
65256	166896	506.0	328.0
65268	166896	512.0	329.0
65280	166896	518.0	330.0
65292	166896	526.0	331.0
65304	166896	534.0	332.0
65316	166896	544.0	334.0
65328	166896	556.0	336.0
65340	166896	571.0	337.0
65352	166896	591.0	341.0
65364	166896	615.0	345.0
65376	166896	648.0	350.0
65388	166896	695.0	358.0
65400	166896	766.0	368.0
65412	166896	888.0	387.0
65424	166896	999.0	414.0
65184	166926	514.0	322.0
65196	166926	516.0	322.0
65208	166926	520.0	323.0
65220	166926	524.0	324.0
65232	166926	528.0	325.0
65244	166926	533.0	325.0
65256	166926	538.0	325.0
65268	166926	545.0	325.0
65280	166926	551.0	326.0
65292	166926	559.0	327.0
65304	166926	567.0	328.0
65316	166926	576.0	328.0
65328	166926	588.0	330.0
65340	166926	601.0	331.0
65352	166926	617.0	331.0
65364	166926	636.0	334.0
65376	166926	661.0	336.0
65388	166926	690.3548387096774	338.03225806451616
65400	166926	719.3870967741935	339.5806451612903
65412	166926	752.0	342.0
65424	166926	825.0	351.0
65436	166926	937.0	362.0
65328	166957	522.0	323.0
65340	166957	526.0	324.0
65352	166957	529.0	324.0
65364	166957	535.0	325.0
65376	166957	542.0	326.0
65388	166957	547.0	326.0
65400	166957	555.0	327.0
65412	166957	563.0	327.0
65424	166957	573.0	327.0
65436	166957	584.0	329.0
65448	166957	594.0	330.0
65460	166957	608.0	331.0
65472	166957	624.0	333.0
65484	166957	642.0	334.0
65496	166957	667.0	337.0
65508	166957	695.0	340.0
65520	166957	732.0	343.0
65532	166957	781.0	348.0
65544	166957	850.0	354.0
65556	166957	950.0	363.0
65376	166971	468.0833333333333	325.0
65388	166971	469.0	325.0
65400	166971	470.77777777777777	325.0
65412	166971	474.0	327.0
65424	166971	477.0	327.0
65436	166971	480.0	328.0
65448	166971	485.0	329.0
65460	166971	487.0	331.0
65472	166971	492.0	331.0
65484	166971	497.0	331.0
65496	166971	503.0	333.0
65508	166971	510.0	335.0
65520	166971	517.0	337.0
65532	166971	528.0	340.0
65544	166971	540.0	343.0
65556	166971	555.0	346.0
65568	166971	576.0	352.0
65580	166971	604.0	359.0
65592	166971	649.0	369.0
65604	166971	719.0	387.0
65616	166971	856.0	420.0
65628	166971	1023.0	498.0
65448	166998	487.0	322.0
65460	166998	488.0833333333333	319.8333333333333
65472	166998	488.5833333333333	318.8333333333333
65484	166998	490.0	318.0
65496	166998	493.0	319.0
65508	166998	495.0	321.0
65520	166998	497.0	322.0
65532	166998	501.0	323.0
65544	166998	503.0	323.0
65556	166998	506.0	323.0
65568	166998	509.0	323.0
65580	166998	514.0	325.0
65592	166998	517.0	325.0
65604	166998	523.0	325.0
65616	166998	528.0	325.0
65628	166998	534.0	326.0
65640	166998	541.0	327.0
65652	166998	548.0	328.0
65664	166998	557.0	329.0
65676	166998	568.0	330.0
65688	166998	578.0	331.0
65700	166998	594.0	333.0
65712	166998	609.0	335.0
65724	166998	629.0	338.0
65736	166998	653.0	341.0
65748	166998	683.0	340.0
65760	166998	726.0	344.0
65772	166998	789.0	355.0
65784	166998	877.0	365.0
65796	166998	974.0	381.0
65808	166998	985.0	372.0
65820	166998	992.0	371.0
65832	166998	1000.0	390.0
65460	167001	469.0	322.0
65472	167001	469.2962962962963	322.2962962962963
65484	167001	469.74074074074076	322.74074074074076
65496	167001	469.0	324.0
65508	167001	470.0	324.0
65520	167001	470.0	324.0
65532	167001	472.0	325.0
65544	167001	473.0	326.0
65556	167001	475.0	326.0
65568	167001	478.0	326.0
65580	167001	478.0	327.0
65592	167001	481.0	328.0
65604	167001	484.0	329.0
65616	167001	488.0	331.0
65628	167001	491.0	331.0
65640	167001	496.0	332.0
65652	167001	502.0	334.0
65664	167001	509.0	336.0
65676	167001	518.0	338.0
65688	167001	529.0	341.0
65700	167001	544.0	345.0
65712	167001	563.0	349.0
65724	167001	589.0	357.0
65736	167001	629.0	367.0
65748	167001	696.0	384.0
65760	167001	826.0	417.0
65772	167001	1019.0	500.0
65700	167053	528.6666666666666	318.3333333333333
65712	167053	537.0	324.0
65724	167053	544.0	324.0
65736	167053	553.0	325.0
65748	167053	562.0	327.0
65760	167053	570.0	327.0
65772	167053	578.0	328.0
65784	167053	588.0	329.0
65796	167053	599.0	330.0
65808	167053	612.0	331.0
65820	167053	627.0	333.0
65832	167053	644.0	334.0
65844	167053	665.0	337.0
65856	167053	690.0	338.0
65868	167053	721.0	341.0
65880	167053	760.0	345.0
65892	167053	815.0	351.0
65904	167053	886.0	356.0
65916	167053	965.0	364.0
65928	167053	985.0	366.0
65940	167053	986.0	370.0
65952	167053	988.0	369.0
65736	167058	442.0	322.0
65748	167058	442.0	323.0
65760	167058	442.46153846153845	322.0
65772	167058	443.38461538461536	322.0
65784	167058	444.0	323.0
65796	167058	445.0	322.8333333333333
65808	167058	445.0	322.3333333333333
65820	167058	446.0	323.0
65832	167058	447.0	325.0
65844	167058	448.0	324.0
65856	167058	448.0	324.0
65868	167058	450.0	323.0
65880	167058	452.0	325.0
65892	167058	454.0	326.0
65904	167058	455.0	326.0
65916	167058	455.0	325.0
65928	167058	458.0	327.0
65940	167058	460.0	328.0
65952	167058	461.0	327.0
65964	167058	464.0	329.0
65976	167058	467.0	329.0
65988	167058	469.0	330.0
66000	167058	472.0	330.0
66012	167058	476.0	331.0
66024	167058	480.0	332.0
66036	167058	484.0	333.0
66048	167058	488.0	334.0
66060	167058	495.0	336.0
66072	167058	501.0	338.0
66084	167058	510.0	340.0
66096	167058	519.0	342.0
66108	167058	530.0	346.0
66120	167058	544.0	349.0
66132	167058	563.0	355.0
66144	167058	588.0	361.0
66156	167058	624.0	371.0
66168	167058	679.0	387.0
66180	167058	775.0	413.0
66192	167058	964.0	469.0
65736	167060	488.0	325.0
65748	167060	491.0	326.0
65760	167060	494.0	326.0
65772	167060	497.0	326.0
65784	167060	501.0	327.0
65796	167060	506.0	327.0
65808	167060	511.0	328.0
65820	167060	516.0	328.0
65832	167060	523.0	331.0
65844	167060	530.0	331.0
65856	167060	539.0	332.0
65868	167060	549.0	334.0
65880	167060	560.0	335.0
65892	167060	573.0	338.0
65904	167060	590.0	341.0
65916	167060	611.0	344.0
65928	167060	640.0	349.0
65940	167060	679.0	355.0
65952	167060	734.0	364.0
65964	167060	821.0	378.0
65976	167060	963.0	401.0
65748	167061	475.0	322.0
65760	167061	476.0	323.0
65772	167061	479.0	324.0
65784	167061	481.0	324.0
65796	167061	482.0	324.0
65808	167061	486.0	325.0
65820	167061	489.0	326.0
65832	167061	491.0	326.0
65844	167061	494.0	326.0
65856	167061	499.0	327.0
65868	167061	504.0	327.0
65880	167061	508.0	328.0
65892	167061	513.0	328.0
65904	167061	519.0	330.0
65916	167061	528.0	331.0
65928	167061	536.0	332.0
65940	167061	546.0	334.0
65952	167061	557.0	336.0
65964	167061	572.0	339.0
65976	167061	590.0	341.0
65988	167061	613.0	344.0
66000	167061	642.0	349.0
66012	167061	683.0	356.0
66024	167061	743.0	366.0
66036	167061	840.0	382.0
66048	167061	979.0	409.0
66000	167131	514.0	322.0
66012	167131	516.0	322.0
66024	167131	522.0	324.0
66036	167131	528.0	324.0
66048	167131	530.0	324.0
66060	167131	535.0	325.0
66072	167131	542.0	326.0
66084	167131	552.0	325.0
66096	167131	559.0	326.0
66108	167131	567.0	328.0
66120	167131	576.0	328.0
66132	167131	587.0	329.0
66144	167131	598.0	331.0
66156	167131	609.0	329.0
66168	167131	618.0	319.0
66180	167131	649.0	334.0
66192	167131	676.0	338.0
66204	167131	706.0	340.0
66216	167131	746.0	344.0
66228	167131	803.0	350.0
66240	167131	879.8888888888889	347.77777777777777
66252	167131	954.5555555555555	359.1111111111111
66144	167184	488.5	324.0
66156	167184	492.7931034482759	324.7586206896552
66168	167184	496.9310344827586	325.58620689655174
66180	167184	503.0	326.0
66192	167184	505.0	326.0
66204	167184	507.0	328.0
66216	167184	513.0	328.0
66228	167184	518.0	330.0
66240	167184	524.0	331.0
66252	167184	529.0	331.0
66264	167184	538.0	333.0
66276	167184	547.0	334.0
66288	167184	557.0	336.0
66300	167184	570.0	337.0
66312	167184	586.0	341.0
66324	167184	604.0	344.0
66336	167184	629.0	347.0
66348	167184	660.0	352.0
66360	167184	703.0	359.0
66372	167184	766.0	369.0
66384	167184	866.0	385.0
66396	167184	985.0	412.0
66180	167203	489.0	325.0
66192	167203	490.0	325.0
66204	167203	494.0	325.0
66216	167203	497.0	327.0
66228	167203	500.0	327.0
66240	167203	503.0	327.0
66252	167203	506.0	328.0
66264	167203	511.0	329.0
66276	167203	515.0	330.0
66288	167203	520.0	331.0
66300	167203	527.0	332.0
66312	167203	533.0	333.0
66324	167203	540.0	334.0
66336	167203	551.0	336.0
66348	167203	561.0	337.0
66360	167203	575.0	341.0
66372	167203	591.0	343.0
66384	167203	610.0	346.0
66396	167203	636.0	350.0
66408	167203	670.0	356.0
66420	167203	719.0	364.0
66432	167203	790.0	377.0
66444	167203	910.0	396.0
66456	167203	1003.0	430.0
66204	167210	467.0	323.0
66216	167210	468.6666666666667	323.3333333333333
66228	167210	472.0	324.0
66240	167210	472.0	325.0
66252	167210	475.0	326.0
66264	167210	476.0	325.0
66276	167210	479.0	326.0
66288	167210	483.0	327.0
66300	167210	485.0	328.0
66312	167210	489.0	328.0
66324	167210	494.0	329.0
66336	167210	498.0	329.0
66348	167210	505.0	330.0
66360	167210	510.0	331.0
66372	167210	517.0	332.0
66384	167210	526.0	333.0
66396	167210	534.0	334.0
66408	167210	545.0	336.0
66420	167210	557.0	338.0
66432	167210	572.0	340.0
66444	167210	588.0	343.0
66456	167210	610.0	346.0
66468	167210	636.0	350.0
66480	167210	672.0	355.0
66492	167210	718.0	362.0
66504	167210	785.0	373.0
66516	167210	887.0	389.0
66528	167210	990.0	416.0
66288	167234	605.0	329.0
66300	167234	620.0	331.0
66312	167234	635.0	331.0
66324	167234	651.0	333.0
66336	167234	671.0	334.0
66348	167234	693.0	337.0
66360	167234	724.0	339.0
66372	167234	754.0	337.0
66384	167234	787.0588235294117	333.8970588235294
66396	167234	820.9411764705883	331.6029411764706
66408	167234	854.8235294117648	329.30882352941177
66420	167234	888.7058823529412	327.0147058823529
66432	167234	922.5882352941177	324.72058823529414
66444	167234	941.0	323.0
66456	167234	884.0	323.0
66468	167234	835.0	321.0
66480	167234	796.0	321.0
66492	167234	769.7826086956521	321.0
66504	167234	742.1304347826087	321.0
66516	167234	718.0	319.0
66528	167234	696.0	320.0
66540	167234	682.5227272727273	320.0
66552	167234	668.6136363636364	320.0
66564	167234	654.7045454545455	320.0
66576	167234	640.7954545454545	320.0
66588	167234	638.0	320.0
66600	167234	671.0	334.0
66612	167234	692.0	337.0
66624	167234	720.0	339.0
66636	167234	755.0	342.0
66648	167234	801.0	345.0
66660	167234	861.0	350.0
66672	167234	944.0	357.0
66288	167238	466.0	323.0
66300	167238	466.0	325.0
66312	167238	466.0	325.0
66324	167238	467.0	325.0
66336	167238	468.0	325.0
66348	167238	471.0	327.0
66360	167238	473.0	327.0
66372	167238	474.0	327.0
66384	167238	477.0	328.0
66396	167238	479.0	329.0
66408	167238	482.0	330.0
66420	167238	484.0	331.0
66432	167238	486.0	331.0
66444	167238	491.0	332.0
66456	167238	496.0	334.0
66468	167238	499.0	335.0
66480	167238	506.0	338.0
66492	167238	511.0	338.0
66504	167238	520.0	342.0
66516	167238	530.0	344.0
66528	167238	542.0	348.0
66540	167238	558.0	352.0
66552	167238	579.0	358.0
66564	167238	609.0	366.0
66576	167238	653.0	378.0
66588	167238	724.0	397.0
66600	167238	858.0	430.0
66612	167238	1016.0	510.0
66396	167258	466.0	325.0
66408	167258	467.0	325.0
66420	167258	467.0	325.0
66432	167258	469.0	326.0
66444	167258	472.0	326.0
66456	167258	474.0	327.0
66468	167258	478.0	328.0
66480	167258	481.0	327.0
66492	167258	486.0	329.0
66504	167258	488.0	330.0
66516	167258	494.0	331.0
66528	167258	498.0	332.0
66540	167258	505.0	333.0
66552	167258	512.0	334.0
66564	167258	522.0	336.0
66576	167258	532.0	337.0
66588	167258	544.0	340.0
66600	167258	559.0	343.0
66612	167258	579.0	346.0
66624	167258	603.0	350.0
66636	167258	637.0	356.0
66648	167258	682.0	364.0
66660	167258	751.0	376.0
66672	167258	861.0	395.0
66684	167258	991.0	429.0
66456	167277	446.0	320.0
66468	167277	446.0	320.0
66480	167277	446.0	320.0
66492	167277	446.0	320.0
66504	167277	447.0	321.0
66516	167277	447.125	320.125
66528	167277	448.0	321.0
66540	167277	449.17391304347825	320.60869565217394
66552	167277	450.7391304347826	320.0869565217391
66564	167277	451.0	320.0
66576	167277	452.0	321.0
66588	167277	452.0	321.0
66600	167277	453.0	321.0
66612	167277	454.0	321.0
66624	167277	454.0	321.0
66636	167277	454.0	321.0
66648	167277	454.0	321.0
66660	167277	456.0	321.0
66672	167277	456.0	321.0
66684	167277	456.0	320.0
66696	167277	458.0	322.0
66708	167277	459.0	322.0
66720	167277	459.0	322.0
66732	167277	459.5	322.0
66744	167277	461.2857142857143	322.25714285714287
66756	167277	463.0	322.6
66768	167277	464.7142857142857	322.9428571428571
66780	167277	465.0	324.0
66792	167277	466.4375	324.0
66804	167277	467.1875	324.0
66816	167277	467.9375	324.0
66828	167277	469.0	325.0
66840	167277	472.0	325.0
66852	167277	474.0	325.0
66864	167277	475.0	326.0
66876	167277	478.0	327.0
66888	167277	480.0	327.0
66900	167277	482.0	328.0
66912	167277	486.0	328.0
66924	167277	488.0	329.0
66936	167277	492.0	330.0
66948	167277	496.0	331.0
66960	167277	500.0	332.0
66972	167277	505.0	334.0
66984	167277	509.0	334.0
66996	167277	517.0	337.0
67008	167277	525.0	339.0
67020	167277	535.0	343.0
67032	167277	549.0	346.0
67044	167277	565.0	349.0
67056	167277	588.0	355.0
67068	167277	620.0	362.0
67080	167277	666.0	374.0
67092	167277	742.0	393.0
67104	167277	890.0	428.0
67116	167277	1019.0	495.0
66564	167318	487.0	322.0
66576	167318	490.0	322.0
66588	167318	493.0	322.0
66600	167318	495.0	323.0
66612	167318	499.92857142857144	323.7857142857143
66624	167318	503.0	325.0
66636	167318	505.0	324.0
66648	167318	508.0	325.0
66660	167318	515.0	326.0
66672	167318	521.0	326.0
66684	167318	527.0	327.0
66696	167318	536.0	328.0
66708	167318	544.0	329.0
66720	167318	556.0	331.0
66732	167318	570.0	333.0
66744	167318	586.0	334.0
66756	167318	609.0	337.0
66768	167318	637.0	340.0
66780	167318	674.0	345.0
66792	167318	730.0	352.0
66804	167318	815.0	361.0
66816	167318	961.0	379.0
66636	167340	483.55555555555554	321.27777777777777
66648	167340	484.8888888888889	321.94444444444446
66660	167340	486.0	322.0
66672	167340	487.0	323.0
66684	167340	489.0	324.0
66696	167340	491.0	325.0
66708	167340	492.0	324.0
66720	167340	496.0	326.0
66732	167340	499.0	326.0
66744	167340	502.0	326.0
66756	167340	509.0	327.0
66768	167340	514.0	328.0
66780	167340	520.0	328.0
66792	167340	528.0	330.0
66804	167340	537.0	331.0
66816	167340	547.0	333.0
66828	167340	561.0	335.0
66840	167340	579.0	337.0
66852	167340	601.0	341.0
66864	167340	630.0	345.0
66876	167340	672.0	352.0
66888	167340	733.0	361.0
66900	167340	836.0	377.0
66912	167340	986.0	409.0
66816	167363	496.0	323.0
66828	167363	497.0	322.0
66840	167363	499.0	322.0
66852	167363	501.0	323.0
66864	167363	504.0	324.0
66876	167363	507.0	324.0
66888	167363	510.0	324.0
66900	167363	515.0	325.0
66912	167363	518.0	326.0
66924	167363	525.0	326.0
66936	167363	529.0	327.0
66948	167363	536.0	327.0
66960	167363	543.0	328.0
66972	167363	553.0	330.0
66984	167363	563.0	331.0
66996	167363	576.0	332.0
67008	167363	591.0	334.0
67020	167363	609.0	336.0
67032	167363	633.0	339.0
67044	167363	663.0	343.0
67056	167363	704.0	348.0
67068	167363	763.0	355.0
67080	167363	851.0	364.0
67092	167363	973.0	381.0
66900	167369	465.0	325.0
66912	167369	467.0	326.0
66924	167369	469.0	325.0
66936	167369	472.0	326.0
66948	167369	476.0	327.0
66960	167369	478.0	327.0
66972	167369	481.0	330.0
66984	167369	484.0	330.0
66996	167369	487.0	331.0
67008	167369	494.0	333.0
67020	167369	500.0	334.0
67032	167369	508.0	335.0
67044	167369	515.0	338.0
67056	167369	526.0	340.0
67068	167369	541.0	344.0
67080	167369	556.0	347.0
67092	167369	577.0	352.0
67104	167369	602.0	358.0
67116	167369	639.0	367.0
67128	167369	698.0	381.0
67140	167369	799.0	406.0
67152	167369	973.0	453.0
66924	167372	453.42857142857144	323.0
66936	167372	455.0	324.0
66948	167372	457.0	324.0
66960	167372	458.0	323.0
66972	167372	460.0	324.0
66984	167372	462.0	325.0
66996	167372	464.0	325.0
67008	167372	466.0	326.0
67020	167372	469.0	326.0
67032	167372	472.0	327.0
67044	167372	475.0	328.0
67056	167372	479.0	329.0
67068	167372	483.0	330.0
67080	167372	487.0	331.0
67092	167372	493.0	331.0
67104	167372	499.0	334.0
67116	167372	506.0	336.0
67128	167372	515.0	338.0
67140	167372	527.0	341.0
67152	167372	541.0	344.0
67164	167372	559.0	349.0
67176	167372	585.0	355.0
67188	167372	622.0	363.0
67200	167372	680.0	378.0
67212	167372	786.0	403.0
67224	167372	982.0	460.0
67116	167398	483.0	323.0
67128	167398	485.5	324.0
67140	167398	489.0	324.0
67152	167398	492.0	325.0
67164	167398	496.0	325.0
67176	167398	499.0	326.0
67188	167398	504.0	327.0
67200	167398	507.0	327.0
67212	167398	512.0	327.0
67224	167398	518.0	328.0
67236	167398	524.0	330.0
67248	167398	531.0	330.0
67260	167398	539.0	332.0
67272	167398	550.0	333.0
67284	167398	563.0	336.0
67296	167398	577.0	338.0
67308	167398	596.0	341.0
67320	167398	620.0	345.0
67332	167398	652.0	349.0
67344	167398	696.0	356.0
67356	167398	763.0	366.0
67368	167398	870.0	382.0
67380	167398	991.0	411.0
67116	167399	463.0	322.0
67128	167399	465.0	322.0
67140	167399	467.0	323.0
67152	167399	468.0	324.0
67164	167399	471.0	324.0
67176	167399	473.0	324.0
67188	167399	475.0	324.0
67200	167399	478.0	325.0
67212	167399	480.0	325.0
67224	167399	483.0	325.0
67236	167399	486.0	326.0
67248	167399	490.0	327.0
67260	167399	493.0	327.0
67272	167399	497.0	328.0
67284	167399	502.0	329.0
67296	167399	507.0	329.0
67308	167399	512.0	330.0
67320	167399	519.0	331.0
67332	167399	526.0	332.0
67344	167399	535.0	333.0
67356	167399	545.0	336.0
67368	167399	557.0	337.0
67380	167399	572.0	340.0
67392	167399	589.0	343.0
67404	167399	611.0	346.0
67416	167399	639.0	350.0
67428	167399	677.0	356.0
67440	167399	730.0	364.5
67452	167399	811.0	378.0
67464	167399	946.0	397.0
67476	167399	1007.0	422.0
67308	167447	467.0	325.0
67320	167447	469.0	326.0
67332	167447	472.0	325.0
67344	167447	473.0	327.0
67356	167447	475.0	327.0
67368	167447	477.0	327.0
67380	167447	482.0	328.0
67392	167447	485.0	328.0
67404	167447	488.0	330.0
67416	167447	489.0	331.0
67428	167447	492.0	331.0
67440	167447	496.0	332.0
67452	167447	502.0	334.0
67464	167447	506.0	335.0
67476	167447	514.0	337.0
67488	167447	521.0	339.0
67500	167447	531.0	341.0
67512	167447	543.0	345.0
67524	167447	559.0	349.0
67536	167447	578.0	354.0
67548	167447	604.0	361.0
67560	167447	642.0	371.0
67572	167447	702.0	387.0
67584	167447	806.0	413.0
67596	167447	983.0	470.0
67536	167491	455.0	322.0
67548	167491	456.0	322.0
67560	167491	457.0	323.0
67572	167491	457.0	324.0
67584	167491	459.0	324.0
67596	167491	460.0	324.0
67608	167491	460.0	323.0
67620	167491	462.0	325.0
67632	167491	463.0	325.0
67644	167491	466.0	325.0
67656	167491	467.0	326.0
67668	167491	471.0	327.0
67680	167491	472.0	328.0
67692	167491	474.0	328.0
67704	167491	477.0	328.0
67716	167491	480.0	330.0
67728	167491	484.0	330.0
67740	167491	488.0	332.0
67752	167491	493.0	332.0
67764	167491	500.0	334.0
67776	167491	506.0	336.0
67788	167491	515.0	338.0
67800	167491	525.0	340.0
67812	167491	542.0	344.0
67824	167491	555.0	348.0
67836	167491	577.0	352.0
67848	167491	608.0	360.0
67860	167491	655.0	372.0
67872	167491	731.0	391.0
67884	167491	884.0	428.0
67896	167491	1027.0	502.0
67584	167501	502.6666666666667	322.3333333333333
67596	167501	505.0	324.0
67608	167501	507.0	324.0
67620	167501	511.0	324.0
67632	167501	516.0	324.0
67644	167501	521.0	325.0
67656	167501	526.0	325.0
67668	167501	533.0	326.0
67680	167501	540.7142857142857	326.42857142857144
67692	167501	549.0	327.0
67704	167501	555.0	328.0
67716	167501	565.0	329.0
67728	167501	576.0	331.0
67740	167501	591.0	333.0
67752	167501	609.0	336.0
67764	167501	636.0	338.0
67776	167501	655.0	341.0
67788	167501	689.0	344.0
67800	167501	739.0	351.0
67812	167501	807.0	357.0
67824	167501	915.0	369.0
67836	167501	970.0	363.0
67848	167501	992.0	387.0
67860	167501	995.0	375.0
67596	167502	489.0	325.0
67608	167502	492.0	325.0
67620	167502	495.0	325.0
67632	167502	499.0	326.0
67644	167502	502.0	327.0
67656	167502	506.0	328.0
67668	167502	511.0	329.0
67680	167502	517.0	330.0
67692	167502	524.0	331.0
67704	167502	531.0	331.0
67716	167502	541.0	333.0
67728	167502	552.0	335.0
67740	167502	563.0	337.0
67752	167502	578.0	340.0
67764	167502	596.0	342.0
67776	167502	621.0	346.0
67788	167502	651.0	351.0
67800	167502	694.0	358.0
67812	167502	759.0	369.0
67824	167502	862.0	385.0
67836	167502	987.0	415.0
67608	167505	479.0	323.0
67620	167505	482.0	323.0
67632	167505	483.5652173913044	323.2608695652174
67644	167505	486.69565217391306	323.7826086956522
67656	167505	491.0	325.0
67668	167505	494.75	325.25
67680	167505	499.0	326.0
67692	167505	503.0	327.0
67704	167505	508.0	328.0
67716	167505	514.0	329.0
67728	167505	522.0	330.0
67740	167505	529.0	331.0
67752	167505	538.0	332.0
67764	167505	549.0	334.0
67776	167505	563.0	336.0
67788	167505	579.0	339.0
67800	167505	600.0	342.0
67812	167505	627.0	346.0
67824	167505	663.0	352.0
67836	167505	715.0	359.0
67848	167505	797.0	372.0
67860	167505	936.0	394.0
67752	167535	457.39130434782606	320.0
67764	167535	457.9130434782609	320.0
67776	167535	458.0	320.0
67788	167535	459.0	320.0
67800	167535	460.0	320.0
67812	167535	460.0	320.0
67824	167535	463.0	320.0
67836	167535	463.0	320.0
67848	167535	464.0	321.0
67860	167535	465.0	320.0
67872	167535	466.0	321.0
67884	167535	467.0	321.0
67896	167535	468.0	321.0
67908	167535	469.0	321.0
67920	167535	471.0	322.0
67932	167535	472.0	322.0
67944	167535	474.0	322.0
67956	167535	475.0	322.0
67968	167535	477.0	322.0
67980	167535	478.0	323.0
67992	167535	480.0	324.0
68004	167535	483.0	324.0
68016	167535	484.0	324.0
68028	167535	486.0	324.0
68040	167535	489.0	325.0
68052	167535	492.0	325.0
68064	167535	495.0	326.0
68076	167535	500.0	328.0
68088	167535	503.0	327.0
68100	167535	509.0	328.0
68112	167535	514.0	329.0
68124	167535	521.0	330.0
68136	167535	529.0	331.0
68148	167535	538.0	333.0
68160	167535	549.0	334.0
68172	167535	562.0	336.0
68184	167535	580.0	340.0
68196	167535	602.0	343.0
68208	167535	625.0	338.0
68220	167535	650.0	321.0
68232	167535	730.0	358.0
68244	167535	825.0	380.0
68256	167535	981.0	410.0
67776	167540	444.0	322.0
67788	167540	445.0	322.0
67800	167540	445.0	322.0
67812	167540	446.0	322.0
67824	167540	446.22222222222223	322.0
67836	167540	448.0	323.0
67848	167540	448.5	323.0
67860	167540	449.0	323.0
67872	167540	451.0	323.0
67884	167540	453.0	322.0
67896	167540	452.0	322.0
67908	167540	453.0	323.0
67920	167540	455.0	324.0
67932	167540	456.0	324.0
67944	167540	457.0	323.0
67956	167540	458.0	324.0
67968	167540	461.0	325.0
67980	167540	461.0	325.0
67992	167540	463.0	325.0
68004	167540	465.0	325.0
68016	167540	467.0	327.0
68028	167540	470.0	327.0
68040	167540	473.0	328.0
68052	167540	475.0	328.0
68064	167540	479.0	330.0
68076	167540	482.0	330.0
68088	167540	487.0	331.0
68100	167540	493.0	333.0
68112	167540	498.0	334.0
68124	167540	505.0	336.0
68136	167540	512.0	338.0
68148	167540	521.0	341.0
68160	167540	532.0	343.0
68172	167540	547.0	347.0
68184	167540	566.0	353.0
68196	167540	593.0	360.0
68208	167540	633.0	371.0
68220	167540	701.0	389.0
68232	167540	833.0	423.0
68244	167540	1021.0	510.0
67788	167546	489.0	322.0
67800	167546	488.0	321.0
67812	167546	489.0	321.0
67824	167546	491.0	322.0
67836	167546	493.0	322.0
67848	167546	495.0	321.0
67860	167546	498.0	322.0
67872	167546	499.0	321.0
67884	167546	502.0	321.0
67896	167546	504.0	322.0
67908	167546	506.0	322.0
67920	167546	509.0	323.0
67932	167546	514.0	322.0
67944	167546	517.0	323.0
67956	167546	521.0	324.0
67968	167546	525.0	324.0
67980	167546	530.0	323.0
67992	167546	534.0	325.0
68004	167546	541.0	325.0
68016	167546	547.0	326.0
68028	167546	554.0	326.0
68040	167546	564.0	327.0
68052	167546	572.0	328.0
68064	167546	583.0	329.0
68076	167546	598.0	331.0
68088	167546	612.0	332.0
68100	167546	631.0	334.0
68112	167546	654.0	336.0
68124	167546	684.0	338.0
68136	167546	722.0	342.0
68148	167546	773.0	347.0
68160	167546	844.0	353.0
68172	167546	952.0	363.0
67848	167560	516.0	323.0
67860	167560	520.0	323.0
67872	167560	523.0	322.0
67884	167560	526.0	322.0
67896	167560	528.0	322.0
67908	167560	534.0	323.0
67920	167560	539.0	324.0
67932	167560	542.0	324.0
67944	167560	548.0	324.0
67956	167560	554.0	325.0
67968	167560	561.0	325.0
67980	167560	568.0	326.0
67992	167560	576.0	327.0
68004	167560	586.0	327.0
68016	167560	599.0	328.0
68028	167560	610.0	330.0
68040	167560	624.0	331.0
68052	167560	642.0	332.0
68064	167560	663.0	334.0
68076	167560	688.0	337.0
68088	167560	721.0	339.0
68100	167560	762.0	343.0
68112	167560	815.0	347.0
68124	167560	889.0	353.0
68136	167560	972.0	361.0
68088	167652	465.0	321.0
68100	167652	465.0	321.0
68112	167652	466.0	320.0
68124	167652	466.0	321.0
68136	167652	467.0	321.0
68148	167652	467.0	320.0
68160	167652	468.0	321.0
68172	167652	470.0	321.0
68184	167652	471.0	322.0
68196	167652	473.0	322.0
68208	167652	475.0	322.0
68220	167652	477.0	321.0
68232	167652	478.0	322.0
68244	167652	480.0	322.0
68256	167652	482.0	324.0
68268	167652	485.0	324.0
68280	167652	487.0	324.0
68292	167652	489.0	324.0
68304	167652	492.0	325.0
68316	167652	495.0	325.0
68328	167652	499.0	326.0
68340	167652	503.0	327.0
68352	167652	507.0	328.0
68364	167652	513.0	329.0
68376	167652	520.0	330.0
68388	167652	527.0	331.0
68400	167652	535.0	332.0
68412	167652	545.0	334.0
68424	167652	558.0	336.0
68436	167652	574.0	339.0
68448	167652	594.0	342.0
68460	167652	621.0	346.0
68472	167652	658.0	352.0
68484	167652	712.0	361.0
68496	167652	798.0	375.0
68508	167652	952.0	398.0
68160	167661	487.0	321.0
68172	167661	488.0	321.0
68184	167661	490.0	322.0
68196	167661	493.0	323.0
68208	167661	496.0	323.0
68220	167661	498.0	322.0
68232	167661	500.0	322.0
68244	167661	504.0	323.0
68256	167661	509.0	325.0
68268	167661	512.0	324.0
68280	167661	517.0	325.0
68292	167661	523.0	326.0
68304	167661	529.0	326.0
68316	167661	537.0	327.0
68328	167661	543.0	328.0
68340	167661	553.0	330.0
68352	167661	565.0	331.0
68364	167661	579.0	332.0
68376	167661	596.0	334.0
68388	167661	618.0	336.0
68400	167661	647.0	340.0
68412	167661	686.0	344.0
68424	167661	741.0	350.0
68436	167661	825.0	359.0
68448	167661	962.0	375.0
68412	167693	500.0	321.0
68424	167693	501.0	321.0
68436	167693	502.0	321.0
68448	167693	505.0	321.0
68460	167693	507.0	321.0
68472	167693	509.6	321.0
68484	167693	511.8	322.0
68496	167693	514.7142857142857	322.57142857142856
68508	167693	518.0	323.0
68520	167693	520.0	323.0
68532	167693	523.0	322.0
68544	167693	527.0	322.0
68556	167693	530.0	322.0
68568	167693	535.0	324.0
68580	167693	539.0	324.0
68592	167693	543.0	324.0
68604	167693	549.0	323.0
68616	167693	556.0	325.0
68628	167693	561.0	326.0
68640	167693	569.0	326.0
68652	167693	576.0	327.0
68664	167693	586.0	327.0
68676	167693	594.0	328.0
68688	167693	606.0	329.0
68700	167693	620.0	330.0
68712	167693	634.0	331.0
68724	167693	651.0	333.0
68736	167693	671.0	335.0
68748	167693	696.0	337.0
68760	167693	724.0	339.0
68772	167693	761.0	342.0
68784	167693	808.0	346.0
68796	167693	868.0	351.0
68808	167693	954.0	358.0
68568	167740	477.2	320.0
68580	167740	479.0	320.0
68592	167740	480.18918918918916	320.7027027027027
68604	167740	481.4864864864865	320.3783783783784
68616	167740	482.7837837837838	320.05405405405406
68628	167740	486.0	320.0
68640	167740	488.4	320.0
68652	167740	490.2	320.0
68664	167740	491.5	321.0
68676	167740	493.0	322.0
68688	167740	496.0	322.0
68700	167740	498.0	322.0
68712	167740	501.0	322.0
68724	167740	504.0	323.0
68736	167740	507.0	324.0
68748	167740	510.0	324.0
68760	167740	514.0	324.0
68772	167740	520.0	324.0
68784	167740	524.0	323.0
68796	167740	529.0	325.0
68808	167740	536.0	326.0
68820	167740	543.0	326.0
68832	167740	552.0	328.0
68844	167740	562.0	328.0
68856	167740	573.0	331.0
68868	167740	586.0	332.0
68880	167740	601.0	334.0
68892	167740	620.0	336.0
68904	167740	644.0	338.0
68916	167740	674.0	342.0
68928	167740	714.0	347.0
68940	167740	771.0	354.0
68952	167740	854.0	363.0
68964	167740	968.0	379.0
68976	167740	952.0	383.0
68988	167740	984.0	381.0
68844	167795	490.0	321.0
68856	167795	491.0	321.0
68868	167795	492.625	321.625
68880	167795	494.875	322.0
68892	167795	497.0	322.0
68904	167795	499.0	322.0
68916	167795	501.0	322.0
68928	167795	504.0	324.0
68940	167795	507.0	324.0
68952	167795	510.0	324.0
68964	167795	515.0	325.0
68976	167795	519.0	326.0
68988	167795	523.0	325.0
69000	167795	530.0	325.0
69012	167795	536.0	327.0
69024	167795	543.0	327.0
69036	167795	551.0	329.0
69048	167795	560.0	330.0
69060	167795	571.0	331.0
69072	167795	583.0	332.0
69084	167795	598.0	334.0
69096	167795	616.0	336.0
69108	167795	640.0	339.0
69120	167795	669.0	342.0
69132	167795	706.0	346.0
69144	167795	758.0	352.0
69156	167795	832.0	360.0
69168	167795	948.0	372.0
68976	167830	499.0	321.0
68988	167830	501.0	322.0
69000	167830	504.0	322.0
69012	167830	506.0	322.0
69024	167830	509.15384615384613	323.0
69036	167830	512.0	322.0
69048	167830	514.0	323.0
69060	167830	518.0	323.0
69072	167830	523.0	324.0
69084	167830	527.0	324.0
69096	167830	531.0	324.0
69108	167830	536.0	325.0
69120	167830	542.0	326.0
69132	167830	548.0	326.0
69144	167830	555.0	327.0
69156	167830	563.0	327.0
69168	167830	572.0	328.0
69180	167830	582.0	329.0
69192	167830	595.0	331.0
69204	167830	609.0	331.0
69216	167830	626.0	333.0
69228	167830	646.0	335.0
69240	167830	671.0	337.0
69252	167830	703.0	340.0
69264	167830	744.0	345.0
69276	167830	798.0	349.0
69288	167830	875.0	356.0
69300	167830	969.0	365.0
69024	167849	527.0	322.0
69036	167849	530.0	323.0
69048	167849	536.0	322.0
69060	167849	539.0	324.0
69072	167849	544.0	325.0
69084	167849	550.0	324.0
69096	167849	557.0	325.0
69108	167849	562.0	325.0
69120	167849	569.0	326.0
69132	167849	577.0	327.0
69144	167849	586.0	327.0
69156	167849	596.0	328.0
69168	167849	608.0	329.0
69180	167849	621.0	330.0
69192	167849	636.0	331.0
69204	167849	654.0	333.0
69216	167849	675.0	334.0
69228	167849	702.0	337.0
69240	167849	734.0	340.0
69252	167849	774.0	343.0
69264	167849	827.0	347.0
69276	167849	899.0	353.0
69288	167849	973.0	359.0
69024	167852	480.0	322.0
69036	167852	481.0	321.0
69048	167852	483.0	321.0
69060	167852	484.0	322.0
69072	167852	487.0	321.0
69084	167852	489.0	323.0
69096	167852	491.0	323.0
69108	167852	494.0	323.0
69120	167852	496.0	322.0
69132	167852	499.0	324.0
69144	167852	502.0	324.0
69156	167852	506.0	324.0
69168	167852	510.0	324.0
69180	167852	515.0	325.0
69192	167852	518.0	325.0
69204	167852	524.0	326.0
69216	167852	530.0	327.0
69228	167852	536.0	327.0
69240	167852	544.0	328.0
69252	167852	553.0	330.0
69264	167852	563.0	331.0
69276	167852	574.0	332.0
69288	167852	589.0	334.0
69300	167852	607.0	336.0
69312	167852	628.0	339.0
69324	167852	656.0	342.0
69336	167852	694.0	347.0
69348	167852	748.0	354.0
69360	167852	827.0	363.0
69372	167852	958.0	379.0
69048	167861	464.0	320.0
69060	167861	465.0	319.0
69072	167861	465.0	320.0
69084	167861	467.0	320.0
69096	167861	467.0	320.0
69108	167861	468.0	320.0
69120	167861	468.0	321.0
69132	167861	469.0	320.0
69144	167861	470.0	320.0
69156	167861	472.0	321.0
69168	167861	472.0	321.0
69180	167861	473.0	320.1666666666667
69192	167861	475.3333333333333	321.3333333333333
69204	167861	476.0	322.0
69216	167861	478.0	322.0
69228	167861	479.0	322.0
69240	167861	480.0	322.0
69252	167861	481.0	322.0
69264	167861	484.0	324.0
69276	167861	486.0	324.0
69288	167861	487.0	323.0
69300	167861	490.0	324.0
69312	167861	491.0	325.0
69324	167861	495.0	325.0
69336	167861	498.0	326.0
69348	167861	502.0	327.0
69360	167861	505.0	327.0
69372	167861	510.0	329.0
69384	167861	515.0	329.0
69396	167861	522.0	330.0
69408	167861	529.0	331.0
69420	167861	537.0	333.0
69432	167861	548.0	335.0
69444	167861	561.0	337.0
69456	167861	578.0	341.0
69468	167861	597.0	343.0
69480	167861	626.0	348.0
69492	167861	663.0	355.0
69504	167861	719.0	364.0
69516	167861	810.0	379.0
69528	167861	965.0	407.0
69072	167869	500.0	321.0
69084	167869	503.0	322.0
69096	167869	506.0	323.0
69108	167869	509.0	323.0
69120	167869	512.0	323.0
69132	167869	515.0	322.0
69144	167869	518.0	324.0
69156	167869	523.6666666666666	324.0
69168	167869	527.0	324.0
69180	167869	531.0	324.0
69192	167869	538.0	325.0
69204	167869	543.0	325.0
69216	167869	549.0	325.0
69228	167869	557.0	327.0
69240	167869	564.0	327.0
69252	167869	574.0	328.0
69264	167869	584.0	329.0
69276	167869	596.0	330.0
69288	167869	611.0	331.0
69300	167869	627.0	333.0
69312	167869	648.0	335.0
69324	167869	672.0	337.0
69336	167869	705.0	341.0
69348	167869	735.0689655172414	343.0344827586207
69360	167869	765.6896551724138	346.3448275862069
69372	167869	818.0	352.0
69384	167869	948.0	364.0
69156	167888	452.0	320.0
69168	167888	452.0	321.0
69180	167888	452.0	320.0
69192	167888	453.0	321.0
69204	167888	454.0	321.0
69216	167888	454.6666666666667	321.0
69228	167888	455.0	321.0
69240	167888	456.0	320.0
69252	167888	456.0	320.0
69264	167888	458.0	321.0
69276	167888	459.55555555555554	321.1111111111111
69288	167888	461.77777777777777	321.55555555555554
69300	167888	464.0	322.0
69312	167888	465.0	323.0
69324	167888	466.0	323.0
69336	167888	467.0	322.0
69348	167888	469.0	322.0
69360	167888	472.0	323.0
69372	167888	473.0	324.0
69384	167888	476.0	324.0
69396	167888	478.0	324.0
69408	167888	480.0	324.0
69420	167888	482.0	324.0
69432	167888	484.0	326.0
69444	167888	487.0	326.0
69456	167888	491.0	326.0
69468	167888	496.0	327.0
69480	167888	498.0	327.0
69492	167888	503.0	327.0
69504	167888	509.0	328.0
69516	167888	514.0	329.0
69528	167888	521.0	330.0
69540	167888	526.0	331.0
69552	167888	534.0	332.0
69564	167888	542.0	333.0
69576	167888	553.0	334.0
69588	167888	564.0	336.0
69600	167888	579.0	339.0
69612	167888	596.0	342.0
69624	167888	618.0	345.0
69636	167888	645.0	349.0
69648	167888	682.0	355.0
69660	167888	734.0	363.0
69672	167888	809.0	375.0
69684	167888	934.0	394.0
69696	167888	996.0	411.0
69480	167972	478.0	322.0
69492	167972	479.0	322.0
69504	167972	478.6666666666667	322.0
69516	167972	480.0	323.0
69528	167972	482.0	324.0
69540	167972	484.0	324.0
69552	167972	485.0	323.0
69564	167972	490.0	324.0
69576	167972	492.0	326.0
69588	167972	495.0	325.0
69600	167972	498.0	326.0
69612	167972	501.0	327.0
69624	167972	505.0	327.0
69636	167972	510.0	328.0
69648	167972	515.0	329.0
69660	167972	521.0	330.0
69672	167972	528.0	331.0
69684	167972	536.0	331.0
69696	167972	545.0	334.0
69708	167972	557.0	336.0
69720	167972	569.0	337.0
69732	167972	585.0	340.0
69744	167972	605.0	344.0
69756	167972	631.0	348.0
69768	167972	666.0	353.0
69780	167972	717.0	362.0
69792	167972	793.0	374.0
69804	167972	923.0	394.0
69816	167972	1004.0	419.0
69564	167988	442.625	322.0
69576	167988	443.0	323.0
69588	167988	444.0	322.0
69600	167988	446.6666666666667	322.6666666666667
69612	167988	447.0	322.0
69624	167988	449.0	323.0
69636	167988	453.0	324.0
69648	167988	455.0	324.0
69660	167988	456.0	324.0
69672	167988	459.0	324.0
69684	167988	462.0	326.0
69696	167988	464.0	326.0
69708	167988	467.0	326.0
69720	167988	472.0	327.0
69732	167988	474.0	327.0
69744	167988	479.0	328.0
69756	167988	483.0	329.0
69768	167988	488.0	329.0
69780	167988	493.0	331.0
69792	167988	499.0	331.0
69804	167988	506.0	334.0
69816	167988	516.0	336.0
69828	167988	526.0	337.0
69840	167988	540.0	341.0
69852	167988	557.0	345.0
69864	167988	581.0	351.0
69876	167988	616.0	359.0
69888	167988	673.0	372.0
69900	167988	781.0	397.0
69912	167988	987.0	459.0
69588	167998	466.0	324.0
69600	167998	466.0	324.0
69612	167998	469.0	324.0
69624	167998	472.0	324.0
69636	167998	474.0	325.0
69648	167998	478.0	325.0
69660	167998	481.0	325.0
69672	167998	486.0	327.0
69684	167998	490.0	327.0
69696	167998	495.0	328.0
69708	167998	500.0	329.0
69720	167998	506.0	330.0
69732	167998	514.0	331.0
69744	167998	522.0	332.0
69756	167998	532.0	334.0
69768	167998	542.0	335.0
69780	167998	556.0	337.0
69792	167998	573.0	340.0
69804	167998	594.0	343.0
69816	167998	620.0	348.0
69828	167998	655.0	354.0
69840	167998	705.0	362.0
69852	167998	783.0	375.0
69864	167998	918.0	397.0
69828	168071	490.0	325.0
69840	168071	494.0	326.0
69852	168071	497.0	326.0
69864	168071	498.0	327.0
69876	168071	504.0	327.0
69888	168071	506.0	326.0
69900	168071	511.0	328.0
69912	168071	515.0	328.0
69924	168071	520.0	330.0
69936	168071	527.0	331.0
69948	168071	532.0	332.0
69960	168071	541.0	333.0
69972	168071	550.0	334.0
69984	168071	561.0	336.0
69996	168071	575.0	338.0
70008	168071	590.0	341.0
70020	168071	611.0	344.0
70032	168071	636.0	348.0
70044	168071	671.0	354.0
70056	168071	719.0	361.0
70068	168071	790.0	373.0
70080	168071	906.0	392.0
70092	168071	1000.0	421.0
69912	168091	467.0	325.0
69924	168091	467.0	325.0
69936	168091	467.0	325.0
69948	168091	469.0	326.0
69960	168091	470.0	327.0
69972	168091	472.0	327.0
69984	168091	473.0	328.0
69996	168091	475.0	328.0
70008	168091	476.0	329.0
70020	168091	479.0	329.0
70032	168091	481.0	330.0
70044	168091	485.0	331.0
70056	168091	487.0	332.0
70068	168091	491.0	333.0
70080	168091	495.0	334.0
70092	168091	500.0	336.0
70104	168091	504.0	337.0
70116	168091	512.0	340.0
70128	168091	520.0	342.0
70140	168091	531.0	345.0
70152	168091	543.0	348.0
70164	168091	558.0	353.0
70176	168091	580.0	359.0
70188	168091	611.0	368.0
70200	168091	655.0	381.0
70212	168091	728.0	402.0
70224	168091	872.0	440.0
70236	168091	1028.0	532.0
69972	168106	501.0	322.0
69984	168106	502.5	323.0
69996	168106	506.0	324.0
70008	168106	509.0	325.0
70020	168106	513.0	324.0
70032	168106	517.0	325.0
70044	168106	521.0	326.0
70056	168106	526.0	325.0
70068	168106	532.0	327.0
70080	168106	538.0	327.0
70092	168106	545.0	328.0
70104	168106	552.0	329.0
70116	168106	562.0	330.0
70128	168106	573.0	331.0
70140	168106	586.0	333.0
70152	168106	601.0	334.0
70164	168106	620.0	336.0
70176	168106	642.0	339.0
70188	168106	672.0	343.0
70200	168106	709.0	346.0
70212	168106	765.0	352.0
70224	168106	844.0	344.0
69972	168110	456.1	322.0
69984	168110	457.0	322.0
69996	168110	457.3333333333333	322.0
70008	168110	458.0	323.0
70020	168110	461.0	324.0
70032	168110	461.60869565217394	323.0
70044	168110	462.6521739130435	323.0
70056	168110	464.0	324.0
70068	168110	467.0	325.0
70080	168110	468.0	325.0
70092	168110	470.0	325.0
70104	168110	473.0	326.0
70116	168110	475.0	327.0
70128	168110	479.0	328.0
70140	168110	483.0	328.0
70152	168110	485.0	329.0
70164	168110	490.0	330.0
70176	168110	494.0	331.0
70188	168110	499.0	332.0
70200	168110	504.0	333.0
70212	168110	510.0	334.0
70224	168110	519.0	336.0
70236	168110	527.0	339.0
70248	168110	538.0	341.0
70260	168110	551.0	344.0
70272	168110	568.0	348.0
70284	168110	590.0	353.0
70296	168110	619.0	360.0
70308	168110	664.0	370.0
70320	168110	734.0	388.0
70332	168110	857.0	414.0
70344	168110	1007.0	478.0
70104	168131	455.0	324.0
70116	168131	457.0	324.0
70128	168131	458.0	324.0
70140	168131	461.0	325.0
70152	168131	463.0	325.0
70164	168131	466.0	325.0
70176	168131	467.0	326.0
70188	168131	470.0	327.0
70200	168131	473.0	327.0
70212	168131	475.0	328.0
70224	168131	479.0	329.0
70236	168131	482.0	329.0
70248	168131	486.0	330.0
70260	168131	490.0	331.0
70272	168131	494.0	332.0
70284	168131	500.0	333.0
70296	168131	506.0	334.0
70308	168131	513.0	336.0
70320	168131	523.0	338.0
70332	168131	534.0	341.0
70344	168131	547.0	344.0
70356	168131	565.0	348.0
70368	168131	589.0	354.0
70380	168131	620.0	361.0
70392	168131	668.0	373.0
70404	168131	750.0	392.0
70416	168131	905.0	428.0
70428	168131	1018.0	478.0
70320	168209	80.0	539.0
70332	168209	80.0	538.0
70344	168209	80.0	538.0
70356	168209	80.0	538.0
70368	168209	80.0	539.0
70380	168209	79.0	538.0
70392	168209	79.0	538.0
70404	168209	80.0	538.0
70416	168209	79.0	539.0
70428	168209	79.0	538.0
70440	168209	79.0	538.0
70452	168209	80.0	538.0
70464	168209	80.0	538.0
70476	168209	80.0	538.0
70488	168209	80.0	538.0
70500	168209	80.0	538.0
70512	168209	80.0	538.0
70524	168209	79.0	539.0
70536	168209	78.0	539.0
70548	168209	79.0	538.0
70560	168209	80.0	539.0
70572	168209	80.0	539.0
70584	168209	78.0	539.0
70596	168209	79.0	539.0
70608	168209	79.0	539.0
70620	168209	79.0	539.0
70632	168209	79.0	538.0
70644	168209	80.0	539.0
70656	168209	79.0	538.0
70668	168209	79.0	539.0
70680	168209	80.0	538.0
70692	168209	79.0	538.0
70704	168209	80.0	538.0
70716	168209	79.0	539.0
70728	168209	78.0	539.0
70740	168209	78.0	539.0
70752	168209	79.0	538.0
70764	168209	80.0	539.0
70776	168209	79.0	539.0
70788	168209	79.0	539.0
70800	168209	78.0	539.0
70812	168209	79.0	539.0
70824	168209	79.0	538.0
70836	168209	78.0	539.0
70848	168209	79.0	539.0
70860	168209	78.0	539.0
70872	168209	78.0	539.0
70884	168209	78.0	539.0
70896	168209	78.0	539.0
70908	168209	79.0	539.0
70920	168209	79.0	539.0
70932	168209	77.0	539.0
70944	168209	80.0	539.0
70956	168209	77.0	538.0
70968	168209	79.0	539.0
70980	168209	82.0	539.0
70992	168209	79.0	539.0
71004	168209	80.0	539.0
71016	168209	79.0	539.0
71028	168209	79.0	539.0
71040	168209	77.0	539.0
71052	168209	78.0	538.0
71064	168209	79.0	539.0
71076	168209	79.0	538.0
71088	168209	80.0	539.0
71100	168209	80.0	538.0
71112	168209	81.0	539.0
71124	168209	80.0	538.0
71136	168209	81.0	539.0
71148	168209	81.0	539.0
71160	168209	79.0	539.0
71172	168209	79.0	539.0
71184	168209	80.0	539.0
71196	168209	79.0	539.0
71208	168209	80.0	539.0
71220	168209	79.0	539.0
71232	168209	80.0	539.0
71244	168209	80.0	539.0
71256	168209	79.0	539.0
71268	168209	79.0	539.0
71280	168209	78.0	539.0
71292	168209	80.0	539.0
71304	168209	79.0	539.0
71316	168209	80.0	539.0
71328	168209	81.0	539.0
71340	168209	80.0	539.0
71352	168209	80.0	539.0
71364	168209	81.0	539.0
71376	168209	79.0	538.0
71388	168209	79.5	539.0
71400	168209	80.0	539.0
71412	168209	79.0	538.0
71424	168209	80.0	539.0
71436	168209	80.0	539.0
71448	168209	79.0	538.0
71460	168209	79.0	539.0
71472	168209	80.0	539.0
71484	168209	80.0	539.0
71496	168209	78.0	539.0
71508	168209	80.0	539.0
71520	168209	80.0	539.0
71532	168209	79.0	539.0
71544	168209	78.0	538.0
71556	168209	79.0	539.0
71568	168209	79.0	539.0
71580	168209	79.0	539.0
71592	168209	80.0	539.0
71604	168209	79.0	538.0
71616	168209	79.0	539.0
71628	168209	80.83333333333333	538.0
71640	168209	81.0	538.0
71652	168209	81.0	539.0
71664	168209	81.0	539.0
71676	168209	80.0	538.0
71688	168209	80.0	539.0
71700	168209	80.0	539.0
71712	168209	80.0	539.0
71724	168209	80.0	539.0
71736	168209	79.0	539.0
71748	168209	80.0	538.0
71760	168209	80.0	539.0
71772	168209	80.0	539.0
71784	168209	80.0	539.0
71796	168209	80.0	539.0
71808	168209	81.0	539.0
71820	168209	80.0	539.0
71832	168209	80.0	538.0
71844	168209	80.0	538.0
71856	168209	80.0	538.0
71868	168209	80.0	538.0
71880	168209	80.0	539.0
71892	168209	80.0	539.0
71904	168209	81.0	538.0
71916	168209	80.0	539.0
71928	168209	80.0	539.0
71940	168209	82.0	539.0
71952	168209	80.0	539.0
71964	168209	79.0	538.0
71976	168209	80.0	539.0
71988	168209	80.0	539.0
72000	168209	80.0	539.0
72012	168209	79.0	539.0
72024	168209	80.0	539.0
72036	168209	79.0	539.0
72048	168209	79.0	539.0
72060	168209	80.0	538.0
72072	168209	80.0	538.0
72084	168209	79.0	538.0
72096	168209	79.0	538.0
72108	168209	79.0	538.0
72120	168209	80.0	538.0
72132	168209	80.0	538.0
72144	168209	80.0	539.0
72156	168209	79.0	538.0
72168	168209	81.0	539.0
72180	168209	80.0	538.0
72192	168209	80.0	539.0
72204	168209	79.0	538.0
72216	168209	80.0	538.0
72228	168209	79.0	538.0
72240	168209	80.88888888888889	538.0
72252	168209	80.78571428571429	538.0
72264	168209	80.0	538.0
72276	168209	80.0	539.0
72288	168209	80.0	539.0
72300	168209	81.0	539.0
72312	168209	79.0	539.0
72324	168209	80.0	538.0
72336	168209	81.0	538.0
72348	168209	80.0	538.0
72360	168209	80.0	538.0
72372	168209	80.0	538.0
72384	168209	81.0	538.0
72396	168209	80.0	538.0
72408	168209	81.0	538.0
72420	168209	80.0	538.0
72432	168209	80.0	538.0
72444	168209	81.0	539.0
72456	168209	79.0	538.0
72468	168209	79.0	538.0
72480	168209	80.0	538.0
72492	168209	80.0	538.0
72504	168209	80.0	538.0
72516	168209	79.0	539.0
72528	168209	79.0	538.0
72540	168209	79.0	538.0
72552	168209	80.0	539.0
72564	168209	79.0	539.0
72576	168209	79.0	538.0
72588	168209	80.0	539.0
72600	168209	79.0	539.0
72612	168209	79.0	538.0
72624	168209	80.0	539.0
72636	168209	80.0	538.0
72648	168209	80.0	539.0
72660	168209	80.0	539.0
72672	168209	79.0	539.0
72684	168209	79.0	539.0
72696	168209	79.0	539.0
72708	168209	79.0	539.0
72720	168209	80.0	539.0
72732	168209	80.0	539.0
72744	168209	79.0	539.0
72756	168209	78.0	539.0
72768	168209	78.0	539.0
72780	168209	79.0	539.0
72792	168209	79.0	539.0
72804	168209	79.0	539.0
72816	168209	79.0	539.0
72828	168209	79.0	539.0
72840	168209	79.0	539.0
72852	168209	79.0	539.0
72864	168209	79.0	539.0
72876	168209	80.0	539.0
72888	168209	79.0	539.0
72900	168209	79.0	539.0
72912	168209	79.0	538.0
72924	168209	79.0	538.0
72936	168209	80.0	539.0
72948	168209	79.0	538.5
72960	168209	80.0	539.0
72972	168209	79.0	538.0
72984	168209	80.0	539.0
72996	168209	79.0	539.0
73008	168209	80.0	539.0
73020	168209	80.0	539.0
73032	168209	80.0	539.0
73044	168209	80.0	539.0
73056	168209	79.0	539.0
73068	168209	80.0	539.0
73080	168209	80.0	539.0
73092	168209	80.0	539.0
73104	168209	80.0	539.0
73116	168209	79.0	539.0
73128	168209	79.0	538.0
73140	168209	79.0	539.0
73152	168209	79.0	538.0
73164	168209	79.0	539.0
73176	168209	80.0	539.0
73188	168209	79.0	539.0
73200	168209	80.0	539.0
73212	168209	79.0	539.0
73224	168209	78.0	539.0
73236	168209	79.0	539.0
73248	168209	79.0	539.0
73260	168209	80.0	539.0
73272	168209	80.0	539.0
73284	168209	80.0	539.0
73296	168209	80.0	539.0
73308	168209	79.0	538.0
73320	168209	81.0	539.0
73332	168209	80.0	539.0
73344	168209	80.0	539.0
73356	168209	79.0	539.0
73368	168209	79.0	538.0
73380	168209	80.0	539.0
73392	168209	79.0	539.0
73404	168209	80.0	539.0
73416	168209	79.0	538.0
73428	168209	79.0	539.0
73440	168209	80.0	539.0
73452	168209	80.0	538.0
73464	168209	80.0	539.0
73476	168209	80.0	539.0
73488	168209	80.0	539.0
73500	168209	81.0	539.0
73512	168209	82.0	539.0
73524	168209	80.0	539.0
73536	168209	81.0	538.0
73548	168209	79.0	539.0
73560	168209	80.0	539.0
73572	168209	80.0	539.0
73584	168209	80.0	538.0
73596	168209	79.0	539.0
73608	168209	79.0	538.0
73620	168209	81.0	538.0
73632	168209	81.0	539.0
73644	168209	80.0	539.0
73656	168209	79.0	538.0
73668	168209	79.0	538.0
73680	168209	79.0	539.0
73692	168209	79.0	539.0
73704	168209	80.0	539.0
73716	168209	80.0	539.0
73728	168209	79.0	538.0
73740	168209	80.0	539.0
73752	168209	80.0	539.0
73764	168209	81.0	539.0
73776	168209	80.0	539.0
73788	168209	78.0	539.0
73800	168209	80.0	539.0
73812	168209	81.0	539.0
73824	168209	80.0	539.0
73836	168209	79.0	539.0
73848	168209	79.0	539.0
73860	168209	80.0	538.0
73872	168209	80.5	539.0
73884	168209	80.0	539.0
73896	168209	80.0	539.0
73908	168209	80.0	539.0
73920	168209	80.0	539.0
73932	168209	79.0	538.0
73944	168209	79.0	539.0
73956	168209	81.0	539.0
73968	168209	80.0	539.0
73980	168209	80.0	539.0
73992	168209	80.0	539.0
74004	168209	80.0	539.0
74016	168209	80.0	539.0
74028	168209	80.0	539.0
74040	168209	80.0	539.0
74052	168209	81.0	539.0
74064	168209	81.0	538.0
74076	168209	80.0	538.0
74088	168209	80.0	538.0
74100	168209	81.0	539.0
74112	168209	80.0	539.0
74124	168209	79.0	539.0
74136	168209	78.0	539.0
74148	168209	79.0	539.0
74160	168209	80.0	539.0
74172	168209	80.0	539.0
74184	168209	79.0	538.0
74196	168209	79.0	539.0
74208	168209	81.0	539.0
74220	168209	80.0	539.0
74232	168209	77.0	539.0
74244	168209	79.0	539.0
74256	168209	78.0	539.0
74268	168209	79.0	539.0
74280	168209	80.0	539.0
74292	168209	80.0	539.0
74304	168209	78.0	539.0
74316	168209	79.0	539.0
74328	168209	78.0	539.0
74340	168209	78.0	539.0
74352	168209	78.0	539.0
74364	168209	79.0	539.0
74376	168209	77.0	539.0
74388	168209	80.0	539.0
74400	168209	79.0	539.0
74412	168209	78.0	539.0
74424	168209	79.0	539.0
74436	168209	81.0	540.0
74448	168209	80.0	540.0
74460	168209	79.5	539.0
74472	168209	78.0	539.0
74484	168209	78.0	539.0
74496	168209	79.0	539.0
74508	168209	80.0	539.0
74520	168209	79.0	539.0
74532	168209	80.0	539.0
74544	168209	79.0	539.0
74556	168209	78.0	539.0
74568	168209	81.0	539.0
74580	168209	79.0	539.0
74592	168209	78.0	539.0
74604	168209	78.0	539.0
74616	168209	78.23529411764706	539.0
74628	168209	78.70588235294117	539.0
74640	168209	79.17647058823529	539.0
74652	168209	79.6470588235294	539.0
74664	168209	78.0	539.0
74676	168209	79.0	538.1388888888889
74688	168209	79.0	538.4722222222222
74700	168209	79.0	538.8055555555555
74712	168209	79.0	539.0
74724	168209	78.0	539.0
74736	168209	79.0	539.0
74748	168209	80.0	539.0
74760	168209	80.0	539.0
74772	168209	79.57142857142857	539.0
74784	168209	79.66666666666667	539.0
74796	168209	80.0	539.0
74808	168209	79.0	539.0
74820	168209	78.95	539.0
74832	168209	78.35	539.0
74844	168209	78.0	538.0
74856	168209	79.0	539.0
74868	168209	78.8	539.0
74880	168209	77.0	539.0
74892	168209	79.0	539.0
74904	168209	79.0	539.0
74916	168209	78.0	539.0
74928	168209	80.0	539.0
74940	168209	80.0	539.0
74952	168209	78.8	539.0
74964	168209	78.0	539.0
74976	168209	79.0	539.0
74988	168209	78.5	539.0
75000	168209	78.0	539.0
75012	168209	78.5	539.0
75024	168209	79.0	539.0
75036	168209	79.0	539.0
75048	168209	79.0	539.0
75060	168209	78.0	539.0
75072	168209	77.0	539.0
75084	168209	78.0	539.0
75096	168209	79.0	539.0
75108	168209	79.6	539.0
75120	168209	79.0	538.0
75132	168209	79.0	538.0
75144	168209	79.0	539.0
75156	168209	79.0	539.0
75168	168209	79.2	538.6
75180	168209	78.5	539.0
75192	168209	78.6	539.0
75204	168209	79.0	539.0
75216	168209	79.0	539.0
75228	168209	78.5	539.0
75240	168209	78.0	539.0
75252	168209	78.0	539.0
75264	168209	79.0	539.0
75276	168209	79.0	539.0
75288	168209	79.0	539.0
75300	168209	79.0	539.0
75312	168209	79.0	539.0
75324	168209	79.0	539.0
75336	168209	79.0	539.0
75348	168209	79.0	539.0
75360	168209	78.0	538.5
75372	168209	78.0	539.0
75384	168209	78.0	539.0
75396	168209	80.0	539.0
75408	168209	79.0	539.0
75420	168209	80.0	539.0
75432	168209	80.0	539.0
75444	168209	79.66666666666667	539.0
75456	168209	78.0	539.0
75468	168209	80.0	539.0
75480	168209	79.0	539.0
75492	168209	79.0	539.0
75504	168209	79.0	538.0
75516	168209	80.0	539.0
75528	168209	79.0	539.0
75540	168209	79.0	539.0
75552	168209	78.0	539.0
75564	168209	77.0	539.0
75576	168209	80.0	539.0
75588	168209	79.0	539.0
75600	168209	78.0	539.0
75612	168209	79.0	539.0
75624	168209	78.0	538.0
75636	168209	78.5	539.0
75648	168209	79.0	539.0
75660	168209	79.0	538.0
75672	168209	78.89473684210526	539.0
75684	168209	78.57894736842105	539.0
75696	168209	78.26315789473684	539.0
75708	168209	78.22222222222223	539.0
75720	168209	77.0	539.0
75732	168209	77.0	539.0
75744	168209	77.33333333333333	539.0
75756	168209	78.0	539.0
75768	168209	78.0	539.0
75780	168209	78.0	539.0
75792	168209	78.0	538.0
75804	168209	79.0	539.0
75816	168209	78.0	539.0
75828	168209	78.0	539.0
75840	168209	79.0	539.0
75852	168209	78.0	539.0
75864	168209	78.66666666666667	539.0
75876	168209	79.0	539.0
75888	168209	78.28571428571429	539.0
75900	168209	79.0	539.0
75912	168209	80.0	539.0
75924	168209	79.33333333333333	539.0
75936	168209	79.0	539.0
75948	168209	78.25	539.0
75960	168209	79.0	539.0
75972	168209	79.0	539.0
75984	168209	78.0	539.0
75996	168209	81.0	539.0
76008	168209	79.0	539.0
76020	168209	78.0	538.0
76032	168209	78.0	538.0
76044	168209	79.0	538.0
76056	168209	79.0	539.0
76068	168209	79.71428571428571	538.0
76080	168209	79.0	539.0
76092	168209	80.0	539.625
76104	168209	79.75	539.0
76116	168209	79.77777777777777	539.0
76128	168209	77.0	538.0
76140	168209	79.0	538.8571428571429
76152	168209	79.0	538.0
76164	168209	80.0	539.0
76176	168209	80.0	538.0
76188	168209	79.0	538.3333333333334
76200	168209	80.0	539.0
76212	168209	79.0	539.0
76224	168209	80.0	539.0
76236	168209	79.0	539.0
76248	168209	79.0	539.0
76260	168209	79.0	539.0
76272	168209	79.0	539.0
76284	168209	78.0	538.0
76296	168209	78.0	538.0
76308	168209	78.0	538.0
76320	168209	80.0	539.0
76332	168209	78.0	539.0
76344	168209	78.0	538.1
76356	168209	79.0	539.0
76368	168209	78.57142857142857	539.0
76380	168209	78.14285714285714	539.0
76392	168209	79.0	539.0
76404	168209	79.0	538.0
76416	168209	79.0	539.0
76428	168209	79.0	539.0
76440	168209	79.0	539.0
76452	168209	79.0	539.0
76464	168209	79.0	538.0
76476	168209	80.0	539.0
76488	168209	79.0	538.0
76500	168209	79.5	539.0
76512	168209	80.0	538.0
76524	168209	79.0	539.0
76536	168209	79.0	539.0
76548	168209	79.0	539.0
76560	168209	80.0	539.0
76572	168209	79.0	539.0
76584	168209	80.0	539.0
76596	168209	79.0	538.0
76608	168209	79.0	539.0
76620	168209	79.33333333333333	539.0
76632	168209	78.0	539.0
76644	168209	79.0	539.0
76656	168209	79.0	539.0
76668	168209	79.0	539.0
76680	168209	78.0	539.0
76692	168209	79.0	539.0
76704	168209	79.66666666666667	539.0
76716	168209	78.0	538.0
76728	168209	78.0	539.0
76740	168209	78.0	539.0
76752	168209	78.0	538.0
76764	168209	79.0	539.0
76776	168209	79.0	538.0
76788	168209	78.0	538.0
76800	168209	79.0	538.0
76812	168209	79.0	539.0
76824	168209	79.0	539.0
76836	168209	77.0	539.0
76848	168209	78.8695652173913	538.4347826086956
76860	168209	79.91304347826087	538.9565217391304
76872	168209	79.83333333333333	539.0
76884	168209	79.0	538.0
76896	168209	79.5	539.0
76908	168209	79.33333333333333	539.0
76920	168209	78.0	539.0
76932	168209	78.5	538.0
76944	168209	78.7	538.7
76956	168209	78.0	538.5
76968	168209	78.0	539.0
76980	168209	79.0	539.0
76992	168209	78.81818181818181	539.0
77004	168209	77.9	539.0
77016	168209	77.3	539.0
77028	168209	78.0	539.0
77040	168209	78.0	539.0
77052	168209	78.0	538.4
77064	168209	78.0	539.0
77076	168209	79.0	538.0
77088	168209	78.0	538.0
77100	168209	79.0	538.4285714285714
77112	168209	78.0	538.2692307692307
77124	168209	78.0	538.7307692307693
77136	168209	78.0	539.0
77148	168209	79.0	538.0
77160	168209	78.16666666666667	539.0
77172	168209	78.45833333333333	539.0
77184	168209	78.95833333333333	539.0
77196	168209	78.0	538.0
77208	168209	78.0	539.0
77220	168209	79.0	538.0
77232	168209	79.0	538.0
77244	168209	79.0	539.0
77256	168209	79.0	539.0
77268	168209	78.0	539.0
77280	168209	79.0	539.0
77292	168209	79.0	538.5
77304	168209	79.0	539.0
77316	168209	80.0	539.0
77328	168209	79.0	539.0
77340	168209	80.16666666666667	538.1666666666666
77352	168209	80.0	538.0
77364	168209	79.8	539.0
77376	168209	79.0	539.0
77388	168209	79.0	539.0
77400	168209	80.0	539.0
77412	168209	79.0	538.0
77424	168209	79.0	539.0
77436	168209	79.5	539.0
77448	168209	80.0	538.0
77460	168209	81.0	539.0
77472	168209	80.0	539.0
77484	168209	81.0	539.0
77496	168209	79.83333333333333	539.0
77508	168209	80.0	539.0
77520	168209	80.5	539.0
77532	168209	79.0	539.0
77544	168209	79.0	538.0
77556	168209	79.5	538.5
77568	168209	80.0	539.0
77580	168209	79.0	539.0
77592	168209	79.5	539.0
77604	168209	79.0	538.0
77616	168209	79.0	538.0
77628	168209	79.0	539.0
77640	168209	79.0	538.0
77652	168209	79.0	538.0
77664	168209	79.0	538.0
77676	168209	80.0	538.0
77688	168209	79.0	539.0
77700	168209	80.0	539.0
70332	168210	474.0	322.0
70344	168210	474.0	322.0
70356	168210	476.0	322.0
70368	168210	478.0	322.0
70380	168210	479.0	322.57142857142856
70392	168210	481.0	325.0
70404	168210	484.0	324.0
70416	168210	486.0	325.0
70428	168210	487.0	324.0
70440	168210	490.0	325.0
70452	168210	492.0	326.0
70464	168210	496.0	326.0
70476	168210	499.0	327.0
70488	168210	502.0	327.0
70500	168210	507.0	328.0
70512	168210	511.0	328.0
70524	168210	516.0	329.0
70536	168210	523.0	330.0
70548	168210	529.0	331.0
70560	168210	538.0	333.0
70572	168210	546.0	334.0
70584	168210	558.0	336.0
70596	168210	572.0	337.0
70608	168210	589.0	341.0
70620	168210	611.0	344.0
70380	168242	502.0	322.0
70392	168242	505.0	322.0
70404	168242	508.0	323.0
70416	168242	511.0	323.0
70428	168242	514.0	323.0
70440	168242	519.0	323.0
70452	168242	523.0	324.0
70464	168242	528.0	324.0
70476	168242	533.0	325.0
70488	168242	540.0	326.0
70500	168242	546.0	326.0
70512	168242	554.0	326.0
70524	168242	563.0	327.0
70536	168242	574.0	328.0
70548	168242	586.0	329.0
70560	168242	599.0	331.0
70572	168242	616.0	332.0
70584	168242	637.0	334.0
70596	168242	662.0	337.0
70608	168242	694.0	340.0
70620	168242	738.0	344.0
70632	168242	797.0	349.0
70644	168242	885.0	358.0
70656	168242	979.0	367.0
70404	168246	458.0	325.0
70416	168246	460.0	326.0
70428	168246	461.0	326.0
70440	168246	463.0	327.0
70452	168246	466.0	327.0
70464	168246	468.0	329.0
70476	168246	470.0	328.0
70488	168246	473.0	330.0
70500	168246	477.0	331.0
70512	168246	480.0	332.0
70524	168246	486.0	333.0
70536	168246	492.0	334.0
70548	168246	498.0	336.0
70560	168246	506.0	339.0
70572	168246	517.0	341.0
70584	168246	528.0	344.0
70596	168246	544.0	349.0
70608	168246	566.0	354.0
70620	168246	597.0	362.0
70632	168246	642.0	374.0
70644	168246	719.0	395.0
70656	168246	872.0	434.0
70668	168246	1030.0	517.0
70428	168260	444.0	324.0
70440	168260	445.0	324.0
70452	168260	446.0	325.0
70464	168260	445.625	325.0
70476	168260	446.8333333333333	326.0
70488	168260	449.0	327.0
70500	168260	451.0	328.0
70512	168260	452.0	327.0
70524	168260	456.0	328.0
70536	168260	457.0	328.0
70548	168260	460.0	329.0
70560	168260	464.0	330.0
70572	168260	468.0	331.0
70584	168260	473.0	333.0
70596	168260	479.0	333.0
70608	168260	484.0	334.0
70620	168260	493.0	337.0
70632	168260	504.0	340.0
70644	168260	514.0	342.0
70656	168260	528.0	346.0
70668	168260	547.0	349.0
70680	168260	571.0	355.0
70692	168260	604.0	363.0
70704	168260	655.0	376.0
70716	168260	739.0	397.0
70728	168260	909.0	436.0
70632	168299	454.0	323.0
70644	168299	454.6666666666667	323.3333333333333
70656	168299	456.0	324.0
70668	168299	456.0	324.0
70680	168299	457.0	324.0
70692	168299	459.0	325.0
70704	168299	461.0	326.0
70716	168299	462.0	325.0
70728	168299	466.0	325.0
70740	168299	467.0	327.0
70752	168299	470.0	327.0
70764	168299	473.0	328.0
70776	168299	476.0	328.0
70788	168299	480.0	329.0
70800	168299	483.0	330.0
70812	168299	488.0	331.0
70824	168299	493.0	332.0
70836	168299	499.0	333.0
70848	168299	505.0	334.0
70860	168299	512.0	336.0
70872	168299	521.0	338.0
70884	168299	531.0	340.0
70896	168299	544.0	344.0
70908	168299	560.0	347.0
70920	168299	581.0	351.0
70932	168299	607.0	357.0
70944	168299	643.0	365.0
70956	168299	697.0	377.0
70968	168299	781.0	395.0
70980	168299	933.0	426.0
70992	168299	1019.0	477.0
70656	168303	489.0	323.3636363636364
70668	168303	490.0	325.0
70680	168303	496.0	325.0
70692	168303	498.0	325.0
70704	168303	502.0	327.0
70716	168303	505.0	327.0
70728	168303	509.0	327.0
70740	168303	513.0	328.0
70752	168303	518.0	329.0
70764	168303	523.0	330.0
70776	168303	529.0	331.0
70788	168303	536.0	332.0
70800	168303	545.0	333.0
70812	168303	554.0	334.0
70824	168303	565.0	337.0
70836	168303	577.0	339.0
70848	168303	593.0	341.0
70860	168303	611.0	344.0
70872	168303	635.0	347.0
70884	168303	666.0	352.0
70896	168303	706.0	358.0
70908	168303	763.0	368.0
70920	168303	848.0	382.0
70932	168303	970.0	403.0
70704	168314	478.0	323.0
70716	168314	481.0	324.0
70728	168314	485.0	324.0
70740	168314	488.0	324.0
70752	168314	490.0	324.0
70764	168314	494.0	325.0
70776	168314	499.0	326.0
70788	168314	503.0	326.0
70800	168314	509.0	327.0
70812	168314	515.0	327.0
70824	168314	523.0	329.0
70836	168314	530.0	329.0
70848	168314	539.0	331.0
70860	168314	550.0	331.0
70872	168314	563.0	333.0
70884	168314	578.0	334.0
70896	168314	596.0	336.0
70908	168314	618.0	339.0
70920	168314	646.0	343.0
70932	168314	681.0	347.0
70944	168314	731.0	352.0
70956	168314	800.0	360.0
70968	168314	907.0	371.0
70764	168333	455.0	321.0
70776	168333	457.0	322.0
70788	168333	459.0	321.0
70800	168333	459.0	321.0
70812	168333	462.0	322.0
70824	168333	462.88	322.44
70836	168333	463.84	322.92
70848	168333	465.0	324.0
70860	168333	468.0	323.0
70872	168333	470.0	324.0
70884	168333	473.0	325.0
70896	168333	475.0	325.0
70908	168333	478.0	326.0
70920	168333	481.0	327.0
70932	168333	485.0	328.0
70944	168333	488.0	329.0
70956	168333	494.0	329.0
70968	168333	500.0	331.0
70980	168333	507.0	332.0
70992	168333	515.0	333.0
71004	168333	525.0	334.0
71016	168333	539.0	337.0
71028	168333	553.0	340.0
71040	168333	573.0	342.0
71052	168333	599.0	346.0
71064	168333	632.0	352.0
71076	168333	681.0	359.0
71088	168333	755.0	372.0
71100	168333	882.0	393.0
71112	168333	1002.0	427.0
70992	168399	459.0	322.0
71004	168399	459.8333333333333	322.0
71016	168399	460.15384615384613	321.0769230769231
71028	168399	462.0	322.0
71040	168399	463.84615384615387	322.9230769230769
71052	168399	464.0	324.0
71064	168399	466.0	324.0
71076	168399	467.0	323.0
71088	168399	468.0	324.0
71100	168399	469.0	325.0
71112	168399	470.0	324.0
71124	168399	472.0	325.0
71136	168399	475.0	327.0
71148	168399	476.0	327.0
71160	168399	479.0	328.0
71172	168399	482.0	329.0
71184	168399	485.0	329.0
71196	168399	488.0	330.0
71208	168399	492.0	331.0
71220	168399	497.0	333.0
71232	168399	502.0	334.0
71244	168399	508.0	335.0
71256	168399	515.0	337.0
71268	168399	524.0	340.0
71280	168399	535.0	344.0
71292	168399	549.0	347.0
71304	168399	568.0	352.0
71316	168399	594.0	359.0
71328	168399	633.0	370.0
71340	168399	698.0	388.0
71352	168399	822.0	418.0
71316	168527	468.0	326.0
71328	168527	469.0	325.0
71340	168527	471.0	326.0
71352	168527	473.0	327.0
71364	168527	476.0	327.0
71376	168527	478.0	329.0
71388	168527	480.0	328.0
71400	168527	484.0	330.0
71412	168527	488.0	331.0
71424	168527	491.0	332.0
71436	168527	496.0	333.0
71448	168527	503.0	334.0
71460	168527	510.0	336.0
71472	168527	517.0	338.0
71484	168527	528.0	341.0
71496	168527	540.0	344.0
71508	168527	556.0	348.0
71520	168527	579.0	354.0
71532	168527	609.0	361.0
71544	168527	658.0	374.0
71556	168527	739.0	395.0
71568	168527	911.0	436.0
71448	168579	469.0	325.0
71460	168579	472.0	326.0
71472	168579	475.0	327.0
71484	168579	476.0	327.0
71496	168579	480.0	328.0
71508	168579	482.0	328.0
71520	168579	485.0	330.0
71532	168579	488.0	331.0
71544	168579	493.0	332.0
71556	168579	498.0	333.0
71568	168579	502.0	334.0
71580	168579	508.0	337.0
71592	168579	517.0	339.0
71604	168579	528.0	342.0
71616	168579	539.0	345.0
71628	168579	555.0	349.0
71640	168579	576.0	355.0
71652	168579	606.0	362.0
71664	168579	652.0	375.0
71676	168579	728.0	396.0
71688	168579	885.0	436.0
71700	168579	1027.0	514.0
71508	168589	465.0	324.0
71520	168589	467.0	323.0
71532	168589	468.3	325.0
71544	168589	470.1	325.0
71556	168589	472.0	325.0
71568	168589	474.0	326.0
71580	168589	476.0	327.0
71592	168589	478.0	327.0
71604	168589	481.0	329.0
71616	168589	485.0	329.0
71628	168589	488.0	331.0
71640	168589	492.0	331.0
71652	168589	498.0	331.0
71664	168589	502.0	332.0
71676	168589	505.0	334.0
71688	168589	510.0	336.0
71700	168589	518.0	337.0
71712	168589	528.0	341.0
71724	168589	539.0	343.0
71736	168589	554.0	346.0
71748	168589	572.0	351.0
71760	168589	596.0	357.0
71772	168589	630.0	365.0
71784	168589	682.0	378.0
71796	168589	770.0	400.0
71808	168589	944.0	440.0
71820	168589	1024.0	494.0
71628	168622	468.0	326.0
71640	168622	470.0	327.0
71652	168622	471.0	327.0
71664	168622	473.0	328.0
71676	168622	476.0	328.0
71688	168622	478.0	329.0
71700	168622	481.0	330.0
71712	168622	486.0	331.0
71724	168622	489.0	332.0
71736	168622	494.0	334.0
71748	168622	500.0	336.0
71760	168622	506.0	338.0
71772	168622	515.0	340.0
71784	168622	525.0	343.0
71796	168622	536.0	346.0
71808	168622	551.0	350.0
71820	168622	572.0	356.0
71832	168622	599.0	364.0
71844	168622	642.0	376.0
71856	168622	711.0	395.0
71868	168622	847.0	431.0
71880	168622	1023.0	521.0
71724	168671	470.0	323.0
71736	168671	471.90909090909093	323.0
71748	168671	474.09090909090907	323.0
71760	168671	478.0	324.0
71772	168671	479.8	324.2
71784	168671	483.0	325.0
71796	168671	486.0	325.0
71808	168671	488.0	325.0
71820	168671	492.0	326.0
71832	168671	496.0	327.0
71844	168671	500.0	328.0
71856	168671	505.0	328.0
71868	168671	510.0	329.0
71880	168671	516.0	330.0
71892	168671	524.0	331.0
71904	168671	533.0	332.0
71916	168671	542.0	334.0
71928	168671	552.0	336.0
71940	168671	566.0	337.0
71952	168671	584.0	340.0
71964	168671	605.0	344.0
71976	168671	632.0	348.0
71988	168671	669.0	353.0
72000	168671	720.0	361.0
72012	168671	799.0	373.0
72024	168671	933.0	392.0
71880	168736	465.0	324.0
71892	168736	466.0	324.0
71904	168736	467.0	325.0
71916	168736	469.0	325.0
71928	168736	471.0	326.0
71940	168736	474.0	327.0
71952	168736	476.0	327.0
71964	168736	479.0	328.0
71976	168736	483.0	328.0
71988	168736	485.0	330.0
72000	168736	489.0	330.0
72012	168736	493.0	331.0
72024	168736	499.0	333.0
72036	168736	505.0	334.0
72048	168736	512.0	337.0
72060	168736	523.0	340.0
72072	168736	535.0	343.0
72084	168736	552.0	348.0
72096	168736	575.0	354.0
72108	168736	609.0	363.0
72120	168736	666.0	378.0
72132	168736	779.0	408.0
72144	168736	998.0	483.0
71904	168749	489.0	324.0
71916	168749	493.0	325.0
71928	168749	495.0	326.0
71940	168749	498.0	326.0
71952	168749	503.0	327.0
71964	168749	507.0	327.0
71976	168749	512.0	328.0
71988	168749	516.0	329.0
72000	168749	523.0	330.0
72012	168749	529.0	331.0
72024	168749	538.0	332.0
72036	168749	547.0	334.0
72048	168749	558.0	335.0
72060	168749	572.0	337.0
72072	168749	590.0	341.0
72084	168749	610.0	343.0
72096	168749	640.0	348.0
72108	168749	678.0	354.0
72120	168749	736.0	363.0
72132	168749	824.0	376.0
72144	168749	920.4285714285714	364.14285714285717
72000	168784	464.0	323.0
72012	168784	466.0	324.0
72024	168784	467.0	324.0
72036	168784	469.0	323.0
72048	168784	473.0	325.0
72060	168784	476.0	325.0
72072	168784	479.0	326.0
72084	168784	483.0	326.0
72096	168784	486.0	327.0
72108	168784	491.0	327.0
72120	168784	494.0	328.0
72132	168784	501.0	328.0
72144	168784	506.0	330.0
72156	168784	511.0	331.0
72168	168784	519.0	331.0
72180	168784	528.0	333.0
72192	168784	538.0	334.0
72204	168784	550.0	337.0
72216	168784	564.0	339.0
72228	168784	581.0	342.0
72240	168784	601.0	346.0
72252	168784	630.0	350.0
72264	168784	668.0	357.0
72276	168784	724.0	366.0
72288	168784	811.0	381.0
72300	168784	959.0	407.0
72096	168815	465.0	323.0
72108	168815	466.0	324.0
72120	168815	467.0	324.0
72132	168815	471.0	324.0
72144	168815	473.0	325.0
72156	168815	477.0	325.0
72168	168815	480.0	326.0
72180	168815	485.0	326.0
72192	168815	488.0	327.0
72204	168815	493.0	327.0
72216	168815	498.0	328.0
72228	168815	504.0	329.0
72240	168815	509.0	330.0
72252	168815	516.0	331.0
72264	168815	524.0	331.0
72276	168815	533.0	333.0
72288	168815	544.0	335.0
72300	168815	556.0	337.0
72312	168815	572.0	339.0
72324	168815	591.0	343.0
72336	168815	614.0	346.0
72348	168815	648.0	352.0
72360	168815	691.0	359.0
72372	168815	759.0	370.0
72384	168815	867.0	387.0
72396	168815	993.0	420.0
72276	168849	502.0	324.0
72288	168849	504.6666666666667	324.0
72300	168849	508.0	324.0
72312	168849	513.0	324.0
72324	168849	516.0	325.0
72336	168849	520.0	326.0
72348	168849	525.0	326.0
72360	168849	530.0	327.0
72372	168849	535.0	327.0
72384	168849	542.0	328.0
72396	168849	549.0	329.0
72408	168849	559.0	330.0
72420	168849	570.0	331.0
72432	168849	581.0	332.0
72444	168849	594.0	334.0
72456	168849	609.0	335.0
72468	168849	627.0	337.0
72480	168849	651.0	340.0
72492	168849	679.0	344.0
72504	168849	716.0	348.0
72516	168849	765.0	353.0
72528	168849	833.0	361.0
72540	168849	935.0	371.0
72552	168849	990.0	385.0
72276	168851	461.0	324.0
72288	168851	462.94594594594594	324.0
72300	168851	464.8918918918919	324.0
72312	168851	466.8378378378378	324.0
72324	168851	468.0	326.0
72336	168851	469.0	325.0
72348	168851	472.0	325.0
72360	168851	474.0	327.0
72372	168851	477.0	327.0
72384	168851	479.0	328.0
72396	168851	483.0	328.0
72408	168851	487.0	330.0
72420	168851	490.0	331.0
72432	168851	496.0	332.0
72444	168851	502.0	334.0
72456	168851	508.0	336.0
72468	168851	514.0	338.0
72480	168851	525.0	341.0
72492	168851	537.0	343.0
72504	168851	554.0	348.0
72516	168851	577.0	354.0
72528	168851	613.0	363.0
72540	168851	668.0	378.0
72552	168851	770.0	403.0
72564	168851	975.0	465.0
72336	168875	503.6666666666667	323.0
72348	168875	507.85714285714283	323.42857142857144
72360	168875	513.0	324.0
72372	168875	516.0	325.0
72384	168875	520.0	325.0
72396	168875	526.0	325.0
72408	168875	531.0	327.0
72420	168875	537.0	327.0
72432	168875	543.0	328.0
72444	168875	551.0	329.0
72456	168875	559.0	330.0
72468	168875	569.0	331.0
72480	168875	580.0	332.0
72492	168875	593.0	333.0
72504	168875	608.0	335.0
72516	168875	625.0	337.0
72528	168875	649.0	340.0
72540	168875	677.0	343.0
72552	168875	700.0	339.27272727272725
72564	168875	747.0	351.0
72576	168875	818.0	359.0
72588	168875	911.0	369.0
72600	168875	987.0	383.0
72384	168891	465.6666666666667	324.0
72396	168891	466.2	323.8
72408	168891	469.0	324.0
72420	168891	471.0	325.0
72432	168891	472.0	325.0
72444	168891	474.0	326.0
72456	168891	476.0	327.0
72468	168891	479.0	328.0
72480	168891	482.0	328.0
72492	168891	485.0	329.0
72504	168891	489.0	330.0
72516	168891	494.0	331.0
72528	168891	498.0	332.0
72540	168891	504.0	333.0
72552	168891	512.0	335.0
72564	168891	521.0	337.0
72576	168891	531.0	339.0
72588	168891	543.0	342.0
72600	168891	559.0	346.0
72612	168891	581.0	351.0
72624	168891	611.0	358.0
72636	168891	657.0	369.0
72648	168891	734.0	388.0
72660	168891	885.0	422.0
72672	168891	1024.0	483.0
72480	168925	458.0	323.0
72492	168925	459.0	324.0
72504	168925	460.0	324.6666666666667
72516	168925	464.0	325.0
72528	168925	465.8333333333333	326.0
72540	168925	467.0	326.0
72552	168925	469.0	327.0
72564	168925	473.0	327.0
72576	168925	475.0	328.0
72588	168925	478.0	329.0
72600	168925	481.0	330.0
72612	168925	486.0	331.0
72624	168925	489.0	331.0
72636	168925	495.0	333.0
72648	168925	502.0	334.0
72660	168925	509.0	337.0
72672	168925	518.0	339.0
72684	168925	529.0	343.0
72696	168925	544.0	346.0
72708	168925	563.0	351.0
72720	168925	590.0	358.0
72732	168925	630.0	368.0
72744	168925	696.0	385.0
72756	168925	819.0	415.0
72768	168925	1009.0	489.0
72624	168984	465.0	324.0
72636	168984	467.2	323.4
72648	168984	469.0	324.0
72660	168984	471.0	325.0
72672	168984	472.0	326.0
72684	168984	473.75	326.875
72696	168984	477.1578947368421	327.05263157894734
72708	168984	479.05263157894734	327.6842105263158
72720	168984	482.0	328.0
72732	168984	486.0	328.0
72744	168984	489.0	330.0
72756	168984	493.0	331.0
72768	168984	497.0	331.0
72780	168984	503.0	333.0
72792	168984	510.0	335.0
72804	168984	518.0	337.0
72816	168984	528.0	340.0
72828	168984	541.0	343.0
72840	168984	558.0	348.0
72852	168984	580.0	353.0
72864	168984	613.0	360.0
72876	168984	661.0	372.0
72888	168984	744.0	392.0
72900	168984	914.0	432.0
72864	169041	466.0	325.0
72876	169041	466.0	325.0
72888	169041	467.0	325.0
72900	169041	469.0	326.0
72912	169041	472.0	327.0
72924	169041	474.0	327.0
72936	169041	478.0	328.0
72948	169041	481.0	329.0
72960	169041	486.0	330.0
72972	169041	490.0	331.0
72984	169041	495.0	333.0
72996	169041	502.0	335.0
73008	169041	508.0	336.0
73020	169041	518.0	338.0
73032	169041	530.0	342.0
73044	169041	544.0	345.0
73056	169041	562.0	349.0
73068	169041	587.0	355.0
73080	169041	625.0	364.0
73092	169041	685.0	378.0
73104	169041	793.0	403.0
73116	169041	984.0	458.0
72912	169046	456.3333333333333	322.0
72924	169046	457.0	321.0
72936	169046	458.6666666666667	322.0
72948	169046	459.8095238095238	322.0
72960	169046	461.0	323.0
72972	169046	463.0	324.0
72984	169046	464.0	324.0
72996	169046	465.0	323.0
73008	169046	466.0	323.0
73020	169046	468.0	325.0
73032	169046	470.0	325.0
73044	169046	472.0	326.0
73056	169046	474.0	327.0
73068	169046	477.0	327.0
73080	169046	480.0	328.0
73092	169046	483.0	328.0
73104	169046	486.0	328.0
73116	169046	490.0	330.0
73128	169046	494.0	330.0
73140	169046	499.0	331.0
73152	169046	504.0	333.0
73164	169046	511.0	334.0
73176	169046	518.0	336.0
73188	169046	526.0	338.0
73200	169046	537.0	341.0
73212	169046	551.0	344.0
73224	169046	568.0	348.0
73236	169046	591.0	353.0
73248	169046	624.0	360.0
73260	169046	670.0	371.0
73272	169046	748.0	389.0
73284	169046	893.0	420.0
73296	169046	1018.0	481.0
72936	169057	490.0	322.0
72948	169057	493.0	322.0
72960	169057	495.0	323.0
72972	169057	499.0	322.0
72984	169057	498.4	320.0
72996	169057	503.0	321.0
73008	169057	507.0	319.0
73020	169057	511.0	321.0
73032	169057	516.0	326.0
73044	169057	518.0	325.0
73056	169057	523.0	325.0
73068	169057	530.0	326.0
73080	169057	538.0	327.0
73092	169057	546.0	328.0
73104	169057	553.0	328.0
73116	169057	563.0	330.0
73128	169057	576.0	331.0
73140	169057	589.0	333.0
73152	169057	604.0	334.0
73164	169057	622.0	337.0
73176	169057	647.0	340.0
73188	169057	678.0	343.0
73200	169057	719.0	348.0
73212	169057	779.0	356.0
73224	169057	864.0	365.0
73236	169057	970.0	381.0
73248	169057	990.0	382.0
73260	169057	996.0	396.0
73272	169057	997.0	391.0
72960	169058	518.0	323.0
72972	169058	523.0	323.0
72984	169058	525.0	322.0
72996	169058	528.0	322.0
73008	169058	532.0	322.0
73020	169058	537.0	324.0
73032	169058	542.0	324.0
73044	169058	548.0	325.0
73056	169058	555.1428571428571	325.82142857142856
73068	169058	560.2857142857143	325.39285714285717
73080	169058	567.0	325.0
73092	169058	578.0	327.0
73104	169058	588.0	327.0
73116	169058	599.0	328.0
73128	169058	613.0	330.0
73140	169058	629.0	331.0
73152	169058	647.0	332.0
73164	169058	670.0	334.0
73176	169058	699.0	337.0
73188	169058	734.0	340.0
73200	169058	780.0	344.0
73212	169058	841.0	349.0
73224	169058	932.0	356.0
73044	169075	453.15	320.0
73056	169075	453.45	320.0
73068	169075	453.75	320.0
73080	169075	454.0	321.0
73092	169075	454.0	321.0
73104	169075	455.0	321.0
73116	169075	455.0	320.0
73128	169075	457.0	320.0
73140	169075	458.0	322.0
73152	169075	459.90909090909093	322.0
73164	169075	462.6363636363636	322.0
73176	169075	464.6	322.0
73188	169075	466.0	322.0
73200	169075	467.0	322.0
73212	169075	468.0	321.0
73224	169075	471.0	323.0
73236	169075	473.0	324.0
73248	169075	475.0	324.0
73260	169075	478.0	324.0
73272	169075	480.0	324.0
73284	169075	484.0	325.0
73296	169075	486.0	326.0
73308	169075	488.0	325.0
73320	169075	492.0	326.0
73332	169075	497.0	327.0
73344	169075	500.0	327.0
73356	169075	505.0	328.0
73368	169075	511.0	329.0
73380	169075	518.0	330.0
73392	169075	525.0	331.0
73404	169075	533.0	332.0
73416	169075	539.0	333.0
73428	169075	550.0	336.0
73440	169075	562.0	337.0
73452	169075	578.0	340.0
73464	169075	595.0	343.0
73476	169075	619.0	347.0
73488	169075	649.0	352.0
73500	169075	690.0	358.0
73512	169075	751.0	368.0
73524	169075	849.0	384.0
73536	169075	979.0	411.0
73176	169101	487.0	322.0
73188	169101	491.0	322.0
73200	169101	495.6	322.0
73212	169101	498.9230769230769	322.0
73224	169101	502.0	322.0
73236	169101	505.0	323.0
73248	169101	507.0	324.0
73260	169101	510.0	324.0
73272	169101	514.0	323.0
73284	169101	517.0	325.0
73296	169101	522.0	326.0
73308	169101	528.0	325.0
73320	169101	532.0	326.0
73332	169101	537.0	327.0
73344	169101	544.0	328.0
73356	169101	551.0	329.0
73368	169101	561.0	330.0
73380	169101	571.0	331.0
73392	169101	582.0	332.0
73404	169101	596.0	333.0
73416	169101	612.0	335.0
73428	169101	632.0	337.0
73440	169101	656.0	340.0
73452	169101	687.0	344.0
73464	169101	729.0	349.0
73476	169101	787.0	355.0
73488	169101	869.0	364.0
73500	169101	975.0	378.0
73440	169189	466.0	320.0
73452	169189	467.0	320.0
73464	169189	467.0	321.0
73476	169189	468.0	321.0
73488	169189	468.77777777777777	320.22222222222223
73500	169189	470.3125	320.0625
73512	169189	472.1875	320.4375
73524	169189	474.0625	320.8125
73536	169189	475.0	322.0
73548	169189	477.0	321.0
73560	169189	477.0	322.0
73572	169189	478.0	322.0
73584	169189	480.0	323.0
73596	169189	481.0	324.0
73608	169189	484.0	325.0
73620	169189	486.0	324.0
73632	169189	489.0	325.0
73644	169189	492.0	326.0
73656	169189	495.0	326.0
73668	169189	499.0	327.0
73680	169189	503.0	327.0
73692	169189	508.0	328.0
73704	169189	514.0	328.0
73716	169189	520.0	330.0
73728	169189	527.0	331.0
73740	169189	536.0	332.0
73752	169189	544.0	334.0
73764	169189	556.0	336.0
73776	169189	571.0	338.0
73788	169189	588.0	341.0
73800	169189	611.0	345.0
73812	169189	640.0	349.0
73824	169189	682.0	356.0
73836	169189	746.0	367.0
73848	169189	845.0	383.0
73860	169189	983.0	412.0
73452	169192	502.0	321.0
73464	169192	505.0	322.0
73476	169192	508.0	322.0
73488	169192	510.42857142857144	323.0
73500	169192	514.0	322.0
73512	169192	517.6666666666666	322.0
73524	169192	521.0	324.0
73536	169192	526.0	324.0
73548	169192	530.0	324.0
73560	169192	535.0	325.0
73572	169192	542.0	325.0
73584	169192	548.0	326.0
73596	169192	556.0	327.0
73608	169192	564.0	327.0
73620	169192	574.0	328.0
73632	169192	586.0	329.0
73644	169192	599.0	331.0
73656	169192	616.0	332.0
73668	169192	634.0	334.0
73680	169192	657.0	336.0
73692	169192	686.0	338.0
73704	169192	724.0	343.0
73716	169192	772.0	347.0
73728	169192	841.0	353.0
73740	169192	941.0	362.0
73476	169198	488.0	323.0
73488	169198	490.0	323.0
73500	169198	493.0	322.0
73512	169198	496.0	322.0
73524	169198	499.0	324.0
73536	169198	502.0	324.0
73548	169198	506.0	324.0
73560	169198	509.0	324.0
73572	169198	514.0	325.0
73584	169198	519.0	325.0
73596	169198	524.0	326.0
73608	169198	530.0	327.0
73620	169198	536.0	328.0
73632	169198	543.0	329.0
73644	169198	553.0	330.0
73656	169198	564.0	331.0
73668	169198	576.0	333.0
73680	169198	591.0	334.0
73692	169198	610.0	337.0
73704	169198	633.0	339.0
73716	169198	664.0	343.0
73728	169198	706.0	348.0
73740	169198	766.0	355.0
73752	169198	855.0	365.0
73764	169198	976.0	382.0
73644	169254	476.0	321.0
73656	169254	476.5263157894737	322.2631578947368
73668	169254	477.1578947368421	322.57894736842104
73680	169254	477.7894736842105	322.89473684210526
73692	169254	478.0	322.0
73704	169254	480.8	322.0
73716	169254	482.0	324.0
73728	169254	483.0	323.0
73740	169254	487.0	323.0
73752	169254	490.0	324.0
73764	169254	493.0	325.0
73776	169254	497.0	326.0
73788	169254	500.0	326.0
73800	169254	504.0	327.0
73812	169254	510.0	328.0
73824	169254	516.0	329.0
73836	169254	522.0	330.0
73848	169254	528.0	330.0
73860	169254	535.0	331.0
73872	169254	545.0	333.0
73884	169254	555.0	334.0
73896	169254	568.0	337.0
73908	169254	583.0	339.0
73920	169254	603.0	342.0
73932	169254	628.0	346.0
73944	169254	662.0	351.0
73956	169254	707.0	358.0
73968	169254	776.0	369.0
73980	169254	887.0	386.0
73992	169254	997.0	415.0
73692	169262	445.0	322.0
73704	169262	445.9230769230769	322.0
73716	169262	446.0	323.0
73728	169262	448.0	323.0
73740	169262	449.0	324.0
73752	169262	450.0	325.0
73764	169262	452.0	324.0
73776	169262	454.0	323.0
73788	169262	454.0	323.0
73800	169262	456.0	325.0
73812	169262	458.0	325.0
73824	169262	460.0	326.0
73836	169262	461.0	325.0
73848	169262	463.0	325.0
73860	169262	465.0	327.0
73872	169262	467.0	327.0
73884	169262	468.0	326.0
73896	169262	471.0	328.0
73908	169262	473.0	328.0
73920	169262	475.0	328.0
73932	169262	479.0	330.0
73944	169262	481.0	330.0
73956	169262	485.0	331.0
73968	169262	488.0	332.0
73980	169262	492.0	333.0
73992	169262	496.0	334.0
74004	169262	501.0	336.0
74016	169262	507.0	337.0
74028	169262	514.0	340.0
74040	169262	522.0	342.0
74052	169262	533.0	345.0
74064	169262	545.0	348.0
74076	169262	560.0	352.0
74088	169262	579.0	357.0
74100	169262	605.0	363.0
74112	169262	641.0	373.0
74124	169262	695.0	387.0
74136	169262	786.0	410.0
74148	169262	954.0	452.0
74160	169262	1019.0	497.0
73716	169263	468.0	320.0
73728	169263	468.0	320.0
73740	169263	469.0	321.0
73752	169263	469.0	321.0
73764	169263	469.0	321.0
73776	169263	472.0	322.0
73788	169263	473.0	322.0
73800	169263	473.0	321.0
73812	169263	475.0	321.0
73824	169263	477.0	321.0
73836	169263	480.0	323.0
73848	169263	481.0	324.0
73860	169263	482.0	324.0
73872	169263	485.0	323.0
73884	169263	487.0	324.5
73896	169263	489.0	325.0
73908	169263	492.0	325.0
73920	169263	495.0	325.0
73932	169263	499.0	326.0
73944	169263	503.0	327.0
73956	169263	507.0	327.0
73968	169263	512.0	328.0
73980	169263	517.0	329.0
73992	169263	523.0	330.0
74004	169263	530.0	331.0
74016	169263	538.0	332.0
74028	169263	547.0	334.0
74040	169263	559.0	335.0
74052	169263	571.0	337.0
74064	169263	587.0	340.0
74076	169263	606.0	343.0
74088	169263	630.0	346.0
74100	169263	662.0	351.0
74112	169263	706.5	357.5
74124	169263	770.0	368.0
74136	169263	874.0	382.0
74148	169263	984.0	404.0
73884	169290	505.0	323.0
73896	169290	508.0	324.0
73908	169290	511.0	324.0
73920	169290	517.0	325.0
73932	169290	521.0	325.0
73944	169290	526.0	325.0
73956	169290	533.0	327.0
73968	169290	539.0	327.0
73980	169290	547.0	329.0
73992	169290	556.0	330.0
74004	169290	567.0	330.0
74016	169290	579.0	331.0
74028	169290	594.0	333.0
74040	169290	611.0	335.0
74052	169290	634.0	338.0
74064	169290	662.0	341.0
74076	169290	699.0	345.0
74088	169290	749.0	350.0
74100	169290	819.0	358.0
74112	169290	930.0	370.0
73968	169302	465.0	325.0
73980	169302	466.0	325.0
73992	169302	467.0	326.0
74004	169302	468.0	326.0
74016	169302	470.0	327.0
74028	169302	472.0	328.0
74040	169302	475.0	328.0
74052	169302	478.0	329.0
74064	169302	480.0	330.0
74076	169302	484.0	331.0
74088	169302	488.0	331.0
74100	169302	493.0	333.0
74112	169302	497.0	334.0
74124	169302	503.0	336.0
74136	169302	509.0	337.0
74148	169302	518.0	340.0
74160	169302	526.0	342.0
74172	169302	538.0	345.0
74184	169302	553.0	349.0
74196	169302	571.0	354.0
74208	169302	596.0	360.0
74220	169302	632.0	370.0
74232	169302	684.0	383.0
74244	169302	774.0	406.0
74256	169302	953.0	452.0
74268	169302	1027.0	500.0
74064	169323	459.0	323.6363636363636
74076	169323	460.1764705882353	324.0
74088	169323	461.94117647058823	324.0
74100	169323	463.70588235294116	324.0
74112	169323	466.0	325.0
74124	169323	468.0	325.0
74136	169323	469.0	325.0
74148	169323	471.0	325.0
74160	169323	474.0	327.0
74172	169323	477.0	327.0
74184	169323	481.0	328.0
74196	169323	484.0	329.0
74208	169323	488.0	330.0
74220	169323	494.0	330.0
74232	169323	500.0	331.0
74244	169323	510.0	332.0
74256	169323	518.0	334.0
74268	169323	528.0	336.0
74280	169323	541.0	339.0
74292	169323	559.0	342.0
74304	169323	581.0	345.0
74316	169323	609.0	349.0
74328	169323	649.0	356.0
74340	169323	707.0	366.0
74352	169323	800.0	382.0
74364	169323	961.0	410.0
74112	169348	476.0	322.0
74124	169348	477.46153846153845	322.0
74136	169348	481.0	322.0
74148	169348	483.0	323.0
74160	169348	485.0	324.0
74172	169348	488.0	324.0
74184	169348	490.0	323.0
74196	169348	494.0	324.0
74208	169348	497.0	325.0
74220	169348	500.0	325.0
74232	169348	505.0	325.0
74244	169348	509.18	326.1
74256	169348	513.74	327.3
74268	169348	518.3	328.5
74280	169348	522.86	329.7
74292	169348	528.0	331.0
74304	169348	540.0	333.0
74316	169348	556.0	334.0
74328	169348	574.0	337.0
74340	169348	595.0	340.0
74352	169348	620.0	344.0
74364	169348	654.0	349.0
74376	169348	702.0	356.0
74388	169348	775.0	366.0
74400	169348	898.0	385.0
74412	169348	1003.0	413.0
74196	169367	466.0	325.0
74208	169367	468.0	325.0
74220	169367	471.0	325.0
74232	169367	474.0	326.0
74244	169367	477.0	327.0
74256	169367	479.0	328.0
74268	169367	484.0	328.0
74280	169367	487.0	329.0
74292	169367	494.0	330.0
74304	169367	500.0	331.0
74316	169367	508.0	333.0
74328	169367	518.0	334.0
74340	169367	529.0	336.0
74352	169367	545.0	339.0
74364	169367	562.0	342.0
74376	169367	585.0	345.0
74388	169367	617.0	350.0
74400	169367	658.0	357.0
74412	169367	720.0	367.0
74424	169367	822.0	383.0
74436	169367	976.0	413.0
74304	169378	465.0	324.0
74316	169378	466.0	324.0
74328	169378	469.0	325.0
74340	169378	470.0	326.0
74352	169378	472.0	326.0
74364	169378	475.0	327.0
74376	169378	477.0	327.0
74388	169378	479.0	328.0
74400	169378	483.0	328.0
74412	169378	486.0	329.0
74424	169378	489.0	330.0
74436	169378	494.0	331.0
74448	169378	499.0	333.0
74460	169378	505.0	334.0
74472	169378	513.0	336.0
74484	169378	522.0	338.0
74496	169378	533.0	341.0
74508	169378	548.0	344.0
74520	169378	566.0	349.0
74532	169378	591.0	354.0
74544	169378	627.0	362.0
74556	169378	685.0	375.0
74568	169378	785.0	397.0
74580	169378	973.0	444.0
74400	169397	466.0	323.0
74412	169397	467.0	324.0
74424	169397	468.6875	324.6875
74436	169397	470.42857142857144	325.14285714285717
74448	169397	473.0	326.0
74460	169397	477.0	327.0
74472	169397	478.0	327.0
74484	169397	483.0	329.0
74496	169397	486.0	330.0
74508	169397	490.0	330.0
74520	169397	496.0	331.0
74532	169397	503.0	333.0
74544	169397	511.0	334.0
74556	169397	519.0	337.0
74568	169397	530.0	340.0
74580	169397	544.0	343.0
74592	169397	562.0	347.0
74604	169397	588.0	354.0
74616	169397	624.0	362.0
74628	169397	685.0	377.0
74640	169397	795.0	403.0
74652	169397	990.0	462.0
74484	169423	467.7142857142857	324.14285714285717
74496	169423	470.57142857142856	324.7142857142857
74508	169423	473.0	326.0
74520	169423	476.0	326.0
74532	169423	479.0	327.0
74544	169423	480.0	328.0
74556	169423	486.0	330.0
74568	169423	489.0	331.0
74580	169423	495.0	331.0
74592	169423	499.0	332.0
74604	169423	506.0	334.0
74616	169423	514.0	336.0
74628	169423	524.0	338.0
74640	169423	537.0	342.0
74652	169423	553.0	346.0
74664	169423	575.0	351.0
74676	169423	606.0	358.0
74688	169423	653.0	369.0
74700	169423	733.0	389.0
74712	169423	899.0	427.0
74532	169435	465.0	325.0
74544	169435	467.0	325.0
74556	169435	469.0	325.0
74568	169435	470.0	325.0
74580	169435	473.0	326.0
74592	169435	475.0	326.3333333333333
74604	169435	479.0	327.0
74616	169435	482.0	328.0
74628	169435	487.0	330.0
74640	169435	491.0	330.0
74652	169435	495.0	332.0
74664	169435	502.0	333.0
74676	169435	509.0	334.0
74688	169435	518.0	337.0
74700	169435	527.0	339.0
74712	169435	541.0	343.0
74724	169435	558.0	347.0
74736	169435	582.0	353.0
74748	169435	617.0	361.0
74760	169435	674.0	375.0
74772	169435	777.0	399.0
74784	169435	977.0	453.0
74724	169499	467.0	325.0
74736	169499	468.0	326.0
74748	169499	472.0	327.0
74760	169499	473.0	327.0
74772	169499	477.0	328.0
74784	169499	482.0	328.0
74796	169499	486.0	330.0
74808	169499	490.0	331.0
74820	169499	496.0	332.0
74832	169499	503.0	334.0
74844	169499	510.0	335.0
74856	169499	518.0	337.0
74868	169499	529.0	340.0
74880	169499	544.0	344.0
74892	169499	561.0	348.0
74904	169499	586.0	354.0
74916	169499	623.0	363.0
74928	169499	680.0	376.0
74940	169499	782.0	401.0
74952	169499	979.0	458.0
74736	169502	527.0	324.0
74748	169502	531.0	325.0
74760	169502	537.0	324.0
74772	169502	542.0	325.0
74784	169502	548.0	326.0
74796	169502	555.0	326.0
74808	169502	562.0	327.0
74820	169502	570.0	328.0
74832	169502	579.0	329.0
74844	169502	590.0	330.0
74856	169502	602.0	331.0
74868	169502	616.0	332.0
74880	169502	632.0	334.0
74892	169502	652.0	335.0
74904	169502	677.0	338.0
74916	169502	706.0	341.0
74928	169502	744.0	344.0
74940	169502	796.0	349.0
74952	169502	843.6	343.8
74964	169502	956.0	364.0
74820	169528	454.0	321.0
74832	169528	455.0	322.0
74844	169528	455.0	322.0
74856	169528	455.0	322.0
74868	169528	457.0	322.0
74880	169528	458.0	322.0
74892	169528	459.6666666666667	322.3333333333333
74904	169528	461.0	323.0
74916	169528	462.3333333333333	323.44444444444446
74928	169528	463.6666666666667	323.8888888888889
74940	169528	465.0	323.0
74952	169528	466.0	324.0
74964	169528	468.0	325.0
74976	169528	470.0	326.0
74988	169528	471.0	325.0
75000	169528	473.0	327.0
75012	169528	475.0	327.0
75024	169528	479.0	327.0
75036	169528	482.0	328.0
75048	169528	486.0	329.0
75060	169528	490.0	330.0
75072	169528	495.0	331.0
75084	169528	502.0	332.0
75096	169528	509.0	334.0
75108	169528	517.0	336.0
75120	169528	529.0	338.0
75132	169528	542.0	341.0
75144	169528	559.0	343.0
75156	169528	580.0	348.0
75168	169528	607.0	353.0
75180	169528	646.0	360.0
75192	169528	706.0	372.0
75204	169528	806.0	392.0
75216	169528	974.0	430.0
74856	169536	491.0	325.0
74868	169536	495.0	327.0
74880	169536	497.0	328.0
74892	169536	498.0	329.0
74904	169536	500.0	329.0
74916	169536	502.0	331.0
74928	169536	506.0	331.0
74940	169536	509.0	332.0
74952	169536	513.0	333.0
74964	169536	518.0	334.0
74976	169536	523.0	336.0
74988	169536	532.0	338.0
75000	169536	541.0	341.0
75012	169536	551.0	344.0
75024	169536	565.0	346.0
75036	169536	585.0	352.0
75048	169536	608.0	357.0
75060	169536	643.0	366.0
75072	169536	695.0	378.0
75084	169536	781.0	399.0
75096	169536	943.0	436.0
75108	169536	1021.0	490.0
75000	169561	494.0	322.0
75012	169561	497.0	322.0
75024	169561	500.0	323.0
75036	169561	503.2	323.4
75048	169561	507.0	324.0
75060	169561	510.0	324.0
75072	169561	514.2222222222222	324.1111111111111
75084	169561	519.1111111111111	324.55555555555554
75096	169561	524.0	325.0
75108	169561	531.0	326.0
75120	169561	538.0	327.0
75132	169561	546.0	328.0
75144	169561	554.8163265306123	328.9795918367347
75156	169561	563.6326530612245	329.9591836734694
75168	169561	572.4489795918367	330.9387755102041
75180	169561	581.265306122449	331.9183673469388
75192	169561	604.0	334.0
75204	169561	631.0	338.0
75216	169561	661.0	341.0
75228	169561	699.0	345.0
75240	169561	750.0	351.0
75252	169561	826.0	359.0
75264	169561	948.0	372.0
75024	169566	451.3809523809524	323.0
75036	169566	452.5238095238095	323.0
75048	169566	453.0	322.0
75060	169566	454.0	323.0
75072	169566	455.0	323.0
75084	169566	457.0	323.0
75096	169566	458.0	325.0
75108	169566	460.0	325.0
75120	169566	462.0	324.0
75132	169566	463.0	324.0
75144	169566	464.0	324.0
75156	169566	467.0	326.0
75168	169566	470.0	326.0
75180	169566	473.0	326.0
75192	169566	476.0	327.0
75204	169566	479.0	327.0
75216	169566	483.0	327.0
75228	169566	487.0	329.0
75240	169566	492.0	329.0
75252	169566	498.0	330.0
75264	169566	505.0	331.0
75276	169566	513.0	332.0
75288	169566	522.0	334.0
75300	169566	532.0	335.0
75312	169566	545.0	337.0
75324	169566	560.0	339.0
75336	169566	578.0	342.0
75348	169566	600.0	345.0
75360	169566	629.0	350.0
75372	169566	668.0	356.0
75384	169566	722.0	364.0
75396	169566	806.0	378.0
75408	169566	948.0	400.0
75084	169581	482.0	324.0
75096	169581	484.8	324.0
75108	169581	489.0	323.0
75120	169581	492.0	325.0
75132	169581	495.0	325.0
75144	169581	497.0	326.0
75156	169581	503.0	326.0
75168	169581	506.0	328.0
75180	169581	510.0	328.0
75192	169581	515.0	329.0
75204	169581	520.0	330.0
75216	169581	527.0	331.0
75228	169581	535.0	331.0
75240	169581	545.0	333.0
75252	169581	555.0	334.0
75264	169581	568.0	336.0
75276	169581	583.0	338.0
75288	169581	602.0	342.0
75300	169581	625.0	346.0
75312	169581	658.0	351.0
75324	169581	703.0	358.0
75336	169581	769.0	368.0
75348	169581	875.0	384.0
75360	169581	992.0	414.0
75300	169663	467.0	324.0
75312	169663	467.0	325.0
75324	169663	469.25	325.0
75336	169663	471.0	326.0
75348	169663	473.0	327.0
75360	169663	476.0	328.0
75372	169663	480.0	329.0
75384	169663	482.0	329.0
75396	169663	486.0	330.0
75408	169663	492.0	331.0
75420	169663	496.0	333.0
75432	169663	502.0	334.0
75444	169663	511.0	337.0
75456	169663	521.0	339.0
75468	169663	533.0	343.0
75480	169663	550.0	347.0
75492	169663	574.0	353.0
75504	169663	609.0	362.0
75516	169663	668.0	377.0
75528	169663	778.0	405.0
75540	169663	989.0	472.0
75372	169678	457.0	327.0
75384	169678	459.8333333333333	327.0
75396	169678	464.0	328.0
75408	169678	468.0	328.0
75420	169678	472.0	330.0
75432	169678	476.0	330.0
75444	169678	481.0	331.0
75456	169678	487.0	333.0
75468	169678	494.0	334.0
75480	169678	502.0	336.0
75492	169678	511.0	339.0
75504	169678	522.0	341.0
75516	169678	536.0	345.0
75528	169678	552.0	348.0
75540	169678	574.0	354.0
75552	169678	605.0	361.0
75564	169678	652.0	373.0
75576	169678	731.0	394.0
75588	169678	886.0	431.0
75600	169678	1028.0	510.0
75420	169687	446.0	325.0
75432	169687	447.6	325.0
75444	169687	449.0	326.0
75456	169687	452.0	327.0
75468	169687	455.0	327.0
75480	169687	457.0	328.0
75492	169687	460.0	329.0
75504	169687	464.0	330.0
75516	169687	469.0	331.0
75528	169687	474.0	331.0
75540	169687	478.0	332.0
75552	169687	486.0	334.0
75564	169687	494.0	335.0
75576	169687	501.0	337.0
75588	169687	511.0	340.0
75600	169687	522.0	342.0
75612	169687	538.0	346.0
75624	169687	555.0	350.0
75636	169687	580.0	356.0
75648	169687	616.0	365.0
75660	169687	672.0	380.0
75672	169687	768.0	404.0
75684	169687	965.0	458.0
75612	169714	488.0	324.0
75624	169714	494.0	325.0
75636	169714	496.0	326.0
75648	169714	499.0	326.0
75660	169714	503.0	326.0
75672	169714	508.0	327.0
75684	169714	512.0	328.0
75696	169714	518.0	329.0
75708	169714	525.0	330.0
75720	169714	531.0	330.0
75732	169714	539.0	332.0
75744	169714	550.0	333.0
75756	169714	562.0	336.0
75768	169714	577.0	337.0
75780	169714	595.0	340.0
75792	169714	618.0	343.0
75804	169714	648.0	348.0
75816	169714	690.0	354.0
75828	169714	748.0	363.0
75840	169714	840.0	377.0
75852	169714	974.0	401.0
75672	169718	478.0	323.0
75684	169718	479.0	323.0
75696	169718	480.0	325.0
75708	169718	484.0	325.0
75720	169718	485.0	324.0
75732	169718	486.6666666666667	323.3333333333333
75744	169718	491.0	325.0
75756	169718	493.0	326.0
75768	169718	496.0	325.0
75780	169718	499.0	327.0
75792	169718	504.0	327.0
75804	169718	508.0	328.0
75816	169718	513.0	328.0
75828	169718	519.0	330.0
75840	169718	526.0	331.0
75852	169718	534.0	332.0
75864	169718	543.0	333.0
75876	169718	554.0	335.0
75888	169718	568.0	337.0
75900	169718	586.0	340.0
75912	169718	607.0	344.0
75924	169718	635.0	348.0
75936	169718	675.0	355.0
75948	169718	733.0	364.0
75960	169718	827.0	379.0
75972	169718	972.0	406.0
75864	169797	495.0	322.0
75876	169797	496.231884057971	322.05797101449275
75888	169797	496.92753623188406	322.231884057971
75900	169797	497.6231884057971	322.40579710144925
75912	169797	498.3188405797101	322.57971014492756
75924	169797	499.0144927536232	322.7536231884058
75936	169797	499.71014492753625	322.92753623188406
75948	169797	501.0	323.0
75960	169797	504.0	323.25
75972	169797	508.3333333333333	324.0
75984	169797	512.5	324.0
75996	169797	515.0	324.0
76008	169797	519.0	325.0
76020	169797	524.3333333333334	326.0
76032	169797	529.0	326.0
76044	169797	535.0	327.0
76056	169797	540.0	328.0
76068	169797	549.0	329.0
76080	169797	557.0	330.0
76092	169797	569.0	331.0
76104	169797	581.0	333.0
76116	169797	595.0	334.0
76128	169797	613.0	336.0
76140	169797	635.0	339.0
76152	169797	663.0	342.0
76164	169797	701.0	346.0
76176	169797	733.5833333333334	342.75
76188	169797	795.0	358.0
76200	169797	924.0	373.0
75876	169800	462.0	322.0
75888	169800	463.0	322.0
75900	169800	464.0	322.0
75912	169800	465.0	324.0
75924	169800	466.0	324.0
75936	169800	467.0	323.0
75948	169800	469.0	324.0
75960	169800	471.0	325.0
75972	169800	473.0	326.0
75984	169800	475.0	326.0
75996	169800	478.0	326.0
76008	169800	480.0	327.0
76020	169800	484.0	329.0
76032	169800	487.0	329.0
76044	169800	491.0	330.0
76056	169800	496.0	331.0
76068	169800	502.0	333.0
76080	169800	508.0	335.0
76092	169800	517.0	337.0
76104	169800	528.0	341.0
76116	169800	541.0	343.0
76128	169800	559.0	348.0
76140	169800	584.0	354.0
76152	169800	621.0	363.0
76164	169800	681.0	378.0
76176	169800	790.0	404.0
76188	169800	991.0	468.0
75876	169801	482.25	321.0
75888	169801	484.0	321.0
75900	169801	484.0	321.0
75912	169801	484.0	321.0
75924	169801	485.0	321.0
75936	169801	488.2	321.2
75948	169801	490.0	322.0
75960	169801	491.5	322.0
75972	169801	494.0	322.0
75984	169801	497.26666666666665	323.0
75996	169801	501.0	323.0
76008	169801	504.0	323.0
76020	169801	507.0	324.0
76032	169801	511.5	325.0
76044	169801	515.0	325.0
76056	169801	520.0	325.0
76068	169801	525.0	326.0
76080	169801	531.0	327.0
76092	169801	535.0	327.0
76104	169801	545.0	328.0
76116	169801	553.0	329.0
76128	169801	562.0	329.0
76140	169801	570.6842105263158	328.5263157894737
76152	169801	580.3333333333334	328.6666666666667
76164	169801	598.0	333.0
76176	169801	621.0	337.0
76188	169801	646.0	340.0
76200	169801	676.0	343.0
76212	169801	716.0	348.0
76224	169801	775.0	354.0
76236	169801	856.0	363.0
76248	169801	971.0	379.0
75900	169810	502.0	324.0
75912	169810	505.625	323.875
75924	169810	509.0	324.5
75936	169810	515.0	325.0
75948	169810	518.0	325.0
75960	169810	523.0	326.0
75972	169810	528.0	327.0
75984	169810	533.0	327.0
75996	169810	541.0	328.0
76008	169810	549.0	329.0
76020	169810	557.0	330.0
76032	169810	566.0	331.0
76044	169810	578.0	332.0
76056	169810	591.0	334.0
76068	169810	607.0	336.0
76080	169810	628.0	338.0
76092	169810	653.0	341.0
76104	169810	685.0	345.0
76116	169810	728.0	349.0
76128	169810	788.0	357.0
76140	169810	878.0	366.0
76152	169810	981.0	382.0
75960	169835	458.0	322.0
75972	169835	460.22222222222223	322.44444444444446
75984	169835	462.44444444444446	322.8888888888889
75996	169835	463.0	322.0
76008	169835	465.57142857142856	322.2857142857143
76020	169835	466.0	323.0
76032	169835	469.25	323.75
76044	169835	471.57894736842104	324.0
76056	169835	475.36842105263156	324.0
76068	169835	478.0	326.0
76080	169835	481.0	326.0
76092	169835	484.0	326.0
76104	169835	488.0	327.0
76116	169835	492.0	327.0
76128	169835	497.0	328.0
76140	169835	504.0	330.0
76152	169835	510.0	331.0
76164	169835	517.0	332.0
76176	169835	527.0	333.0
76188	169835	538.0	335.0
76200	169835	550.0	337.0
76212	169835	566.0	341.0
76224	169835	586.0	344.0
76236	169835	614.0	349.0
76248	169835	651.0	355.0
76260	169835	707.0	365.0
76272	169835	797.0	380.0
76284	169835	956.0	408.0
76140	169908	477.0	321.0
76152	169908	478.0	320.0
76164	169908	478.3333333333333	320.0
76176	169908	480.0	320.0
76188	169908	480.0	321.0
76200	169908	479.48936170212767	321.25531914893617
76212	169908	478.97872340425533	321.51063829787233
76224	169908	478.468085106383	321.7659574468085
76236	169908	478.0	322.0357142857143
76248	169908	478.0	322.4642857142857
76260	169908	478.0	322.89285714285717
76272	169908	479.3333333333333	323.0
76284	169908	480.6666666666667	323.0
76296	169908	482.0	324.0
76308	169908	483.0	324.0
76320	169908	486.0	324.0
76332	169908	490.0	325.0
76344	169908	494.0	325.0
76356	169908	498.0	325.0
76368	169908	503.0	327.0
76380	169908	506.0	326.0
76392	169908	512.0	328.0
76404	169908	520.0	329.0
76416	169908	527.0	330.0
76428	169908	535.0	331.0
76440	169908	546.0	333.0
76452	169908	558.0	336.0
76464	169908	573.0	338.0
76476	169908	594.0	342.0
76488	169908	618.0	345.0
76500	169908	654.0	351.0
76512	169908	705.0	359.0
76524	169908	787.0	373.0
76536	169908	937.0	399.0
76296	169983	463.0	321.0
76308	169983	464.0	320.0
76320	169983	466.0	321.0
76332	169983	466.0	321.0
76344	169983	468.0	320.0
76356	169983	469.0	320.0
76368	169983	470.0	321.0
76380	169983	473.0	322.0
76392	169983	474.0	323.0
76404	169983	475.0	323.0
76416	169983	476.0	322.0
76428	169983	479.0	323.0
76440	169983	480.0	323.0
76452	169983	482.0	323.0
76464	169983	485.0	325.0
76476	169983	487.0	325.0
76488	169983	490.0	325.0
76500	169983	492.0	325.0
76512	169983	495.0	326.0
76524	169983	500.0	326.0
76536	169983	504.0	327.0
76548	169983	509.0	327.0
76560	169983	516.0	328.0
76572	169983	522.0	330.0
76584	169983	529.0	330.0
76596	169983	536.0	331.0
76608	169983	548.0	333.0
76620	169983	561.0	336.0
76632	169983	575.0	337.0
76644	169983	595.0	341.0
76656	169983	618.0	345.0
76668	169983	651.0	350.0
76680	169983	699.0	358.0
76692	169983	773.0	369.0
76704	169983	899.0	389.0
76716	169983	1006.0	420.0
76392	170002	494.0	322.0
76404	170002	497.0	321.0
76416	170002	499.0	321.0
76428	170002	500.8333333333333	321.0
76440	170002	502.5	321.0
76452	170002	505.0	322.0
76464	170002	507.0	323.0
76476	170002	511.0	323.0
76488	170002	515.0	322.0
76500	170002	517.0	322.0
76512	170002	522.0	324.0
76524	170002	526.0	323.0
76536	170002	529.0	324.0
76548	170002	534.0	325.0
76560	170002	540.0	325.0
76572	170002	546.0	326.0
76584	170002	552.0	326.0
76596	170002	560.0	327.0
76608	170002	568.0	328.0
76620	170002	579.0	328.0
76632	170002	589.0	330.0
76644	170002	604.0	331.0
76404	170004	451.0	321.0
76416	170004	451.0	321.0
76428	170004	451.0	321.0
76440	170004	452.0	321.0
76452	170004	453.0	321.0
76464	170004	454.0	322.0
76476	170004	454.0	322.0
76488	170004	455.0	322.0
76500	170004	456.0	322.0
76512	170004	457.0	322.0
76524	170004	458.0	322.0
76536	170004	458.0	322.0
76548	170004	460.1290322580645	322.4516129032258
76560	170004	462.06451612903226	323.2258064516129
76572	170004	464.0	324.0
76584	170004	464.0	323.0
76596	170004	467.0	325.0
76608	170004	467.0	326.0
76620	170004	469.0	325.0
76632	170004	472.0	327.0
76644	170004	475.0	327.0
76656	170004	477.0	328.0
76668	170004	480.0	328.0
76680	170004	484.0	330.0
76692	170004	488.0	331.0
76704	170004	494.0	332.0
76716	170004	500.0	334.0
76728	170004	508.0	336.0
76740	170004	516.0	338.0
76752	170004	529.0	341.0
76764	170004	543.0	345.0
76776	170004	564.0	350.0
76788	170004	593.0	357.0
76800	170004	640.0	369.0
76812	170004	718.0	389.0
76824	170004	885.0	431.0
76836	170004	1034.0	507.0
76860	170125	503.0	324.0
76872	170125	505.30434782608694	324.1304347826087
76884	170125	510.5217391304348	324.6521739130435
76896	170125	515.0	325.0
76908	170125	519.0	326.0
76920	170125	524.0	325.0
76932	170125	531.0	327.0
76944	170125	537.0	327.0
76956	170125	545.0	329.0
76968	170125	553.0	329.0
76980	170125	562.0	331.0
76992	170125	574.0	332.0
77004	170125	587.0	333.0
77016	170125	603.0	335.0
77028	170125	623.0	338.0
77040	170125	647.0	340.0
77052	170125	679.0	344.0
77064	170125	721.0	349.0
77076	170125	782.0	357.0
77088	170125	870.0	367.0
77100	170125	980.0	384.0
76872	170132	480.0	324.0
76884	170132	483.0	325.0
76896	170132	487.0	326.0
76908	170132	490.0	325.0
76920	170132	494.0	326.0
76932	170132	498.0	327.0
76944	170132	502.0	327.0
76956	170132	508.0	329.0
76968	170132	514.0	329.0
76980	170132	520.0	330.0
76992	170132	528.0	331.0
77004	170132	537.0	332.0
77016	170132	547.0	334.0
77028	170132	558.0	337.0
77040	170132	573.0	339.0
77052	170132	591.0	342.0
77064	170132	613.0	345.0
77076	170132	644.0	350.0
77088	170132	687.0	358.0
77100	170132	751.0	368.0
77112	170132	856.0	385.0
77124	170132	989.0	418.0
76992	170168	503.0	322.0
77004	170168	506.0	323.0
77016	170168	507.0	324.0
77028	170168	510.0	324.0
77040	170168	512.3333333333334	324.0
77052	170168	517.0	325.0
77064	170168	521.0	326.0
77076	170168	527.0	325.0
77088	170168	534.0	327.0
77100	170168	538.0	327.0
77112	170168	547.0	329.0
77124	170168	555.0	329.0
77136	170168	567.0	330.0
77148	170168	576.0	331.0
77160	170168	590.0	333.0
77172	170168	607.0	335.0
77184	170168	628.0	338.0
77196	170168	653.0	341.0
77208	170168	688.0	345.0
77220	170168	735.0	350.0
77232	170168	803.0	358.0
77244	170168	909.0	370.0
77256	170168	995.0	388.0
77052	170179	493.0	322.0
77064	170179	496.5263157894737	322.0
77076	170179	500.0	323.0
77088	170179	502.0	322.0
77100	170179	505.0	324.0
77112	170179	508.0	325.0
77124	170179	512.0	324.0
77136	170179	515.0	325.0
77148	170179	521.0	326.0
77160	170179	525.0	325.0
77172	170179	532.0	328.0
77184	170179	537.0	327.0
77196	170179	544.0	328.0
77208	170179	552.0	329.0
77220	170179	562.0	331.0
77232	170179	573.0	332.0
77244	170179	586.0	333.0
77256	170179	603.0	336.0
77268	170179	623.0	338.0
77280	170179	648.0	341.0
77292	170179	681.0	345.0
77304	170179	727.0	350.0
77316	170179	791.0	357.0
77328	170179	889.0	368.0
77340	170179	989.0	388.0
77088	170187	481.0	323.0
77100	170187	484.0	324.0
77112	170187	485.0	324.0
77124	170187	487.0	324.0
77136	170187	490.0	325.0
77148	170187	493.0	326.0
77160	170187	495.0	326.0
77172	170187	499.0	326.0
77184	170187	504.0	328.0
77196	170187	507.0	327.0
77208	170187	512.0	328.0
77220	170187	518.0	329.0
77232	170187	524.0	330.0
77244	170187	530.0	331.0
77256	170187	539.0	332.0
77268	170187	550.0	334.0
77280	170187	561.0	336.0
77292	170187	576.0	338.0
77304	170187	596.0	342.0
77316	170187	620.0	346.0
77328	170187	654.0	352.0
77340	170187	702.0	359.0
77352	170187	775.0	371.0
77364	170187	899.0	391.0
77376	170187	1005.0	423.0
77244	170242	505.0	321.0
77256	170242	505.0	321.0
77268	170242	507.42857142857144	322.0
77280	170242	510.0	323.0
77292	170242	512.0	323.0
77304	170242	516.0	323.0
77316	170242	519.0	322.0
77328	170242	523.0	322.0
77340	170242	526.0	322.0
77352	170242	529.0	323.0
77364	170242	534.0	324.0
77376	170242	538.0	324.0
77388	170242	543.0	324.0
77400	170242	549.0	324.0
77412	170242	556.0	325.0
77424	170242	562.0	326.0
77436	170242	570.0	326.0
77448	170242	578.0	327.0
77460	170242	588.0	328.0
77472	170242	600.0	329.0
77484	170242	613.0	330.0
77496	170242	627.0	331.0
77508	170242	647.0	333.0
77520	170242	666.0	334.0
77532	170242	694.0	337.0
77544	170242	724.0	339.0
77556	170242	764.0	343.0
77568	170242	817.0	347.0
77580	170242	887.0	352.0
77592	170242	969.0	359.0
77328	170276	500.0	321.0
77340	170276	502.0	321.0
77352	170276	503.5	320.0
77364	170276	507.0	320.0
77376	170276	509.1818181818182	320.54545454545456
77388	170276	511.0	322.0
77400	170276	514.0	322.0
77412	170276	517.448275862069	322.0
77424	170276	521.5862068965517	322.0
77436	170276	525.0	322.0
77448	170276	527.0	322.0
77460	170276	533.0	323.0
77472	170276	537.0	324.0
77484	170276	541.0	324.0
77496	170276	546.0	324.0
77508	170276	553.0	325.0
77520	170276	560.0	325.0
77532	170276	567.0	325.0
77544	170276	576.0	327.0
77556	170276	585.0	327.0
77568	170276	596.0	328.0
77580	170276	607.0	329.0
77592	170276	621.0	330.0
77604	170276	637.0	331.0
77616	170276	655.0	333.0
77628	170276	678.0	335.0
77640	170276	705.0	337.0
77652	170276	740.0	340.0
77664	170276	783.0	344.0
77676	170276	840.0	349.0
77688	170276	919.0	355.0
77700	170276	980.0	360.0
77376	170284	489.0	321.0
77388	170284	490.0	321.0
77400	170284	491.0	322.0
77412	170284	494.0	322.0
77424	170284	495.0	322.0
77436	170284	499.0	322.0
77448	170284	499.8	322.0
77460	170284	502.0	323.0
77472	170284	507.6666666666667	323.0
77484	170284	509.5	323.0
77496	170284	514.0	325.0
77508	170284	518.0	325.0
77520	170284	523.0	325.0
77532	170284	528.0	326.0
77544	170284	534.0	327.0
77556	170284	540.0	327.0
77568	170284	548.0	328.0
77580	170284	556.0	329.0
77592	170284	566.0	330.0
77604	170284	577.0	332.0
77616	170284	590.0	332.0
77628	170284	606.0	334.0
77640	170284	625.0	337.0
77652	170284	650.0	340.0
77664	170284	682.0	344.0
77676	170284	725.0	349.0
77688	170284	783.0	356.0
77700	170284	872.0	365.0
77712	170284	978.0	382.0
77508	170330	503.0	322.0
77520	170330	505.0	321.0
77532	170330	507.0	323.0
77544	170330	511.0	323.0
77556	170330	514.0	322.0
77568	170330	517.0	323.0
77580	170330	522.0	324.0
77592	170330	527.0	324.0
77604	170330	530.0	324.0
77616	170330	537.0	325.0
77628	170330	542.0	326.0
77640	170330	549.0	326.0
77652	170330	557.0	327.0
77664	170330	566.0	327.0
77676	170330	577.0	329.0
77688	170330	588.0	330.0
77700	170330	603.0	331.0
77712	170330	620.0	332.0
77724	170330	640.0	334.0
77736	170330	665.0	337.0
77748	170330	697.0	340.0
77760	170330	740.0	344.0
77772	170330	798.0	349.0
77784	170330	881.0	356.0
77796	170330	978.0	367.0
77532	170333	487.0	321.0
77544	170333	489.0	322.0
77556	170333	491.0	322.0
77568	170333	492.0	322.0
77580	170333	496.0	323.0
77592	170333	499.0	322.0
77604	170333	502.0	324.0
77616	170333	505.0	324.0
77628	170333	509.0	325.0
77640	170333	514.0	325.0
77652	170333	519.0	326.0
77664	170333	524.0	325.0
77676	170333	531.0	327.0
77688	170333	538.0	327.0
77700	170333	547.0	328.0
77712	170333	557.0	330.0
77724	170333	569.0	331.0
77736	170333	583.0	333.0
77748	170333	601.0	335.0
77760	170333	623.0	337.0
77772	170333	652.0	341.0
77784	170333	691.0	345.0
77796	170333	747.0	352.0
77808	170333	830.0	361.0
77820	170333	964.0	378.0
77628	170362	488.0	320.0
77640	170362	490.0	321.0
77652	170362	491.42857142857144	321.0
77664	170362	494.0	321.0
77676	170362	496.57142857142856	321.0
77688	170362	498.0	320.0
77700	170362	501.0	320.0
77712	170362	504.0	321.0
77724	170362	507.0	322.0
77736	170362	509.2857142857143	322.85714285714283
77748	170362	512.0	322.0
77760	170362	514.5	322.0
77772	170362	521.0	322.6666666666667
77784	170362	526.0	323.0
77796	170362	528.0	324.0
77808	170362	533.0	324.0
77820	170362	539.0	325.0
77832	170362	546.0	326.0
77844	170362	552.0	325.0
77856	170362	560.0	327.0
77868	170362	569.0	328.0
77880	170362	578.0	329.0
77892	170362	590.0	329.0
77904	170362	601.0	334.0
77916	170362	622.0	336.0
77928	170362	646.0	339.0
77940	170362	681.0	343.0
77952	170362	730.0	349.0
77964	170362	800.0	357.0
77976	170362	911.0	368.0
77736	170404	491.3333333333333	325.0
77748	170404	492.0	325.0
77760	170404	498.0	325.0
77772	170404	500.0	325.0
77784	170404	504.6666666666667	326.0
77796	170404	509.0	327.0
77808	170404	512.0	328.0
77820	170404	518.0	329.0
77832	170404	524.0	329.0
77844	170404	529.0	331.0
77856	170404	538.0	332.0
77868	170404	547.0	333.0
77880	170404	557.0	335.0
77892	170404	570.0	338.0
77904	170404	584.0	339.0
77916	170404	602.0	343.0
77928	170404	627.0	346.0
77940	170404	656.0	351.0
77952	170404	698.0	357.0
77964	170404	757.0	367.0
77976	170404	848.0	381.0
77988	170404	975.0	406.0
77760	170414	479.0	323.0
77772	170414	481.0	323.0
77784	170414	483.0	324.0
77796	170414	484.0	325.0
77808	170414	486.0	324.0
77820	170414	490.0	325.0
77832	170414	493.0	325.0
77844	170414	497.0	326.0
77856	170414	501.0	327.0
77868	170414	505.0	328.0
77880	170414	511.0	329.0
77892	170414	516.0	329.0
77904	170414	523.0645161290323	330.2258064516129
77916	170414	529.4516129032259	331.5806451612903
77928	170414	535.8387096774194	332.93548387096774
77940	170414	542.2258064516129	334.2903225806452
77952	170414	548.6129032258065	335.64516129032256
77964	170414	555.0	337.0
77976	170414	580.0	342.0
77988	170414	609.0	345.0
78000	170414	640.0	350.0
78012	170414	679.0	356.0
78024	170414	735.0	365.0
78036	170414	823.0	380.0
78048	170414	963.0	404.0
77880	170443	477.0	322.0
77892	170443	479.0	323.0
77904	170443	481.0	324.0
77916	170443	483.0	323.0
77928	170443	485.0	323.0
77940	170443	489.0	325.0
77952	170443	491.0	325.0
77964	170443	494.0	325.0
77976	170443	498.0	325.0
77988	170443	502.0	327.0
78000	170443	508.0	327.0
78012	170443	511.0	328.0
78024	170443	517.0	329.0
78036	170443	523.0	329.0
78048	170443	526.0	330.0
78060	170443	536.0	331.0
78072	170443	542.0	333.0
78084	170443	554.0	334.0
78096	170443	563.0	336.0
78108	170443	577.0	338.0
78120	170443	595.0	341.0
78132	170443	613.0	344.0
78144	170443	641.0	349.0
78156	170443	677.0	355.0
78168	170443	726.0	363.0
78180	170443	799.0	375.0
78192	170443	920.0	393.0
78204	170443	1000.0	429.0
78216	170443	916.0	417.0
78228	170443	960.0	396.0
78156	170501	479.0	322.0
78168	170501	482.0	324.0
78180	170501	485.0	324.0
78192	170501	486.0	324.0
78204	170501	489.0	324.0
78216	170501	491.0	325.0
78228	170501	493.0	325.0
78240	170501	498.0	325.0
78252	170501	502.0	326.0
78264	170501	505.0	327.0
78276	170501	511.0	328.0
78288	170501	517.0	329.0
78300	170501	523.0	330.0
78312	170501	530.0	331.0
78324	170501	539.0	332.0
78336	170501	549.0	334.0
78348	170501	561.0	336.0
78360	170501	574.0	337.0
78372	170501	594.0	341.0
78384	170501	618.0	345.0
78396	170501	647.0	349.0
78408	170501	689.0	356.0
78420	170501	751.0	366.0
78432	170501	853.0	382.0
78444	170501	984.0	411.0
78204	170513	506.6666666666667	323.3333333333333
78216	170513	511.0	324.0
78228	170513	513.0	323.0
78240	170513	518.0	323.0
78252	170513	524.0	325.0
78264	170513	531.0	326.0
78276	170513	536.0	326.0
78288	170513	540.6666666666666	327.0
78300	170513	550.0	328.0
78312	170513	560.0	328.0
78324	170513	564.6666666666666	326.6666666666667
78336	170513	568.0	324.0
78348	170513	575.0	319.0
78360	170513	587.0	319.0
78372	170513	602.0	319.0
78384	170513	623.0	326.0
78396	170513	647.0	334.0
78408	170513	673.0	339.0
78420	170513	705.0	343.0
78432	170513	750.0	349.0
78444	170513	817.0	357.0
78456	170513	913.0	364.0
78468	170513	983.0	384.0
78276	170545	482.0	325.0
78288	170545	484.0	324.0
78300	170545	487.0	325.0
78312	170545	489.0	326.0
78324	170545	492.0	326.0
78336	170545	496.0	327.0
78348	170545	500.0	327.0
78360	170545	504.0	327.0
78372	170545	510.0	329.0
78384	170545	515.0	330.0
78396	170545	523.0	331.0
78408	170545	530.0	331.0
78420	170545	540.0	334.0
78432	170545	552.0	335.0
78444	170545	566.0	338.0
78456	170545	583.0	341.0
78468	170545	606.0	344.0
78480	170545	635.0	349.0
78492	170545	675.0	356.0
78504	170545	737.0	366.0
78516	170545	834.0	382.0
78528	170545	977.0	410.0
78300	170555	465.0	322.0
78312	170555	466.0	322.0
78324	170555	467.3333333333333	322.0
78336	170555	469.2857142857143	322.0
78348	170555	471.0	323.0
78360	170555	474.1304347826087	323.5217391304348
78372	170555	476.0	324.0
78384	170555	478.0	324.0
78396	170555	480.0	323.0
78408	170555	482.0	323.0
78420	170555	485.0	325.0
78432	170555	489.0	325.0
78444	170555	491.0	326.0
78456	170555	494.0	326.0
78468	170555	498.0	326.0
78480	170555	502.0	327.0
78492	170555	507.0	328.0
78504	170555	512.0	328.0
78516	170555	517.0	329.0
78528	170555	524.0	330.0
78540	170555	530.0	331.0
78552	170555	538.0	332.0
78564	170555	548.5	334.0
78576	170555	559.0	336.0
78588	170555	570.0	337.0
78600	170555	585.0	338.0
78612	170555	600.6666666666666	343.3333333333333
78624	170555	624.0	346.0
78636	170555	655.0	352.0
78648	170555	694.0	358.0
78660	170555	751.0	367.0
78672	170555	837.0	382.0
78684	170555	967.0	404.0
78696	170555	1005.0	419.0
78432	170578	469.0	322.0
78444	170578	469.0	321.0
78456	170578	471.0	322.0
78468	170578	473.0	322.0
78480	170578	476.0	324.0
78492	170578	478.6666666666667	323.3333333333333
78504	170578	481.0	324.0
78516	170578	482.0	323.0
78528	170578	485.0	325.0
78540	170578	488.0	325.0
78552	170578	491.0	325.0
78564	170578	493.0	325.0
78576	170578	497.0	327.0
78588	170578	500.0	326.0
78600	170578	505.0	328.0
78612	170578	509.0	328.0
78624	170578	514.0	329.0
78636	170578	520.0	330.0
78648	170578	527.0	331.0
78660	170578	535.0	332.0
78672	170578	542.0	333.0
78684	170578	553.0	335.0
78696	170578	565.0	337.0
78708	170578	577.0	339.0
78720	170578	594.0	342.0
78732	170578	615.0	345.0
78744	170578	642.0	349.0
78756	170578	678.0	356.0
78768	170578	727.0	364.0
78780	170578	802.0	376.0
78792	170578	926.0	395.0
78804	170578	1002.0	421.0
78612	170612	453.0	321.0
78624	170612	454.0	321.0
78636	170612	454.0	322.0
78648	170612	455.0	322.0
78660	170612	456.0	321.0
78672	170612	456.0	322.0
78684	170612	458.0	322.0
78696	170612	460.1111111111111	322.22222222222223
78708	170612	461.77777777777777	322.55555555555554
78720	170612	463.44444444444446	322.8888888888889
78732	170612	466.0	323.0
78744	170612	467.0	324.0
78756	170612	469.0	324.0
78768	170612	472.0	325.0
78780	170612	473.5	324.0
78792	170612	477.0	325.0
78804	170612	479.0	325.0
78816	170612	483.0	325.0
78828	170612	486.0	327.0
78840	170612	492.0	326.0
78852	170612	497.0	328.0
78864	170612	502.0	329.0
78876	170612	509.0	329.0
78888	170612	516.0	330.0
78900	170612	523.0	331.0
78912	170612	532.0	332.0
78924	170612	543.0	334.0
78936	170612	556.0	336.0
78948	170612	572.0	338.0
78960	170612	592.0	342.0
78972	170612	618.0	346.0
78984	170612	651.0	350.0
78996	170612	696.5	357.5
79008	170612	766.0	368.0
79020	170612	880.0	385.0
79032	170612	995.0	415.0
78660	170621	489.0	320.0
78672	170621	490.6666666666667	319.6666666666667
78684	170621	491.0	320.0
78696	170621	493.0	321.0
78708	170621	496.7647058823529	321.0
78720	170621	499.0	321.0
78732	170621	499.0	321.0
78744	170621	501.0	321.0
78756	170621	503.0	321.0
78768	170621	505.0	321.0
78780	170621	508.0	321.0
78792	170621	511.0	322.0
78804	170621	513.0	321.0
78816	170621	516.0	322.0
78828	170621	519.0	322.0
78840	170621	523.0	322.0
78852	170621	526.0	322.0
78864	170621	529.0	322.0
78876	170621	532.0	323.0
78888	170621	538.0	324.0
78900	170621	542.0	324.0
78912	170621	547.0	324.0
78924	170621	553.0	325.0
78684	170623	529.0	324.0
78696	170623	535.0	323.0
78708	170623	541.0	325.0
78720	170623	546.0	326.0
78732	170623	552.0	326.0
78744	170623	559.0	327.0
78756	170623	567.0	327.0
78768	170623	575.0	328.0
78780	170623	584.0	329.0
78792	170623	595.0	330.0
78804	170623	608.0	332.0
78816	170623	622.0	332.0
78828	170623	639.0	334.0
78840	170623	660.0	336.0
78852	170623	685.0	338.0
78864	170623	717.0	342.0
78876	170623	756.0	345.0
78888	170623	808.0	350.0
78900	170623	880.0	356.0
78912	170623	967.0	364.0
78852	170648	477.0	323.0
78864	170648	479.0	324.0
78876	170648	484.6	324.8
78888	170648	491.0	325.0
78900	170648	495.0	326.0
78912	170648	498.0	327.0
78924	170648	501.0	327.0
78936	170648	506.0	328.0
78948	170648	510.0	329.0
78960	170648	518.0	330.0
78972	170648	524.0	331.0
78984	170648	531.0	331.0
78996	170648	539.0	333.0
79008	170648	548.0	334.0
79020	170648	561.0	337.0
79032	170648	575.0	339.0
79044	170648	594.0	342.0
79056	170648	615.0	346.0
79068	170648	645.0	351.0
79080	170648	686.0	357.0
79092	170648	745.0	366.0
79104	170648	837.0	382.0
79116	170648	975.0	408.0
78996	170659	464.6363636363636	324.0
79008	170659	466.0	323.0
79020	170659	468.0	324.0
79032	170659	469.5	325.0
79044	170659	470.77777777777777	325.0
79056	170659	472.4	325.0
79068	170659	476.0	326.0
79080	170659	479.0	327.0
79092	170659	481.0	328.0
79104	170659	485.0	328.0
79116	170659	487.0	330.0
79128	170659	491.0	331.0
79140	170659	495.0	332.0
79152	170659	500.0	333.0
79164	170659	506.0	334.0
79176	170659	513.0	336.0
79188	170659	523.0	339.0
79200	170659	533.0	342.0
79212	170659	548.0	345.0
79224	170659	567.0	350.0
79236	170659	593.0	356.0
79248	170659	632.0	366.0
79260	170659	695.0	382.0
79272	170659	813.0	411.0
79284	170659	999.0	477.0
79008	170663	502.0	322.0
79020	170663	505.0	323.0
79032	170663	506.0	323.0
79044	170663	510.0	323.0
79056	170663	512.0	323.0
79068	170663	516.6666666666666	323.0
79080	170663	519.0	323.0
79092	170663	524.0	324.0
79104	170663	527.0	325.0
79116	170663	532.0	324.0
79128	170663	536.25	324.75
79140	170663	542.0	325.0
79152	170663	548.0	326.0
79164	170663	556.0	327.0
79176	170663	563.0	327.0
79188	170663	573.0	328.0
79200	170663	583.0	330.0
79212	170663	595.0	330.0
79224	170663	610.0	332.0
79236	170663	627.0	333.0
79248	170663	650.0	335.0
79260	170663	678.4666666666667	336.06666666666666
79272	170663	696.0666666666667	336.8666666666667
79284	170663	744.0	344.0
79296	170663	800.0	349.0
79308	170663	878.0	357.0
79320	170663	971.0	366.0
79176	170692	468.0	325.0
79188	170692	469.0	325.5
79200	170692	472.0	327.0
79212	170692	473.0	327.0
79224	170692	476.0	328.0
79236	170692	480.0	329.0
79248	170692	482.0	329.0
79260	170692	486.0	330.0
79272	170692	490.0	331.0
79284	170692	494.0	331.0
79296	170692	500.0	333.0
79308	170692	506.0	336.0
79320	170692	514.0	337.0
79332	170692	523.0	340.0
79344	170692	534.0	343.0
79356	170692	549.0	346.0
79368	170692	570.0	351.0
79380	170692	595.0	358.0
79392	170692	637.0	368.0
79404	170692	704.0	386.0
79416	170692	829.0	417.0
79428	170692	1013.0	495.0
79272	170699	470.0	322.0
79284	170699	469.25	319.25
79296	170699	472.0	321.0
79308	170699	475.0	322.0
79320	170699	476.0	322.0
79332	170699	478.0	322.0
79344	170699	480.0	322.0
79356	170699	481.0	323.0
79368	170699	482.0	322.0
79380	170699	484.0	323.0
79392	170699	487.0	324.0
79404	170699	489.0	324.0
79416	170699	490.0	325.0
79428	170699	493.0	325.0
79440	170699	497.0	326.0
79452	170699	499.0	326.0
79464	170699	502.0	326.0
79476	170699	505.0	326.0
79488	170699	511.0	328.0
79500	170699	514.0	328.0
79512	170699	520.0	329.0
79524	170699	524.0	329.0
79536	170699	530.0	332.0
79548	170699	536.0	332.0
79560	170699	546.0	333.0
79572	170699	556.0	335.0
79584	170699	567.0	336.0
79596	170699	580.0	339.0
79608	170699	595.0	341.0
79620	170699	615.0	344.0
79632	170699	639.0	348.0
79644	170699	671.0	354.0
79656	170699	714.0	360.0
79668	170699	775.0	369.0
79680	170699	872.0	385.0
79692	170699	978.0	410.0
79704	170699	994.0	416.0
79716	170699	994.0	415.0
79728	170699	987.0	411.0
79740	170699	1003.0	425.0
79344	170715	488.0	322.0
79356	170715	491.6	322.0
79368	170715	493.0	322.0
79380	170715	497.0	323.0
79392	170715	499.0	322.0
79404	170715	502.42857142857144	323.42857142857144
79416	170715	504.0	324.0
79428	170715	509.0	325.0
79440	170715	513.5	325.0
79452	170715	518.5	325.75
79464	170715	522.6666666666666	326.0
79476	170715	526.6666666666666	326.0
79488	170715	534.0	327.0
79500	170715	540.0	327.0
79512	170715	547.0	328.0
79524	170715	555.0	329.0
79536	170715	566.0	331.0
79548	170715	575.0	331.0
79560	170715	588.0	333.0
79572	170715	603.0	334.0
79584	170715	620.0	336.0
79596	170715	640.0	339.0
79608	170715	667.0	342.0
79620	170715	700.0	345.0
79632	170715	744.0	350.0
79644	170715	805.0	357.0
79656	170715	897.0	367.0
79668	170715	984.0	382.0
79428	170738	462.0	324.0
79440	170738	464.0	324.0
79452	170738	464.0	323.0
79464	170738	466.0	324.0
79476	170738	467.0	325.0
79488	170738	470.0	325.0
79500	170738	471.0	326.0
79512	170738	472.0	325.0
79524	170738	474.0	326.0
79536	170738	477.0	327.0
79548	170738	478.0	326.0
79560	170738	480.0	328.0
79572	170738	483.0	329.0
79584	170738	486.0	329.0
79596	170738	489.0	331.0
79608	170738	492.0	331.0
79620	170738	496.0	331.0
79632	170738	500.0	333.0
79644	170738	506.0	334.0
79656	170738	512.0	336.0
79668	170738	519.0	337.0
79680	170738	528.0	339.0
79692	170738	536.0	342.0
79704	170738	550.0	345.0
79716	170738	565.0	348.0
79728	170738	585.0	353.0
79740	170738	610.0	358.0
79752	170738	645.0	367.0
79764	170738	697.0	379.0
79776	170738	777.0	398.0
79788	170738	929.0	433.0
79800	170738	1019.0	492.0
79596	170771	459.3	324.04285714285714
79608	170771	460.5	324.2142857142857
79620	170771	461.7	324.3857142857143
79632	170771	462.9	324.5571428571429
79644	170771	464.1	324.72857142857146
79656	170771	465.3	324.9
79668	170771	467.0	326.0
79680	170771	469.0	326.0
79692	170771	470.0	327.0
79704	170771	472.0	328.0
79716	170771	473.0	327.0
79728	170771	476.0	328.0
79740	170771	478.0	330.0
79752	170771	483.0	330.0
79764	170771	486.0	331.0
79776	170771	489.0	331.0
79788	170771	495.0	333.0
79800	170771	501.0	334.0
79812	170771	505.0	335.0
79824	170771	513.0	337.0
79836	170771	522.0	341.0
79848	170771	533.0	343.0
79860	170771	545.0	346.0
79872	170771	563.0	352.0
79884	170771	586.0	358.0
79896	170771	620.0	367.0
79908	170771	675.0	382.0
79920	170771	769.0	408.0
79932	170771	965.0	464.0
79656	170785	480.0	324.0
79668	170785	482.0	323.0
79680	170785	483.8	323.2
79692	170785	487.6666666666667	324.06666666666666
79704	170785	491.0	326.0
79716	170785	493.0	325.0
79728	170785	496.0	325.0
79740	170785	500.0	327.0
79752	170785	504.0	327.0
79764	170785	508.0	328.0
79776	170785	513.0	328.0
79788	170785	518.0	329.0
79800	170785	524.0	330.0
79812	170785	531.0	331.0
79824	170785	538.0	332.0
79836	170785	546.0	333.0
79848	170785	557.0	334.0
79860	170785	569.0	336.0
79872	170785	583.0	339.0
79884	170785	600.0	342.0
79896	170785	619.0	341.0
79908	170785	631.0	322.0
79920	170785	684.0	343.0
79932	170785	737.0	361.0
79944	170785	812.0	373.0
79956	170785	930.0	392.0
79968	170785	1001.0	417.0
79800	170820	468.0	322.0
79812	170820	469.0	323.0
79824	170820	472.0	324.0
79836	170820	474.0	324.0
79848	170820	478.0	324.0
79860	170820	481.0	325.0
79872	170820	484.0	326.0
79884	170820	488.0	325.0
79896	170820	492.0	327.0
79908	170820	497.0	327.0
79920	170820	501.0	328.0
79932	170820	506.0	329.0
79944	170820	511.0	330.0
79956	170820	519.0	330.0
79968	170820	528.0	331.0
79980	170820	536.0	332.0
79992	170820	546.0	334.0
80004	170820	558.0	336.0
80016	170820	573.0	339.0
80028	170820	591.0	342.0
80040	170820	614.0	345.0
80052	170820	644.0	350.0
80064	170820	685.0	356.0
80076	170820	744.0	366.0
80088	170820	838.0	381.0
80100	170820	975.0	408.0
79944	170847	493.0	324.0
79956	170847	497.0	325.0
79968	170847	499.0	326.0
79980	170847	501.0	325.0
79992	170847	503.0	326.0
80004	170847	507.0	327.0
80016	170847	510.0	328.0
80028	170847	514.0	328.0
80040	170847	519.0	330.0
80052	170847	526.0	331.0
80064	170847	533.0	332.0
80076	170847	540.0	334.0
80088	170847	551.0	336.0
80100	170847	564.0	338.0
80112	170847	580.0	341.0
80124	170847	600.0	345.0
80136	170847	628.0	350.0
80148	170847	666.0	357.0
80160	170847	724.0	368.0
80172	170847	821.0	386.0
80184	170847	975.0	419.0
80040	170874	503.0	323.0
80052	170874	505.0	324.0
80064	170874	509.0	324.0
80076	170874	512.0	324.0
80088	170874	515.0	325.0
80100	170874	520.0	325.0
80112	170874	525.0	326.0
80124	170874	529.0	326.0
80136	170874	535.0	327.0
80148	170874	541.0	328.0
80160	170874	549.0	329.0
80172	170874	557.0	330.0
80184	170874	566.0	330.0
80196	170874	577.0	332.0
80208	170874	590.0	333.0
80220	170874	606.0	335.0
80232	170874	626.0	337.0
80244	170874	651.0	340.0
80256	170874	684.4	342.6
80268	170874	715.6	347.4
80280	170874	767.0	354.0
80292	170874	861.0	364.0
80304	170874	973.0	378.0
80040	170875	454.0	327.0
80052	170875	455.0	327.0
80064	170875	457.0	328.0
80076	170875	459.0	328.0
80088	170875	461.0	329.0
80100	170875	464.0	330.0
80112	170875	467.0	331.0
80124	170875	472.0	332.0
80136	170875	476.0	333.0
80148	170875	481.0	335.0
80160	170875	488.0	337.0
80172	170875	497.0	339.0
80184	170875	506.0	342.0
80196	170875	519.0	345.0
80208	170875	534.0	348.0
80220	170875	555.0	354.0
80232	170875	582.0	361.0
80244	170875	627.0	374.0
80256	170875	701.0	395.0
80268	170875	855.0	435.0
80280	170875	1030.0	530.0
80160	170896	447.5	324.0
80172	170896	449.0	324.5
80184	170896	451.0	326.0
80196	170896	453.0	326.0
80208	170896	454.0	326.0
80220	170896	457.0	326.0
80232	170896	460.0	328.0
80244	170896	461.0	328.0
80256	170896	465.0	329.0
80268	170896	469.0	328.0
80280	170896	472.0	330.0
80292	170896	476.0	330.0
80304	170896	480.0	331.0
80316	170896	485.0	331.0
80328	170896	491.0	333.0
80340	170896	497.0	334.0
80352	170896	504.0	336.0
80364	170896	513.0	338.0
80376	170896	523.0	341.0
80388	170896	536.0	344.0
80400	170896	553.0	348.0
80412	170896	573.0	352.0
80424	170896	601.0	359.0
80436	170896	643.0	369.0
80448	170896	707.0	384.0
80460	170896	819.0	410.0
80472	170896	989.0	463.0
80184	170905	472.0	327.0
80196	170905	478.0	328.0
80208	170905	480.0	328.0
80220	170905	484.0	330.0
80232	170905	487.0	330.0
80244	170905	491.0	331.0
80256	170905	494.0	333.0
80268	170905	501.0	334.0
80280	170905	506.0	335.0
80292	170905	512.0	337.0
80304	170905	522.0	340.0
80316	170905	532.0	342.0
80328	170905	547.0	345.0
80340	170905	563.0	350.0
80352	170905	586.0	355.0
80364	170905	620.0	363.0
80376	170905	669.0	376.0
80388	170905	749.0	396.0
80400	170905	905.0	433.0
80412	170905	1024.0	500.0
80292	170932	457.0	323.0
80304	170932	458.0	322.0
80316	170932	459.375	322.39285714285717
80328	170932	460.875	322.82142857142856
80340	170932	462.375	323.25
80352	170932	463.875	323.67857142857144
80364	170932	464.0	324.0
80376	170932	466.0	324.0
80388	170932	467.0	324.0
80400	170932	468.0	325.0
80412	170932	469.0	325.0
80424	170932	472.0	324.0
80436	170932	473.0	325.0
80448	170932	475.0	326.0
80460	170932	477.0	327.0
80472	170932	480.0	327.0
80484	170932	483.0	329.0
80496	170932	486.0	329.0
80508	170932	490.0	329.0
80520	170932	494.0	331.0
80532	170932	498.0	331.0
80544	170932	502.0	332.0
80556	170932	508.0	334.0
80568	170932	513.0	335.0
80580	170932	521.0	337.0
80592	170932	528.0	339.0
80604	170932	539.0	341.0
80616	170932	550.0	344.0
80628	170932	564.0	348.0
80640	170932	582.0	352.0
80652	170932	605.0	358.0
80664	170932	636.0	365.0
80676	170932	680.0	376.0
80688	170932	749.0	394.0
80700	170932	864.0	420.0
80712	170932	998.0	476.0
80364	170952	483.6666666666667	324.0
80376	170952	490.0	324.0
80388	170952	495.25	325.125
80400	170952	496.75	325.875
80412	170952	499.0	327.0
80424	170952	502.0	327.0
80436	170952	507.0	328.0
80448	170952	511.0	329.0
80460	170952	516.0	330.0
80472	170952	521.0	329.0
80484	170952	527.0	331.0
80496	170952	533.0	331.0
80508	170952	540.0	333.0
80520	170952	548.0	334.0
80532	170952	557.0	336.0
80544	170952	568.0	338.0
80556	170952	578.0	339.0
80568	170952	591.0	342.0
80580	170952	607.0	344.0
80592	170952	625.0	347.0
80604	170952	648.0	350.0
80616	170952	677.0	355.0
80628	170952	715.0	361.0
80640	170952	766.0	370.0
80652	170952	838.0	381.0
80664	170952	946.0	397.0
80676	170952	998.0	421.0
80544	171021	475.0	324.0
80556	171021	477.6	325.0
80568	171021	481.0	326.0
80580	171021	485.0	326.0
80592	171021	488.0	327.0
80604	171021	493.0	328.0
80616	171021	500.0	329.0
80628	171021	506.0	330.0
80640	171021	511.0	331.0
80652	171021	518.0	331.0
80664	171021	526.0	333.0
80676	171021	535.0	334.0
80688	171021	546.0	336.0
80700	171021	557.0	337.0
80712	171021	571.0	340.0
80724	171021	586.0	342.0
80736	171021	604.0	345.0
80748	171021	626.0	348.0
80760	171021	653.0	352.0
80772	171021	687.0	358.0
80784	171021	733.0	365.0
80796	171021	798.0	376.0
80808	171021	890.0	390.0
80820	171021	984.0	415.0
80616	171042	469.0	326.0
80628	171042	470.0	325.0
80640	171042	470.5	325.5
80652	171042	473.0	327.0
80664	171042	476.0	327.0
80676	171042	477.0	327.0
80688	171042	480.0	328.0
80700	171042	483.0	329.0
80712	171042	488.0	330.0
80724	171042	491.0	331.0
80736	171042	496.0	331.0
80748	171042	501.0	333.0
80760	171042	506.0	334.0
80772	171042	513.0	335.0
80784	171042	520.0	337.0
80796	171042	529.0	340.0
80808	171042	541.0	343.0
80820	171042	555.0	346.0
80832	171042	573.0	351.0
80844	171042	596.0	356.0
80856	171042	629.0	364.0
80868	171042	679.0	376.0
80880	171042	758.0	395.0
80892	171042	905.0	429.0
80904	171042	1024.0	500.0
80640	171046	490.0	325.0
80652	171046	494.42857142857144	325.0
80664	171046	497.0	326.0
80676	171046	499.0	327.0
80688	171046	503.0	327.0
80700	171046	506.0	327.0
80712	171046	509.0	328.0
80724	171046	514.0	328.0
80736	171046	518.0	329.0
80748	171046	523.0	329.0
80760	171046	529.0	331.0
80772	171046	535.0	331.0
80784	171046	542.0	332.0
80796	171046	550.0	334.0
80808	171046	560.0	336.0
80820	171046	569.0	338.0
80832	171046	582.0	339.0
80844	171046	591.0	332.0
80856	171046	596.0	320.0
80868	171046	630.0	338.0
80880	171046	654.0	352.0
80892	171046	696.0	358.0
80904	171046	752.0	367.0
80916	171046	827.0	379.0
80928	171046	945.0	398.0
80940	171046	1001.0	424.0
80712	171089	468.0	322.0
80724	171089	470.1463414634146	322.0487804878049
80736	171089	471.9024390243902	322.6341463414634
80748	171089	473.6585365853659	323.219512195122
80760	171089	475.4146341463415	323.8048780487805
80772	171089	477.5	324.0
80784	171089	480.0	324.0
80796	171089	482.0	324.0
80808	171089	486.0	326.0
80820	171089	490.0	325.0
80832	171089	492.0	325.0
80844	171089	496.0	326.0
80856	171089	499.0	327.0
80868	171089	502.0	327.0
80880	171089	508.0	328.0
80892	171089	512.0	328.0
80904	171089	518.0	330.0
80916	171089	523.0	331.0
80928	171089	531.0	332.0
80940	171089	539.0	333.0
80952	171089	547.0	334.0
80964	171089	558.0	336.0
80976	171089	570.0	338.0
80988	171089	585.0	341.0
81000	171089	603.0	344.0
81012	171089	625.0	347.0
81024	171089	653.0	351.0
81036	171089	690.0	357.0
81048	171089	744.0	366.0
81060	171089	822.0	378.0
81072	171089	948.0	397.0
81084	171089	1004.0	424.0
