0	8	370.0	288.0
12	8	370.0	288.0
24	8	370.0	288.0
36	8	370.0	288.0
48	8	370.0	288.0
60	8	370.0	288.0
72	8	370.0	288.0
84	8	370.0	288.0
96	8	370.0	288.0
108	8	370.0	287.0
120	8	370.0	288.0
132	8	370.0	287.0
144	8	370.0	287.0
156	8	370.0	288.0
168	8	370.0	288.0
180	8	370.0	288.0
192	8	370.0	287.0
204	8	370.0	288.0
216	8	370.0	288.0
228	8	370.0	287.0
240	8	371.0	288.0
252	8	370.0	287.0
264	8	370.0	287.0
276	8	370.0	287.0
288	8	371.0	288.0
300	8	370.0	287.0
312	8	371.0	288.0
324	8	370.0	288.0
336	8	370.0	288.0
348	8	370.0	288.0
360	8	370.0	288.0
372	8	370.0	287.0
384	8	370.0	287.0
396	8	370.0	287.0
408	8	370.0	288.0
420	8	370.0	288.0
432	8	370.0	287.0
444	8	370.0	288.0
456	8	370.0	287.0
468	8	370.0	287.0
480	8	370.0	287.0
492	8	370.0	287.0
504	8	370.0	287.0
516	8	370.0	287.0
528	8	370.0	287.0
540	8	370.0	287.0
552	8	370.0	287.0
564	8	370.0	287.0
576	8	370.0	287.0
588	8	370.0	287.0
600	8	370.0	288.0
612	8	370.0	288.0
624	8	370.0	288.0
636	8	370.0	288.0
648	8	370.0	288.0
660	8	370.0	287.0
672	8	370.0	287.0
684	8	370.0	288.0
696	8	370.0	287.0
708	8	370.0	287.0
720	8	370.0	287.0
732	8	371.0	288.0
744	8	371.0	288.0
756	8	371.0	288.0
768	8	370.0	287.0
780	8	371.0	288.0
792	8	371.0	287.0
804	8	371.0	288.0
816	8	371.0	287.0
828	8	371.0	288.0
840	8	371.0	288.0
852	8	371.0	287.0
864	8	371.0	288.0
876	8	371.0	288.0
888	8	371.0	288.0
900	8	371.0	287.0
912	8	371.0	288.0
924	8	371.0	288.0
936	8	371.0	288.0
948	8	371.0	287.0
960	8	371.0	288.0
972	8	371.0	288.0
984	8	370.0	287.0
996	8	371.0	288.0
1008	8	371.0	288.0
1020	8	371.0	288.0
1032	8	371.0	288.0
1044	8	372.0	288.0
1056	8	372.0	288.0
1068	8	372.0	288.0
1080	8	371.0	288.0
1092	8	371.0	288.0
1104	8	371.0	288.0
1116	8	371.0	288.0
1128	8	371.0	288.0
1140	8	371.0	288.0
1152	8	371.0	288.0
1164	8	371.0	288.0
1176	8	371.0	287.0
1188	8	371.0	287.0
1200	8	371.0	288.0
1212	8	371.0	287.0
1224	8	371.0	288.0
1236	8	371.0	288.0
1248	8	371.0	288.0
1260	8	371.0	287.0
1272	8	371.0	288.0
1284	8	371.0	288.0
1296	8	371.0	288.0
1308	8	371.0	288.0
1320	8	371.0	287.0
1332	8	370.0	288.0
1344	8	371.0	288.0
1356	8	371.0	288.0
1368	8	370.0	288.0
1380	8	371.0	288.0
1392	8	371.0	287.0
1404	8	370.0	287.0
1416	8	370.0	287.0
1428	8	371.0	288.0
1440	8	371.0	288.0
1452	8	370.0	288.0
1464	8	370.0	287.0
1476	8	370.0	287.0
1488	8	370.0	287.0
1500	8	370.0	287.0
1512	8	370.0	287.0
1524	8	370.0	287.0
1536	8	370.0	288.0
1548	8	370.0	288.0
1560	8	370.0	288.0
1572	8	370.0	287.0
1584	8	370.0	287.0
1596	8	370.0	288.0
1608	8	370.0	288.0
1620	8	370.0	287.0
1632	8	370.0	287.0
1644	8	370.0	287.0
1656	8	370.0	288.0
1668	8	370.0	287.0
1680	8	370.0	287.0
1692	8	370.0	288.0
1704	8	370.0	287.0
1716	8	370.0	287.0
1728	8	370.0	287.0
1740	8	370.0	287.0
1752	8	370.0	288.0
1764	8	370.0	287.0
1776	8	371.0	288.0
1788	8	370.0	288.0
1800	8	370.0	288.0
1812	8	370.0	288.0
1824	8	370.0	288.0
1836	8	370.0	288.0
1848	8	370.0	288.0
1860	8	370.0	288.0
1872	8	370.0	287.0
1884	8	370.0	288.0
1896	8	370.0	288.0
1908	8	370.0	288.0
1920	8	370.0	288.0
1932	8	370.0	288.0
1944	8	370.0	288.0
1956	8	370.0	288.0
1968	8	370.0	287.0
1980	8	370.0	287.0
1992	8	370.0	288.0
2004	8	370.0	288.0
2016	8	370.0	287.0
2028	8	369.0	288.0
2040	8	370.0	287.0
2052	8	370.0	287.0
2064	8	370.0	288.0
2076	8	370.0	288.0
2088	8	370.0	288.0
2100	8	370.0	288.0
2112	8	370.0	288.0
2124	8	370.0	287.0
2136	8	370.0	287.0
2148	8	370.0	287.0
2160	8	370.0	287.0
2172	8	370.0	287.0
2184	8	370.0	287.0
2196	8	370.0	287.0
2208	8	370.0	288.0
2220	8	370.0	288.0
2232	8	371.0	288.0
2244	8	371.0	288.0
2256	8	370.0	287.0
2268	8	371.0	288.0
2280	8	371.0	288.0
2292	8	372.0	288.0
2304	8	372.0	288.0
2316	8	373.0	288.0
2328	8	374.0	289.0
2340	8	375.0	289.0
2352	8	376.0	289.0
2364	8	376.0	288.0
2376	8	376.0	288.0
2388	8	376.0	289.0
2400	8	377.0	289.0
2412	8	378.0	288.0
2424	8	379.0	288.0
2436	8	380.0	288.0
2448	8	381.0	288.0
2460	8	382.0	288.0
2472	8	382.0	288.0
2484	8	384.0	288.0
2496	8	384.0	288.0
2508	8	385.0	288.0
2520	8	386.0	289.0
2532	8	387.0	289.0
2544	8	388.0	289.0
2556	8	389.0	289.0
2568	8	390.0	289.0
2580	8	390.0	290.0
2592	8	390.0	290.0
2604	8	392.0	289.0
2616	8	392.0	290.0
2628	8	393.0	290.0
2640	8	394.0	291.0
2652	8	394.0	291.0
2664	8	394.0	290.0
2676	8	394.0	290.0
2688	8	395.0	291.0
2700	8	396.0	291.0
2712	8	396.0	291.0
2724	8	397.0	291.0
2736	8	397.0	291.0
2748	8	397.0	292.0
2760	8	397.0	292.0
2772	8	397.0	292.0
2784	8	398.0	293.0
2796	8	398.0	293.0
2808	8	398.0	293.0
2820	8	399.0	293.0
2832	8	400.0	294.0
2844	8	400.0	294.0
2856	8	401.0	295.0
2868	8	402.0	294.0
2880	8	402.0	295.0
2892	8	402.0	295.0
2904	8	402.0	296.0
2916	8	403.0	296.0
2928	8	404.0	296.0
2940	8	405.0	297.0
2952	8	406.0	297.0
2964	8	406.0	296.0
2976	8	408.0	298.0
2988	8	409.0	299.0
3000	8	411.0	299.0
3012	8	412.0	301.0
3024	8	413.0	301.0
3036	8	415.0	302.0
3048	8	417.0	302.0
3060	8	420.0	303.0
3072	8	423.0	303.0
3084	8	426.0	305.0
3096	8	429.0	305.0
3108	8	435.0	306.0
3120	8	440.0	308.0
3132	8	445.0	309.0
3144	8	452.0	310.0
3156	8	459.0	312.0
3168	8	467.0	313.0
3180	8	476.0	316.0
3192	8	486.0	318.0
3204	8	496.0	320.0
3216	8	508.0	323.0
3228	8	522.0	327.0
3240	8	539.0	331.0
3252	8	558.0	336.0
3264	8	583.0	342.0
3276	8	611.0	350.0
3288	8	647.0	359.0
3300	8	696.0	372.0
3312	8	764.0	390.0
3324	8	863.0	415.0
3336	8	978.0	457.0
3348	8	1009.0	508.0
0	11	434.0	283.0
12	11	435.0	283.0
24	11	436.0	284.0
36	11	436.0	284.0
48	11	439.0	284.0
60	11	439.0	284.0
72	11	441.42857142857144	284.0
84	11	442.5	284.5
96	11	443.0	283.0
108	11	446.0	286.0
120	11	447.0	286.0
132	11	449.0	287.0
144	11	452.0	288.0
156	11	454.0	288.0
168	11	456.0	288.0
180	11	459.0	290.0
192	11	462.0	290.0
204	11	467.0	291.0
216	11	472.0	291.0
228	11	476.0	292.0
240	11	483.0	293.0
252	11	489.0	294.0
264	11	498.0	296.0
276	11	508.0	297.0
288	11	520.0	299.0
300	11	535.0	302.0
312	11	552.0	304.0
324	11	573.0	307.0
336	11	602.0	312.0
348	11	639.0	317.0
360	11	690.0	325.0
372	11	763.0	336.0
384	11	877.0	354.0
396	11	988.0	383.0
408	11	1010.0	392.0
420	11	993.0	388.0
432	11	1007.0	394.0
24	18	457.0	286.0
36	18	460.0	286.0
48	18	461.7142857142857	286.14285714285717
60	18	466.0	287.0
72	18	469.0	288.0
84	18	473.0	288.0
96	18	478.0	288.0
108	18	481.0	289.0
120	18	487.0	290.0
132	18	491.0	290.0
144	18	497.0	291.0
156	18	505.0	292.0
168	18	511.0	293.0
180	18	521.0	294.0
192	18	531.0	296.0
204	18	544.0	297.0
216	18	557.0	299.0
228	18	573.0	301.0
240	18	592.0	302.0
252	18	617.0	305.0
264	18	646.0	309.0
276	18	685.0	313.0
288	18	736.0	319.0
300	18	806.0	327.0
312	18	907.0	340.0
324	18	992.0	360.0
192	54	416.6666666666667	283.0
204	54	418.0	283.0
216	54	418.0	283.0
228	54	419.0	283.0
240	54	421.0	283.0
252	54	421.0	283.0
264	54	423.0	283.0
276	54	424.0	284.0
288	54	424.46153846153845	285.0
300	54	427.0	285.0
312	54	429.0	285.0
324	54	431.0	286.0
336	54	433.0	286.0
348	54	437.0	287.0
360	54	439.0	287.0
372	54	442.0	287.0
384	54	444.0	288.0
396	54	448.0	288.0
408	54	451.0	289.0
420	54	457.0	289.0
432	54	461.0	289.0
444	54	465.0	291.0
456	54	471.0	292.0
468	54	477.0	293.0
480	54	485.0	294.0
492	54	493.0	295.0
504	54	502.0	296.0
516	54	513.0	298.0
528	54	527.0	300.0
540	54	545.0	303.0
552	54	565.0	306.0
564	54	593.0	310.0
576	54	631.0	317.0
588	54	685.0	325.0
600	54	768.0	339.0
612	54	910.0	362.0
276	72	454.0	285.0
288	72	458.0	286.0
300	72	464.0	287.0
312	72	470.0	288.0
324	72	475.0	289.0
336	72	481.0	289.0
348	72	486.0	289.0
360	72	491.0	290.0
372	72	499.0	292.0
384	72	506.0	292.0
396	72	514.0	293.0
408	72	523.0	294.0
420	72	535.0	295.0
432	72	547.0	296.0
444	72	563.0	298.0
456	72	581.0	300.0
468	72	602.0	302.0
480	72	628.0	305.0
492	72	660.0	310.0
504	72	703.0	314.0
516	72	760.0	321.0
528	72	839.0	330.0
540	72	957.0	344.0
408	104	478.0	285.0
420	104	481.42857142857144	285.0
432	104	485.0	286.0
444	104	489.5833333333333	286.0
456	104	494.7142857142857	286.3142857142857
468	104	499.85714285714283	286.65714285714284
480	104	505.0	287.0
492	104	510.0	288.0
504	104	516.4	288.0
516	104	524.0	289.0
528	104	531.0576923076923	289.5192307692308
540	104	539.1346153846154	290.21153846153845
552	104	547.2115384615385	290.90384615384613
564	104	555.2884615384615	291.59615384615387
576	104	567.0	293.0
588	104	581.0	294.0
600	104	598.0	296.0
612	104	615.0	297.0
624	104	637.0	299.0
636	104	663.0	301.0
648	104	694.0	304.0
660	104	733.0	308.0
672	104	782.0	311.0
684	104	848.0	317.0
696	104	938.0	325.0
516	136	465.0	285.0
528	136	465.75471698113205	284.811320754717
540	136	466.66037735849056	284.58490566037733
552	136	467.5660377358491	284.35849056603774
564	136	468.47169811320754	284.1320754716981
576	136	470.0	284.0
588	136	473.09375	284.6875
600	136	476.46875	285.4375
612	136	481.0	287.0
624	136	484.35714285714283	286.0
636	136	488.64285714285717	286.0
648	136	493.0	288.0
660	136	498.0	289.0
672	136	504.0	289.0
684	136	510.0	290.0
696	136	515.0	289.0
708	136	523.0	291.0
720	136	531.0	291.0
732	136	541.0	292.0
744	136	551.0	293.0
756	136	563.0	294.0
768	136	575.0	295.0
780	136	590.0	297.0
792	136	609.0	299.0
804	136	629.0	301.0
816	136	655.0	304.0
828	136	685.0	306.0
840	136	722.0	310.0
852	136	770.0	314.0
864	136	833.0	321.0
876	136	919.0	329.0
888	136	984.0	340.0
588	150	456.3333333333333	284.0
600	150	459.0	284.0
612	150	461.0	285.0
624	150	463.88	284.52
636	150	466.76	284.04
648	150	467.25	285.0
660	150	472.0	286.0
672	150	476.5	286.0
684	150	480.0	287.0
696	150	482.0	286.0
708	150	486.0	287.0
720	150	492.0	288.0
732	150	497.0	288.0
744	150	503.0	288.0
756	150	508.0	289.0
768	150	514.0	290.0
780	150	522.0	291.0
792	150	531.0	292.0
804	150	541.0	293.0
816	150	552.0	294.0
828	150	566.0	295.0
840	150	580.0	297.0
852	150	598.0	298.0
864	150	618.0	300.0
876	150	643.0	303.0
888	150	674.0	306.0
900	150	713.0	310.0
912	150	764.0	314.0
924	150	833.0	322.0
936	150	932.0	332.0
948	150	991.0	344.0
600	153	491.0	287.0
612	153	495.0	288.0
624	153	501.0	288.0
636	153	507.0	289.0
648	153	513.0	290.0
660	153	520.0	290.0
672	153	528.0	291.0
684	153	537.0	292.0
696	153	546.0	293.0
708	153	559.0	294.0
720	153	571.0	295.0
732	153	585.0	296.0
744	153	602.0	298.0
756	153	622.0	300.0
768	153	645.0	302.0
780	153	672.0	304.0
792	153	708.0	308.0
804	153	752.0	313.0
816	153	810.0	318.0
828	153	888.0	326.0
840	153	973.0	335.0
756	181	477.0	286.0
768	181	481.0	286.0
780	181	484.0	286.0
792	181	490.0	287.0
804	181	493.0	288.0
816	181	498.0	288.0
828	181	503.0	289.0
840	181	508.0	289.0
852	181	514.0	290.0
864	181	521.0	290.0
876	181	529.0	292.0
888	181	537.0	292.0
900	181	546.0	292.0
912	181	558.0	294.0
924	181	570.0	295.0
936	181	586.0	297.0
948	181	603.0	298.0
960	181	624.0	301.0
972	181	649.0	303.0
984	181	682.0	306.0
996	181	718.0	309.0
1008	181	768.0	315.0
1020	181	835.0	321.0
1032	181	927.0	321.0
756	182	443.0	286.0
768	182	443.0	287.0
780	182	445.0	288.0
792	182	448.0	288.0
804	182	450.0	288.0
816	182	455.0	289.0
828	182	457.0	290.0
840	182	461.0	290.0
852	182	466.0	291.0
864	182	471.0	292.0
876	182	476.0	293.0
888	182	483.0	294.0
900	182	491.0	295.0
912	182	499.0	297.0
924	182	510.0	299.0
936	182	522.0	300.0
948	182	537.0	303.0
960	182	555.0	306.0
972	182	578.0	309.0
984	182	607.0	314.0
996	182	645.0	321.0
1008	182	701.0	330.0
1020	182	784.0	344.0
1032	182	922.0	367.0
1044	182	1012.0	404.0
780	194	409.0	285.0
792	194	412.0	285.0
804	194	413.0	286.0
816	194	414.0	286.0
828	194	414.0	286.0
840	194	416.0	287.0
852	194	416.0	288.0
864	194	417.0	288.0
876	194	419.0	288.0
888	194	420.0	288.0
900	194	422.0	289.0
912	194	423.0	289.0
924	194	425.0	289.0
936	194	427.0	291.0
948	194	430.0	291.0
960	194	432.0	293.0
972	194	436.0	292.0
984	194	439.0	294.0
996	194	443.0	295.0
1008	194	447.0	296.0
1020	194	453.0	297.0
1032	194	458.0	299.0
1044	194	465.0	301.0
1056	194	473.0	303.0
1068	194	483.0	306.0
1080	194	495.0	309.0
1092	194	511.0	313.0
1104	194	531.0	318.0
1116	194	556.0	324.0
1128	194	593.0	335.0
1140	194	647.0	349.0
1152	194	739.0	373.0
1164	194	920.0	420.0
1176	194	1026.0	493.0
792	198	433.0	285.0
804	198	434.0	285.0
816	198	437.94117647058823	285.5882352941176
828	198	440.0	286.0
840	198	442.0	286.0
852	198	445.0	287.0
864	198	448.0	288.0
876	198	451.0	288.0
888	198	456.0	288.0
900	198	460.0	289.0
912	198	463.0	290.0
924	198	467.0	291.0
936	198	473.0	292.0
948	198	479.0	292.0
960	198	484.0	293.0
972	198	491.0	294.0
984	198	499.0	295.0
996	198	508.0	297.0
1008	198	519.0	299.0
1020	198	531.0	300.0
1032	198	546.0	302.0
1044	198	564.0	306.0
1056	198	587.0	309.0
1068	198	616.0	314.0
1080	198	656.0	320.0
1092	198	712.0	330.0
1104	198	796.0	344.0
1116	198	938.0	366.0
840	204	430.0	285.0
852	204	431.0	284.0
864	204	432.0	284.0
876	204	436.0	286.0
888	204	438.0	286.0
900	204	439.0	286.0
912	204	442.0	286.0
924	204	444.0	287.0
936	204	446.0	288.0
948	204	449.0	288.0
960	204	453.0	289.0
972	204	458.0	289.0
984	204	461.0	290.0
996	204	466.0	291.0
1008	204	472.0	292.0
1020	204	477.0	292.0
1032	204	485.0	294.0
1044	204	493.0	295.0
1056	204	502.0	297.0
1068	204	514.0	298.0
1080	204	528.0	301.0
1092	204	545.0	304.0
1104	204	566.0	307.0
1116	204	594.0	312.0
1128	204	631.0	318.0
1140	204	682.0	326.0
1152	204	759.0	338.0
1164	204	869.0	320.0
984	231	419.0	288.0
996	231	420.0	288.0
1008	231	423.0	290.0
1020	231	425.0	289.0
1032	231	429.0	290.0
1044	231	431.0	291.0
1056	231	434.0	291.0
1068	231	438.0	293.0
1080	231	441.0	293.0
1092	231	445.0	295.0
1104	231	449.0	295.0
1116	231	454.0	297.0
1128	231	459.0	298.0
1140	231	465.0	300.0
1152	231	471.0	302.0
1164	231	480.0	304.0
1176	231	490.0	306.0
1188	231	502.0	310.0
1200	231	518.0	313.0
1212	231	538.0	319.0
1224	231	563.0	326.0
1236	231	601.0	336.0
1248	231	657.0	351.0
1260	231	750.0	376.0
1272	231	932.0	423.0
1284	231	1021.0	485.0
1044	245	417.0	286.0
1056	245	418.0	287.0
1068	245	420.0	288.0
1080	245	422.0	288.0
1092	245	424.0	289.0
1104	245	425.0	289.0
1116	245	428.0	290.0
1128	245	430.0	290.0
1140	245	432.0	291.0
1152	245	437.0	292.0
1164	245	439.0	293.0
1176	245	443.0	294.0
1188	245	447.0	294.0
1200	245	452.0	295.0
1212	245	457.0	296.0
1224	245	463.0	298.0
1236	245	469.0	299.0
1248	245	478.0	301.0
1260	245	488.0	304.0
1272	245	498.0	306.0
1284	245	513.0	309.0
1296	245	530.0	313.0
1308	245	552.0	319.0
1320	245	580.0	325.0
1332	245	621.0	336.0
1344	245	680.0	350.0
1356	245	779.0	375.0
1368	245	958.0	420.0
1380	245	1021.0	465.0
1092	261	405.0	284.0
1104	261	405.0	283.0
1116	261	406.0	284.0
1128	261	405.0	285.0
1140	261	408.0	285.0
1152	261	409.0	285.0
1164	261	409.0	285.0
1176	261	411.0	284.0
1188	261	410.0	284.0
1200	261	412.0	285.0
1212	261	413.0	285.0
1224	261	413.0	286.0
1236	261	415.0	286.0
1248	261	416.0	286.0
1260	261	417.0	287.0
1272	261	418.0	287.0
1284	261	418.0	288.0
1296	261	421.0	288.0
1308	261	421.0	288.0
1320	261	423.0	289.0
1332	261	425.0	289.0
1344	261	426.0	289.0
1356	261	428.0	290.0
1368	261	431.0	291.0
1380	261	433.0	292.0
1392	261	436.0	293.0
1404	261	439.0	293.0
1416	261	443.0	295.0
1428	261	447.0	296.0
1440	261	452.0	296.0
1452	261	458.0	298.0
1464	261	464.0	300.0
1476	261	471.0	301.0
1488	261	481.0	304.0
1500	261	492.0	307.0
1512	261	505.0	310.0
1524	261	521.0	314.0
1536	261	542.0	319.0
1548	261	568.0	326.0
1560	261	607.0	337.0
1572	261	663.0	351.0
1584	261	758.0	377.0
1596	261	943.0	424.0
1608	261	1027.0	491.0
1104	270	475.0	287.0
1116	270	480.0	288.0
1128	270	485.0	289.0
1140	270	490.0	290.0
1152	270	495.0	290.0
1164	270	500.0	291.0
1176	270	507.0	291.0
1188	270	515.0	293.0
1200	270	522.0	293.0
1212	270	530.5652173913044	290.8695652173913
1224	270	537.3478260869565	289.30434782608694
1236	270	547.0	291.0
1248	270	565.0	298.0
1260	270	584.0	301.0
1272	270	603.0	303.0
1284	270	628.0	307.0
1296	270	658.0	310.0
1308	270	696.0	314.0
1320	270	746.0	319.0
1332	270	813.0	327.0
1344	270	909.0	339.0
1356	270	986.0	355.0
1224	322	442.0	286.0
1236	322	443.0	286.0
1248	322	446.0	287.0
1260	322	449.0	288.0
1272	322	452.0	288.0
1284	322	456.0	288.0
1296	322	460.0	290.0
1308	322	465.0	290.0
1320	322	471.0	292.0
1332	322	476.0	292.0
1344	322	483.0	293.0
1356	322	492.0	295.0
1368	322	501.0	296.0
1380	322	512.0	297.0
1392	322	526.0	300.0
1404	322	542.0	302.0
1416	322	563.0	306.0
1428	322	589.0	309.0
1440	322	624.0	315.0
1452	322	676.0	324.0
1464	322	751.0	336.0
1476	322	878.0	356.0
1488	322	1008.0	395.0
1260	328	431.0	285.0
1272	328	431.0	285.0
1284	328	433.0	286.0
1296	328	436.14285714285717	286.1904761904762
1308	328	439.57142857142856	286.76190476190476
1320	328	444.0	288.0
1332	328	445.0	288.0
1344	328	449.0	289.0
1356	328	451.0	289.0
1368	328	456.0	289.0
1380	328	461.0	290.0
1392	328	465.0	291.0
1404	328	470.0	291.0
1416	328	475.0	292.0
1428	328	481.0	293.0
1440	328	487.0	293.0
1452	328	495.0	295.0
1464	328	504.0	296.0
1476	328	513.0	297.0
1488	328	524.0	299.0
1500	328	537.0	300.0
1512	328	552.0	303.0
1524	328	569.0	306.0
1536	328	591.0	309.0
1548	328	620.0	313.0
1560	328	657.0	319.0
1572	328	708.0	327.0
1584	328	784.0	337.0
1272	331	399.0	282.0
1284	331	399.85714285714283	282.0
1296	331	400.0	283.0
1308	331	400.0	283.0
1320	331	400.4	283.0
1332	331	401.6	283.0
1344	331	402.8	283.0
1356	331	403.4761904761905	283.4761904761905
1368	331	404.0	284.0
1380	331	405.0	284.0
1392	331	407.0	285.0
1404	331	407.0	285.0
1416	331	409.0	285.0
1428	331	410.0	285.0
1440	331	410.0	284.0
1452	331	412.0	285.0
1464	331	412.22222222222223	285.22222222222223
1476	331	414.0	287.0
1488	331	416.0	286.0
1500	331	416.0	286.0
1512	331	417.0	286.0
1524	331	418.0	288.0
1536	331	419.0	288.0
1548	331	420.0	288.0
1560	331	422.0	288.0
1572	331	424.0	289.0
1584	331	425.0	289.0
1596	331	428.0	290.0
1608	331	429.0	291.0
1620	331	432.0	291.0
1632	331	435.0	292.0
1644	331	437.0	293.0
1656	331	440.0	294.0
1668	331	444.0	295.0
1680	331	449.0	296.0
1692	331	453.0	297.0
1704	331	459.0	299.0
1716	331	466.0	301.0
1728	331	474.0	303.0
1740	331	484.0	306.0
1752	331	496.0	309.0
1764	331	512.0	313.0
1776	331	532.0	318.0
1788	331	559.0	324.0
1800	331	595.0	334.0
1812	331	652.0	349.0
1824	331	747.0	374.0
1836	331	935.0	422.0
1848	331	1012.0	462.0
1452	382	470.0	285.0
1464	382	470.4142857142857	285.3857142857143
1476	382	472.3	285.9
1488	382	474.1857142857143	286.4142857142857
1500	382	476.07142857142856	286.92857142857144
1512	382	477.95714285714286	287.4428571428571
1524	382	479.84285714285716	287.95714285714286
1536	382	486.0	289.0
1548	382	495.0	291.0
1560	382	502.0	292.0
1572	382	510.0	293.0
1584	382	519.0	294.0
1596	382	530.0	295.0
1608	382	543.0	296.0
1620	382	556.0	298.0
1632	382	575.0	300.0
1644	382	595.0	302.0
1656	382	620.0	305.0
1668	382	653.0	309.0
1680	382	696.0	314.0
1692	382	753.0	321.0
1704	382	835.0	331.0
1716	382	957.0	345.0
1536	415	466.0	285.0
1548	415	471.0	285.0
1560	415	476.0	286.0
1572	415	478.0	286.0
1584	415	481.0	286.0
1596	415	485.0	287.0
1608	415	491.0	288.0
1620	415	495.0	288.0
1632	415	501.0	289.0
1644	415	507.0	289.0
1656	415	514.0	290.0
1668	415	522.0	290.0
1680	415	531.0	291.0
1692	415	541.0	292.0
1704	415	550.0	293.0
1716	415	564.0	295.0
1728	415	577.0	296.0
1740	415	593.0	297.0
1752	415	612.0	299.0
1764	415	633.0	301.0
1776	415	661.0	304.0
1788	415	694.0	307.0
1800	415	736.0	311.0
1812	415	789.0	316.0
1824	415	863.0	323.0
1836	415	968.0	333.0
1584	423	451.0	285.0
1596	423	455.0	286.0
1608	423	458.0	286.0
1620	423	461.0	286.0
1632	423	464.0	286.0
1644	423	467.0	287.0
1656	423	472.0	288.0
1668	423	476.0	288.0
1680	423	480.0	289.0
1692	423	485.0	290.0
1704	423	491.0	290.0
1716	423	497.0	291.0
1728	423	505.0	292.0
1740	423	513.0	293.0
1752	423	522.0	294.0
1764	423	533.0	295.0
1776	423	546.0	297.0
1788	423	561.5263157894736	299.3157894736842
1800	423	576.6842105263158	301.2105263157895
1812	423	591.8421052631579	303.10526315789474
1824	423	607.0	305.0
1836	423	655.0	310.0
1848	423	701.0	315.0
1860	423	761.0	323.0
1872	423	846.0	332.0
1884	423	965.0	348.0
1632	441	415.0	285.0
1644	441	417.3333333333333	286.0
1656	441	418.0	286.0
1668	441	420.0	286.0
1680	441	420.0	287.0
1692	441	422.0	288.0
1704	441	423.0	288.0
1716	441	425.0	288.0
1728	441	426.0	289.0
1740	441	429.0	290.0
1752	441	431.0	290.0
1764	441	433.0	291.0
1776	441	436.0	291.0
1788	441	439.0	292.0
1800	441	443.0	293.0
1812	441	447.0	294.0
1824	441	451.0	295.0
1836	441	457.0	296.0
1848	441	462.0	298.0
1860	441	469.0	299.0
1872	441	477.0	301.0
1884	441	486.0	303.0
1896	441	496.0	306.0
1908	441	510.0	309.0
1920	441	526.0	312.0
1932	441	547.0	317.0
1944	441	575.0	324.0
1956	441	615.0	334.0
1968	441	672.0	348.0
1980	441	771.0	371.0
1992	441	953.0	416.0
1656	447	405.0	285.0
1668	447	405.0	285.0
1680	447	405.4166666666667	284.5833333333333
1692	447	405.9166666666667	284.0833333333333
1704	447	408.0	284.0
1716	447	409.0	285.0
1728	447	411.0	285.14285714285717
1740	447	411.6896551724138	285.0
1752	447	413.3448275862069	285.0
1764	447	415.0	285.0
1776	447	417.0	287.0
1788	447	419.0	288.0
1800	447	421.0	288.0
1812	447	423.0	288.0
1824	447	425.0	289.0
1836	447	427.0	289.0
1848	447	428.0	290.0
1860	447	431.0	291.0
1872	447	433.0	291.0
1884	447	436.0	292.0
1896	447	440.0	293.0
1908	447	444.0	294.0
1920	447	448.0	295.0
1932	447	454.0	296.0
1944	447	460.0	299.0
1956	447	466.0	300.0
1968	447	474.0	302.0
1980	447	483.0	305.0
1992	447	496.0	307.0
2004	447	512.0	312.0
2016	447	530.0	317.0
2028	447	555.0	323.0
2040	447	593.0	333.0
2052	447	647.0	347.0
2064	447	742.0	372.0
2076	447	929.0	418.0
2088	447	1026.0	486.0
1812	534	401.0	282.0
1824	534	401.0	283.0
1836	534	400.5	283.0
1848	534	401.0	283.0
1860	534	401.0	283.0
1872	534	401.0	283.0
1884	534	402.0	283.0
1896	534	403.0	284.0
1908	534	403.0	284.0
1920	534	403.0	284.0
1932	534	404.0	284.0
1944	534	404.0	284.0
1956	534	405.0	285.0
1968	534	405.0	284.0
1980	534	407.0	285.0
1992	534	408.0	284.0
2004	534	409.0	285.0
2016	534	409.0	286.0
2028	534	410.0	285.0
2040	534	412.0	287.0
2052	534	413.0	286.8333333333333
2064	534	414.75	287.0
2076	534	416.0	288.0
2088	534	418.0	288.0
2100	534	419.0	287.0
2112	534	421.0	287.0
2124	534	423.0	289.0
2136	534	426.0	290.0
2148	534	429.0	290.0
2160	534	432.0	292.0
2172	534	434.0	292.0
2184	534	438.0	293.0
2196	534	444.0	294.0
2208	534	449.0	294.0
2220	534	456.0	296.0
2232	534	464.0	297.0
2244	534	472.0	299.0
2256	534	483.0	300.0
2268	534	495.0	303.0
2280	534	510.0	305.0
2292	534	526.0	308.0
2304	534	547.0	312.0
2316	534	576.0	317.0
2328	534	613.0	323.0
2340	534	667.0	333.0
2352	534	747.0	348.0
2364	534	875.0	370.0
2376	534	1007.0	416.0
1884	567	419.0	289.0
1896	567	422.0	289.0
1908	567	426.0	290.0
1920	567	429.0	290.0
1932	567	433.0	291.0
1944	567	439.0	292.0
1956	567	443.0	292.0
1968	567	449.0	294.0
1980	567	455.0	295.0
1992	567	463.0	296.0
2004	567	473.0	298.0
2016	567	487.0	300.0
2028	567	502.0	302.0
2040	567	522.0	304.0
2052	567	545.0	307.0
2064	567	572.0	311.0
2076	567	604.0	316.0
2088	567	648.0	323.0
2100	567	707.0	333.0
2112	567	796.0	347.0
2124	567	940.0	371.0
2136	567	1007.0	399.0
2004	592	434.0	284.0
2016	592	435.0	286.0
2028	592	437.5	287.0
2040	592	441.0	287.0
2052	592	443.0	287.0
2064	592	445.0	287.0
2076	592	449.0	288.0
2088	592	451.0	288.0
2100	592	454.0	288.0
2112	592	458.0	288.0
2124	592	462.0	290.0
2136	592	466.0	290.0
2148	592	470.0	291.0
2160	592	475.0	292.0
2172	592	481.0	293.0
2184	592	488.0	294.0
2196	592	495.0	295.0
2208	592	506.0	296.0
2220	592	516.0	298.0
2232	592	528.0	300.0
2244	592	542.0	302.0
2256	592	560.0	305.0
2268	592	583.0	308.0
2280	592	611.0	313.0
2292	592	649.0	319.0
2304	592	700.0	327.0
2316	592	775.0	339.0
2328	592	898.0	360.0
2340	592	996.0	386.0
2052	604	454.85714285714283	283.57142857142856
2064	604	458.2	284.0
2076	604	460.6	284.0
2088	604	463.0	284.0
2100	604	466.0	285.0
2112	604	469.0	285.0
2124	604	473.2	285.0
2136	604	477.0	286.0
2148	604	481.0	285.0
2160	604	484.6923076923077	285.53846153846155
2172	604	490.0	287.0
2184	604	497.0	287.0
2196	604	501.5	287.0
2208	604	507.5	288.0
2220	604	513.5	289.09090909090907
2232	604	519.5	290.1818181818182
2244	604	525.5	291.27272727272725
2256	604	531.5	292.3636363636364
2268	604	539.0	293.0
2280	604	556.0	295.0
2292	604	576.0	297.0
2304	604	599.0	300.0
2316	604	624.0	303.0
2328	604	656.0	306.0
2340	604	697.0	311.0
2352	604	755.0	319.0
2364	604	829.0	308.0
2376	604	948.0	313.0
2196	636	390.0	283.0
2208	636	391.95238095238096	283.0
2220	636	393.0952380952381	283.0
2232	636	394.23809523809524	283.0
2244	636	396.0	283.0
2256	636	396.0	282.0
2268	636	397.0	282.0
2280	636	397.0	282.0
2292	636	397.0	281.0
2304	636	398.0	282.0
2316	636	398.0	281.0
2328	636	399.0	282.0
2340	636	400.0	283.0
2352	636	400.0	283.0
2364	636	400.45454545454544	283.0
2376	636	401.0	283.0
2388	636	401.8	283.0
2400	636	403.0	284.0
2412	636	405.0	284.0
2424	636	406.0	283.0
2436	636	406.0	284.0
2448	636	406.0	284.0
2460	636	409.0	284.0
2472	636	408.0	284.0
2484	636	410.0	285.0
2496	636	410.0	284.0
2508	636	412.0	285.0
2520	636	412.0	285.0
2532	636	414.22727272727275	286.0
2544	636	415.8636363636364	286.0
2556	636	417.0	286.0
2568	636	419.0	286.0
2580	636	420.0	288.0
2592	636	422.0	288.0
2604	636	423.0	288.0
2616	636	424.0	289.0
2628	636	427.0	290.0
2640	636	428.0	290.0
2652	636	432.0	291.0
2664	636	434.0	291.0
2676	636	438.0	292.0
2688	636	442.0	293.0
2700	636	447.0	295.0
2712	636	452.0	295.0
2724	636	459.0	297.0
2736	636	466.0	299.0
2748	636	475.0	301.0
2760	636	484.0	303.0
2772	636	497.0	306.0
2784	636	512.0	310.0
2796	636	531.0	315.0
2808	636	557.0	321.0
2820	636	594.0	331.0
2832	636	652.0	346.0
2844	636	753.0	372.0
2856	636	953.0	426.0
2232	642	453.0	284.0
2244	642	455.0	285.0
2256	642	458.0	285.0
2268	642	461.0	286.0
2280	642	464.0	286.0
2292	642	468.0	286.0
2304	642	471.0	287.0
2316	642	475.0	288.0
2328	642	479.0	288.0
2340	642	484.0	289.0
2352	642	491.0	290.0
2364	642	496.0	290.0
2376	642	504.0	291.0
2388	642	510.0	292.0
2400	642	520.0	292.0
2412	642	530.0	295.0
2424	642	542.0	295.0
2436	642	555.0	297.0
2448	642	570.0	299.0
2460	642	590.0	301.0
2472	642	613.0	304.0
2484	642	641.0	307.0
2496	642	679.0	312.0
2508	642	727.0	318.0
2520	642	793.0	325.0
2532	642	890.0	337.0
2544	642	974.0	351.0
2556	642	997.0	360.0
2568	642	986.0	342.0
2580	642	1002.0	365.0
2280	653	422.0	283.0
2292	653	423.0	283.0
2304	653	424.0	284.0
2316	653	425.51724137931035	284.0
2328	653	427.17241379310343	284.0
2340	653	428.3636363636364	285.0
2352	653	430.54545454545456	285.0
2364	653	433.0	285.0
2376	653	436.0	286.0
2388	653	437.0	286.0
2400	653	440.2	286.0
2412	653	443.0	288.0
2424	653	445.0	288.0
2436	653	448.0	288.0
2448	653	451.0	289.0
2460	653	456.0	290.0
2472	653	461.0	290.0
2484	653	465.0	292.0
2496	653	470.0	293.0
2508	653	477.0	293.0
2520	653	484.0	295.0
2532	653	493.0	296.0
2544	653	503.0	298.0
2556	653	515.0	300.0
2568	653	530.0	302.0
2580	653	548.0	305.0
2592	653	571.0	309.0
2604	653	601.0	314.0
2616	653	642.0	321.0
2628	653	701.0	331.0
2640	653	795.0	348.0
2652	653	956.0	376.0
2292	655	440.0	283.0
2304	655	440.5	284.0
2316	655	442.44444444444446	284.0
2328	655	446.1463414634146	285.0
2340	655	447.9024390243902	285.0
2352	655	449.6585365853659	285.0
2364	655	451.4146341463415	285.0
2376	655	454.0	285.0
2388	655	456.3333333333333	286.0
2400	655	458.6666666666667	286.0
2412	655	461.47058823529414	286.4117647058824
2424	655	466.0	287.0
2436	655	469.0	288.0
2448	655	473.0	288.0
2460	655	478.0	289.0
2472	655	482.0	289.0
2484	655	487.0	290.0
2496	655	494.0	291.0
2508	655	500.0	292.0
2520	655	508.0	292.0
2532	655	517.0	293.0
2544	655	528.0	294.0
2556	655	540.0	295.0
2568	655	553.0	297.0
2580	655	569.0	299.0
2592	655	589.0	301.0
2604	655	614.0	304.0
2460	707	431.0	285.0
2472	707	431.0	285.0
2484	707	433.0	286.0
2496	707	435.0	286.0
2508	707	437.0	286.0
2520	707	441.0	287.0
2532	707	443.0	288.0
2544	707	445.0	289.0
2556	707	448.0	289.0
2568	707	451.0	290.0
2580	707	455.0	290.0
2592	707	458.0	290.0
2604	707	463.0	292.0
2616	707	468.0	293.0
2628	707	475.0	295.0
2640	707	482.0	296.0
2652	707	491.0	297.0
2664	707	502.0	299.0
2676	707	516.0	301.0
2688	707	533.0	305.0
2700	707	555.0	308.0
2712	707	582.0	313.0
2724	707	620.0	320.0
2736	707	676.0	331.0
2748	707	764.0	348.0
2760	707	929.0	380.0
2556	737	428.0	284.0
2568	737	430.2	285.0
2580	737	431.0	285.0
2592	737	434.0	286.0
2604	737	436.0	285.0
2616	737	438.0	287.0
2628	737	442.0	287.0
2640	737	444.0	287.0
2652	737	447.0	287.0
2664	737	450.0	289.0
2676	737	455.0	289.0
2688	737	460.0	290.0
2700	737	464.0	291.0
2712	737	469.0	292.0
2724	737	476.0	292.0
2736	737	484.0	295.0
2748	737	492.0	296.0
2760	737	502.0	297.0
2772	737	515.0	299.0
2784	737	531.0	302.0
2796	737	550.0	305.0
2808	737	575.0	310.0
2820	737	608.0	315.0
2832	737	651.0	317.0
2844	737	695.6666666666666	306.0
2856	737	803.0	343.0
2868	737	976.0	387.0
2760	802	453.0	285.0
2772	802	457.0	286.0
2784	802	461.0	286.0
2796	802	464.0	286.0
2808	802	467.0	286.0
2820	802	473.0	288.0
2832	802	476.0	287.0
2844	802	481.0	288.0
2856	802	488.0	290.0
2868	802	493.0	290.0
2880	802	501.0	292.0
2892	802	509.0	292.0
2904	802	518.0	293.0
2916	802	530.0	295.0
2928	802	542.0	296.0
2940	802	557.0	298.0
2952	802	574.0	299.0
2964	802	596.0	301.0
2976	802	624.0	304.0
2988	802	656.0	308.0
3000	802	701.0	313.0
3012	802	760.0	319.0
3024	802	843.0	330.0
3036	802	962.0	343.0
2820	818	406.0	285.0
2832	818	408.0	286.0
2844	818	409.0	285.0
2856	818	412.0	286.0
2868	818	414.0	286.0
2880	818	418.0	288.0
2892	818	422.0	288.0
2904	818	425.0	289.0
2916	818	427.0	289.0
2928	818	431.0	289.0
2940	818	434.0	291.0
2952	818	439.0	291.0
2964	818	443.0	293.0
2976	818	448.0	293.0
2988	818	453.0	294.0
3000	818	459.0	296.0
3012	818	466.0	297.0
3024	818	475.0	298.0
3036	818	484.0	301.0
3048	818	495.0	304.0
3060	818	510.0	307.0
3072	818	526.0	310.0
3084	818	549.0	316.0
3096	818	581.0	324.0
3108	818	626.0	334.0
3120	818	698.0	351.0
3132	818	832.0	382.0
3144	818	1013.0	455.0
2964	855	953.0	294.0
2976	855	928.0	294.0
2988	855	876.0	291.0
3000	855	823.0	289.0
3012	855	787.0	289.0
3024	855	752.5	288.0
3036	855	723.8333333333334	287.0
3048	855	698.8333333333334	286.8333333333333
3060	855	675.0	285.0
3072	855	657.0	285.0
3084	855	640.5	285.0
3096	855	626.0	284.0
3108	855	614.0	285.0
3120	855	604.5714285714286	287.57142857142856
3132	855	594.0344827586207	288.86206896551727
3144	855	583.2758620689655	289.8965517241379
3156	855	572.5172413793103	290.9310344827586
3168	855	561.7586206896551	291.9655172413793
3180	855	551.0	293.0
3192	855	563.0	294.0
3204	855	577.0	296.0
3216	855	594.0	297.0
3228	855	614.0	299.0
3240	855	638.0	301.0
3252	855	668.0	304.0
3264	855	704.0	308.0
3276	855	752.0	312.0
3288	855	815.0	319.0
3300	855	902.0	327.0
3312	855	982.0	337.0
3180	900	415.0	286.0
3192	900	415.0	287.0
3204	900	416.0	287.0
3216	900	417.0	287.0
3228	900	419.0	286.0
3240	900	420.0	288.0
3252	900	423.0	288.0
3264	900	425.0	289.0
3276	900	429.0	289.0
3288	900	431.0	290.0
3300	900	436.0	290.0
3312	900	441.0	291.0
3324	900	445.0	292.0
3336	900	450.0	292.0
3348	900	456.0	293.0
3360	900	463.0	294.0
3372	900	471.0	295.0
3384	900	479.0	297.0
3396	900	488.0	298.0
3408	900	502.0	300.0
3420	900	514.0	301.0
3432	900	531.0	305.0
3444	900	551.0	307.0
3456	900	575.0	312.0
3468	900	606.0	317.0
3480	900	650.0	324.0
3492	900	712.0	335.0
3504	900	808.0	352.0
3516	900	962.0	380.0
3348	942	465.0	284.0
3360	942	468.1639344262295	284.1803278688525
3372	942	470.5245901639344	284.37704918032784
3384	942	472.88524590163934	284.57377049180326
3396	942	475.24590163934425	284.7704918032787
3408	942	477.60655737704917	284.9672131147541
3420	942	485.0	286.0
3432	942	489.5	286.0
3444	942	495.3333333333333	286.3333333333333
3456	942	499.0	288.0
3468	942	505.0	288.0
3480	942	512.0	289.0
3492	942	518.0	290.0
3504	942	526.0	290.0
3516	942	533.0	291.0
3528	942	543.0	292.0
3540	942	555.0	293.0
3552	942	568.0	295.0
3564	942	584.0	296.0
3576	942	603.0	299.0
3588	942	624.0	300.0
3600	942	653.0	303.0
3612	942	688.0	306.0
3624	942	729.0	310.0
3636	942	787.0	315.0
3648	942	863.0	323.0
3660	942	964.0	332.0
3396	962	429.6	285.0
3408	962	430.0	285.0
3420	962	433.0	284.0
3432	962	434.0	284.0
3444	962	437.0	286.0
3456	962	439.0625	286.0
3468	962	442.0	287.0
3480	962	443.0	287.0
3492	962	447.0	288.0
3504	962	449.0	288.0
3516	962	452.0	289.0
3528	962	456.0	290.0
3540	962	460.0	289.0
3552	962	465.0	292.0
3564	962	469.0	291.0
3576	962	475.0	293.0
3588	962	482.0	293.0
3600	962	489.0	294.0
3612	962	497.0	296.0
3624	962	508.0	297.0
3636	962	518.0	299.0
3648	962	534.0	301.0
3660	962	550.0	304.0
3672	962	570.0	307.0
3684	962	596.0	311.0
3696	962	630.0	316.0
3708	962	676.0	324.0
3720	962	742.0	335.0
3732	962	845.0	352.0
3744	962	982.0	382.0
3444	984	479.0	286.0
3456	984	481.0	285.0
3468	984	484.09090909090907	284.1818181818182
3480	984	490.0	285.0
3492	984	495.0	286.0
3504	984	500.0	287.0
3516	984	504.0	286.0
3528	984	511.0	288.0
3540	984	515.0	288.0
3552	984	523.0	289.0
3564	984	531.0	290.0
3576	984	540.0	290.0
3588	984	549.0	291.0
3600	984	560.0	292.0
3612	984	572.0	293.0
3624	984	585.0	294.0
3636	984	602.0	295.0
3648	984	621.0	297.0
3660	984	642.0	299.0
3672	984	669.0	302.0
3684	984	700.0	304.0
3696	984	741.0	307.0
3708	984	791.0	312.0
3720	984	860.0	318.0
3732	984	952.0	325.0
3552	1002	442.0	283.0
3564	1002	444.0	284.0
3576	1002	444.0	284.0
3588	1002	446.0	284.0
3600	1002	449.85714285714283	284.2857142857143
3612	1002	452.6666666666667	285.0
3624	1002	456.0	286.0
3636	1002	460.0	286.0
3648	1002	464.0	287.0
3660	1002	468.0	288.0
3672	1002	472.0	288.0
3684	1002	478.0	289.0
3696	1002	483.0	289.0
3708	1002	489.0	290.0
3720	1002	495.0	292.0
3732	1002	503.0	292.0
3744	1002	512.0	293.0
3756	1002	523.0	294.0
3768	1002	535.0	296.0
3780	1002	549.0	298.0
3792	1002	566.0	300.0
3804	1002	589.0	303.0
3816	1002	614.0	306.0
3828	1002	647.0	310.0
3840	1002	693.0	315.0
3852	1002	755.0	324.0
3864	1002	846.0	336.0
3876	1002	971.0	354.0
3708	1060	463.0	284.0
3720	1060	466.0	284.0
3732	1060	469.0	285.0
3744	1060	472.8181818181818	285.0
3756	1060	477.0	286.0
3768	1060	482.0	286.0
3780	1060	486.0	286.0
3792	1060	492.0	287.0
3804	1060	497.0	288.0
3816	1060	504.0	288.0
3828	1060	511.0	290.0
3840	1060	519.0	290.0
3852	1060	528.0	291.0
3864	1060	538.0	292.0
3876	1060	549.0	293.0
3888	1060	562.0	294.0
3900	1060	577.0	295.0
3912	1060	595.0	297.0
3924	1060	617.0	299.0
3936	1060	643.0	302.0
3948	1060	675.0	305.0
3960	1060	717.0	309.0
3972	1060	771.0	314.0
3984	1060	847.0	322.0
3996	1060	954.0	333.0
3756	1075	434.1111111111111	286.0
3768	1075	436.0	287.0
3780	1075	437.5	286.375
3792	1075	441.0	287.0
3804	1075	444.0	288.0
3816	1075	447.0	288.0
3828	1075	451.0	289.0
3840	1075	455.0	289.0
3852	1075	460.0	289.0
3864	1075	464.0	290.0
3876	1075	471.0	291.0
3888	1075	477.0	293.0
3900	1075	484.0	294.0
3912	1075	493.0	295.0
3924	1075	502.0	296.0
3936	1075	516.0	298.0
3948	1075	530.0	301.0
3960	1075	550.0	304.0
3972	1075	577.0	308.0
3984	1075	612.0	313.0
3996	1075	664.0	322.0
4008	1075	749.0	336.0
4020	1075	908.0	361.0
3840	1113	429.0	287.0
3852	1113	430.0	287.0
3864	1113	430.0	288.0
3876	1113	431.0	288.0
3888	1113	432.0	289.0
3900	1113	433.0	289.0
3912	1113	434.0	289.0
3924	1113	436.0	291.0
3936	1113	439.0	291.0
3948	1113	442.0	293.0
3960	1113	446.0	294.0
3972	1113	450.0	295.0
3984	1113	455.0	296.0
3996	1113	462.0	297.0
4008	1113	469.0	300.0
4020	1113	478.0	301.0
4032	1113	490.0	305.0
4044	1113	505.0	309.0
4056	1113	524.0	313.0
4068	1113	549.0	321.0
4080	1113	585.0	330.0
4092	1113	641.0	345.0
4104	1113	740.0	371.0
4116	1113	954.0	430.0
3852	1115	451.0	284.0
3864	1115	453.0	285.0
3876	1115	456.0	285.0
3888	1115	461.0	286.0
3900	1115	463.0	286.0
3912	1115	467.0	287.0
3924	1115	471.0	287.0
3936	1115	476.0	288.0
3948	1115	480.0	288.0
3960	1115	487.0	289.0
3972	1115	494.0	290.0
3984	1115	500.0	290.0
3996	1115	508.0	291.0
4008	1115	516.0	292.0
4020	1115	526.0	293.0
4032	1115	538.0	295.0
4044	1115	550.0	296.0
4056	1115	564.0	298.0
4068	1115	581.0	299.0
4080	1115	604.0	302.0
4092	1115	625.0	297.0
4104	1115	654.0	302.0
4116	1115	697.0	313.0
4128	1115	763.0	320.0
4140	1115	844.0	330.0
4152	1115	958.0	345.0
4164	1115	988.0	353.0
4176	1115	1000.0	359.0
4188	1115	991.0	350.0
4200	1115	996.0	332.0
4068	1195	452.0	283.0
4080	1195	454.0	283.5
4092	1195	456.0	283.0
4104	1195	457.5	284.0
4116	1195	459.8059701492537	284.32835820895525
4128	1195	461.7761194029851	284.6865671641791
4140	1195	463.74626865671644	285.04477611940297
4152	1195	465.7164179104478	285.4029850746269
4164	1195	467.6865671641791	285.76119402985074
4176	1195	473.0	287.0
4188	1195	476.0	288.0
4200	1195	482.0	289.0
4212	1195	487.0	290.0
4224	1195	492.0	290.0
4236	1195	498.0	291.0
4248	1195	505.0	292.0
4260	1195	512.0	293.0
4272	1195	520.0	294.0
4284	1195	531.0	295.0
4296	1195	544.0	296.0
4308	1195	558.0	298.0
4320	1195	576.0	300.0
4332	1195	596.0	303.0
4344	1195	622.0	306.0
4356	1195	655.0	310.0
4368	1195	696.0	315.0
4380	1195	755.0	321.0
4392	1195	837.0	331.0
4404	1195	959.0	346.0
4140	1211	440.0	284.0
4152	1211	442.0	283.0
4164	1211	445.0	284.0
4176	1211	445.0	284.0
4188	1211	449.0	284.4
4200	1211	454.0	286.0
4212	1211	456.0	286.0
4224	1211	460.0	286.0
4236	1211	464.5	286.625
4248	1211	469.0	287.0
4260	1211	474.0	288.0
4272	1211	478.0	289.0
4284	1211	484.0	289.0
4296	1211	489.0	290.0
4308	1211	497.0	291.0
4320	1211	505.0	292.0
4332	1211	513.0	293.0
4344	1211	523.0	295.0
4356	1211	536.0	296.0
4368	1211	550.0	297.0
4380	1211	567.0	300.0
4392	1211	589.0	302.0
4404	1211	613.0	305.0
4416	1211	642.0	309.0
4428	1211	683.0	314.0
4440	1211	739.0	321.0
4452	1211	818.0	330.0
4464	1211	939.0	346.0
4212	1244	427.0	284.0
4224	1244	428.0	285.0
4236	1244	430.0	285.0
4248	1244	431.0	284.0
4260	1244	434.0	285.0
4272	1244	436.0	286.0
4284	1244	440.0	286.0
4296	1244	442.0	287.0
4308	1244	444.0	288.0
4320	1244	447.0	288.0
4332	1244	450.0	289.0
4344	1244	454.0	289.0
4356	1244	458.0	290.0
4368	1244	463.0	291.0
4380	1244	467.0	292.0
4392	1244	473.0	292.0
4404	1244	480.0	294.0
4416	1244	487.0	295.0
4428	1244	497.0	296.0
4440	1244	508.0	298.0
4452	1244	520.0	300.0
4464	1244	536.0	303.0
4476	1244	556.0	306.0
4488	1244	581.0	310.0
4500	1244	614.0	315.0
4512	1244	661.0	323.0
4524	1244	731.0	335.0
4536	1244	845.0	353.0
4548	1244	992.0	391.0
4236	1254	479.0	286.0
4248	1254	484.2	286.0
4260	1254	491.0	287.0
4272	1254	495.0	287.0
4284	1254	502.0	288.0
4296	1254	507.0	288.0
4308	1254	514.0	290.0
4320	1254	521.0	290.0
4332	1254	530.0	291.0
4344	1254	540.0	292.0
4356	1254	550.0	293.0
4368	1254	562.0	293.0
4380	1254	576.0	295.0
4392	1254	588.5357142857143	295.2857142857143
4404	1254	601.8214285714286	293.57142857142856
4416	1254	617.0	294.0
4428	1254	646.0	302.0
4440	1254	677.0	305.0
4452	1254	723.0	309.0
4464	1254	780.0	315.0
4476	1254	852.0	322.0
4488	1254	950.0	332.0
4248	1259	420.0	283.8888888888889
4260	1259	420.0	283.0
4272	1259	421.0	283.0
4284	1259	423.0	283.0
4296	1259	423.0	284.0
4308	1259	424.6666666666667	284.0
4320	1259	427.5238095238095	284.0
4332	1259	428.4	285.0
4344	1259	430.0	285.0
4356	1259	432.0	285.0
4368	1259	434.0	286.0
4380	1259	437.0	287.0
4392	1259	442.0	286.0
4404	1259	444.0	287.0
4416	1259	446.0	288.0
4428	1259	448.0	288.0
4440	1259	452.0	289.0
4452	1259	456.0	289.0
4464	1259	460.0	290.0
4476	1259	464.0	290.0
4488	1259	469.0	291.0
4500	1259	476.0	292.0
4512	1259	482.0	293.0
4524	1259	491.0	294.0
4536	1259	499.0	295.0
4548	1259	509.0	297.0
4560	1259	521.0	299.0
4572	1259	535.0	301.0
4584	1259	553.0	303.0
4596	1259	575.0	307.0
4608	1259	603.0	312.0
4620	1259	641.0	317.0
4632	1259	692.0	325.0
4644	1259	769.0	338.0
4656	1259	895.0	358.0
4668	1259	996.0	383.0
4548	1319	386.0	282.0
4560	1319	386.0	282.0
4572	1319	387.0	281.0
4584	1319	388.0	282.0
4596	1319	388.0	282.0
4608	1319	389.0	282.0
4620	1319	390.0	283.0
4632	1319	391.0	283.0
4644	1319	391.0	283.0
4656	1319	394.0	283.0
4668	1319	394.0	284.0
4680	1319	394.0	284.0
4692	1319	395.0	284.0
4704	1319	397.0	283.0
4716	1319	398.0	283.0
4728	1319	400.0	284.0
4740	1319	401.0	285.0
4752	1319	401.0	285.0
4764	1319	403.0	285.0
4776	1319	404.0	286.0
4788	1319	406.0	286.0
4800	1319	407.0	286.0
4812	1319	409.0	287.0
4824	1319	411.0	287.0
4836	1319	412.0	288.0
4848	1319	415.0	288.0
4860	1319	417.0	288.0
4872	1319	420.0	288.0
4884	1319	423.0	289.0
4896	1319	426.0	289.0
4908	1319	429.0	290.0
4920	1319	432.0	291.0
4932	1319	436.0	293.0
4944	1319	441.0	293.0
4956	1319	445.0	295.0
4968	1319	451.0	295.0
4980	1319	457.0	297.0
4992	1319	465.0	298.0
5004	1319	474.0	301.0
5016	1319	485.0	303.0
5028	1319	498.0	306.0
5040	1319	514.0	310.0
5052	1319	536.0	314.0
5064	1319	565.0	322.0
5076	1319	605.0	331.0
5088	1319	669.0	347.0
5100	1319	780.0	375.0
5112	1319	960.8888888888889	439.44444444444446
4560	1327	430.0	282.0
4572	1327	431.0	283.0
4584	1327	431.0	282.0
4596	1327	431.0	283.0
4608	1327	433.0	283.0
4620	1327	433.0	283.0
4632	1327	434.0	283.0
4644	1327	435.3636363636364	283.0
4656	1327	437.54545454545456	283.0
4668	1327	440.0	283.0
4680	1327	443.0	284.0
4692	1327	445.0	284.0
4704	1327	448.0	285.0
4716	1327	451.3333333333333	285.0
4728	1327	453.0	285.0
4740	1327	458.0	286.0
4752	1327	462.0	286.0
4764	1327	467.0	286.0
4776	1327	471.0	288.0
4788	1327	475.0	288.0
4800	1327	480.0	289.0
4812	1327	487.0	290.0
4824	1327	494.0	290.0
4836	1327	501.0	292.0
4848	1327	510.0	292.0
4860	1327	520.0	293.0
4872	1327	532.0	295.0
4884	1327	546.0	296.0
4896	1327	562.0	298.0
4908	1327	582.0	301.0
4920	1327	605.0	303.0
4932	1327	636.0	306.0
4944	1327	674.0	311.0
4956	1327	728.0	317.0
4968	1327	804.0	326.0
4980	1327	920.0	340.0
4788	1398	454.0	283.5833333333333
4800	1398	456.0	283.0
4812	1398	457.0	284.0
4824	1398	460.0	285.0
4836	1398	463.6	285.0
4848	1398	468.0	286.0
4860	1398	470.0	285.0
4872	1398	473.0	285.0
4884	1398	478.0	286.0
4896	1398	481.0	286.0
4908	1398	486.0	287.0
4920	1398	490.0	287.0
4932	1398	495.0	287.0
4944	1398	501.0	288.0
4956	1398	507.0	288.0
4968	1398	514.0	289.0
4980	1398	522.0	290.0
4992	1398	530.0	291.0
5004	1398	540.0	292.0
5016	1398	551.0	293.0
5028	1398	564.0	294.0
5040	1398	579.0	295.0
5052	1398	597.0	298.0
5064	1398	617.0	299.0
5076	1398	642.0	301.0
5088	1398	678.0	305.0
4980	1422	434.0	286.0
4992	1422	438.0	286.0
5004	1422	442.0	286.0
5016	1422	446.0	288.0
5028	1422	449.0	288.0
5040	1422	452.0	289.0
5052	1422	457.0	289.0
5064	1422	461.0	289.0
5076	1422	467.0	291.0
5088	1422	472.0	292.0
5100	1422	478.0	293.0
5112	1422	485.0	294.0
5124	1422	493.0	295.0
5136	1422	502.0	296.0
5148	1422	514.0	298.0
5160	1422	527.0	300.0
5172	1422	543.0	302.0
5184	1422	563.0	306.0
5196	1422	589.0	310.0
5208	1422	621.0	316.0
5220	1422	668.0	323.0
5232	1422	736.0	334.0
5244	1422	844.0	352.0
5256	1422	985.0	384.0
5100	1438	457.5	283.0
5112	1438	463.0	283.0
5124	1438	465.0	283.2
5136	1438	466.0	283.0
5148	1438	466.0	283.0
5160	1438	469.0	283.0
5172	1438	471.85714285714283	284.0
5184	1438	477.0	284.0
5196	1438	480.0	285.0
5208	1438	483.0	284.0
5220	1438	486.4	284.8
5232	1438	490.0	286.0
5244	1438	496.0	286.0
5256	1438	500.0	285.0
5268	1438	505.0	286.0
5280	1438	509.0	287.0
5292	1438	514.0	288.0
5304	1438	522.0	289.0
5316	1438	529.0	289.0
5328	1438	536.0	290.0
5340	1438	545.0	290.0
5352	1438	554.0	291.0
5364	1438	564.0	292.0
5376	1438	576.0	292.0
5388	1438	590.0	293.0
5400	1438	605.0	295.0
5412	1438	624.0	297.0
5160	1454	493.0	286.0
5172	1454	496.0	286.0
5184	1454	501.0	285.0
5196	1454	505.0	287.0
5208	1454	510.0	288.0
5220	1454	517.0	288.0
5232	1454	523.0	289.0
5244	1454	530.0	290.0
5256	1454	538.0	290.0
5268	1454	546.0	291.0
5280	1454	556.0	291.0
5292	1454	566.0	293.0
5304	1454	578.0	293.0
5316	1454	591.0	295.0
5328	1454	607.0	296.0
5340	1454	625.0	298.0
5352	1454	646.0	300.0
5364	1454	674.0	301.0
5376	1454	705.0	305.0
5388	1454	742.0	308.0
5400	1454	790.0	312.0
5412	1454	854.0	317.0
5424	1454	935.0	324.0
5436	1454	983.0	331.0
5196	1459	441.0	282.0
5208	1459	443.0	283.0
5220	1459	445.0	284.0
5232	1459	447.0	285.0
5244	1459	448.75	284.0
5256	1459	451.85714285714283	284.42857142857144
5268	1459	455.0	285.0
5280	1459	458.0	286.0
5292	1459	460.0	286.0
5304	1459	464.0	286.0
5316	1459	468.0	287.0
5328	1459	473.0	288.0
5340	1459	477.0	287.0
5352	1459	482.0	288.0
5364	1459	487.0	289.0
5376	1459	494.0	290.0
5388	1459	501.0	291.0
5400	1459	509.0	292.0
5412	1459	516.0	292.0
5424	1459	526.0	294.0
5436	1459	537.0	295.0
5448	1459	551.0	296.0
5460	1459	566.0	298.0
5472	1459	584.0	300.0
5484	1459	606.0	303.0
5496	1459	633.0	306.0
5508	1459	667.0	310.0
5520	1459	711.0	315.0
5532	1459	771.0	322.0
5544	1459	857.0	332.0
5556	1459	969.0	347.0
5232	1477	418.0	283.0
5244	1477	418.0	283.0
5256	1477	419.0	283.0
5268	1477	420.0	283.0
5280	1477	421.0	283.0
5292	1477	421.0	283.0
5304	1477	422.0	284.0
5316	1477	424.0	285.0
5328	1477	425.5	284.0
5340	1477	428.0	285.0
5352	1477	430.0	285.0
5364	1477	431.0	286.0
5376	1477	434.0	287.0
5388	1477	436.0	286.0
5400	1477	438.0	287.0
5412	1477	442.0	288.0
5424	1477	444.0	288.0
5436	1477	448.0	288.0
5448	1477	452.0	290.0
5460	1477	456.0	290.0
5472	1477	461.0	291.0
5484	1477	466.0	292.0
5496	1477	471.0	293.0
5508	1477	479.0	294.0
5520	1477	485.0	295.0
5532	1477	493.0	296.0
5544	1477	505.0	299.0
5556	1477	518.0	301.0
5568	1477	534.0	303.0
5580	1477	556.0	306.0
5592	1477	582.0	311.0
5604	1477	616.0	317.0
5616	1477	666.0	325.0
5628	1477	738.0	337.0
5640	1477	860.0	359.0
5652	1477	1001.0	400.0
5268	1507	391.0	282.0
5280	1507	390.0	282.0
5292	1507	390.0	282.0
5304	1507	390.0	282.2
5316	1507	391.0	283.0
5328	1507	392.0	284.0
5340	1507	392.0	284.0
5352	1507	392.2	283.2
5364	1507	393.0	283.0
5376	1507	394.0	284.0
5388	1507	394.0	284.0
5400	1507	395.0	285.0
5412	1507	395.0	284.0
5424	1507	397.0	285.0
5436	1507	398.0	285.0
5448	1507	399.0	285.0
5460	1507	402.0	286.0
5472	1507	403.0	286.0
5484	1507	404.0	287.0
5496	1507	406.0	287.0
5508	1507	408.0	288.0
5520	1507	412.0	289.0
5532	1507	414.0	289.0
5544	1507	416.0	289.0
5556	1507	419.0	290.0
5568	1507	422.0	290.0
5580	1507	426.0	291.0
5592	1507	430.0	292.0
5604	1507	433.0	293.0
5616	1507	438.0	294.0
5628	1507	443.0	295.0
5640	1507	450.0	297.0
5652	1507	457.0	299.0
5664	1507	468.0	301.0
5676	1507	479.0	304.0
5688	1507	493.0	307.0
5700	1507	511.0	311.0
5712	1507	536.0	317.0
5724	1507	571.0	325.0
5736	1507	623.0	338.0
5748	1507	712.0	360.0
5760	1507	890.0	402.0
5280	1515	442.0	283.0
5292	1515	442.6363636363636	283.0
5304	1515	446.0	283.0
5316	1515	446.0	284.0
5328	1515	447.3333333333333	285.0
5340	1515	450.5	285.0
5352	1515	453.25	285.0
5364	1515	456.0	285.0
5376	1515	460.0	286.0
5388	1515	463.0	286.0
5400	1515	467.0	287.0
5412	1515	470.0	287.0
5424	1515	475.0	288.0
5436	1515	480.0	288.0
5448	1515	485.0	289.0
5460	1515	490.0	290.0
5472	1515	495.0	290.0
5484	1515	502.0	292.0
5496	1515	509.0	292.0
5508	1515	517.0	293.0
5520	1515	527.0	294.0
5532	1515	537.0	295.0
5544	1515	550.0	296.0
5556	1515	565.0	298.0
5568	1515	581.0	300.0
5580	1515	601.0	302.0
5592	1515	626.0	304.0
5604	1515	658.0	308.0
5616	1515	696.0	312.0
5628	1515	742.0	314.0
5388	1547	481.0	285.0
5400	1547	488.0	287.0
5412	1547	495.0	288.0
5424	1547	501.0	288.0
5436	1547	509.0	289.0
5448	1547	516.0	289.0
5460	1547	524.0	290.0
5472	1547	531.0	291.0
5484	1547	541.0	292.0
5496	1547	552.0	293.0
5508	1547	565.0	294.0
5520	1547	580.0	295.0
5532	1547	597.0	298.0
5544	1547	618.0	300.0
5556	1547	642.0	301.0
5568	1547	672.0	304.0
5580	1547	712.0	309.0
5592	1547	761.0	313.0
5604	1547	827.0	319.0
5616	1547	915.0	328.0
5628	1547	984.0	338.0
5460	1573	432.0	284.0
5472	1573	433.0	284.0
5484	1573	434.0	284.0
5496	1573	436.3333333333333	283.0
5508	1573	439.0	283.0
5520	1573	441.0	283.0
5532	1573	444.0	284.0
5544	1573	446.0	284.0
5556	1573	449.0	284.0
5568	1573	452.0	285.0
5580	1573	455.0	285.0
5592	1573	458.0	286.0
5604	1573	463.0	287.0
5616	1573	466.0	287.0
5628	1573	470.0	288.0
5640	1573	475.0	289.0
5652	1573	481.0	289.0
5664	1573	488.0	290.0
5676	1573	494.0	290.0
5688	1573	503.0	292.0
5700	1573	510.7586206896552	290.17241379310343
5712	1573	519.8620689655172	292.2413793103448
5724	1573	528.9655172413793	294.3103448275862
5736	1573	546.0	297.0
5748	1573	565.0	299.0
5760	1573	586.0	301.0
5772	1573	614.0	305.0
5784	1573	647.0	309.0
5796	1573	693.0	314.0
5808	1573	756.0	321.0
5820	1573	849.0	332.0
5832	1573	973.0	351.0
5532	1605	473.6	286.0
5544	1605	480.0	286.0
5556	1605	487.0	287.0
5568	1605	491.0	286.0
5580	1605	495.0	287.0
5592	1605	503.0	288.0
5604	1605	510.0	288.0
5616	1605	520.0	290.0
5628	1605	527.0	290.0
5640	1605	537.0	291.0
5652	1605	547.0	292.0
5664	1605	561.0	294.0
5676	1605	576.0	295.0
5688	1605	598.0	297.0
5700	1605	620.0	300.0
5712	1605	647.0	302.0
5724	1605	682.0	305.0
5736	1605	728.0	310.0
5748	1605	787.0	316.0
5760	1605	869.0	324.0
5772	1605	977.0	329.0
5652	1662	432.0	285.0
5664	1662	434.0	286.0
5676	1662	436.0	286.0
5688	1662	440.0	286.0
5700	1662	443.0	287.0
5712	1662	445.0	288.0
5724	1662	448.0	288.0
5736	1662	452.0	289.0
5748	1662	456.0	290.0
5760	1662	460.0	289.0
5772	1662	465.0	291.0
5784	1662	471.0	292.0
5796	1662	477.0	293.0
5808	1662	484.0	295.0
5820	1662	492.0	296.0
5832	1662	502.0	297.0
5844	1662	514.0	299.0
5856	1662	528.0	301.0
5868	1662	547.0	305.0
5880	1662	570.0	308.0
5892	1662	600.0	313.0
5904	1662	641.0	320.0
5916	1662	702.0	331.0
5928	1662	798.0	347.0
5940	1662	959.0	376.0
5760	1703	428.0	285.0
5772	1703	430.0	285.0
5784	1703	431.0	285.0
5796	1703	433.0	285.0
5808	1703	436.0	286.0
5820	1703	438.6666666666667	286.0
5832	1703	441.0	286.0
5844	1703	444.0	286.0
5856	1703	446.0	288.0
5868	1703	450.0	289.0
5880	1703	453.0	288.0
5892	1703	457.0	289.0
5904	1703	461.0	290.0
5916	1703	466.0	291.0
5928	1703	471.0	292.0
5940	1703	477.0	293.0
5952	1703	484.0	294.0
5964	1703	492.0	295.0
5976	1703	499.0	296.0
5988	1703	510.0	297.0
6000	1703	522.0	299.0
6012	1703	536.0	302.0
6024	1703	553.0	304.0
6036	1703	573.0	308.0
6048	1703	600.0	312.0
6060	1703	636.0	318.0
6072	1703	683.0	326.0
6084	1703	752.0	337.0
6096	1703	861.0	355.0
6108	1703	990.0	386.0
5832	1724	480.0	285.0
5844	1724	483.0	285.0
5856	1724	487.5	284.0
5868	1724	494.0	286.0
5880	1724	497.0	286.0
5892	1724	501.0	286.0
5904	1724	506.0	287.0
5916	1724	512.0	287.0
5928	1724	519.0	288.0
5940	1724	526.0	289.0
5952	1724	533.0	289.0
5964	1724	542.0	290.0
5976	1724	552.0	291.0
5988	1724	562.0	292.0
6000	1724	574.0	293.0
6012	1724	588.0	294.0
6024	1724	603.0	296.0
6036	1724	621.0	297.0
6048	1724	642.0	300.0
6060	1724	669.0	302.0
6072	1724	700.0	304.0
5844	1728	429.0	285.0
5856	1728	431.0	285.0
5868	1728	432.0	285.0
5880	1728	434.0	286.0
5892	1728	436.0	286.0
5904	1728	439.0	287.0
5916	1728	442.0	287.0
5928	1728	445.0	287.0
5940	1728	448.0	288.0
5952	1728	451.0	288.0
5964	1728	455.0	289.0
5976	1728	459.0	289.0
5988	1728	464.0	291.0
6000	1728	470.0	292.0
6012	1728	475.0	293.0
6024	1728	483.0	294.0
6036	1728	490.0	295.0
6048	1728	498.0	296.0
6060	1728	509.0	298.0
6072	1728	521.0	300.0
6084	1728	535.0	302.0
6096	1728	553.0	305.0
6108	1728	575.0	308.0
6120	1728	604.0	313.0
6132	1728	643.0	320.0
6144	1728	697.0	328.0
6156	1728	779.0	342.0
6168	1728	915.0	365.0
6180	1728	1010.0	400.0
5868	1731	418.0	283.0
5880	1731	420.0	283.0
5892	1731	421.0	283.0
5904	1731	421.0	283.0
5916	1731	422.0	282.0
5928	1731	424.42857142857144	284.0
5940	1731	427.0	285.0
5952	1731	427.0	285.0
5964	1731	429.0	284.0
5976	1731	431.0	284.0
5988	1731	433.0	286.0
6000	1731	436.0	286.0
6012	1731	437.0	287.0
6024	1731	439.0	287.0
6036	1731	442.0	288.0
6048	1731	445.0	288.0
6060	1731	449.0	289.0
6072	1731	452.0	290.0
6084	1731	456.0	290.0
6096	1731	460.0	290.0
6108	1731	465.0	292.0
6120	1731	471.0	292.0
6132	1731	477.0	293.0
6144	1731	484.0	294.0
6156	1731	492.0	296.0
6168	1731	501.0	297.0
6180	1731	512.0	299.0
6192	1731	526.0	301.0
6204	1731	544.0	305.0
6216	1731	565.0	308.0
6228	1731	592.0	313.0
6240	1731	629.0	319.0
6252	1731	683.0	329.0
6264	1731	766.0	344.0
6276	1731	913.0	369.0
5988	1744	481.0	286.0
6000	1744	487.0	286.0
6012	1744	494.0	287.0
6024	1744	497.0	286.0
6036	1744	505.0	288.0
6048	1744	510.0	288.0
6060	1744	515.8285714285714	288.1714285714286
6072	1744	521.6571428571428	288.34285714285716
6084	1744	527.4857142857143	288.51428571428573
6096	1744	533.3142857142857	288.6857142857143
6108	1744	539.1428571428571	288.85714285714283
6120	1744	546.5	290.0
6132	1744	561.0	291.0
6144	1744	577.0	292.0
6156	1744	592.0	294.0
6168	1744	604.6	291.6
6180	1744	625.0	297.0
6192	1744	649.0	299.0
6204	1744	685.0	302.0
6216	1744	725.0	306.0
6228	1744	774.0	310.0
6240	1744	837.0	315.0
6252	1744	923.0	322.0
6264	1744	983.0	330.0
6000	1749	385.0	281.8
6012	1749	385.0	281.0
6024	1749	386.0	281.0
6036	1749	387.25	281.0
6048	1749	388.54545454545456	281.54545454545456
6060	1749	389.0	282.0
6072	1749	391.19607843137254	282.0
6084	1749	392.37254901960785	282.0
6096	1749	393.54901960784315	282.0
6108	1749	394.72549019607845	282.0
6120	1749	395.9019607843137	282.0
6132	1749	397.14285714285717	282.0
6144	1749	398.0	283.0
6156	1749	399.0	282.0
6168	1749	399.0	283.0
6180	1749	400.0	283.0
6192	1749	400.0	283.0
6204	1749	400.0	282.0
6216	1749	401.0	283.0
6228	1749	402.0	283.0
6240	1749	403.0	283.2
6252	1749	403.0	283.0
6264	1749	403.0	283.0
6276	1749	405.0	284.0
6288	1749	405.0	285.0
6300	1749	406.0	284.0
6312	1749	407.0	284.0
6324	1749	408.0	284.0
6336	1749	409.0	284.0
6348	1749	410.0	284.0
6360	1749	410.5	284.5
6372	1749	412.0	286.0
6384	1749	413.0	286.0
6396	1749	413.6774193548387	287.0
6408	1749	414.83870967741933	287.0
6420	1749	416.0	287.0
6432	1749	418.0	288.0
6444	1749	419.0	288.0
6456	1749	420.0	288.0
6468	1749	422.0	289.0
6480	1749	424.0	289.0
6492	1749	426.0	290.0
6504	1749	429.0	290.0
6516	1749	431.0	291.0
6528	1749	434.0	291.0
6540	1749	437.0	292.0
6552	1749	440.0	292.0
6564	1749	444.0	294.0
6576	1749	447.0	295.0
6588	1749	451.0	296.0
6600	1749	456.0	297.0
6612	1749	462.0	299.0
6624	1749	469.0	301.0
6636	1749	477.0	303.0
6648	1749	487.0	305.0
6660	1749	498.0	308.0
6672	1749	513.0	311.0
6684	1749	528.0	316.0
6696	1749	550.0	321.0
6708	1749	580.0	329.0
6720	1749	622.0	340.0
6732	1749	682.0	356.0
6744	1749	785.0	383.0
6756	1749	965.0	433.0
6768	1749	1023.0	484.0
6144	1791	451.0	283.0
6156	1791	452.0	283.0
6168	1791	455.0	283.0
6180	1791	457.0	283.0
6192	1791	460.0	284.0
6204	1791	462.42857142857144	284.7142857142857
6216	1791	464.0	285.0
6228	1791	467.0	285.0
6240	1791	470.0	285.0
6252	1791	473.0	286.0
6264	1791	478.0	287.0
6276	1791	480.0	286.0
6288	1791	484.0	287.0
6300	1791	488.0	288.0
6312	1791	493.0	289.0
6324	1791	497.0	289.0
6336	1791	502.0	290.0
6348	1791	508.0	290.0
6360	1791	516.0	292.0
6372	1791	523.0	292.0
6384	1791	532.0	293.0
6396	1791	543.0	295.0
6408	1791	556.0	297.0
6420	1791	571.0	298.0
6432	1791	589.0	301.0
6444	1791	612.0	303.0
6456	1791	641.0	306.0
6468	1791	678.0	311.0
6480	1791	729.0	317.0
6492	1791	802.0	325.0
6504	1791	909.0	338.0
6516	1791	997.0	361.0
6192	1810	422.0	283.0
6204	1810	421.0	283.0
6216	1810	422.0	282.0
6228	1810	423.1111111111111	282.22222222222223
6240	1810	425.3333333333333	282.6666666666667
6252	1810	428.0	284.0
6264	1810	430.0	284.0
6276	1810	432.0	284.0
6288	1810	434.0	285.0
6300	1810	435.0	285.0
6312	1810	438.0	286.0
6324	1810	440.0	286.0
6336	1810	443.0	287.0
6348	1810	446.0	288.0
6360	1810	450.0	289.0
6372	1810	452.0	288.0
6384	1810	456.0	289.0
6396	1810	460.0	289.0
6408	1810	465.0	291.0
6420	1810	471.0	291.0
6432	1810	477.0	293.0
6444	1810	484.0	294.0
6456	1810	492.0	295.0
6468	1810	503.0	296.0
6480	1810	515.0	298.0
6492	1810	528.0	300.0
6504	1810	545.0	303.0
6516	1810	566.0	307.0
6528	1810	594.0	311.0
6540	1810	632.0	317.0
6552	1810	686.0	326.0
6564	1810	770.0	340.0
6576	1810	911.0	363.0
6300	1854	374.0	282.0
6312	1854	375.0	282.0
6324	1854	376.0	281.0
6336	1854	377.09090909090907	281.0
6348	1854	379.1578947368421	282.0
6360	1854	381.05263157894734	282.0
6372	1854	382.375	282.375
6384	1854	383.0	283.0
6396	1854	384.0	283.0
6408	1854	385.0	283.0
6420	1854	385.0	283.0
6432	1854	387.0	282.0
6444	1854	387.52941176470586	282.0
6456	1854	389.6470588235294	282.0
6468	1854	391.0	282.0
6480	1854	392.8333333333333	282.0
6492	1854	393.6	283.0
6504	1854	395.0	283.0
6516	1854	395.0	283.0
6528	1854	396.0	282.0
6540	1854	397.0	283.0
6552	1854	397.0	282.0
6564	1854	397.0	283.0
6576	1854	398.0	282.44444444444446
6444	1875	436.4	286.0
6456	1875	438.8	286.0
6468	1875	441.2	286.0
6480	1875	443.0	287.0
6492	1875	446.0	288.0
6504	1875	448.0	288.0
6516	1875	452.0	289.0
6528	1875	454.0	289.0
6540	1875	459.0	289.0
6552	1875	463.0	290.0
6564	1875	467.0	291.0
6576	1875	472.0	292.0
6588	1875	477.0	292.0
6600	1875	484.0	294.0
6612	1875	491.0	295.0
6624	1875	500.0	296.0
6636	1875	509.0	298.0
6648	1875	521.0	300.0
6660	1875	536.0	302.0
6672	1875	553.0	305.0
6684	1875	573.0	308.0
6696	1875	601.0	313.0
6708	1875	638.0	319.0
6720	1875	691.0	328.0
6732	1875	768.0	341.0
6744	1875	897.0	362.0
6492	1886	473.0	288.0
6504	1886	477.0	288.0
6516	1886	480.0	288.0
6528	1886	486.0	290.0
6540	1886	491.0	290.0
6552	1886	496.0	291.0
6564	1886	502.0	291.0
6576	1886	509.0	292.0
6588	1886	517.0	293.0
6600	1886	526.0	294.0
6612	1886	537.0	295.0
6624	1886	548.0	297.0
6636	1886	562.0	298.0
6648	1886	579.0	300.0
6660	1886	597.0	302.0
6672	1886	621.0	305.0
6684	1886	648.0	308.0
6696	1886	685.0	312.0
6708	1886	731.0	318.0
6720	1886	792.0	325.0
6732	1886	880.0	334.0
6744	1886	979.0	350.0
6612	1916	467.0	286.0
6624	1916	475.4	291.2
6636	1916	482.0	290.0
6648	1916	485.953125	289.71875
6660	1916	489.890625	289.34375
6672	1916	493.828125	288.96875
6684	1916	497.765625	288.59375
6696	1916	501.703125	288.21875
6708	1916	510.0	288.0
6720	1916	519.0	289.0
6732	1916	528.0	291.0
6744	1916	539.0	292.0
6756	1916	549.0	293.0
6768	1916	563.0	295.0
6780	1916	579.0	296.0
6792	1916	597.0	298.0
6804	1916	619.0	300.0
6816	1916	647.0	303.0
6828	1916	681.0	306.0
6840	1916	726.0	310.0
6852	1916	785.0	316.0
6864	1916	868.0	324.0
6876	1916	971.0	336.0
6624	1921	443.0	284.0
6636	1921	445.57142857142856	285.0
6648	1921	447.6666666666667	284.0
6660	1921	450.5238095238095	284.0
6672	1921	454.0	284.0
6684	1921	457.0	286.0
6696	1921	460.0	286.0
6708	1921	464.0	286.0
6720	1921	467.0	287.0
6732	1921	470.0	288.0
6744	1921	475.0	288.0
6756	1921	479.0	288.0
6768	1921	485.0	289.0
6780	1921	490.0	290.0
6792	1921	496.0	290.0
6804	1921	502.0	292.0
6816	1921	510.0	292.0
6828	1921	518.0	293.0
6840	1921	528.0	294.0
6852	1921	539.0	296.0
6864	1921	551.0	296.0
6876	1921	566.0	298.0
6888	1921	583.0	301.0
6900	1921	603.0	302.0
6912	1921	627.0	305.0
6924	1921	657.0	309.0
6936	1921	696.0	313.0
6948	1921	746.0	319.0
6960	1921	814.0	327.0
6972	1921	914.0	338.0
6984	1921	990.0	357.0
6636	1924	404.0	284.0
6648	1924	406.0	284.0
6660	1924	407.0	285.0
6672	1924	409.0	284.0
6684	1924	410.0	285.0
6696	1924	411.0	285.0
6708	1924	412.0	285.0
6720	1924	413.0	286.0
6732	1924	415.0	287.0
6744	1924	417.0	286.0
6756	1924	418.0	287.0
6768	1924	419.0	287.0
6780	1924	421.0	288.0
6792	1924	424.0	288.0
6804	1924	426.0	288.0
6816	1924	428.0	289.0
6828	1924	431.0	290.0
6840	1924	434.0	291.0
6852	1924	437.0	291.0
6864	1924	442.0	292.0
6876	1924	446.0	294.0
6888	1924	451.0	294.0
6900	1924	456.0	296.0
6912	1924	463.0	297.0
6924	1924	470.0	299.0
6936	1924	479.0	301.0
6948	1924	489.0	304.0
6960	1924	504.0	308.0
6972	1924	520.0	311.0
6984	1924	541.0	316.0
6996	1924	569.0	323.0
7008	1924	609.0	334.0
7020	1924	672.0	350.0
7032	1924	776.0	376.0
7044	1924	966.0	433.0
6684	1942	431.0	282.0
6696	1942	434.0	282.0
6708	1942	434.0	283.0
6720	1942	434.0	283.0
6732	1942	436.0	283.0
6744	1942	436.75	283.0
6756	1942	439.0	283.0
6768	1942	441.0	283.0
6780	1942	443.0	283.0
6792	1942	444.0	283.0
6804	1942	447.0	284.0
6816	1942	450.0	285.0
6828	1942	452.0	284.0
6840	1942	456.0	285.0
6852	1942	458.0	286.0
6864	1942	462.0	286.0
6876	1942	466.0	287.0
6888	1942	470.0	287.0
6900	1942	475.0	288.0
6912	1942	480.0	288.0
6924	1942	486.0	289.0
6936	1942	492.0	290.0
6948	1942	499.0	290.0
6960	1942	508.0	291.0
6852	2004	418.0	287.0
6864	2004	419.0	288.0
6876	2004	421.0	288.0
6888	2004	422.0	288.0
6900	2004	425.0	289.0
6912	2004	428.0	289.0
6924	2004	429.0	291.0
6936	2004	433.0	292.0
6948	2004	436.0	293.0
6960	2004	440.0	293.0
6972	2004	444.0	294.0
6984	2004	448.0	296.0
6996	2004	454.0	297.0
7008	2004	460.0	299.0
7020	2004	466.0	300.0
7032	2004	475.0	302.0
7044	2004	487.0	305.0
7056	2004	500.0	308.0
7068	2004	516.0	313.0
7080	2004	538.0	319.0
7092	2004	567.0	326.0
7104	2004	612.0	338.0
7116	2004	681.0	356.0
7128	2004	809.0	390.0
7140	2004	1004.0	468.0
6936	2020	415.0	286.0
6948	2020	418.0	288.0
6960	2020	420.0	288.0
6972	2020	422.0	288.0
6984	2020	424.0	289.0
6996	2020	427.0	289.0
7008	2020	430.0	290.0
7020	2020	433.0	291.0
7032	2020	437.0	292.0
7044	2020	440.0	293.0
7056	2020	445.0	294.0
7068	2020	450.0	295.0
7080	2020	455.0	297.0
7092	2020	463.0	298.0
7104	2020	470.0	300.0
7116	2020	479.0	302.0
7128	2020	491.0	306.0
7140	2020	505.0	310.0
7152	2020	523.0	314.0
7164	2020	548.0	321.0
7176	2020	583.0	331.0
7188	2020	638.0	346.0
7200	2020	736.0	372.0
7212	2020	940.0	428.0
7224	2020	1027.0	487.0
6972	2026	403.6875	283.0
6984	2026	404.0	284.0
6996	2026	404.0	283.0
7008	2026	404.0	284.0
7020	2026	405.0	284.0
7032	2026	405.0	285.0
7044	2026	406.0	285.0
7056	2026	407.0	285.0
7068	2026	407.0	284.0
7080	2026	408.0	285.0
7092	2026	409.0	286.0
7104	2026	411.0	286.0
7116	2026	413.0	287.0
7128	2026	413.0	287.0
7140	2026	415.0	288.0
7152	2026	417.0	288.0
7164	2026	418.0	288.0
7176	2026	420.0	289.0
7188	2026	421.0	289.0
7200	2026	424.0	289.0
7212	2026	427.0	291.0
7224	2026	429.0	292.0
7236	2026	432.0	293.0
7248	2026	436.0	293.0
7260	2026	440.0	295.0
7272	2026	444.0	296.0
7284	2026	449.0	297.0
7296	2026	455.0	299.0
7308	2026	462.0	301.0
7320	2026	471.0	303.0
7332	2026	482.0	306.0
7344	2026	495.0	309.0
7356	2026	512.0	313.0
7368	2026	535.0	319.0
7380	2026	566.0	327.0
7392	2026	610.0	339.0
7404	2026	683.0	358.0
7416	2026	813.0	392.0
7428	2026	1008.0	473.0
7056	2049	461.8	286.0
7068	2049	466.0	286.0
7080	2049	470.0	287.0
7092	2049	475.0	287.0
7104	2049	480.0	288.0
7116	2049	486.0	288.0
7128	2049	492.3125	290.46875
7140	2049	498.6875	291.03125
7152	2049	505.0625	291.59375
7164	2049	511.4375	292.15625
7176	2049	517.8125	292.71875
7188	2049	530.0	295.0
7200	2049	548.0	296.0
7212	2049	565.0	298.0
7224	2049	585.0	301.0
7236	2049	608.0	303.0
7248	2049	638.0	306.0
7260	2049	677.0	311.0
7272	2049	729.0	317.0
7284	2049	803.0	325.5
7296	2049	913.0	339.0
7308	2049	995.0	355.0
7116	2069	443.0	286.0
7128	2069	447.0	288.0
7140	2069	450.0	289.0
7152	2069	453.0	289.0
7164	2069	457.0	290.0
7176	2069	461.0	290.0
7188	2069	467.0	291.0
7200	2069	472.0	292.0
7212	2069	478.0	293.0
7224	2069	484.0	294.0
7236	2069	492.0	295.0
7248	2069	501.0	296.0
7260	2069	512.0	299.0
7272	2069	525.0	300.0
7284	2069	541.0	303.0
7296	2069	560.0	306.0
7308	2069	583.0	309.0
7320	2069	612.0	314.0
7332	2069	653.0	320.0
7344	2069	708.0	329.0
7356	2069	789.0	342.0
7368	2069	918.0	362.0
7380	2069	1006.0	394.0
7296	2118	467.0	286.0
7308	2118	472.0	286.0
7320	2118	476.33870967741933	287.43548387096774
7332	2118	480.7903225806452	288.01612903225805
7344	2118	485.241935483871	288.5967741935484
7356	2118	489.69354838709677	289.1774193548387
7368	2118	494.14516129032256	289.758064516129
7380	2118	503.0	292.0
7392	2118	513.0	292.0
7404	2118	523.0	294.0
7416	2118	536.0	295.0
7428	2118	549.0	297.0
7440	2118	563.0	298.0
7452	2118	581.0	301.0
7464	2118	602.0	302.0
7476	2118	629.0	305.0
7488	2118	662.0	309.0
7500	2118	707.0	314.0
7512	2118	765.0	321.0
7524	2118	850.0	331.0
7536	2118	965.0	346.0
7320	2124	442.0	286.0
7332	2124	445.0	288.0
7344	2124	448.0	288.0
7356	2124	451.0	289.0
7368	2124	456.0	289.0
7380	2124	459.0	289.0
7392	2124	464.0	291.0
7404	2124	470.0	292.0
7416	2124	475.0	293.0
7428	2124	482.0	295.0
7440	2124	489.0	296.0
7452	2124	499.0	297.0
7464	2124	510.0	299.0
7476	2124	523.0	301.0
7488	2124	539.0	304.0
7500	2124	561.0	308.0
7512	2124	588.0	313.0
7524	2124	625.0	319.0
7536	2124	677.0	328.0
7548	2124	757.0	342.0
7560	2124	891.0	365.0
7572	2124	1009.0	405.0
7416	2162	452.0	285.0
7428	2162	455.0	285.0
7440	2162	458.0	286.0
7452	2162	459.0	286.0
7464	2162	463.0	286.0
7476	2162	466.0	287.0
7488	2162	470.0	287.0
7500	2162	474.0	288.0
7512	2162	479.0	288.0
7524	2162	484.0	289.0
7536	2162	490.0	290.0
7548	2162	496.0	290.0
7560	2162	503.0	292.0
7572	2162	510.0	292.0
7584	2162	519.0	293.0
7596	2162	530.0	295.0
7608	2162	542.0	296.0
7620	2162	556.0	297.0
7632	2162	571.0	299.0
7644	2162	591.0	302.0
7656	2162	616.0	304.0
7668	2162	645.0	307.0
7680	2162	683.0	312.0
7692	2162	734.0	317.0
7704	2162	803.0	326.0
7716	2162	904.0	338.0
7728	2162	991.0	357.0
7488	2178	455.0	283.0
7500	2178	458.0	283.0
7512	2178	458.0144927536232	283.0
7524	2178	458.18840579710144	283.0
7536	2178	458.3623188405797	283.0
7548	2178	458.536231884058	283.0
7560	2178	458.71014492753625	283.0
7572	2178	458.8840579710145	283.0
7584	2178	460.72727272727275	283.1818181818182
7596	2178	465.0	284.0
7608	2178	468.0	285.0
7620	2178	472.0	285.0
7632	2178	476.0	286.0
7644	2178	481.0	287.0
7656	2178	485.0	287.0
7668	2178	491.0	287.0
7680	2178	496.0	288.0
7692	2178	502.0	288.0
7704	2178	509.0	289.0
7716	2178	517.0	290.0
7728	2178	527.0	291.0
7740	2178	538.0	292.0
7752	2178	549.0	293.0
7764	2178	564.0	294.0
7776	2178	580.0	296.0
7788	2178	601.0	298.0
7800	2178	625.0	301.0
7812	2178	656.0	303.0
7824	2178	696.0	307.0
7836	2178	749.0	313.0
7848	2178	823.0	320.0
7860	2178	930.0	331.0
7536	2191	467.0	284.0
7548	2191	471.0	285.0
7560	2191	478.0	285.0
7572	2191	479.0	285.0
7584	2191	484.0	286.0
7596	2191	487.0	286.0
7608	2191	494.0	287.0
7620	2191	499.0	288.0
7632	2191	505.0	288.0
7644	2191	513.0	289.0
7656	2191	520.0	290.0
7668	2191	531.0	291.0
7680	2191	544.0	292.0
7692	2191	556.0	294.0
7704	2191	571.0	295.0
7716	2191	589.0	297.0
7728	2191	612.0	299.0
7740	2191	638.0	301.0
7752	2191	672.0	304.0
7764	2191	717.0	309.0
7776	2191	776.0	315.0
7788	2191	859.0	324.0
7800	2191	970.0	335.0
7572	2206	417.0	283.0
7584	2206	419.0	282.0
7596	2206	419.0	283.0
7608	2206	421.0	283.0
7620	2206	421.0	284.0
7632	2206	422.0	283.0
7644	2206	423.0	283.0
7656	2206	424.0	284.0
7668	2206	425.90909090909093	284.0
7680	2206	427.0	285.0
7692	2206	429.0	285.0
7704	2206	431.0	285.0
7716	2206	433.0	285.0
7728	2206	434.0	286.0
7740	2206	437.0	286.0
7752	2206	439.0	286.0
7764	2206	443.0	287.0
7776	2206	445.0	287.0
7788	2206	448.0	288.0
7800	2206	451.0	289.0
7812	2206	455.0	290.0
7824	2206	459.0	289.0
7836	2206	464.0	291.0
7848	2206	470.0	292.0
7860	2206	476.0	293.0
7872	2206	483.0	295.0
7884	2206	491.0	296.0
7896	2206	501.0	297.0
7908	2206	513.0	299.0
7920	2206	528.0	301.0
7932	2206	547.0	304.0
7944	2206	570.0	308.0
7956	2206	601.0	313.0
7968	2206	643.0	320.0
7980	2206	705.0	331.0
7992	2206	804.0	348.0
8004	2206	966.0	377.0
7692	2238	466.0	284.0
7704	2238	470.0	285.0
7716	2238	473.0	286.0
7728	2238	478.0	286.0
7740	2238	482.0	286.0
7752	2238	487.0	288.0
7764	2238	492.0	289.0
7776	2238	498.0	289.0
7788	2238	505.0	289.0
7800	2238	513.0	291.0
7812	2238	523.0	292.0
7824	2238	535.0	292.0
7836	2238	548.0	295.0
7848	2238	563.0	296.0
7860	2238	583.0	299.0
7872	2238	608.0	301.0
7884	2238	639.0	305.0
7896	2238	680.0	310.0
7908	2238	738.0	316.0
7920	2238	822.0	326.0
7932	2238	955.0	341.0
7896	2292	441.0	283.0
7908	2292	443.0	284.0
7920	2292	446.0	284.0
7932	2292	448.0	285.0
7944	2292	450.75	285.0
7956	2292	454.0	285.0
7968	2292	456.0	285.0
7980	2292	460.0	286.0
7992	2292	463.5	286.0
8004	2292	468.0	287.0
8016	2292	471.0	288.0
8028	2292	477.0	287.0
8040	2292	482.0	289.0
8052	2292	488.0	290.0
8064	2292	494.0	290.0
8076	2292	501.0	291.0
8088	2292	509.0	292.0
8100	2292	518.0	294.0
8112	2292	529.0	295.0
8124	2292	541.0	296.0
8136	2292	556.0	298.0
8148	2292	573.0	300.0
8160	2292	595.0	302.0
8172	2292	621.0	305.0
8184	2292	655.0	310.0
8196	2292	700.0	315.0
8208	2292	762.0	322.0
8220	2292	853.0	334.0
8232	2292	972.0	351.0
7968	2314	442.0	283.0
7980	2314	442.57142857142856	282.14285714285717
7992	2314	444.2857142857143	282.57142857142856
8004	2314	446.0	283.0
8016	2314	446.0	284.0
8028	2314	449.47058823529414	284.0
8040	2314	453.0	284.0
8052	2314	455.0	285.0
8064	2314	457.0	286.0
8076	2314	460.0	287.0
8088	2314	462.0	286.0
8100	2314	466.0	286.0
8112	2314	469.0	287.0
8124	2314	474.0	288.0
8136	2314	478.0	289.0
8148	2314	483.0	290.0
8160	2314	488.0	290.0
8172	2314	495.0	291.0
8184	2314	502.0	292.0
8196	2314	510.0	293.0
8208	2314	519.0	294.0
8220	2314	530.0	296.0
8232	2314	542.0	297.0
8244	2314	556.0	299.0
8256	2314	573.0	301.0
8268	2314	593.0	303.0
8280	2314	616.0	306.0
8292	2314	646.0	310.0
8304	2314	686.0	316.0
8316	2314	740.0	323.0
8328	2314	815.0	334.0
8340	2314	937.0	350.0
8004	2324	423.0	284.0
8016	2324	423.0	284.0
8028	2324	423.40677966101697	284.271186440678
8040	2324	424.0169491525424	284.6779661016949
8052	2324	424.6271186440678	285.08474576271186
8064	2324	425.23728813559325	285.49152542372883
8076	2324	425.8474576271187	285.89830508474574
8088	2324	424.0	286.0
8100	2324	424.2	287.0
8112	2324	425.0	287.0
8124	2324	428.0	288.0
8136	2324	429.0	289.0
8148	2324	429.0	289.0
8160	2324	431.0	289.0
8172	2324	433.0	290.0
8184	2324	434.0	290.0
8196	2324	437.0	291.0
8208	2324	439.0	292.0
8220	2324	442.0	293.0
8232	2324	447.0	293.0
8244	2324	450.0	289.0
8256	2324	457.0	293.0
8268	2324	464.0	297.0
8280	2324	469.0	298.0
8292	2324	477.0	298.0
8304	2324	487.0	302.0
8316	2324	497.0	305.0
8328	2324	509.0	309.0
8340	2324	525.0	312.0
8352	2324	545.0	318.0
8364	2324	571.0	325.0
8376	2324	607.0	334.0
8388	2324	658.0	348.0
8400	2324	741.0	369.0
8412	2324	891.0	408.0
8424	2324	1013.0	477.0
8124	2362	452.0	284.0
8136	2362	453.1764705882353	284.0
8148	2362	456.0	284.0
8160	2362	458.57142857142856	286.0
8172	2362	462.5	286.0
8184	2362	465.0	286.0
8196	2362	468.0	286.0
8208	2362	473.0	288.0
8220	2362	477.0	288.0
8232	2362	481.0	288.0
8244	2362	486.0	289.0
8256	2362	492.0	290.0
8268	2362	498.0	291.0
8280	2362	504.0	291.0
8292	2362	512.0	292.0
8304	2362	520.0	293.0
8316	2362	530.0	294.0
8328	2362	542.0	296.0
8340	2362	555.0	298.0
8352	2362	572.0	299.0
8364	2362	590.0	301.0
8376	2362	614.1346153846154	303.3269230769231
8388	2362	639.75	307.25
8400	2362	665.3653846153846	311.1730769230769
8412	2362	690.9807692307693	315.09615384615387
8424	2362	716.5961538461538	319.0192307692308
8436	2362	832.0	332.0
8448	2362	957.0	346.0
8232	2382	420.0	288.0
8244	2382	422.0	287.0
8256	2382	423.8888888888889	286.1111111111111
8268	2382	429.0	289.0
8280	2382	432.0	289.0
8292	2382	436.0	290.0
8304	2382	442.0	291.0
8316	2382	446.0	292.0
8328	2382	452.0	293.0
8340	2382	460.0	294.0
8352	2382	467.0	296.0
8364	2382	475.0	297.0
8376	2382	484.0	299.0
8388	2382	494.0	300.0
8400	2382	506.0	301.0
8412	2382	521.0	304.0
8424	2382	539.0	307.0
8436	2382	559.0	310.0
8448	2382	586.0	315.0
8460	2382	621.0	320.0
8472	2382	668.0	329.0
8484	2382	736.0	341.0
8496	2382	844.0	360.0
8508	2382	982.0	393.0
8400	2426	457.0	286.0
8412	2426	461.0	286.0
8424	2426	464.3333333333333	286.0
8436	2426	468.0	287.0
8448	2426	471.0	287.0
8460	2426	477.0	288.0
8472	2426	481.0	288.0
8484	2426	486.0	290.0
8496	2426	491.0	290.0
8508	2426	499.0	290.0
8520	2426	506.0	291.0
8532	2426	514.0	292.0
8544	2426	524.0	293.0
8556	2426	535.0	295.0
8568	2426	547.0	296.0
8580	2426	563.0	298.0
8592	2426	582.0	300.0
8604	2426	603.0	302.0
8616	2426	631.0	305.0
8628	2426	664.0	309.0
8640	2426	708.0	314.0
8652	2426	768.0	321.0
8664	2426	854.0	331.0
8676	2426	968.0	346.0
8412	2433	434.0	283.0
8424	2433	435.0	282.0
8436	2433	437.0	283.0
8448	2433	437.6875	283.6875
8460	2433	438.0	285.0
8472	2433	439.0	285.0
8484	2433	440.0	285.0
8496	2433	442.0	285.0
8508	2433	443.0	285.0
8520	2433	445.0	286.0
8532	2433	447.0	286.0
8544	2433	450.0	287.0
8556	2433	453.0	288.0
8568	2433	455.0	288.0
8580	2433	459.0	289.0
8592	2433	462.0	289.0
8604	2433	466.0	290.0
8616	2433	473.0	291.0
8628	2433	479.0	292.0
8640	2433	485.0	293.0
8652	2433	493.0	294.0
8664	2433	505.0	296.0
8676	2433	517.0	298.0
8688	2433	531.0	300.0
8700	2433	548.0	303.0
8712	2433	567.0	305.0
8724	2433	594.0	310.0
8736	2433	628.0	316.0
8748	2433	674.0	322.0
8760	2433	742.0	334.0
8772	2433	848.0	351.0
8784	2433	979.0	381.0
8796	2433	997.0	385.0
8808	2433	1005.0	406.0
8820	2433	999.0	391.0
8508	2473	480.0	285.0
8520	2473	486.0	284.0
8532	2473	491.0	285.0
8544	2473	497.0	286.0
8556	2473	501.0	286.0
8568	2473	506.0	287.0
8580	2473	512.5	288.0
8592	2473	520.0	288.0
8604	2473	528.0	289.0
8616	2473	538.0	289.0
8628	2473	548.0	291.0
8640	2473	559.0	292.0
8652	2473	571.0	292.0
8664	2473	586.0	294.0
8676	2473	603.0	296.0
8688	2473	623.0	297.0
8700	2473	647.0	299.0
8712	2473	675.0	302.0
8724	2473	709.0	304.0
8736	2473	754.0	309.0
8748	2473	810.0	313.0
8760	2473	888.0	320.0
8772	2473	971.0	328.0
8652	2517	430.45454545454544	284.54545454545456
8664	2517	433.0	286.0
8676	2517	435.0	286.0
8688	2517	438.0	286.2
8700	2517	441.0	286.8
8712	2517	444.0	287.0
8724	2517	446.0	288.0
8736	2517	448.0	288.0
8748	2517	454.0	289.0
8760	2517	458.0	289.0
8772	2517	462.0	290.0
8784	2517	468.0	290.0
8796	2517	474.0	292.0
8808	2517	479.0	293.0
8820	2517	488.0	295.0
8832	2517	495.0	296.0
8844	2517	505.0	297.0
8856	2517	517.0	299.0
8868	2517	534.0	302.0
8880	2517	552.0	305.0
8892	2517	573.0	309.0
8904	2517	603.0	313.0
8916	2517	642.0	320.0
8928	2517	699.0	329.0
8940	2517	784.0	344.0
8952	2517	928.0	367.0
8808	2556	415.0	285.0
8820	2556	417.0	286.0
8832	2556	418.0	286.0
8844	2556	421.0	286.0
8856	2556	423.0	287.0
8868	2556	425.0	288.0
8880	2556	427.0	289.0
8892	2556	432.0	290.0
8904	2556	436.0	291.0
8916	2556	440.0	292.0
8928	2556	446.0	293.0
8940	2556	452.0	295.0
8952	2556	459.0	295.0
8964	2556	467.0	298.0
8976	2556	478.0	300.0
8988	2556	491.0	304.0
9000	2556	508.0	307.0
9012	2556	531.0	313.0
9024	2556	565.0	321.0
9036	2556	615.0	333.0
9048	2556	703.0	355.0
9060	2556	891.0	399.0
8832	2569	470.0	286.0
8844	2569	474.1	288.0
8856	2569	478.0	288.0
8868	2569	485.3333333333333	288.0
8880	2569	491.0	290.0
8892	2569	497.0	290.5
8904	2569	503.75	291.0
8916	2569	512.0	292.0
8928	2569	522.0	293.0
8940	2569	533.0	294.0
8952	2569	545.0	296.0
8964	2569	560.0	297.0
8976	2569	577.0	300.0
8988	2569	598.0	301.0
9000	2569	624.0	304.0
9012	2569	656.0	309.0
9024	2569	700.0	314.0
9036	2569	759.0	321.0
9048	2569	842.0	330.0
9060	2569	961.0	345.0
9072	2569	987.0	294.0
8856	2582	408.0	284.0
8868	2582	411.0	285.0
8880	2582	411.0	284.0
8892	2582	411.9	284.9
8904	2582	414.0	286.0
8916	2582	414.0	287.0
8928	2582	417.0	287.0
8940	2582	419.0	287.0
8952	2582	420.0	288.0
8964	2582	421.0	288.0
8976	2582	424.0	288.0
8988	2582	426.0	289.0
9000	2582	428.0	289.0
9012	2582	432.0	291.0
9024	2582	434.0	291.0
9036	2582	438.0	292.0
9048	2582	442.0	293.0
9060	2582	446.0	294.0
9072	2582	451.0	295.0
9084	2582	457.0	297.0
9096	2582	464.0	299.0
9108	2582	471.0	300.0
9120	2582	482.0	303.0
9132	2582	494.0	306.0
9144	2582	509.0	310.0
9156	2582	529.0	315.0
9168	2582	556.0	322.0
9180	2582	595.0	331.0
9192	2582	654.0	346.0
9204	2582	758.0	373.0
9216	2582	964.0	431.0
9024	2655	457.0	283.0
9036	2655	460.0	283.0
9048	2655	460.0	283.0
9060	2655	463.0	284.0
9072	2655	467.0	284.0
9084	2655	471.55555555555554	284.8888888888889
9096	2655	474.0	284.0
9108	2655	477.0	283.0
9120	2655	479.4	280.6
9132	2655	482.0	277.0
9144	2655	491.0	283.0
9156	2655	496.0	286.0
9168	2655	502.0	287.0
9180	2655	508.0	289.0
9192	2655	516.0	290.0
9204	2655	523.0	290.0
9216	2655	532.0	291.0
9228	2655	542.0	291.0
9240	2655	553.0	292.0
9252	2655	566.0	294.0
9264	2655	581.0	295.0
9276	2655	598.0	297.0
9288	2655	619.0	299.0
9300	2655	642.0	301.0
9312	2655	672.0	304.0
9324	2655	710.0	307.0
9336	2655	758.0	313.0
9348	2655	825.0	319.0
9360	2655	918.0	328.0
9372	2655	979.0	338.0
9384	2655	997.0	342.0
9060	2676	416.0	286.0
9072	2676	417.0	286.0
9084	2676	420.0	287.0
9096	2676	420.0	287.0
9108	2676	421.0	287.0
9120	2676	423.0	288.0
9132	2676	424.8333333333333	288.0
9144	2676	426.0	289.0
9156	2676	428.0	289.0
9168	2676	432.0	289.0
9180	2676	434.0	290.0
9192	2676	437.0	291.0
9204	2676	440.0	292.0
9216	2676	444.0	293.0
9228	2676	450.0	295.0
9240	2676	455.0	295.0
9252	2676	461.0	296.0
9264	2676	469.0	298.0
9276	2676	477.0	300.0
9288	2676	488.0	302.0
9300	2676	501.0	305.0
9312	2676	517.0	308.0
9324	2676	537.0	313.0
9336	2676	563.0	318.0
9348	2676	601.0	327.0
9360	2676	655.0	337.0
9372	2676	740.0	355.0
9384	2676	893.0	388.0
9156	2699	406.625	283.0
9168	2699	407.0	284.0
9180	2699	409.0	284.0
9192	2699	409.0	285.0
9204	2699	410.0	285.0
9216	2699	411.0	285.0
9228	2699	411.72727272727275	285.0
9240	2699	414.0	286.0
9252	2699	415.0	286.0
9264	2699	415.0	286.0
9276	2699	417.0	287.0
9288	2699	417.0	287.0
9300	2699	420.0	287.0
9312	2699	421.0	288.0
9324	2699	423.0	288.0
9336	2699	424.0	289.0
9348	2699	427.0	290.0
9360	2699	429.0	290.0
9372	2699	432.0	290.0
9384	2699	435.0	291.0
9396	2699	437.0	292.0
9408	2699	441.0	292.0
9420	2699	445.0	294.0
9432	2699	450.0	295.0
9444	2699	454.0	296.0
9456	2699	460.0	297.0
9468	2699	466.0	299.0
9480	2699	473.0	301.0
9492	2699	482.0	303.0
9504	2699	494.0	306.0
9516	2699	507.0	310.0
9528	2699	525.0	315.0
9540	2699	550.0	321.0
9552	2699	582.0	330.0
9564	2699	630.0	342.0
9576	2699	708.0	363.0
9588	2699	860.0	401.0
9600	2699	1019.0	482.0
9324	2747	454.0	285.0
9336	2747	457.0	286.0
9348	2747	460.0	286.0
9360	2747	464.0	286.0
9372	2747	468.0	288.0
9384	2747	471.0	288.0
9396	2747	475.0	289.0
9408	2747	480.0	290.0
9420	2747	484.0	290.0
9432	2747	490.0	291.0
9444	2747	497.0	291.0
9456	2747	505.0	293.0
9468	2747	514.0	294.0
9480	2747	524.0	295.0
9492	2747	536.0	296.0
9504	2747	550.0	298.0
9516	2747	567.0	300.0
9528	2747	587.0	302.0
9540	2747	609.0	305.0
9552	2747	639.0	309.0
9564	2747	678.0	313.0
9576	2747	733.0	319.0
9324	2748	479.0	285.0
9336	2748	483.0	286.0
9348	2748	488.0	286.0
9360	2748	493.0	287.0
9372	2748	499.0	288.0
9384	2748	504.0	288.0
9396	2748	511.0	289.0
9408	2748	519.0	289.0
9420	2748	528.0	291.0
9432	2748	539.0	292.0
9444	2748	550.0	293.0
9456	2748	563.0	294.0
9468	2748	578.0	295.0
9480	2748	597.0	297.0
9492	2748	618.0	299.0
9504	2748	644.0	301.0
9516	2748	677.0	304.0
9528	2748	719.0	309.0
9540	2748	773.0	314.0
9552	2748	848.0	321.0
9564	2748	957.0	332.0
9384	2774	411.0	283.0
9396	2774	409.3	283.0
9408	2774	409.0	284.0
9420	2774	410.0	285.0
9432	2774	411.0	285.0
9444	2774	413.0975609756098	285.219512195122
9456	2774	414.5609756097561	285.5121951219512
9468	2774	416.0243902439024	285.8048780487805
9480	2774	417.0	286.0
9492	2774	418.0	286.0
9504	2774	420.0	288.0
9516	2774	422.0	288.0
9528	2774	425.0	288.0
9540	2774	429.0	289.0
9552	2774	434.0	289.0
9564	2774	440.0	291.0
9576	2774	446.0	292.0
9588	2774	452.0	293.0
9600	2774	460.0	294.0
9612	2774	470.0	296.0
9624	2774	481.0	298.0
9636	2774	494.0	300.0
9648	2774	510.0	303.0
9660	2774	531.0	306.0
9672	2774	556.0	311.0
9684	2774	591.0	317.0
9696	2774	642.0	326.0
9708	2774	722.0	341.0
9720	2774	859.0	366.0
9732	2774	1012.0	420.0
9564	2854	421.0	285.0
9576	2854	422.0	286.0
9588	2854	425.0	287.0
9600	2854	427.0	287.0
9612	2854	428.0	286.0
9624	2854	432.0	288.0
9636	2854	436.0	288.0
9648	2854	440.0	289.0
9660	2854	444.0	290.0
9672	2854	449.0	290.0
9684	2854	455.0	290.0
9696	2854	460.0	292.0
9708	2854	468.0	293.0
9720	2854	475.0	293.0
9732	2854	483.0	295.0
9744	2854	493.0	296.0
9756	2854	504.0	298.0
9768	2854	517.0	299.0
9780	2854	532.0	302.0
9792	2854	552.0	305.0
9804	2854	575.0	309.0
9816	2854	605.0	314.0
9828	2854	648.0	320.0
9840	2854	708.0	331.0
9852	2854	801.0	347.0
9864	2854	959.0	374.0
9576	2867	405.0	283.0
9588	2867	405.0	283.0
9600	2867	405.0	283.0
9612	2867	405.0	284.0
9624	2867	406.0	283.0
9636	2867	407.0	284.0
9648	2867	409.0	285.0
9660	2867	409.0	285.0
9672	2867	411.0	284.0
9684	2867	411.0	284.0
9696	2867	412.0	285.0
9708	2867	413.0	286.0
9720	2867	416.0	287.0
9732	2867	417.0	287.0
9744	2867	418.0	287.0
9756	2867	420.0	288.0
9768	2867	421.0	288.0
9780	2867	423.0	288.0
9792	2867	425.0	289.0
9804	2867	427.0	289.0
9816	2867	431.0	290.0
9828	2867	434.0	291.0
9840	2867	438.0	292.0
9852	2867	442.0	293.0
9864	2867	447.0	294.0
9876	2867	453.0	295.0
9888	2867	460.0	296.0
9900	2867	468.0	297.0
9912	2867	477.0	299.0
9924	2867	489.0	302.0
9936	2867	502.0	303.0
9948	2867	518.0	306.0
9960	2867	539.0	310.0
9972	2867	565.0	315.0
9984	2867	602.0	321.0
9996	2867	650.0	330.0
10008	2867	722.0	343.0
10020	2867	839.0	364.0
10032	2867	988.0	402.0
9708	2925	444.2	288.0
9720	2925	447.0	288.0
9732	2925	451.5	288.0
9744	2925	454.0	290.0
9756	2925	458.0	290.0
9768	2925	462.0	291.0
9780	2925	468.0	292.0
9792	2925	473.0	292.0
9804	2925	479.0	293.0
9816	2925	487.0	295.0
9828	2925	496.0	296.0
9840	2925	506.0	297.0
9852	2925	517.0	299.0
9864	2925	531.0	302.0
9876	2925	549.0	304.0
9888	2925	570.0	308.0
9900	2925	597.0	313.0
9912	2925	636.0	319.0
9924	2925	688.0	327.0
9936	2925	766.0	341.0
9948	2925	893.0	361.0
9960	2925	1005.0	400.0
9768	2954	448.0	288.0
9780	2954	451.0	289.0
9792	2954	457.0	289.0
9804	2954	460.0	290.0
9816	2954	466.0	291.0
9828	2954	472.0	293.0
9840	2954	479.0	293.0
9852	2954	487.0	294.0
9864	2954	495.0	296.0
9876	2954	506.0	297.0
9888	2954	519.0	299.0
9900	2954	532.0	301.0
9912	2954	549.0	304.0
9924	2954	570.0	308.0
9936	2954	596.0	312.0
9948	2954	630.0	316.0
9960	2954	677.0	324.0
9972	2954	744.0	335.0
9984	2954	845.0	351.0
9996	2954	979.0	379.0
9816	2980	404.0	283.5
9828	2980	405.0816326530612	283.0204081632653
9840	2980	406.0612244897959	283.265306122449
9852	2980	407.0408163265306	283.51020408163265
9864	2980	408.0204081632653	283.7551020408163
9876	2980	409.0	284.0
9888	2980	411.2641509433962	284.0377358490566
9900	2980	412.8490566037736	284.2641509433962
9912	2980	414.4339622641509	284.49056603773585
9924	2980	416.0188679245283	284.7169811320755
9936	2980	417.60377358490564	284.9433962264151
9948	2980	421.0	285.0
9960	2980	423.0	286.0
9972	2980	425.0	287.0
9984	2980	428.0	287.0
9996	2980	430.0	286.0
10008	2980	433.0	287.0
10020	2980	436.0	287.5
10032	2980	440.0	288.0
10044	2980	443.0	288.0
10056	2980	447.0	289.0
10068	2980	450.0	290.0
10080	2980	454.0	290.0
10092	2980	460.0	291.0
10104	2980	464.0	293.0
10116	2980	471.0	293.0
10128	2980	478.0	294.0
10140	2980	485.0	295.0
10152	2980	492.0	296.0
10164	2980	502.0	298.0
10176	2980	512.0	299.0
10188	2980	525.0	301.0
10200	2980	540.0	303.0
10212	2980	558.0	306.0
10224	2980	581.0	310.0
10236	2980	610.0	314.0
10248	2980	648.0	320.0
10260	2980	698.0	329.0
10272	2980	772.0	341.0
10284	2980	889.0	360.0
10296	2980	998.0	396.0
9924	3027	430.0	284.0
9936	3027	433.0	283.0
9948	3027	437.0	284.0
9960	3027	441.0	285.0
9972	3027	443.0	285.0
9984	3027	446.0	285.0
9996	3027	450.0	286.0
10008	3027	455.0	286.0
10020	3027	461.0	286.0
10032	3027	466.0	286.0
10044	3027	470.0	288.0
10056	3027	475.0	288.0
10068	3027	481.0	289.0
10080	3027	488.0	290.0
10092	3027	494.0	290.0
10104	3027	502.0	291.0
10116	3027	510.0	292.0
10128	3027	520.0	293.0
10140	3027	531.0	295.0
10152	3027	544.0	296.0
10164	3027	558.0	297.0
10176	3027	575.0	299.0
10188	3027	597.0	302.0
10200	3027	623.0	304.0
10212	3027	657.0	308.0
10224	3027	702.0	314.0
10236	3027	762.0	321.0
10248	3027	852.0	331.0
10260	3027	972.0	348.0
10032	3075	421.0	284.0
10044	3075	421.0	285.0
10056	3075	422.0	285.0
10068	3075	422.0	286.0
10080	3075	421.0	286.0
10092	3075	422.0	286.0
10104	3075	422.0	287.0
10116	3075	423.0	288.0
10128	3075	424.0	289.0
10140	3075	425.0	289.0
10152	3075	427.0	290.0
10164	3075	429.0	290.0
10176	3075	431.0	291.0
10188	3075	433.0	291.0
10200	3075	437.0	293.0
10212	3075	440.0	294.0
10224	3075	445.0	295.0
10236	3075	450.0	296.0
10248	3075	456.0	298.0
10260	3075	463.0	301.0
10272	3075	472.0	303.0
10284	3075	483.0	306.0
10296	3075	498.0	310.0
10308	3075	518.0	315.0
10320	3075	544.0	322.0
10332	3075	583.0	333.0
10344	3075	645.0	351.0
10356	3075	762.0	384.0
10368	3075	987.0	466.0
10104	3112	443.0	288.0
10116	3112	448.0	289.0
10128	3112	452.0	289.0
10140	3112	457.0	290.0
10152	3112	462.0	291.0
10164	3112	468.0	292.0
10176	3112	475.0	293.0
10188	3112	482.0	294.0
10200	3112	490.0	296.0
10212	3112	500.0	297.0
10224	3112	510.0	299.0
10236	3112	523.0	301.0
10248	3112	537.0	303.0
10260	3112	557.0	306.0
10272	3112	579.0	309.0
10284	3112	609.0	314.0
10296	3112	649.0	321.0
10308	3112	704.0	330.0
10320	3112	788.0	344.0
10332	3112	927.0	367.0
10140	3119	444.3333333333333	285.0
10152	3119	446.0	286.0
10164	3119	451.0	284.0
10176	3119	455.0	287.0
10188	3119	458.0	287.0
10200	3119	461.0	287.0
10212	3119	465.0	287.0
10224	3119	469.0	287.0
10236	3119	474.0	289.0
10248	3119	479.0	288.0
10260	3119	485.0	290.0
10272	3119	491.0	290.0
10284	3119	498.0	291.0
10296	3119	506.0	292.0
10308	3119	514.5	293.3333333333333
10320	3119	522.9	294.1333333333333
10332	3119	531.3	294.93333333333334
10344	3119	548.0	297.0
10356	3119	565.0	299.0
10368	3119	585.0	301.0
10380	3119	609.0	303.0
10392	3119	639.0	307.0
10404	3119	676.0	311.0
10416	3119	727.0	317.0
10428	3119	796.0	325.0
10440	3119	901.0	338.0
10452	3119	992.0	358.0
10200	3131	419.0	287.0
10212	3131	419.0	287.0
10224	3131	422.0	288.0
10236	3131	422.0	288.0
10248	3131	424.0	288.0
10260	3131	426.0	289.0
10272	3131	430.0	289.0
10284	3131	431.0	290.0
10296	3131	434.0	291.0
10308	3131	439.0	292.0
10320	3131	444.0	293.0
10332	3131	449.0	294.0
10344	3131	455.0	295.0
10356	3131	463.0	296.0
10368	3131	473.0	297.0
10380	3131	483.0	300.0
10392	3131	496.0	302.0
10404	3131	512.0	304.0
10416	3131	531.0	307.0
10428	3131	553.0	311.0
10440	3131	585.0	316.0
10452	3131	626.0	323.0
10464	3131	685.0	334.0
10476	3131	776.0	349.0
10488	3131	931.0	376.0
10248	3149	397.5	282.0
10260	3149	398.0	283.0
10272	3149	399.0	283.0
10284	3149	399.0	282.0
10296	3149	400.0	282.0
10308	3149	401.0	283.0
10320	3149	401.08	283.08
10332	3149	401.56	283.56
10344	3149	402.07272727272726	284.0181818181818
10356	3149	402.94545454545454	284.23636363636365
10368	3149	403.8181818181818	284.45454545454544
10380	3149	404.6909090909091	284.6727272727273
10392	3149	405.56363636363636	284.8909090909091
10404	3149	406.0	285.0
10416	3149	407.6666666666667	285.8333333333333
10428	3149	408.0	286.0
10440	3149	410.24242424242425	287.06060606060606
10452	3149	411.6969696969697	287.42424242424244
10464	3149	413.1515151515151	287.7878787878788
10476	3149	415.0	288.0
10488	3149	417.0	288.0
10500	3149	420.0	288.0
10512	3149	421.0	289.0
10524	3149	423.0	289.0
10536	3149	425.0	290.0
10548	3149	428.0	291.0
10560	3149	431.0	292.0
10572	3149	433.0	292.0
10584	3149	436.0	293.0
10596	3149	440.0	295.0
10608	3149	444.0	296.0
10620	3149	448.0	296.0
10632	3149	455.0	299.0
10644	3149	461.0	301.0
10656	3149	469.0	303.0
10668	3149	479.0	305.0
10680	3149	491.0	308.0
10692	3149	506.0	313.0
10704	3149	526.0	318.0
10716	3149	554.0	326.0
10728	3149	596.0	338.0
10740	3149	660.0	355.0
10752	3149	778.0	388.0
10764	3149	990.0	467.0
10344	3187	430.0	285.0
10356	3187	431.7142857142857	285.0
10368	3187	433.0	286.0
10380	3187	435.0	286.0
10392	3187	436.0	287.0
10404	3187	438.8181818181818	286.45454545454544
10416	3187	441.0	287.0
10428	3187	444.0	288.0
10440	3187	446.0	288.0
10452	3187	450.0	289.0
10464	3187	452.0	289.0
10476	3187	456.0	289.0
10488	3187	458.0	290.0
10500	3187	463.0	291.0
10512	3187	467.0	292.0
10524	3187	472.0	292.0
10536	3187	477.0	293.0
10548	3187	482.0	294.0
10560	3187	489.0	295.0
10572	3187	496.0	295.0
10584	3187	505.0	297.0
10596	3187	516.0	299.0
10608	3187	528.0	301.0
10620	3187	543.0	303.0
10632	3187	559.0	305.0
10644	3187	580.0	308.0
10656	3187	606.0	313.0
10668	3187	640.0	318.0
10680	3187	687.0	326.0
10692	3187	754.0	337.0
10704	3187	858.0	354.0
10716	3187	984.0	382.0
10368	3197	446.0	288.0
10380	3197	450.0	289.0
10392	3197	453.0	289.0
10404	3197	457.0	290.0
10416	3197	461.0	291.0
10428	3197	466.0	292.0
10440	3197	471.0	292.0
10452	3197	476.0	293.0
10464	3197	481.0	294.0
10476	3197	489.0	295.0
10488	3197	498.0	297.0
10500	3197	508.0	299.0
10512	3197	518.0	300.0
10524	3197	532.0	302.0
10536	3197	548.0	305.0
10548	3197	567.0	308.0
10560	3197	591.0	313.0
10572	3197	623.0	318.0
10584	3197	666.0	325.0
10596	3197	729.0	336.0
10608	3197	823.0	352.0
10620	3197	969.0	380.0
10560	3260	397.0	282.0
10572	3260	397.0	282.0
10584	3260	398.0	282.0
10596	3260	398.0	281.0
10608	3260	398.0	282.0
10620	3260	399.0	281.0
10632	3260	399.07142857142856	281.0357142857143
10644	3260	399.92857142857144	281.4642857142857
10656	3260	400.7857142857143	281.89285714285717
10668	3260	399.54545454545456	282.0
10680	3260	399.0	283.0
10692	3260	399.0	283.0
10704	3260	398.0	284.0
10716	3260	397.0	284.0
10728	3260	396.0	283.0
10740	3260	395.0	284.0
10752	3260	395.0	284.0
10764	3260	393.0	284.0
10776	3260	393.0	284.0
10788	3260	393.0	285.0
10800	3260	393.0	285.0
10812	3260	393.0	286.0
10824	3260	394.0	286.0
10836	3260	394.0	286.0
10848	3260	394.0	286.0
10860	3260	394.0	287.0
10872	3260	395.0	288.0
10884	3260	396.0	288.0
10896	3260	397.0	288.0
10908	3260	400.0	289.0
10920	3260	402.0	290.0
10932	3260	404.0	291.0
10944	3260	408.0	291.0
10956	3260	412.0	292.0
10968	3260	416.0	293.0
10980	3260	422.0	295.0
10992	3260	428.0	296.0
11004	3260	434.0	297.0
11016	3260	442.0	299.0
11028	3260	450.0	301.0
11040	3260	461.0	303.0
11052	3260	473.0	307.0
11064	3260	488.0	310.0
11076	3260	509.0	316.0
11088	3260	536.0	324.0
11100	3260	575.0	335.0
11112	3260	640.0	353.0
11124	3260	760.0	386.0
11136	3260	991.0	471.0
10560	3263	410.0	285.0
10572	3263	410.0	285.0
10584	3263	411.0	285.0
10596	3263	412.37142857142857	285.22857142857146
10608	3263	414.42857142857144	285.57142857142856
10620	3263	416.48571428571427	285.9142857142857
10632	3263	418.0	286.0
10644	3263	418.0	287.0
10656	3263	420.0	288.0
10668	3263	421.0	288.0
10680	3263	423.0	288.0
10692	3263	425.0	289.0
10704	3263	427.0	289.0
10716	3263	430.0	290.0
10728	3263	433.0	291.0
10740	3263	437.0	291.0
10752	3263	440.0	293.0
10764	3263	444.0	294.0
10776	3263	449.0	294.0
10788	3263	454.0	296.0
10800	3263	460.0	297.0
10812	3263	468.0	299.0
10824	3263	477.0	302.0
10836	3263	488.0	305.0
10848	3263	500.0	307.0
10860	3263	517.0	312.0
10872	3263	538.0	317.0
10884	3263	567.0	325.0
10896	3263	611.0	336.0
10908	3263	681.0	355.0
10920	3263	807.0	388.0
10932	3263	1006.0	467.0
10632	3279	433.0	287.0
10644	3279	437.0	288.0
10656	3279	442.0	288.0
10668	3279	447.0	290.0
10680	3279	454.0	291.0
10692	3279	459.0	291.0
10704	3279	465.0	293.0
10716	3279	472.0	293.0
10728	3279	481.0	294.0
10740	3279	489.0	295.0
10752	3279	499.0	297.0
10764	3279	510.0	298.0
10776	3279	523.0	300.0
10788	3279	540.0	303.0
10800	3279	559.0	306.0
10812	3279	584.0	310.0
10824	3279	617.0	315.0
10836	3279	660.0	323.0
10848	3279	725.0	333.0
10860	3279	822.0	349.0
10872	3279	968.0	375.0
10740	3316	409.0	284.0
10752	3316	409.0	284.0
10764	3316	410.0	284.0
10776	3316	412.0	285.0
10788	3316	412.5	285.0
10800	3316	413.82758620689657	285.0
10812	3316	415.0689655172414	285.0
10824	3316	416.0	285.6
10836	3316	418.0	286.0
10848	3316	419.0	287.0
10860	3316	420.0	286.0
10872	3316	421.0	287.0
10884	3316	422.0	288.0
10896	3316	425.0	288.0
10908	3316	425.0	288.0
10920	3316	427.0	289.0
10932	3316	430.0	290.0
10944	3316	432.0	290.0
10956	3316	435.0	290.0
10968	3316	437.0	291.0
10980	3316	440.0	291.0
10992	3316	444.0	292.0
11004	3316	448.0	293.0
11016	3316	453.0	293.0
11028	3316	458.0	295.0
10812	3348	451.0	283.6666666666667
10824	3348	453.0	284.0
10836	3348	456.14285714285717	284.7142857142857
10848	3348	458.0	285.0
10860	3348	461.0	286.0
10872	3348	465.0	286.0
10884	3348	468.0	286.0
10896	3348	472.0	287.0
10908	3348	477.0	289.0
10920	3348	482.0	288.0
10932	3348	487.0	289.0
10944	3348	495.0	290.0
10956	3348	502.0	291.0
10968	3348	509.0	292.0
10980	3348	518.0	292.0
10992	3348	528.0	293.0
11004	3348	539.0	295.0
11016	3348	551.0	296.0
11028	3348	565.0	298.0
11040	3348	582.0	300.0
11052	3348	602.0	301.0
11064	3348	628.0	304.0
11076	3348	657.0	308.0
11088	3348	697.0	312.0
11100	3348	749.0	318.0
11112	3348	817.0	326.0
11124	3348	918.0	337.0
11136	3348	965.0	332.0
11148	3348	999.0	352.0
11160	3348	993.0	359.0
11172	3348	999.0	360.0
11040	3425	416.0	285.0
11052	3425	418.0	285.0
11064	3425	419.0	284.0
11076	3425	421.0	284.0
11088	3425	424.0	286.0
11100	3425	428.0	287.0
11112	3425	430.0	287.0
11124	3425	434.0	288.0
11136	3425	439.0	288.0
11148	3425	442.0	289.0
11160	3425	445.0	288.0
11172	3425	450.0	290.0
11184	3425	455.0	289.0
11196	3425	459.0	291.0
11208	3425	465.0	291.0
11220	3425	472.0	292.0
11232	3425	479.0	293.0
11244	3425	487.0	295.0
11256	3425	498.0	296.0
11268	3425	507.0	297.0
11280	3425	519.0	300.0
11292	3425	532.0	302.0
11304	3425	552.0	305.0
11316	3425	574.0	308.0
11328	3425	603.0	313.0
11340	3425	641.0	319.0
11352	3425	695.0	328.0
11364	3425	776.0	341.0
11376	3425	907.0	362.0
11388	3425	1008.0	398.0
11052	3429	443.0	287.0
11064	3429	445.0	288.0
11076	3429	447.0	288.0
11088	3429	451.4	289.0
11100	3429	456.0	289.0
11112	3429	460.0	290.0
11124	3429	468.0	292.0
11136	3429	474.0	292.0
11148	3429	480.0	293.0
11160	3429	487.0	295.0
11172	3429	496.0	296.0
11184	3429	506.0	297.0
11196	3429	517.0	299.0
11208	3429	531.0	302.0
11220	3429	547.0	304.0
11232	3429	568.0	307.0
11244	3429	594.0	311.0
11256	3429	628.0	317.0
11268	3429	675.0	325.0
11280	3429	744.0	337.0
11292	3429	852.0	355.0
11304	3429	988.0	389.0
11148	3456	417.0	283.0
11160	3456	417.875	283.0
11172	3456	419.0	283.0
11184	3456	418.0	283.0
11196	3456	419.0	283.0
11208	3456	420.0	283.0
11220	3456	421.0	283.0
11232	3456	422.0	283.0
11244	3456	424.0	284.0
11256	3456	425.3333333333333	284.3333333333333
11268	3456	428.0	285.0
11280	3456	429.0	285.0
11292	3456	430.0	285.0
11304	3456	433.0	286.0
11316	3456	435.0	286.0
11328	3456	438.0	286.0
11340	3456	441.0	287.0
11352	3456	444.0	288.0
11364	3456	446.0	288.0
11376	3456	449.0	289.0
11388	3456	454.0	290.0
11400	3456	458.0	289.0
11412	3456	463.0	292.0
11424	3456	469.0	292.0
11436	3456	475.0	293.0
11448	3456	483.0	294.0
11460	3456	491.0	296.0
11472	3456	501.0	297.0
11484	3456	514.0	300.0
11496	3456	529.0	302.0
11508	3456	548.0	305.0
11520	3456	572.0	309.0
11532	3456	603.0	314.0
11544	3456	646.0	321.0
11556	3456	710.0	332.0
11568	3456	809.0	349.0
11580	3456	969.0	380.0
11232	3488	458.85714285714283	286.14285714285717
11244	3488	464.0	287.0
11256	3488	468.0	287.0
11268	3488	473.0	288.0
11280	3488	477.5	289.0
11292	3488	482.0	289.0
11304	3488	487.0	290.0
11316	3488	494.0	290.0
11328	3488	500.0	292.0
11340	3488	508.0	292.0
11352	3488	516.0	293.0
11364	3488	526.0	295.0
11376	3488	535.0	295.0
11388	3488	548.0	297.0
11400	3488	564.0	299.0
11412	3488	580.0	300.0
11424	3488	602.0	303.0
11436	3488	629.0	306.0
11448	3488	662.0	311.0
11460	3488	705.0	316.0
11472	3488	764.0	323.0
11484	3488	849.0	333.0
11496	3488	965.0	349.0
11304	3518	467.0	287.0
11316	3518	471.0	287.0
11328	3518	476.8125	287.0
11340	3518	482.0	289.0
11352	3518	488.0	290.0
11364	3518	497.0	290.0
11376	3518	502.0	292.0
11388	3518	509.0	292.0
11400	3518	517.0	293.0
11412	3518	527.0	295.0
11424	3518	538.0	296.0
11436	3518	551.0	297.0
11448	3518	566.0	300.0
11460	3518	586.0	302.0
11472	3518	609.0	305.0
11484	3518	638.0	307.0
11496	3518	675.0	312.0
11508	3518	723.0	318.0
11520	3518	792.0	327.0
11532	3518	891.0	339.0
11544	3518	987.0	358.0
11388	3555	416.0	286.0
11400	3555	418.0	286.0
11412	3555	419.0	285.0
11424	3555	421.0	286.0
11436	3555	423.0	288.0
11448	3555	426.0	288.0
11460	3555	426.0	288.0
11472	3555	430.0	289.0
11484	3555	432.0	290.0
11496	3555	435.0	290.0
11508	3555	439.0	291.0
11520	3555	444.0	292.0
11532	3555	448.0	292.0
11544	3555	454.0	294.0
11556	3555	460.0	295.0
11568	3555	468.0	296.0
11580	3555	476.0	297.0
11592	3555	488.0	299.0
11604	3555	500.0	301.0
11616	3555	515.0	305.0
11628	3555	534.0	307.0
11640	3555	558.0	311.0
11652	3555	588.0	316.0
11664	3555	632.0	324.0
11676	3555	693.0	334.0
11688	3555	785.0	351.0
11700	3555	946.0	379.0
11448	3569	406.0	284.0
11460	3569	406.0869565217391	283.0
11472	3569	406.60869565217394	283.0
11484	3569	408.0	284.0
11496	3569	409.0	284.0
11508	3569	410.0	285.0
11520	3569	409.0	284.0
11532	3569	409.0	284.0
11544	3569	411.0	285.0
11556	3569	411.0	285.0
11568	3569	414.25	286.0
11580	3569	417.0	287.0
11592	3569	418.0	287.0
11604	3569	420.0	287.0
11616	3569	423.0	288.0
11628	3569	425.0	288.0
11640	3569	431.0	288.0
11652	3569	433.0	288.0
11664	3569	438.0	289.0
11676	3569	442.0	290.0
11688	3569	446.0	290.0
11700	3569	451.0	291.0
11712	3569	458.0	292.0
11724	3569	462.0	292.0
11736	3569	470.0	293.0
11748	3569	477.0	295.0
11760	3569	485.0	295.0
11772	3569	494.0	297.0
11784	3569	505.0	299.0
11796	3569	519.0	301.0
11808	3569	536.0	303.0
11820	3569	555.0	306.0
11832	3569	578.0	310.0
11844	3569	608.0	315.0
11856	3569	648.0	321.0
11868	3569	702.0	330.0
11880	3569	783.0	343.0
11892	3569	912.0	364.0
11904	3569	1006.0	398.0
11484	3578	485.0	286.0
11496	3578	492.0	287.0
11508	3578	497.0	288.0
11520	3578	502.0	288.0
11532	3578	508.0	289.0
11544	3578	516.0	290.0
11556	3578	524.0	291.0
11568	3578	533.0	291.0
11580	3578	543.0	292.0
11592	3578	555.0	293.0
11604	3578	568.0	295.0
11616	3578	585.0	296.0
11628	3578	603.0	298.0
11640	3578	624.0	300.0
11652	3578	650.0	303.0
11664	3578	683.0	306.0
11676	3578	724.0	310.0
11688	3578	774.0	312.0
11700	3578	836.0	307.0
11712	3578	957.0	331.0
11508	3584	423.0	286.0
11520	3584	427.0	286.0
11532	3584	431.0	288.0
11544	3584	435.0	289.0
11556	3584	439.0	289.0
11568	3584	442.0	289.0
11580	3584	446.0	290.0
11592	3584	451.0	292.0
11604	3584	456.0	292.0
11616	3584	462.0	293.0
11628	3584	469.0	295.0
11640	3584	476.0	296.0
11652	3584	485.0	297.0
11664	3584	495.0	299.0
11676	3584	509.0	301.0
11688	3584	523.0	303.0
11700	3584	542.0	306.0
11712	3584	564.0	309.0
11724	3584	592.0	313.0
11736	3584	632.0	320.0
11748	3584	685.0	329.0
11760	3584	764.0	342.0
11772	3584	892.0	363.0
11784	3584	1003.0	399.0
11628	3620	446.0	288.0
11640	3620	452.0	289.0
11652	3620	457.0	290.0
11664	3620	461.0	291.0
11676	3620	464.0	292.0
11688	3620	469.0	292.0
11700	3620	474.0	293.0
11712	3620	480.0	295.0
11724	3620	487.0	295.0
11736	3620	494.0	297.0
11748	3620	503.0	299.0
11760	3620	514.0	301.0
11772	3620	529.0	304.0
11784	3620	545.0	306.0
11796	3620	565.0	310.0
11808	3620	591.0	315.0
11820	3620	627.0	322.0
11832	3620	675.0	331.0
11844	3620	750.0	346.0
11856	3620	876.0	371.0
11868	3620	1008.0	422.0
11736	3655	430.3333333333333	285.0
11748	3655	431.0	284.0
11760	3655	433.0	285.0
11772	3655	436.0	286.0
11784	3655	437.6666666666667	286.0
11796	3655	441.0	287.0
11808	3655	443.0	287.0
11820	3655	445.0	288.0
11832	3655	449.0	289.0
11844	3655	451.0	289.0
11856	3655	455.0	289.0
11868	3655	457.0	289.0
11880	3655	463.0	291.0
11892	3655	467.0	292.0
11904	3655	472.0	292.0
11916	3655	479.0	293.0
11928	3655	485.0	295.0
11940	3655	493.0	296.0
11952	3655	503.0	297.0
11964	3655	514.0	299.0
11976	3655	526.0	301.0
11988	3655	543.0	304.0
12000	3655	563.0	307.0
12012	3655	587.0	311.0
12024	3655	620.0	316.0
12036	3655	664.0	324.0
12048	3655	727.0	334.0
12060	3655	824.0	350.0
12072	3655	969.0	376.0
11844	3691	419.0	286.0
11856	3691	419.0	288.0
11868	3691	419.0	288.0
11880	3691	421.0	288.0
11892	3691	423.0	288.0
11904	3691	425.0	290.0
11916	3691	428.0	290.0
11928	3691	431.0	291.0
11940	3691	433.0	291.0
11952	3691	436.0	293.0
11964	3691	440.0	294.0
11976	3691	445.0	295.0
11988	3691	450.0	296.0
12000	3691	454.0	297.0
12012	3691	461.0	298.0
12024	3691	469.0	301.0
12036	3691	480.0	304.0
12048	3691	490.0	306.0
12060	3691	506.0	311.0
12072	3691	526.0	316.0
12084	3691	551.0	322.0
12096	3691	588.0	331.0
12108	3691	642.0	346.0
12120	3691	732.0	369.0
12132	3691	912.0	416.0
12144	3691	1029.0	491.0
11880	3710	442.0	286.0
11892	3710	444.0	287.0
11904	3710	448.0	288.0
11916	3710	451.0	289.0
11928	3710	455.0	288.0
11940	3710	460.0	289.0
11952	3710	465.0	290.0
11964	3710	471.0	291.0
11976	3710	477.0	292.0
11988	3710	484.0	294.0
12000	3710	493.0	295.0
12012	3710	503.0	296.0
12024	3710	515.0	298.0
12036	3710	530.0	300.0
12048	3710	549.0	303.0
12060	3710	572.0	307.0
12072	3710	602.0	311.0
12084	3710	643.0	318.0
12096	3710	702.0	326.0
12108	3710	796.0	341.0
12120	3710	954.0	366.0
11940	3731	415.0	286.0
11952	3731	417.0	286.0
11964	3731	419.0	287.0
11976	3731	420.0	287.0
11988	3731	423.0	287.0
12000	3731	425.0	288.0
12012	3731	426.0	289.0
12024	3731	428.0	288.0
12036	3731	431.0	289.0
12048	3731	433.0	290.0
12060	3731	437.0	290.0
12072	3731	440.0	291.0
12084	3731	445.0	292.0
12096	3731	449.0	292.0
12108	3731	454.0	294.0
12120	3731	459.0	295.0
12132	3731	466.0	296.0
12144	3731	474.0	297.0
12156	3731	483.0	299.0
12168	3731	495.0	302.0
12180	3731	508.0	304.0
12192	3731	525.0	306.0
12204	3731	546.0	310.0
12216	3731	573.0	315.0
12228	3731	610.0	322.0
12240	3731	663.0	331.0
12252	3731	741.0	346.0
12264	3731	873.0	369.0
12276	3731	1009.0	417.0
12096	3792	937.0	293.0
12108	3792	876.0	292.0
12120	3792	822.0	290.0
12132	3792	790.0	290.0
12144	3792	752.0	288.0
12156	3792	717.0	286.0
12168	3792	694.0	286.0
12180	3792	674.0	285.0
12192	3792	655.0	284.0
12204	3792	638.0	284.0
12216	3792	625.3333333333334	284.72222222222223
12228	3792	609.3333333333334	284.05555555555554
12240	3792	593.6744186046511	285.27906976744185
12252	3792	578.046511627907	286.6744186046512
12264	3792	562.4186046511628	288.06976744186045
12276	3792	553.0	291.0
12288	3792	566.0	293.0
12300	3792	583.0	294.0
12312	3792	601.0	295.0
12324	3792	622.0	297.0
12336	3792	646.0	299.0
12348	3792	675.0	301.0
12360	3792	713.0	305.0
12372	3792	760.0	309.0
12384	3792	824.0	314.0
12396	3792	910.0	322.0
12408	3792	983.0	331.0
12096	3794	416.0	286.0
12108	3794	418.0	286.0
12120	3794	420.0	286.6363636363636
12132	3794	419.0	288.0
12144	3794	420.0	288.0
12156	3794	421.0	288.0
12168	3794	424.0	289.0
12180	3794	426.0	290.0
12192	3794	428.0	289.0
12204	3794	430.0	291.0
12216	3794	433.0	291.0
12228	3794	436.0	292.0
12240	3794	439.0	293.0
12252	3794	443.0	295.0
12264	3794	448.0	296.0
12276	3794	454.0	297.0
12288	3794	460.0	299.0
12300	3794	468.0	301.0
12312	3794	477.0	303.0
12324	3794	489.0	306.0
12336	3794	503.0	309.0
12348	3794	520.0	314.0
12360	3794	544.0	319.0
12372	3794	576.0	328.0
12384	3794	624.0	340.0
12396	3794	700.0	359.0
12408	3794	842.0	395.0
12420	3794	1022.0	482.0
12144	3803	430.0	285.0
12156	3803	434.6666666666667	286.0
12168	3803	440.0	286.0
12180	3803	444.0	286.0
12192	3803	448.0	288.0
12204	3803	455.0	289.0
12216	3803	460.0	288.0
12228	3803	467.0	289.0
12240	3803	474.0	290.0
12252	3803	481.0	291.0
12264	3803	490.0	292.0
12276	3803	500.0	293.0
12288	3803	511.0	294.0
12300	3803	524.0	295.0
12312	3803	536.0	296.0
12324	3803	554.0	299.0
12336	3803	574.0	301.0
12348	3803	599.0	303.0
12360	3803	631.0	307.0
12372	3803	671.0	312.0
12384	3803	727.0	319.0
12396	3803	807.0	328.0
12408	3803	936.0	344.0
12180	3817	407.0	283.0
12192	3817	407.1162790697674	283.0
12204	3817	407.3953488372093	283.0
12216	3817	407.6744186046512	283.0
12228	3817	407.95348837209303	283.0
12240	3817	409.0	284.0
12252	3817	410.0	285.0
12264	3817	411.0	284.0
12276	3817	412.0	285.0
12288	3817	413.8	285.3
12300	3817	415.6	285.6
12312	3817	417.4	285.9
12324	3817	418.0	287.0
12336	3817	420.0	288.0
12348	3817	421.0	287.0
12360	3817	424.0	289.0
12372	3817	425.0	290.0
12384	3817	428.0	289.0
12396	3817	431.0	291.0
12408	3817	434.0	291.0
12420	3817	438.0	293.0
12432	3817	442.0	294.0
12444	3817	448.0	295.0
12456	3817	453.0	296.0
12468	3817	461.0	298.0
12480	3817	469.0	300.0
12492	3817	479.0	303.0
12504	3817	491.0	306.0
12516	3817	508.0	311.0
12528	3817	530.0	316.0
12540	3817	561.0	323.0
12552	3817	607.0	336.0
12564	3817	682.0	355.0
12576	3817	828.0	392.0
12588	3817	1026.0	484.0
12360	3883	463.0	284.0
12372	3883	466.0	285.0
12384	3883	469.0	285.0
12396	3883	473.8	286.0
12408	3883	478.0	286.0
12420	3883	482.0	286.0
12432	3883	486.0	286.0
12444	3883	492.0	288.0
12456	3883	497.0	288.0
12468	3883	504.0	288.0
12480	3883	511.0	289.0
12492	3883	518.0	290.0
12504	3883	527.0	291.0
12516	3883	539.0	292.0
12528	3883	550.0	293.0
12540	3883	564.0	294.0
12552	3883	573.0	285.0
12564	3883	601.0	295.0
12576	3883	624.0	300.0
12588	3883	650.0	303.0
12600	3883	685.0	306.0
12612	3883	730.0	310.0
12624	3883	789.0	316.0
12636	3883	872.0	325.0
12648	3883	962.0	323.0
12456	3897	432.0	286.0
12468	3897	435.8181818181818	286.0
12480	3897	441.0	287.0
12492	3897	443.0	289.0
12504	3897	445.0	288.0
12516	3897	449.0	289.0
12528	3897	453.0	290.0
12540	3897	457.0	290.0
12552	3897	463.0	291.0
12564	3897	469.0	293.0
12576	3897	474.0	293.0
12588	3897	482.0	294.0
12600	3897	490.0	296.0
12612	3897	500.0	296.0
12624	3897	511.0	299.0
12636	3897	526.0	302.0
12648	3897	544.0	305.0
12660	3897	566.0	308.0
12672	3897	595.0	313.0
12684	3897	635.0	320.0
12696	3897	694.0	329.0
12708	3897	784.0	345.0
12720	3897	943.0	372.0
12540	3912	418.0	283.0
12552	3912	417.8333333333333	283.0
12564	3912	418.0	283.0
12576	3912	418.0	283.0
12588	3912	421.0	282.0
12600	3912	421.44444444444446	283.0
12612	3912	423.94117647058823	284.0
12624	3912	426.7647058823529	284.0
12636	3912	427.0	284.0
12648	3912	429.0	284.0
12660	3912	430.22222222222223	283.0
12672	3912	432.0	285.0
12684	3912	437.0	286.0
12696	3912	438.0	286.0
12708	3912	441.0	286.0
12720	3912	444.0	287.0
12732	3912	446.0	288.0
12744	3912	450.0	289.0
12756	3912	453.0	289.0
12768	3912	457.0	290.0
12780	3912	461.0	290.0
12792	3912	467.0	291.0
12804	3912	472.0	292.0
12816	3912	480.0	293.0
12828	3912	487.0	295.0
12840	3912	496.0	296.0
12852	3912	507.0	298.0
12864	3912	520.0	300.0
12876	3912	536.0	303.0
12888	3912	557.0	306.0
12900	3912	583.0	311.0
12912	3912	618.0	317.0
12924	3912	669.0	326.0
12936	3912	746.0	339.0
12948	3912	881.0	362.0
12960	3912	1009.0	405.0
12540	3913	440.0	283.0
12552	3913	444.0	284.0
12564	3913	446.0	284.0
12576	3913	447.0	284.0
12588	3913	448.3333333333333	284.0
12600	3913	451.0	284.0
12612	3913	454.0	285.0
12624	3913	456.0	285.0
12636	3913	460.0	286.0
12648	3913	462.2	286.0
12660	3913	466.0	286.0
12672	3913	470.0	287.0
12684	3913	475.0	288.0
12696	3913	479.0	288.0
12708	3913	484.0	289.0
12720	3913	490.0	289.0
12732	3913	497.0	291.0
12744	3913	505.0	292.0
12756	3913	513.0	292.0
12768	3913	522.0	293.0
12780	3913	534.0	295.0
12792	3913	548.0	296.0
12804	3913	563.0	298.0
12816	3913	582.0	300.0
12828	3913	606.0	303.0
12840	3913	634.0	306.0
12852	3913	671.0	310.0
12864	3913	720.0	316.0
12876	3913	788.0	324.0
12888	3913	888.0	337.0
12900	3913	987.0	355.0
12588	3928	407.0	284.0
12600	3928	409.0	284.0
12612	3928	409.0	285.0
12624	3928	409.0	285.0
12636	3928	411.0	285.0
12648	3928	411.4	285.0
12660	3928	412.6666666666667	285.22222222222223
12672	3928	414.0	285.6666666666667
12684	3928	416.0	287.0
12696	3928	417.0	287.0
12708	3928	418.0	287.0
12720	3928	420.0	287.0
12732	3928	420.0	288.0
12744	3928	423.0	288.0
12756	3928	425.0	289.0
12768	3928	427.0	289.0
12780	3928	429.0	290.0
12792	3928	432.0	290.0
12804	3928	434.0	291.0
12816	3928	437.0	292.0
12828	3928	442.0	293.0
12840	3928	447.0	294.0
12852	3928	451.0	295.0
12864	3928	458.0	296.0
12876	3928	466.0	297.0
12888	3928	475.0	298.0
12900	3928	488.0	301.0
12912	3928	502.0	303.0
12924	3928	520.0	306.0
12936	3928	540.0	309.0
12948	3928	566.0	313.0
12960	3928	600.0	319.0
12972	3928	644.0	327.0
12984	3928	709.0	338.0
12996	3928	810.0	356.0
13008	3928	969.0	387.0
12804	3973	415.0	286.0
12816	3973	418.0	286.0
12828	3973	419.0	286.0
12840	3973	422.0	287.0
12852	3973	424.0	287.0
12864	3973	426.0	288.0
12876	3973	429.0	288.0
12888	3973	432.0	289.0
12900	3973	436.0	289.0
12912	3973	440.0	290.0
12924	3973	445.0	290.0
12936	3973	449.0	291.0
12948	3973	454.0	292.0
12960	3973	460.0	293.0
12972	3973	467.0	293.0
12984	3973	474.0	295.0
12996	3973	482.0	296.0
13008	3973	491.0	297.0
13020	3973	502.0	299.0
13032	3973	514.0	301.0
13044	3973	528.0	302.0
13056	3973	545.0	305.0
13068	3973	565.0	308.0
13080	3973	590.0	312.0
13092	3973	622.0	318.0
13104	3973	665.0	325.0
13116	3973	725.0	336.0
13128	3973	816.0	352.0
13140	3973	963.0	381.0
12840	3975	407.0	284.0
12852	3975	408.0	284.0
12864	3975	410.0	286.0
12876	3975	412.0	286.0
12888	3975	412.0	286.0
12900	3975	413.0	286.0
12912	3975	415.0	286.0
12924	3975	417.0	287.0
12936	3975	419.0	288.0
12948	3975	421.0	288.0
12960	3975	422.0	288.0
12972	3975	424.0	289.0
12984	3975	426.0	290.0
12996	3975	429.0	291.0
13008	3975	432.0	291.0
13020	3975	436.0	292.0
13032	3975	439.0	293.0
13044	3975	444.0	294.0
13056	3975	449.0	296.0
13068	3975	454.0	297.0
13080	3975	462.0	299.0
13092	3975	470.0	301.0
13104	3975	481.0	304.0
13116	3975	494.0	307.0
13128	3975	511.0	311.0
13140	3975	533.0	317.0
13152	3975	564.0	325.0
13164	3975	610.0	337.0
13176	3975	685.0	357.0
13188	3975	829.0	394.0
13200	3975	1028.0	490.0
13128	4079	428.0	285.0
13140	4079	430.0	284.0
13152	4079	431.0	285.0
13164	4079	433.0	285.0
13176	4079	434.0	285.0
13188	4079	437.0	286.0
13200	4079	440.0	286.0
13212	4079	443.0	287.0
13224	4079	444.0	287.0
13236	4079	447.0	288.0
13248	4079	450.0	288.0
13260	4079	454.0	289.0
13272	4079	457.0	289.0
13284	4079	462.0	290.0
13296	4079	467.0	291.0
13308	4079	473.0	292.0
13320	4079	479.0	293.0
13332	4079	487.0	295.0
13344	4079	495.0	295.0
13356	4079	505.0	297.0
13368	4079	517.0	299.0
13380	4079	532.0	302.0
13392	4079	550.0	304.0
13404	4079	572.0	307.0
13416	4079	602.0	313.0
13428	4079	642.0	319.0
13440	4079	701.0	329.0
13452	4079	793.0	346.0
13464	4079	954.0	373.0
13176	4090	415.0	286.0
13188	4090	415.0	286.0
13200	4090	417.0	286.0
13212	4090	417.0	287.0
13224	4090	418.0	287.0
13236	4090	420.0	288.0
13248	4090	421.0	288.0
13260	4090	422.0	289.0
13272	4090	424.0	290.0
13284	4090	427.0	290.0
13296	4090	428.0	290.0
13308	4090	431.0	291.0
13320	4090	433.0	291.0
13332	4090	436.0	292.0
13344	4090	439.0	294.0
13356	4090	443.0	294.0
13368	4090	446.0	295.0
13380	4090	451.0	296.0
13392	4090	456.0	297.0
13404	4090	461.0	299.0
13416	4090	468.0	301.0
13428	4090	476.0	303.0
13440	4090	486.0	305.0
13452	4090	497.0	309.0
13464	4090	510.0	312.0
13476	4090	526.0	317.0
13488	4090	548.0	323.0
13500	4090	577.0	331.0
13512	4090	620.0	344.0
13524	4090	686.0	364.0
13536	4090	801.0	397.0
13548	4090	993.0	476.0
13272	4106	443.0	286.0
13284	4106	445.0	286.0
13296	4106	449.0	286.0
13308	4106	454.0	286.0
13320	4106	459.0	287.0
13332	4106	464.0	288.0
13344	4106	470.0	288.0
13356	4106	477.0	288.0
13368	4106	484.0	289.0
13380	4106	491.0	290.0
13392	4106	499.0	291.0
13404	4106	507.0	292.0
13416	4106	516.0	293.0
13428	4106	527.0	294.0
13440	4106	538.0	295.0
13452	4106	552.0	297.0
13464	4106	567.0	298.0
13476	4106	585.0	300.0
13488	4106	606.0	303.0
13500	4106	631.0	306.0
13512	4106	665.0	309.0
13524	4106	710.0	315.0
13536	4106	766.0	320.0
13332	4107	410.0	287.0
13344	4107	412.0	289.0
13356	4107	415.0	289.0
13368	4107	419.0	288.0
13380	4107	425.0	289.0
13392	4107	427.0	289.0
13404	4107	434.0	291.0
13416	4107	440.0	292.0
13428	4107	446.0	293.0
13440	4107	454.0	294.0
13452	4107	462.0	296.0
13464	4107	471.0	297.0
13476	4107	484.0	299.0
13488	4107	500.0	301.0
13500	4107	521.0	305.0
13512	4107	548.0	308.0
13524	4107	582.0	315.0
13536	4107	636.0	324.0
13548	4107	726.0	338.0
13560	4107	875.0	363.0
13572	4107	1011.0	404.0
13416	4121	423.0	289.0
13428	4121	427.0	289.0
13440	4121	431.0	289.0
13452	4121	435.0	291.0
13464	4121	438.0	292.0
13476	4121	442.0	293.0
13488	4121	447.0	294.0
13500	4121	452.0	295.0
13512	4121	457.0	296.0
13524	4121	464.0	297.0
13536	4121	471.0	300.0
13548	4121	480.0	302.0
13560	4121	491.0	304.0
13572	4121	504.0	307.0
13584	4121	519.0	311.0
13596	4121	542.0	317.0
13608	4121	570.0	324.0
13620	4121	614.0	335.0
13632	4121	680.0	351.0
13644	4121	798.0	380.0
13656	4121	992.0	445.0
13464	4125	418.0	284.0
13476	4125	420.0	285.0
13488	4125	422.0	285.0
13500	4125	422.0	285.0
13512	4125	423.1818181818182	285.02272727272725
13524	4125	425.3636363636364	285.29545454545456
13536	4125	427.54545454545456	285.5681818181818
13548	4125	429.72727272727275	285.84090909090907
13560	4125	433.0	286.0
13572	4125	435.0	286.0
13584	4125	436.77777777777777	286.1111111111111
13596	4125	441.44444444444446	286.77777777777777
13608	4125	444.0	288.0
13620	4125	446.0	288.0
13632	4125	450.0	289.0
13644	4125	453.0	289.0
13656	4125	457.0	289.0
13668	4125	462.0	290.0
13680	4125	468.0	291.0
13692	4125	474.0	292.0
13704	4125	481.0	293.0
13716	4125	488.0	295.0
13728	4125	497.0	296.0
13740	4125	509.0	297.0
13752	4125	521.0	298.0
13764	4125	536.0	301.0
13776	4125	556.0	303.0
13788	4125	579.0	305.0
13800	4125	607.0	308.0
13812	4125	642.0	313.0
13824	4125	690.0	318.0
13836	4125	755.0	326.0
13848	4125	850.0	338.0
13860	4125	973.0	357.0
13536	4140	444.03846153846155	288.0
13548	4140	444.5	288.0
13560	4140	444.96153846153845	288.0
13572	4140	448.63157894736844	287.10526315789474
13584	4140	452.42105263157896	287.7368421052632
13596	4140	458.0	289.0
13608	4140	461.0	289.0
13620	4140	463.0	290.0
13632	4140	471.0	292.0
13644	4140	476.0	293.0
13656	4140	482.0	294.0
13668	4140	489.0	294.0
13680	4140	497.0	296.0
13692	4140	506.0	297.0
13704	4140	518.0	299.0
13716	4140	530.0	300.0
13728	4140	545.0	302.0
13740	4140	564.0	305.0
13752	4140	585.0	309.0
13764	4140	613.0	313.0
13776	4140	651.0	319.0
13788	4140	701.0	327.0
13800	4140	776.0	339.0
13812	4140	887.0	357.0
13824	4140	995.0	389.0
13680	4169	419.0	286.0
13692	4169	420.0	286.0
13704	4169	422.0	287.0
13716	4169	426.0	288.0
13728	4169	427.0	288.0
13740	4169	430.0	287.0
13752	4169	434.0	289.0
13764	4169	437.0	289.0
13776	4169	441.0	290.0
13788	4169	445.0	291.0
13800	4169	450.0	292.0
13812	4169	455.0	292.0
13824	4169	461.0	294.0
13836	4169	468.0	295.0
13848	4169	476.0	296.0
13860	4169	485.0	298.0
13872	4169	496.0	300.0
13884	4169	508.0	301.0
13896	4169	524.0	304.0
13908	4169	543.0	308.0
13920	4169	568.0	312.0
13932	4169	600.0	318.0
13944	4169	644.0	326.0
13956	4169	711.0	337.0
13968	4169	816.0	356.0
13980	4169	976.0	391.0
13692	4171	405.0	284.0
13704	4171	406.0	283.3333333333333
13716	4171	408.54237288135596	283.06779661016947
13728	4171	410.1694915254237	283.271186440678
13740	4171	411.79661016949154	283.47457627118644
13752	4171	413.4237288135593	283.6779661016949
13764	4171	415.0508474576271	283.8813559322034
13776	4171	416.0	284.0
13788	4171	417.0	286.0
13800	4171	422.0	287.0
13812	4171	423.0	286.0
13824	4171	425.0	286.0
13836	4171	425.0	287.0
13848	4171	428.0	288.0
13860	4171	431.0	288.0
13872	4171	435.0	288.0
13884	4171	438.0	289.0
13896	4171	443.0	290.0
13908	4171	447.0	290.0
13920	4171	451.0	292.0
13932	4171	457.0	292.0
13944	4171	462.0	293.0
13956	4171	469.0	294.0
13968	4171	476.0	295.0
13980	4171	484.0	296.0
13992	4171	493.0	297.0
14004	4171	504.0	299.0
14016	4171	517.0	301.0
14028	4171	532.0	303.0
14040	4171	551.0	306.0
14052	4171	572.0	309.0
14064	4171	601.0	313.0
14076	4171	638.0	319.0
14088	4171	689.0	327.0
14100	4171	762.0	339.0
14112	4171	878.0	358.0
14124	4171	995.0	391.0
13728	4176	469.0	285.0
13740	4176	470.38461538461536	285.0
13752	4176	472.04615384615386	285.0
13764	4176	473.7076923076923	285.0
13776	4176	475.3692307692308	285.0
13788	4176	477.03076923076924	285.0
13800	4176	479.0	286.0
13812	4176	485.57142857142856	286.0
13824	4176	488.0	287.0
13836	4176	493.0	287.0
13848	4176	500.0	288.0
13860	4176	505.0	288.0
13872	4176	512.0	290.0
13884	4176	520.0	290.0
13896	4176	530.0	290.0
13908	4176	540.8510638297872	290.7659574468085
13920	4176	551.3191489361702	291.78723404255317
13932	4176	561.7872340425532	292.8085106382979
13944	4176	572.2553191489362	293.82978723404256
13956	4176	597.0	298.0
13968	4176	619.0	300.0
13980	4176	648.0	302.0
13992	4176	683.0	306.0
14004	4176	714.75	306.8
14016	4176	749.0	309.0
14028	4176	834.0	320.0
14040	4176	957.0	334.0
13896	4236	419.0	286.0
13908	4236	422.0	288.0
13920	4236	424.0	288.0
13932	4236	427.0	288.0
13944	4236	430.0	289.0
13956	4236	433.0	289.0
13968	4236	438.0	290.0
13980	4236	443.0	292.0
13992	4236	448.0	291.0
14004	4236	454.0	292.0
14016	4236	461.0	293.0
14028	4236	469.0	295.0
14040	4236	477.0	296.0
14052	4236	487.0	297.0
14064	4236	499.0	300.0
14076	4236	513.0	302.0
14088	4236	530.0	304.0
14100	4236	549.0	307.0
14112	4236	573.0	311.0
14124	4236	603.0	316.0
14136	4236	644.0	323.0
14148	4236	702.0	332.0
14160	4236	788.0	347.0
14172	4236	935.0	372.0
13980	4262	417.2162162162162	283.0
13992	4262	418.5135135135135	283.0
14004	4262	419.81081081081084	283.0
14016	4262	421.0	283.0
14028	4262	423.0	283.0
14040	4262	424.0	283.0
14052	4262	426.0	284.0
14064	4262	427.0	285.0
14076	4262	428.2	284.0
14088	4262	430.0	284.0
14100	4262	432.0	285.0
14112	4262	435.0	286.0
14124	4262	437.0	286.0
14136	4262	439.0	286.0
14148	4262	443.0	287.0
14160	4262	445.0	288.0
14172	4262	448.0	288.0
14184	4262	451.0	289.0
14196	4262	456.0	289.0
14208	4262	461.0	289.0
14220	4262	466.0	290.0
14232	4262	471.0	291.0
14244	4262	477.0	292.0
14256	4262	484.0	294.0
14268	4262	491.0	295.0
14280	4262	501.0	297.0
14292	4262	512.0	298.0
14304	4262	524.0	300.0
14316	4262	539.0	303.0
14328	4262	557.0	305.0
14340	4262	583.0	310.0
14352	4262	610.0	315.0
14364	4262	654.0	321.0
14376	4262	711.0	331.0
14388	4262	799.0	346.0
14400	4262	945.0	371.0
14412	4262	996.0	394.0
14424	4262	1015.0	407.0
14436	4262	989.0	377.0
14448	4262	1000.0	355.0
13980	4268	472.0	287.0
13992	4268	476.0	288.0
14004	4268	480.0	288.0
14016	4268	484.0	289.0
14028	4268	491.0	289.0
14040	4268	500.0	291.0
14052	4268	506.0	291.0
14064	4268	513.0	293.0
14076	4268	522.0	292.0
14088	4268	534.0	294.0
14100	4268	543.0	294.0
14112	4268	555.0	296.0
14124	4268	570.0	298.0
14136	4268	590.0	300.0
14148	4268	615.0	303.0
14160	4268	635.0	307.0
14172	4268	669.0	311.0
14184	4268	722.0	317.0
14196	4268	778.0	323.0
14208	4268	861.0	332.0
14220	4268	960.0	347.0
14232	4268	967.25	348.25
14244	4268	973.5	351.35714285714283
14256	4268	979.0	350.0
13992	4272	430.0	284.0
14004	4272	433.0	285.0
14016	4272	435.0	286.0
14028	4272	437.0	287.0
14040	4272	438.0	286.0
14052	4272	441.0	287.0
14064	4272	444.0	288.0
14076	4272	447.0	288.0
14088	4272	450.0	289.0
14100	4272	453.0	289.0
14112	4272	457.0	290.0
14124	4272	461.0	291.0
14136	4272	467.0	292.0
14148	4272	472.0	292.0
14160	4272	478.0	293.0
14172	4272	485.0	295.0
14184	4272	493.0	296.0
14196	4272	502.0	298.0
14208	4272	512.0	300.0
14220	4272	526.0	303.0
14232	4272	541.0	306.0
14244	4272	561.0	310.0
14256	4272	588.0	315.0
14268	4272	625.0	324.0
14280	4272	679.0	336.0
14292	4272	771.0	355.0
14304	4272	948.0	393.0
14052	4289	461.2857142857143	283.2857142857143
14064	4289	464.15384615384613	285.0
14076	4289	467.0	284.0
14088	4289	470.0	285.0
14100	4289	473.125	285.0
14112	4289	477.0	285.0
14124	4289	482.0	286.0
14136	4289	486.0	287.0
14148	4289	492.0	287.0
14160	4289	497.0	288.0
14172	4289	502.0	288.0
14184	4289	509.0	289.0
14196	4289	516.0	289.0
14208	4289	524.0	290.0
14220	4289	534.0	291.0
14232	4289	545.0	292.0
14244	4289	554.8846153846154	290.3076923076923
14256	4289	564.5769230769231	288.46153846153845
14268	4289	581.0	292.0
14280	4289	602.0	297.0
14292	4289	631.0	301.0
14304	4289	660.0	303.0
14316	4289	697.0	307.0
14328	4289	746.0	312.0
14340	4289	811.0	317.0
14352	4289	902.0	327.0
14364	4289	984.0	338.0
14352	4429	458.0	285.0
14364	4429	460.0	286.0
14376	4429	462.5	286.0
14388	4429	466.0	286.0
14400	4429	469.0	287.0
14412	4429	474.0	288.0
14424	4429	479.0	288.0
14436	4429	485.0	289.0
14448	4429	492.0	289.0
14460	4429	500.0	291.0
14472	4429	508.0	291.0
14484	4429	517.0	293.0
14496	4429	529.0	294.0
14508	4429	541.0	295.0
14520	4429	555.0	297.0
14532	4429	574.0	299.0
14544	4429	596.0	301.0
14556	4429	624.0	304.0
14568	4429	659.0	308.0
14580	4429	704.0	313.0
14592	4429	767.0	320.0
14604	4429	859.0	331.0
14616	4429	976.0	348.0
14364	4433	443.0	283.0
14376	4433	444.0	284.0
14388	4433	446.0	284.0
14400	4433	448.0	284.0
14412	4433	449.85714285714283	284.0
14424	4433	453.0	285.0
14436	4433	455.0	285.0
14448	4433	457.0	286.0
14460	4433	460.0	286.0
14472	4433	464.0	286.0
14484	4433	466.0	286.0
14496	4433	470.0	288.0
14508	4433	474.0	288.0
14520	4433	478.0	289.0
14532	4433	483.0	289.0
14544	4433	488.0	290.0
14556	4433	494.0	292.0
14568	4433	502.0	292.0
14580	4433	510.0	292.0
14592	4433	521.0	294.0
14604	4433	531.0	295.0
14616	4433	544.0	297.0
14628	4433	560.0	299.0
14640	4433	577.0	301.0
14652	4433	599.0	303.0
14664	4433	625.0	306.0
14676	4433	661.0	310.0
14688	4433	705.0	315.0
14700	4433	767.0	322.0
14712	4433	852.0	332.0
14724	4433	968.0	348.0
14436	4449	666.0	284.0
14448	4449	654.0	284.0
14460	4449	640.0	283.0
14472	4449	622.0	283.0
14484	4449	615.0	285.0
14496	4449	602.0	284.0
14508	4449	592.0	283.0
14520	4449	581.0	282.0
14532	4449	573.1538461538462	281.65384615384613
14544	4449	566.6923076923077	281.1923076923077
14556	4449	559.0	282.0
14568	4449	553.0	282.0
14580	4449	546.0	284.0
14592	4449	541.0	283.0
14604	4449	535.3414634146342	282.0975609756098
14616	4449	530.3658536585366	282.390243902439
14628	4449	525.390243902439	282.6829268292683
14640	4449	520.4146341463414	282.9756097560976
14652	4449	516.9264705882352	283.4852941176471
14664	4449	513.5735294117648	284.0147058823529
14676	4449	510.22058823529414	284.54411764705884
14688	4449	506.86764705882354	285.0735294117647
14700	4449	503.5147058823529	285.6029411764706
14712	4449	502.0	287.0
14724	4449	501.0	288.0
14736	4449	521.5	289.0
14748	4449	533.0	289.0
14760	4449	541.0	290.0
14772	4449	550.0	292.0
14784	4449	570.0	293.0
14796	4449	584.0	295.0
14808	4449	600.0	297.0
14820	4449	613.0	299.0
14832	4449	642.0	301.0
14844	4449	677.0	304.0
14856	4449	721.0	308.0
14868	4449	774.0	313.0
14880	4449	853.0	320.0
14892	4449	940.0	329.0
14904	4449	983.0	340.0
14472	4466	416.0	283.0
14484	4466	417.0	283.0
14496	4466	418.0	283.0
14508	4466	419.0	283.0
14520	4466	421.0	283.0
14532	4466	422.0	283.0
14544	4466	423.0	283.0
14556	4466	424.0	283.0
14568	4466	426.0	285.0
14580	4466	427.0	285.0
14592	4466	428.0	285.0
14604	4466	430.0	285.0
14616	4466	432.0	284.0
14628	4466	435.0	286.0
14640	4466	437.0	286.0
14652	4466	441.0	286.0
14664	4466	443.0	287.0
14676	4466	446.0	287.0
14688	4466	450.0	288.0
14700	4466	452.0	288.0
14712	4466	456.0	289.0
14724	4466	460.0	289.0
14736	4466	466.0	290.0
14748	4466	470.0	291.0
14760	4466	477.0	293.0
14772	4466	483.0	294.0
14784	4466	491.0	295.0
14796	4466	500.0	296.0
14808	4466	511.0	298.0
14820	4466	523.0	300.0
14832	4466	539.0	303.0
14844	4466	559.0	306.0
14856	4466	584.0	311.0
14868	4466	616.0	316.0
14880	4466	662.0	323.0
14892	4466	728.0	335.0
14904	4466	834.0	353.0
14916	4466	982.0	385.0
14568	4491	457.0	285.0
14580	4491	460.0	286.0
14592	4491	463.6666666666667	286.0
14604	4491	466.0	287.0
14616	4491	470.0	287.0
14628	4491	475.0	288.0
14640	4491	478.0	289.0
14652	4491	483.0	289.0
14664	4491	489.0	290.0
14676	4491	495.0	290.0
14688	4491	502.0	292.0
14700	4491	509.0	292.0
14712	4491	519.0	293.0
14724	4491	529.0	295.0
14736	4491	541.0	296.0
14748	4491	554.0	298.0
14760	4491	572.0	300.0
14772	4491	591.0	302.0
14784	4491	617.0	305.0
14796	4491	647.0	309.0
14808	4491	687.0	313.0
14820	4491	742.0	320.0
14832	4491	816.0	329.0
14844	4491	928.0	343.0
14856	4491	998.0	361.0
14616	4505	418.0	283.0
14628	4505	418.0	283.0
14640	4505	420.0	283.0
14652	4505	422.0	283.0
14664	4505	421.0	283.0
14676	4505	423.57142857142856	283.0
14688	4505	424.0	283.0
14700	4505	425.1111111111111	283.44444444444446
14712	4505	428.44444444444446	284.77777777777777
14724	4505	432.0	285.0
14736	4505	433.0	284.0
14748	4505	434.0	285.0
14760	4505	436.0	286.0
14772	4505	436.8510638297872	286.17021276595744
14784	4505	439.40425531914894	286.6808510638298
14796	4505	441.9574468085106	287.1914893617021
14808	4505	444.51063829787233	287.70212765957444
14820	4505	448.0	288.0
14832	4505	449.0	288.0
14844	4505	453.0	289.0
14856	4505	457.0	289.0
14868	4505	461.0	290.0
14880	4505	464.0	291.0
14892	4505	470.0	292.0
14904	4505	475.0	293.0
14916	4505	483.0	294.0
14928	4505	489.0	295.0
14940	4505	500.0	297.0
14952	4505	510.0	298.0
14964	4505	523.0	301.0
14976	4505	538.0	304.0
14988	4505	558.0	307.0
15000	4505	580.0	311.0
15012	4505	613.0	317.0
15024	4505	656.0	324.0
15036	4505	719.0	335.0
15048	4505	816.0	352.0
15060	4505	961.0	380.0
15072	4505	999.0	396.0
15084	4505	976.0	384.0
15096	4505	1005.0	395.0
14880	4550	430.6	283.0
14892	4550	434.0	283.0
14904	4550	437.05882352941177	283.0
14916	4550	439.52941176470586	283.0
14928	4550	442.0	283.0
14940	4550	442.64	283.0
14952	4550	443.6	283.0
14964	4550	445.75	283.875
14976	4550	448.0	285.0
14988	4550	451.125	284.9583333333333
15000	4550	452.625	284.4583333333333
15012	4550	455.0	284.0
15024	4550	458.6363636363636	285.90909090909093
15036	4550	461.0	286.0
15048	4550	465.0	286.0
15060	4550	469.0	287.0
15072	4550	473.0	287.0
15084	4550	478.0	288.0
15096	4550	484.0	289.0
15108	4550	489.0	289.0
15120	4550	497.0	290.0
15132	4550	504.0	291.0
15144	4550	513.0	292.0
15156	4550	524.0	293.0
15168	4550	536.0	295.0
15180	4550	551.0	297.0
15192	4550	567.0	299.0
15204	4550	588.0	301.0
15216	4550	613.0	304.0
15228	4550	645.0	308.0
15240	4550	690.0	314.0
15252	4550	746.0	320.0
15264	4550	830.0	330.0
15276	4550	958.0	346.0
15288	4550	1002.0	360.0
14928	4567	385.0	281.0
14940	4567	385.0	281.0
14952	4567	386.0	281.0
14964	4567	385.0	282.0
14976	4567	387.0	281.0
14988	4567	387.0	282.0
15000	4567	388.0	281.0
15012	4567	388.41379310344826	281.0
15024	4567	388.82758620689657	281.0
15036	4567	389.0625	282.0
15048	4567	389.8125	282.0
15060	4567	390.9	282.0
15072	4567	392.0	282.0769230769231
15084	4567	392.0	283.0
15096	4567	393.0	283.0
15108	4567	394.0	283.0
15120	4567	395.0	283.0
15132	4567	395.0	282.0
15144	4567	398.0	283.0
15156	4567	398.0	283.0
15168	4567	398.0	284.0
15180	4567	399.0	284.0
15192	4567	399.0	284.0
15204	4567	399.0	284.0
15216	4567	401.0	284.0
15228	4567	402.0	284.0
15240	4567	404.0	285.0
15252	4567	404.0	285.0
15264	4567	405.0	286.0
15276	4567	407.0	286.0
15288	4567	407.0	287.0
15300	4567	410.0	287.0
15312	4567	412.0	288.0
15324	4567	414.0	288.0
15336	4567	415.0	288.0
15348	4567	417.0	289.0
15360	4567	420.0	289.0
15372	4567	422.0	290.0
15384	4567	426.0	291.0
15396	4567	429.0	293.0
15408	4567	432.0	292.0
15420	4567	436.0	294.0
15432	4567	439.0	295.0
15444	4567	445.0	296.0
15456	4567	450.0	298.0
15468	4567	457.0	299.0
15480	4567	464.0	301.0
15492	4567	473.0	303.0
15504	4567	485.0	306.0
15516	4567	498.0	310.0
15528	4567	514.0	314.0
15540	4567	537.0	320.0
15552	4567	567.0	327.0
15564	4567	609.0	340.0
15576	4567	678.0	357.0
15588	4567	799.0	389.0
15600	4567	993.0	459.0
15000	4578	466.0	284.0
15012	4578	469.0	285.0
15024	4578	474.1818181818182	285.0
15036	4578	479.0	286.0
15048	4578	483.0	286.0
15060	4578	488.0	285.0
15072	4578	493.0	287.0
15084	4578	498.0	287.0
15096	4578	505.0	288.0
15108	4578	512.0	289.0
15120	4578	521.0	290.0
15132	4578	529.0	291.0
15144	4578	541.0	292.0
15156	4578	553.0	293.0
15168	4578	569.0	294.0
15180	4578	586.0	296.0
15192	4578	608.0	298.0
15204	4578	633.0	301.0
15216	4578	665.0	303.0
15228	4578	705.0	307.0
15240	4578	758.0	312.0
15252	4578	830.0	319.0
15264	4578	936.0	329.0
15000	4580	415.0	286.0
15012	4580	416.0	285.0
15024	4580	416.0	286.0
15036	4580	418.0	286.0
15048	4580	419.0	287.0
15060	4580	419.2	287.0
15072	4580	421.5	287.0
15084	4580	422.0	288.0
15096	4580	424.0	288.0
15108	4580	425.0	289.0
15120	4580	427.0	290.0
15132	4580	428.0	291.0
15144	4580	432.0	291.0
15156	4580	434.0	291.0
15168	4580	436.0	292.0
15180	4580	441.0	294.0
15192	4580	444.0	294.0
15204	4580	448.0	295.0
15216	4580	453.0	297.0
15228	4580	457.0	298.0
15240	4580	464.0	300.0
15252	4580	470.0	301.0
15264	4580	479.0	303.0
15276	4580	488.0	306.0
15288	4580	500.0	309.0
15300	4580	515.0	313.0
15312	4580	534.0	318.0
15324	4580	558.0	323.0
15336	4580	590.0	332.0
15348	4580	635.0	344.0
15360	4580	706.0	363.0
15372	4580	824.0	394.0
15384	4580	991.0	460.0
15396	4580	1034.0	474.0
15084	4593	403.0	284.0
15096	4593	403.0	284.0
15108	4593	404.0	285.0
15120	4593	406.0	285.0
15132	4593	406.0	284.0
15144	4593	408.0	284.0
15156	4593	409.0	285.0
15168	4593	410.0	286.0
15180	4593	411.0	286.0
15192	4593	412.0	286.0
15204	4593	413.0	287.0
15216	4593	414.0	288.0
15228	4593	418.0	288.0
15240	4593	419.0	288.0
15252	4593	420.0	289.0
15264	4593	422.0	290.0
15276	4593	423.0	290.0
15288	4593	425.0	291.0
15300	4593	427.0	291.0
15312	4593	431.0	292.0
15324	4593	435.0	293.0
15336	4593	439.0	294.0
15348	4593	443.0	296.0
15360	4593	448.0	297.0
15372	4593	454.0	298.0
15384	4593	461.0	300.0
15396	4593	470.0	302.0
15408	4593	480.0	305.0
15420	4593	492.0	308.0
15432	4593	510.0	312.0
15444	4593	532.0	317.0
15456	4593	563.0	325.0
15468	4593	605.0	334.0
15480	4593	671.0	349.0
15492	4593	782.0	374.0
15504	4593	974.0	426.0
15312	4648	458.0	287.0
15324	4648	468.0	288.0
15336	4648	480.0	288.0
15348	4648	493.0	290.0
15360	4648	503.0	290.0
15372	4648	510.0	291.0
15384	4648	520.0	293.0
15396	4648	533.0	295.0
15408	4648	547.0	296.0
15420	4648	563.0	298.0
15432	4648	578.0	299.0
15444	4648	598.0	303.0
15456	4648	626.0	306.0
15468	4648	658.0	309.0
15480	4648	700.0	314.0
15492	4648	744.0	307.0
15504	4648	816.0	320.0
15516	4648	942.0	343.0
15528	4648	979.0	347.0
15540	4648	997.0	354.0
15552	4648	989.0	347.0
15564	4648	999.0	354.0
15528	4718	452.0	283.0
15540	4718	454.0	283.0
15552	4718	456.0	284.0
15564	4718	458.0	284.0
15576	4718	460.0	284.0
15588	4718	463.0	285.0
15600	4718	466.0	285.0
15612	4718	468.0	284.0
15624	4718	472.0	285.0
15636	4718	476.0	286.0
15648	4718	480.0	286.0
15660	4718	484.0	287.0
15672	4718	488.0	287.0
15684	4718	494.0	288.0
15696	4718	500.0	288.0
15708	4718	506.0	289.0
15720	4718	513.0	290.0
15732	4718	520.0	290.0
15744	4718	530.0	291.0
15756	4718	540.0	292.0
15768	4718	551.0	293.0
15780	4718	565.0	294.0
15792	4718	580.0	296.0
15804	4718	598.0	298.0
15816	4718	620.0	300.0
15828	4718	646.0	302.0
15840	4718	679.0	305.0
15852	4718	721.0	310.0
15864	4718	777.0	315.0
15876	4718	852.0	323.0
15888	4718	958.0	333.0
15564	4728	483.0	287.0
15576	4728	488.5	287.0
15588	4728	494.0	288.0
15600	4728	499.0	288.0
15612	4728	506.0	289.0
15624	4728	512.0	290.0
15636	4728	519.0	290.0
15648	4728	529.0	292.0
15660	4728	540.0	292.0
15672	4728	551.0	293.0
15684	4728	564.0	295.0
15696	4728	578.0	296.0
15708	4728	597.0	298.0
15720	4728	617.0	300.0
15732	4728	642.0	302.0
15744	4728	674.0	305.0
15756	4728	714.0	309.0
15768	4728	765.0	313.0
15780	4728	836.0	321.0
15792	4728	934.0	330.0
15624	4764	427.0	285.0
15636	4764	428.0	285.0
15648	4764	430.0	285.0
15660	4764	432.0	284.0
15672	4764	434.0	286.0
15684	4764	436.0	286.0
15696	4764	439.2	286.1
15708	4764	441.0	287.0
15720	4764	443.0	288.0
15732	4764	446.0	288.0
15744	4764	449.0	288.0
15756	4764	453.0	289.0
15768	4764	457.0	290.0
15780	4764	461.0	290.0
15792	4764	466.0	291.0
15804	4764	470.0	292.0
15816	4764	476.0	293.0
15828	4764	482.0	294.0
15840	4764	490.0	295.0
15852	4764	498.0	296.0
15864	4764	508.0	297.0
15876	4764	520.0	300.0
15888	4764	534.0	302.0
15900	4764	551.0	304.0
15912	4764	572.0	308.0
15924	4764	600.0	312.0
15936	4764	636.0	318.0
15948	4764	685.0	326.0
15960	4764	759.0	338.0
15972	4764	877.0	358.0
15984	4764	999.0	396.0
15660	4776	454.0	284.0
15672	4776	456.0	283.0
15684	4776	459.0	284.0
15696	4776	461.9166666666667	284.0
15708	4776	465.0	284.0
15720	4776	466.0	285.0
15732	4776	470.0	284.0
15744	4776	475.3333333333333	285.6666666666667
15756	4776	479.0	286.0
15768	4776	483.0	286.0
15780	4776	487.0	287.0
15792	4776	494.0	288.0
15804	4776	499.0	288.0
15816	4776	506.0	289.0
15828	4776	514.0	290.0
15840	4776	522.0	290.0
15852	4776	531.0	291.0
15864	4776	542.0	292.0
15876	4776	555.0	294.0
15888	4776	568.0	295.0
15900	4776	584.0	297.0
15912	4776	604.0	298.0
15924	4776	626.0	301.0
15936	4776	655.0	303.0
15948	4776	692.0	306.0
15960	4776	723.25	306.2916666666667
15972	4776	756.25	308.7916666666667
15984	4776	847.0	322.0
15996	4776	965.0	334.0
15804	4814	444.0	288.0
15816	4814	445.0	288.0
15828	4814	446.0	288.0
15840	4814	451.0	289.0
15852	4814	455.0	290.0
15864	4814	459.0	290.0
15876	4814	465.0	291.0
15888	4814	470.0	291.0
15900	4814	477.0	293.0
15912	4814	485.0	294.0
15924	4814	492.0	295.0
15936	4814	500.0	297.0
15948	4814	511.0	298.0
15960	4814	523.0	300.0
15972	4814	539.0	303.0
15984	4814	557.0	306.0
15996	4814	580.0	310.0
16008	4814	610.0	315.0
16020	4814	649.0	321.0
16032	4814	704.0	331.0
16044	4814	786.0	344.0
16056	4814	924.0	368.0
16068	4814	1008.0	400.0
15804	4819	419.0	284.0
15816	4819	420.0	284.0
15828	4819	420.0	284.0
15840	4819	419.0	283.0
15852	4819	419.0	283.0
15864	4819	419.0	284.0
15876	4819	418.0	283.0
15888	4819	418.0	284.0
15900	4819	418.0	284.0
15912	4819	418.0	284.0
15924	4819	418.0	284.0
15936	4819	418.0	284.0
15948	4819	419.0	284.0
15960	4819	419.0	284.0
15972	4819	420.0	284.0
15984	4819	420.0	285.0
15996	4819	421.0	285.0
16008	4819	421.0	285.0
16020	4819	422.0	286.0
16032	4819	423.0	286.0
16044	4819	425.0	288.0
16056	4819	426.0	288.0
16068	4819	426.0	288.0
16080	4819	426.0	288.0
16092	4819	429.0	290.0
16104	4819	432.0	290.0
16116	4819	433.0	290.0
16128	4819	436.0	291.0
16140	4819	439.0	292.0
16152	4819	442.0	293.0
16164	4819	445.0	294.0
16176	4819	450.0	295.0
16188	4819	455.0	296.0
16200	4819	461.0	298.0
16212	4819	467.0	300.0
16224	4819	476.0	302.0
16236	4819	487.0	304.0
16248	4819	499.0	308.0
16260	4819	514.0	312.0
16272	4819	535.0	317.0
16284	4819	563.0	325.0
16296	4819	604.0	335.0
16308	4819	667.0	352.0
16320	4819	779.0	381.0
16332	4819	976.0	442.0
15828	4823	431.0	286.0
15840	4823	434.0	286.0
15852	4823	436.0	286.0
15864	4823	438.0	286.0
15876	4823	440.0	287.0
15888	4823	444.0	288.0
15900	4823	447.0	288.0
15912	4823	449.0	288.0
15924	4823	454.0	290.0
15936	4823	458.0	290.0
15948	4823	463.0	290.0
15960	4823	467.0	292.0
15972	4823	473.0	293.0
15984	4823	479.0	293.0
15996	4823	485.0	294.0
16008	4823	493.0	296.0
16020	4823	502.0	297.0
16032	4823	513.0	299.0
16044	4823	525.0	301.0
16056	4823	540.0	303.0
16068	4823	560.0	306.0
16080	4823	583.0	311.0
16092	4823	613.0	315.0
16104	4823	654.0	322.0
16116	4823	711.0	332.0
16128	4823	797.0	346.0
16140	4823	939.0	369.0
16152	4823	1007.0	394.0
15996	4859	439.0	282.0
16008	4859	439.0	282.0
16020	4859	441.0	283.0
16032	4859	443.0	283.0
16044	4859	443.0	283.0
16056	4859	445.0	283.0
16068	4859	446.0	283.0
16080	4859	447.0	284.0
16092	4859	450.52941176470586	284.70588235294116
16104	4859	452.0	285.0
16116	4859	455.0	285.0
16128	4859	458.0	286.0
16140	4859	461.0	286.0
16152	4859	465.0	286.0
16164	4859	469.0	287.0
16176	4859	474.0	288.0
16188	4859	479.0	289.0
16200	4859	486.0	290.0
16212	4859	493.0	290.0
16224	4859	501.0	291.0
16236	4859	511.0	292.0
16248	4859	522.0	294.0
16260	4859	534.0	295.0
16272	4859	550.0	296.0
16284	4859	568.0	298.0
16044	4875	478.0	286.0
16056	4875	483.0	286.0
16068	4875	486.3333333333333	286.0
16080	4875	493.0	288.0
16092	4875	497.0	288.0
16104	4875	503.0	288.0
16116	4875	512.0	289.0
16128	4875	518.0	289.0
16140	4875	528.0	291.0
16152	4875	538.0	292.0
16164	4875	550.0	293.0
16176	4875	566.0	295.0
16188	4875	582.0	296.0
16200	4875	601.0	298.0
16212	4875	625.0	300.0
16224	4875	654.0	303.0
16236	4875	691.0	307.0
16248	4875	738.0	311.0
16260	4875	802.0	317.0
16272	4875	891.0	326.0
16284	4875	979.0	337.0
16200	4927	416.0	283.0
16212	4927	418.0	284.0
16224	4927	417.0	284.0
16236	4927	417.0	283.0
16248	4927	420.0	283.0
16260	4927	422.0	283.0
16272	4927	422.6666666666667	283.0
16284	4927	424.1290322580645	284.03225806451616
16296	4927	425.6774193548387	284.4193548387097
16308	4927	427.2258064516129	284.80645161290323
16320	4927	428.0	284.0
16332	4927	430.0	285.0
16344	4927	431.0	285.0
16356	4927	434.0	287.0
16368	4927	437.0	287.0
16380	4927	439.0	287.0
16392	4927	443.0	288.0
16404	4927	445.0	288.0
16416	4927	448.0	288.0
16428	4927	452.0	289.0
16440	4927	456.0	290.0
16452	4927	460.0	290.0
16464	4927	465.0	292.0
16476	4927	470.0	292.0
16488	4927	476.0	293.0
16500	4927	483.0	294.0
16512	4927	490.0	295.0
16524	4927	499.0	297.0
16536	4927	510.0	298.0
16548	4927	521.0	300.0
16560	4927	536.0	303.0
16572	4927	555.0	306.0
16584	4927	577.0	309.0
16596	4927	606.0	314.0
16608	4927	645.0	321.0
16620	4927	701.0	330.0
16632	4927	785.0	344.0
16644	4927	928.0	367.0
16656	4927	1007.0	399.0
16212	4932	442.0	285.0
16224	4932	444.0	285.0
16236	4932	447.0	285.0
16248	4932	448.75	285.8125
16260	4932	451.75	285.0625
16272	4932	455.0	286.0
16284	4932	458.0	286.0
16296	4932	461.0	286.0
16308	4932	466.0	287.0
16320	4932	469.0	287.0
16332	4932	475.0	288.0
16344	4932	479.0	289.0
16356	4932	484.0	290.0
16368	4932	491.0	290.0
16380	4932	497.0	291.0
16392	4932	505.0	292.0
16404	4932	512.0	293.0
16416	4932	522.0	294.0
16428	4932	532.0	295.0
16440	4932	544.0	296.0
16452	4932	557.0	298.0
16464	4932	574.0	300.0
16476	4932	594.0	303.0
16488	4932	618.0	306.0
16500	4932	647.0	309.0
16512	4932	687.0	315.0
16524	4932	740.0	322.0
16536	4932	815.0	332.0
16548	4932	931.0	348.0
16560	4932	1001.0	375.0
16332	4975	419.0	283.0
16344	4975	420.0	283.0
16356	4975	420.25	282.75
16368	4975	422.0	283.0
16380	4975	423.7826086956522	283.19565217391306
16392	4975	424.82608695652175	283.45652173913044
16404	4975	425.8695652173913	283.7173913043478
16416	4975	426.9130434782609	283.9782608695652
16428	4975	427.85714285714283	285.0
16440	4975	430.0	284.0
16452	4975	431.0	285.0
16464	4975	432.0	285.0
16476	4975	434.0	285.0
16488	4975	436.0	286.0
16500	4975	438.0	286.0
16512	4975	440.0	287.0
16524	4975	443.0	287.0
16536	4975	445.0	287.0
16548	4975	448.0	288.0
16560	4975	450.0	288.0
16572	4975	454.0	289.0
16584	4975	457.0	289.0
16596	4975	461.0	290.0
16608	4975	466.0	291.0
16620	4975	471.0	292.0
16632	4975	476.0	293.0
16644	4975	483.0	294.0
16656	4975	490.0	295.0
16668	4975	499.0	296.0
16680	4975	508.0	298.0
16692	4975	520.0	300.0
16704	4975	533.0	302.0
16716	4975	549.0	304.0
16728	4975	568.0	307.0
16740	4975	594.0	312.0
16752	4975	627.0	317.0
16764	4975	673.0	325.0
16776	4975	739.0	335.0
16788	4975	842.0	353.0
16800	4975	978.0	382.0
16356	4977	466.0	285.0
16368	4977	469.0	285.0
16380	4977	474.75	285.5
16392	4977	480.0	286.0
16404	4977	484.0	286.0
16416	4977	491.0	287.0
16428	4977	497.0	288.0
16440	4977	504.0	288.0
16452	4977	511.0	289.0
16464	4977	520.0	290.0
16476	4977	530.0	291.0
16488	4977	540.0	292.0
16500	4977	552.0	293.0
16512	4977	567.0	295.0
16524	4977	584.0	296.0
16536	4977	605.0	299.0
16548	4977	630.0	301.0
16560	4977	660.0	303.0
16572	4977	699.0	307.0
16584	4977	751.0	313.0
16596	4977	821.0	319.0
16608	4977	921.0	329.0
16440	4990	416.0	283.0
16452	4990	418.0	283.0
16464	4990	419.0	283.0
16476	4990	420.0	283.0
16488	4990	421.0	283.0
16500	4990	422.0	282.0
16512	4990	423.6756756756757	283.13513513513516
16524	4990	425.2972972972973	283.4594594594595
16536	4990	426.9189189189189	283.7837837837838
16548	4990	429.0	285.0
16560	4990	430.0	285.0
16572	4990	431.0	285.0
16584	4990	432.0	285.0
16596	4990	434.0	287.0
16608	4990	435.0	287.0
16620	4990	436.0	287.0
16632	4990	438.0	288.0
16644	4990	439.0	289.0
16656	4990	441.0	289.0
16668	4990	443.0	290.0
16680	4990	446.0	290.0
16692	4990	448.0	291.0
16704	4990	451.0	292.0
16716	4990	454.0	293.0
16728	4990	460.0	294.0
16740	4990	466.0	296.0
16752	4990	472.0	298.0
16764	4990	482.0	301.0
16776	4990	493.0	303.0
16788	4990	505.0	306.0
16800	4990	522.0	311.0
16812	4990	548.0	317.0
16824	4990	584.0	327.0
16836	4990	642.0	342.0
16848	4990	745.0	368.0
16860	4990	964.0	428.0
16752	5029	435.26666666666665	283.0
16764	5029	438.46666666666664	283.0
16776	5029	440.0	283.0
16788	5029	442.0	284.0
16800	5029	444.0	285.0
16812	5029	447.0	285.0
16824	5029	449.0	284.0
16836	5029	452.0	285.0
16848	5029	455.0	285.0
16860	5029	459.0	287.0
16872	5029	462.0	286.0
16884	5029	466.0	287.0
16896	5029	470.0	287.0
16908	5029	475.0	288.0
16920	5029	481.0	288.0
16932	5029	487.0	290.0
16944	5029	493.0	290.0
16956	5029	500.0	292.0
16968	5029	509.0	292.0
16980	5029	519.0	293.0
16992	5029	530.0	295.0
17004	5029	543.0	296.0
17016	5029	559.0	298.0
17028	5029	577.0	300.0
17040	5029	600.0	303.0
17052	5029	629.0	306.0
17064	5029	666.0	310.0
17076	5029	716.0	316.0
17088	5029	787.0	325.0
17100	5029	893.0	338.0
17112	5029	993.0	361.0
16824	5045	418.0	283.0
16836	5045	420.0	284.0
16848	5045	421.0	284.0
16860	5045	421.0	284.0
16872	5045	422.0	284.0
16884	5045	424.0	283.0
16896	5045	425.0	284.0
16908	5045	427.0	285.0
16920	5045	428.0	285.0
16932	5045	429.0	285.0
16944	5045	431.0	285.0
16956	5045	433.0	286.0
16968	5045	434.0	287.0
16980	5045	437.0	287.0
16992	5045	439.0	287.0
17004	5045	444.0	287.0
17016	5045	446.0	288.0
17028	5045	450.0	288.0
17040	5045	453.0	289.0
17052	5045	456.0	290.0
17064	5045	459.0	290.0
17076	5045	464.0	291.0
17088	5045	469.0	292.0
17100	5045	475.0	292.0
17112	5045	482.0	294.0
17124	5045	490.0	295.0
17136	5045	498.0	296.0
17148	5045	510.0	298.0
17160	5045	522.0	300.0
17172	5045	537.0	302.0
17184	5045	556.0	305.0
17196	5045	580.0	309.0
17208	5045	611.0	315.0
17220	5045	653.0	322.0
17232	5045	714.0	331.0
17244	5045	812.0	348.0
17256	5045	964.0	376.0
17220	5124	428.0	283.0
17232	5124	429.0	283.0
17244	5124	429.0	283.0
17256	5124	431.0	283.0
17268	5124	432.0	283.0
17280	5124	433.0	283.0
17292	5124	435.0	282.0
17304	5124	436.2413793103448	282.0
17316	5124	437.8965517241379	282.0
17328	5124	440.0	283.0
17340	5124	444.0	284.0
17352	5124	445.0	284.0
17364	5124	446.0	285.0
17376	5124	448.0	284.0
17388	5124	450.6666666666667	284.0
17400	5124	453.0	285.0
17412	5124	457.0	286.0
17424	5124	460.0	286.0
17436	5124	464.0	287.0
17448	5124	468.0	287.0
17460	5124	470.0	288.0
17472	5124	475.0	289.0
17484	5124	480.0	289.0
17496	5124	485.0	290.0
17508	5124	490.0	290.0
17520	5124	497.0	291.0
17532	5124	505.0	292.0
17544	5124	512.0	293.0
17556	5124	522.0	294.0
17568	5124	532.0	295.0
17580	5124	544.0	297.0
17592	5124	558.0	298.0
17604	5124	574.0	300.0
17616	5124	595.0	303.0
17628	5124	621.0	306.0
17640	5124	650.0	310.0
17652	5124	690.0	314.0
17664	5124	745.0	321.0
17676	5124	822.0	330.0
17688	5124	937.0	344.0
17292	5146	403.0	284.0
17304	5146	404.0	284.0
17316	5146	405.0	283.0
17328	5146	406.0	283.0
17340	5146	406.0	284.0
17352	5146	408.0	285.0
17364	5146	408.0	284.0
17376	5146	409.0	285.0
17388	5146	411.0	285.0
17400	5146	412.0	285.0
17412	5146	413.0	286.0
17424	5146	414.0	287.0
17436	5146	415.0	287.0
17448	5146	417.0	287.0
17460	5146	419.0	288.0
17472	5146	421.0	288.0
17484	5146	423.0	287.0
17496	5146	425.0	289.0
17508	5146	427.0	290.0
17520	5146	430.0	290.0
17532	5146	434.0	292.0
17544	5146	437.0	292.0
17556	5146	441.0	293.0
17568	5146	445.0	294.0
17580	5146	451.0	295.0
17592	5146	458.0	297.0
17604	5146	465.0	298.0
17616	5146	474.0	300.0
17628	5146	485.0	303.0
17640	5146	499.0	306.0
17652	5146	516.0	311.0
17664	5146	538.0	315.0
17676	5146	568.0	323.0
17688	5146	614.0	334.0
17700	5146	684.0	351.0
17712	5146	813.0	383.0
17724	5146	1007.0	461.0
17532	5183	410.0	285.0
17544	5183	411.0	285.0
17556	5183	411.0	285.0
17568	5183	412.0	285.0
17580	5183	413.7	286.0
17592	5183	416.0	286.0
17604	5183	417.0	286.0
17616	5183	419.0	287.0
17628	5183	420.0	286.0
17640	5183	422.0	286.0
17652	5183	425.0	288.0
17664	5183	427.0	288.0
17676	5183	430.0	288.0
17688	5183	433.0	289.0
17700	5183	437.0	289.0
17712	5183	441.0	290.0
17724	5183	446.0	291.0
17736	5183	451.0	292.0
17748	5183	457.0	293.0
17760	5183	464.0	294.0
17772	5183	473.0	296.0
17784	5183	481.0	297.0
17796	5183	494.0	299.0
17808	5183	507.0	301.0
17820	5183	524.0	305.0
17832	5183	545.0	307.0
17844	5183	572.0	313.0
17856	5183	608.0	318.0
17868	5183	658.0	328.0
17880	5183	737.0	341.0
17892	5183	870.0	364.0
17904	5183	1001.0	401.0
17628	5191	405.0	283.0
17640	5191	408.0	285.0
17652	5191	409.0	284.0
17664	5191	409.0	284.0
17676	5191	411.0	285.0
17688	5191	413.44444444444446	285.6111111111111
17700	5191	416.0	286.0
17712	5191	417.0	287.0
17724	5191	418.0	287.0
17736	5191	420.0	286.0
17748	5191	422.0	288.0
17760	5191	424.0	288.0
17772	5191	426.0	288.0
17784	5191	428.0	289.0
17796	5191	431.0	290.0
17808	5191	434.0	291.0
17820	5191	437.0	292.0
17832	5191	440.0	293.0
17844	5191	445.0	293.0
17856	5191	449.0	294.0
17868	5191	454.0	296.0
17880	5191	460.0	297.0
17892	5191	467.0	299.0
17904	5191	476.0	302.0
17916	5191	486.0	304.0
17928	5191	499.0	307.0
17940	5191	516.0	312.0
17952	5191	538.0	318.0
17964	5191	569.0	325.0
17976	5191	615.0	337.0
17988	5191	690.0	357.0
18000	5191	834.0	394.0
18012	5191	1026.0	490.0
17628	5193	384.0	282.0
17640	5193	384.0	282.0
17652	5193	384.0	281.0
17664	5193	385.0	282.0
17676	5193	385.0	282.0
17688	5193	386.0	282.0
17700	5193	386.0	281.0
17712	5193	386.0	281.0
17724	5193	387.0	281.0
17736	5193	387.0	282.0
17748	5193	388.0	282.0
17760	5193	388.48	282.24
17772	5193	389.44	282.72
17784	5193	390.0	284.0
17796	5193	391.0	283.0
17808	5193	391.0	284.0
17820	5193	391.0	283.0
17832	5193	392.0	284.0
17844	5193	392.0	285.0
17856	5193	394.0	284.0
17868	5193	394.0	285.0
17880	5193	395.0	285.0
17892	5193	396.0	284.0
17904	5193	397.0	286.0
17916	5193	398.0	286.0
17928	5193	400.0	286.0
17940	5193	401.0	287.0
17952	5193	402.0	287.0
17964	5193	404.0	288.0
17976	5193	406.0	288.0
17988	5193	408.0	288.0
18000	5193	410.0	289.0
18012	5193	413.0	290.0
18024	5193	415.0	290.0
18036	5193	418.0	291.0
18048	5193	421.0	292.0
18060	5193	425.0	293.0
18072	5193	429.0	294.0
18084	5193	433.0	295.0
18096	5193	439.0	296.0
18108	5193	445.0	299.0
18120	5193	453.0	300.0
18132	5193	462.0	303.0
18144	5193	473.0	306.0
18156	5193	488.0	310.0
18168	5193	507.0	315.0
18180	5193	533.0	322.0
18192	5193	570.0	332.0
18204	5193	628.0	348.0
18216	5193	734.0	378.0
18228	5193	962.0	446.0
17820	5244	417.0	285.0
17832	5244	419.0	285.0
17844	5244	422.0	285.0
17856	5244	424.0	286.0
17868	5244	427.0	286.0
17880	5244	430.0	287.0
17892	5244	432.0	287.0
17904	5244	436.0	288.0
17916	5244	440.0	288.0
17928	5244	444.0	288.0
17940	5244	448.0	288.0
17952	5244	451.0	290.0
17964	5244	457.0	290.0
17976	5244	461.0	290.0
17988	5244	467.0	292.0
18000	5244	473.0	293.0
18012	5244	479.0	293.0
18024	5244	487.0	295.0
18036	5244	496.0	296.0
18048	5244	508.0	298.0
18060	5244	520.0	300.0
18072	5244	536.0	302.0
18084	5244	556.0	305.0
18096	5244	582.0	309.0
18108	5244	614.0	314.0
18120	5244	660.0	322.0
18132	5244	727.0	333.0
18144	5244	834.0	351.0
18156	5244	983.0	382.0
18036	5312	452.0	284.0
18048	5312	454.0	283.0
18060	5312	456.0	283.0
18072	5312	458.0	284.0
18084	5312	461.6666666666667	284.0
18096	5312	465.0	285.0
18108	5312	467.0	285.0
18120	5312	471.0	285.0
18132	5312	473.6666666666667	285.1666666666667
18144	5312	479.0	286.0
18156	5312	482.60526315789474	286.0
18168	5312	486.07894736842104	286.0
18180	5312	489.55263157894734	286.0
18192	5312	497.0	288.0
18204	5312	502.0	288.0
18216	5312	509.0	288.0
18228	5312	516.0	289.0
18240	5312	525.0	290.0
18252	5312	533.0	291.0
18264	5312	544.0	292.0
18276	5312	556.0	293.0
18288	5312	570.0	294.0
18300	5312	586.0	296.0
18312	5312	605.0	298.0
18324	5312	628.0	300.0
18336	5312	655.0	302.0
18348	5312	691.0	306.0
18360	5312	736.0	311.0
18372	5312	795.0	316.0
18384	5312	877.0	324.0
18396	5312	972.0	334.0
18072	5316	410.2307692307692	285.0
18084	5316	411.0	285.0
18096	5316	412.5	285.5
18108	5316	415.0	285.3333333333333
18120	5316	416.0	286.0
18132	5316	418.0	287.0
18144	5316	418.0	287.0
18156	5316	421.0	287.0
18168	5316	422.0	288.0
18180	5316	424.0	288.0
18192	5316	426.0	289.0
18204	5316	427.0	289.0
18216	5316	431.0	290.0
18228	5316	433.0	291.0
18240	5316	435.0	291.0
18252	5316	437.0	292.0
18264	5316	442.0	293.0
18276	5316	445.0	294.0
18288	5316	450.0	295.0
18300	5316	456.0	297.0
18312	5316	461.0	299.0
18324	5316	469.0	300.0
18336	5316	480.0	303.0
18348	5316	490.0	306.0
18360	5316	505.0	309.0
18372	5316	523.0	313.0
18384	5316	548.0	319.0
18396	5316	581.0	328.0
18408	5316	631.0	341.0
18420	5316	713.0	361.0
18432	5316	871.0	401.0
18444	5316	1029.0	482.0
18168	5323	397.0	282.0
18180	5323	398.0	282.0
18192	5323	398.0	282.0
18204	5323	398.0	282.0
18216	5323	398.0	283.0
18228	5323	398.0	283.0
18240	5323	398.0	282.0
18252	5323	399.0	283.0
18264	5323	399.0	283.0
18276	5323	400.13953488372096	283.0
18288	5323	400.9767441860465	283.0
18300	5323	401.8139534883721	283.0
18312	5323	402.6511627906977	283.0
18324	5323	403.1818181818182	284.0
18336	5323	403.72727272727275	284.0
18348	5323	404.0	283.0
18360	5323	403.0	284.0
18372	5323	406.0	285.0
18384	5323	407.0	284.0
18396	5323	408.0	285.0
18408	5323	409.0	284.0
18420	5323	410.0	285.0
18432	5323	411.0	286.0
18444	5323	412.0	286.0
18456	5323	414.0	286.0
18468	5323	415.0	286.0
18480	5323	416.0	287.0
18492	5323	418.0	288.0
18504	5323	419.0	288.0
18516	5323	421.0	288.0
18528	5323	422.0	287.0
18540	5323	425.0	289.0
18552	5323	427.0	290.0
18564	5323	429.0	290.0
18576	5323	432.0	291.0
18588	5323	435.0	291.0
18600	5323	437.0	293.0
18612	5323	441.0	293.0
18624	5323	445.0	295.0
18636	5323	449.0	295.0
18648	5323	454.0	296.0
18660	5323	460.0	298.0
18672	5323	467.0	300.0
18684	5323	475.0	302.0
18696	5323	484.0	304.0
18708	5323	495.0	306.0
18720	5323	509.0	310.0
18732	5323	526.0	313.0
18744	5323	550.0	319.0
18756	5323	579.0	326.0
18768	5323	621.0	337.0
18780	5323	684.0	352.0
18792	5323	789.0	376.0
18804	5323	968.0	422.0
18180	5328	467.0	284.0
18192	5328	471.0	284.0
18204	5328	474.5	285.75
18216	5328	479.0	287.0
18228	5328	484.0	286.0
18240	5328	488.5	287.0
18252	5328	494.0	288.0
18264	5328	500.0	288.0
18276	5328	507.0	289.0
18288	5328	514.0	290.0
18300	5328	523.0	291.0
18312	5328	533.0	292.0
18324	5328	544.0	292.0
18336	5328	559.0	294.0
18348	5328	574.0	295.0
18360	5328	591.0	297.0
18372	5328	613.0	300.0
18384	5328	639.0	302.0
18396	5328	671.0	305.0
18408	5328	713.0	309.0
18420	5328	768.0	314.0
18432	5328	852.0	316.0
18444	5328	918.0	326.2857142857143
18408	5369	443.0	283.0
18420	5369	445.0	285.0
18432	5369	447.0	285.0
18444	5369	447.0	285.0
18456	5369	451.0	285.0
18468	5369	455.0	285.0
18480	5369	457.0	286.0
18492	5369	460.0	286.0
18504	5369	464.0	286.0
18516	5369	467.0	287.0
18528	5369	471.0	288.0
18540	5369	476.0	288.0
18552	5369	481.0	289.0
18564	5369	487.0	290.0
18576	5369	492.0	290.0
18588	5369	499.0	292.0
18600	5369	507.0	292.0
18612	5369	516.0	293.0
18624	5369	527.0	295.0
18636	5369	538.0	296.0
18648	5369	552.0	298.0
18660	5369	569.0	300.0
18672	5369	588.0	302.0
18684	5369	613.0	305.0
18696	5369	644.0	309.0
18708	5369	683.0	313.0
18720	5369	738.0	320.0
18732	5369	814.0	329.0
18744	5369	925.0	343.0
18756	5369	999.0	362.0
18444	5378	476.6111111111111	285.30555555555554
18456	5378	477.27777777777777	285.6388888888889
18468	5378	477.94444444444446	285.97222222222223
18480	5378	480.0	286.0
18492	5378	484.0	286.0
18504	5378	487.0	286.0
18516	5378	493.0	287.0
18528	5378	498.0	288.0
18540	5378	502.0	288.0
18552	5378	509.0	289.0
18564	5378	516.0	289.0
18576	5378	524.0	290.0
18588	5378	532.0	291.0
18600	5378	541.0	292.0
18612	5378	551.0	293.0
18624	5378	563.0	294.0
18636	5378	577.0	296.0
18648	5378	592.0	297.0
18660	5378	611.0	300.0
18672	5378	632.0	302.0
18684	5378	659.0	304.0
18696	5378	691.0	307.0
18708	5378	733.0	312.0
18720	5378	787.0	317.0
18732	5378	861.0	324.0
18744	5378	962.0	334.0
18528	5406	407.0	283.0
18540	5406	409.0	283.0
18552	5406	409.0	283.0
18564	5406	410.9130434782609	283.1014492753623
18576	5406	412.4782608695652	283.27536231884056
18588	5406	414.04347826086956	283.4492753623188
18600	5406	415.60869565217394	283.6231884057971
18612	5406	417.17391304347825	283.7971014492754
18624	5406	418.7391304347826	283.9710144927536
18636	5406	418.0	284.0
18648	5406	419.0	285.0
18660	5406	418.0	286.0
18672	5406	417.0	286.0
18684	5406	418.0	286.0
18696	5406	419.0	286.0
18708	5406	421.0	287.0
18720	5406	423.0	288.0
18732	5406	424.0	288.0
18744	5406	426.0	288.0
18756	5406	427.0	289.0
18768	5406	430.0	290.0
18780	5406	431.0	290.0
18792	5406	434.0	291.0
18804	5406	437.0	291.0
18816	5406	438.0	292.0
18828	5406	440.0	293.0
18840	5406	444.0	294.0
18852	5406	447.0	294.0
18864	5406	452.0	295.0
18876	5406	457.0	296.0
18888	5406	462.0	298.0
18900	5406	467.0	298.0
18912	5406	475.0	301.0
18924	5406	482.0	302.0
18936	5406	488.0	304.0
18948	5406	498.0	307.0
18960	5406	509.0	311.0
18972	5406	523.0	314.0
18984	5406	540.0	319.0
18996	5406	564.0	325.0
19008	5406	597.0	333.0
19020	5406	644.0	344.0
19032	5406	716.0	362.0
19044	5406	839.0	391.0
19056	5406	998.0	449.0
18696	5450	449.0	289.0
18708	5450	455.0	290.0
18720	5450	458.0	290.0
18732	5450	463.0	292.0
18744	5450	466.0	292.0
18756	5450	471.0	293.0
18768	5450	477.0	294.0
18780	5450	482.0	295.0
18792	5450	489.0	296.0
18804	5450	497.0	297.0
18816	5450	506.0	299.0
18828	5450	516.0	301.0
18840	5450	528.0	302.0
18852	5450	543.0	305.0
18864	5450	559.0	308.0
18876	5450	580.0	311.0
18888	5450	606.0	315.0
18900	5450	640.0	321.0
18912	5450	686.0	329.0
18924	5450	750.0	340.0
18936	5450	848.0	356.0
18948	5450	976.0	384.0
18720	5459	444.0	286.0
18732	5459	446.0	288.0
18744	5459	448.0	288.0
18756	5459	451.61538461538464	288.0
18768	5459	456.0	289.0
18780	5459	459.0	289.0
18792	5459	463.0	290.0
18804	5459	469.0	291.0
18816	5459	475.0	292.0
18828	5459	480.0	293.0
18840	5459	487.0	294.0
18852	5459	497.0	295.0
18864	5459	506.0	297.0
18876	5459	518.0	298.0
18888	5459	532.0	300.0
18900	5459	548.0	302.0
18912	5459	568.0	305.0
18924	5459	593.0	308.0
18936	5459	625.0	312.0
18948	5459	668.0	318.0
18960	5459	727.0	326.0
18972	5459	812.0	337.0
18984	5459	946.0	355.0
18732	5461	409.0	284.0
18744	5461	410.0	284.0
18756	5461	411.0	285.0
18768	5461	412.0	285.0
18780	5461	413.3333333333333	285.6666666666667
18792	5461	415.1111111111111	286.55555555555554
18804	5461	416.0	287.0
18816	5461	418.0	287.0
18828	5461	420.0	288.0
18840	5461	422.0	288.0
18852	5461	423.0	288.0
18864	5461	426.0	289.0
18876	5461	428.0	290.0
18888	5461	431.0	291.0
18900	5461	433.0	291.0
18912	5461	437.0	293.0
18924	5461	440.0	293.0
18936	5461	444.0	295.0
18948	5461	449.0	296.0
18960	5461	454.0	297.0
18972	5461	461.0	299.0
18984	5461	467.0	300.0
18996	5461	473.0	302.0
19008	5461	480.0	304.0
19020	5461	491.0	306.0
19032	5461	502.0	309.0
19044	5461	515.0	312.0
19056	5461	532.0	316.0
19068	5461	552.0	322.0
19080	5461	578.0	328.0
19092	5461	614.0	337.0
19104	5461	665.0	350.0
19116	5461	741.0	368.0
19128	5461	864.0	398.0
19140	5461	1001.0	459.0
18984	5542	443.0	285.0
18996	5542	445.0	284.0
19008	5542	447.0	284.0
19020	5542	449.0	285.0
19032	5542	451.35714285714283	285.0
19044	5542	454.0	285.0
19056	5542	457.0	286.0
19068	5542	460.0	286.0
19080	5542	463.0	286.0
19092	5542	466.0	287.0
19104	5542	468.0	287.0
19116	5542	473.0	288.0
19128	5542	477.0	288.0
19140	5542	481.0	289.0
19152	5542	486.0	290.0
19164	5542	492.0	290.0
19176	5542	499.0	291.0
19188	5542	506.0	292.0
19200	5542	514.0	293.0
19212	5542	523.0	294.0
19224	5542	535.0	295.0
19236	5542	546.0	296.0
19248	5542	562.0	298.0
19260	5542	578.0	301.0
19272	5542	598.0	302.0
19284	5542	622.0	305.0
19296	5542	654.0	309.0
19308	5542	695.0	314.0
19320	5542	750.0	320.0
19332	5542	824.0	329.0
19344	5542	934.0	342.0
19044	5566	476.0	285.0
19056	5566	479.0	286.0
19068	5566	484.0	287.0
19080	5566	488.0	286.0
19092	5566	493.0	288.0
19104	5566	499.0	288.0
19116	5566	504.0	288.0
19128	5566	511.0	289.0
19140	5566	518.0	290.0
19152	5566	526.0	291.0
19164	5566	536.0	292.0
19176	5566	546.0	292.0
19188	5566	559.0	293.0
19200	5566	572.0	295.0
19212	5566	588.0	297.0
19224	5566	606.0	298.0
19236	5566	629.0	301.0
19248	5566	655.0	303.0
19260	5566	688.0	306.0
19272	5566	729.0	310.0
19284	5566	783.0	315.0
19296	5566	855.0	322.0
19308	5566	955.0	332.0
19116	5595	458.0	283.0
19128	5595	460.0	283.5
19140	5595	463.6666666666667	284.0
19152	5595	467.0	285.0
19164	5595	469.0	285.0
19176	5595	471.0	285.0
19188	5595	477.0	286.0
19200	5595	481.0	286.0
19212	5595	485.0	286.0
19224	5595	487.0	286.0
19236	5595	492.0	287.0
19248	5595	498.0	288.0
19260	5595	505.0	287.0
19272	5595	510.0	289.0
19284	5595	517.3333333333334	289.0
19296	5595	524.0	290.0
19308	5595	537.0	291.0
19320	5595	543.0	292.0
19332	5595	553.0	293.0
19344	5595	565.0	294.0
19356	5595	581.0	296.0
19368	5595	598.0	297.0
19380	5595	618.0	300.0
19392	5595	642.0	302.0
19404	5595	672.0	304.0
19416	5595	709.0	308.0
19428	5595	758.0	313.0
19440	5595	824.0	320.0
19452	5595	913.0	328.0
19464	5595	983.0	339.0
19152	5612	402.0	283.0
19164	5612	403.3333333333333	283.0
19176	5612	404.0	283.0
19188	5612	404.0	283.0
19200	5612	406.0	283.0
19212	5612	407.0	283.0
19224	5612	408.0	283.0
19236	5612	410.0	284.0
19248	5612	410.0	284.0
19260	5612	412.0	284.0
19272	5612	412.0	284.0
19284	5612	413.8888888888889	284.0
19296	5612	416.0	284.0
19308	5612	418.0	285.0
19320	5612	420.0	286.0
19332	5612	423.0	286.0
19344	5612	425.0	286.0
19356	5612	429.0	286.0
19368	5612	431.0	287.0
19380	5612	435.0	287.0
19392	5612	438.0	288.0
19404	5612	442.0	288.0
19416	5612	445.0	289.0
19428	5612	449.0	290.0
19440	5612	454.0	289.0
19452	5612	458.0	290.0
19464	5612	463.0	291.0
19476	5612	469.0	293.0
19488	5612	475.0	293.0
19500	5612	482.0	294.0
19512	5612	488.0	295.0
19524	5612	497.0	295.0
19536	5612	506.0	298.0
19548	5612	517.0	299.0
19560	5612	529.0	302.0
19572	5612	544.0	304.0
19584	5612	560.0	307.0
19596	5612	580.0	309.0
19608	5612	606.0	314.0
19620	5612	639.0	319.0
19632	5612	684.0	327.0
19644	5612	750.0	337.0
19656	5612	848.0	354.0
19668	5612	978.0	382.0
19212	5620	453.14814814814815	283.0740740740741
19224	5620	453.5925925925926	283.2962962962963
19236	5620	454.037037037037	283.51851851851853
19248	5620	454.48148148148147	283.74074074074076
19260	5620	454.9259259259259	283.962962962963
19272	5620	455.0	285.0
19284	5620	458.0	285.0
19296	5620	461.0	286.0
19308	5620	464.0	286.0
19320	5620	468.0	286.0
19332	5620	471.0	286.0
19344	5620	476.0	288.0
19356	5620	480.0	288.0
19368	5620	485.0	288.0
19380	5620	489.0	289.0
19392	5620	494.0	290.0
19404	5620	500.0	291.0
19416	5620	507.0	291.0
19428	5620	514.0	292.0
19440	5620	523.0	293.0
19452	5620	534.0	295.0
19464	5620	545.0	296.0
19476	5620	559.0	297.0
19488	5620	574.0	299.0
19500	5620	592.0	301.0
19512	5620	614.0	304.0
19524	5620	642.0	307.0
19536	5620	675.0	311.0
19548	5620	719.0	317.0
19560	5620	780.0	324.0
19572	5620	862.0	333.0
19584	5620	970.0	349.0
19236	5630	459.0	285.0
19248	5630	461.6666666666667	285.0
19260	5630	466.0	285.0
19272	5630	468.0	284.0
19284	5630	471.0	284.0
19296	5630	475.85714285714283	285.0
19308	5630	479.0	286.0
19320	5630	483.0	285.0
19332	5630	486.85714285714283	285.7142857142857
19344	5630	492.0	287.0
19356	5630	497.0	287.0
19368	5630	503.0	288.0
19380	5630	509.0	289.0
19392	5630	515.0	289.0
19404	5630	523.0	290.0
19416	5630	532.0	291.0
19428	5630	541.0	292.0
19440	5630	552.0	293.0
19452	5630	564.0	294.0
19464	5630	578.0	295.0
19476	5630	593.0	297.0
19488	5630	612.0	299.0
19500	5630	634.0	301.0
19512	5630	661.0	303.0
19524	5630	694.0	306.0
19536	5630	736.0	311.0
19548	5630	789.0	316.0
19560	5630	862.0	323.0
19572	5630	961.0	333.0
19260	5651	434.0	283.0
19272	5651	436.0	283.0
19284	5651	437.0	282.0
19296	5651	438.0	283.0
19308	5651	440.0	283.0
19320	5651	443.0	282.0
19332	5651	445.0	284.0
19344	5651	447.0	285.0
19356	5651	449.0	284.0
19368	5651	452.0	285.0
19380	5651	456.0	285.0
19392	5651	459.0	285.0
19404	5651	462.0	286.0
19416	5651	465.0	286.0
19428	5651	469.0	286.0
19440	5651	472.0	287.0
19452	5651	475.0	288.0
19464	5651	483.0	289.0
19476	5651	488.0	290.0
19488	5651	492.0	290.0
19500	5651	502.0	291.0
19512	5651	505.0	292.0
19524	5651	513.0	293.0
19536	5651	523.0	293.0
19548	5651	536.0	295.0
19560	5651	549.0	296.0
19572	5651	564.0	298.0
19584	5651	582.0	299.0
19596	5651	604.0	302.0
19608	5651	629.0	302.0
19620	5651	662.0	307.0
19632	5651	704.0	311.0
19644	5651	760.0	317.0
19656	5651	835.0	319.0
19668	5651	948.0	331.0
19680	5651	994.0	351.0
19692	5651	996.0	354.0
19704	5651	993.0	361.0
19716	5651	1000.0	359.0
19380	5688	419.0	283.0
19392	5688	420.0	283.0
19404	5688	422.0	284.0
19416	5688	422.0	284.0
19428	5688	423.0	284.0
19440	5688	425.0	285.0
19452	5688	428.0	285.0
19464	5688	429.0	285.0
19476	5688	431.0	286.0
19488	5688	434.0	287.0
19500	5688	437.0	287.0
19512	5688	439.0	286.0
19524	5688	442.0	287.0
19536	5688	445.0	288.0
19548	5688	449.0	288.0
19560	5688	452.0	289.0
19572	5688	457.0	290.0
19584	5688	461.0	290.0
19596	5688	467.0	292.0
19608	5688	474.0	292.0
19620	5688	479.0	294.0
19632	5688	487.0	294.0
19644	5688	495.0	295.0
19656	5688	506.0	298.0
19668	5688	519.0	300.0
19680	5688	533.0	302.0
19692	5688	553.0	306.0
19704	5688	575.0	309.0
19716	5688	607.0	314.0
19728	5688	648.0	321.0
19740	5688	710.0	332.0
19752	5688	808.0	349.0
19764	5688	965.0	378.0
19404	5691	481.0	285.0
19416	5691	485.85714285714283	284.2857142857143
19428	5691	490.6666666666667	286.0
19440	5691	494.6923076923077	286.0
19452	5691	499.3076923076923	286.0
19464	5691	505.0	286.0
19476	5691	512.1666666666666	287.0
19488	5691	519.0	288.0
19500	5691	526.0	289.0
19512	5691	535.0	289.0
19524	5691	545.0	291.0
19536	5691	555.0	292.0
19548	5691	569.0	292.0
19560	5691	583.0	294.0
19572	5691	601.0	295.0
19584	5691	619.0	297.0
19596	5691	644.0	299.0
19608	5691	671.0	301.0
19620	5691	708.0	305.0
19632	5691	753.0	309.0
19644	5691	811.0	313.0
19656	5691	892.0	321.0
19560	5732	417.0	283.0
19572	5732	417.0	283.0
19584	5732	418.0	283.0
19596	5732	419.0	283.0
19608	5732	420.0	283.0
19620	5732	421.0	283.0
19632	5732	422.0	283.0
19644	5732	423.0	283.0
19656	5732	425.0	284.0
19668	5732	426.55555555555554	284.0
19680	5732	428.0	285.0
19692	5732	431.0	285.0
19704	5732	433.0	286.0
19716	5732	435.0	287.0
19728	5732	437.0	287.0
19740	5732	441.0	288.0
19752	5732	444.0	288.0
19764	5732	447.0	288.0
19776	5732	452.0	290.0
19788	5732	457.0	290.0
19800	5732	463.0	291.0
19812	5732	469.0	291.0
19824	5732	476.0	293.0
19836	5732	484.0	295.0
19848	5732	494.0	296.0
19860	5732	505.0	297.0
19872	5732	519.0	300.0
19884	5732	537.0	303.0
19896	5732	559.0	306.0
19908	5732	587.0	311.0
19920	5732	628.0	317.0
19932	5732	688.0	327.0
19944	5732	782.0	343.0
19956	5732	953.0	372.0
19668	5761	457.0	285.0
19680	5761	461.0	286.0
19692	5761	465.0	286.0
19704	5761	467.0	286.0
19716	5761	472.0	287.0
19728	5761	475.0	288.0
19740	5761	480.0	288.0
19752	5761	485.0	289.0
19764	5761	491.0	290.0
19776	5761	496.0	290.0
19788	5761	504.0	292.0
19800	5761	512.0	292.0
19812	5761	520.0	293.0
19824	5761	530.0	295.0
19836	5761	543.0	296.0
19848	5761	558.0	297.0
19860	5761	575.0	300.0
19872	5761	594.0	301.0
19884	5761	618.0	304.0
19896	5761	648.0	308.0
19908	5761	687.0	312.0
19920	5761	739.0	318.0
19932	5761	811.0	327.0
19944	5761	919.0	340.0
19704	5773	452.0	284.0
19716	5773	454.0	283.0
19728	5773	456.0	283.0
19740	5773	459.0	283.0
19752	5773	464.0	284.0
19764	5773	465.0	284.0
19776	5773	466.4	285.0
19788	5773	470.0	285.0
19800	5773	477.0	285.0
19812	5773	480.0	286.0
19824	5773	483.3157894736842	286.10526315789474
19836	5773	487.94736842105266	286.3157894736842
19848	5773	492.57894736842104	286.5263157894737
19860	5773	497.2105263157895	286.7368421052632
19872	5773	501.8421052631579	286.94736842105266
19884	5773	506.0	288.0
19896	5773	515.0	290.0
19908	5773	525.0	291.0
19920	5773	534.0	291.0
19932	5773	545.0	292.0
19944	5773	555.0	293.0
19956	5773	568.0	294.0
19968	5773	583.0	296.0
19980	5773	600.0	297.0
19992	5773	620.0	299.0
20004	5773	644.0	301.0
20016	5773	673.0	304.0
20028	5773	710.0	308.0
20040	5773	755.0	312.0
20052	5773	817.0	318.0
20064	5773	902.0	326.0
20076	5773	977.0	336.0
19812	5808	451.0	284.0
19824	5808	455.0	286.0
19836	5808	460.0	286.0
19848	5808	462.0	287.0
19860	5808	467.0	287.0
19872	5808	470.0	287.0
19884	5808	475.0	288.0
19896	5808	480.0	288.0
19908	5808	486.0	289.0
19920	5808	492.0	290.0
19932	5808	499.0	291.0
19944	5808	506.0	292.0
19956	5808	515.0	293.0
19968	5808	525.0	294.0
19980	5808	535.0	295.0
19992	5808	549.0	296.0
20004	5808	566.0	299.0
20016	5808	584.0	301.0
20028	5808	607.0	303.0
20040	5808	637.0	307.0
20052	5808	676.0	312.0
20064	5808	727.0	317.0
20076	5808	800.0	326.0
20088	5808	908.0	339.0
20100	5808	997.0	361.0
19920	5830	417.0	283.0
19932	5830	417.0	284.0
19944	5830	417.0	284.0
19956	5830	418.0	284.0
19968	5830	418.0	285.0
19980	5830	418.0	285.0
19992	5830	420.0	286.0
20004	5830	420.0	285.0
20016	5830	422.0	286.0
20028	5830	424.0	288.0
20040	5830	427.0	288.0
20052	5830	428.0	288.0
20064	5830	430.0	290.0
20076	5830	433.0	289.0
20088	5830	437.0	291.0
20100	5830	441.0	292.0
20112	5830	445.0	293.0
20124	5830	450.0	294.0
20136	5830	456.0	296.0
20148	5830	463.0	297.0
20160	5830	472.0	299.0
20172	5830	482.0	302.0
20184	5830	495.0	305.0
20196	5830	512.0	309.0
20208	5830	534.0	314.0
20220	5830	564.0	321.0
20232	5830	608.0	331.0
20244	5830	679.0	349.0
20256	5830	810.0	381.0
20268	5830	1010.0	461.0
20016	5847	452.0	284.0
20028	5847	455.0	283.0
20040	5847	457.0	284.0
20052	5847	460.3333333333333	284.0
20064	5847	464.0	285.0
20076	5847	467.0	285.0
20088	5847	472.0	284.0
20100	5847	477.0	286.0
20112	5847	481.0	286.0
20124	5847	486.0	287.0
20136	5847	493.0	288.0
20148	5847	498.0	289.0
20160	5847	505.0	289.0
20172	5847	513.0	290.0
20184	5847	523.0	291.0
20196	5847	533.0	292.0
20208	5847	546.0	293.0
20220	5847	562.0	294.0
20232	5847	573.5	293.5
20244	5847	591.0	296.0
20256	5847	621.0	300.0
20268	5847	651.0	303.0
20280	5847	689.0	307.0
20292	5847	740.0	311.0
20304	5847	808.0	318.0
20316	5847	908.0	328.0
20328	5847	991.0	341.0
20196	5875	443.0	283.0
20208	5875	445.0	282.0
20220	5875	446.0	283.0
20232	5875	448.5217391304348	283.0
20244	5875	451.1304347826087	283.0
20256	5875	454.0	283.0
20268	5875	455.0	283.0
20280	5875	457.0	284.0
20292	5875	461.0	285.0
20304	5875	465.0	285.0
20316	5875	467.0	285.0
20328	5875	469.0	284.0
20340	5875	473.0	285.0
20352	5875	477.0	286.0
20364	5875	481.0	286.0
20376	5875	485.0	286.0
20388	5875	490.0	287.0
20400	5875	495.0	288.0
20412	5875	500.0	288.0
20424	5875	507.0	289.0
20436	5875	514.0	290.0
20448	5875	523.0	291.0
20460	5875	531.0	293.0
20472	5875	543.0	294.0
20484	5875	556.0	295.0
20496	5875	571.0	297.0
20508	5875	590.0	300.0
20520	5875	614.0	302.0
20532	5875	644.0	306.0
20544	5875	684.0	311.0
20556	5875	739.0	317.0
20568	5875	820.0	327.0
20580	5875	944.0	342.0
20196	5876	469.0	285.0
20208	5876	471.0	285.0
20220	5876	476.54545454545456	285.0
20232	5876	480.0	286.0
20244	5876	484.0	287.0
20256	5876	488.0	286.0
20268	5876	494.0	287.0
20280	5876	499.0	288.0
20292	5876	506.0	288.0
20304	5876	513.0	289.0
20316	5876	521.0	290.0
20328	5876	529.0	291.0
20340	5876	541.0	291.0
20352	5876	552.0	293.0
20364	5876	566.0	294.0
20376	5876	582.0	296.0
20388	5876	602.0	298.0
20400	5876	628.0	300.0
20412	5876	658.0	303.0
20424	5876	696.0	307.0
20436	5876	746.0	312.0
20448	5876	813.0	318.0
20460	5876	910.0	328.0
20472	5876	989.0	340.0
20208	5879	419.0	283.0
20220	5879	419.0	282.0
20232	5879	419.0	282.0
20244	5879	421.0	283.0
20256	5879	421.0	283.0
20268	5879	422.8	283.0
20280	5879	424.9259259259259	283.18518518518516
20292	5879	427.14814814814815	283.6296296296296
20304	5879	430.0	284.0
20316	5879	430.0	285.0
20328	5879	432.0	285.0
20340	5879	434.0	285.0
20352	5879	436.0	286.0
20364	5879	437.0	286.0
20376	5879	444.0	286.0
20388	5879	446.0	287.0
20400	5879	448.0	288.0
20412	5879	451.0	289.0
20424	5879	455.0	289.0
20436	5879	459.0	289.0
20448	5879	463.0	290.0
20460	5879	468.0	291.0
20472	5879	473.0	292.0
20484	5879	479.0	293.0
20496	5879	485.0	295.0
20508	5879	493.0	296.0
20520	5879	505.0	297.0
20532	5879	517.0	300.0
20544	5879	531.0	302.0
20556	5879	551.0	305.0
20568	5879	574.0	309.0
20580	5879	604.0	313.0
20592	5879	648.0	321.0
20604	5879	710.0	331.0
20616	5879	809.0	348.0
20628	5879	969.0	378.0
20268	5901	390.0	282.0
20280	5901	389.4	282.4
20292	5901	392.0	284.0
20304	5901	391.0	284.0
20316	5901	392.0	283.0
20328	5901	392.0	283.0
20340	5901	392.0	283.0
20352	5901	393.0	283.0
20364	5901	393.7857142857143	283.0
20376	5901	394.64285714285717	283.0
20388	5901	396.0	283.0
20400	5901	396.0	284.0
20412	5901	398.0	284.0
20424	5901	398.0	284.0
20436	5901	399.0	284.0
20448	5901	399.0	283.0
20460	5901	400.0	284.0
20472	5901	401.0	285.0
20484	5901	402.0	285.0
20496	5901	403.0	286.0
20508	5901	404.0	287.0
20520	5901	404.0	287.0
20532	5901	405.0	287.0
20544	5901	406.0	286.0
20556	5901	407.0	288.0
20568	5901	409.0	288.0
20580	5901	410.0	289.0
20592	5901	412.0	288.0
20604	5901	412.0	289.0
20616	5901	416.0	290.0
20628	5901	419.0	290.0
20640	5901	421.0	289.0
20652	5901	423.0	291.0
20664	5901	426.0	292.0
20676	5901	428.0	292.0
20688	5901	431.0	293.0
20700	5901	435.0	293.0
20712	5901	440.0	295.0
20724	5901	443.0	295.0
20736	5901	449.0	296.0
20748	5901	454.0	297.0
20760	5901	460.0	298.0
20772	5901	467.0	300.0
20784	5901	475.0	302.0
20796	5901	484.0	304.0
20808	5901	496.0	307.0
20820	5901	509.0	310.0
20832	5901	525.0	314.0
20844	5901	545.0	319.0
20856	5901	569.0	325.0
20868	5901	603.0	333.0
20880	5901	649.0	344.0
20892	5901	715.0	361.0
20904	5901	824.0	388.0
20916	5901	984.0	440.0
20328	5909	454.75	283.0
20340	5909	455.0	283.0
20352	5909	457.0	284.0
20364	5909	458.0	284.0
20376	5909	462.09090909090907	285.0
20388	5909	466.0	285.0
20400	5909	469.0	285.0
20412	5909	471.0	284.0
20424	5909	476.5	285.0
20436	5909	480.0	286.0
20448	5909	484.0	287.0
20460	5909	488.0	287.0
20472	5909	494.0	288.0
20484	5909	499.0	288.0
20496	5909	506.0	289.0
20508	5909	514.0	290.0
20520	5909	522.0	291.0
20532	5909	532.0	292.0
20544	5909	543.0	293.0
20556	5909	556.0	294.0
20568	5909	567.3846153846154	293.2307692307692
20580	5909	579.8461538461538	292.3076923076923
20592	5909	601.0	296.0
20604	5909	628.0	300.0
20616	5909	665.0	304.0
20628	5909	705.0	308.0
20640	5909	758.0	313.0
20652	5909	830.0	320.0
20664	5909	934.0	330.0
20352	5917	418.0	283.0
20364	5917	418.0	283.0
20376	5917	419.0	283.0
20388	5917	421.0	283.0
20400	5917	423.0	284.0
20412	5917	424.0	283.0
20424	5917	425.2	283.4
20436	5917	427.0	285.0
20448	5917	429.0	285.0
20460	5917	431.0	285.0
20472	5917	434.0	285.0
20484	5917	438.0	286.0
20496	5917	440.0	286.0
20508	5917	444.0	287.0
20520	5917	446.0	288.0
20532	5917	450.0	289.0
20544	5917	454.0	288.0
20556	5917	459.0	289.0
20568	5917	464.0	290.0
20580	5917	470.0	291.0
20592	5917	477.0	293.0
20604	5917	485.0	294.0
20616	5917	494.0	296.0
20628	5917	505.0	297.0
20640	5917	520.0	300.0
20652	5917	537.0	302.0
20664	5917	560.0	307.0
20676	5917	589.0	311.0
20688	5917	630.0	317.0
20700	5917	690.0	328.0
20712	5917	788.0	345.0
20724	5917	962.0	376.0
20484	5953	457.0	284.0
20496	5953	459.0	284.0
20508	5953	464.0	285.0
20520	5953	467.0	284.0
20532	5953	470.0	284.0
20544	5953	473.0	285.0
20556	5953	478.0	286.0
20568	5953	481.0	286.0
20580	5953	484.0	286.0
20592	5953	492.0	287.0
20604	5953	497.0	287.0
20616	5953	502.0	288.0
20628	5953	509.7894736842105	289.05263157894734
20640	5953	514.5263157894736	289.36842105263156
20652	5953	519.2631578947369	289.6842105263158
20664	5953	524.0	290.0
20676	5953	544.0	292.0
20688	5953	556.0	293.0
20700	5953	570.0	295.0
20712	5953	587.0	296.0
20724	5953	607.0	298.0
20736	5953	630.0	300.0
20748	5953	658.0	303.0
20760	5953	695.0	307.0
20772	5953	741.0	311.0
20784	5953	801.0	317.0
20796	5953	886.0	325.0
20808	5953	977.0	337.0
20592	5988	458.0	283.0
20604	5988	465.0	284.5
20616	5988	472.9166666666667	285.4166666666667
20628	5988	477.0	286.0
20640	5988	479.0	287.0
20652	5988	482.0	286.0
20664	5988	486.0	287.0
20676	5988	490.0	288.0
20688	5988	494.0	288.0
20700	5988	499.0	290.0
20712	5988	505.0	290.0
20724	5988	512.0	292.0
20736	5988	520.0	292.0
20748	5988	529.0	294.0
20760	5988	542.0	295.0
20772	5988	554.0	296.0
20784	5988	571.0	298.0
20796	5988	591.0	301.0
20808	5988	616.0	304.0
20820	5988	647.0	308.0
20832	5988	689.0	313.0
20844	5988	747.0	319.0
20856	5988	832.0	330.0
20868	5988	962.0	346.0
20700	6025	483.0	285.0
20712	6025	488.0	284.0
20724	6025	492.0	286.0
20736	6025	498.0	286.0
20748	6025	505.0	287.0
20760	6025	511.9230769230769	287.0
20772	6025	519.0	288.0
20784	6025	527.0	289.0
20796	6025	536.0	290.0
20808	6025	544.0	290.0
20820	6025	555.0	291.0
20832	6025	566.0	292.0
20844	6025	581.0	293.0
20856	6025	597.0	295.0
20868	6025	616.0	297.0
20880	6025	636.0	297.0
20892	6025	655.0	286.0
20904	6025	700.0	301.0
20916	6025	739.0	307.0
20928	6025	789.0	312.0
20940	6025	856.0	317.0
20952	6025	952.0	325.0
20724	6029	425.0	288.0
20736	6029	427.0	289.0
20748	6029	429.0	289.0
20760	6029	432.0	291.0
20772	6029	434.0	290.0
20784	6029	438.0	292.0
20796	6029	440.0	292.0
20808	6029	444.0	294.0
20820	6029	447.0	294.0
20832	6029	453.0	295.0
20844	6029	457.0	297.0
20856	6029	463.0	298.0
20868	6029	469.0	300.0
20880	6029	476.0	301.0
20892	6029	486.0	304.0
20904	6029	493.0	306.0
20916	6029	507.0	309.0
20928	6029	520.0	312.0
20940	6029	537.0	316.0
20952	6029	559.0	321.0
20964	6029	586.0	328.0
20976	6029	625.0	337.0
20988	6029	680.0	350.0
21000	6029	762.0	369.0
21012	6029	893.0	400.0
21024	6029	1009.0	463.0
20868	6053	423.0	286.0
20880	6053	421.0	287.0
20892	6053	421.0	287.0
20904	6053	422.0	287.0
20916	6053	422.0	287.0
20928	6053	424.0	288.0
20940	6053	425.0	288.0
20952	6053	428.0	289.0
20964	6053	431.0	291.0
20976	6053	433.0	291.0
20988	6053	436.0	291.0
21000	6053	440.0	292.0
21012	6053	445.0	293.0
21024	6053	450.0	294.0
21036	6053	455.0	295.0
21048	6053	462.0	297.0
21060	6053	469.0	299.0
21072	6053	479.0	302.0
21084	6053	490.0	305.0
21096	6053	504.0	307.0
21108	6053	523.0	312.0
21120	6053	545.0	317.0
21132	6053	577.0	326.0
21144	6053	622.0	337.0
21156	6053	697.0	355.0
21168	6053	831.0	388.0
21180	6053	1012.0	465.0
21072	6120	418.0	282.0
21084	6120	418.0	283.0
21096	6120	419.0	283.0
21108	6120	421.0	283.0
21120	6120	421.0	283.0
21132	6120	422.0	283.0
21144	6120	423.0	283.0
21156	6120	425.0	283.4
21168	6120	427.4	283.88
21180	6120	430.0	284.0
21192	6120	431.0	285.0
21204	6120	433.0	285.0
21216	6120	434.0	286.0
21228	6120	437.0	286.0
21240	6120	440.0	286.0
21252	6120	443.0	287.0
21264	6120	444.0	287.0
21276	6120	448.0	288.0
21288	6120	450.0	289.0
21300	6120	454.0	289.0
21312	6120	458.0	289.0
21324	6120	462.0	290.0
21336	6120	467.0	291.0
21348	6120	472.0	292.0
21360	6120	480.0	293.0
21372	6120	485.0	295.0
21384	6120	495.0	296.0
21396	6120	504.0	297.0
21408	6120	516.0	299.0
21420	6120	529.0	302.0
21432	6120	547.0	305.0
21444	6120	570.0	308.0
21456	6120	597.0	313.0
21468	6120	636.0	320.0
21480	6120	691.0	330.0
21492	6120	778.0	345.0
21504	6120	926.0	370.0
21168	6145	466.0	285.0
21180	6145	469.0	285.0
21192	6145	473.25	286.0
21204	6145	477.0	286.0
21216	6145	481.0	286.0
21228	6145	485.0	287.0
21240	6145	490.5	287.5
21252	6145	496.0	288.0
21264	6145	501.0	288.0
21276	6145	508.0	289.0
21288	6145	515.0	290.0
21300	6145	524.0	290.0
21312	6145	532.0	291.0
21324	6145	544.0	292.0
21336	6145	557.0	293.0
21348	6145	570.0	295.0
21360	6145	586.0	296.0
21372	6145	604.0	298.0
21384	6145	626.0	300.0
21396	6145	652.0	303.0
21408	6145	685.0	305.0
21420	6145	725.0	309.0
21432	6145	777.0	314.0
21444	6145	848.0	321.0
21456	6145	949.0	331.0
21216	6151	415.0	283.0
21228	6151	415.3333333333333	283.0
21240	6151	417.04347826086956	283.0
21252	6151	419.1304347826087	283.0
21264	6151	420.0	283.0
21276	6151	422.0	284.0
21288	6151	424.0	285.0
21300	6151	426.0	285.0
21312	6151	427.0	285.0
21324	6151	428.0	285.0
21336	6151	429.0	286.0
21348	6151	432.0	285.0
21360	6151	435.0	286.0
21372	6151	437.0	286.0
21384	6151	439.0	286.0
21396	6151	444.0	288.0
21408	6151	446.0	288.0
21420	6151	449.0	288.0
21432	6151	454.0	290.0
21444	6151	458.0	290.0
21456	6151	463.0	291.0
21468	6151	469.0	292.0
21480	6151	474.0	293.0
21492	6151	482.0	294.0
21504	6151	489.0	295.0
21516	6151	499.0	296.0
21528	6151	510.0	298.0
21540	6151	523.0	300.0
21552	6151	539.0	303.0
21564	6151	559.0	306.0
21576	6151	584.0	311.0
21588	6151	618.0	316.0
21600	6151	665.0	324.0
21612	6151	734.0	336.0
21624	6151	843.0	354.0
21636	6151	988.0	389.0
21624	6218	432.25373134328356	283.0
21636	6218	431.35820895522386	283.0
21648	6218	430.46268656716416	283.0
21660	6218	429.56716417910445	283.0
21672	6218	428.67164179104475	283.0
21684	6218	429.0	282.0
21696	6218	429.0	282.0
21708	6218	429.3333333333333	282.3333333333333
21720	6218	430.0	283.0
21732	6218	432.0	283.0
21744	6218	433.0	283.0
21756	6218	434.0	283.0
21768	6218	436.0	283.0
21780	6218	439.2352941176471	283.6470588235294
21792	6218	442.0	283.0
21804	6218	442.0	284.0
21816	6218	445.0	284.0
21828	6218	447.0	284.0
21840	6218	449.6666666666667	284.0
21852	6218	453.0	285.0
21864	6218	455.0	285.0
21876	6218	458.0	286.0
21888	6218	461.0	286.0
21900	6218	465.0	286.0
21912	6218	468.0	286.0
21924	6218	472.0	287.0
21936	6218	477.0	288.0
21948	6218	482.0	288.0
21960	6218	487.0	288.0
21972	6218	493.0	289.0
21984	6218	500.0	290.0
21996	6218	508.0	291.0
22008	6218	517.0	292.0
22020	6218	526.0	293.0
22032	6218	538.0	295.0
22044	6218	552.0	296.0
22056	6218	569.0	299.0
22068	6218	588.0	301.0
22080	6218	612.0	303.0
22092	6218	642.0	306.0
22104	6218	680.0	311.0
22116	6218	736.0	317.0
22128	6218	809.0	326.0
22140	6218	921.0	340.0
21672	6230	466.6	285.0
21684	6230	469.75	284.0
21696	6230	473.4230769230769	284.53846153846155
21708	6230	477.5769230769231	285.46153846153845
21720	6230	482.0	287.0
21732	6230	486.57142857142856	286.42857142857144
21744	6230	492.0	288.0
21756	6230	496.0	288.0
21768	6230	501.0	287.0
21780	6230	508.0	289.0
21792	6230	514.0	290.0
21804	6230	522.0	291.0
21816	6230	530.0	292.0
21828	6230	541.0	292.0
21840	6230	552.0	293.0
21852	6230	564.0	295.0
21864	6230	579.0	296.0
21876	6230	595.0	298.0
21888	6230	616.0	300.0
21900	6230	641.0	302.0
21912	6230	672.0	305.0
21924	6230	713.0	309.0
21936	6230	764.0	314.0
21948	6230	835.0	322.0
21960	6230	935.0	332.0
21720	6236	455.0	285.0
21732	6236	459.0	285.0
21744	6236	461.0	286.0
21756	6236	466.0	286.0
21768	6236	469.0	286.0
21780	6236	474.0	287.0
21792	6236	478.0	287.0
21804	6236	483.0	287.0
21816	6236	487.0	290.0
21828	6236	492.0	290.0
21840	6236	500.0	291.0
21852	6236	507.0	291.0
21864	6236	516.0	293.0
21876	6236	527.0	295.0
21888	6236	539.0	296.0
21900	6236	552.0	297.0
21912	6236	568.0	299.0
21924	6236	588.0	301.0
21936	6236	613.0	304.0
21948	6236	643.0	307.0
21960	6236	681.0	311.0
21972	6236	733.0	318.0
21984	6236	806.0	326.0
21996	6236	913.0	339.0
21792	6246	452.0	283.0
21804	6246	453.0	283.0
21816	6246	455.0	283.0
21828	6246	458.0	283.0
21840	6246	460.7142857142857	284.0
21852	6246	465.0	284.0
21864	6246	467.0	285.0
21876	6246	470.0	285.0
21888	6246	473.2857142857143	285.0
21900	6246	479.0	286.0
21912	6246	482.0	286.0
21924	6246	486.0	286.0
21936	6246	492.0	287.0
21948	6246	497.0	286.0
21960	6246	503.0	288.0
21972	6246	509.0	289.0
21984	6246	517.0	289.0
21996	6246	524.0	290.0
22008	6246	534.0	291.0
22020	6246	544.0	292.0
22032	6246	556.0	293.0
22044	6246	569.0	294.0
22056	6246	586.0	296.0
22068	6246	605.0	298.0
22080	6246	628.0	300.0
22092	6246	656.0	302.0
22104	6246	692.0	306.0
22116	6246	733.1428571428571	306.85714285714283
22128	6246	772.5714285714286	312.42857142857144
22140	6246	812.0	318.0
22152	6246	925.0	330.0
21792	6248	417.0	284.0
21804	6248	417.9	283.0
21816	6248	417.0	283.0
21828	6248	418.0	284.0
21840	6248	419.0	284.0
21852	6248	420.0	285.0
21864	6248	420.0	285.0
21876	6248	421.0	285.0
21888	6248	420.0	286.0
21900	6248	420.0	286.0
21912	6248	421.0	286.0
21924	6248	421.0	286.0
21936	6248	422.0	287.0
21948	6248	424.0	288.0
21960	6248	425.0	288.0
21972	6248	427.0	289.0
21984	6248	429.0	290.0
21996	6248	434.0	291.0
22008	6248	437.0	292.0
22020	6248	442.0	293.0
22032	6248	448.0	294.0
22044	6248	453.0	296.0
22056	6248	462.0	298.0
22068	6248	471.0	300.0
22080	6248	481.0	302.0
22092	6248	495.0	306.0
22104	6248	513.0	310.0
22116	6248	536.0	316.0
22128	6248	569.0	325.0
22140	6248	620.0	338.0
22152	6248	706.0	360.0
22164	6248	890.0	408.0
21804	6250	428.0	283.0
21816	6250	428.0	284.0
21828	6250	430.0	284.0
21840	6250	431.0	283.0
21852	6250	433.0	284.0
21864	6250	436.0	285.0
21876	6250	437.0	286.0
21888	6250	440.0	287.0
21900	6250	442.0	287.0
21912	6250	444.0	287.0
21924	6250	446.0	288.0
21936	6250	449.0	289.0
21948	6250	451.0	289.0
21960	6250	454.0	289.0
21972	6250	457.0	289.0
21984	6250	462.0	291.0
21996	6250	467.0	292.0
22008	6250	473.0	293.0
22020	6250	479.0	293.0
22032	6250	486.0	295.0
22044	6250	493.0	295.0
22056	6250	502.0	297.0
22068	6250	512.0	299.0
22080	6250	524.0	300.0
22092	6250	539.0	303.0
22104	6250	555.0	306.0
22116	6250	579.0	309.0
22128	6250	607.0	314.0
22140	6250	647.0	319.0
22104	6299	444.0	283.0
22116	6299	444.0	282.0
22128	6299	445.0	282.0
22140	6299	447.1666666666667	283.0
22152	6299	449.1666666666667	283.0
22164	6299	452.0	283.0
22176	6299	454.0	284.0
22188	6299	455.0	284.0
22200	6299	458.0	283.0
22212	6299	460.0	283.0
22224	6299	464.0	285.0
22236	6299	467.0	285.0
22248	6299	470.0	285.0
22260	6299	474.0	285.0
22272	6299	477.0	285.0
22284	6299	482.0	286.0
22296	6299	486.0	286.0
22308	6299	491.0	287.0
22320	6299	497.0	287.0
22332	6299	502.0	288.0
22344	6299	507.0	288.0
22356	6299	514.0	289.0
22368	6299	522.0	290.0
22380	6299	531.0	291.0
22392	6299	541.0	292.0
22404	6299	552.0	293.0
22416	6299	565.0	294.0
22428	6299	580.0	296.0
22440	6299	599.0	298.0
22452	6299	619.0	300.0
22464	6299	645.0	302.0
22476	6299	676.0	305.0
22488	6299	717.0	309.0
22500	6299	769.0	314.0
22512	6299	840.0	321.0
22524	6299	941.0	332.0
22116	6303	427.5	282.0
22128	6303	429.0	283.0
22140	6303	429.0	283.0
22152	6303	430.5	283.0
22164	6303	433.0	283.0
22176	6303	434.0	283.0
22188	6303	435.0	283.0
22200	6303	439.0	283.0
22212	6303	441.0	283.0
22224	6303	442.0	284.0
22236	6303	445.0	284.0
22248	6303	446.0	284.0
22260	6303	449.0	285.0
22272	6303	452.0	285.0
22284	6303	456.0	285.0
22296	6303	458.0	285.0
22308	6303	461.0	286.0
22320	6303	465.0	286.0
22332	6303	468.0	286.0
22344	6303	473.0	288.0
22356	6303	477.0	288.0
22368	6303	482.0	288.0
22380	6303	488.0	289.0
22392	6303	493.0	290.0
22404	6303	500.0	291.0
22416	6303	508.0	291.0
22428	6303	517.0	293.0
22440	6303	526.0	294.0
22452	6303	538.0	295.0
22464	6303	551.0	296.0
22476	6303	567.0	299.0
22488	6303	585.0	301.0
22500	6303	608.0	303.0
22512	6303	637.0	306.0
22524	6303	673.0	311.0
22536	6303	723.0	317.0
22548	6303	791.0	325.0
22560	6303	889.0	336.0
22572	6303	974.0	336.0
22344	6367	416.0	283.0
22356	6367	417.0	283.0
22368	6367	419.0	284.0
22380	6367	419.0	284.0
22392	6367	422.0	283.0
22404	6367	423.0	283.0
22416	6367	423.0	283.0
22428	6367	427.0	284.0
22440	6367	428.0	285.0
22452	6367	431.0	285.0
22464	6367	432.0	285.0
22476	6367	435.0	286.0
22488	6367	438.0	287.0
22500	6367	442.0	286.0
22512	6367	445.0	287.0
22524	6367	448.0	288.0
22536	6367	453.0	288.0
22548	6367	457.0	289.0
22560	6367	462.0	290.0
22572	6367	467.0	290.0
22584	6367	473.0	291.0
22596	6367	480.0	293.0
22608	6367	488.0	294.0
22620	6367	498.0	295.0
22632	6367	509.0	297.0
22644	6367	522.0	299.0
22656	6367	539.0	301.0
22668	6367	560.0	305.0
22680	6367	586.0	308.0
22692	6367	620.0	314.0
22704	6367	669.0	321.0
22716	6367	741.0	333.0
22728	6367	859.0	352.0
22740	6367	997.0	388.0
22344	6368	440.0	287.0
22356	6368	442.0	286.0
22368	6368	446.0	287.0
22380	6368	450.0	289.0
22392	6368	454.0	288.0
22404	6368	458.0	289.0
22416	6368	462.0	290.0
22428	6368	468.0	291.0
22440	6368	475.0	292.0
22452	6368	484.0	294.0
22464	6368	492.0	295.0
22476	6368	504.0	297.0
22488	6368	517.0	299.0
22500	6368	535.0	302.0
22512	6368	557.0	305.0
22524	6368	586.0	310.0
22536	6368	627.0	316.0
22548	6368	689.0	326.0
22560	6368	786.0	342.0
22572	6368	960.0	371.0
22596	6394	444.2857142857143	283.0
22608	6394	447.0	282.0
22620	6394	451.0	284.0
22632	6394	453.0	284.0
22644	6394	455.0	284.0
22656	6394	458.0	283.0
22668	6394	461.0	284.0
22680	6394	464.0	285.0
22692	6394	467.0	285.0
22704	6394	471.0	285.0
22716	6394	476.42857142857144	286.0
22728	6394	480.0	286.0
22740	6394	485.0	286.0
22752	6394	489.0	287.0
22764	6394	496.0	288.0
22776	6394	503.0	288.0
22788	6394	509.0	289.0
22800	6394	517.0	290.0
22812	6394	527.0	290.0
22824	6394	537.0	291.0
22836	6394	549.0	293.0
22848	6394	563.0	294.0
22860	6394	579.0	296.0
22872	6394	600.0	297.0
22884	6394	622.0	300.0
22896	6394	652.0	303.0
22908	6394	690.0	306.0
22920	6394	741.0	311.0
22932	6394	808.0	318.0
22944	6394	906.0	327.0
22956	6394	990.0	341.0
22620	6401	473.22222222222223	286.0
22632	6401	480.0	286.0
22644	6401	484.0	287.0
22656	6401	489.0	287.0
22668	6401	495.0	288.0
22680	6401	501.0	288.0
22692	6401	506.0	289.0
22704	6401	514.0	290.0
22716	6401	523.0	290.0
22728	6401	532.0	292.0
22740	6401	543.0	292.0
22752	6401	554.0	293.0
22764	6401	568.0	295.0
22776	6401	584.0	296.0
22788	6401	603.0	298.0
22800	6401	626.0	300.0
22812	6401	653.0	303.0
22824	6401	689.0	306.0
22836	6401	734.0	310.0
22848	6401	793.0	316.0
22860	6401	877.0	324.0
22872	6401	973.0	335.0
22620	6402	419.0	282.3333333333333
22632	6402	419.0	283.0
22644	6402	421.0	283.0
22656	6402	421.0	283.0
22668	6402	423.0	283.0
22680	6402	425.0	283.0
22692	6402	426.09090909090907	283.0
22704	6402	428.0	284.0
22716	6402	430.0	285.0
22728	6402	432.0	284.0
22740	6402	435.0	284.0
22752	6402	437.0	286.0
22764	6402	440.0	286.0
22776	6402	442.0	287.0
22788	6402	445.0	287.0
22800	6402	449.0	289.0
22812	6402	451.0	288.0
22824	6402	456.0	288.0
22836	6402	461.0	290.0
22848	6402	467.0	290.0
22860	6402	472.0	292.0
22872	6402	480.0	293.0
22884	6402	486.0	294.0
22896	6402	496.0	295.0
22908	6402	507.0	297.0
22920	6402	520.0	299.0
22932	6402	537.0	302.0
22944	6402	558.0	305.0
22956	6402	586.0	309.0
22968	6402	624.0	315.0
22980	6402	678.0	324.0
22992	6402	762.0	337.0
23004	6402	908.0	360.0
22812	6421	420.0	283.0
22824	6421	423.0	283.0
22836	6421	424.0	284.0
22848	6421	428.0	285.0
22860	6421	429.0	285.0
22872	6421	431.0	285.0
22884	6421	431.0	284.0
22896	6421	434.0	285.0
22908	6421	436.0	286.0
22920	6421	439.0	286.0
22932	6421	442.0	287.0
22944	6421	445.0	287.0
22956	6421	448.0	288.0
22968	6421	451.0	289.0
22980	6421	456.0	289.0
22992	6421	460.0	290.0
23004	6421	465.0	290.0
23016	6421	471.0	292.0
23028	6421	477.0	293.0
23040	6421	484.0	293.0
23052	6421	492.0	295.0
23064	6421	502.0	296.0
23076	6421	514.0	298.0
23088	6421	528.0	300.0
23100	6421	545.0	302.0
23112	6421	567.0	306.0
23124	6421	595.0	310.0
23136	6421	632.0	316.0
23148	6421	685.0	324.0
23160	6421	767.0	337.0
23172	6421	902.0	358.0
23184	6421	1009.0	393.0
22848	6425	446.0	284.0
22860	6425	448.0	284.0
22872	6425	453.0	285.0
22884	6425	456.0	285.0
22896	6425	460.0	286.0
22908	6425	466.0	286.0
22920	6425	470.0	286.0
22932	6425	475.0	287.0
22944	6425	480.0	288.0
22956	6425	485.0	288.0
22968	6425	493.0	289.0
22980	6425	500.0	289.0
22992	6425	510.0	291.0
23004	6425	521.0	292.0
23016	6425	532.0	293.0
23028	6425	546.0	296.0
23040	6425	563.0	297.0
23052	6425	585.0	300.0
23064	6425	612.0	303.0
23076	6425	647.0	307.0
23088	6425	694.0	312.0
23100	6425	764.0	321.0
23112	6425	870.0	333.0
23124	6425	989.0	354.0
22968	6447	392.3333333333333	283.3333333333333
22980	6447	393.0	284.0
22992	6447	394.0	283.0
23004	6447	396.0	283.0
23016	6447	398.0	283.0
23028	6447	400.0	283.0
23040	6447	400.0	283.0
23052	6447	401.0833333333333	284.0416666666667
23064	6447	402.0833333333333	284.5416666666667
23076	6447	403.0	285.0
23088	6447	404.0	284.0
23100	6447	406.0	284.0
23112	6447	407.0	285.0
23124	6447	410.0	286.0
23136	6447	411.0	287.0
23148	6447	412.0	287.0
23160	6447	413.0	286.0
23172	6447	416.0	288.0
23184	6447	418.0	288.0
23196	6447	420.0	287.0
23208	6447	422.0	288.0
23220	6447	424.0	289.0
23232	6447	427.0	290.0
23244	6447	430.0	292.0
23256	6447	433.0	292.0
23268	6447	436.0	293.0
23280	6447	440.0	293.0
23292	6447	444.0	294.0
23304	6447	450.0	295.0
23316	6447	456.0	297.0
23328	6447	462.0	298.0
23340	6447	471.0	301.0
23352	6447	481.0	303.0
23364	6447	493.0	306.0
23376	6447	508.0	309.0
23388	6447	527.0	313.0
23400	6447	552.0	319.0
23412	6447	586.0	328.0
23424	6447	635.0	340.0
23436	6447	715.0	360.0
23448	6447	860.0	396.0
23460	6447	1022.0	477.0
23040	6474	457.95454545454544	283.1363636363636
23052	6474	461.77272727272725	283.6818181818182
23064	6474	465.0	285.0
23076	6474	467.0	285.0
23088	6474	470.0	284.0
23100	6474	476.5	285.0
23112	6474	479.0	285.0
23124	6474	484.0	286.0
23136	6474	488.0	287.0
23148	6474	493.0	288.0
23160	6474	499.0	288.0
23172	6474	506.0	288.0
23184	6474	513.0	289.0
23196	6474	520.0	289.0
23208	6474	530.0	291.0
23220	6474	541.0	292.0
23232	6474	551.0	293.0
23244	6474	565.0	294.0
23256	6474	580.0	295.0
23268	6474	598.0	297.0
23280	6474	619.0	300.0
23292	6474	644.0	302.0
23304	6474	677.0	305.0
23316	6474	718.0	309.0
23328	6474	770.0	314.0
23340	6474	843.0	321.0
23352	6474	948.0	331.0
23124	6494	455.0	285.0
23136	6494	458.0	286.0
23148	6494	461.0	286.0
23160	6494	465.0	287.0
23172	6494	469.0	287.0
23184	6494	473.0	288.0
23196	6494	478.0	288.0
23208	6494	485.0	289.0
23220	6494	489.0	290.0
23232	6494	496.0	290.0
23244	6494	503.0	291.0
23256	6494	513.0	292.0
23268	6494	522.0	293.0
23280	6494	533.0	294.0
23292	6494	546.0	296.0
23304	6494	562.0	298.0
23316	6494	580.0	300.0
23328	6494	603.0	303.0
23340	6494	633.0	306.0
23352	6494	671.0	311.0
23364	6494	728.0	317.0
23376	6494	797.0	325.0
23388	6494	902.0	338.0
23400	6494	985.0	360.0
23160	6510	478.0	286.0
23172	6510	483.0	286.0
23184	6510	486.7142857142857	286.0
23196	6510	491.0	286.0
23208	6510	498.0	287.0
23220	6510	503.0	287.0
23232	6510	511.0	289.0
23244	6510	518.0	290.0
23256	6510	527.0	291.0
23268	6510	538.0	291.0
23280	6510	549.0	292.0
23292	6510	562.0	294.0
23304	6510	577.0	295.0
23316	6510	595.0	297.0
23328	6510	617.0	300.0
23340	6510	643.0	301.0
23352	6510	673.9069767441861	304.8139534883721
23364	6510	705.7209302325581	308.4418604651163
23376	6510	737.5348837209302	312.06976744186045
23388	6510	769.3488372093024	315.69767441860466
23400	6510	859.0	324.0
23244	6538	485.0	285.0
23256	6538	489.0	285.0
23268	6538	494.0	286.0
23280	6538	500.0	286.0
23292	6538	506.0	286.0
23304	6538	512.0	287.0
23316	6538	520.0	287.0
23328	6538	527.0	288.0
23340	6538	537.0	289.0
23352	6538	547.0	290.0
23364	6538	558.0	291.0
23376	6538	572.0	292.0
23388	6538	587.0	294.0
23400	6538	605.0	296.0
23412	6538	625.0	297.0
23424	6538	651.0	299.0
23436	6538	675.0	292.0
23448	6538	724.0	301.0
23460	6538	772.0	309.0
23472	6538	834.0	315.0
23484	6538	924.0	323.0
23304	6552	427.5	285.0
23316	6552	428.0	285.0
23328	6552	429.0	286.0
23340	6552	429.0	286.0
23352	6552	430.0	286.0
23364	6552	431.0	287.0
23376	6552	433.0	288.0
23388	6552	433.0	289.0
23400	6552	434.0	289.0
23412	6552	437.0	290.0
23424	6552	439.0	291.0
23436	6552	442.0	292.0
23448	6552	446.0	292.0
23460	6552	450.0	294.0
23472	6552	455.0	296.0
23484	6552	462.0	297.0
23496	6552	469.0	300.0
23508	6552	479.0	302.0
23520	6552	492.0	306.0
23532	6552	508.0	309.0
23544	6552	529.0	315.0
23556	6552	560.0	322.0
23568	6552	605.0	334.0
23580	6552	677.0	351.0
23592	6552	815.0	385.0
23604	6552	1015.0	466.0
23328	6557	408.5	284.0
23340	6557	409.21875	284.03125
23352	6557	410.53125	284.21875
23364	6557	411.84375	284.40625
23376	6557	413.15625	284.59375
23388	6557	414.46875	284.78125
23400	6557	415.78125	284.96875
23412	6557	417.0	285.0
23424	6557	418.0	286.0
23436	6557	419.0	288.0
23448	6557	421.0	288.0
23460	6557	424.0	288.0
23472	6557	426.0	289.0
23484	6557	428.0	290.0
23496	6557	431.0	290.0
23508	6557	434.0	291.0
23520	6557	438.0	292.0
23532	6557	442.0	293.0
23544	6557	446.0	294.0
23556	6557	451.0	296.0
23568	6557	457.0	297.0
23580	6557	464.0	298.0
23592	6557	473.0	301.0
23604	6557	483.0	303.0
23616	6557	497.0	307.0
23628	6557	512.0	310.0
23640	6557	534.0	316.0
23652	6557	563.0	324.0
23664	6557	605.0	335.0
23676	6557	669.0	352.0
23688	6557	786.0	382.0
23700	6557	990.0	453.0
23436	6582	468.0	284.0
23448	6582	472.69565217391306	284.5217391304348
23460	6582	478.0	285.0
23472	6582	483.0	286.0
23484	6582	487.0	287.0
23496	6582	492.0	287.0
23508	6582	498.0	287.0
23520	6582	504.0	288.0
23532	6582	509.0	287.0
23544	6582	514.7142857142857	285.3809523809524
23556	6582	520.0	285.0
23568	6582	532.0	291.0
23580	6582	544.0	292.0
23592	6582	555.0	293.0
23604	6582	568.0	295.0
23616	6582	584.0	296.0
23628	6582	601.0	297.0
23640	6582	621.0	299.0
23652	6582	647.0	302.0
23664	6582	677.0	304.0
23676	6582	718.0	308.0
23688	6582	770.0	314.0
23700	6582	840.0	308.0
23712	6582	945.0	331.0
23724	6582	997.0	344.0
23460	6591	409.0	284.0
23472	6591	410.0	284.0
23484	6591	411.6666666666667	284.3333333333333
23496	6591	413.0	286.0
23508	6591	416.6666666666667	286.0
23520	6591	417.0	286.0
23532	6591	418.0	287.0
23544	6591	419.0	288.0
23556	6591	421.0	288.0
23568	6591	422.0	287.0
23580	6591	424.0	289.0
23592	6591	425.0	289.0
23604	6591	428.0	289.0
23616	6591	431.0	291.0
23628	6591	434.0	291.0
23640	6591	437.0	292.0
23652	6591	440.0	293.0
23664	6591	445.0	295.0
23676	6591	449.0	295.0
23688	6591	454.0	296.0
23700	6591	460.0	298.0
23712	6591	467.0	300.0
23724	6591	474.0	302.0
23736	6591	484.0	304.0
23748	6591	495.0	307.0
23760	6591	510.0	311.0
23772	6591	529.0	315.0
23784	6591	553.0	321.0
23796	6591	586.0	329.0
23808	6591	635.0	341.0
23820	6591	710.0	360.0
23832	6591	850.0	395.0
23844	6591	1016.0	476.0
23568	6636	407.0	285.0
23580	6636	409.0	283.0
23592	6636	409.0	283.0
23604	6636	411.0	285.0
23616	6636	411.38461538461536	285.0
23628	6636	412.0	286.0
23640	6636	413.3636363636364	287.0
23652	6636	415.0	287.0
23664	6636	418.0	287.0
23676	6636	419.0	287.0
23688	6636	420.0	288.0
23700	6636	422.0	288.0
23712	6636	424.0	288.0
23724	6636	426.0	289.0
23736	6636	428.0	290.0
23748	6636	431.0	291.0
23760	6636	434.0	291.0
23772	6636	437.0	292.0
23784	6636	440.0	293.0
23796	6636	445.0	294.0
23808	6636	449.0	295.0
23820	6636	455.0	296.0
23832	6636	461.0	297.0
23844	6636	468.0	300.0
23856	6636	477.0	302.0
23868	6636	488.0	304.0
23880	6636	500.0	307.0
23892	6636	516.0	310.0
23904	6636	537.0	316.0
23916	6636	563.0	322.0
23928	6636	600.0	331.0
23940	6636	653.0	344.0
23952	6636	739.0	365.0
23964	6636	896.0	403.0
23976	6636	1024.0	476.0
23700	6696	399.0	282.0
23712	6696	399.0	283.0
23724	6696	399.0	281.0
23736	6696	400.0	283.0
23748	6696	400.0	283.0
23760	6696	401.375	283.0
23772	6696	402.875	283.0
23784	6696	403.4166666666667	284.0
23796	6696	404.4166666666667	284.0
23808	6696	405.0	283.3333333333333
23820	6696	408.0	285.0
23832	6696	408.0	285.0
23844	6696	409.0	285.0
23856	6696	411.0	285.0
23868	6696	412.0	284.0
23880	6696	414.0	286.0
23892	6696	415.6666666666667	287.0
23904	6696	418.0	287.0
23916	6696	421.0	286.0
23928	6696	423.0	288.0
23940	6696	426.0	288.0
23952	6696	427.0	288.0
23964	6696	430.0	289.0
23976	6696	434.0	289.0
23988	6696	438.0	289.0
24000	6696	443.0	291.0
24012	6696	448.0	291.0
24024	6696	452.0	293.0
24036	6696	459.0	294.0
24048	6696	465.0	295.0
24060	6696	474.0	297.0
24072	6696	483.0	298.0
24084	6696	493.0	300.0
24096	6696	508.0	303.0
24108	6696	524.0	306.0
24120	6696	544.0	309.0
24132	6696	571.0	314.0
24144	6696	607.0	321.0
24156	6696	658.0	330.0
24168	6696	737.0	344.0
24180	6696	866.0	368.0
24192	6696	1008.0	417.0
23832	6749	443.0	287.0
23844	6749	445.0	287.0
23856	6749	449.0	288.0
23868	6749	454.0	289.0
23880	6749	459.0	289.0
23892	6749	465.0	290.0
23904	6749	470.0	291.0
23916	6749	477.0	293.0
23928	6749	484.0	293.0
23940	6749	491.0	294.0
23952	6749	501.0	296.0
23964	6749	511.0	297.0
23976	6749	524.0	299.0
23988	6749	538.0	302.0
24000	6749	555.0	304.0
24012	6749	578.0	308.0
24024	6749	606.0	312.0
24036	6749	643.0	318.0
24048	6749	695.0	326.0
24060	6749	772.0	339.0
24072	6749	898.0	360.0
24084	6749	1005.0	398.0
24108	6811	446.0	284.0
24120	6811	451.4	284.73333333333335
24132	6811	454.0	286.0
24144	6811	458.5	286.0
24156	6811	465.0	286.0
24168	6811	468.0	287.0
24180	6811	472.0	288.0
24192	6811	477.0	288.0
24204	6811	483.0	290.0
24216	6811	489.0	290.0
24228	6811	496.0	291.0
24240	6811	505.0	292.0
24252	6811	514.0	293.0
24264	6811	524.0	294.0
24276	6811	536.0	295.0
24288	6811	552.0	297.0
24300	6811	572.0	300.0
24312	6811	594.0	302.0
24324	6811	622.0	306.0
24336	6811	659.0	310.0
24348	6811	708.0	316.0
24360	6811	780.0	325.0
24372	6811	889.0	339.0
24384	6811	996.0	362.0
24192	6836	446.0	282.0
24204	6836	448.0	281.5
24216	6836	449.0	282.0
24228	6836	452.0	283.0
24240	6836	453.0	283.0
24252	6836	458.0	283.0
24264	6836	458.0	283.0
24276	6836	462.0	283.0
24288	6836	465.0	284.0
24300	6836	469.0	285.0
24312	6836	472.0	285.0
24324	6836	475.0	285.0
24336	6836	479.0	285.0
24348	6836	483.0	286.0
24360	6836	488.0	286.0
24372	6836	493.0	287.0
24384	6836	499.0	287.0
24396	6836	503.0	288.0
24408	6836	510.0	288.0
24420	6836	518.0	290.0
24432	6836	527.0	290.0
24444	6836	535.0	291.0
24456	6836	546.0	292.0
24468	6836	559.0	293.0
24480	6836	572.0	295.0
24492	6836	589.0	297.0
24504	6836	608.0	298.0
24516	6836	630.0	300.0
24528	6836	660.0	303.0
24540	6836	694.0	306.0
24552	6836	739.0	311.0
24564	6836	800.0	318.0
24576	6836	880.0	325.0
24588	6836	964.0	334.0
24600	6836	987.0	338.0
24612	6836	986.0	333.0
24624	6836	995.0	341.0
24228	6848	420.0	283.0
24240	6848	420.0	283.0
24252	6848	420.0	283.0
24264	6848	421.0	283.0
24276	6848	423.0	283.0
24288	6848	422.0	283.0
24300	6848	423.0	283.0
24312	6848	423.0	283.0
24324	6848	425.0	283.0
24336	6848	426.0	284.0
24348	6848	428.0	284.0
24360	6848	429.0	285.0
24372	6848	430.0	285.0
24384	6848	433.0	284.0
24396	6848	434.0	286.0
24408	6848	436.0	286.0
24420	6848	439.0	286.0
24432	6848	442.0	287.0
24444	6848	444.0	287.0
24456	6848	448.0	288.0
24468	6848	451.0	288.0
24480	6848	455.0	289.0
24492	6848	460.0	289.0
24504	6848	465.0	291.0
24516	6848	471.0	292.0
24528	6848	478.0	293.0
24540	6848	487.0	294.0
24552	6848	495.0	296.0
24564	6848	506.0	297.0
24576	6848	520.0	300.0
24588	6848	537.0	302.0
24600	6848	558.0	306.0
24612	6848	585.0	310.0
24624	6848	623.0	317.0
24636	6848	676.0	325.0
24648	6848	758.0	339.0
24660	6848	896.0	361.0
24672	6848	1013.0	399.0
24264	6859	494.0	285.0
24276	6859	496.0	286.0
24288	6859	500.0	285.0
24300	6859	506.0	286.0
24312	6859	512.0	287.0
24324	6859	517.0	288.0
24336	6859	526.0	288.0
24348	6859	536.0	289.0
24360	6859	545.0	290.0
24372	6859	555.0	291.0
24384	6859	567.0	292.0
24396	6859	580.0	293.0
24408	6859	596.0	294.0
24420	6859	615.0	296.0
24432	6859	636.0	298.0
24444	6859	663.0	301.0
24456	6859	693.0	303.0
24468	6859	732.0	306.0
24480	6859	781.0	311.0
24492	6859	848.0	316.0
24504	6859	937.0	324.0
24504	6906	417.0	283.0
24516	6906	418.0	283.0
24528	6906	420.0	283.0
24540	6906	421.0	283.0
24552	6906	422.0	284.0
24564	6906	423.1578947368421	283.0263157894737
24576	6906	425.05263157894734	283.3421052631579
24588	6906	426.94736842105266	283.6578947368421
24600	6906	428.8421052631579	283.9736842105263
24612	6906	430.0	285.0
24624	6906	431.0	285.0
24636	6906	432.0	284.0
24648	6906	435.0	286.0
24660	6906	437.0	286.0
24672	6906	438.6666666666667	286.0
24684	6906	442.0	287.0
24696	6906	445.0	287.0
24708	6906	448.0	288.0
24720	6906	451.0	288.0
24732	6906	455.0	289.0
24744	6906	458.0	289.0
24756	6906	463.0	289.0
24768	6906	468.0	291.0
24780	6906	473.0	292.0
24792	6906	479.0	293.0
24804	6906	485.0	293.0
24816	6906	493.0	294.0
24828	6906	502.0	296.0
24840	6906	513.0	297.0
24852	6906	526.0	300.0
24864	6906	541.0	302.0
24876	6906	559.0	304.0
24888	6906	581.0	308.0
24900	6906	611.0	313.0
24912	6906	650.0	320.0
24924	6906	705.0	328.0
24936	6906	789.0	342.0
24948	6906	931.0	365.0
24960	6906	1009.0	395.0
24516	6911	452.0	285.0
24528	6911	457.0	286.0
24540	6911	461.0	286.0
24552	6911	465.0	286.0
24564	6911	468.0	287.0
24576	6911	474.0	288.0
24588	6911	479.0	288.0
24600	6911	483.0	289.0
24612	6911	489.0	290.0
24624	6911	494.0	290.0
24636	6911	501.0	291.0
24648	6911	509.0	292.0
24660	6911	518.0	293.0
24672	6911	529.0	295.0
24684	6911	540.0	296.0
24696	6911	554.0	297.0
24708	6911	570.0	299.0
24720	6911	593.0	301.0
24732	6911	616.0	304.0
24744	6911	644.0	307.0
24756	6911	683.0	312.0
24768	6911	732.0	318.0
24780	6911	816.0	326.0
24792	6911	911.0	339.0
24804	6911	1003.0	360.0
24540	6918	440.5	284.0
24552	6918	442.0	284.0
24564	6918	445.0	285.0
24576	6918	446.0	284.0
24588	6918	449.90909090909093	284.0
24600	6918	453.0	285.0
24612	6918	455.0	285.0
24624	6918	460.0	286.0
24636	6918	462.75	285.25
24648	6918	466.0	287.0
24660	6918	470.0	287.0
24672	6918	475.0	288.0
24684	6918	480.0	288.0
24696	6918	485.0	290.0
24708	6918	491.0	290.0
24720	6918	497.0	291.0
24732	6918	505.0	292.0
24744	6918	512.0	293.0
24756	6918	522.0	294.0
24768	6918	532.0	295.0
24780	6918	545.0	296.0
24792	6918	560.0	298.0
24804	6918	577.0	300.0
24816	6918	598.0	302.0
24828	6918	622.0	306.0
24840	6918	654.0	309.0
24852	6918	695.0	314.0
24864	6918	752.0	321.0
24876	6918	828.0	330.0
24888	6918	945.0	343.0
24600	6934	417.0	284.0
24612	6934	417.0	283.0
24624	6934	418.0	283.0
24636	6934	419.0	283.0
24648	6934	419.0	283.0
24660	6934	420.0	283.0
24672	6934	422.0	283.0
24684	6934	423.0	283.0
24696	6934	424.0	284.0
24708	6934	427.0	284.0
24720	6934	428.0	285.0
24732	6934	430.0	285.0
24744	6934	432.0	285.0
24756	6934	433.0	286.0
24768	6934	435.0	286.0
24780	6934	438.0	287.0
24792	6934	440.0	287.0
24804	6934	442.0	287.0
24816	6934	445.0	288.0
24828	6934	448.0	288.0
24840	6934	451.0	288.0
24852	6934	455.0	289.0
24864	6934	459.0	289.0
24876	6934	463.0	290.0
24888	6934	468.0	291.0
24900	6934	473.0	292.0
24912	6934	479.0	293.0
24924	6934	485.0	294.0
24936	6934	493.0	295.0
24948	6934	502.0	296.0
24960	6934	512.0	298.0
24972	6934	524.0	300.0
24984	6934	539.0	302.0
24996	6934	558.0	305.0
25008	6934	581.0	309.0
25020	6934	611.0	313.0
25032	6934	649.0	320.0
25044	6934	704.5	329.0
25056	6934	787.0	343.0
25068	6934	927.0	366.0
25080	6934	1010.0	399.0
24768	6955	395.14285714285717	283.0
24780	6955	396.0	283.0
24792	6955	397.0	283.0
24804	6955	397.6666666666667	283.0
24816	6955	397.0	283.0
24828	6955	399.0	283.0
24840	6955	399.0	283.0
24852	6955	400.0	283.0
24864	6955	401.0	283.0
24876	6955	401.0	284.0
24888	6955	402.0	284.0
24900	6955	403.0	284.0
24912	6955	403.0	284.0
24924	6955	405.0	284.0
24936	6955	407.0	284.0
24948	6955	408.0	285.0
24960	6955	409.0	285.0
24972	6955	410.0	285.0
24984	6955	412.0	285.0
24996	6955	413.0	286.0
25008	6955	416.0	287.0
25020	6955	417.0	287.0
25032	6955	418.0	287.0
25044	6955	420.0	287.0
25056	6955	422.0	288.0
25068	6955	425.0	289.0
25080	6955	427.0	289.0
25092	6955	430.0	290.0
25104	6955	432.0	290.0
25116	6955	436.0	291.0
25128	6955	440.0	293.0
25140	6955	445.0	294.0
25152	6955	449.0	295.0
25164	6955	454.0	296.0
25176	6955	461.0	298.0
25188	6955	469.0	300.0
25200	6955	480.0	303.0
25212	6955	493.0	306.0
25224	6955	510.0	310.0
25236	6955	533.0	315.0
25248	6955	563.0	323.0
25260	6955	610.0	335.0
25272	6955	683.0	354.0
25284	6955	830.0	392.0
25296	6955	1026.0	484.0
24804	6971	462.5	284.5
24816	6971	466.0	285.0
24828	6971	470.0	284.5
24840	6971	473.14285714285717	284.2857142857143
24852	6971	478.0	285.0
24864	6971	482.0	286.0
24876	6971	486.1111111111111	286.0
24888	6971	492.0	287.0
24900	6971	499.0	288.0
24912	6971	505.0	289.0
24924	6971	512.0	289.0
24936	6971	521.0	290.0
24948	6971	530.0	291.0
24960	6971	542.0	292.0
24972	6971	555.0	293.0
24984	6971	570.0	295.0
24996	6971	588.0	296.0
25008	6971	610.0	299.0
25020	6971	637.0	302.0
25032	6971	671.0	304.0
25044	6971	716.0	307.0
24828	6976	431.0	283.0
24840	6976	433.0	284.0
24852	6976	435.0	285.0
24864	6976	435.0	285.0
24876	6976	436.0	284.0
24888	6976	438.63157894736844	284.5263157894737
24900	6976	441.42857142857144	285.42857142857144
24912	6976	443.0	287.0
24924	6976	446.0	287.0
24936	6976	448.0	287.0
24948	6976	451.0	289.0
24960	6976	454.0	288.0
24972	6976	456.0	288.0
24984	6976	459.0	289.0
24996	6976	463.0	290.0
25008	6976	467.0	290.0
25020	6976	472.0	292.0
25032	6976	478.0	293.0
25044	6976	484.0	293.0
25056	6976	491.0	295.0
25068	6976	499.0	295.0
25080	6976	509.0	297.0
25092	6976	522.0	299.0
25104	6976	535.0	301.0
25116	6976	552.0	304.0
25128	6976	572.0	307.0
25140	6976	598.0	311.0
25152	6976	632.0	316.0
25164	6976	677.0	324.0
25176	6976	742.0	334.0
25188	6976	840.0	350.0
25200	6976	977.0	378.0
24984	7006	445.0	284.0
24996	7006	446.0	284.0
25008	7006	449.0769230769231	283.61538461538464
25020	7006	453.0	284.0
25032	7006	455.0	285.0
25044	7006	458.0	286.0
25056	7006	461.57894736842104	286.0
25068	7006	464.7368421052632	286.0
25080	7006	466.0	286.0
25092	7006	471.0	287.0
25104	7006	475.0	288.0
25116	7006	479.0	288.0
25128	7006	483.0	289.0
25140	7006	489.0	290.0
25152	7006	496.0	291.0
25164	7006	502.0	291.0
25176	7006	510.0	292.0
25188	7006	519.0	293.0
25200	7006	530.0	295.0
25212	7006	541.0	295.0
25224	7006	554.0	297.0
25236	7006	570.0	298.0
25248	7006	591.0	301.0
25260	7006	616.0	304.0
25272	7006	635.0	297.8
25284	7006	677.0	311.0
25296	7006	732.0	317.0
25308	7006	800.0	325.0
25320	7006	899.0	337.0
25332	7006	988.0	353.0
25128	7057	469.0	285.0
25140	7057	472.46153846153845	285.0769230769231
25152	7057	478.0	286.0
25164	7057	482.0	287.0
25176	7057	487.0	286.0
25188	7057	493.0	287.0
25200	7057	501.2	288.0
25212	7057	509.0	289.0
25224	7057	516.0	290.0
25236	7057	526.4615384615385	291.1923076923077
25248	7057	534.7692307692307	291.65384615384613
25260	7057	547.0	293.0
25272	7057	565.0	294.0
25284	7057	583.0	296.0
25296	7057	605.0	298.0
25308	7057	630.0	301.0
25320	7057	664.0	304.0
25332	7057	707.0	308.0
25344	7057	764.0	313.0
25356	7057	846.0	322.0
25368	7057	961.0	334.0
25200	7079	427.0	282.0
25212	7079	427.0	282.0
25224	7079	429.0	283.0
25236	7079	431.0	283.0
25248	7079	431.0	283.0
25260	7079	432.0	283.0
25272	7079	433.0	283.0
25284	7079	435.0	283.0
25296	7079	437.0	283.0
25308	7079	438.0	283.0
25320	7079	440.0	283.0
25332	7079	443.0	283.0
25344	7079	445.0	284.0
25356	7079	447.0	285.0
25368	7079	449.0	285.0
25380	7079	452.0	285.0
25392	7079	455.0	284.0
25404	7079	458.0	286.0
25416	7079	462.0	286.0
25428	7079	466.0	286.0
25440	7079	469.0	286.0
25452	7079	475.0	288.0
25464	7079	479.0	288.0
25476	7079	484.0	288.0
25488	7079	490.0	289.0
25500	7079	497.0	289.0
25512	7079	505.0	292.0
25524	7079	512.0	292.0
25536	7079	522.0	293.0
25548	7079	532.0	294.0
25560	7079	545.0	295.0
25572	7079	559.0	297.0
25584	7079	577.0	299.0
25596	7079	597.0	302.0
25608	7079	623.0	304.0
25620	7079	655.0	308.0
25632	7079	696.0	313.0
25644	7079	752.0	319.0
25656	7079	831.0	328.0
25668	7079	951.0	342.0
25320	7125	417.0	283.0
25332	7125	417.0	283.0
25344	7125	418.0	283.0
25356	7125	419.0	283.0
25368	7125	420.0	283.0
25380	7125	421.0	283.0
25392	7125	422.0	282.0
25404	7125	424.0	283.0
25416	7125	426.0	284.0
25428	7125	428.0	285.0
25440	7125	428.0	285.0
25452	7125	430.0	285.0
25464	7125	432.0	285.0
25476	7125	434.0	285.0
25488	7125	436.0	286.0
25500	7125	440.0	286.0
25512	7125	442.0	287.0
25524	7125	445.0	288.0
25536	7125	448.0	288.0
25548	7125	451.0	289.0
25560	7125	455.0	290.0
25572	7125	460.0	290.0
25584	7125	465.0	292.0
25596	7125	470.0	293.0
25608	7125	477.0	293.0
25620	7125	484.0	295.0
25632	7125	493.0	296.0
25644	7125	502.0	297.0
25656	7125	515.0	299.0
25668	7125	529.0	302.0
25680	7125	548.0	305.0
25692	7125	570.0	309.0
25704	7125	600.0	313.0
25716	7125	639.0	320.0
25728	7125	697.0	330.0
25740	7125	785.0	345.0
25752	7125	936.0	371.0
25476	7174	467.0	284.0
25488	7174	470.0	285.0
25500	7174	476.0	285.0
25512	7174	479.0	286.0
25524	7174	484.0	286.0
25536	7174	488.0	287.0
25548	7174	494.0	288.0
25560	7174	499.0	288.0
25572	7174	508.0	289.0
25584	7174	515.0	290.0
25596	7174	525.0	291.0
25608	7174	534.0	292.0
25620	7174	546.0	292.0
25632	7174	559.0	294.0
25644	7174	575.0	296.0
25656	7174	594.0	298.0
25668	7174	617.0	300.0
25680	7174	645.0	302.0
25692	7174	681.0	306.0
25704	7174	728.0	310.0
25716	7174	791.0	316.0
25728	7174	881.0	325.0
25740	7174	978.0	337.0
25524	7188	407.0	283.0
25536	7188	409.0	283.0
25548	7188	409.0	282.0
25560	7188	411.0	283.0
25572	7188	412.51724137931035	283.37931034482756
25584	7188	414.17241379310343	283.7931034482759
25596	7188	415.0	284.0
25608	7188	417.0	283.0
25620	7188	418.0	283.0
25632	7188	421.0	283.0
25644	7188	422.0	284.0
25656	7188	424.0	285.0
25668	7188	425.6666666666667	285.0
25680	7188	428.0	284.0
25692	7188	430.0	285.0
25704	7188	432.0	285.0
25716	7188	435.0	287.0
25728	7188	437.0	286.0
25740	7188	440.0	286.0
25752	7188	443.0	288.0
25764	7188	444.0	288.0
25776	7188	448.0	288.0
25788	7188	451.0	289.0
25800	7188	455.0	290.0
25812	7188	458.0	289.0
25824	7188	463.0	291.0
25836	7188	470.0	292.0
25848	7188	475.0	293.0
25860	7188	482.0	294.0
25872	7188	490.0	295.0
25884	7188	499.0	296.0
25896	7188	511.0	299.0
25908	7188	524.0	300.0
25920	7188	540.0	303.0
25932	7188	561.0	306.0
25944	7188	588.0	311.0
25956	7188	623.0	316.0
25968	7188	672.0	324.0
25980	7188	744.0	336.0
25992	7188	861.0	355.0
26004	7188	997.0	393.0
25632	7219	456.0	283.0
25644	7219	458.0	283.0
25656	7219	460.75	283.25
25668	7219	464.0	285.0
25680	7219	466.0	285.0
25692	7219	469.0	285.0
25704	7219	473.14285714285717	285.0
25716	7219	478.0	285.0
25728	7219	481.0	286.0
25740	7219	484.0	286.0
25752	7219	489.8	286.0
25764	7219	497.0	288.0
25776	7219	502.0	288.0
25788	7219	509.0	289.0
25800	7219	518.0	290.0
25812	7219	527.0	290.0
25824	7219	539.0	292.0
25836	7219	549.0	293.0
25848	7219	564.0	294.0
25860	7219	581.0	295.0
25872	7219	601.0	298.0
25884	7219	626.0	300.0
25896	7219	657.0	303.0
25908	7219	696.0	307.0
25920	7219	749.0	312.0
25932	7219	821.0	319.0
25944	7219	927.0	330.0
25668	7229	397.0	282.0
25680	7229	398.4	282.3
25692	7229	399.0	282.0
25704	7229	399.0	282.0
25716	7229	399.0	281.0
25728	7229	401.0	282.0
25740	7229	401.0	281.0
25752	7229	401.0	282.0
25764	7229	402.0	283.0
25776	7229	405.0	284.0
25788	7229	407.0	284.0
25800	7229	408.0	284.0
25812	7229	410.0	284.0
25824	7229	410.0	284.0
25836	7229	412.0	284.0
25848	7229	415.0	285.0
25860	7229	417.0	285.0
25872	7229	419.0	285.0
25884	7229	422.0	285.0
25896	7229	425.0	286.0
25908	7229	427.0	286.0
25920	7229	429.0	287.0
25932	7229	433.0	287.0
25944	7229	436.0	287.0
25956	7229	439.0	288.0
25968	7229	444.0	288.0
25980	7229	448.0	289.0
25992	7229	452.0	290.0
26004	7229	458.0	290.0
26016	7229	463.0	291.0
26028	7229	470.0	292.0
26040	7229	477.0	293.0
26052	7229	485.0	294.0
26064	7229	493.0	296.0
26076	7229	504.0	297.0
26088	7229	515.0	299.0
26100	7229	529.0	300.0
26112	7229	547.0	303.0
26124	7229	568.0	307.0
26136	7229	594.0	311.0
26148	7229	628.0	316.0
26160	7229	675.0	324.0
26172	7229	741.0	335.0
26184	7229	845.0	352.0
26196	7229	982.0	382.0
25728	7241	418.0	284.0
25740	7241	420.7647058823529	284.0
25752	7241	423.0	284.0
25764	7241	424.0	285.0
25776	7241	426.1333333333333	286.0
25788	7241	430.0	286.0
25800	7241	434.0	286.0
25812	7241	438.0	288.0
25824	7241	442.0	288.0
25836	7241	444.0	288.0
25848	7241	449.0	289.0
25860	7241	454.0	290.0
25872	7241	459.0	291.0
25884	7241	465.0	292.0
25896	7241	471.0	293.0
25908	7241	480.0	295.0
25920	7241	489.0	296.0
25932	7241	499.0	298.0
25944	7241	511.0	300.0
25956	7241	526.0	301.0
25968	7241	545.0	305.0
25980	7241	568.0	309.0
25992	7241	598.0	314.0
26004	7241	639.0	321.0
26016	7241	699.0	331.0
26028	7241	790.0	347.0
26040	7241	948.0	373.0
26052	7328	458.0	283.0
26064	7328	463.0	283.0
26076	7328	463.0	283.0
26088	7328	466.0	283.0
26100	7328	469.0	283.0
26112	7328	472.45454545454544	283.3636363636364
26124	7328	476.0	285.0
26136	7328	479.0	284.0
26148	7328	484.0	284.0
26160	7328	488.42857142857144	284.85714285714283
26172	7328	495.0	286.0
26184	7328	500.0	286.0
26196	7328	505.0	286.0
26208	7328	511.0	287.0
26220	7328	520.0	287.0
26232	7328	527.0	289.0
26244	7328	538.0	290.0
26256	7328	547.0	291.0
26268	7328	559.0	292.0
26280	7328	573.0	292.0
26292	7328	588.0	294.0
26304	7328	607.0	296.0
26316	7328	629.0	298.0
26328	7328	655.0	300.0
26340	7328	688.0	303.0
26352	7328	731.0	307.0
26364	7328	785.0	311.0
26376	7328	860.0	317.0
26388	7328	960.0	327.0
26208	7374	441.0	283.0
26220	7374	442.0	283.0
26232	7374	444.0	284.0
26244	7374	445.0	285.0
26256	7374	447.0	285.0
26268	7374	450.2142857142857	285.0
26280	7374	452.0	284.0
26292	7374	456.0	285.0
26304	7374	458.0	286.0
26316	7374	462.0	286.0
26328	7374	466.0	287.0
26340	7374	469.0	287.0
26352	7374	475.0	288.0
26364	7374	479.0	288.0
26376	7374	485.0	289.0
26388	7374	490.0	290.0
26400	7374	498.0	291.0
26412	7374	505.0	292.0
26424	7374	513.0	293.0
26436	7374	523.0	294.0
26448	7374	534.0	296.0
26460	7374	547.0	297.0
26472	7374	562.0	298.0
26484	7374	581.0	301.0
26496	7374	603.0	303.0
26508	7374	632.0	307.0
26520	7374	668.0	311.0
26532	7374	718.0	317.0
26544	7374	787.0	325.0
26556	7374	889.0	337.0
26568	7374	988.0	358.0
26256	7385	464.25	285.0
26268	7385	467.0	285.0
26280	7385	469.0	284.0
26292	7385	474.22222222222223	285.0
26304	7385	479.0	286.0
26316	7385	483.0	286.0
26328	7385	486.875	286.375
26340	7385	493.6666666666667	287.6666666666667
26352	7385	498.0	288.0
26364	7385	503.0	288.0
26376	7385	511.0	289.0
26388	7385	518.0	290.0
26400	7385	527.0	291.0
26412	7385	538.0	292.0
26424	7385	548.0	293.0
26436	7385	561.0	294.0
26448	7385	577.0	295.0
26460	7385	594.0	297.0
26472	7385	615.0	299.0
26484	7385	641.0	301.0
26496	7385	675.0	305.0
26508	7385	717.0	309.0
26520	7385	772.0	315.0
26532	7385	849.0	322.0
26544	7385	959.0	334.0
26328	7392	428.0	284.0
26340	7392	430.0	285.0
26352	7392	432.0	284.0
26364	7392	434.0	285.0
26376	7392	436.0	286.0
26388	7392	439.0	286.0
26400	7392	442.0	287.0
26412	7392	445.0	288.0
26424	7392	449.0	288.0
26436	7392	452.0	288.0
26448	7392	456.0	290.0
26460	7392	461.0	289.0
26472	7392	468.0	292.0
26484	7392	473.0	292.0
26496	7392	480.0	294.0
26508	7392	488.0	295.0
26520	7392	498.0	296.0
26532	7392	509.0	298.0
26544	7392	524.0	300.0
26556	7392	541.0	303.0
26568	7392	564.0	307.0
26580	7392	592.0	312.0
26592	7392	633.0	318.0
26604	7392	691.0	328.0
26616	7392	783.0	344.0
26628	7392	949.0	372.0
26436	7407	404.0	283.0
26448	7407	405.0	283.0
26460	7407	405.0	283.0
26472	7407	406.0	284.0
26484	7407	406.0	284.0
26496	7407	406.0	284.0
26508	7407	408.0	283.0
26520	7407	409.0	283.0
26532	7407	410.0	285.0
26544	7407	412.0	285.0
26556	7407	412.0	285.0
26568	7407	412.0	285.0
26580	7407	413.0	286.0
26592	7407	414.0	286.0
26604	7407	414.0	286.0
26616	7407	416.0	286.0
26628	7407	418.0	287.0
26640	7407	418.0	286.0
26652	7407	420.0	287.0
26664	7407	420.0	287.0
26676	7407	423.0	288.0
26688	7407	425.0	288.0
26700	7407	426.0	288.0
26712	7407	429.0	289.0
26724	7407	432.0	289.0
26736	7407	433.0	290.0
26748	7407	436.0	291.0
26760	7407	439.0	291.0
26772	7407	442.0	293.0
26784	7407	445.0	293.0
26796	7407	449.0	294.0
26808	7407	454.0	295.0
26820	7407	459.0	296.0
26832	7407	465.0	297.0
26844	7407	471.0	298.0
26856	7407	479.0	300.0
26868	7407	488.0	302.0
26880	7407	500.0	305.0
26892	7407	514.0	309.0
26904	7407	530.0	312.0
26916	7407	549.0	317.0
26928	7407	579.0	324.0
26940	7407	614.0	334.0
26952	7407	668.0	347.0
26964	7407	755.0	367.0
26976	7407	918.0	407.0
26988	7407	1016.0	478.0
26484	7419	444.0	286.0
26496	7419	445.0	287.0
26508	7419	449.0	288.0
26520	7419	452.0	289.0
26532	7419	456.0	289.0
26544	7419	461.0	290.0
26556	7419	466.0	290.0
26568	7419	472.0	292.0
26580	7419	478.0	293.0
26592	7419	485.0	293.0
26604	7419	493.0	295.0
26616	7419	501.0	296.0
26628	7419	513.0	298.0
26640	7419	525.0	300.0
26652	7419	540.0	302.0
26664	7419	559.0	305.0
26676	7419	584.0	309.0
26688	7419	614.0	313.0
26700	7419	657.0	321.0
26712	7419	716.0	330.0
26724	7419	808.0	345.0
26736	7419	956.0	369.0
26508	7427	431.0	284.0
26520	7427	432.0	284.0
26532	7427	435.0	285.0
26544	7427	435.0	286.0
26556	7427	438.0	286.0
26568	7427	440.0	286.0
26580	7427	442.0	287.0
26592	7427	444.0	288.0
26604	7427	447.0	288.0
26616	7427	450.0	289.0
26628	7427	454.0	290.0
26640	7427	457.0	289.0
26652	7427	462.0	291.0
26664	7427	467.0	292.0
26676	7427	473.0	293.0
26688	7427	481.0	294.0
26700	7427	488.0	295.0
26712	7427	498.0	297.0
26724	7427	508.0	299.0
26736	7427	521.0	301.0
26748	7427	536.0	303.0
26760	7427	555.0	306.0
26772	7427	580.0	310.0
26784	7427	612.0	315.0
26796	7427	653.0	322.0
26808	7427	715.0	333.0
26820	7427	812.0	349.0
26832	7427	965.0	377.0
26652	7457	442.0	285.0
26664	7457	445.0	285.0
26676	7457	446.0	284.0
26688	7457	449.46153846153845	285.0
26700	7457	453.0	286.0
26712	7457	456.0	286.0
26724	7457	459.0	286.0
26736	7457	464.0	287.0
26748	7457	467.0	288.0
26760	7457	472.0	288.0
26772	7457	477.0	289.0
26784	7457	482.0	289.0
26796	7457	488.0	290.0
26808	7457	495.0	291.0
26820	7457	502.0	292.0
26832	7457	510.0	293.0
26844	7457	520.0	295.0
26856	7457	531.0	296.0
26868	7457	544.0	297.0
26880	7457	558.0	298.0
26892	7457	576.0	301.0
26904	7457	598.0	303.0
26916	7457	625.0	307.0
26928	7457	660.0	311.0
26940	7457	706.0	316.0
26952	7457	767.0	324.0
26964	7457	860.0	336.0
26976	7457	988.0	353.0
26676	7468	405.0	283.0
26688	7468	406.0	283.0
26700	7468	406.0	283.0
26712	7468	407.0	283.0
26724	7468	409.0	284.0
26736	7468	409.0	284.0
26748	7468	410.0	285.0
26760	7468	410.6363636363636	285.0
26772	7468	413.0	285.0
26784	7468	413.0	285.0
26796	7468	413.0	285.75
26808	7468	413.0	287.0
26820	7468	416.8695652173913	286.0
26832	7468	418.95652173913044	286.0
26844	7468	420.0	286.0
26856	7468	420.0	286.0
26868	7468	421.0	288.0
26880	7468	422.0	288.0
26892	7468	425.0	288.0
26904	7468	426.0	289.0
26916	7468	427.0	289.0
26928	7468	432.0	291.0
26940	7468	435.0	292.0
26952	7468	438.0	292.0
26964	7468	443.0	293.0
26976	7468	447.0	294.0
26988	7468	452.0	295.0
27000	7468	459.0	296.0
27012	7468	466.0	298.0
27024	7468	475.0	300.0
27036	7468	486.0	302.0
27048	7468	501.0	305.0
27060	7468	519.0	309.0
27072	7468	542.0	313.0
27084	7468	574.0	319.0
27096	7468	618.0	328.0
27108	7468	684.0	341.0
27120	7468	793.0	363.0
27132	7468	972.0	402.0
26880	7519	406.0	283.0
26892	7519	407.0	283.0
26904	7519	406.0	283.0
26916	7519	407.0	284.0
26928	7519	408.0	284.0
26940	7519	410.0	285.0
26952	7519	411.75	285.0
26964	7519	411.0	285.0
26976	7519	412.0	285.0
26988	7519	413.0	286.0
27000	7519	414.0	286.0
27012	7519	416.0	287.0
27024	7519	416.0	286.0
27036	7519	419.0	287.0
27048	7519	420.0	287.0
27060	7519	421.0	288.0
27072	7519	423.0	288.0
27084	7519	425.0	288.0
27096	7519	427.0	289.0
27108	7519	430.0	289.0
27120	7519	433.0	290.0
27132	7519	436.0	291.0
27144	7519	440.0	291.0
27156	7519	445.0	292.0
27168	7519	450.0	292.0
27180	7519	456.0	294.0
27192	7519	461.0	295.0
27204	7519	468.0	296.0
27216	7519	476.0	297.0
27228	7519	486.0	299.0
27240	7519	497.0	301.0
27252	7519	509.0	303.0
27264	7519	525.0	305.0
27276	7519	543.0	308.0
27288	7519	566.0	312.0
27300	7519	596.0	316.0
27312	7519	635.0	324.0
27324	7519	689.0	333.0
27336	7519	768.0	347.0
27348	7519	898.0	369.0
27360	7519	1007.0	412.0
26928	7532	480.0	286.0
26940	7532	482.0	285.0
26952	7532	488.0	285.25
26964	7532	493.0	286.0
26976	7532	499.0	287.0
26988	7532	504.0	287.0
27000	7532	510.0	288.0
27012	7532	517.0	288.0
27024	7532	527.0	289.0
27036	7532	538.0	290.0
27048	7532	546.0	291.0
27060	7532	559.0	292.0
27072	7532	574.0	293.0
27084	7532	591.0	295.0
27096	7532	609.84	295.72
27108	7532	629.52	297.16
27120	7532	655.0	299.0
27132	7532	696.0	303.0
27144	7532	745.0	309.0
27156	7532	806.0	314.0
27168	7532	889.0	319.0
27180	7532	979.0	329.0
27048	7575	439.0	283.0
27060	7575	441.0	283.0
27072	7575	443.6666666666667	284.0
27084	7575	446.0	285.0
27096	7575	447.55555555555554	285.0
27108	7575	450.8888888888889	285.0
27120	7575	453.0	285.0
27132	7575	456.0	286.0
27144	7575	459.0	286.0
27156	7575	463.0	286.0
27168	7575	466.0	287.0
27180	7575	470.0	286.0
27192	7575	474.0	287.0
27204	7575	479.0	288.0
27216	7575	484.0	287.0
27228	7575	489.75	288.3
27240	7575	494.75	288.7
27252	7575	499.75	289.1
27264	7575	504.75	289.5
27276	7575	509.75	289.9
27288	7575	520.0	293.0
27300	7575	533.0	294.0
27312	7575	547.0	296.0
27324	7575	561.0	297.0
27336	7575	577.0	299.0
27348	7575	597.0	302.0
27360	7575	620.0	304.0
27372	7575	650.0	308.0
27384	7575	686.0	312.0
27060	7579	397.0	282.0
27072	7579	398.0	282.0
27084	7579	399.0	282.0
27096	7579	397.0	282.0
27108	7579	398.0	282.0
27120	7579	400.0	283.0
27132	7579	400.0	283.0
27144	7579	402.0	283.0
27156	7579	402.0	283.0
27168	7579	402.0	283.0
27180	7579	402.6060606060606	283.1515151515151
27192	7579	403.3333333333333	283.3333333333333
27204	7579	404.06060606060606	283.5151515151515
27216	7579	404.7878787878788	283.6969696969697
27228	7579	405.5151515151515	283.8787878787879
27240	7579	407.0	285.0
27252	7579	408.0	284.0
27264	7579	410.0	285.0
27276	7579	409.0	284.5
27288	7579	410.0	285.0
27300	7579	411.0	286.0
27312	7579	412.0	286.0
27324	7579	414.0	286.0
27336	7579	414.46153846153845	286.15384615384613
27348	7579	417.0	287.0
27360	7579	418.0	288.0
27372	7579	419.0	289.0
27384	7579	420.0	288.0
27396	7579	423.0	289.0
27408	7579	426.0	289.0
27420	7579	427.0	290.0
27432	7579	431.0	291.0
27444	7579	433.0	292.0
27456	7579	436.0	293.0
27468	7579	439.0	294.0
27480	7579	442.0	295.0
27492	7579	446.0	296.0
27504	7579	451.0	297.0
27516	7579	456.0	299.0
27528	7579	463.0	301.0
27540	7579	470.0	303.0
27552	7579	481.0	306.0
27564	7579	493.0	309.0
27576	7579	509.0	314.0
27588	7579	530.0	319.0
27600	7579	558.0	328.0
27612	7579	599.0	339.0
27624	7579	663.0	358.0
27636	7579	779.0	390.0
27648	7579	987.0	466.0
27180	7616	418.0	287.0
27192	7616	418.0	286.0
27204	7616	419.0	286.0
27216	7616	420.0	288.0
27228	7616	422.0	288.0
27240	7616	424.0	288.0
27252	7616	425.0	290.0
27264	7616	428.0	290.0
27276	7616	430.0	291.0
27288	7616	434.0	291.0
27300	7616	437.0	292.0
27312	7616	441.0	293.0
27324	7616	445.0	294.0
27336	7616	450.0	295.0
27348	7616	457.0	296.0
27360	7616	464.0	298.0
27372	7616	473.0	301.0
27384	7616	482.0	303.0
27396	7616	495.0	306.0
27408	7616	511.0	309.0
27420	7616	532.0	314.0
27432	7616	560.0	321.0
27444	7616	600.0	331.0
27456	7616	663.0	347.0
27468	7616	774.0	374.0
27480	7616	982.0	437.0
27192	7622	436.0	285.0
27204	7622	439.0	286.0
27216	7622	441.0	286.0
27228	7622	444.0	286.0
27240	7622	446.0	288.0
27252	7622	449.0	288.0
27264	7622	454.0	288.0
27276	7622	457.0	289.0
27288	7622	460.0	289.0
27300	7622	466.0	290.0
27312	7622	471.0	291.0
27324	7622	477.0	293.0
27336	7622	482.0	293.0
27348	7622	491.0	294.0
27360	7622	499.0	295.0
27372	7622	509.0	297.0
27384	7622	519.0	298.0
27396	7622	534.0	301.0
27408	7622	551.0	303.0
27420	7622	571.0	307.0
27432	7622	598.0	311.0
27444	7622	630.0	316.0
27456	7622	678.9565217391304	321.04347826086956
27468	7622	733.7391304347826	326.2608695652174
27480	7622	829.0	340.0
27492	7622	976.0	377.0
27276	7646	476.0	286.0
27288	7646	480.0	283.0
27300	7646	484.0	284.0
27312	7646	491.0	287.4
27324	7646	498.0	289.0
27336	7646	504.0	291.0
27348	7646	511.14285714285717	291.42857142857144
27360	7646	519.0	293.0
27372	7646	531.0	294.0
27384	7646	540.0	295.0
27396	7646	554.0	297.0
27408	7646	567.0	299.0
27420	7646	582.0	300.0
27432	7646	604.0	302.0
27444	7646	629.0	317.0
27456	7646	678.0	324.0
27468	7646	719.0	307.0
27480	7646	747.0	315.0
27492	7646	813.0	327.0
27504	7646	916.0	341.0
27516	7646	989.0	357.0
27360	7679	443.0	286.0
27372	7679	446.0	288.0
27384	7679	449.7142857142857	287.57142857142856
27396	7679	456.0	289.0
27408	7679	458.0	289.0
27420	7679	462.0	290.0
27432	7679	467.0	292.0
27444	7679	472.0	292.0
27456	7679	479.0	294.0
27468	7679	486.0	294.0
27480	7679	493.0	296.0
27492	7679	504.0	297.0
27504	7679	515.0	299.0
27516	7679	527.0	301.0
27528	7679	543.0	303.0
27540	7679	561.0	306.0
27552	7679	588.0	311.0
27564	7679	622.0	316.0
27576	7679	670.0	324.0
27588	7679	741.0	336.0
27600	7679	854.0	355.0
27612	7679	993.0	391.0
27456	7714	417.25	287.0
27468	7714	419.0	288.0
27480	7714	420.0	288.0
27492	7714	423.0	289.0
27504	7714	425.0	289.0
27516	7714	429.0	290.0
27528	7714	432.0	292.0
27540	7714	435.0	291.0
27552	7714	439.0	293.0
27564	7714	442.0	294.0
27576	7714	447.0	295.0
27588	7714	452.0	296.0
27600	7714	458.0	297.0
27612	7714	464.0	299.0
27624	7714	473.0	302.0
27636	7714	483.0	303.0
27648	7714	494.0	306.0
27660	7714	509.0	310.0
27672	7714	527.0	315.0
27684	7714	551.0	320.0
27696	7714	583.0	328.0
27708	7714	629.0	340.0
27720	7714	702.0	358.0
27732	7714	832.0	391.0
27744	7714	1008.0	466.0
27552	7745	420.0	288.0
27564	7745	423.0	289.0
27576	7745	425.0	290.0
27588	7745	430.0	292.0
27600	7745	433.0	291.0
27612	7745	436.0	291.0
27624	7745	440.0	292.0
27636	7745	443.0	294.0
27648	7745	448.0	295.0
27660	7745	453.0	295.0
27672	7745	459.0	297.0
27684	7745	465.0	298.0
27696	7745	471.0	300.0
27708	7745	481.0	303.0
27720	7745	491.0	306.0
27732	7745	505.0	309.0
27744	7745	520.0	313.0
27756	7745	541.0	318.0
27768	7745	568.0	325.0
27780	7745	606.0	335.0
27792	7745	662.0	349.0
27804	7745	753.0	372.0
27816	7745	924.0	414.0
27828	7745	1025.0	483.0
27672	7780	406.0	284.0
27684	7780	407.0	283.5
27696	7780	408.0	284.0
27708	7780	409.0	285.0
27720	7780	409.0	285.0
27732	7780	410.0	284.0
27744	7780	412.0	284.0
27756	7780	413.0	286.0
27768	7780	414.0	286.0
27780	7780	415.7142857142857	286.0
27792	7780	418.0	286.0
27804	7780	420.0	287.0
27816	7780	421.0	288.0
27828	7780	426.0	288.0
27840	7780	427.0	289.0
27852	7780	431.0	289.0
27864	7780	433.0	290.0
27876	7780	436.0	290.0
27888	7780	440.0	291.0
27900	7780	446.0	292.0
27912	7780	450.0	292.0
27924	7780	458.0	293.0
27936	7780	464.0	294.0
27948	7780	472.0	296.0
27960	7780	481.0	297.0
27972	7780	491.0	299.0
27984	7780	502.0	301.0
27996	7780	515.0	303.0
28008	7780	533.0	306.0
28020	7780	553.0	309.0
28032	7780	578.0	314.0
28044	7780	611.0	319.0
28056	7780	656.0	328.0
28068	7780	719.0	339.0
28080	7780	820.0	358.0
28092	7780	971.0	389.0
27732	7795	463.0	284.0
27744	7795	465.7692307692308	283.6923076923077
27756	7795	468.53846153846155	283.38461538461536
27768	7795	471.3076923076923	283.0769230769231
27780	7795	475.0	286.0
27792	7795	478.0	285.0
27804	7795	482.0	285.0
27816	7795	486.0	286.0
27828	7795	490.0	287.0
27840	7795	495.0	287.0
27852	7795	500.0	288.0
27864	7795	505.0	288.0
27876	7795	511.0	289.0
27888	7795	518.0	290.0
27900	7795	526.0	290.0
27912	7795	534.0	291.0
27924	7795	543.0	291.0
27936	7795	553.0	293.0
27948	7795	565.0	294.0
27960	7795	579.0	296.0
27972	7795	593.0	297.0
27984	7795	610.0	299.0
27996	7795	631.0	301.0
28008	7795	658.0	304.0
28020	7795	687.0	306.0
28032	7795	724.0	310.0
28044	7795	773.0	315.0
28056	7795	834.0	320.0
28068	7795	917.0	329.0
28080	7795	976.0	337.0
28092	7795	977.0	327.0
28104	7795	986.0	330.0
28116	7795	994.0	340.0
27936	7843	418.0	286.0
27948	7843	419.0	286.0
27960	7843	420.0	286.0
27972	7843	420.0	287.0
27984	7843	421.0	288.0
27996	7843	423.0	289.0
28008	7843	426.0	289.0
28020	7843	428.0	289.0
28032	7843	432.0	289.0
28044	7843	433.0	290.0
28056	7843	437.0	291.0
28068	7843	441.0	291.0
28080	7843	444.0	293.0
28092	7843	449.0	293.0
28104	7843	454.0	294.0
28116	7843	461.0	296.0
28128	7843	467.0	297.0
28140	7843	475.0	298.0
28152	7843	486.0	300.0
28164	7843	498.0	302.0
28176	7843	511.0	304.0
28188	7843	530.0	307.0
28200	7843	551.0	311.0
28212	7843	579.0	316.0
28224	7843	616.0	323.0
28236	7843	666.0	332.0
28248	7843	743.0	346.0
28260	7843	869.0	369.0
28272	7843	1001.0	413.0
27936	7844	444.0	288.0
27948	7844	447.0	288.0
27960	7844	452.0	288.0
27972	7844	455.0	290.0
27984	7844	459.0	290.0
27996	7844	463.0	292.0
28008	7844	467.0	292.0
28020	7844	473.0	293.0
28032	7844	479.0	294.0
28044	7844	486.0	295.0
28056	7844	493.0	296.0
28068	7844	503.0	297.0
28080	7844	513.0	298.0
28092	7844	525.0	300.0
28104	7844	540.0	303.0
28116	7844	557.0	306.0
28128	7844	577.0	309.0
28140	7844	603.0	313.0
28152	7844	636.0	319.0
28164	7844	683.0	327.0
28176	7844	750.0	338.0
28188	7844	854.0	356.0
28200	7844	983.0	386.0
27960	7846	404.0	284.0
27972	7846	405.3333333333333	284.0
27984	7846	406.0	284.0
27996	7846	407.8181818181818	284.54545454545456
28008	7846	409.45454545454544	285.6363636363636
28020	7846	409.0	286.0
28032	7846	409.9	285.0
28044	7846	410.0	286.0
28056	7846	412.0	286.0
28068	7846	413.0	288.0
28080	7846	414.0	289.0
28092	7846	414.0	288.0
28104	7846	417.0	289.0
28116	7846	418.0	289.0
28128	7846	420.0	290.0
28140	7846	421.0	289.0
28152	7846	425.0	291.0
28164	7846	426.0	291.0
28176	7846	430.0	292.0
28188	7846	433.0	293.0
28200	7846	436.0	294.0
28212	7846	440.0	295.0
28224	7846	443.0	296.0
28236	7846	449.0	298.0
28248	7846	454.0	300.0
28260	7846	460.0	301.0
28272	7846	469.0	304.0
28284	7846	478.0	306.0
28296	7846	490.0	310.0
28308	7846	505.0	315.0
28320	7846	525.0	321.0
28332	7846	552.0	330.0
28344	7846	591.0	341.0
28356	7846	652.0	360.0
28368	7846	764.0	396.0
28380	7846	981.0	479.0
28212	7896	420.0	290.0
28224	7896	422.0	291.0
28236	7896	425.0	291.0
28248	7896	430.0	292.0
28260	7896	432.0	292.0
28272	7896	436.0	294.0
28284	7896	440.0	295.0
28296	7896	445.0	296.0
28308	7896	449.0	297.0
28320	7896	455.0	299.0
28332	7896	462.0	301.0
28344	7896	469.0	302.0
28356	7896	477.0	304.0
28368	7896	489.0	307.0
28380	7896	503.0	311.0
28392	7896	520.0	316.0
28404	7896	543.0	321.0
28416	7896	572.0	329.0
28428	7896	613.0	340.0
28440	7896	678.0	357.0
28452	7896	787.0	387.0
28464	7896	977.0	446.0
28284	7944	417.0	286.0
28296	7944	418.0	286.0
28308	7944	418.0	286.0
28320	7944	420.0	286.0
28332	7944	420.0	287.0
28344	7944	422.0	288.0
28356	7944	424.0	288.0
28368	7944	426.0	288.0
28380	7944	427.0	289.0
28392	7944	431.0	289.0
28404	7944	433.0	290.0
28416	7944	436.0	291.0
28428	7944	438.0	291.0
28440	7944	440.0	292.0
28452	7944	444.0	293.0
28464	7944	448.0	294.0
28476	7944	452.0	295.0
28488	7944	457.0	296.0
28500	7944	462.0	297.0
28512	7944	469.0	299.0
28524	7944	476.0	301.0
28536	7944	485.0	303.0
28548	7944	496.0	306.0
28560	7944	510.0	309.0
28572	7944	527.0	313.0
28584	7944	549.0	319.0
28596	7944	578.0	326.0
28608	7944	619.0	337.0
28620	7944	683.0	354.0
28632	7944	790.0	380.0
28644	7944	973.0	435.0
28332	7955	432.0	285.0
28344	7955	434.0	285.0
28356	7955	437.0	286.0
28368	7955	440.0	286.0
28380	7955	442.0	286.0
28392	7955	445.0	286.0
28404	7955	448.0	288.0
28416	7955	451.0	287.0
28428	7955	455.0	288.0
28440	7955	460.0	289.0
28452	7955	466.0	289.0
28464	7955	470.0	291.0
28476	7955	477.0	292.0
28488	7955	483.0	293.0
28500	7955	492.0	294.0
28512	7955	501.0	295.0
28524	7955	513.0	296.0
28536	7955	527.0	298.0
28548	7955	543.0	300.0
28560	7955	563.0	303.0
28572	7955	588.0	306.0
28584	7955	619.0	310.0
28596	7955	661.0	316.0
28608	7955	717.0	323.0
28620	7955	799.0	333.0
28632	7955	927.0	349.0
28476	8003	403.0	283.0
28488	8003	404.0	283.0
28500	8003	405.0	284.0
28512	8003	406.0	284.0
28524	8003	408.0	284.0
28536	8003	409.0	283.0
28548	8003	410.0	283.0
28560	8003	412.0	284.0
28572	8003	414.4	284.0
28584	8003	415.0	285.0
28596	8003	417.0	285.0
28608	8003	419.0	286.0
28620	8003	422.0	286.0
28632	8003	423.0	286.0
28644	8003	425.0	287.0
28656	8003	428.0	287.0
28668	8003	430.0	288.0
28680	8003	433.0	287.0
28692	8003	436.0	288.0
28704	8003	438.0	289.0
28716	8003	441.0	289.0
28728	8003	445.0	289.0
28740	8003	448.0	290.0
28752	8003	451.0	290.0
28764	8003	455.0	291.0
28776	8003	460.0	292.0
28788	8003	466.0	293.0
28800	8003	472.0	294.0
28812	8003	478.0	295.0
28824	8003	485.0	296.0
28836	8003	494.0	297.0
28848	8003	504.0	298.0
28860	8003	517.0	301.0
28872	8003	532.0	303.0
28884	8003	550.0	306.0
28896	8003	574.0	310.0
28908	8003	602.0	314.0
28920	8003	643.0	321.0
28932	8003	700.0	331.0
28944	8003	784.0	345.0
28956	8003	929.0	369.0
28800	8126	422.0	284.0
28812	8126	423.0	284.0
28824	8126	424.7741935483871	284.35483870967744
28836	8126	426.7096774193548	284.741935483871
28848	8126	428.0	285.0
28860	8126	431.0	285.0
28872	8126	432.0	286.0
28884	8126	434.0	286.0
28896	8126	437.0	286.0
28908	8126	438.0	286.0
28920	8126	442.0	286.0
28932	8126	444.0	287.0
28944	8126	447.0	288.0
28956	8126	450.0	287.0
28968	8126	453.0	288.0
28980	8126	458.0	289.0
28992	8126	462.0	289.0
29004	8126	466.0	291.0
29016	8126	472.0	291.0
29028	8126	478.0	292.0
29040	8126	484.0	293.0
29052	8126	492.0	294.0
29064	8126	501.0	295.0
29076	8126	512.0	297.0
29088	8126	523.0	299.0
29100	8126	538.0	301.0
29112	8126	556.0	303.0
29124	8126	577.0	307.0
28800	8128	412.0	286.0
28812	8128	412.0	286.0
28824	8128	415.0	286.0
28836	8128	416.61538461538464	286.0
28848	8128	418.0	286.0
28860	8128	417.0	287.0
28872	8128	418.0	287.0
28884	8128	420.0	288.0
28896	8128	421.0	288.0
28908	8128	424.0	289.0
28920	8128	425.0	289.0
28932	8128	426.0	289.0
28944	8128	428.0	290.0
28956	8128	430.0	291.0
28968	8128	433.0	292.0
28980	8128	436.0	292.0
28992	8128	439.0	293.0
29004	8128	443.0	295.0
29016	8128	446.0	296.0
29028	8128	452.0	297.0
29040	8128	456.0	298.0
29052	8128	464.0	300.0
29064	8128	473.0	303.0
29076	8128	483.0	305.0
29088	8128	497.0	308.0
29100	8128	512.0	312.0
29112	8128	534.0	318.0
29124	8128	562.0	324.0
29136	8128	603.0	335.0
29148	8128	665.0	351.0
29160	8128	776.0	378.0
29172	8128	970.0	438.0
28860	8137	473.75	285.0
28872	8137	478.3333333333333	285.0
28884	8137	483.0	286.0
28896	8137	486.0	286.0
28908	8137	493.0	287.0
28920	8137	497.0	288.0
28932	8137	503.0	289.0
28944	8137	511.0	289.0
28956	8137	518.0	289.0
28968	8137	528.0	291.0
28980	8137	537.0	291.0
28992	8137	547.0	292.0
29004	8137	563.0	294.0
29016	8137	573.0	295.0
29028	8137	598.0	297.0
29040	8137	618.0	299.0
29052	8137	637.0	302.0
29064	8137	674.0	305.0
29076	8137	721.0	309.0
29088	8137	776.0	315.0
29100	8137	858.0	322.0
29112	8137	963.0	334.0
28872	8139	455.0	283.0
28884	8139	457.0	284.0
28896	8139	459.0	284.0
28908	8139	461.77777777777777	284.44444444444446
28920	8139	464.0	285.0
28932	8139	467.0	285.0
28944	8139	470.0	285.0
28956	8139	474.5	286.0
28968	8139	478.0	286.0
28980	8139	482.0	287.0
28992	8139	486.0	287.0
29004	8139	491.0	288.0
29016	8139	496.0	289.0
29028	8139	502.0	289.0
29040	8139	509.0	289.0
29052	8139	516.0	290.0
29064	8139	525.0	291.0
29076	8139	534.0	292.0
29088	8139	545.0	293.0
29100	8139	559.0	294.0
29112	8139	575.0	296.0
29124	8139	592.0	297.0
29136	8139	614.0	300.0
28872	8142	495.2857142857143	286.0
28884	8142	500.42857142857144	286.0
28896	8142	505.0	287.0
28908	8142	511.0	287.0
28920	8142	518.0	288.0
28932	8142	525.0	289.0
28944	8142	534.0	289.0
28956	8142	543.0	290.0
28968	8142	553.0	291.0
28980	8142	566.0	292.0
28992	8142	579.0	293.0
29004	8142	595.0	295.0
29016	8142	613.0	297.0
29028	8142	636.0	299.0
29040	8142	665.0	301.0
29052	8142	697.0	304.0
29064	8142	738.0	307.0
29076	8142	793.0	312.0
29088	8142	864.0	318.0
29100	8142	961.0	326.0
28896	8146	406.0	283.0
28908	8146	406.0	284.0
28920	8146	408.0	284.0
28932	8146	409.0	285.0
28944	8146	409.0	285.0
28956	8146	410.0	286.0
28968	8146	411.0	286.0
28980	8146	413.0	286.0
28992	8146	413.0	286.25
29004	8146	416.0	287.0
29016	8146	419.0	288.0
29028	8146	419.0	289.0
29040	8146	419.0	288.0
29052	8146	422.0	289.0
29064	8146	424.0	290.0
29076	8146	425.0	289.0
29088	8146	427.0	290.0
29100	8146	431.0	292.0
29112	8146	433.0	292.0
29124	8146	436.0	293.0
29136	8146	438.0	293.0
29148	8146	442.0	295.0
29160	8146	445.0	295.0
29172	8146	449.0	296.0
29184	8146	455.0	298.0
29196	8146	461.0	299.0
29208	8146	467.0	301.0
29220	8146	476.0	303.0
29232	8146	485.0	305.0
29244	8146	497.0	309.0
29256	8146	512.0	312.0
29268	8146	529.0	316.0
29280	8146	552.0	322.0
29292	8146	582.0	330.0
29304	8146	625.0	341.0
29316	8146	688.0	359.0
29328	8146	796.0	387.0
29340	8146	975.0	444.0
29352	8146	1026.0	484.0
29088	8200	442.0	288.0
29100	8200	445.0	288.0
29112	8200	448.0	287.0
29124	8200	451.0	289.0
29136	8200	456.0	290.0
29148	8200	462.0	289.0
29160	8200	469.0	291.0
29172	8200	474.0	292.0
29184	8200	482.0	293.0
29196	8200	491.0	294.0
29208	8200	501.0	295.0
29220	8200	512.0	296.0
29232	8200	526.0	298.0
29244	8200	542.0	299.0
29256	8200	560.0	302.0
29268	8200	583.0	304.0
29280	8200	611.0	307.0
29292	8200	645.0	311.0
29304	8200	693.0	317.0
29316	8200	758.0	325.0
29328	8200	850.0	335.0
29340	8200	956.0	327.0
29100	8204	405.0	285.0
29112	8204	409.0	285.0
29124	8204	409.0	285.0
29136	8204	410.0	284.0
29148	8204	410.0	285.0
29160	8204	412.0	286.0
29172	8204	414.0	287.0
29184	8204	414.0	286.0
29196	8204	416.0	287.0
29208	8204	417.0	287.0
29220	8204	419.0	288.0
29232	8204	420.0	288.0
29244	8204	422.0	288.0
29256	8204	424.0	289.0
29268	8204	426.0	290.0
29280	8204	427.0	290.0
29292	8204	430.0	291.0
29304	8204	434.0	292.0
29316	8204	437.0	292.0
29328	8204	441.0	294.0
29340	8204	445.0	295.0
29352	8204	450.0	296.0
29364	8204	456.0	297.0
29376	8204	462.0	298.0
29388	8204	471.0	301.0
29400	8204	481.0	303.0
29412	8204	491.0	306.0
29424	8204	506.0	310.0
29436	8204	523.0	314.0
29448	8204	547.0	320.0
29460	8204	578.0	329.0
29472	8204	624.0	341.0
29484	8204	699.0	361.0
29496	8204	837.0	397.0
29508	8204	1017.0	486.0
29184	8255	432.0	285.0
29196	8255	435.5	284.0
29208	8255	441.0	285.0
29220	8255	443.0	286.0
29232	8255	447.0	286.0
29244	8255	451.3333333333333	286.44444444444446
29256	8255	456.0	287.0
29268	8255	462.0	288.0
29280	8255	468.0	288.0
29292	8255	473.0	289.0
29304	8255	481.0	290.0
29316	8255	487.0	291.0
29328	8255	495.0	292.0
29340	8255	505.0	293.0
29352	8255	515.0	293.0
29364	8255	526.0	295.0
29376	8255	539.0	296.0
29388	8255	556.0	298.0
29400	8255	575.0	300.0
29412	8255	597.0	302.0
29424	8255	626.0	306.0
29436	8255	663.0	310.0
29448	8255	713.0	316.0
29460	8255	781.0	324.0
29472	8255	887.0	337.0
29484	8255	989.0	357.0
29352	8291	417.0	283.0
29364	8291	417.0	284.0
29376	8291	418.0	284.0
29388	8291	419.0	283.0
29400	8291	421.0	284.0
29412	8291	421.0	283.0
29424	8291	422.0	284.0
29436	8291	424.0	285.0
29448	8291	425.0	284.3333333333333
29460	8291	427.5	284.0
29472	8291	428.0	285.0
29484	8291	431.0	286.0
29496	8291	432.0	286.0
29508	8291	434.0	287.0
29520	8291	438.0	287.0
29532	8291	439.0	287.0
29544	8291	441.0	287.0
29556	8291	443.0	288.0
29568	8291	446.0	287.0
29580	8291	449.0	289.0
29592	8291	452.0	289.0
29604	8291	457.0	290.0
29616	8291	460.0	291.0
29628	8291	466.0	292.0
29640	8291	471.0	293.0
29652	8291	478.0	293.0
29664	8291	484.0	295.0
29676	8291	493.0	296.0
29688	8291	503.0	297.0
29700	8291	515.0	299.0
29712	8291	528.0	301.0
29724	8291	545.0	304.0
29736	8291	566.0	308.0
29748	8291	592.0	312.0
29760	8291	629.0	318.0
29772	8291	677.0	326.0
29784	8291	752.0	338.0
29796	8291	872.0	358.0
29808	8291	996.0	393.0
29436	8307	458.0	284.0
29448	8307	460.6923076923077	284.2307692307692
29460	8307	463.0	285.0
29472	8307	466.0	284.0
29484	8307	469.0	285.0
29496	8307	472.0	286.0
29508	8307	475.0	286.0
29520	8307	479.0	286.0
29532	8307	483.0	287.0
29544	8307	487.5	286.0
29556	8307	494.0	288.0
29568	8307	499.0	288.0
29580	8307	505.0	289.0
29592	8307	511.0	290.0
29604	8307	517.0	290.0
29616	8307	526.0	291.0
29628	8307	535.0	292.0
29640	8307	545.0	292.0
29652	8307	557.0	293.0
29664	8307	570.0	295.0
29676	8307	586.0	297.0
29688	8307	604.0	299.0
29700	8307	626.0	301.0
29712	8307	652.0	303.0
29724	8307	684.0	306.0
29736	8307	726.0	311.0
29748	8307	780.0	316.0
29760	8307	853.0	323.0
29772	8307	957.0	333.0
29700	8367	472.4	283.4
29712	8367	476.0	285.0
29724	8367	479.0	285.0
29736	8367	482.0	285.0
29748	8367	486.5	285.5
29760	8367	493.0	286.0
29772	8367	497.0	286.0
29784	8367	503.0	286.0
29796	8367	509.0	288.0
29808	8367	516.0	288.0
29820	8367	523.0	290.0
29832	8367	531.0	290.0
29844	8367	542.0	290.0
29856	8367	552.0	291.0
29868	8367	564.0	292.0
29880	8367	579.0	294.0
29892	8367	596.0	295.0
29904	8367	616.0	297.0
29916	8367	640.0	299.0
29928	8367	670.0	302.0
29940	8367	706.0	305.0
29952	8367	752.0	309.0
29964	8367	814.0	314.0
29976	8367	899.0	321.0
29988	8367	980.0	331.0
29700	8370	453.0	283.0
29712	8370	455.0	284.0
29724	8370	458.0	284.0
29736	8370	460.42857142857144	285.0
29748	8370	463.0	284.0
29760	8370	469.0	285.0
29772	8370	472.0	285.0
29784	8370	477.0	286.0
29796	8370	480.0	286.0
29808	8370	484.8	286.2
29820	8370	492.0	288.0
29832	8370	497.0	288.0
29844	8370	505.0	289.0
29856	8370	512.0	290.0
29868	8370	520.0	290.0
29880	8370	530.0	292.0
29892	8370	541.0	292.0
29904	8370	555.0	293.0
29916	8370	570.0	295.0
29928	8370	587.0	297.0
29940	8370	609.0	299.0
29952	8370	636.0	301.0
29964	8370	669.0	305.0
29976	8370	712.0	309.0
29988	8370	770.0	314.0
30000	8370	851.0	322.0
30012	8370	963.0	333.0
29868	8393	455.0	283.0
29880	8393	456.0	283.0
29892	8393	459.0	284.0
29904	8393	461.84615384615387	284.0
29916	8393	465.0	285.0
29928	8393	467.0	285.0
29940	8393	471.0	284.0
29952	8393	474.54545454545456	284.6363636363636
29964	8393	479.0	286.0
29976	8393	482.0	287.0
29988	8393	486.6666666666667	286.0
30000	8393	493.0	288.0
30012	8393	498.0	288.0
30024	8393	503.0	288.0
30036	8393	509.0	289.0
30048	8393	516.0	290.0
30060	8393	525.0	291.0
30072	8393	533.0	291.0
30084	8393	543.0	292.0
30096	8393	554.0	293.0
30108	8393	566.0	295.0
30120	8393	582.0	296.0
30132	8393	600.0	297.0
30144	8393	620.0	300.0
30156	8393	645.0	302.0
30168	8393	675.0	304.0
30180	8393	714.0	308.0
30192	8393	762.0	313.0
30204	8393	827.0	319.0
30216	8393	917.0	328.0
30228	8393	986.0	340.0
30024	8418	464.0	285.0
30036	8418	466.0	284.0
30048	8418	470.0	284.0
30060	8418	474.2	285.3
30072	8418	479.0	286.0
30084	8418	483.0	286.0
30096	8418	487.5	287.0
30108	8418	492.0	287.0
30120	8418	498.0	288.0
30132	8418	503.5	287.5
30144	8418	511.0	289.0
30156	8418	519.0	290.0
30168	8418	527.0	291.0
30180	8418	537.0	291.0
30192	8418	547.0	292.0
30204	8418	560.0	294.0
30216	8418	575.0	295.0
30228	8418	592.0	297.0
30240	8418	612.0	299.0
30252	8418	635.0	302.0
30264	8418	666.0	304.0
30276	8418	704.0	309.0
30288	8418	754.0	314.0
30300	8418	824.0	321.0
30312	8418	922.0	330.0
30324	8418	988.0	342.0
30036	8419	453.1666666666667	283.1666666666667
30048	8419	457.0	283.0
30060	8419	458.0	283.0
30072	8419	463.1666666666667	284.8333333333333
30084	8419	466.0	284.0
30096	8419	467.5	285.0
30108	8419	471.5	284.8333333333333
30120	8419	476.2307692307692	285.0
30132	8419	480.0	285.0
30144	8419	484.0	286.0
30156	8419	490.0	286.0
30168	8419	494.0	287.0
30180	8419	499.0	287.0
30192	8419	505.0	288.0
30204	8419	512.0	289.0
30216	8419	519.0	290.0
30228	8419	528.0	291.0
30240	8419	538.0	291.0
30252	8419	550.0	293.0
30264	8419	562.0	294.0
30276	8419	578.0	295.0
30288	8419	596.0	297.0
30300	8419	618.0	299.0
30312	8419	644.0	302.0
30324	8419	675.0	304.0
30336	8419	715.0	309.0
30348	8419	766.0	314.0
30360	8419	834.0	320.0
30372	8419	931.0	330.0
30384	8419	990.0	342.0
30048	8420	419.61538461538464	283.0
30060	8420	421.0	282.0
30072	8420	422.0	282.0
30084	8420	422.0	282.0
30096	8420	423.0	283.0
30108	8420	424.37931034482756	283.2758620689655
30120	8420	426.44827586206895	283.6896551724138
30132	8420	428.0	285.0
30144	8420	428.0	285.0
30156	8420	429.0	285.0
30168	8420	430.0	285.0
30180	8420	433.0	285.0
30192	8420	434.0	286.0
30204	8420	436.0	286.0
30216	8420	439.0	286.0
30228	8420	440.0	287.0
30240	8420	444.0	287.0
30252	8420	446.0	287.0
30264	8420	449.0	288.0
30276	8420	451.0	289.0
30288	8420	455.0	289.0
30300	8420	459.0	290.0
30312	8420	463.0	291.0
30324	8420	469.0	292.0
30336	8420	473.0	293.0
30348	8420	480.0	294.0
30360	8420	487.0	295.0
30372	8420	495.0	296.0
30384	8420	505.0	298.0
30396	8420	516.0	300.0
30408	8420	529.0	301.0
30420	8420	545.0	304.0
30432	8420	566.0	308.0
30444	8420	591.0	311.0
30456	8420	624.0	316.0
30468	8420	668.0	324.0
30480	8420	731.0	334.0
30492	8420	826.0	349.0
30504	8420	969.0	374.0
30060	8424	492.0	286.0
30072	8424	497.0	286.0
30084	8424	500.0	286.0
30096	8424	505.0	286.0
30108	8424	512.0	287.0
30120	8424	518.0	288.0
30132	8424	526.0	289.0
30144	8424	534.0	289.0
30156	8424	544.0	290.0
30168	8424	554.0	291.0
30180	8424	565.0	292.0
30192	8424	579.0	294.0
30204	8424	595.0	295.0
30216	8424	614.0	297.0
30228	8424	637.0	299.0
30240	8424	664.0	301.0
30252	8424	697.0	303.0
30264	8424	738.0	307.0
30276	8424	793.0	312.0
30288	8424	864.0	317.0
30300	8424	961.0	326.0
30156	8438	417.0	283.0
30168	8438	419.0	284.0
30180	8438	420.0	283.0
30192	8438	420.0	283.0
30204	8438	421.0	283.0
30216	8438	424.0	285.0
30228	8438	426.0	285.0
30240	8438	428.0	285.0
30252	8438	428.0	284.0
30264	8438	431.0	285.0
30276	8438	433.0	286.0
30288	8438	436.0	286.0
30300	8438	437.0	286.0
30312	8438	440.0	287.0
30324	8438	444.0	287.0
30336	8438	446.0	288.0
30348	8438	449.0	289.0
30360	8438	453.0	289.0
30372	8438	456.0	290.0
30384	8438	460.0	290.0
30396	8438	466.0	292.0
30408	8438	471.0	292.0
30420	8438	477.0	293.0
30432	8438	484.0	295.0
30444	8438	492.0	295.0
30456	8438	501.0	297.0
30468	8438	511.0	298.0
30480	8438	525.0	300.0
30492	8438	541.0	303.0
30504	8438	561.0	306.0
30516	8438	588.0	310.0
30528	8438	622.0	316.0
30540	8438	671.0	323.0
30552	8438	742.0	335.0
30564	8438	856.0	353.0
30576	8438	993.0	385.0
30168	8441	477.0	285.0
30180	8441	481.0	283.0
30192	8441	486.42857142857144	284.85714285714283
30204	8441	491.0	286.0
30216	8441	496.0	286.0
30228	8441	502.0	286.0
30240	8441	508.0	288.0
30252	8441	515.0	288.0
30264	8441	522.0	289.0
30276	8441	529.0	290.0
30288	8441	538.0	290.0
30300	8441	548.0	292.0
30312	8441	557.0	292.0
30324	8441	569.0	293.0
30336	8441	581.0	294.0
30348	8441	596.0	295.0
30360	8441	613.0	297.0
30372	8441	634.0	300.0
30384	8441	658.0	302.0
30396	8441	688.0	305.0
30408	8441	728.0	309.0
30420	8441	778.0	314.0
30432	8441	847.0	321.0
30444	8441	952.0	332.0
30192	8451	389.0	283.0
30204	8451	390.0	283.0
30216	8451	391.0	284.0
30228	8451	391.0	284.0
30240	8451	393.0	283.0
30252	8451	393.0	283.0
30264	8451	393.0	283.0
30276	8451	394.0	283.0
30288	8451	395.0	284.0
30300	8451	397.0	283.0
30312	8451	398.0	285.0
30324	8451	399.0	285.0
30336	8451	399.0	285.0
30348	8451	400.0	284.0
30360	8451	400.0	284.0
30372	8451	402.05263157894734	285.05263157894734
30384	8451	405.0	286.0
30396	8451	405.0	286.0
30408	8451	407.0	286.0
30420	8451	410.0	287.0
30432	8451	413.0	288.0
30444	8451	414.0	288.0
30456	8451	416.0	289.0
30468	8451	420.0	290.0
30480	8451	423.0	289.0
30492	8451	427.0	291.0
30504	8451	431.0	292.0
30516	8451	435.0	292.0
30528	8451	439.0	293.0
30540	8451	445.0	295.0
30552	8451	451.0	296.0
30564	8451	459.0	297.0
30576	8451	468.0	300.0
30588	8451	478.0	302.0
30600	8451	491.0	304.0
30612	8451	509.0	308.0
30624	8451	530.0	312.0
30636	8451	558.0	317.0
30648	8451	600.0	326.0
30660	8451	663.0	338.0
30672	8451	767.0	360.0
30684	8451	957.0	397.0
30204	8455	464.0	285.0
30216	8455	467.0	284.0
30228	8455	472.0	284.0
30240	8455	475.0	284.6
30252	8455	479.0	286.0
30264	8455	482.0	286.0
30276	8455	486.0	286.0
30288	8455	491.0	287.0
30300	8455	497.0	288.0
30312	8455	502.0	288.0
30324	8455	508.0	289.0
30336	8455	515.0	289.0
30348	8455	524.0	290.0
30360	8455	534.0	291.0
30372	8455	544.0	292.0
30384	8455	557.0	293.0
30396	8455	570.0	295.0
30408	8455	582.0	296.0
30420	8455	599.0	297.0
30432	8455	620.0	300.0
30444	8455	646.0	302.0
30456	8455	679.0	305.0
30468	8455	721.0	309.0
30480	8455	773.0	315.0
30492	8455	851.0	322.0
30588	8557	448.6666666666667	288.0
30600	8557	454.0	289.0
30612	8557	457.0	289.0
30624	8557	462.0	291.0
30636	8557	467.0	292.0
30648	8557	471.0	292.0
30660	8557	478.0	293.0
30672	8557	485.0	294.0
30684	8557	493.0	295.0
30696	8557	502.0	297.0
30708	8557	512.0	298.0
30720	8557	523.0	300.0
30732	8557	538.0	303.0
30744	8557	555.0	306.0
30756	8557	577.0	309.0
30768	8557	603.0	313.0
30780	8557	640.0	319.0
30792	8557	688.0	327.0
30804	8557	759.0	339.0
30816	8557	873.0	358.0
30828	8557	994.0	391.0
30684	8582	471.0	287.0
30696	8582	476.0	288.0
30708	8582	481.0	288.0
30720	8582	486.0	290.0
30732	8582	493.0	290.0
30744	8582	499.0	291.0
30756	8582	507.0	292.0
30768	8582	516.0	293.0
30780	8582	527.0	294.0
30792	8582	539.0	295.0
30804	8582	552.0	297.0
30816	8582	568.0	299.0
30828	8582	588.0	301.0
30840	8582	612.0	304.0
30852	8582	639.0	307.0
30864	8582	678.0	311.0
30876	8582	728.0	317.0
30888	8582	795.0	325.0
30900	8582	889.0	336.0
30912	8582	983.0	354.0
30696	8585	444.0	287.0
30708	8585	447.0	288.0
30720	8585	450.0	288.0
30732	8585	454.0	289.0
30744	8585	457.0	289.0
30756	8585	460.0	289.0
30768	8585	464.0	290.0
30780	8585	469.0	291.0
30792	8585	474.0	292.0
30804	8585	480.0	293.0
30816	8585	488.0	294.0
30828	8585	495.0	295.0
30840	8585	504.0	297.0
30852	8585	515.0	298.0
30864	8585	527.0	300.0
30876	8585	541.0	302.0
30888	8585	559.0	305.0
30900	8585	581.0	309.0
30912	8585	609.0	313.0
30924	8585	645.0	319.0
30936	8585	694.0	326.0
30948	8585	766.0	338.0
30960	8585	873.0	355.0
30972	8585	991.0	388.0
30744	8601	442.0	288.0
30756	8601	445.0	288.0
30768	8601	446.0	288.0
30780	8601	450.0	289.0
30792	8601	454.0	289.0
30804	8601	457.0	289.0
30816	8601	464.0	291.0
30828	8601	469.0	292.0
30840	8601	473.0	293.0
30852	8601	479.0	293.0
30864	8601	485.0	295.0
30876	8601	492.0	296.0
30888	8601	500.0	297.0
30900	8601	510.0	298.0
30912	8601	522.0	301.0
30924	8601	535.0	303.0
30936	8601	552.0	306.0
30948	8601	572.0	309.0
30960	8601	599.0	313.0
30972	8601	632.0	319.0
30984	8601	679.0	327.0
30996	8601	745.0	338.0
31008	8601	845.0	355.0
31020	8601	980.0	384.0
30816	8630	431.0	285.0
30828	8630	433.0	286.0
30840	8630	434.0	286.0
30852	8630	437.0	286.0
30864	8630	439.10526315789474	286.5263157894737
30876	8630	442.0	287.0
30888	8630	444.0	288.0
30900	8630	448.0	288.0
30912	8630	449.0	289.0
30924	8630	453.0	290.0
30936	8630	456.0	289.0
30948	8630	461.0	291.0
30960	8630	466.0	292.0
30972	8630	471.0	292.0
30984	8630	476.0	293.0
30996	8630	482.0	294.0
31008	8630	491.0	295.0
31020	8630	499.0	297.0
31032	8630	510.0	299.0
31044	8630	522.0	301.0
31056	8630	537.0	303.0
31068	8630	556.0	307.0
31080	8630	579.0	310.0
31092	8630	609.0	316.0
31104	8630	648.0	323.0
31116	8630	707.0	332.0
31128	8630	793.0	347.0
31140	8630	942.0	373.0
30912	8663	468.0	287.0
30924	8663	472.0	288.0
30936	8663	475.6666666666667	288.0
30948	8663	480.0	289.0
30960	8663	486.0	290.0
30972	8663	491.0	290.0
30984	8663	497.0	291.0
30996	8663	504.0	292.0
31008	8663	512.0	292.0
31020	8663	523.0	294.0
31032	8663	534.0	295.0
31044	8663	546.0	297.0
31056	8663	562.0	298.0
31068	8663	580.0	300.0
31080	8663	601.0	303.0
31092	8663	627.0	305.0
31104	8663	660.0	309.0
31116	8663	698.1	310.1
31128	8663	734.0	314.0
31140	8663	806.0	326.0
31152	8663	935.0	344.0
30924	8665	419.0	288.0
30936	8665	420.0	288.0
30948	8665	421.0	288.0
30960	8665	424.0	289.0
30972	8665	425.0	290.0
30984	8665	428.0	291.0
30996	8665	432.0	291.0
31008	8665	435.0	292.0
31020	8665	440.0	294.0
31032	8665	444.0	296.0
31044	8665	450.0	297.0
31056	8665	456.0	299.0
31068	8665	465.0	301.0
31080	8665	476.0	304.0
31092	8665	490.0	308.0
31104	8665	507.0	312.0
31116	8665	532.0	318.0
31128	8665	567.0	328.0
31140	8665	622.0	344.0
31152	8665	721.0	370.0
31164	8665	947.0	434.0
31104	8741	443.0	289.0
31116	8741	447.0	289.0
31128	8741	450.0	289.0
31140	8741	455.0	291.0
31152	8741	459.0	291.0
31164	8741	464.0	293.0
31176	8741	470.0	293.0
31188	8741	477.0	294.0
31200	8741	483.0	295.0
31212	8741	492.0	296.0
31224	8741	500.0	298.0
31236	8741	511.0	300.0
31248	8741	523.0	302.0
31260	8741	539.0	304.0
31272	8741	558.0	307.0
31284	8741	581.0	310.0
31296	8741	609.0	315.0
31308	8741	647.0	321.0
31320	8741	698.0	329.0
31332	8741	771.0	341.0
31344	8741	882.0	359.0
31356	8741	995.0	391.0
31116	8746	416.0	286.0
31128	8746	418.0	287.0
31140	8746	418.0	288.0
31152	8746	419.0	288.0
31164	8746	419.0	288.0
31176	8746	422.0	289.0
31188	8746	423.0	290.0
31200	8746	426.0	291.0
31212	8746	430.0	291.0
31224	8746	433.0	293.0
31236	8746	437.0	295.0
31248	8746	441.0	295.0
31260	8746	446.0	296.0
31272	8746	453.0	298.0
31284	8746	461.0	300.0
31296	8746	471.0	303.0
31308	8746	484.0	306.0
31320	8746	500.0	311.0
31332	8746	522.0	316.0
31344	8746	554.0	325.0
31356	8746	603.0	338.0
31368	8746	690.0	362.0
31380	8746	872.0	410.0
31128	8747	435.0	288.0
31140	8747	438.0	289.0
31152	8747	442.0	289.0
31164	8747	446.0	291.0
31176	8747	451.0	291.0
31188	8747	456.0	292.0
31200	8747	462.0	292.0
31212	8747	468.0	294.0
31224	8747	473.0	295.0
31236	8747	481.0	296.0
31248	8747	490.0	297.0
31260	8747	500.0	299.0
31272	8747	513.0	301.0
31284	8747	528.0	303.0
31296	8747	544.0	306.0
31308	8747	563.0	309.0
31320	8747	588.0	314.0
31332	8747	621.0	319.0
31344	8747	665.0	327.0
31356	8747	727.0	338.0
31368	8747	820.0	354.0
31380	8747	979.0	384.0
31248	8809	420.0	287.0
31260	8809	421.0	288.0
31272	8809	424.0	288.0
31284	8809	427.0	289.0
31296	8809	428.0	290.0
31308	8809	432.0	291.0
31320	8809	435.0	292.0
31332	8809	439.0	293.0
31344	8809	443.0	295.0
31356	8809	448.0	295.0
31368	8809	454.0	297.0
31380	8809	463.0	299.0
31392	8809	471.0	300.0
31404	8809	483.0	303.0
31416	8809	495.0	306.0
31428	8809	511.0	309.0
31440	8809	531.0	315.0
31452	8809	560.0	321.0
31464	8809	600.0	330.0
31476	8809	662.0	346.0
31488	8809	771.0	373.0
31500	8809	974.0	433.0
31296	8825	394.0	282.7142857142857
31308	8825	394.35714285714283	282.0
31320	8825	395.42857142857144	282.42857142857144
31332	8825	396.0	282.0
31344	8825	397.0	282.0
31356	8825	397.0	283.0
31368	8825	398.0	282.0
31380	8825	399.0	282.0
31392	8825	399.0	282.0
31404	8825	399.0	283.0
31416	8825	399.0	283.0
31428	8825	399.0	282.0
31440	8825	399.0	282.0
31452	8825	400.0	283.0
31464	8825	399.0	283.0
31476	8825	401.0	284.0
31488	8825	400.0	284.0
31500	8825	402.0	283.0
31512	8825	403.0	284.0
31524	8825	404.0	284.0
31536	8825	404.0	285.0
31548	8825	405.0	285.0
31560	8825	406.0	285.0
31572	8825	409.0	285.0
31584	8825	409.0	286.0
31596	8825	411.0	286.0
31608	8825	413.0	287.0
31620	8825	413.0	287.0
31632	8825	415.0	288.0
31644	8825	417.0	288.0
31656	8825	418.0	288.0
31668	8825	421.0	289.0
31680	8825	423.0	289.0
31692	8825	425.0	290.0
31704	8825	428.0	291.0
31716	8825	431.0	291.0
31728	8825	434.0	293.0
31740	8825	436.0	294.0
31752	8825	440.0	295.0
31764	8825	445.0	296.0
31776	8825	450.0	298.0
31788	8825	456.0	299.0
31800	8825	463.0	301.0
31812	8825	472.0	305.0
31824	8825	483.0	308.0
31836	8825	497.0	312.0
31848	8825	515.0	317.0
31860	8825	541.0	325.0
31872	8825	578.0	336.0
31884	8825	638.0	355.0
31896	8825	752.0	390.0
31908	8825	986.0	477.0
31344	8840	418.0	283.0
31356	8840	417.0	283.0
31368	8840	418.0	282.0
31380	8840	418.3076923076923	283.0
31392	8840	419.2307692307692	283.0
31404	8840	420.0	283.0
31416	8840	421.0	283.0
31428	8840	422.0	284.0
31440	8840	424.09090909090907	284.0
31452	8840	426.27272727272725	284.0
31464	8840	428.45454545454544	284.0
31476	8840	430.6363636363636	284.0
31488	8840	431.0	284.0
31500	8840	433.0	286.0
31512	8840	436.0	286.0
31524	8840	438.0	286.0
31536	8840	440.0	286.0
31548	8840	443.0	287.0
31560	8840	446.0	288.0
31572	8840	449.0	287.0
31584	8840	453.0	289.0
31596	8840	457.0	290.0
31608	8840	461.0	289.0
31620	8840	466.0	291.0
31632	8840	471.0	292.0
31644	8840	477.0	293.0
31656	8840	483.0	294.0
31668	8840	492.0	295.0
31680	8840	501.0	296.0
31692	8840	512.0	298.0
31704	8840	524.0	301.0
31716	8840	539.0	303.0
31728	8840	558.0	306.0
31740	8840	582.0	310.0
31752	8840	612.0	314.0
31764	8840	654.0	321.0
31776	8840	714.0	331.0
31788	8840	804.0	346.0
31800	8840	953.0	370.0
31416	8894	443.0	284.0
31428	8894	445.0	285.0
31440	8894	447.0	284.0
31452	8894	450.6666666666667	284.73333333333335
31464	8894	453.0	285.0
31476	8894	455.0	286.0
31488	8894	459.0	286.0
31500	8894	463.0	286.0
31512	8894	467.0	287.0
31524	8894	470.0	288.0
31536	8894	475.0	288.0
31548	8894	480.0	289.0
31560	8894	485.0	290.0
31572	8894	492.0	290.0
31584	8894	498.0	291.0
31596	8894	505.0	292.0
31608	8894	515.0	293.0
31620	8894	525.0	294.0
31632	8894	536.0	295.0
31644	8894	549.0	297.0
31656	8894	566.0	299.0
31668	8894	584.0	301.0
31680	8894	608.0	303.0
31692	8894	637.0	307.0
31704	8894	675.0	311.0
31716	8894	726.0	317.0
31728	8894	795.0	325.0
31740	8894	901.0	338.0
31752	8894	992.0	357.0
31440	8914	480.0	288.0
31452	8914	487.0	290.0
31464	8914	494.0	290.0
31476	8914	501.0	291.0
31488	8914	508.0	291.0
31500	8914	516.0	292.0
31512	8914	525.0	293.0
31524	8914	537.0	295.0
31536	8914	550.0	296.0
31548	8914	562.0	298.0
31560	8914	578.0	300.0
31572	8914	596.0	302.0
31584	8914	621.0	304.0
31596	8914	651.0	307.0
31608	8914	689.0	313.0
31620	8914	736.0	318.0
31632	8914	802.0	325.0
31644	8914	893.0	336.0
31656	8914	976.0	353.0
31668	8914	988.0	358.0
31680	8914	990.0	349.0
31560	8967	432.0	285.0
31572	8967	434.0	286.0
31584	8967	436.0	285.0
31596	8967	439.6	286.0
31608	8967	444.0	287.0
31620	8967	447.0	288.0
31632	8967	450.0	288.0
31644	8967	454.0	288.0
31656	8967	458.0	289.0
31668	8967	464.0	290.0
31680	8967	469.0	291.0
31692	8967	475.0	292.0
31704	8967	481.0	293.0
31716	8967	488.0	294.0
31728	8967	497.0	295.0
31740	8967	508.0	298.0
31752	8967	520.0	299.0
31764	8967	535.0	301.0
31776	8967	554.0	305.0
31788	8967	579.0	308.0
31800	8967	611.0	313.0
31812	8967	654.0	320.0
31824	8967	718.0	330.0
31836	8967	822.0	346.0
31848	8967	977.0	376.0
31788	9029	500.4166666666667	286.0
31800	9029	505.0	287.0
31812	9029	510.0	288.0
31824	9029	516.0	287.0
31836	9029	522.5	288.0
31848	9029	529.3333333333334	289.0
31860	9029	535.8139534883721	291.0
31872	9029	543.0697674418604	291.0
31884	9029	550.3255813953489	291.0
31896	9029	557.5813953488372	291.0
31908	9029	568.7272727272727	291.72727272727275
31920	9029	583.0	293.0
31932	9029	599.0	296.0
31944	9029	617.0	297.0
31956	9029	635.0	298.0
31968	9029	661.0	301.0
31980	9029	687.0	303.0
31992	9029	718.0	306.0
32004	9029	758.0	309.0
32016	9029	808.0	314.0
32028	9029	874.0	320.0
32040	9029	959.0	328.0
32052	9029	981.0	329.0
31812	9035	445.0	286.0
31824	9035	446.0	284.0
31836	9035	451.0	284.8
31848	9035	454.0	286.0
31860	9035	457.0	286.0
31872	9035	460.0	287.0
31884	9035	464.0	286.0
31896	9035	467.0	287.0
31908	9035	473.0	288.0
31920	9035	477.0	288.0
31932	9035	482.0	289.0
31944	9035	488.0	289.0
31956	9035	494.0	290.0
31968	9035	502.0	291.0
31980	9035	511.0	292.0
31992	9035	520.0	293.0
32004	9035	532.0	294.0
32016	9035	545.0	295.0
32028	9035	560.0	297.0
32040	9035	574.0	299.0
32052	9035	591.1111111111111	297.0
32064	9035	614.0	302.0
32076	9035	651.0	309.0
32088	9035	706.0	315.0
32100	9035	771.0	323.0
32112	9035	869.0	334.0
32124	9035	980.0	353.0
31860	9064	395.0	283.0
31872	9064	396.0	281.9166666666667
31884	9064	396.0	281.0
31896	9064	397.0	283.0
31908	9064	397.0	282.0
31920	9064	397.0	281.0
31932	9064	398.0	281.0
31944	9064	398.0	282.0
31956	9064	399.0	283.0
31968	9064	399.0	282.0
31980	9064	401.0	283.0
31992	9064	401.0	283.0
32004	9064	401.0	282.0
32016	9064	401.52941176470586	282.52941176470586
32028	9064	402.0	282.0
32040	9064	403.0	283.0
32052	9064	404.0	283.0
32064	9064	406.0	284.0
32076	9064	408.0	284.0
32088	9064	409.0	285.0
32100	9064	411.0	285.0
31992	9096	467.0	283.0
32004	9096	466.0	283.17241379310343
32016	9096	466.0	283.58620689655174
32028	9096	466.0	284.0
32040	9096	467.0	284.0
32052	9096	472.0	285.0
32064	9096	477.54545454545456	285.90909090909093
32076	9096	482.0	286.0
32088	9096	487.0	286.0
32100	9096	495.0	288.0
32112	9096	502.0	288.0
32124	9096	509.0	289.0
32136	9096	516.0	289.0
32148	9096	526.0	291.0
32160	9096	537.0	291.0
32172	9096	548.0	292.0
32184	9096	564.0	295.0
32196	9096	580.0	296.0
32208	9096	598.0	297.0
32220	9096	624.0	300.0
32232	9096	652.0	302.0
32244	9096	690.0	306.0
32256	9096	736.0	311.0
32268	9096	797.0	317.0
32280	9096	886.0	326.0
32292	9096	979.0	337.0
32028	9104	493.0	286.0
32040	9104	497.0	285.0
32052	9104	501.0	285.0
32064	9104	507.0	288.0
32076	9104	512.0	288.0
32088	9104	519.0	288.0
32100	9104	525.0	289.0
32112	9104	532.0	290.0
32124	9104	541.0	290.0
32136	9104	550.0	291.0
32148	9104	560.0	292.0
32160	9104	571.0	292.0
32172	9104	585.0	295.0
32184	9104	599.0	296.0
32196	9104	616.0	297.0
32208	9104	635.0	299.0
32220	9104	659.0	301.0
32232	9104	686.0	303.0
32244	9104	720.0	306.0
32256	9104	762.0	308.0
32268	9104	814.0	313.0
32076	9138	443.0869565217391	287.0
32088	9138	443.60869565217394	287.0
32100	9138	444.1304347826087	287.0
32112	9138	444.6521739130435	287.0
32124	9138	445.0	288.0
32136	9138	446.0	288.0
32148	9138	450.75	289.0
32160	9138	456.0	289.0
32172	9138	463.0	291.0
32184	9138	467.0	292.0
32196	9138	474.0	293.0
32208	9138	481.0	295.0
32220	9138	489.0	296.0
32232	9138	498.0	297.0
32244	9138	509.0	299.0
32256	9138	522.0	302.0
32268	9138	537.0	304.0
32280	9138	558.0	308.0
32292	9138	582.0	312.0
32304	9138	616.0	318.0
32316	9138	662.0	326.0
32328	9138	733.0	339.0
32340	9138	847.0	359.0
32352	9138	992.0	397.0
32100	9148	421.2857142857143	283.0
32112	9148	423.0	284.0
32124	9148	421.7	284.3
32136	9148	421.0	286.0
32148	9148	421.0	286.0
32160	9148	423.0	287.0
32172	9148	429.0	286.0
32184	9148	432.0	288.0
32196	9148	434.0	288.0
32208	9148	438.0	289.0
32220	9148	442.0	289.0
32232	9148	446.0	289.0
32244	9148	451.0	290.0
32256	9148	459.0	291.0
32268	9148	464.0	292.0
32280	9148	470.0	293.0
32292	9148	478.0	294.0
32304	9148	486.0	295.0
32316	9148	495.0	296.0
32328	9148	507.0	298.0
32340	9148	520.0	300.0
32352	9148	534.0	302.0
32364	9148	553.0	305.0
32376	9148	576.0	309.0
32388	9148	607.0	314.0
32400	9148	649.0	320.0
32412	9148	709.0	331.0
32424	9148	801.0	346.0
32436	9148	958.0	373.0
32208	9195	422.4590163934426	283.0655737704918
32220	9195	423.8360655737705	283.26229508196724
32232	9195	425.21311475409834	283.4590163934426
32244	9195	426.59016393442624	283.655737704918
32256	9195	427.9672131147541	283.8524590163934
32268	9195	428.0	285.0
32280	9195	430.0	285.0
32292	9195	431.0	286.0
32304	9195	433.0	286.0
32316	9195	435.0	286.0
32328	9195	437.5	287.0
32340	9195	440.0	288.0
32352	9195	443.0	288.0
32364	9195	445.0	288.0
32376	9195	448.0	289.0
32388	9195	452.0	290.0
32400	9195	456.0	290.0
32412	9195	460.0	289.0
32424	9195	464.0	292.0
32436	9195	469.0	292.0
32448	9195	475.0	293.0
32460	9195	481.0	294.0
32472	9195	489.0	295.0
32484	9195	497.0	296.0
32496	9195	507.0	298.0
32508	9195	518.0	299.0
32520	9195	532.0	301.0
32532	9195	549.0	304.0
32544	9195	568.0	308.0
32556	9195	594.0	312.0
32568	9195	627.0	317.0
32580	9195	673.0	325.0
32592	9195	737.0	335.0
32604	9195	834.0	351.0
32616	9195	972.0	378.0
32256	9214	443.0	288.0
32268	9214	446.0	288.0
32280	9214	451.0	289.0
32292	9214	457.0	290.0
32304	9214	462.0	291.0
32316	9214	468.0	292.0
32328	9214	472.0	293.0
32340	9214	478.0	294.0
32352	9214	487.0	295.0
32364	9214	495.0	296.0
32376	9214	504.0	298.0
32388	9214	516.0	300.0
32400	9214	529.0	302.0
32412	9214	547.0	305.0
32424	9214	568.0	309.0
32436	9214	595.0	313.0
32448	9214	631.0	319.0
32460	9214	682.0	328.0
32472	9214	759.0	341.0
32484	9214	883.0	362.0
32496	9214	1002.0	401.0
32364	9250	465.0	285.0
32376	9250	470.0	284.0
32388	9250	474.0	284.5
32400	9250	478.0	286.0
32412	9250	481.0	286.0
32424	9250	486.0	286.0
32436	9250	491.0	288.0
32448	9250	496.0	288.0
32460	9250	503.0	288.0
32472	9250	510.0	289.0
32484	9250	517.0	289.0
32496	9250	526.0	291.0
32508	9250	537.0	293.0
32520	9250	549.0	293.0
32532	9250	562.0	294.0
32544	9250	582.0	295.0
32556	9250	598.0	296.0
32568	9250	610.3846153846154	290.84615384615387
32580	9250	629.0	292.0
32592	9250	671.0	303.0
32604	9250	718.0	309.0
32616	9250	784.0	316.0
32628	9250	866.0	324.0
32640	9250	969.0	335.0
32424	9265	429.0	285.0
32436	9265	431.0	284.0
32448	9265	432.6666666666667	284.8333333333333
32460	9265	434.0	285.0
32472	9265	436.0	286.0
32484	9265	437.0	286.0
32496	9265	440.6666666666667	286.0
32508	9265	443.0	287.0
32520	9265	445.0	287.0
32532	9265	448.0	288.0
32544	9265	452.0	288.0
32556	9265	455.0	289.0
32568	9265	458.0	289.0
32580	9265	464.0	290.0
32592	9265	468.0	291.0
32604	9265	473.0	292.0
32616	9265	479.0	293.0
32628	9265	486.0	293.0
32640	9265	494.0	294.0
32652	9265	502.0	295.0
32664	9265	514.0	298.0
32676	9265	526.0	300.0
32688	9265	540.0	302.0
32700	9265	558.0	304.0
32712	9265	580.0	308.0
32724	9265	609.0	312.0
32736	9265	646.0	318.0
32748	9265	697.0	326.0
32760	9265	773.0	339.0
32772	9265	897.5	358.0
32784	9265	1000.0	390.0
32556	9309	429.0	285.0
32568	9309	431.0	286.0
32580	9309	434.0	287.0
32592	9309	436.0	287.0
32604	9309	438.0	287.0
32616	9309	441.0	288.0
32628	9309	444.0	288.0
32640	9309	447.0	288.0
32652	9309	451.0	288.0
32664	9309	457.0	290.0
32676	9309	460.0	290.0
32688	9309	465.0	291.0
32700	9309	470.0	292.0
32712	9309	476.0	293.0
32724	9309	484.0	294.0
32736	9309	492.0	295.0
32748	9309	502.0	297.0
32760	9309	513.0	299.0
32772	9309	527.0	301.0
32784	9309	545.0	304.0
32796	9309	566.0	307.0
32808	9309	594.0	312.0
32820	9309	630.0	317.0
32832	9309	681.0	326.0
32844	9309	755.0	338.0
32856	9309	881.0	359.0
32868	9309	1006.0	399.0
32556	9310	416.0	283.0
32568	9310	417.0	283.0
32580	9310	417.0	282.0
32592	9310	420.0	283.0
32604	9310	420.0	282.0
32616	9310	422.0	283.0
32628	9310	423.0	284.0
32640	9310	424.0	285.0
32652	9310	427.0	285.0
32664	9310	428.0	286.0
32676	9310	429.0	285.0
32688	9310	431.0	286.0
32700	9310	434.0	286.0
32712	9310	436.0	287.0
32724	9310	438.0	287.0
32736	9310	441.0	288.0
32748	9310	443.0	288.0
32760	9310	446.0	288.0
32772	9310	449.0	289.0
32784	9310	453.0	290.0
32796	9310	458.0	290.0
32808	9310	462.0	291.0
32820	9310	467.0	293.0
32832	9310	472.0	293.0
32844	9310	479.0	295.0
32856	9310	486.0	296.0
32868	9310	494.0	297.0
32880	9310	501.0	299.0
32892	9310	512.0	302.0
32904	9310	525.0	305.0
32916	9310	543.0	309.0
32928	9310	565.0	314.0
32940	9310	595.0	321.0
32952	9310	642.0	331.0
32964	9310	722.0	347.0
32976	9310	857.0	376.0
32988	9310	1013.0	441.0
32844	9393	454.0	284.0
32856	9393	457.0	284.0
32868	9393	459.0	284.0
32880	9393	461.0	285.0
32892	9393	465.0	285.0
32904	9393	467.0	284.0
32916	9393	472.0	285.0
32928	9393	477.0	285.0
32940	9393	480.0	286.0
32952	9393	483.0	286.0
32964	9393	488.0	286.0
32976	9393	494.0	287.0
32988	9393	499.0	288.0
33000	9393	505.0	289.0
33012	9393	513.0	289.0
33024	9393	521.0	290.0
33036	9393	529.0	291.0
33048	9393	541.0	292.0
33060	9393	552.0	293.0
33072	9393	566.0	295.0
33084	9393	582.0	296.0
33096	9393	601.0	298.0
33108	9393	624.0	300.0
33120	9393	651.0	303.0
33132	9393	687.0	307.0
33144	9393	732.0	311.0
33156	9393	794.0	317.0
33168	9393	879.0	325.0
33180	9393	975.0	337.0
33156	9456	456.0	283.0
33168	9456	458.0	284.0
33180	9456	462.5	284.0
33192	9456	466.0	285.0
33204	9456	469.0	285.0
33216	9456	472.0	285.0
33228	9456	476.0	286.0
33240	9456	480.0	286.0
33252	9456	484.0	286.0
33264	9456	490.0	286.0
33276	9456	495.0	287.0
33288	9456	502.0	288.0
33300	9456	509.0	289.0
33312	9456	518.0	290.0
33324	9456	527.0	290.0
33336	9456	539.0	291.0
33348	9456	550.0	293.0
33360	9456	564.0	294.0
33372	9456	581.0	296.0
33384	9456	603.0	298.0
33396	9456	627.0	300.0
33408	9456	658.0	303.0
33420	9456	697.0	307.0
33432	9456	750.0	312.0
33444	9456	823.0	319.0
33456	9456	929.0	329.0
33156	9457	493.0	285.0
33168	9457	496.0	286.0
33180	9457	499.0	286.0
33192	9457	505.0	287.0
33204	9457	511.0	288.0
33216	9457	518.0	288.0
33228	9457	525.0	289.0
33240	9457	533.0	289.0
33252	9457	542.0	290.0
33264	9457	552.0	291.0
33276	9457	563.0	292.0
33288	9457	577.0	293.0
33300	9457	591.0	294.0
33312	9457	609.0	296.0
33324	9457	630.0	298.0
33336	9457	654.0	300.0
33348	9457	684.0	303.0
33360	9457	721.0	306.0
33372	9457	767.0	310.0
33384	9457	827.0	314.0
33396	9457	910.0	321.0
33408	9457	982.0	332.0
33192	9466	445.0	284.0
33204	9466	446.0	285.0
33216	9466	448.72727272727275	285.0
33228	9466	452.0	285.0
33240	9466	456.0	286.0
33252	9466	460.0	286.0
33264	9466	463.2	286.0
33276	9466	467.0	287.0
33288	9466	472.0	288.0
33300	9466	478.0	288.0
33312	9466	483.0	289.0
33324	9466	490.0	289.0
33336	9466	497.0	291.0
33348	9466	506.0	291.0
33360	9466	516.0	292.0
33372	9466	527.0	295.0
33384	9466	541.0	296.0
33396	9466	557.0	297.0
33408	9466	576.0	300.0
33420	9466	600.0	303.0
33432	9466	630.0	306.0
33444	9466	671.0	311.0
33456	9466	725.0	317.0
33468	9466	805.0	326.0
33480	9466	932.0	342.0
33252	9476	433.0	283.0
33264	9476	435.0	283.0
33276	9476	436.0	283.0
33288	9476	438.0	282.0
33300	9476	439.6666666666667	282.6666666666667
33312	9476	442.0	282.0
33324	9476	444.0	283.0
33336	9476	446.0	284.0
33348	9476	448.0	284.0
33360	9476	451.0	285.0
33372	9476	453.0	285.0
33384	9476	456.0	285.0
33396	9476	460.0	286.0
33408	9476	463.0	286.0
33420	9476	468.0	287.0
33432	9476	471.0	287.0
33444	9476	476.0	288.0
33456	9476	480.0	288.0
33468	9476	485.0	288.0
33480	9476	492.0	290.0
33492	9476	498.0	290.0
33504	9476	506.0	291.0
33516	9476	513.0	292.0
33528	9476	522.0	292.0
33540	9476	535.0	294.0
33552	9476	548.0	296.0
33564	9476	563.0	298.0
33576	9476	580.0	299.0
33588	9476	602.0	302.0
33600	9476	630.0	306.0
33612	9476	666.0	310.0
33624	9476	709.0	315.0
33636	9476	772.0	322.0
33648	9476	862.0	332.0
33660	9476	967.0	346.0
33672	9476	987.0	350.0
33684	9476	994.0	357.0
33696	9476	980.0	320.0
33288	9483	457.32	283.96
33300	9483	459.24	283.72
33312	9483	461.16	283.48
33324	9483	463.08	283.24
33336	9483	465.0	283.0
33348	9483	468.0	283.0
33360	9483	471.0	284.0
33372	9483	476.0	285.0
33384	9483	480.0	285.0
33396	9483	484.0	285.0
33408	9483	488.0	285.0
33420	9483	494.0	286.0
33432	9483	499.0	286.0
33444	9483	503.0	287.0
33456	9483	511.0	288.0
33468	9483	517.0	288.0
33480	9483	524.0	289.0
33492	9483	534.0	290.0
33504	9483	543.0	290.0
33516	9483	555.0	291.0
33528	9483	567.0	292.0
33540	9483	583.0	294.0
33552	9483	599.0	295.0
33564	9483	619.0	297.0
33576	9483	643.0	299.0
33588	9483	673.0	301.0
33600	9483	708.0	304.0
33612	9483	754.0	308.0
33624	9483	813.0	313.0
33636	9483	893.0	320.0
33648	9483	975.0	328.0
33336	9488	479.0	286.0
33348	9488	483.0	286.0
33360	9488	486.0	286.0
33372	9488	493.0	287.0
33384	9488	498.0	288.0
33396	9488	505.0	289.0
33408	9488	513.0	289.0
33420	9488	522.0	290.0
33432	9488	531.0	290.0
33444	9488	543.0	292.0
33456	9488	555.0	293.0
33468	9488	570.0	295.0
33480	9488	588.0	297.0
33492	9488	609.0	299.0
33504	9488	633.0	301.0
33516	9488	666.0	304.0
33528	9488	706.0	309.0
33540	9488	760.0	314.0
33552	9488	834.0	321.0
33564	9488	945.0	332.0
33360	9490	417.0	284.5
33372	9490	417.0	284.0
33384	9490	417.3333333333333	284.3333333333333
33396	9490	419.0	286.0
33408	9490	419.0	286.0
33420	9490	420.0	285.0
33432	9490	420.5	286.0
33444	9490	422.0	288.0
33456	9490	423.0	288.0
33468	9490	424.0	289.0
33480	9490	427.0	290.0
33492	9490	428.0	289.0
33504	9490	432.0	291.0
33516	9490	434.0	291.0
33528	9490	438.0	293.0
33540	9490	442.0	294.0
33552	9490	446.0	295.0
33564	9490	452.0	297.0
33576	9490	458.0	298.0
33588	9490	467.0	301.0
33600	9490	477.0	304.0
33612	9490	490.0	307.0
33624	9490	507.0	311.0
33636	9490	530.0	317.0
33648	9490	561.0	325.0
33660	9490	609.0	337.0
33672	9490	690.0	358.0
33684	9490	850.0	399.0
33696	9490	1032.0	494.0
33612	9540	417.0	283.0
33624	9540	419.0	283.0
33636	9540	418.0	283.0
33648	9540	420.0	283.0
33660	9540	421.0	283.0
33672	9540	421.0	283.0
33684	9540	423.0	283.0
33696	9540	423.6	283.24
33708	9540	426.0	284.2
33720	9540	428.0	285.0
33732	9540	428.0	285.0
33744	9540	430.0	285.0
33756	9540	432.0	285.0
33768	9540	434.0	287.0
33780	9540	437.0	287.0
33792	9540	440.0	287.0
33804	9540	442.0	288.0
33816	9540	444.0	288.0
33828	9540	448.0	288.0
33840	9540	451.0	289.0
33852	9540	455.0	290.0
33864	9540	459.0	289.0
33876	9540	465.0	292.0
33888	9540	470.0	292.0
33900	9540	478.0	294.0
33912	9540	484.0	295.0
33924	9540	493.0	296.0
33936	9540	504.0	297.0
33948	9540	516.0	299.0
33960	9540	530.0	302.0
33972	9540	550.0	305.0
33984	9540	574.0	309.0
33996	9540	605.0	314.0
34008	9540	648.0	321.0
34020	9540	712.0	332.0
34032	9540	814.0	348.0
34044	9540	974.0	379.0
33684	9557	453.0	285.0
33696	9557	455.0	286.0
33708	9557	459.0	286.0
33720	9557	463.1818181818182	286.0
33732	9557	467.0	287.0
33744	9557	472.0	288.0
33756	9557	475.0	288.0
33768	9557	482.0	289.0
33780	9557	488.0	289.0
33792	9557	495.0	291.0
33804	9557	503.0	292.0
33816	9557	510.0	292.0
33828	9557	521.0	294.0
33840	9557	531.0	296.0
33852	9557	546.0	297.0
33864	9557	561.0	298.0
33876	9557	581.0	301.0
33888	9557	605.0	304.0
33900	9557	636.0	307.0
33912	9557	676.0	312.0
33924	9557	730.0	319.0
33936	9557	809.0	328.0
33948	9557	930.0	342.0
33744	9577	457.0	285.0
33756	9577	459.0	285.0
33768	9577	465.0	286.0
33780	9577	467.0	285.0
33792	9577	472.0	286.0
33804	9577	476.0	288.0
33816	9577	481.0	288.0
33828	9577	485.0	289.0
33840	9577	491.0	290.0
33852	9577	498.0	291.0
33864	9577	506.0	292.0
33876	9577	514.0	292.0
33888	9577	524.0	294.0
33900	9577	535.0	295.0
33912	9577	550.0	297.0
33924	9577	567.0	299.0
33936	9577	587.0	302.0
33948	9577	611.0	304.0
33960	9577	644.0	308.0
33972	9577	687.0	314.0
33984	9577	746.0	320.0
33996	9577	831.0	331.0
34008	9577	961.0	347.0
33888	9603	445.0	286.0
33900	9603	446.0	285.0
33912	9603	448.0	286.0
33924	9603	451.0	285.0
33936	9603	453.5	285.0
33948	9603	456.0	286.0
33960	9603	459.0	286.0
33972	9603	463.0	286.0
33984	9603	466.0	287.0
33996	9603	470.0	288.0
34008	9603	475.0	288.0
34020	9603	480.0	288.0
34032	9603	485.0	290.0
34044	9603	491.0	290.0
34056	9603	496.0	291.0
34068	9603	504.0	292.0
34080	9603	512.0	293.0
34092	9603	520.0	293.0
34104	9603	531.0	295.0
34116	9603	543.0	296.0
34128	9603	557.0	297.0
34140	9603	575.0	300.0
34152	9603	595.0	302.0
34164	9603	619.0	305.0
34176	9603	651.0	309.0
34188	9603	691.0	313.0
34200	9603	747.0	319.0
34212	9603	823.0	328.0
34224	9603	936.0	341.0
34236	9603	998.0	359.0
33936	9628	480.0	285.0
33948	9628	483.0	286.0
33960	9628	487.8	286.0
33972	9628	492.0	286.0
33984	9628	497.0	286.0
33996	9628	503.0	286.0
34008	9628	510.0	288.0
34020	9628	516.0	287.0
34032	9628	524.0	289.0
34044	9628	531.0	289.0
34056	9628	541.0	290.0
34068	9628	551.0	291.0
34080	9628	563.0	292.0
34092	9628	576.0	293.0
34104	9628	592.0	294.0
34116	9628	609.0	296.0
34128	9628	629.0	298.0
34140	9628	654.0	300.0
34152	9628	683.0	303.0
34164	9628	720.0	306.0
34176	9628	766.0	309.0
34188	9628	827.0	315.0
34200	9628	909.0	322.0
34212	9628	979.0	330.0
33996	9649	454.0	285.0
34008	9649	456.0	286.0
34020	9649	459.0	285.0
34032	9649	464.0	285.0
34044	9649	467.0	287.0
34056	9649	471.0	288.0
34068	9649	475.0	288.0
34080	9649	480.0	289.0
34092	9649	485.0	290.0
34104	9649	490.0	290.0
34116	9649	497.0	291.0
34128	9649	504.0	292.0
34140	9649	512.0	292.0
34152	9649	520.0	294.0
34164	9649	530.0	295.0
34176	9649	542.0	296.0
34188	9649	556.0	298.0
34200	9649	573.0	300.0
34212	9649	592.0	302.0
34224	9649	616.0	305.0
34236	9649	645.0	308.0
34248	9649	684.0	313.0
34260	9649	734.0	319.0
34272	9649	804.0	327.0
34284	9649	906.0	339.0
34296	9649	991.0	359.0
33996	9650	416.0	285.0
34008	9650	417.0	284.0
34020	9650	419.0	285.0
34032	9650	421.0	286.0
34044	9650	423.0	286.0
34056	9650	426.0	286.25
34068	9650	429.0	287.0
34080	9650	430.0	288.0
34092	9650	433.0	288.0
34104	9650	437.0	288.0
34116	9650	440.0	289.0
34128	9650	444.0	290.0
34140	9650	449.0	291.0
34152	9650	455.0	291.0
34164	9650	460.0	292.0
34176	9650	465.0	293.0
34188	9650	472.0	294.0
34200	9650	479.0	295.0
34212	9650	487.0	296.0
34224	9650	497.0	298.0
34236	9650	509.0	300.0
34248	9650	522.0	302.0
34260	9650	539.0	305.0
34272	9650	559.0	308.0
34284	9650	586.0	312.0
34296	9650	618.0	317.0
34308	9650	663.0	325.0
34320	9650	723.0	335.0
34332	9650	817.0	350.0
34344	9650	963.0	376.0
34032	9660	407.0	284.0
34044	9660	406.0	284.0
34056	9660	406.0	284.0
34068	9660	407.6	284.8
34080	9660	409.0	284.0
34092	9660	411.0	285.0
34104	9660	412.0	286.0
34116	9660	414.25	286.0
34128	9660	416.0	286.0
34140	9660	418.0	288.0
34152	9660	420.0	288.0
34164	9660	421.0	288.0
34176	9660	423.0	288.0
34188	9660	425.0	289.0
34200	9660	427.0	290.0
34212	9660	430.0	291.0
34224	9660	433.0	292.0
34236	9660	437.0	292.0
34248	9660	441.0	293.0
34260	9660	446.0	295.0
34272	9660	452.0	296.0
34284	9660	461.0	297.0
34296	9660	469.0	299.0
34308	9660	481.0	301.0
34320	9660	496.0	304.0
34332	9660	514.0	308.0
34344	9660	537.0	312.0
34356	9660	569.0	318.0
34368	9660	614.0	327.0
34380	9660	678.0	338.0
34392	9660	782.0	358.0
34404	9660	962.0	392.0
34068	9668	456.0	285.0
34080	9668	458.0	286.0
34092	9668	462.0	286.0
34104	9668	466.0	286.0
34116	9668	470.0	287.0
34128	9668	474.0	288.0
34140	9668	479.0	288.0
34152	9668	484.0	290.0
34164	9668	490.0	290.0
34176	9668	496.0	290.0
34188	9668	503.0	291.0
34200	9668	510.0	292.0
34212	9668	518.0	293.0
34224	9668	528.0	295.0
34236	9668	539.0	296.0
34248	9668	551.0	297.0
34260	9668	566.0	299.0
34272	9668	584.0	301.0
34284	9668	606.0	303.0
34296	9668	633.0	307.0
34308	9668	663.0	308.0
34236	9712	403.0	283.0
34248	9712	404.0	283.0
34260	9712	406.0	283.0
34272	9712	407.0	283.0
34284	9712	407.0	283.0
34296	9712	409.0	282.0
34308	9712	411.0	283.0
34320	9712	412.52941176470586	283.1764705882353
34332	9712	414.6470588235294	283.88235294117646
34344	9712	416.0	283.0
34356	9712	417.0	284.0
34368	9712	419.0	284.0
34380	9712	421.0	284.0
34392	9712	424.0	285.0
34404	9712	425.0	285.0
34416	9712	427.0	286.0
34428	9712	430.0	286.0
34440	9712	432.0	286.0
34452	9712	435.0	287.0
34464	9712	438.0	288.0
34476	9712	440.0	288.0
34488	9712	444.0	288.0
34500	9712	448.0	289.0
34512	9712	452.0	290.0
34524	9712	457.0	291.0
34536	9712	462.0	291.0
34548	9712	468.0	293.0
34560	9712	475.0	294.0
34572	9712	482.0	295.0
34584	9712	492.0	297.0
34596	9712	504.0	299.0
34608	9712	517.0	300.0
34620	9712	534.0	304.0
34632	9712	556.0	307.0
34644	9712	583.0	312.0
34656	9712	621.0	318.0
34668	9712	676.0	327.0
34680	9712	763.0	342.0
34692	9712	918.0	368.0
34332	9735	473.0	287.0
34344	9735	477.0	287.0
34356	9735	481.0	288.0
34368	9735	486.0	289.0
34380	9735	493.0	289.0
34392	9735	499.0	291.0
34404	9735	506.0	292.0
34416	9735	514.0	293.0
34428	9735	523.0	294.0
34440	9735	532.0	295.0
34452	9735	544.0	296.0
34464	9735	558.0	298.0
34476	9735	573.0	299.0
34488	9735	591.0	302.0
34500	9735	613.0	304.0
34512	9735	639.0	307.0
34524	9735	672.0	311.0
34536	9735	715.0	316.0
34548	9735	772.0	323.0
34560	9735	849.0	332.0
34572	9735	960.0	345.0
34368	9745	470.0	285.0
34380	9745	471.2903225806452	285.0
34392	9745	472.83870967741933	285.0
34404	9745	474.38709677419354	285.0
34416	9745	475.93548387096774	285.0
34428	9745	477.48387096774195	285.0
34440	9745	479.0	286.0
34452	9745	484.0	286.0
34464	9745	487.0	287.0
34476	9745	493.0	288.0
34488	9745	499.0	288.0
34500	9745	505.0	288.0
34512	9745	512.0	289.0
34524	9745	519.0	290.0
34536	9745	528.0	291.0
34548	9745	538.0	291.0
34560	9745	547.0	292.0
34572	9745	561.0	294.0
34584	9745	575.0	295.0
34596	9745	591.0	297.0
34608	9745	611.0	299.0
34620	9745	635.0	301.0
34632	9745	664.0	304.0
34644	9745	699.0	307.0
34656	9745	745.0	312.0
34668	9745	806.0	317.0
34680	9745	890.0	325.0
34692	9745	976.0	336.0
34392	9751	406.8888888888889	283.0
34404	9751	406.0	283.0
34416	9751	406.0	283.0
34428	9751	406.0	283.0
34440	9751	408.0	284.0
34452	9751	409.0	283.0
34464	9751	410.0	284.0
34476	9751	412.0	284.0
34488	9751	413.8181818181818	284.0
34500	9751	416.0	284.0
34512	9751	417.0	286.0
34524	9751	418.0	286.0
34536	9751	420.0	286.0
34548	9751	422.0	286.0
34560	9751	425.0	287.0
34572	9751	428.0	288.0
34584	9751	431.0	288.0
34596	9751	434.0	288.0
34608	9751	439.0	290.0
34620	9751	443.0	290.0
34632	9751	449.0	291.0
34644	9751	455.0	292.0
34656	9751	461.0	293.0
34668	9751	469.0	295.0
34680	9751	478.0	296.0
34692	9751	488.0	298.0
34704	9751	500.0	300.0
34716	9751	515.0	302.0
34728	9751	535.0	305.0
34740	9751	558.0	309.0
34752	9751	588.0	314.0
34764	9751	631.0	321.0
34776	9751	692.0	331.0
34788	9751	788.0	349.0
34800	9751	957.0	378.0
34392	9753	481.0	286.0
34404	9753	486.0	287.0
34416	9753	491.0	286.0
34428	9753	496.0	287.0
34440	9753	503.0	288.0
34452	9753	509.0	288.0
34464	9753	516.0	289.0
34476	9753	527.0	290.0
34488	9753	533.0	291.0
34500	9753	544.0	292.0
34512	9753	556.0	293.0
34524	9753	568.0	294.0
34536	9753	583.0	296.0
34548	9753	600.0	297.0
34560	9753	620.0	300.0
34572	9753	645.0	302.0
34584	9753	677.0	305.0
34596	9753	718.0	310.0
34608	9753	771.0	315.0
34620	9753	843.0	321.0
34632	9753	946.0	332.0
34464	9789	454.0	284.0
34476	9789	457.0	286.0
34488	9789	459.0	286.0
34500	9789	462.5	286.0
34512	9789	468.0	286.0
34524	9789	471.0	287.0
34536	9789	476.25	287.75
34548	9789	481.0	288.0
34560	9789	487.0	289.0
34572	9789	493.0	289.0
34584	9789	502.0	290.0
34596	9789	509.6842105263158	290.6140350877193
34608	9789	518.5263157894736	292.0877192982456
34620	9789	527.3684210526316	293.56140350877195
34632	9789	536.2105263157895	295.03508771929825
34644	9789	545.0526315789474	296.50877192982455
34656	9789	559.0	299.0
34668	9789	588.0	301.0
34680	9789	622.0	305.0
34692	9789	657.0	309.0
34704	9789	703.0	314.0
34716	9789	765.0	321.0
34728	9789	853.0	332.0
34740	9789	971.0	348.0
34548	9818	397.0	282.0
34560	9818	399.0	282.0
34572	9818	399.0	283.0
34584	9818	399.0	283.0
34596	9818	401.0	282.0
34608	9818	401.0	282.0
34620	9818	399.0	281.7647058823529
34632	9818	399.0	281.05882352941177
34644	9818	400.0	283.0
34656	9818	401.0	283.0
34668	9818	401.0	283.0
34680	9818	401.7	282.0
34692	9818	403.0	283.0
34704	9818	402.0	282.0
34716	9818	404.0	283.0
34728	9818	405.0	283.0
34740	9818	405.0	283.0
34752	9818	406.0	283.0
34764	9818	406.0	283.0
34776	9818	407.0	283.0
34788	9818	408.0	284.0
34800	9818	409.0	283.0
34812	9818	409.0	284.0
34824	9818	410.0	284.0
34836	9818	412.0	284.0
34848	9818	413.0	285.0
34860	9818	414.5	285.0
34872	9818	417.0	285.0
34884	9818	419.0	285.0
34896	9818	421.0	286.0
34908	9818	424.0	286.0
34920	9818	427.0	287.0
34932	9818	429.0	287.0
34944	9818	432.0	287.0
34956	9818	435.0	288.0
34968	9818	438.0	289.0
34980	9818	442.0	289.0
34992	9818	446.0	289.0
35004	9818	450.0	290.0
35016	9818	454.0	289.0
35028	9818	458.0	291.0
35040	9818	463.0	292.0
35052	9818	469.0	293.0
35064	9818	475.0	293.0
35076	9818	481.0	295.0
35088	9818	488.0	295.0
35100	9818	497.0	297.0
35112	9818	506.0	298.0
35124	9818	518.0	300.0
35136	9818	529.0	302.0
35148	9818	545.0	304.0
35160	9818	562.0	307.0
35172	9818	585.0	310.0
35184	9818	615.0	315.0
35196	9818	652.0	322.0
35208	9818	702.0	330.0
35220	9818	776.0	342.0
35232	9818	893.0	361.0
35244	9818	998.0	395.0
34644	9846	434.0	285.0
34656	9846	438.0769230769231	285.61538461538464
34668	9846	443.0	287.0
34680	9846	445.0	287.0
34692	9846	445.0	287.0
34704	9846	449.0	288.0
34716	9846	451.0	288.0
34728	9846	457.0	289.0
34740	9846	460.0	289.0
34752	9846	464.0	290.0
34764	9846	469.0	291.0
34776	9846	474.0	292.0
34788	9846	479.0	293.0
34800	9846	486.0	294.0
34812	9846	494.0	295.0
34824	9846	503.0	296.0
34836	9846	514.0	298.0
34848	9846	527.0	301.0
34860	9846	542.0	303.0
34872	9846	561.0	306.0
34884	9846	586.0	310.0
34896	9846	616.0	315.0
34908	9846	659.0	321.0
34920	9846	717.0	331.0
34932	9846	808.0	346.0
34944	9846	958.0	371.0
34752	9887	442.0	286.0
34764	9887	443.0	288.0
34776	9887	447.0	288.0
34788	9887	450.0	288.0
34800	9887	454.0	289.0
34812	9887	456.0	289.0
34824	9887	461.0	290.0
34836	9887	465.0	291.0
34848	9887	469.0	292.0
34860	9887	475.0	293.0
34872	9887	482.0	294.0
34884	9887	487.0	295.0
34896	9887	497.0	296.0
34908	9887	505.0	298.0
34920	9887	516.0	300.0
34932	9887	528.0	302.0
34944	9887	545.0	305.0
34956	9887	565.0	308.0
34968	9887	589.0	312.0
34980	9887	624.0	318.0
34992	9887	669.0	327.0
35004	9887	738.0	338.0
35016	9887	844.0	357.0
35028	9887	990.0	392.0
34812	9916	441.0	289.0
34824	9916	445.0	288.0
34836	9916	448.0	288.0
34848	9916	452.0	289.0
34860	9916	456.0	290.0
34872	9916	460.0	291.0
34884	9916	466.0	292.0
34896	9916	472.0	293.0
34908	9916	478.0	294.0
34920	9916	486.0	295.0
34932	9916	494.0	296.0
34944	9916	504.0	298.0
34956	9916	516.0	300.0
34968	9916	530.0	302.0
34980	9916	547.0	305.0
34992	9916	567.0	308.0
35004	9916	592.0	313.0
35016	9916	625.0	318.0
35028	9916	670.0	325.0
35040	9916	735.0	337.0
35052	9916	833.0	354.0
35064	9916	974.0	382.0
34836	9921	435.0	286.0
34848	9921	435.0	286.0
34860	9921	438.0	286.6
34872	9921	441.0	288.0
34884	9921	443.0	288.0
34896	9921	446.0	288.0
34908	9921	449.0	289.0
34920	9921	452.0	289.0
34932	9921	455.0	290.0
34944	9921	459.0	290.0
34956	9921	464.0	292.0
34968	9921	469.0	292.0
34980	9921	474.0	293.0
34992	9921	480.0	295.0
35004	9921	486.0	295.0
35016	9921	496.0	296.0
35028	9921	505.0	298.0
35040	9921	516.0	300.0
35052	9921	529.0	302.0
35064	9921	546.0	305.0
35076	9921	563.0	308.0
35088	9921	589.0	312.0
35100	9921	621.0	317.0
35112	9921	665.0	325.0
35124	9921	726.0	336.0
35136	9921	824.0	353.0
35148	9921	973.0	384.0
35016	9983	431.0	286.0
35028	9983	431.0	286.0
35040	9983	434.0	286.0
35052	9983	437.0	288.0
35064	9983	439.0	288.0
35076	9983	442.0	289.0
35088	9983	445.0	288.0
35100	9983	449.0	290.0
35112	9983	453.0	290.0
35124	9983	458.0	291.0
35136	9983	463.0	292.0
35148	9983	469.0	293.0
35160	9983	475.0	294.0
35172	9983	481.0	295.0
35184	9983	491.0	296.0
35196	9983	501.0	297.0
35208	9983	513.0	300.0
35220	9983	527.0	302.0
35232	9983	545.0	305.0
35244	9983	568.0	309.0
35256	9983	597.0	314.0
35268	9983	637.0	321.0
35280	9983	695.0	331.0
35292	9983	782.0	346.0
35304	9983	937.0	372.0
35196	10050	452.0	284.0
35208	10050	455.0	286.0
35220	10050	460.0	287.0
35232	10050	461.0	286.0
35244	10050	466.0	286.0
35256	10050	470.0	287.0
35268	10050	474.0	288.0
35280	10050	478.0	288.0
35292	10050	483.0	289.0
35304	10050	489.0	290.0
35316	10050	494.0	290.0
35328	10050	500.0	291.0
35340	10050	508.0	292.0
35352	10050	515.0	292.0
35364	10050	523.0	294.0
35376	10050	534.0	295.0
35388	10050	546.0	296.0
35400	10050	560.0	298.0
35412	10050	576.0	300.0
35424	10050	594.0	302.0
35436	10050	617.0	304.0
35448	10050	645.0	308.0
35460	10050	680.0	312.0
35472	10050	724.0	317.0
35484	10050	787.0	324.0
35496	10050	873.0	335.0
35508	10050	976.0	351.0
35232	10062	410.0	284.0
35244	10062	410.0	284.0
35256	10062	411.0	284.0
35268	10062	411.0	285.0
35280	10062	412.25	284.5
35292	10062	414.39285714285717	285.35714285714283
35304	10062	416.4	287.0
35316	10062	417.0	286.0
35328	10062	419.0	286.0
35340	10062	419.0	287.0
35352	10062	422.0	288.0
35364	10062	424.0	288.0
35376	10062	426.0	288.0
35388	10062	426.0	289.0
35400	10062	430.0	290.0
35412	10062	433.0	291.0
35424	10062	436.0	291.0
35436	10062	439.0	292.0
35448	10062	443.0	293.0
35460	10062	446.0	294.0
35472	10062	451.0	295.0
35484	10062	457.0	297.0
35496	10062	463.0	298.0
35508	10062	470.0	300.0
35520	10062	479.0	303.0
35532	10062	489.0	305.0
35544	10062	502.0	308.0
35556	10062	517.0	312.0
35568	10062	538.0	318.0
35580	10062	565.0	325.0
35592	10062	604.0	335.0
35604	10062	664.0	350.0
35616	10062	766.0	377.0
35628	10062	960.0	432.0
35232	10063	440.0	283.0
35244	10063	441.0	283.0
35256	10063	444.0	284.0
35268	10063	445.0	285.0
35280	10063	446.0	285.0
35292	10063	447.0	285.0
35304	10063	448.6666666666667	284.1111111111111
35316	10063	452.6666666666667	284.77777777777777
35328	10063	456.0	286.0
35340	10063	459.0	286.0
35352	10063	463.75	285.625
35364	10063	468.0	288.0
35376	10063	473.0	288.0
35388	10063	479.0	289.0
35400	10063	484.0	290.0
35412	10063	489.0	290.0
35424	10063	496.0	292.0
35436	10063	504.0	292.0
35448	10063	512.0	293.0
35460	10063	523.0	294.0
35472	10063	534.0	296.0
35484	10063	548.0	297.0
35496	10063	564.0	300.0
35508	10063	584.0	302.0
35520	10063	609.0	306.0
35532	10063	640.0	309.0
35544	10063	681.0	315.0
35556	10063	740.0	323.0
35568	10063	827.0	335.0
35580	10063	964.0	356.0
35304	10084	431.0	285.0
35316	10084	431.2307692307692	285.0
35328	10084	433.0	285.0
35340	10084	435.0	286.0
35352	10084	437.0	286.0
35364	10084	441.0	286.0
35376	10084	443.0	287.0
35388	10084	446.0	288.0
35400	10084	449.0	288.0
35412	10084	455.0	289.0
35424	10084	458.0	289.0
35436	10084	462.0	290.0
35448	10084	469.0	291.0
35460	10084	474.0	293.0
35472	10084	481.0	293.0
35484	10084	489.0	295.0
35496	10084	497.0	296.0
35508	10084	507.0	297.0
35520	10084	521.0	300.0
35532	10084	535.0	302.0
35544	10084	555.0	305.0
35556	10084	578.0	309.0
35568	10084	608.0	314.0
35580	10084	651.0	321.0
35592	10084	713.0	331.0
35604	10084	808.0	347.0
35616	10084	966.0	375.0
35532	10158	435.0	283.0
35544	10158	437.2352941176471	283.0
35556	10158	440.0	284.0
35568	10158	443.0	285.0
35580	10158	445.0	284.0
35592	10158	448.0	285.0
35604	10158	452.0	285.0
35616	10158	455.0	286.0
35628	10158	459.0	287.0
35640	10158	463.0	287.0
35652	10158	467.0	287.0
35664	10158	472.0	288.0
35676	10158	478.0	289.0
35688	10158	484.0	290.0
35700	10158	491.0	290.0
35712	10158	498.0	291.0
35724	10158	507.0	292.0
35736	10158	518.0	293.0
35748	10158	530.0	295.0
35760	10158	544.0	296.0
35772	10158	562.0	299.0
35784	10158	584.0	301.0
35796	10158	611.0	304.0
35808	10158	648.0	309.0
35820	10158	698.0	315.0
35832	10158	770.0	323.0
35844	10158	882.0	337.0
35856	10158	996.0	361.0
35832	10281	433.0	286.0
35844	10281	434.0	286.0
35856	10281	436.0	286.0
35868	10281	439.375	286.5625
35880	10281	443.0	288.0
35892	10281	445.0	288.0
35904	10281	447.0	288.0
35916	10281	452.0	290.0
35928	10281	455.0	290.0
35940	10281	460.0	291.0
35952	10281	465.0	292.0
35964	10281	470.0	293.0
35976	10281	477.0	294.0
35988	10281	484.0	295.0
36000	10281	492.0	297.0
36012	10281	501.0	298.0
36024	10281	512.0	301.0
36036	10281	526.0	304.0
36048	10281	544.0	306.0
36060	10281	564.0	311.0
36072	10281	593.0	317.0
36084	10281	633.0	325.0
36096	10281	691.0	337.0
36108	10281	790.0	359.0
36120	10281	963.0	396.0
35868	10297	493.3333333333333	286.0
35880	10297	496.0	286.0
35892	10297	500.0	285.0
35904	10297	505.0	287.0
35916	10297	511.0	288.0
35928	10297	519.0	288.0
35940	10297	525.0	289.0
35952	10297	534.0	289.0
35964	10297	544.0	290.0
35976	10297	554.0	291.0
35988	10297	567.0	292.0
36000	10297	580.0	294.0
36012	10297	597.0	295.0
36024	10297	615.0	297.0
36036	10297	638.0	299.0
36048	10297	666.0	301.0
36060	10297	700.0	304.0
36072	10297	743.0	308.0
36084	10297	799.0	312.0
36096	10297	873.0	319.0
36108	10297	967.0	327.0
35880	10300	464.0	285.0
35892	10300	466.0	285.0
35904	10300	468.0	284.0
35916	10300	471.8095238095238	284.4761904761905
35928	10300	476.0	286.0
35940	10300	479.0	286.0
35952	10300	483.0	286.0
35964	10300	487.46153846153845	286.6923076923077
35976	10300	494.0	288.0
35988	10300	498.0	287.0
36000	10300	506.0	289.0
36012	10300	513.0	290.0
36024	10300	520.0	289.0
36036	10300	529.2173913043479	291.3478260869565
36048	10300	538.8695652173913	292.39130434782606
36060	10300	548.5217391304348	293.4347826086956
36072	10300	558.1739130434783	294.4782608695652
36084	10300	571.0	295.0
36096	10300	594.0	297.0
36108	10300	616.0	300.0
36120	10300	639.0	302.0
36132	10300	670.0	305.0
36144	10300	707.0	309.0
36156	10300	755.0	313.0
36168	10300	818.0	320.0
36180	10300	905.0	329.0
36192	10300	981.0	339.0
35916	10303	429.0	284.0
35928	10303	432.0	285.0
35940	10303	435.0	286.0
35952	10303	436.0	286.0
35964	10303	438.0	286.0
35976	10303	442.0	287.0
35988	10303	445.0	288.0
36000	10303	448.0	288.0
36012	10303	451.0	288.0
36024	10303	456.0	290.0
36036	10303	459.0	289.0
36048	10303	464.0	291.0
36060	10303	470.0	292.0
36072	10303	476.0	292.0
36084	10303	482.0	294.0
36096	10303	490.0	295.0
36108	10303	500.0	297.0
36120	10303	512.0	299.0
36132	10303	526.0	302.0
36144	10303	542.0	304.0
36156	10303	564.0	307.0
36168	10303	591.0	312.0
36180	10303	629.0	318.0
36192	10303	681.0	326.0
36204	10303	763.0	340.0
36216	10303	897.0	362.0
36228	10303	1012.0	402.0
35940	10309	421.0	283.0
35952	10309	421.0	284.0
35964	10309	421.0	284.0
35976	10309	422.0	285.0
35988	10309	422.0	285.0
36000	10309	424.0	286.0
36012	10309	425.0	286.0
36024	10309	426.0	287.0
36036	10309	427.0	288.0
36048	10309	428.0	288.0
36060	10309	430.0	289.0
36072	10309	432.0	290.0
36084	10309	433.0	289.0
36096	10309	437.0	291.0
36108	10309	439.0	292.0
36120	10309	442.0	293.0
36132	10309	446.0	294.0
36144	10309	452.0	296.0
36156	10309	458.0	297.0
36168	10309	467.0	300.0
36180	10309	477.0	303.0
36192	10309	488.0	305.0
36204	10309	505.0	310.0
36216	10309	527.0	315.0
36228	10309	559.0	323.0
36240	10309	608.0	336.0
36252	10309	692.0	358.0
36264	10309	871.0	405.0
36228	10376	427.0	283.0
36240	10376	428.0	283.0
36252	10376	430.0	283.0
36264	10376	431.0	283.0
36276	10376	432.0	283.0
36288	10376	434.0	283.0
36300	10376	436.0	283.0
36312	10376	438.5	283.0
36324	10376	440.0	283.0
36336	10376	442.0	283.0
36348	10376	444.0	284.0
36360	10376	446.0	284.0
36372	10376	448.0	284.0
36384	10376	450.7	284.0
36396	10376	453.0	285.0
36408	10376	456.0	286.0
36420	10376	459.0	286.0
36432	10376	463.0	286.0
36444	10376	466.0	287.0
36456	10376	470.0	288.0
36468	10376	475.0	288.0
36480	10376	480.0	289.0
36492	10376	485.0	290.0
36504	10376	491.0	290.0
36516	10376	498.0	291.0
36528	10376	505.0	292.0
36540	10376	514.0	293.0
36552	10376	524.0	294.0
36564	10376	535.0	295.0
36576	10376	547.0	297.0
36588	10376	563.0	299.0
36600	10376	581.0	300.0
36612	10376	604.0	303.0
36624	10376	631.0	306.0
36636	10376	666.0	311.0
36648	10376	714.0	316.0
36660	10376	778.0	324.0
36672	10376	872.0	335.0
36684	10376	979.0	353.0
36252	10384	459.6666666666667	284.0
36264	10384	462.0	285.0
36276	10384	464.0	285.0
36288	10384	467.0	284.0
36300	10384	471.0	285.0
36312	10384	476.11764705882354	285.5882352941176
36324	10384	480.0	286.0
36336	10384	484.0	286.0
36348	10384	489.375	286.875
36360	10384	495.0	288.0
36372	10384	500.0	288.0
36384	10384	508.0	289.0
36396	10384	515.0	290.0
36408	10384	524.0	291.0
36420	10384	535.0	291.0
36432	10384	546.0	293.0
36444	10384	560.0	294.0
36456	10384	576.0	295.0
36468	10384	595.0	297.0
36480	10384	618.0	300.0
36492	10384	646.0	302.0
36504	10384	682.0	306.0
36516	10384	727.0	310.0
36528	10384	788.0	316.0
36540	10384	875.0	325.0
36552	10384	975.0	336.0
36528	10482	435.0	283.0
36540	10482	437.0	283.0
36552	10482	438.0	283.0
36564	10482	440.0	283.0
36576	10482	442.0	283.0
36588	10482	445.0	284.0
36600	10482	446.0	284.0
36612	10482	448.0	285.0
36624	10482	452.0	286.0
36636	10482	455.0	286.0
36648	10482	457.0	286.0
36660	10482	460.0	286.0
36672	10482	465.0	286.0
36684	10482	468.0	287.0
36696	10482	472.0	287.0
36708	10482	477.0	288.0
36720	10482	481.0	289.0
36732	10482	487.0	290.0
36744	10482	494.0	291.0
36756	10482	500.0	291.0
36768	10482	509.0	292.0
36780	10482	518.0	293.0
36792	10482	528.0	295.0
36804	10482	540.0	296.0
36816	10482	553.0	298.0
36828	10482	569.0	300.0
36840	10482	588.0	302.0
36852	10482	614.0	305.0
36864	10482	645.0	309.0
36876	10482	685.0	315.0
36888	10482	740.0	321.0
36900	10482	817.0	331.0
36912	10482	937.0	345.0
36924	10482	978.0	350.0
36936	10482	994.0	354.0
36948	10482	990.0	353.0
36960	10482	1005.0	368.0
36552	10488	467.0	284.0
36564	10488	471.32	284.24
36576	10488	476.6	285.2
36588	10488	481.0	286.0
36600	10488	485.0	287.0
36612	10488	490.0	286.0
36624	10488	496.0	287.0
36636	10488	501.0	288.0
36648	10488	508.0	289.0
36660	10488	515.0	290.0
36672	10488	525.0	291.0
36684	10488	535.0	291.0
36696	10488	545.0	292.0
36708	10488	559.0	293.0
36720	10488	575.0	295.0
36732	10488	593.0	297.0
36744	10488	615.0	299.0
36756	10488	642.0	301.0
36768	10488	677.0	304.0
36780	10488	721.0	309.0
36792	10488	779.0	315.0
36804	10488	862.0	322.0
36816	10488	968.0	333.0
36744	10527	430.0	283.0
36756	10527	431.0	283.0
36768	10527	433.0	282.5
36780	10527	434.96774193548384	283.0
36792	10527	437.2903225806452	283.0
36804	10527	439.61290322580646	283.0
36816	10527	441.8181818181818	283.0
36828	10527	445.0	284.0
36840	10527	446.0	285.0
36852	10527	448.7894736842105	285.0
36864	10527	451.94736842105266	285.0
36876	10527	456.0	285.0
36888	10527	459.0	286.0
36900	10527	462.0	286.0
36912	10527	466.0	287.0
36924	10527	470.0	288.0
36936	10527	475.0	288.0
36948	10527	481.0	288.0
36960	10527	486.0	289.0
36972	10527	493.0	289.0
36984	10527	502.0	291.0
36996	10527	511.0	292.0
37008	10527	521.0	293.0
37020	10527	532.0	295.0
37032	10527	546.0	296.0
37044	10527	563.0	298.0
37056	10527	584.0	301.0
37068	10527	609.0	304.0
37080	10527	642.0	308.0
37092	10527	685.0	313.0
37104	10527	746.0	320.0
37116	10527	837.0	331.0
37128	10527	968.0	348.0
36744	10528	452.0	283.0
36756	10528	454.0	283.0
36768	10528	457.0	283.0
36780	10528	458.1666666666667	284.0
36792	10528	461.8	284.7
36804	10528	465.0	285.0
36816	10528	467.0	284.0
36828	10528	470.0	284.0
36840	10528	475.3636363636364	285.45454545454544
36852	10528	479.0	287.0
36864	10528	482.0	287.0
36876	10528	486.0	287.0
36888	10528	492.0	288.0
36900	10528	497.0	288.0
36912	10528	503.0	289.0
36924	10528	510.0	289.0
36936	10528	517.0	290.0
36948	10528	527.0	291.0
36960	10528	534.0	292.0
36972	10528	546.0	293.0
36984	10528	558.0	294.0
36996	10528	573.0	295.0
37008	10528	589.0	297.0
37020	10528	610.0	298.0
37032	10528	633.0	301.0
37044	10528	663.0	304.0
37056	10528	700.0	307.0
37068	10528	747.0	312.0
37080	10528	809.0	318.0
37092	10528	896.0	326.0
37104	10528	979.0	337.0
36912	10570	443.3333333333333	286.0
36924	10570	444.0	288.0
36936	10570	446.0	288.0
36948	10570	449.0	288.0
36960	10570	453.0	289.0
36972	10570	457.0	290.0
36984	10570	461.0	291.0
36996	10570	467.0	292.0
37008	10570	471.0	292.0
37020	10570	477.0	293.0
37032	10570	483.0	294.0
37044	10570	491.0	295.0
37056	10570	500.0	296.0
37068	10570	510.0	298.0
37080	10570	522.0	300.0
37092	10570	536.0	302.0
37104	10570	554.0	305.0
37116	10570	576.0	309.0
37128	10570	605.0	313.0
37140	10570	643.0	320.0
37152	10570	697.0	329.0
37164	10570	777.0	342.0
37176	10570	909.0	363.0
36936	10574	427.0	284.0
36948	10574	428.0	285.0
36960	10574	430.0	286.0
36972	10574	431.0	286.0
36984	10574	432.0	287.0
36996	10574	433.0	288.0
37008	10574	436.0	288.0
37020	10574	437.0	288.0
37032	10574	438.0	289.0
37044	10574	440.0	290.0
37056	10574	443.0	290.0
37068	10574	445.0	291.0
37080	10574	449.0	292.0
37092	10574	452.0	294.0
37104	10574	457.0	295.0
37116	10574	462.0	296.0
37128	10574	469.0	298.0
37140	10574	476.0	300.0
37152	10574	486.0	303.0
37164	10574	497.0	306.0
37176	10574	512.0	310.0
37188	10574	533.0	315.0
37200	10574	562.0	322.0
37212	10574	604.0	333.0
37224	10574	672.0	351.0
37236	10574	799.0	384.0
37248	10574	1004.0	462.0
37056	10590	420.0	283.0
37068	10590	421.0	284.0
37080	10590	422.0	284.0
37092	10590	423.0	283.0
37104	10590	424.94594594594594	283.3243243243243
37116	10590	426.8918918918919	283.64864864864865
37128	10590	428.8378378378378	283.97297297297297
37140	10590	430.0	284.0
37152	10590	432.0	285.0
37164	10590	434.0	286.0
37176	10590	436.0	286.0
37188	10590	439.0	286.0
37200	10590	442.0	287.0
37212	10590	444.0	288.0
37224	10590	448.0	288.0
37236	10590	451.0	289.0
37248	10590	455.0	290.0
37260	10590	460.0	290.0
37272	10590	464.0	291.0
37284	10590	469.0	292.0
37296	10590	476.0	293.0
37308	10590	482.0	294.0
37320	10590	489.0	295.0
37332	10590	499.0	297.0
37344	10590	509.0	299.0
37356	10590	521.0	300.0
37368	10590	538.0	303.0
37380	10590	556.0	306.0
37392	10590	581.0	310.0
37404	10590	612.0	316.0
37416	10590	655.0	323.0
37428	10590	717.0	334.0
37440	10590	815.0	351.0
37452	10590	968.0	379.0
37116	10606	441.0	287.0
37128	10606	444.0	288.0
37140	10606	449.0	288.0
37152	10606	454.0	289.0
37164	10606	459.0	290.0
37176	10606	465.0	292.0
37188	10606	470.0	292.0
37200	10606	477.0	293.0
37212	10606	484.0	294.0
37224	10606	493.0	296.0
37236	10606	502.0	297.0
37248	10606	514.0	299.0
37260	10606	528.0	301.0
37272	10606	546.0	304.0
37284	10606	567.0	307.0
37296	10606	593.0	312.0
37308	10606	632.0	318.0
37320	10606	684.0	327.0
37332	10606	763.0	340.0
37344	10606	896.0	363.0
37356	10606	1006.0	402.0
37200	10622	416.0	283.0
37212	10622	416.1951219512195	283.0487804878049
37224	10622	417.3658536585366	283.3414634146341
37236	10622	418.5365853658537	283.6341463414634
37248	10622	419.7073170731707	283.9268292682927
37260	10622	421.0	283.0
37272	10622	421.0	283.0
37284	10622	424.42105263157896	283.10526315789474
37296	10622	426.94736842105266	283.7368421052632
37308	10622	428.0	285.0
37320	10622	429.0	285.0
37332	10622	432.0	285.0
37344	10622	433.0	285.0
37356	10622	436.0	287.0
37368	10622	438.0	287.0
37380	10622	440.0	286.0
37392	10622	443.0	287.0
37404	10622	445.0	288.0
37416	10622	449.0	289.0
37428	10622	452.0	288.0
37440	10622	456.0	289.0
37452	10622	460.0	289.0
37464	10622	464.0	291.0
37476	10622	469.0	291.0
37488	10622	475.0	293.0
37500	10622	481.0	294.0
37512	10622	489.0	295.0
37524	10622	497.0	296.0
37536	10622	507.0	297.0
37548	10622	520.0	299.0
37560	10622	533.0	301.0
37572	10622	551.0	304.0
37584	10622	571.0	308.0
37596	10622	599.0	312.0
37608	10622	635.0	318.0
37620	10622	685.0	326.0
37632	10622	761.0	338.0
37644	10622	883.0	358.0
37656	10622	1003.0	396.0
37284	10638	396.36	282.0
37296	10638	396.84	282.0
37308	10638	398.0	282.0
37320	10638	398.0	281.7142857142857
37332	10638	398.0	282.0
37344	10638	399.0	282.0
37356	10638	400.0	283.0
37368	10638	399.0	282.0
37380	10638	400.0	282.0
37392	10638	400.0	282.0
37404	10638	401.0	282.0
37416	10638	401.0	283.0
37428	10638	402.0	283.0
37440	10638	402.0	283.0
37452	10638	403.0	283.625
37464	10638	404.0	283.0
37476	10638	405.0	284.0
37488	10638	405.0	283.0
37500	10638	406.0	284.0
37512	10638	406.0	283.0
37524	10638	408.0	283.0
37536	10638	408.0	284.0
37548	10638	409.0	283.0
37560	10638	410.0	284.0
37572	10638	410.0	284.0
37584	10638	411.85714285714283	283.85714285714283
37596	10638	412.42857142857144	285.0
37608	10638	413.7142857142857	285.0
37620	10638	415.0	285.0
37632	10638	416.0	285.0
37644	10638	417.0	286.0
37656	10638	419.0	287.0
37668	10638	420.0	288.0
37680	10638	422.0	288.0
37692	10638	424.0	288.0
37704	10638	426.0	289.0
37716	10638	428.0	290.0
37728	10638	431.0	290.0
37740	10638	434.0	291.0
37752	10638	437.0	291.0
37764	10638	441.0	293.0
37776	10638	444.0	294.0
37788	10638	449.0	294.0
37800	10638	454.0	296.0
37812	10638	459.0	297.0
37824	10638	466.0	299.0
37836	10638	474.0	301.0
37848	10638	484.0	303.0
37860	10638	496.0	306.0
37872	10638	510.0	310.0
37884	10638	528.0	315.0
37896	10638	553.0	321.0
37908	10638	587.0	329.0
37920	10638	639.0	342.0
37932	10638	720.0	363.0
37944	10638	876.0	401.0
37956	10638	1028.0	479.0
37308	10642	451.0	285.0
37320	10642	455.0	285.0
37332	10642	458.0	286.0
37344	10642	463.0	286.0
37356	10642	466.0	287.0
37368	10642	470.0	288.0
37380	10642	476.0	288.0
37392	10642	481.0	289.0
37404	10642	488.0	290.0
37416	10642	495.0	290.0
37428	10642	503.0	291.0
37440	10642	512.0	292.0
37452	10642	523.0	293.0
37464	10642	535.0	295.0
37476	10642	548.0	297.0
37488	10642	566.0	298.0
37500	10642	587.0	301.0
37512	10642	617.0	304.0
37524	10642	649.0	309.0
37536	10642	696.0	314.0
37548	10642	763.0	322.0
37560	10642	864.0	334.0
37572	10642	983.0	355.0
37404	10672	418.0	283.0
37416	10672	418.55555555555554	283.0
37428	10672	418.0	283.0
37440	10672	420.0	283.0
37452	10672	421.0	283.0
37464	10672	422.0	283.0
37476	10672	423.3333333333333	283.06666666666666
37488	10672	427.3333333333333	283.8666666666667
37500	10672	429.0	284.0
37512	10672	429.0	284.0
37524	10672	431.0	285.0
37536	10672	432.0	285.0
37548	10672	434.0	285.0
37560	10672	437.0	286.0
37572	10672	439.0	286.0
37584	10672	440.0	286.0
37596	10672	443.0	287.0
37608	10672	446.0	288.0
37620	10672	450.0	289.0
37632	10672	452.0	289.0
37644	10672	456.0	290.0
37656	10672	460.0	290.0
37668	10672	466.0	292.0
37680	10672	471.0	292.0
37692	10672	477.0	293.0
37704	10672	485.0	294.0
37716	10672	494.0	296.0
37728	10672	503.0	297.0
37740	10672	514.0	299.0
37752	10672	528.0	301.0
37764	10672	545.0	303.0
37776	10672	567.0	307.0
37788	10672	594.0	311.0
37800	10672	632.0	317.0
37812	10672	683.0	326.0
37824	10672	757.0	338.0
37836	10672	885.0	359.0
37848	10672	1004.0	397.0
37512	10688	465.0	284.0
37524	10688	468.0	284.0
37536	10688	473.0	285.0
37548	10688	477.0	286.0
37560	10688	480.0	286.0
37572	10688	484.0	287.0
37584	10688	490.0	287.0
37596	10688	495.0	288.0
37608	10688	501.0	288.0
37620	10688	507.0	289.0
37632	10688	515.0	290.0
37644	10688	524.0	291.0
37656	10688	532.0	292.0
37668	10688	543.0	292.0
37680	10688	557.0	294.0
37692	10688	570.0	295.0
37704	10688	588.0	297.0
37716	10688	607.0	299.0
37728	10688	631.0	301.0
37740	10688	661.0	304.0
37752	10688	698.0	308.0
37764	10688	746.0	312.0
37776	10688	810.0	318.0
37788	10688	898.0	327.0
37800	10688	981.0	338.0
37584	10698	467.0	285.0
37596	10698	470.0	285.0
37608	10698	473.7142857142857	285.14285714285717
37620	10698	479.0	286.0
37632	10698	483.0	287.0
37644	10698	487.0	287.0
37656	10698	492.0	288.0
37668	10698	498.0	288.0
37680	10698	505.0	288.0
37692	10698	512.0	289.0
37704	10698	521.0	290.0
37716	10698	530.0	291.0
37728	10698	541.0	292.0
37740	10698	552.0	293.0
37752	10698	566.0	294.0
37764	10698	583.0	296.0
37776	10698	603.0	298.0
37788	10698	627.0	301.0
37800	10698	657.0	303.0
37812	10698	692.0	307.0
37824	10698	725.0	291.0
37836	10698	800.0	312.0
37848	10698	889.0	325.0
37860	10698	982.0	338.0
37584	10702	453.0	283.2
37596	10702	456.0	283.0
37608	10702	458.42857142857144	283.0
37620	10702	461.85714285714283	283.0
37632	10702	465.0	284.0
37644	10702	467.5	284.5
37656	10702	471.82608695652175	284.0
37668	10702	476.0	284.0
37680	10702	479.5	285.9
37692	10702	485.0	285.0
37704	10702	488.14814814814815	284.6296296296296
37716	10702	491.9259259259259	284.18518518518516
37728	10702	495.7037037037037	283.74074074074076
37740	10702	499.48148148148147	283.2962962962963
37752	10702	507.0	287.0
37764	10702	515.0	289.0
37776	10702	522.0	290.0
37788	10702	533.0	291.0
37800	10702	543.0	292.0
37812	10702	553.0	293.0
37824	10702	567.0	294.0
37836	10702	583.0	296.0
37848	10702	600.0	297.0
37860	10702	620.0	299.0
37872	10702	644.0	301.0
37884	10702	674.0	304.0
37896	10702	713.0	308.0
37908	10702	762.0	313.0
37920	10702	826.0	319.0
37932	10702	916.0	328.0
37944	10702	986.0	339.0
37692	10726	459.0	287.0
37704	10726	461.0	287.0
37716	10726	467.0	288.0
37728	10726	470.0	288.0
37740	10726	474.0	289.0
37752	10726	478.0	289.0
37764	10726	482.0	290.0
37776	10726	487.0	291.0
37788	10726	491.0	291.0
37800	10726	497.0	292.0
37812	10726	503.0	292.0
37824	10726	511.0	293.0
37836	10726	517.0	294.0
37848	10726	526.0	295.0
37860	10726	536.0	297.0
37872	10726	547.0	298.0
37884	10726	561.0	300.0
37896	10726	576.0	302.0
37908	10726	594.0	304.0
37920	10726	603.4545454545455	295.8181818181818
37932	10726	633.0	309.0
37944	10726	675.0	314.0
37956	10726	719.0	320.0
37968	10726	778.0	327.0
37980	10726	859.0	338.0
37992	10726	966.0	352.0
37848	10757	416.0	283.0
37860	10757	417.14285714285717	283.0
37872	10757	418.0	283.0
37884	10757	419.0	283.0
37896	10757	421.0	283.0
37908	10757	422.0	283.0
37920	10757	424.0	283.0
37932	10757	425.0	284.0
37944	10757	427.0	285.0
37956	10757	428.0	286.0
37968	10757	431.0	286.0
37980	10757	432.0	285.0
37992	10757	435.0	286.0
38004	10757	438.0	287.0
38016	10757	441.0	287.0
38028	10757	444.0	287.0
38040	10757	447.0	288.0
38052	10757	451.0	288.0
38064	10757	455.0	289.0
38076	10757	460.0	289.0
38088	10757	466.0	291.0
38100	10757	471.0	292.0
38112	10757	478.0	293.0
38124	10757	486.0	294.0
38136	10757	495.0	295.0
38148	10757	506.0	297.0
38160	10757	519.0	300.0
38172	10757	536.0	302.0
38184	10757	557.0	306.0
38196	10757	584.0	310.0
38208	10757	621.0	316.0
38220	10757	674.0	325.0
38232	10757	756.0	340.0
38244	10757	901.0	364.0
37884	10767	456.0	285.0
37896	10767	458.0	286.0
37908	10767	464.0	286.0
37920	10767	467.0	287.0
37932	10767	471.0	287.0
37944	10767	475.0	288.0
37956	10767	480.0	288.0
37968	10767	486.0	290.0
37980	10767	492.0	290.0
37992	10767	499.0	292.0
38004	10767	507.0	292.0
38016	10767	516.0	293.0
38028	10767	526.0	295.0
38040	10767	538.0	296.0
38052	10767	552.0	297.0
38064	10767	570.0	299.0
38076	10767	589.0	301.0
38088	10767	615.0	304.0
38100	10767	646.0	308.0
38112	10767	686.0	312.0
38124	10767	741.0	319.0
38136	10767	817.0	328.0
38148	10767	931.0	341.0
38160	10767	999.0	360.0
37968	10798	468.0	284.0
37980	10798	471.0	284.0
37992	10798	478.0	286.0
38004	10798	482.0	286.0
38016	10798	485.0	286.0
38028	10798	489.0	287.0
38040	10798	495.0	288.0
38052	10798	503.0	288.0
38064	10798	508.0	289.0
38076	10798	517.0	290.0
38088	10798	525.0	291.0
38100	10798	535.0	292.0
38112	10798	546.0	292.0
38124	10798	559.0	294.0
38136	10798	574.0	295.0
38148	10798	591.0	297.0
38160	10798	612.0	299.0
38172	10798	638.0	301.0
38184	10798	669.0	304.0
38196	10798	709.0	308.0
38208	10798	762.0	313.0
38220	10798	834.0	320.0
38232	10798	936.0	331.0
38040	10813	433.0	283.0
38052	10813	435.0	283.0
38064	10813	436.0	283.25
38076	10813	439.0	284.0
38088	10813	441.0	285.0
38100	10813	442.0	285.0
38112	10813	444.0	285.0
38124	10813	447.0	285.0
38136	10813	450.0	285.0
38148	10813	453.0	286.0
38160	10813	457.0	286.0
38172	10813	460.0	286.0
38184	10813	465.0	288.0
38196	10813	469.0	288.0
38208	10813	474.0	288.0
38220	10813	480.0	289.0
38232	10813	486.0	290.0
38244	10813	493.0	291.0
38256	10813	501.0	292.0
38268	10813	510.0	293.0
38280	10813	520.0	294.0
38292	10813	532.0	295.0
38304	10813	546.0	297.0
38316	10813	562.0	299.0
38328	10813	582.0	301.0
38340	10813	607.0	304.0
38352	10813	638.0	308.0
38364	10813	679.0	313.0
38376	10813	736.0	319.0
38388	10813	817.0	329.0
38400	10813	944.0	344.0
38220	10862	430.0	282.0
38232	10862	431.0	283.0
38244	10862	431.0	283.0
38256	10862	432.0	283.0
38268	10862	433.0	283.0
38280	10862	436.0	283.0
38292	10862	437.0	283.0
38304	10862	438.1818181818182	283.0
38316	10862	440.0	284.0
38328	10862	443.0	285.0
38340	10862	445.0	285.0
38352	10862	447.0	285.0
38364	10862	450.14285714285717	285.0
38376	10862	453.0	286.0
38388	10862	456.0	286.0
38400	10862	460.0	286.0
38412	10862	464.0	287.0
38424	10862	468.0	288.0
38436	10862	472.0	288.0
38448	10862	478.0	289.0
38460	10862	483.0	290.0
38472	10862	489.0	290.0
38484	10862	496.0	291.0
38496	10862	503.0	292.0
38508	10862	512.0	293.0
38520	10862	522.0	295.0
38532	10862	533.0	296.0
38544	10862	547.0	297.0
38556	10862	564.0	299.0
38568	10862	583.0	302.0
38580	10862	607.0	304.0
38592	10862	637.0	307.0
38604	10862	675.0	312.0
38616	10862	728.0	318.0
38628	10862	800.0	327.0
38640	10862	909.0	340.0
38652	10862	996.0	362.0
38496	10924	468.3333333333333	284.0
38508	10924	472.42857142857144	284.0
38520	10924	477.57142857142856	284.0
38532	10924	480.0	285.0
38544	10924	483.5	285.5
38556	10924	488.70588235294116	286.0
38568	10924	494.0	286.0
38580	10924	498.0	287.0
38592	10924	504.0	288.0
38604	10924	510.0	288.0
38616	10924	517.0	289.0
38628	10924	525.0	290.0
38640	10924	533.0	292.0
38652	10924	543.0	292.0
38664	10924	555.0	293.0
38676	10924	569.0	295.0
38688	10924	586.0	296.0
38700	10924	608.0	299.0
38712	10924	633.0	301.0
38724	10924	666.0	304.0
38736	10924	706.0	308.0
38748	10924	760.0	313.0
38760	10924	836.0	321.0
38772	10924	948.0	333.0
38580	10941	416.0	284.0
38592	10941	417.0	283.0
38604	10941	418.0	283.0
38616	10941	420.0	283.0
38628	10941	421.0	284.0
38640	10941	422.0	284.0
38652	10941	424.0	285.0
38664	10941	426.7692307692308	285.0
38676	10941	429.0	284.0
38688	10941	431.0	286.0
38700	10941	435.0	287.0
38712	10941	437.54545454545456	286.09090909090907
38724	10941	444.0	287.0
38736	10941	445.0	288.0
38748	10941	449.0	288.0
38760	10941	453.0	289.0
38772	10941	458.0	290.0
38784	10941	463.0	291.0
38796	10941	470.0	291.0
38808	10941	477.0	293.0
38820	10941	485.0	294.0
38832	10941	494.0	296.0
38844	10941	505.0	297.0
38856	10941	520.0	300.0
38868	10941	535.0	303.0
38880	10941	558.0	306.0
38892	10941	589.0	311.0
38904	10941	628.0	318.0
38916	10941	687.0	328.0
38928	10941	784.0	345.0
38940	10941	956.0	375.0
38604	10948	452.0	283.0
38616	10948	454.0	283.0
38628	10948	455.6666666666667	283.0
38640	10948	459.0	284.0
38652	10948	461.2	284.0
38664	10948	464.0	285.0
38676	10948	466.0	285.0
38688	10948	470.0	285.0
38700	10948	473.5	285.0
38712	10948	478.0	286.0
38724	10948	481.0	286.0
38736	10948	485.0	286.0
38748	10948	489.0	287.0
38760	10948	494.0	288.0
38772	10948	500.0	288.0
38784	10948	506.0	289.0
38796	10948	513.0	289.0
38808	10948	520.0	290.0
38820	10948	528.0	291.0
38832	10948	537.0	292.0
38844	10948	548.0	293.0
38856	10948	560.0	294.0
38868	10948	573.0	296.0
38880	10948	588.0	297.0
38892	10948	606.0	299.0
38640	10959	443.0	284.0
38652	10959	444.6666666666667	284.3333333333333
38664	10959	448.0	285.0
38676	10959	448.3333333333333	285.0
38688	10959	452.3333333333333	285.0
38700	10959	454.0	286.0
38712	10959	458.0	286.0
38724	10959	461.0	286.0
38736	10959	465.0	287.0
38748	10959	469.0	287.0
38760	10959	473.0	288.0
38772	10959	479.0	288.0
38784	10959	484.0	289.0
38796	10959	491.0	290.0
38808	10959	498.0	291.0
38820	10959	506.0	292.0
38832	10959	515.0	292.0
38844	10959	526.0	294.0
38856	10959	537.0	295.0
38868	10959	551.0	298.0
38880	10959	567.0	299.0
38892	10959	584.75	301.25
38904	10959	603.35	301.85
38916	10959	635.0	309.0
38928	10959	678.0	316.0
38940	10959	750.0	326.0
38952	10959	848.0	340.0
38964	10959	979.0	366.0
38784	10989	440.0	284.0
38796	10989	442.0	283.0
38808	10989	445.0	284.0
38820	10989	445.0	284.0
38832	10989	447.0	285.0
38844	10989	450.4	285.0
38856	10989	453.0	284.0
38868	10989	456.0	286.0
38880	10989	459.0	286.0
38892	10989	463.0	287.0
38904	10989	468.0	287.0
38916	10989	472.0	288.0
38928	10989	476.0	288.0
38940	10989	482.0	289.0
38952	10989	488.0	290.0
38964	10989	494.0	291.0
38976	10989	502.0	291.0
38988	10989	510.0	292.0
39000	10989	521.0	294.0
39012	10989	531.0	295.0
39024	10989	545.0	296.0
39036	10989	563.0	298.0
39048	10989	582.0	301.0
39060	10989	606.0	304.0
39072	10989	637.0	308.0
39084	10989	678.0	312.0
39096	10989	734.0	319.0
39108	10989	813.0	328.0
39120	10989	938.0	343.0
38856	11001	423.0	282.0
38868	11001	423.7142857142857	282.2857142857143
38880	11001	426.1904761904762	282.23809523809524
38892	11001	429.04761904761904	282.8095238095238
38904	11001	430.0	282.0
38916	11001	433.0	284.0
38928	11001	434.0	284.0
38940	11001	437.0	283.0
38952	11001	440.0	284.0
38964	11001	443.0	285.0
38976	11001	444.0	285.0
38988	11001	448.0	286.0
39000	11001	454.0	287.0
39012	11001	457.0	287.0
39024	11001	462.0	288.0
39036	11001	468.0	289.0
39048	11001	472.0	289.0
39060	11001	482.0	291.0
39072	11001	490.0	292.0
39084	11001	500.0	293.0
39096	11001	512.0	294.0
39108	11001	520.0	295.0
39120	11001	537.0	294.0
39132	11001	554.0	297.0
39144	11001	573.0	300.0
39156	11001	604.0	305.0
39168	11001	646.0	310.0
39180	11001	702.0	317.0
39192	11001	777.0	327.0
39204	11001	894.0	340.0
39216	11001	986.0	354.0
39228	11001	1013.0	366.0
38928	11010	417.0	286.0
38940	11010	420.0	286.0
38952	11010	421.0	286.0
38964	11010	424.0	287.0
38976	11010	426.0	288.0
38988	11010	430.0	287.0
39000	11010	434.0	289.0
39012	11010	438.0	289.0
39024	11010	445.0	292.0
39036	11010	450.0	292.0
39048	11010	457.0	293.0
39060	11010	465.0	295.0
39072	11010	475.0	296.0
39084	11010	486.0	298.0
39096	11010	500.0	300.0
39108	11010	517.0	303.0
39120	11010	539.0	307.0
39132	11010	566.0	311.0
39144	11010	604.0	318.0
39156	11010	661.0	328.0
39168	11010	754.0	345.0
39180	11010	926.0	376.0
38940	11014	406.8888888888889	285.0
38952	11014	409.0	284.0
38964	11014	411.0	285.0
38976	11014	412.7142857142857	285.23809523809524
38988	11014	414.42857142857144	285.8095238095238
39000	11014	417.0	286.0
39012	11014	419.0	286.0
39024	11014	422.0	287.0
39036	11014	425.0	289.0
39048	11014	428.0	289.0
39060	11014	431.0	289.0
39072	11014	436.0	290.0
39084	11014	440.0	290.0
39096	11014	445.0	291.0
39108	11014	451.0	292.0
39120	11014	459.0	293.0
39132	11014	467.0	294.0
39144	11014	475.0	296.0
39156	11014	486.0	297.0
39168	11014	498.0	298.0
39180	11014	512.0	301.0
39192	11014	531.0	304.0
39204	11014	552.0	308.0
39216	11014	581.0	312.0
39228	11014	620.0	319.0
39240	11014	677.0	329.0
39252	11014	767.0	345.0
39264	11014	928.0	372.0
39156	11057	418.0	283.6923076923077
39168	11057	419.0	283.0
39180	11057	421.0	283.0
39192	11057	420.0	283.0
39204	11057	420.0	283.0
39216	11057	422.0	284.0
39228	11057	424.0	283.5
39240	11057	422.3076923076923	283.0
39252	11057	421.0	283.0
39264	11057	421.0	283.0
39276	11057	422.0	283.0
39288	11057	423.0	284.0
39300	11057	425.3529411764706	284.0
39312	11057	427.63157894736844	284.0
39324	11057	430.1578947368421	284.0
39336	11057	433.0	285.0
39348	11057	435.0	286.0
39360	11057	438.0	287.0
39372	11057	441.0	286.0
39384	11057	444.0	287.0
39396	11057	447.0	288.0
39408	11057	450.0	289.0
39420	11057	454.0	289.0
39432	11057	458.0	290.0
39444	11057	462.0	291.0
39456	11057	468.0	291.0
39468	11057	474.0	293.0
39480	11057	480.0	293.0
39492	11057	488.0	294.0
39504	11057	496.0	296.0
39516	11057	507.0	298.0
39528	11057	519.0	300.0
39540	11057	535.0	302.0
39552	11057	555.0	305.0
39564	11057	580.0	309.0
39576	11057	612.0	314.0
39588	11057	658.0	322.0
39600	11057	724.0	333.0
39612	11057	831.0	350.0
39624	11057	980.0	380.0
39204	11074	395.0	282.0
39216	11074	395.0	283.0
39228	11074	396.0	282.0
39240	11074	398.0	283.0
39252	11074	398.0	283.0
39264	11074	398.0	282.0
39276	11074	399.0	282.0
39288	11074	399.0	282.0
39300	11074	400.0	282.0
39312	11074	400.0	282.0
39324	11074	400.7674418604651	282.25581395348837
39336	11074	401.6046511627907	282.5348837209302
39348	11074	402.4418604651163	282.8139534883721
39360	11074	403.0	283.0
39372	11074	404.0	283.0
39384	11074	405.0	284.0
39396	11074	406.0	284.0
39408	11074	407.0	283.0
39420	11074	408.0	284.0
39432	11074	409.0	284.0
39444	11074	410.0	284.0
39456	11074	410.8	284.0
39468	11074	412.078125	285.015625
39480	11074	413.015625	285.203125
39492	11074	413.953125	285.390625
39504	11074	414.890625	285.578125
39516	11074	415.828125	285.765625
39528	11074	416.765625	285.953125
39540	11074	417.0	286.0
39552	11074	418.0	287.0
39564	11074	420.0	287.0
39576	11074	422.0	287.0
39588	11074	425.0	288.0
39600	11074	428.0	289.0
39612	11074	431.0	290.0
39624	11074	433.0	291.0
39636	11074	436.0	291.0
39648	11074	439.0	293.0
39660	11074	443.0	293.0
39672	11074	447.0	294.0
39684	11074	452.0	295.0
39696	11074	458.0	297.0
39708	11074	465.0	298.0
39720	11074	472.0	300.0
39732	11074	483.0	302.0
39744	11074	493.0	306.0
39756	11074	513.0	309.0
39768	11074	529.0	314.0
39780	11074	555.0	320.0
39792	11074	592.0	329.0
39804	11074	646.0	341.0
39816	11074	736.0	364.0
39828	11074	907.0	404.0
39216	11087	439.0	283.0
39228	11087	442.0	283.0
39240	11087	444.0	284.0
39252	11087	446.0	285.0
39264	11087	449.4	285.0
39276	11087	452.0	284.0
39288	11087	455.0	284.0
39300	11087	459.0	286.0
39312	11087	462.0	286.0
39324	11087	466.0	287.0
39336	11087	470.0	287.0
39348	11087	475.0	288.0
39360	11087	480.0	288.0
39372	11087	486.0	289.0
39384	11087	492.0	290.0
39396	11087	499.0	290.0
39408	11087	507.0	292.0
39420	11087	516.0	293.0
39432	11087	527.0	294.0
39444	11087	540.0	296.0
39456	11087	555.0	297.0
39468	11087	573.0	299.0
39480	11087	595.0	301.0
39492	11087	624.0	305.0
39504	11087	660.0	309.0
39516	11087	708.0	314.0
39528	11087	776.0	322.0
39540	11087	875.0	334.0
39552	11087	985.0	353.0
39240	11093	429.0	285.0
39252	11093	430.0	284.0
39264	11093	432.0	286.0
39276	11093	434.0	285.0
39288	11093	436.0	286.0
39300	11093	440.0	286.0
39312	11093	442.0	287.0
39324	11093	445.0	288.0
39336	11093	448.0	288.0
39348	11093	450.0	289.0
39360	11093	455.0	289.0
39372	11093	459.0	289.0
39384	11093	464.0	291.0
39396	11093	469.0	292.0
39408	11093	474.0	293.0
39420	11093	481.0	294.0
39432	11093	489.0	296.0
39444	11093	498.0	297.0
39456	11093	508.0	298.0
39468	11093	521.0	301.0
39480	11093	538.0	304.0
39492	11093	557.0	307.0
39504	11093	581.0	311.0
39516	11093	615.0	317.0
39528	11093	661.0	325.0
39540	11093	727.0	337.0
39552	11093	835.0	355.0
39564	11093	984.0	389.0
39588	11180	494.0	286.0
39600	11180	497.5	286.0
39612	11180	502.0	287.0
39624	11180	506.0	288.0
39636	11180	512.0	288.0
39648	11180	518.0	289.0
39660	11180	524.0	290.0
39672	11180	532.0	291.0
39684	11180	541.0	291.0
39696	11180	551.0	292.0
39708	11180	562.0	293.0
39720	11180	576.0	295.0
39732	11180	591.0	296.0
39744	11180	611.0	298.0
39756	11180	634.0	301.0
39768	11180	662.0	303.0
39780	11180	698.0	307.0
39792	11180	744.0	311.0
39804	11180	809.0	317.0
39816	11180	898.0	326.0
39828	11180	984.0	338.0
39612	11185	411.0	284.0
39624	11185	410.8333333333333	284.0
39636	11185	412.0	285.0
39648	11185	413.0	286.0
39660	11185	416.0	286.0
39672	11185	417.0	287.0
39684	11185	419.0	288.0
39696	11185	421.0	288.0
39708	11185	423.0	288.0
39720	11185	426.0	289.0
39732	11185	429.0	289.0
39744	11185	433.0	290.0
39756	11185	438.0	291.0
39768	11185	443.0	292.0
39780	11185	449.0	293.0
39792	11185	454.0	294.0
39804	11185	461.0	296.0
39816	11185	469.0	297.0
39828	11185	481.0	300.0
39840	11185	493.0	302.0
39852	11185	510.0	305.0
39864	11185	532.0	309.0
39876	11185	559.0	314.0
39888	11185	596.0	321.0
39900	11185	652.0	331.0
39912	11185	739.0	348.0
39924	11185	892.0	376.0
39756	11214	416.0	286.0
39768	11214	417.0	286.0
39780	11214	417.0	287.0
39792	11214	419.0	287.0
39804	11214	421.0	287.0
39816	11214	423.0	288.0
39828	11214	423.0	289.0
39840	11214	426.0	290.0
39852	11214	428.0	290.0
39864	11214	430.0	291.0
39876	11214	433.0	291.0
39888	11214	437.0	293.0
39900	11214	442.0	294.0
39912	11214	446.0	295.0
39924	11214	452.0	296.0
39936	11214	458.0	298.0
39948	11214	466.0	300.0
39960	11214	476.0	302.0
39972	11214	487.0	306.0
39984	11214	504.0	311.0
39996	11214	524.0	316.0
40008	11214	552.0	324.0
40020	11214	594.0	336.0
40032	11214	663.0	355.0
40044	11214	800.0	393.0
40056	11214	1017.0	495.0
39768	11215	481.0	284.0
39780	11215	484.0	285.0
39792	11215	490.0	285.85714285714283
39804	11215	496.0	286.0
39816	11215	500.0	286.0
39828	11215	506.0	288.0
39840	11215	514.0	288.0
39852	11215	521.0	288.0
39864	11215	528.4	289.4
39876	11215	537.2	290.2
39888	11215	546.0	291.0
39900	11215	559.0	292.0
39912	11215	573.0	293.0
39924	11215	587.0	295.0
39936	11215	606.0	296.0
39948	11215	627.0	298.0
39960	11215	653.0	300.0
39972	11215	686.0	303.0
39984	11215	726.0	307.0
39996	11215	762.7142857142857	302.57142857142856
40008	11215	826.0	313.0
40020	11215	931.0	324.0
39804	11220	405.0	284.0
39816	11220	406.0	284.0
39828	11220	406.0	285.0
39840	11220	407.0	285.0
39852	11220	409.0	285.0
39864	11220	409.0	285.0
39876	11220	410.0	285.0
39888	11220	411.0	286.0
39900	11220	413.0	287.0
39912	11220	414.0	287.0
39924	11220	415.0	287.0
39936	11220	417.0	288.0
39948	11220	419.0	288.0
39960	11220	420.0	288.0
39972	11220	422.0	288.0
39984	11220	424.0	289.0
39996	11220	427.0	289.0
40008	11220	429.0	291.0
40020	11220	432.0	291.0
40032	11220	435.0	293.0
40044	11220	439.0	293.0
40056	11220	442.0	295.0
40068	11220	447.0	296.0
40080	11220	452.0	297.0
40092	11220	459.0	298.0
40104	11220	467.0	301.0
40116	11220	476.0	303.0
40128	11220	488.0	306.0
40140	11220	503.0	310.0
40152	11220	521.0	315.0
40164	11220	545.0	320.0
40176	11220	579.0	329.0
40188	11220	628.0	342.0
40200	11220	708.0	363.0
40212	11220	855.0	400.0
40224	11220	1027.0	485.0
39864	11242	463.0	284.0
39876	11242	467.0	285.0
39888	11242	471.0	285.0
39900	11242	474.7142857142857	286.0
39912	11242	480.0	286.0
39924	11242	484.0	287.0
39936	11242	487.0	286.0
39948	11242	493.0	288.0
39960	11242	498.0	288.0
39972	11242	505.0	289.0
39984	11242	511.0	290.0
39996	11242	519.1666666666666	290.0
40008	11242	526.1666666666666	290.0
40020	11242	535.0	291.0
40032	11242	549.0	293.0
40044	11242	562.0	294.0
40056	11242	579.0	296.0
40068	11242	597.0	297.0
40080	11242	619.0	300.0
40092	11242	645.0	302.0
40104	11242	679.0	305.0
40116	11242	722.0	310.0
40128	11242	778.0	315.0
40140	11242	856.0	323.0
40152	11242	963.0	334.0
39984	11271	464.0	285.0
39996	11271	466.0	285.0
40008	11271	470.0	285.0
40020	11271	474.2	285.0
40032	11271	479.0	286.0
40044	11271	484.0	286.0
40056	11271	489.0	287.0
40068	11271	495.0	288.0
40080	11271	501.0	288.0
40092	11271	509.0	289.0
40104	11271	517.0	290.0
40116	11271	527.0	291.0
40128	11271	539.0	292.0
40140	11271	551.0	293.0
40152	11271	566.0	295.0
40164	11271	584.0	296.0
40176	11271	605.0	299.0
40188	11271	634.0	302.0
40200	11271	666.0	303.0
40212	11271	696.0	307.5
40224	11271	766.0	314.0
40236	11271	856.0	324.0
40248	11271	969.0	335.0
40080	11297	404.26666666666665	284.0
40092	11297	405.0	284.0
40104	11297	406.2	284.0
40116	11297	408.6	284.0
40128	11297	409.0	283.0
40140	11297	410.0	284.0
40152	11297	411.0	284.0
40164	11297	412.7142857142857	284.57142857142856
40176	11297	415.0	285.0
40188	11297	417.0	286.0
40200	11297	419.0	286.0
40212	11297	422.0	285.0
40224	11297	424.0	286.0
40236	11297	426.0	287.0
40248	11297	430.0	288.0
40260	11297	433.0	288.0
40272	11297	437.0	288.0
40284	11297	441.0	288.0
40296	11297	445.0	289.0
40308	11297	450.0	290.0
40320	11297	455.0	291.0
40332	11297	461.0	291.0
40344	11297	467.0	293.0
40356	11297	474.0	294.0
40368	11297	482.0	295.0
40380	11297	491.0	296.0
40392	11297	502.0	298.0
40404	11297	515.0	300.0
40416	11297	529.0	302.0
40428	11297	547.0	306.0
40440	11297	569.0	309.0
40452	11297	599.0	314.0
40464	11297	639.0	322.0
40476	11297	698.0	331.0
40488	11297	788.0	348.0
40500	11297	945.0	375.0
40128	11311	399.0	282.0
40140	11311	399.0	283.0
40152	11311	400.0	284.0
40164	11311	400.0	283.0
40176	11311	401.0	284.0
40188	11311	403.0	284.0
40200	11311	404.0	284.0
40212	11311	405.0	283.0
40224	11311	405.0	283.0
40236	11311	406.0	284.0
40248	11311	407.0	285.0
40260	11311	409.0	285.0
40272	11311	411.0	285.0
40284	11311	412.0	285.0
40296	11311	413.0	286.0
40308	11311	413.0	286.0
40320	11311	415.0	287.0
40332	11311	418.0	286.0
40344	11311	418.0	286.0
40356	11311	420.0	288.0
40368	11311	423.0	288.0
40380	11311	424.0	288.0
40392	11311	427.0	289.0
40404	11311	430.0	290.0
40416	11311	433.0	291.0
40428	11311	436.0	291.0
40440	11311	439.0	293.0
40452	11311	444.0	293.0
40464	11311	449.0	295.0
40476	11311	454.0	296.0
40488	11311	462.0	298.0
40500	11311	469.0	300.0
40512	11311	480.0	302.0
40524	11311	493.0	306.0
40536	11311	510.0	310.0
40548	11311	532.0	315.0
40560	11311	563.0	322.0
40572	11311	610.0	334.0
40584	11311	687.0	353.0
40596	11311	836.0	390.0
40608	11311	1027.0	482.0
40188	11330	441.0	284.0
40200	11330	442.0	285.0
40212	11330	444.0	284.0
40224	11330	447.0	285.0
40236	11330	449.0	285.0
40248	11330	453.0	286.0
40260	11330	457.0	286.0
40272	11330	459.0	286.0
40284	11330	463.0	286.0
40296	11330	468.0	288.0
40308	11330	472.0	288.0
40320	11330	476.0	288.0
40332	11330	484.0	289.0
40344	11330	489.0	290.0
40356	11330	498.0	291.0
40368	11330	509.0	292.0
40380	11330	518.0	293.0
40392	11330	530.0	294.0
40404	11330	543.0	296.0
40416	11330	561.0	298.0
40428	11330	581.0	300.0
40440	11330	607.0	304.0
40452	11330	638.0	307.0
40464	11330	681.0	313.0
40476	11330	742.0	320.0
40488	11330	828.0	331.0
40500	11330	939.0	333.0
40512	11330	959.0	326.0
40332	11357	442.0	284.0
40344	11357	443.0	285.0
40356	11357	445.0	285.0
40368	11357	447.0	285.0
40380	11357	450.55555555555554	285.0
40392	11357	454.0	285.0
40404	11357	458.0	286.0
40416	11357	463.0	286.0
40428	11357	467.0	287.0
40440	11357	473.0	288.0
40452	11357	479.0	288.0
40464	11357	485.0	289.0
40476	11357	492.0	290.0
40488	11357	501.0	291.0
40500	11357	512.0	293.0
40512	11357	524.0	295.0
40524	11357	538.0	296.0
40536	11357	556.0	298.0
40548	11357	578.0	301.0
40560	11357	607.0	304.0
40572	11357	644.0	308.0
40584	11357	696.0	316.0
40596	11357	741.0	292.0
40380	11365	469.0	285.0
40392	11365	478.0	286.0
40404	11365	483.0	286.0
40416	11365	486.0	286.5
40428	11365	493.0	287.0
40440	11365	498.0	288.0
40452	11365	505.0	288.0
40464	11365	512.0	290.0
40476	11365	521.0	290.0
40488	11365	531.0	292.0
40500	11365	542.0	292.0
40512	11365	556.0	293.0
40524	11365	570.0	295.0
40536	11365	588.0	297.0
40548	11365	611.0	298.0
40560	11365	638.0	301.0
40572	11365	670.0	305.0
40584	11365	717.0	309.0
40596	11365	764.6666666666666	312.6666666666667
40608	11365	813.6666666666666	316.6666666666667
40620	11365	920.0	327.0
40524	11449	435.0	286.0
40536	11449	438.3	286.0
40548	11449	441.0	286.0
40560	11449	444.0	287.0
40572	11449	446.0	288.0
40584	11449	450.0	288.0
40596	11449	455.0	289.0
40608	11449	458.0	290.0
40620	11449	463.0	290.0
40632	11449	469.0	292.0
40644	11449	475.0	292.0
40656	11449	482.0	294.0
40668	11449	490.0	295.0
40680	11449	499.0	296.0
40692	11449	511.0	299.0
40704	11449	524.0	300.0
40716	11449	540.0	302.0
40728	11449	560.0	306.0
40740	11449	587.0	310.0
40752	11449	621.0	316.0
40764	11449	671.0	324.0
40776	11449	743.0	336.0
40788	11449	861.0	354.0
40800	11449	996.0	391.0
40536	11456	406.0	283.0
40548	11456	407.0	283.45454545454544
40560	11456	407.15384615384613	283.0
40572	11456	407.75	283.0
40584	11456	409.1666666666667	283.0
40596	11456	410.0	283.0
40608	11456	410.0	283.0
40620	11456	411.875	283.125
40632	11456	412.0	284.0
40644	11456	412.52777777777777	284.30555555555554
40656	11456	414.19444444444446	284.6388888888889
40668	11456	415.8611111111111	284.97222222222223
40680	11456	418.0	285.0
40692	11456	419.0	286.0
40704	11456	421.0	286.0
40716	11456	421.0	285.0
40728	11456	425.0	287.0
40740	11456	426.0	288.0
40752	11456	427.0	288.0
40764	11456	430.0	288.0
40776	11456	432.0	290.0
40788	11456	434.0	289.0
40800	11456	437.0	291.0
40812	11456	441.0	291.0
40824	11456	445.0	293.0
40836	11456	449.0	293.0
40848	11456	454.0	294.0
40860	11456	460.0	296.0
40872	11456	467.0	298.0
40884	11456	475.0	300.0
40896	11456	485.0	302.0
40908	11456	497.0	305.0
40920	11456	512.0	308.0
40932	11456	533.0	313.0
40944	11456	559.0	319.0
40956	11456	595.0	328.0
40968	11456	651.0	341.0
40980	11456	745.0	364.0
40992	11456	927.0	406.0
40560	11465	456.0	285.0
40572	11465	459.0	284.0
40584	11465	463.0	286.0
40596	11465	468.2	286.0
40608	11465	469.6666666666667	286.0
40620	11465	473.0	286.0
40632	11465	480.0	288.0
40644	11465	485.0	288.0
40656	11465	489.0	286.6666666666667
40668	11465	500.0	290.0
40680	11465	505.0	290.0
40692	11465	508.0	290.0
40704	11465	519.0	290.0
40716	11465	527.0	291.0
40728	11465	539.0	294.0
40740	11465	554.0	296.0
40752	11465	568.0	298.0
40764	11465	587.0	300.0
40776	11465	610.0	303.0
40788	11465	637.0	306.0
40800	11465	672.0	310.0
40812	11465	715.0	315.0
40824	11465	776.0	322.0
40836	11465	860.0	331.0
40848	11465	953.0	333.0
40860	11465	993.0	349.0
40872	11465	995.0	353.0
40884	11465	995.0	363.0
40572	11468	432.0	286.0
40584	11468	434.0	286.0
40596	11468	436.0	285.0
40608	11468	441.0	286.0
40620	11468	444.0	287.0
40632	11468	447.0	288.0
40644	11468	451.0	289.0
40656	11468	456.0	290.0
40668	11468	459.0	289.0
40680	11468	463.0	291.0
40692	11468	469.0	292.0
40704	11468	474.0	293.0
40716	11468	481.0	294.0
40728	11468	490.0	296.0
40740	11468	500.0	297.0
40752	11468	512.0	300.0
40764	11468	527.0	302.0
40776	11468	544.0	305.0
40788	11468	566.0	309.0
40800	11468	596.0	314.0
40812	11468	637.0	322.0
40824	11468	698.0	332.0
40836	11468	794.0	349.0
40848	11468	960.0	379.0
40620	11477	397.0	282.0
40632	11477	398.0	282.0
40644	11477	399.0	281.0
40656	11477	399.0	281.0
40668	11477	399.8333333333333	282.0
40680	11477	399.1818181818182	282.0
40692	11477	401.0	283.0
40704	11477	401.0	282.0
40716	11477	401.0	283.0
40728	11477	402.0	283.0
40740	11477	404.0	283.0
40752	11477	405.0	284.0
40764	11477	406.0	283.0
40776	11477	407.0	284.0
40788	11477	408.0	284.0
40800	11477	408.0	285.0
40812	11477	409.0	285.0
40824	11477	411.0	285.0
40836	11477	411.0	285.0
40848	11477	412.0	286.0
40860	11477	413.0	286.0
40872	11477	415.0	286.0
40884	11477	417.0	286.0
40896	11477	419.0	288.0
40908	11477	420.0	288.0
40920	11477	422.0	288.0
40932	11477	425.0	290.0
40944	11477	426.0	289.0
40956	11477	431.0	291.0
40968	11477	434.0	291.0
40980	11477	438.0	293.0
40992	11477	443.0	293.0
41004	11477	447.0	295.0
41016	11477	454.0	296.0
41028	11477	462.0	297.0
41040	11477	471.0	299.0
41052	11477	482.0	302.0
41064	11477	496.0	305.0
41076	11477	512.0	308.0
41088	11477	535.0	313.0
41100	11477	566.0	319.0
41112	11477	609.0	328.0
41124	11477	677.0	342.0
41136	11477	791.0	366.0
41148	11477	983.0	415.0
40680	11490	430.0	283.0
40692	11490	430.0	284.0
40704	11490	433.0	284.0
40716	11490	434.3611111111111	284.19444444444446
40728	11490	436.69444444444446	284.52777777777777
40740	11490	439.02777777777777	284.8611111111111
40752	11490	441.0	286.0
40764	11490	443.0	285.0
40776	11490	446.0	287.0
40788	11490	450.0	288.0
40800	11490	453.0	288.0
40812	11490	457.0	289.0
40824	11490	462.0	289.0
40836	11490	467.0	291.0
40848	11490	473.0	291.0
40860	11490	479.0	293.0
40872	11490	488.0	294.0
40884	11490	497.0	295.0
40896	11490	508.0	296.0
40908	11490	522.0	298.0
40920	11490	537.0	301.0
40932	11490	557.0	304.0
40944	11490	582.0	307.0
40956	11490	616.0	313.0
40968	11490	657.0	319.0
40788	11508	481.0	287.0
40800	11508	485.0	287.0
40812	11508	491.0	287.0
40824	11508	496.0	289.0
40836	11508	500.0	289.0
40848	11508	507.0	289.0
40860	11508	514.0	290.0
40872	11508	522.0	291.0
40884	11508	531.0	292.0
40896	11508	541.0	292.0
40908	11508	552.0	293.0
40920	11508	564.0	295.0
40932	11508	580.0	295.0
40944	11508	596.0	298.0
40956	11508	616.6	301.2
40968	11508	638.2	302.4
40980	11508	659.8	303.6
40992	11508	700.0	308.0
41004	11508	754.0	313.0
41016	11508	818.0	319.0
41028	11508	906.0	328.0
41040	11508	982.0	338.0
40812	11520	422.0	284.0
40824	11520	424.0	284.0
40836	11520	423.8695652173913	284.0
40848	11520	425.17391304347825	284.0
40860	11520	426.4782608695652	284.0
40872	11520	427.7826086956522	284.0
40884	11520	430.0	285.0
40896	11520	431.0	285.0
40908	11520	433.0	286.0
40920	11520	435.0	286.0
40932	11520	437.0	285.0
40944	11520	441.0	286.0
40956	11520	442.0	287.0
40968	11520	445.0	288.0
40980	11520	449.0	287.0
40992	11520	453.0	289.0
41004	11520	456.0	288.0
41016	11520	460.75	290.25
41028	11520	466.36842105263156	290.0877192982456
41040	11520	472.05263157894734	290.29824561403507
41052	11520	477.7368421052632	290.50877192982455
41064	11520	483.42105263157896	290.719298245614
41076	11520	489.10526315789474	290.9298245614035
41088	11520	502.0	298.0
41100	11520	514.0	300.0
41112	11520	531.0	302.0
41124	11520	550.0	305.0
41136	11520	573.0	309.0
41148	11520	602.0	313.0
41160	11520	643.0	320.0
41172	11520	702.0	330.0
41184	11520	793.0	346.0
41196	11520	950.0	372.0
40860	11532	384.0	282.0
40872	11532	384.75	282.0
40884	11532	384.0	282.0
40896	11532	385.0	282.0
40908	11532	386.0	282.0
40920	11532	386.8	281.4
40932	11532	389.0	282.0
40944	11532	389.0	282.0
40956	11532	389.0	282.0
40968	11532	389.0	283.0
40980	11532	389.0	283.0
40992	11532	390.0	283.0
41004	11532	391.0	284.0
41016	11532	393.0	283.0
41028	11532	394.0	283.0
41040	11532	394.0	284.0
41052	11532	396.0	284.0
41064	11532	397.0	284.0
41076	11532	399.0	284.0
41088	11532	400.0	285.0
41100	11532	401.0	285.0
41112	11532	403.0	285.0
41124	11532	405.0	285.0
41136	11532	405.0	285.0
41148	11532	408.0	285.0
41160	11532	410.0	286.0
41172	11532	412.0	286.0
41184	11532	414.0	286.0
41196	11532	414.0	287.0
41208	11532	416.0	287.0
41220	11532	419.0	288.0
41232	11532	421.0	288.0
41244	11532	424.0	287.0
41256	11532	425.0	289.0
41268	11532	428.0	290.0
41280	11532	430.0	290.0
41292	11532	434.0	291.0
41304	11532	436.0	291.0
41316	11532	440.0	292.0
41328	11532	443.0	293.0
41340	11532	447.0	294.0
41352	11532	451.0	295.0
41364	11532	457.0	296.0
41376	11532	462.0	297.0
41388	11532	470.0	298.0
41400	11532	478.0	300.0
41412	11532	488.0	303.0
41424	11532	500.0	305.0
41436	11532	516.0	309.0
41448	11532	535.0	312.0
41460	11532	560.0	318.0
41472	11532	594.0	324.0
41484	11532	641.0	334.0
41496	11532	712.0	348.0
41508	11532	830.0	372.0
41520	11532	989.0	417.0
40872	11537	442.0	286.0
40884	11537	446.0	287.0
40896	11537	448.0	288.0
40908	11537	451.0	287.0
40920	11537	456.0	288.0
40932	11537	460.0	289.0
40944	11537	465.0	290.0
40956	11537	471.0	291.0
40968	11537	478.0	293.0
40980	11537	484.0	293.0
40992	11537	493.0	295.0
41004	11537	502.0	296.0
41016	11537	515.0	298.0
41028	11537	530.0	300.0
41040	11537	548.0	303.0
41052	11537	571.0	307.0
41064	11537	601.0	312.0
41076	11537	645.0	319.0
41088	11537	705.0	328.0
41100	11537	801.0	345.0
41112	11537	962.0	373.0
40980	11585	421.0	283.0
40992	11585	422.0	283.0
41004	11585	422.0	283.0
41016	11585	423.0	284.0
41028	11585	424.0	283.0
41040	11585	425.8	283.0
41052	11585	428.0	285.0
41064	11585	430.0	285.0
41076	11585	431.0	284.0
41088	11585	434.0	285.0
41100	11585	436.0	286.0
41112	11585	439.0	287.0
41124	11585	441.0	287.0
41136	11585	444.0	286.0
41148	11585	448.0	287.0
41160	11585	451.0	289.0
41172	11585	455.0	288.0
41184	11585	460.0	289.0
41196	11585	464.0	290.0
41208	11585	470.0	291.0
41220	11585	476.0	292.0
41232	11585	484.0	293.0
41244	11585	492.0	294.0
41256	11585	502.0	296.0
41268	11585	514.0	298.0
41280	11585	528.0	301.0
41292	11585	546.0	303.0
41304	11585	570.0	307.0
41316	11585	599.0	311.0
41328	11585	639.0	318.0
41340	11585	699.0	327.0
41352	11585	792.0	343.0
41364	11585	955.0	369.0
41100	11629	484.0	286.0
41112	11629	490.0	287.0
41124	11629	494.0	288.0
41136	11629	499.0	288.0
41148	11629	505.0	289.0
41160	11629	512.0	290.0
41172	11629	520.0	290.0
41184	11629	530.0	291.0
41196	11629	539.0	292.0
41208	11629	550.0	293.0
41220	11629	564.0	294.0
41232	11629	578.0	296.0
41244	11629	597.0	298.0
41256	11629	619.0	300.0
41268	11629	645.0	302.0
41280	11629	678.0	305.0
41292	11629	720.0	310.0
41304	11629	776.0	314.0
41316	11629	853.0	322.0
41328	11629	960.0	333.0
41184	11666	444.0	285.0
41196	11666	445.7	284.1
41208	11666	449.9	284.7
41220	11666	453.0	284.0
41232	11666	456.0	286.0
41244	11666	460.0	287.0
41256	11666	464.0	286.0
41268	11666	467.0	288.0
41280	11666	472.0	288.0
41292	11666	476.0	288.0
41304	11666	481.0	289.0
41316	11666	487.0	290.0
41328	11666	494.0	291.0
41340	11666	501.0	292.0
41352	11666	510.0	293.0
41364	11666	520.0	294.0
41376	11666	531.0	296.0
41388	11666	545.0	297.0
41400	11666	560.0	299.0
41412	11666	579.0	301.0
41424	11666	603.0	304.0
41436	11666	630.0	308.0
41448	11666	668.0	312.0
41460	11666	717.0	317.0
41472	11666	787.0	326.0
41484	11666	892.0	339.0
41496	11666	991.0	361.0
41400	11741	442.5	284.0
41412	11741	446.0	285.0
41424	11741	447.0	285.0
41436	11741	449.3333333333333	285.0
41448	11741	453.0	285.0
41460	11741	456.0	286.0
41472	11741	459.0	287.0
41484	11741	465.0	287.0
41496	11741	468.0	286.0
41508	11741	472.0	288.0
41520	11741	478.0	288.0
41532	11741	483.0	289.0
41544	11741	489.0	290.0
41556	11741	497.0	291.0
41568	11741	504.0	292.0
41580	11741	513.0	292.0
41592	11741	524.0	294.0
41604	11741	535.0	295.0
41616	11741	550.0	297.0
41628	11741	568.0	300.0
41640	11741	591.0	302.0
41652	11741	620.0	306.0
41664	11741	658.0	310.0
41676	11741	709.0	316.0
41688	11741	783.0	326.0
41700	11741	897.0	340.0
41712	11741	997.0	361.0
41448	11751	410.0	282.0
41460	11751	410.0	282.0
41472	11751	410.6545454545454	282.1636363636364
41484	11751	411.5272727272727	282.3818181818182
41496	11751	412.4	282.6
41508	11751	413.27272727272725	282.8181818181818
41520	11751	415.0	283.0
41532	11751	415.0	283.0
41544	11751	417.0	283.0
41556	11751	418.0	283.0
41568	11751	419.0	283.0
41580	11751	421.0	283.0
41592	11751	422.0	283.0
41604	11751	421.0	283.0
41616	11751	422.0	283.0
41628	11751	424.0	284.0
41640	11751	426.0	285.0
41652	11751	427.0	285.0
41664	11751	428.0	286.0
41676	11751	430.0	285.0
41688	11751	432.0	285.0
41700	11751	434.0	287.0
41712	11751	437.0	286.0
41724	11751	438.6666666666667	286.6666666666667
41736	11751	442.0	287.0
41748	11751	444.0	288.0
41760	11751	447.0	288.0
41772	11751	451.0	289.0
41784	11751	455.0	289.0
41796	11751	460.0	289.0
41808	11751	463.0	291.0
41820	11751	468.0	292.0
41832	11751	474.0	292.0
41844	11751	480.0	294.0
41856	11751	487.0	295.0
41868	11751	494.0	296.0
41880	11751	505.0	297.0
41892	11751	516.0	299.0
41904	11751	529.0	301.0
41916	11751	545.0	305.0
41928	11751	566.0	307.0
41940	11751	592.0	312.0
41952	11751	627.0	318.0
41964	11751	677.0	326.0
41976	11751	751.0	339.0
41988	11751	872.0	359.0
42000	11751	1002.0	400.0
41508	11779	441.0	284.0
41520	11779	443.0	285.0
41532	11779	446.0	285.0
41544	11779	448.0	285.0
41556	11779	453.0	285.0
41568	11779	456.0	286.0
41580	11779	460.0	287.0
41592	11779	464.0	286.0
41604	11779	468.0	288.0
41616	11779	475.0	288.0
41628	11779	480.0	288.0
41640	11779	487.0	290.0
41652	11779	494.0	291.0
41664	11779	502.0	292.0
41676	11779	512.0	293.0
41688	11779	523.0	294.0
41700	11779	535.0	296.0
41712	11779	552.0	297.0
41724	11779	571.0	300.0
41736	11779	596.0	302.0
41748	11779	626.0	306.0
41760	11779	667.0	311.0
41772	11779	722.0	317.0
41784	11779	805.0	327.0
41796	11779	937.0	343.0
41568	11797	440.0	283.0
41580	11797	441.0	283.0
41592	11797	442.0	284.0
41604	11797	446.0	284.0
41616	11797	447.0	284.0
41628	11797	451.0	285.0
41640	11797	454.0	286.0
41652	11797	457.0	286.0
41664	11797	461.0	286.0
41676	11797	464.0	286.0
41688	11797	469.0	286.0
41700	11797	474.0	288.0
41712	11797	478.0	288.0
41724	11797	484.0	289.0
41736	11797	491.0	290.0
41748	11797	497.0	291.0
41760	11797	505.0	291.0
41772	11797	515.0	293.0
41784	11797	525.0	295.0
41796	11797	539.0	296.0
41808	11797	553.0	298.0
41820	11797	573.0	300.0
41832	11797	596.0	302.0
41844	11797	626.0	306.0
41856	11797	666.0	310.0
41868	11797	720.0	317.0
41880	11797	798.0	326.0
41892	11797	922.0	341.0
41856	11876	452.0	283.0
41868	11876	453.5	283.8333333333333
41880	11876	457.2	283.0
41892	11876	460.8235294117647	283.47058823529414
41904	11876	464.0	285.0
41916	11876	466.0	285.0
41928	11876	470.2857142857143	284.2857142857143
41940	11876	475.42857142857144	285.42857142857144
41952	11876	480.0	287.0
41964	11876	485.0	287.0
41976	11876	492.0	287.0
41988	11876	497.0	288.0
42000	11876	504.0	288.0
42012	11876	512.0	289.0
42024	11876	520.0	290.0
42036	11876	530.0	292.0
42048	11876	542.0	292.0
42060	11876	554.0	293.0
42072	11876	568.0	295.0
42084	11876	585.0	296.0
42096	11876	605.0	298.0
42108	11876	630.0	300.0
42120	11876	659.0	304.0
42132	11876	698.0	307.0
42144	11876	749.0	312.0
42156	11876	818.0	319.0
42168	11876	921.0	329.0
42180	11876	990.0	340.0
41952	11896	432.0	284.0
41964	11896	433.0	283.0
41976	11896	434.5	282.5
41988	11896	437.6470588235294	283.0
42000	11896	440.0	283.0
42012	11896	442.0	284.0
42024	11896	443.0	285.0
42036	11896	446.0	285.0
42048	11896	449.5	285.0
42060	11896	453.0	286.0
42072	11896	457.0	286.0
42084	11896	461.0	287.0
42096	11896	465.0	287.0
42108	11896	469.0	288.0
42120	11896	475.0	288.0
42132	11896	480.0	289.0
42144	11896	487.0	290.0
42156	11896	494.0	291.0
42168	11896	503.0	292.0
42180	11896	512.0	293.0
42192	11896	524.0	295.0
42204	11896	538.0	296.0
42216	11896	555.0	299.0
42228	11896	575.0	301.0
42240	11896	601.0	304.0
42252	11896	634.0	308.0
42264	11896	679.0	314.0
42276	11896	741.0	322.0
42288	11896	836.0	332.0
42300	11896	972.0	353.0
41988	11904	416.0	282.0
42000	11904	417.0	283.0
42012	11904	418.0	283.0
42024	11904	419.0	284.0
42036	11904	420.0	284.0
42048	11904	420.0	283.0
42060	11904	422.0	283.0
42072	11904	422.0	283.0
42084	11904	424.0	284.0
42096	11904	426.0	285.0
42108	11904	427.0	285.0
42120	11904	428.0	285.0
42132	11904	429.0	285.0
42144	11904	432.0	286.0
42156	11904	433.0	287.0
42168	11904	435.0	287.0
42180	11904	439.0	288.0
42192	11904	440.0	288.0
42204	11904	443.0	289.0
42216	11904	445.0	290.0
42228	11904	449.0	290.0
42240	11904	452.0	292.0
42252	11904	457.0	293.0
42264	11904	462.0	294.0
42276	11904	468.0	296.0
42288	11904	476.0	297.0
42300	11904	486.0	300.0
42312	11904	496.0	302.0
42324	11904	512.0	306.0
42336	11904	532.0	310.0
42348	11904	561.0	317.0
42360	11904	603.0	327.0
42372	11904	672.0	344.0
42384	11904	801.0	373.0
42396	11904	1010.0	452.0
42012	11909	397.0	282.0
42024	11909	399.0	281.0
42036	11909	400.0	281.0
42048	11909	400.0	281.0
42060	11909	400.0	281.0
42072	11909	401.0	282.0
42084	11909	402.0	282.0
42096	11909	404.0	283.0
42108	11909	405.0	283.0
42120	11909	406.0	283.0
42132	11909	407.0	283.0
42144	11909	409.0	283.0
42156	11909	409.0	283.0
42168	11909	409.0	283.0
42180	11909	411.0	284.0
42192	11909	412.0	285.0
42204	11909	415.0	285.0
42216	11909	416.0	285.0
42228	11909	419.0	285.0
42240	11909	421.0	286.0
42252	11909	423.0	286.0
42264	11909	426.6666666666667	287.0
42276	11909	431.0	287.0
42288	11909	434.0	288.0
42300	11909	438.0	289.0
42312	11909	444.0	289.0
42324	11909	449.0	290.0
42336	11909	457.0	291.0
42348	11909	464.0	292.0
42360	11909	473.0	293.0
42372	11909	484.0	295.0
42384	11909	495.0	295.0
42396	11909	511.0	297.0
42408	11909	531.0	300.0
42420	11909	554.0	302.0
42432	11909	585.0	306.0
42444	11909	626.0	311.0
42456	11909	683.0	318.0
42468	11909	769.0	328.0
42480	11909	913.0	346.0
42288	11974	419.0	283.0
42300	11974	422.0	284.0
42312	11974	422.0	283.0
42324	11974	424.0	283.0
42336	11974	426.0	284.0
42348	11974	427.0	285.0
42360	11974	428.0	285.0
42372	11974	430.0	285.0
42384	11974	432.0	285.0
42396	11974	433.0	285.0
42408	11974	436.0	286.0
42420	11974	437.0	287.0
42432	11974	441.0	287.0
42444	11974	443.0	287.0
42456	11974	446.0	288.0
42468	11974	449.0	289.0
42480	11974	453.0	289.0
42492	11974	458.0	289.0
42504	11974	462.0	289.0
42516	11974	466.0	290.0
42528	11974	471.0	291.0
42540	11974	477.0	292.0
42552	11974	484.0	293.0
42564	11974	493.0	294.0
42576	11974	500.0	296.0
42588	11974	513.0	297.0
42600	11974	527.0	299.0
42612	11974	541.0	302.0
42624	11974	560.0	304.0
42636	11974	584.0	308.0
42648	11974	616.0	313.0
42660	11974	653.0	319.0
42672	11974	713.0	329.0
42684	11974	781.8571428571429	343.0
42696	11974	845.5714285714286	357.0
42708	11974	909.2857142857142	371.0
42720	11974	973.0	385.0
42300	11976	397.0	282.0
42312	11976	397.0	282.0
42324	11976	398.0	282.0
42336	11976	399.0	283.0
42348	11976	400.0	282.0
42360	11976	400.0	282.0
42372	11976	402.1764705882353	282.5882352941176
42384	11976	403.0	283.0
42396	11976	403.0	284.0
42408	11976	405.0	283.0
42420	11976	406.0	284.0
42432	11976	407.0	283.0
42444	11976	408.0	284.0
42456	11976	410.0	284.0
42468	11976	412.0	284.0
42480	11976	414.0	285.0
42492	11976	415.0	285.0
42504	11976	415.0	286.0
42516	11976	417.0	285.5
42528	11976	418.61538461538464	286.0
42540	11976	422.25	286.0
42552	11976	421.0	287.0
42564	11976	421.0	288.0
42576	11976	422.0	288.0
42588	11976	424.0	289.0
42600	11976	425.0	290.0
42612	11976	427.0	290.0
42624	11976	430.0	292.0
42636	11976	433.0	292.0
42648	11976	436.0	293.0
42660	11976	441.0	295.0
42672	11976	446.0	296.0
42684	11976	453.0	297.0
42696	11976	462.0	300.0
42708	11976	473.0	301.0
42720	11976	487.0	305.0
42732	11976	504.0	308.0
42744	11976	526.0	314.0
42756	11976	557.0	321.0
42768	11976	602.0	332.0
42780	11976	673.0	349.0
42792	11976	802.0	379.0
42804	11976	1005.0	453.0
42372	12001	459.0	284.0
42384	12001	461.3636363636364	284.27272727272725
42396	12001	465.0	285.0
42408	12001	467.0	284.0
42420	12001	472.0	285.0
42432	12001	477.0	286.0
42444	12001	481.0	286.0
42456	12001	486.0	286.0
42468	12001	491.0	287.0
42480	12001	496.0	288.0
42492	12001	503.0	288.0
42504	12001	510.0	289.0
42516	12001	518.0	290.0
42528	12001	526.0	291.0
42540	12001	538.0	291.0
42552	12001	549.0	293.0
42564	12001	564.0	294.0
42576	12001	580.0	296.0
42588	12001	600.0	298.0
42600	12001	623.0	300.0
42612	12001	652.0	303.0
42624	12001	688.0	306.0
42636	12001	735.0	311.0
42648	12001	800.0	316.0
42660	12001	888.0	325.0
42672	12001	980.0	337.0
42600	12079	397.0	283.0
42612	12079	397.0	282.0
42624	12079	398.0	281.0
42636	12079	398.0	281.0
42648	12079	399.0	282.0
42660	12079	400.0571428571429	282.0285714285714
42672	12079	400.74285714285713	282.37142857142857
42684	12079	401.42857142857144	282.7142857142857
42696	12079	402.6666666666667	283.0
42708	12079	404.0	282.0
42720	12079	404.0	283.0
42732	12079	406.0	284.0
42744	12079	407.0	283.0
42756	12079	408.0	283.0
42768	12079	410.0	283.0
42780	12079	412.0	283.0
42792	12079	413.0	284.0
42804	12079	416.0	284.0
42816	12079	417.0	284.0
42828	12079	421.0	285.0
42840	12079	422.0	285.0
42852	12079	424.0	285.0
42864	12079	425.0	285.0
42876	12079	428.0	286.0
42888	12079	431.0	286.0
42900	12079	434.0	286.0
42912	12079	437.0	287.0
42924	12079	441.0	288.0
42936	12079	444.0	288.0
42948	12079	447.0	288.0
42960	12079	452.0	290.0
42972	12079	456.0	290.0
42984	12079	461.0	290.0
42996	12079	467.0	292.0
43008	12079	472.0	292.0
43020	12079	479.0	294.0
43032	12079	486.0	295.0
43044	12079	494.0	296.0
43056	12079	504.0	297.0
43068	12079	515.0	299.0
43080	12079	529.0	301.0
43092	12079	545.0	304.0
43104	12079	565.0	307.0
43116	12079	588.0	311.0
43128	12079	622.0	316.0
43140	12079	664.0	323.0
43152	12079	725.0	334.0
43164	12079	820.0	349.0
43176	12079	966.0	376.0
42672	12103	423.0	284.0
42684	12103	422.0	283.0
42696	12103	423.0	284.0
42708	12103	425.06666666666666	284.0
42720	12103	427.0	284.0
42732	12103	428.0	284.0
42744	12103	430.0	286.0
42756	12103	432.0	285.0
42768	12103	434.0	285.0
42780	12103	437.0	286.0
42792	12103	439.0	286.0
42804	12103	442.0	287.0
42816	12103	445.0	286.0
42828	12103	447.0	287.0
42840	12103	451.0	288.0
42852	12103	455.0	288.0
42864	12103	457.0	289.0
42876	12103	462.0	289.0
42888	12103	466.0	290.0
42900	12103	472.0	291.0
42912	12103	478.0	292.0
42924	12103	485.0	293.0
42936	12103	493.0	295.0
42948	12103	503.0	295.0
42960	12103	514.0	297.0
42972	12103	526.0	300.0
42984	12103	541.0	301.0
42996	12103	560.0	304.0
43008	12103	584.0	309.0
43020	12103	614.0	313.0
43032	12103	654.0	320.0
43044	12103	712.0	329.0
43056	12103	801.0	343.0
43068	12103	956.0	368.0
43080	12103	1009.0	395.0
42708	12114	442.0	284.0
42720	12114	444.0	284.0
42732	12114	447.0	285.0
42744	12114	448.0	285.0
42756	12114	449.4	285.0
42768	12114	450.8	285.0
42780	12114	452.2	285.0
42792	12114	453.6	285.0
42804	12114	455.0	285.0
42816	12114	459.0	285.0
42828	12114	462.8	286.0
42840	12114	467.0	286.0
42852	12114	471.0	287.0
42864	12114	476.0	288.0
42876	12114	482.0	288.0
42888	12114	487.0	289.0
42900	12114	494.0	290.0
42912	12114	501.0	291.0
42924	12114	509.0	292.0
42936	12114	519.0	293.0
42948	12114	531.0	295.0
42960	12114	545.0	296.0
42972	12114	562.0	298.0
42984	12114	583.0	301.0
42996	12114	607.0	303.0
43008	12114	640.0	307.0
43020	12114	682.0	312.0
43032	12114	741.0	319.0
43044	12114	828.0	330.0
43056	12114	960.0	346.0
42840	12162	397.0	282.0
42852	12162	397.0	282.0
42864	12162	398.0	282.0
42876	12162	398.0	281.0
42888	12162	399.3333333333333	281.0
42900	12162	399.0	281.0
42912	12162	399.0	281.0
42924	12162	400.4	281.0
42936	12162	401.0	281.0
42948	12162	401.0833333333333	282.0
42960	12162	402.0	282.0
42972	12162	402.0	283.0
42984	12162	402.0	283.0
42996	12162	404.0	283.0
43008	12162	405.0	283.0
43020	12162	406.0	283.0
43032	12162	406.0	284.0
43044	12162	408.0	284.0
43056	12162	409.0	284.0
43068	12162	409.0	284.0
43080	12162	409.0	284.0
43092	12162	410.0	285.0
43104	12162	411.0	285.0
43116	12162	412.1	285.0
43128	12162	413.0	286.0
43140	12162	415.0	286.0
43152	12162	417.0	286.0
43164	12162	418.0	286.0
43176	12162	420.0	286.0
43188	12162	421.0	287.0
43200	12162	423.0	288.0
43212	12162	426.0	288.0
43224	12162	429.0	289.0
43236	12162	432.0	289.0
43248	12162	435.0	290.0
43260	12162	438.0	291.0
43272	12162	443.0	292.0
43284	12162	447.0	293.0
43296	12162	453.0	294.0
43308	12162	458.0	295.0
43320	12162	465.0	297.0
43332	12162	473.0	298.0
43344	12162	482.0	301.0
43356	12162	493.0	303.0
43368	12162	507.0	306.0
43380	12162	524.0	310.0
43392	12162	547.0	316.0
43404	12162	578.0	323.0
43416	12162	625.0	334.0
43428	12162	698.0	352.0
43440	12162	835.0	384.0
43452	12162	1016.0	462.0
43044	12205	453.0	284.0
43056	12205	456.0	285.0
43068	12205	459.0	286.0
43080	12205	464.0	286.0
43092	12205	467.0	287.0
43104	12205	472.0	288.0
43116	12205	478.0	289.0
43128	12205	484.0	289.0
43140	12205	491.0	290.0
43152	12205	497.0	291.0
43164	12205	506.0	292.0
43176	12205	516.0	293.0
43188	12205	527.0	294.0
43200	12205	540.0	296.0
43212	12205	554.0	297.0
43224	12205	573.0	299.0
43236	12205	596.0	302.0
43248	12205	624.0	305.0
43260	12205	660.0	309.0
43272	12205	709.0	315.0
43284	12205	779.0	323.0
43296	12205	882.0	336.0
43308	12205	991.0	358.0
43056	12211	445.0	284.0
43068	12211	445.0	284.0
43080	12211	447.96	284.16
43092	12211	450.84	284.64
43104	12211	454.0	285.0
43116	12211	458.0	286.0
43128	12211	460.0	286.0
43140	12211	465.0	286.0
43152	12211	468.0	286.0
43164	12211	472.0	287.0
43176	12211	477.0	288.0
43188	12211	481.0	288.0
43200	12211	486.0	290.0
43212	12211	490.0	290.0
43224	12211	498.0	291.0
43236	12211	505.0	291.0
43248	12211	514.0	292.0
43260	12211	523.0	294.0
43272	12211	535.0	295.0
43284	12211	549.0	297.0
43296	12211	564.0	299.0
43308	12211	583.0	301.0
43320	12211	608.0	303.0
43332	12211	637.0	307.0
43344	12211	674.0	311.0
43356	12211	725.0	317.0
43368	12211	795.0	325.0
43380	12211	899.0	337.0
43392	12211	994.0	360.0
43128	12237	441.0	283.0
43140	12237	444.0	283.0
43152	12237	444.0	284.0
43164	12237	446.0	284.0
43176	12237	448.44444444444446	285.0
43188	12237	451.1111111111111	285.0
43200	12237	453.0	285.0
43212	12237	457.0	286.0
43224	12237	459.0	286.0
43236	12237	462.0	286.0
43248	12237	466.0	287.0
43260	12237	470.0	288.0
43272	12237	474.0	288.0
43284	12237	479.0	288.0
43296	12237	484.0	289.0
43308	12237	489.0	290.0
43320	12237	496.0	291.0
43332	12237	503.0	291.0
43344	12237	512.0	293.0
43356	12237	522.0	294.0
43368	12237	533.0	295.0
43380	12237	547.0	296.0
43392	12237	563.0	299.0
43404	12237	582.0	300.0
43344	12284	467.0	286.0
43356	12284	472.0	286.0
43368	12284	476.0	288.0
43380	12284	482.0	288.0
43392	12284	489.0	290.0
43404	12284	496.0	290.0
43416	12284	503.0	291.0
43428	12284	511.0	292.0
43440	12284	520.0	292.0
43452	12284	531.0	294.0
43464	12284	545.0	295.0
43476	12284	560.0	297.0
43488	12284	577.0	300.0
43500	12284	598.0	302.0
43512	12284	623.0	305.0
43524	12284	658.0	309.0
43536	12284	702.0	314.0
43548	12284	759.0	321.0
43560	12284	840.0	332.0
43572	12284	958.0	346.0
43584	12284	988.0	355.0
43596	12284	996.0	357.0
43608	12284	991.0	360.0
43356	12288	404.0	284.0
43368	12288	404.0	284.0
43380	12288	405.0	285.0
43392	12288	405.0	284.0
43404	12288	406.5	284.75
43416	12288	408.0	285.0
43428	12288	409.0	285.0
43440	12288	410.0	286.0
43452	12288	411.0	286.0
43464	12288	413.0	286.0
43476	12288	413.0	286.0
43488	12288	415.0	288.0
43500	12288	417.6666666666667	288.0
43512	12288	419.0	288.0
43524	12288	420.0	289.0
43536	12288	422.0	289.0
43548	12288	425.0	290.0
43560	12288	427.0	290.0
43572	12288	431.0	291.0
43584	12288	433.0	292.0
43596	12288	436.0	293.0
43608	12288	439.0	294.0
43620	12288	443.0	295.0
43632	12288	448.0	296.0
43644	12288	453.0	297.0
43656	12288	458.0	299.0
43668	12288	465.0	301.0
43680	12288	474.0	303.0
43692	12288	483.0	306.0
43704	12288	495.0	309.0
43716	12288	509.0	313.0
43728	12288	528.0	318.0
43740	12288	553.0	325.0
43752	12288	589.0	336.0
43764	12288	642.0	350.0
43776	12288	732.0	375.0
43788	12288	911.0	427.0
43800	12288	1027.0	507.0
43368	12289	430.14285714285717	285.0
43380	12289	430.9375	285.0
43392	12289	433.1875	285.0
43404	12289	435.4375	285.0
43416	12289	437.0	286.0
43428	12289	440.0	286.0
43440	12289	443.0	286.0
43452	12289	443.3333333333333	287.0
43464	12289	447.0	288.0
43476	12289	450.0	288.0
43488	12289	453.0	289.0
43500	12289	456.0	290.0
43512	12289	460.0	289.0
43524	12289	464.0	290.0
43536	12289	468.0	291.0
43548	12289	475.0	293.0
43560	12289	481.0	293.0
43572	12289	488.0	294.0
43584	12289	495.0	296.0
43596	12289	505.0	297.0
43608	12289	516.0	299.0
43620	12289	529.0	301.0
43632	12289	545.0	304.0
43644	12289	563.0	307.0
43656	12289	588.0	311.0
43668	12289	620.0	316.0
43680	12289	661.0	323.0
43692	12289	723.0	333.0
43704	12289	804.0	348.0
43716	12289	962.0	373.0
43728	12289	1015.0	403.0
43392	12292	452.0	285.0
43404	12292	456.0	286.0
43416	12292	458.0	285.0
43428	12292	463.0	286.0
43440	12292	467.0	287.0
43452	12292	471.0	288.0
43464	12292	476.0	288.0
43476	12292	481.0	289.0
43488	12292	487.0	290.0
43500	12292	494.0	291.0
43512	12292	500.0	292.0
43524	12292	509.0	292.0
43536	12292	518.0	294.0
43548	12292	529.0	295.0
43560	12292	542.0	296.0
43572	12292	558.0	298.0
43584	12292	576.0	300.0
43596	12292	598.0	303.0
43608	12292	626.0	306.0
43620	12292	662.0	310.0
43632	12292	709.0	315.0
43644	12292	775.0	323.0
43656	12292	872.0	335.0
43668	12292	983.0	354.0
43536	12331	446.4736842105263	287.2105263157895
43548	12331	450.89473684210526	287.8421052631579
43560	12331	455.0	289.0
43572	12331	460.0	291.0
43584	12331	464.0	291.0
43596	12331	471.0	292.0
43608	12331	476.0	293.0
43620	12331	483.0	294.0
43632	12331	490.0	295.0
43644	12331	499.0	298.0
43656	12331	510.0	299.0
43668	12331	522.0	301.0
43680	12331	537.0	304.0
43692	12331	555.0	307.0
43704	12331	577.0	311.0
43716	12331	605.0	315.0
43728	12331	644.0	322.0
43740	12331	698.0	331.0
43752	12331	777.0	344.0
43764	12331	909.0	367.0
43620	12352	418.0	287.0
43632	12352	420.0	288.0
43644	12352	422.0	288.0
43656	12352	425.0	288.0
43668	12352	426.0	288.0
43680	12352	427.0	289.0
43692	12352	431.0	289.0
43704	12352	433.0	289.0
43716	12352	436.0	291.0
43728	12352	438.0	292.0
43740	12352	442.0	293.0
43752	12352	445.0	294.0
43764	12352	451.0	295.0
43776	12352	454.0	296.0
43788	12352	461.0	297.0
43800	12352	468.0	299.0
43812	12352	476.0	301.0
43824	12352	486.0	303.0
43836	12352	497.0	306.0
43848	12352	511.0	309.0
43860	12352	528.0	314.0
43872	12352	552.0	319.0
43884	12352	584.0	327.0
43896	12352	629.0	339.0
43908	12352	702.0	357.0
43920	12352	831.0	389.0
43932	12352	1006.0	461.0
43656	12366	409.0	284.0
43668	12366	409.5	285.0
43680	12366	411.27272727272725	285.0
43692	12366	413.1818181818182	285.0
43704	12366	415.09090909090907	285.0
43716	12366	417.0	285.0
43728	12366	418.0	286.0
43740	12366	420.0	286.0
43752	12366	422.0	286.0
43764	12366	424.0	286.0
43776	12366	425.0	287.0
43788	12366	426.0	287.0
43800	12366	430.0	288.0
43812	12366	432.0	288.0
43824	12366	435.0	288.0
43836	12366	439.0	289.0
43848	12366	442.0	289.0
43860	12366	445.0	290.0
43872	12366	449.0	291.0
43884	12366	453.0	292.0
43896	12366	458.0	293.0
43908	12366	462.0	293.0
43920	12366	468.0	294.0
43932	12366	474.0	295.0
43944	12366	481.0	296.0
43956	12366	489.0	297.0
43968	12366	498.0	299.0
43980	12366	510.0	301.0
43992	12366	522.0	302.0
44004	12366	537.0	305.0
44016	12366	556.0	309.0
44028	12366	578.0	312.0
44040	12366	607.0	317.0
44052	12366	645.0	324.0
44064	12366	698.0	333.0
44076	12366	775.0	346.0
44088	12366	897.0	366.0
44100	12366	1001.0	403.0
43836	12443	418.0	286.0
43848	12443	420.0	286.0
43860	12443	421.0	286.0
43872	12443	422.0	287.0
43884	12443	424.0	287.0
43896	12443	425.0	287.0
43908	12443	427.0	288.0
43920	12443	428.0	288.0
43932	12443	430.0	289.0
43944	12443	432.0	290.0
43956	12443	433.0	290.0
43968	12443	436.0	290.0
43980	12443	437.0	291.0
43992	12443	441.0	292.0
44004	12443	444.0	293.0
44016	12443	447.0	294.0
44028	12443	451.0	295.0
44040	12443	456.0	296.0
44052	12443	462.0	298.0
44064	12443	469.0	300.0
44076	12443	475.0	301.0
44088	12443	487.0	304.0
44100	12443	497.0	307.0
44112	12443	511.0	310.0
44124	12443	528.0	315.0
44136	12443	552.0	320.0
44148	12443	583.0	328.0
44160	12443	629.0	340.0
44172	12443	701.0	358.0
44184	12443	830.0	391.0
44196	12443	1008.0	466.0
44088	12517	455.0	285.0
44100	12517	458.0	286.0
44112	12517	462.0	286.0
44124	12517	466.0	287.0
44136	12517	469.0	287.0
44148	12517	473.0	288.0
44160	12517	478.0	288.0
44172	12517	482.0	288.0
44184	12517	489.0	289.0
44196	12517	495.0	290.0
44208	12517	502.0	291.0
44220	12517	510.0	292.0
44232	12517	519.0	292.0
44244	12517	530.0	294.0
44256	12517	542.0	296.0
44268	12517	557.0	297.0
44280	12517	573.0	298.0
44292	12517	594.0	301.0
44304	12517	620.0	304.0
44316	12517	651.0	308.0
44328	12517	691.0	312.0
44340	12517	745.0	318.0
44352	12517	820.0	327.0
44364	12517	930.0	339.0
44148	12529	454.0	283.0
44160	12529	454.0	283.0
44172	12529	455.3333333333333	283.0
44184	12529	459.0	283.0
44196	12529	461.4117647058824	283.0
44208	12529	465.0	284.0
44220	12529	468.06976744186045	284.0
44232	12529	471.13953488372096	284.0
44244	12529	474.2093023255814	284.0
44256	12529	477.0	284.0
44268	12529	481.0	285.0
44280	12529	484.88235294117646	285.2352941176471
44292	12529	490.52941176470586	285.94117647058823
44304	12529	494.0	286.0
44316	12529	500.0	286.0
44328	12529	504.0	287.0
44340	12529	510.0	288.0
44352	12529	517.0	287.0
44364	12529	523.0	289.0
44376	12529	531.0	290.0
44388	12529	541.0	290.0
44400	12529	552.0	291.0
44412	12529	565.0	293.0
44424	12529	576.6923076923077	291.34615384615387
44436	12529	589.6153846153846	291.8076923076923
44448	12529	610.0	296.0
44148	12533	417.0	286.0
44160	12533	418.0	286.0
44172	12533	418.6666666666667	286.0
44184	12533	420.75	286.25
44196	12533	424.0	288.0
44208	12533	425.0	288.0
44220	12533	427.0	288.0
44232	12533	430.0	290.0
44244	12533	432.0	289.0
44256	12533	435.0	290.0
44268	12533	437.0	291.0
44280	12533	442.0	292.0
44292	12533	445.0	293.0
44304	12533	451.0	294.0
44316	12533	456.0	295.0
44328	12533	462.0	297.0
44340	12533	469.0	298.0
44352	12533	477.0	300.0
44364	12533	487.0	303.0
44376	12533	499.0	306.0
44388	12533	514.0	309.0
44400	12533	534.0	314.0
44412	12533	560.0	320.0
44424	12533	598.0	329.0
44436	12533	654.0	342.0
44448	12533	747.0	364.0
44460	12533	928.0	407.0
44160	12535	398.0	282.0
44172	12535	398.0	281.0
44184	12535	398.0	281.0
44196	12535	398.0	281.0
44208	12535	399.0	283.0
44220	12535	399.6	283.0
44232	12535	400.0	283.0
44244	12535	401.0	283.0
44256	12535	400.0	283.0
44268	12535	402.5882352941176	283.0
44280	12535	404.0	284.0
44292	12535	404.0	283.0
44304	12535	405.0	284.0
44316	12535	405.0	284.0
44328	12535	405.0	285.0
44340	12535	407.0	285.0
44352	12535	409.0	285.0
44364	12535	410.0	285.0
44376	12535	410.0	286.0
44388	12535	412.0	286.0
44400	12535	413.0	287.0
44412	12535	414.0	287.0
44424	12535	415.0	287.0
44436	12535	417.0	287.0
44448	12535	418.0	288.0
44460	12535	420.0	288.0
44472	12535	421.0	288.0
44484	12535	423.0	289.0
44496	12535	426.0	289.0
44508	12535	427.0	291.0
44520	12535	429.0	291.0
44532	12535	432.0	292.0
44544	12535	435.0	293.0
44556	12535	439.0	294.0
44568	12535	443.0	295.0
44580	12535	448.0	296.0
44592	12535	453.0	298.0
44604	12535	461.0	300.0
44616	12535	469.0	302.0
44628	12535	478.0	305.0
44640	12535	491.0	308.0
44652	12535	507.0	312.0
44664	12535	527.0	317.0
44676	12535	553.0	324.0
44688	12535	593.0	335.0
44700	12535	653.0	351.0
44712	12535	761.0	379.0
44724	12535	969.0	443.0
44172	12540	467.0	285.0
44184	12540	470.5	285.0625
44196	12540	476.5	285.8125
44208	12540	482.0	287.0
44220	12540	486.0	286.0
44232	12540	492.0	287.0
44244	12540	499.0	288.0
44256	12540	505.0	288.0
44268	12540	513.0	289.0
44280	12540	521.0	289.0
44292	12540	534.0	291.0
44304	12540	542.0	292.0
44316	12540	555.0	293.0
44328	12540	576.0	295.0
44340	12540	591.0	297.0
44352	12540	612.0	299.0
44364	12540	640.0	301.0
44376	12540	674.0	305.0
44388	12540	720.0	309.0
44400	12540	779.0	315.0
44412	12540	861.0	324.0
44424	12540	970.0	335.0
44268	12562	422.0	288.0
44280	12562	424.0	288.0
44292	12562	426.0	289.0
44304	12562	428.0	289.0
44316	12562	431.0	290.0
44328	12562	433.0	291.0
44340	12562	438.0	292.0
44352	12562	441.0	293.0
44364	12562	444.0	293.0
44376	12562	450.0	294.0
44388	12562	454.0	296.0
44400	12562	459.0	297.0
44412	12562	465.0	298.0
44424	12562	474.0	300.0
44436	12562	482.0	302.0
44448	12562	493.0	304.0
44460	12562	506.0	307.0
44472	12562	522.0	312.0
44484	12562	543.0	317.0
44496	12562	573.0	325.0
44508	12562	613.0	334.0
44520	12562	674.0	348.5
44532	12562	776.0	373.0
44544	12562	964.0	425.0
44496	12633	474.0	284.0
44508	12633	478.0	284.0
44520	12633	482.0	283.0
44532	12633	484.0	279.0
44544	12633	490.0	278.0
44556	12633	496.4	281.4
44568	12633	503.0	287.0
44580	12633	510.0	288.0
44592	12633	518.0	289.0
44604	12633	528.0	290.0
44616	12633	539.0	291.0
44628	12633	551.0	292.0
44640	12633	564.0	294.0
44652	12633	580.0	295.0
44664	12633	599.0	298.0
44676	12633	622.0	299.0
44688	12633	651.0	302.0
44700	12633	686.0	306.0
44712	12633	731.0	306.0
44724	12633	791.0	309.0
44736	12633	881.0	324.0
44748	12633	972.0	334.0
44760	12633	998.0	340.0
44664	12703	408.0	283.0
44676	12703	408.0	283.0
44688	12703	410.0	284.0
44700	12703	410.25	284.0
44712	12703	412.14285714285717	285.0
44724	12703	413.85714285714283	285.0
44736	12703	415.57142857142856	285.0
44748	12703	417.0	285.0
44760	12703	418.0	286.0
44772	12703	419.0	286.0
44784	12703	422.0	286.0
44796	12703	424.0	287.0
44808	12703	427.0	288.0
44820	12703	430.0	288.0
44832	12703	433.0	288.0
44844	12703	438.0	290.0
44856	12703	443.0	290.0
44868	12703	448.0	291.0
44880	12703	454.0	292.0
44892	12703	460.0	292.0
44904	12703	467.0	293.0
44916	12703	475.0	295.0
44928	12703	484.0	296.0
44940	12703	494.0	297.0
44952	12703	506.0	299.0
44964	12703	520.0	301.0
44976	12703	537.0	304.0
44988	12703	558.0	307.0
45000	12703	584.0	312.0
45012	12703	618.0	317.0
45024	12703	664.0	325.0
45036	12703	730.0	336.0
45048	12703	834.0	353.0
45060	12703	979.0	385.0
44688	12712	454.0	286.0
44700	12712	458.0	286.0
44712	12712	461.0	286.0
44724	12712	466.0	287.0
44736	12712	469.0	287.0
44748	12712	474.0	288.0
44760	12712	479.0	289.0
44772	12712	483.0	289.0
44784	12712	490.0	290.0
44796	12712	496.0	290.0
44808	12712	504.0	292.0
44820	12712	512.0	292.0
44832	12712	521.0	293.0
44844	12712	532.0	295.0
44856	12712	545.0	296.0
44868	12712	560.0	298.0
44880	12712	578.0	300.0
44892	12712	600.0	302.0
44904	12712	626.0	306.0
44916	12712	659.0	309.0
44928	12712	704.0	315.0
44940	12712	764.0	321.0
44952	12712	852.0	332.0
44964	12712	970.0	348.0
44700	12720	429.0	285.0
44712	12720	432.0	286.0
44724	12720	435.0	287.0
44736	12720	437.5	287.75
44748	12720	442.0	288.0
44760	12720	445.0	288.0
44772	12720	448.0	289.0
44784	12720	452.0	290.0
44796	12720	455.0	290.0
44808	12720	461.0	291.0
44820	12720	466.0	292.0
44832	12720	472.0	293.0
44844	12720	478.0	294.0
44856	12720	486.0	295.0
44868	12720	494.0	297.0
44880	12720	503.0	298.0
44892	12720	515.0	300.0
44904	12720	529.0	303.0
44916	12720	547.0	305.0
44928	12720	567.0	308.0
44940	12720	592.0	312.0
44952	12720	626.0	318.0
44964	12720	672.0	325.0
44976	12720	738.0	337.0
44988	12720	839.0	353.0
45000	12720	979.0	383.0
44820	12766	490.0	285.0
44832	12766	496.0	286.0
44844	12766	500.0	286.0
44856	12766	506.0	287.0
44868	12766	513.0	288.0
44880	12766	519.0	288.0
44892	12766	527.0	290.0
44904	12766	537.5	289.4
44916	12766	548.3	290.36
44928	12766	559.1	291.32
44940	12766	569.9	292.28
44952	12766	582.0	294.0
44964	12766	602.0	296.0
44976	12766	627.0	298.0
44988	12766	653.0	300.0
45000	12766	685.0	303.0
45012	12766	726.0	306.0
45024	12766	776.0	311.0
45036	12766	845.0	316.0
45048	12766	942.0	324.0
44904	12792	446.0	285.0
44916	12792	448.0	285.0
44928	12792	450.8181818181818	285.09090909090907
44940	12792	454.0	285.0
44952	12792	457.0	286.0
44964	12792	460.0	286.0
44976	12792	464.0	287.0
44988	12792	467.0	287.0
45000	12792	471.0	288.0
45012	12792	475.0	288.0
45024	12792	480.0	288.0
45036	12792	485.0	289.0
45048	12792	491.0	290.0
45060	12792	498.0	291.0
45072	12792	506.0	292.0
45084	12792	514.0	292.0
45096	12792	522.0	293.0
45108	12792	533.0	295.0
45120	12792	545.0	296.0
45132	12792	560.0	298.0
45144	12792	578.0	300.0
45156	12792	600.0	302.0
45168	12792	624.0	305.0
45180	12792	658.0	309.0
45192	12792	700.0	314.0
45204	12792	758.0	320.0
45216	12792	839.0	330.0
45228	12792	957.0	344.0
44940	12806	396.0	283.0
44952	12806	397.22222222222223	282.0
44964	12806	397.8888888888889	282.0
44976	12806	398.6060606060606	282.0
44988	12806	399.3333333333333	282.0
45000	12806	400.06060606060606	282.0
45012	12806	400.7878787878788	282.0
45024	12806	401.5151515151515	282.0
45036	12806	403.0	283.0
45048	12806	403.0	283.0
45060	12806	404.0	283.0
45072	12806	405.0	284.0
45084	12806	405.0	283.0
45096	12806	405.0	284.0
45108	12806	406.0	284.0
45120	12806	407.0	283.0
45132	12806	407.22222222222223	283.0
45144	12806	407.6666666666667	283.0
45156	12806	408.75	283.0
45168	12806	410.0	283.0
45180	12806	411.0	284.0
45192	12806	412.0	285.0
45204	12806	412.57142857142856	285.0
45216	12806	413.42857142857144	285.0
45228	12806	414.2857142857143	285.0
45240	12806	415.14285714285717	285.0
45252	12806	416.0	285.0
45264	12806	417.0	285.0
45276	12806	418.0	286.0
45288	12806	419.0	287.0
45300	12806	420.0	286.0
45312	12806	421.0	287.0
45324	12806	423.0	288.0
45336	12806	426.0	289.0
45348	12806	427.0	289.0
45360	12806	429.0	289.0
45372	12806	431.0	290.0
45384	12806	433.0	290.0
45396	12806	436.0	290.0
45408	12806	439.0	291.0
45420	12806	442.0	291.0
45432	12806	444.0	293.0
45444	12806	449.0	293.0
45456	12806	454.0	293.0
45468	12806	459.0	294.0
45000	12828	419.0	283.0
45012	12828	420.0	283.0
45024	12828	420.2	283.0
45036	12828	421.65625	283.09375
45048	12828	422.96875	283.28125
45060	12828	424.28125	283.46875
45072	12828	425.59375	283.65625
45084	12828	426.90625	283.84375
45096	12828	429.0	285.0
45108	12828	431.0	285.0
45120	12828	434.0	286.0
45132	12828	436.0	286.0
45144	12828	436.0	286.0
45156	12828	437.53333333333336	286.1333333333333
45168	12828	440.73333333333335	286.93333333333334
45180	12828	444.0	288.0
45192	12828	446.0	288.0
45204	12828	449.0	288.0
45216	12828	454.0	289.0
45228	12828	458.0	290.0
45240	12828	461.0	291.0
45252	12828	467.0	291.0
45264	12828	473.0	293.0
45276	12828	479.0	293.0
45288	12828	487.0	295.0
45300	12828	495.0	296.0
45312	12828	505.0	297.0
45324	12828	518.0	300.0
45336	12828	530.0	302.0
45348	12828	547.0	305.0
45360	12828	568.0	309.0
45372	12828	596.0	313.0
45384	12828	631.0	319.0
45396	12828	680.0	328.0
45408	12828	754.0	341.0
45420	12828	877.0	362.0
45432	12828	1006.0	408.0
45084	12847	480.0	286.0
45096	12847	483.0	285.0
45108	12847	485.0	285.0
45120	12847	491.0	285.0
45132	12847	496.0	286.0
45144	12847	501.0	286.0
45156	12847	506.0	287.0
45168	12847	513.0	287.0
45180	12847	520.0	288.0
45192	12847	526.0	289.0
45204	12847	538.0	289.0
45216	12847	546.0	290.0
45228	12847	556.0	292.0
45240	12847	568.0	292.0
45252	12847	582.0	294.0
45264	12847	598.0	295.0
45276	12847	616.0	296.0
45288	12847	638.0	298.0
45300	12847	664.0	301.0
45312	12847	694.0	303.0
45324	12847	734.0	306.0
45336	12847	783.0	311.0
45348	12847	849.0	316.0
45120	12858	457.0	287.0
45132	12858	461.0	287.0
45144	12858	464.6	286.4
45156	12858	469.0	287.0
45168	12858	474.0	288.0
45180	12858	478.0	288.0
45192	12858	484.0	289.0
45204	12858	490.0	290.0
45216	12858	498.0	291.0
45228	12858	507.0	292.0
45240	12858	516.0	293.0
45252	12858	529.0	295.0
45264	12858	542.0	296.0
45276	12858	559.0	299.0
45288	12858	579.0	301.0
45300	12858	605.0	303.0
45312	12858	637.0	308.0
45324	12858	681.0	313.0
45336	12858	741.0	320.0
45348	12858	829.0	330.0
45360	12858	963.0	347.0
45240	12907	392.0	284.0
45252	12907	392.0	286.0
45264	12907	393.0	286.0
45276	12907	395.0	287.0
45288	12907	394.0	287.0
45300	12907	395.0	287.0
45312	12907	395.0	288.0
45324	12907	396.0	288.0
45336	12907	397.0	289.0
45348	12907	399.0	289.0
45360	12907	400.0	290.0
45372	12907	403.0	291.0
45384	12907	407.0	292.0
45396	12907	410.0	293.0
45408	12907	414.0	294.0
45420	12907	419.0	296.0
45432	12907	424.0	297.0
45444	12907	432.0	299.0
45456	12907	442.0	301.0
45468	12907	452.0	303.0
45480	12907	466.0	306.0
45492	12907	483.0	310.0
45504	12907	505.0	315.0
45516	12907	534.0	323.0
45528	12907	576.0	333.0
45540	12907	642.0	350.0
45552	12907	763.0	381.0
45564	12907	988.0	454.0
45468	13021	417.6666666666667	286.6666666666667
45480	13021	419.0	287.0
45492	13021	419.0	287.0
45504	13021	420.0	288.0
45516	13021	420.0	288.0
45528	13021	424.0	288.0
45540	13021	425.0	289.0
45552	13021	427.0	290.0
45564	13021	429.0	290.0
45576	13021	432.0	291.0
45588	13021	435.0	291.0
45600	13021	437.0	292.0
45612	13021	440.0	293.0
45624	13021	443.0	294.0
45636	13021	447.0	295.0
45648	13021	452.0	296.0
45660	13021	458.0	298.0
45672	13021	463.0	299.0
45684	13021	470.0	301.0
45696	13021	479.0	303.0
45708	13021	489.0	305.0
45720	13021	501.0	309.0
45732	13021	515.0	312.0
45744	13021	534.0	316.0
45756	13021	556.0	322.0
45768	13021	590.0	330.0
45780	13021	637.0	342.0
45792	13021	711.0	359.0
45804	13021	835.0	389.0
45816	13021	1001.0	450.0
45576	13057	417.0	287.0
45588	13057	420.2857142857143	287.57142857142856
45600	13057	422.0	288.0
45612	13057	423.0	289.0
45624	13057	425.0	289.0
45636	13057	428.0	290.0
45648	13057	431.0	291.0
45660	13057	435.0	292.0
45672	13057	437.0	292.0
45684	13057	441.0	295.0
45696	13057	446.0	295.0
45708	13057	451.0	296.0
45720	13057	455.0	297.0
45732	13057	462.0	299.0
45744	13057	470.0	301.0
45756	13057	477.0	303.0
45768	13057	488.0	306.0
45780	13057	501.0	309.0
45792	13057	517.0	313.0
45804	13057	538.0	318.0
45816	13057	565.0	324.0
45828	13057	603.0	334.0
45840	13057	658.0	348.0
45852	13057	748.0	370.0
45864	13057	916.0	412.0
45876	13057	1020.0	469.0
45600	13061	410.0	285.0
45612	13061	410.0	284.0
45624	13061	410.0	285.0
45636	13061	411.0	286.0
45648	13061	413.8333333333333	286.0
45660	13061	415.0	286.0
45672	13061	417.0	286.0
45684	13061	419.0	287.0
45696	13061	420.0	288.0
45708	13061	422.0	288.0
45720	13061	423.0	288.0
45732	13061	425.0	288.0
45744	13061	427.0	289.0
45756	13061	428.0	289.0
45768	13061	432.0	291.0
45780	13061	434.0	291.0
45792	13061	437.0	292.0
45804	13061	440.0	293.0
45816	13061	444.0	294.0
45828	13061	448.0	295.0
45840	13061	453.0	296.0
45852	13061	459.0	297.0
45864	13061	465.0	299.0
45876	13061	473.0	301.0
45888	13061	482.0	303.0
45900	13061	492.0	306.0
45912	13061	506.0	309.0
45924	13061	522.0	312.0
45936	13061	542.0	317.0
45948	13061	569.0	324.0
45960	13061	606.0	333.0
45972	13061	661.0	347.0
45984	13061	749.0	369.0
45996	13061	914.0	409.0
46008	13061	1020.0	469.0
45780	13130	451.0	285.0
45792	13130	454.0	285.0
45804	13130	457.0	286.0
45816	13130	460.0	286.0
45828	13130	465.0	287.0
45840	13130	468.0	287.0
45852	13130	473.0	287.0
45864	13130	479.0	289.0
45876	13130	484.0	289.0
45888	13130	490.0	290.0
45900	13130	497.5846153846154	289.0923076923077
45912	13130	504.6	290.2
45924	13130	511.61538461538464	291.3076923076923
45936	13130	518.6307692307693	292.4153846153846
45948	13130	525.6461538461539	293.5230769230769
45960	13130	532.6615384615385	294.6307692307692
45972	13130	551.0	298.0
45984	13130	580.0	300.0
45996	13130	605.0	303.0
46008	13130	635.0	306.0
46020	13130	674.0	311.0
46032	13130	719.9473684210526	312.8421052631579
46044	13130	764.7894736842105	315.36842105263156
46056	13130	859.0	332.0
46068	13130	985.0	357.0
45792	13136	417.0	287.0
45804	13136	419.0	287.0
45816	13136	421.0	288.0
45828	13136	424.6470588235294	288.52941176470586
45840	13136	427.0	289.0
45852	13136	432.0	290.0
45864	13136	435.0	291.0
45876	13136	441.0	292.0
45888	13136	447.0	292.0
45900	13136	454.0	294.0
45912	13136	460.0	295.0
45924	13136	471.0	296.0
45936	13136	482.0	298.0
45948	13136	494.0	300.0
45960	13136	509.0	302.0
45972	13136	526.0	305.0
45984	13136	548.0	308.0
45996	13136	574.0	312.0
46008	13136	609.0	318.0
46020	13136	658.0	326.0
46032	13136	730.0	338.0
46044	13136	845.0	358.0
46056	13136	992.0	395.0
45900	13165	432.0	286.0
45912	13165	434.0	287.0
45924	13165	435.0	286.0
45936	13165	438.2857142857143	286.0
45948	13165	442.0	287.0
45960	13165	444.0	288.0
45972	13165	446.0	288.0
45984	13165	449.0	288.0
45996	13165	451.0	289.0
46008	13165	455.0	290.0
46020	13165	458.0	289.0
46032	13165	461.0	290.0
46044	13165	467.0	291.0
46056	13165	471.0	292.0
46068	13165	476.0	293.0
46080	13165	482.0	293.0
46092	13165	487.0	295.0
46104	13165	494.0	295.0
46116	13165	501.0	296.0
46128	13165	511.0	298.0
46140	13165	521.0	300.0
46152	13165	533.0	301.0
46164	13165	548.0	304.0
46176	13165	566.0	307.0
46188	13165	588.0	310.0
46200	13165	615.0	314.0
46212	13165	652.0	321.0
46224	13165	699.0	328.0
46236	13165	768.0	339.0
46248	13165	874.0	357.0
46260	13165	988.0	386.0
45900	13166	404.0	283.0
45912	13166	404.09302325581393	283.0
45924	13166	404.3720930232558	283.0
45936	13166	404.6511627906977	283.0
45948	13166	404.93023255813955	283.0
45960	13166	407.0	283.0
45972	13166	408.0	285.0
45984	13166	409.0	285.0
45996	13166	408.0	285.0
46008	13166	410.0	284.0
46020	13166	410.0	285.0
46032	13166	411.0	285.0
46044	13166	412.0	286.0
46056	13166	413.0	287.0
46068	13166	414.0	287.0
46080	13166	416.0	287.0
46092	13166	416.0	287.0
46104	13166	418.0	288.0
46116	13166	419.0	288.0
46128	13166	420.0	288.0
46140	13166	423.0	289.0
46152	13166	425.0	289.0
46164	13166	427.0	290.0
46176	13166	431.0	291.0
46188	13166	433.0	292.0
46200	13166	436.0	293.0
46212	13166	439.0	293.0
46224	13166	442.0	294.0
46236	13166	446.0	295.0
46248	13166	450.0	296.0
46260	13166	455.0	297.0
46272	13166	462.0	299.0
46284	13166	468.0	301.0
46296	13166	474.0	303.0
46308	13166	484.0	306.0
46320	13166	495.0	309.0
46332	13166	509.0	312.0
46344	13166	526.0	318.0
46356	13166	550.0	324.0
46368	13166	580.0	332.0
46380	13166	625.0	345.0
46392	13166	694.0	364.0
46404	13166	817.0	397.0
46416	13166	996.0	472.0
46080	13216	445.0	288.0
46092	13216	448.0	288.0
46104	13216	450.0	288.0
46116	13216	453.0	288.0
46128	13216	456.0	290.0
46140	13216	460.0	289.0
46152	13216	464.0	291.0
46164	13216	468.0	291.0
46176	13216	473.0	293.0
46188	13216	479.0	293.0
46200	13216	484.0	295.0
46212	13216	491.0	295.0
46224	13216	499.0	297.0
46236	13216	508.0	298.0
46248	13216	519.0	299.0
46260	13216	531.0	302.0
46272	13216	545.0	304.0
46284	13216	563.0	307.0
46296	13216	585.0	310.0
46308	13216	611.0	314.0
46320	13216	645.0	320.0
46332	13216	692.0	327.0
46344	13216	757.0	338.0
46356	13216	855.0	354.0
46368	13216	980.0	382.0
46164	13250	454.0	289.0
46176	13250	457.0	290.0
46188	13250	460.0	291.0
46200	13250	465.0	292.0
46212	13250	471.0	292.0
46224	13250	477.0	293.0
46236	13250	484.0	294.0
46248	13250	492.0	295.0
46260	13250	501.0	297.0
46272	13250	511.0	298.0
46284	13250	523.0	300.0
46296	13250	537.0	301.0
46308	13250	555.0	304.0
46320	13250	574.0	307.0
46332	13250	598.0	311.0
46344	13250	627.0	315.0
46356	13250	665.0	321.0
46368	13250	715.0	329.0
46380	13250	785.0	340.0
46392	13250	891.0	357.0
46404	13250	991.0	385.0
46188	13254	416.0	288.0
46200	13254	418.0	288.0
46212	13254	420.0	288.0
46224	13254	420.0	287.0
46236	13254	423.0	289.0
46248	13254	424.0	289.0
46260	13254	427.0	290.0
46272	13254	431.0	291.0
46284	13254	434.0	291.0
46296	13254	438.0	293.0
46308	13254	441.0	294.0
46320	13254	446.0	295.0
46332	13254	451.0	296.0
46344	13254	456.0	297.0
46356	13254	462.0	299.0
46368	13254	470.0	301.0
46380	13254	479.0	303.0
46392	13254	490.0	306.0
46404	13254	504.0	309.0
46416	13254	520.0	314.0
46428	13254	541.0	319.0
46440	13254	570.0	327.0
46452	13254	611.0	338.0
46464	13254	673.0	354.0
46476	13254	781.0	383.0
46488	13254	974.0	444.0
46212	13260	456.0	285.0
46224	13260	459.0	286.0
46236	13260	463.5	286.0
46248	13260	469.0	287.0
46260	13260	473.0	288.0
46272	13260	478.0	289.0
46284	13260	484.0	290.0
46296	13260	492.0	290.0
46308	13260	498.0	291.0
46320	13260	510.0	292.0
46332	13260	521.0	293.0
46344	13260	534.0	294.0
46356	13260	549.2608695652174	295.0869565217391
46368	13260	562.8260869565217	295.60869565217394
46380	13260	576.3913043478261	296.1304347826087
46392	13260	589.9565217391304	296.6521739130435
46404	13260	608.0	299.0
46416	13260	642.0	302.0
46428	13260	687.0	306.0
46440	13260	745.0	312.0
46452	13260	821.0	319.0
46464	13260	926.0	329.0
46224	13266	397.0	282.0
46236	13266	399.0	282.0
46248	13266	399.1967213114754	283.0
46260	13266	399.9836065573771	283.0
46272	13266	400.7704918032787	283.0
46284	13266	401.55737704918033	283.0
46296	13266	402.344262295082	283.0
46308	13266	403.6666666666667	283.0
46320	13266	404.0	283.0
46332	13266	405.0	283.0
46344	13266	407.0	284.0
46356	13266	408.0	284.0
46368	13266	409.0	284.0
46380	13266	411.16129032258067	285.0
46392	13266	413.48387096774195	285.0
46404	13266	415.80645161290323	285.0
46416	13266	418.0	285.0
46428	13266	419.0	286.0
46440	13266	423.0	286.0
46452	13266	426.3333333333333	287.0
46464	13266	429.0	287.0
46476	13266	432.0	288.0
46488	13266	435.0	288.0
46500	13266	438.0	289.0
46512	13266	444.0	289.0
46524	13266	448.0	290.0
46536	13266	453.0	291.0
46548	13266	459.0	291.0
46560	13266	465.0	292.0
46572	13266	472.0	293.0
46584	13266	480.0	295.0
46596	13266	487.0	296.0
46608	13266	497.0	297.0
46620	13266	508.0	298.0
46632	13266	521.0	301.0
46644	13266	536.0	303.0
46656	13266	556.0	307.0
46668	13266	579.0	311.0
46680	13266	611.0	316.0
46692	13266	654.0	323.0
46704	13266	713.0	334.0
46716	13266	808.0	350.0
46728	13266	964.0	379.0
46272	13303	415.0	287.0
46284	13303	417.0	286.0
46296	13303	420.0	286.0
46308	13303	422.0	287.0
46320	13303	425.0	288.0
46332	13303	428.0	288.0
46344	13303	432.0	288.0
46356	13303	435.0	289.0
46368	13303	440.0	290.0
46380	13303	443.0	290.0
46392	13303	448.0	291.0
46404	13303	453.0	292.0
46416	13303	459.0	293.0
46428	13303	465.0	294.0
46440	13303	472.0	295.0
46452	13303	480.0	296.0
46464	13303	490.0	297.0
46476	13303	500.0	300.0
46488	13303	512.0	302.0
46500	13303	527.0	304.0
46512	13303	545.0	307.0
46524	13303	567.0	311.0
46536	13303	595.0	316.0
46548	13303	633.0	322.0
46560	13303	686.0	331.0
46572	13303	768.0	346.0
46584	13303	899.0	368.0
46596	13303	1009.0	412.0
46416	13385	439.0	286.0
46428	13385	442.0	288.0
46440	13385	447.0	289.0
46452	13385	452.0	289.0
46464	13385	457.0	289.0
46476	13385	462.0	291.0
46488	13385	467.0	292.0
46500	13385	473.0	292.0
46512	13385	480.0	294.0
46524	13385	488.0	295.0
46536	13385	495.0	296.0
46548	13385	505.0	297.0
46560	13385	517.0	299.0
46572	13385	531.0	301.0
46584	13385	548.0	303.0
46596	13385	566.0	306.0
46608	13385	591.0	310.0
46620	13385	625.0	316.0
46632	13385	669.0	323.0
46644	13385	731.0	333.0
46656	13385	826.0	347.0
46668	13385	969.0	372.0
46512	13421	429.0	286.0
46524	13421	432.0	286.0
46536	13421	436.0	287.0
46548	13421	439.0	288.0
46560	13421	443.0	288.0
46572	13421	448.0	288.0
46584	13421	452.0	290.0
46596	13421	457.0	290.0
46608	13421	464.0	292.0
46620	13421	469.0	292.0
46632	13421	477.0	293.0
46644	13421	486.0	295.0
46656	13421	495.0	296.0
46668	13421	507.0	298.0
46680	13421	520.0	300.0
46692	13421	536.0	303.0
46704	13421	556.0	306.0
46716	13421	580.0	311.0
46728	13421	613.0	316.0
46740	13421	659.0	325.0
46752	13421	730.0	338.0
46764	13421	852.0	362.0
46776	13421	1008.0	414.0
46584	13443	407.0	285.0
46596	13443	407.0	284.0
46608	13443	409.0	285.0
46620	13443	410.0	285.0
46632	13443	410.0	286.0
46644	13443	412.0	286.0
46656	13443	413.0	286.0
46668	13443	414.0	286.5
46680	13443	418.0	288.0
46692	13443	420.0	288.0
46704	13443	421.0	288.0
46716	13443	423.0	289.0
46728	13443	426.0	289.0
46740	13443	428.0	290.0
46752	13443	431.0	291.0
46764	13443	434.0	292.0
46776	13443	437.0	292.0
46788	13443	441.0	295.0
46800	13443	445.0	295.0
46812	13443	451.0	296.0
46824	13443	457.0	298.0
46836	13443	464.0	300.0
46848	13443	472.0	302.0
46860	13443	483.0	305.0
46872	13443	496.0	309.0
46884	13443	513.0	313.0
46896	13443	535.0	319.0
46908	13443	566.0	327.0
46920	13443	610.0	338.0
46932	13443	684.0	358.0
46944	13443	819.0	393.0
46956	13443	1014.0	480.0
46608	13468	421.0	283.0
46620	13468	422.0	283.0
46632	13468	424.375	284.0
46644	13468	429.0	285.0
46656	13468	431.0	285.0
46668	13468	434.0	284.0
46680	13468	437.6666666666667	285.0
46692	13468	442.0	286.0
46704	13468	446.0	286.0
46716	13468	451.0	286.0
46728	13468	455.0	286.0
46740	13468	460.0	287.0
46752	13468	464.0	288.0
46764	13468	470.0	288.0
46776	13468	476.0	289.0
46788	13468	482.0	290.0
46800	13468	489.0	290.0
46812	13468	496.0	291.0
46824	13468	503.0	292.0
46836	13468	512.0	293.0
46848	13468	522.0	295.0
46860	13468	534.0	296.0
46872	13468	547.0	297.0
46884	13468	564.0	299.0
46896	13468	583.0	301.0
46908	13468	606.0	303.0
46920	13468	637.0	306.0
46932	13468	672.0	310.0
46944	13468	700.0	303.0
46956	13468	782.0	320.0
46968	13468	871.0	329.0
46980	13468	974.0	342.0
46668	13493	457.0	286.0
46680	13493	460.0	286.0
46692	13493	463.72727272727275	286.0
46704	13493	469.0	287.0
46716	13493	474.0	288.0
46728	13493	479.0	288.0
46740	13493	485.0	290.0
46752	13493	490.0	290.0
46764	13493	498.0	291.0
46776	13493	505.0	292.0
46788	13493	515.0	292.0
46800	13493	526.0	294.0
46812	13493	539.0	295.0
46824	13493	554.0	297.0
46836	13493	572.0	300.0
46848	13493	595.0	302.0
46860	13493	622.0	306.0
46872	13493	658.0	310.0
46884	13493	705.0	315.0
46896	13493	771.0	323.0
46908	13493	871.0	336.0
46920	13493	984.0	355.0
46848	13558	445.0	288.0
46860	13558	450.0	289.0
46872	13558	454.0	290.0
46884	13558	457.0	289.0
46896	13558	463.0	292.0
46908	13558	469.0	292.0
46920	13558	473.0	293.0
46932	13558	479.0	294.0
46944	13558	487.0	295.0
46956	13558	495.0	296.0
46968	13558	507.0	298.0
46980	13558	518.0	300.0
46992	13558	533.0	303.0
47004	13558	552.0	306.0
47016	13558	576.0	310.0
47028	13558	609.0	315.0
47040	13558	654.0	323.0
47052	13558	721.0	334.0
47064	13558	829.0	352.0
47076	13558	982.0	385.0
46860	13562	435.8	283.8
46872	13562	439.0	283.0
46884	13562	442.0	283.0
46896	13562	443.0	284.0
46908	13562	446.0	285.0
46920	13562	449.0	286.0
46932	13562	451.0	285.0
46944	13562	455.0	285.0
46956	13562	459.0	286.0
46968	13562	463.0	286.0
46980	13562	466.0	287.0
46992	13562	471.0	287.0
47004	13562	477.0	288.0
47016	13562	482.0	288.0
47028	13562	488.0	290.0
47040	13562	496.0	290.0
47052	13562	504.0	292.0
47064	13562	515.0	293.0
47076	13562	526.0	294.0
47088	13562	540.0	296.0
47100	13562	556.0	297.0
47112	13562	575.0	300.0
47124	13562	600.0	302.0
47136	13562	631.0	306.0
47148	13562	672.0	311.0
47160	13562	730.0	318.0
47172	13562	815.0	328.0
47184	13562	951.0	343.0
46968	13589	393.0	283.0
46980	13589	394.55555555555554	282.0
46992	13589	395.22222222222223	282.0
47004	13589	395.8888888888889	282.0
47016	13589	397.0	283.0
47028	13589	396.0	282.0
47040	13589	398.0	282.0
47052	13589	398.0	282.0
47064	13589	398.0	282.0
47076	13589	399.0	282.0
47088	13589	399.0	282.0
47100	13589	400.0	283.0
47112	13589	400.0	283.0
47124	13589	400.42857142857144	283.0
47136	13589	401.0	283.0
47148	13589	403.0	284.0
47160	13589	404.0	283.0
47172	13589	404.0	283.0
47184	13589	405.0	284.0
47196	13589	406.0	284.0
47208	13589	407.0	284.0
47220	13589	408.0	283.0
47232	13589	409.0	284.0
47244	13589	411.0	284.0
47256	13589	412.0	285.0
47268	13589	413.0	284.1111111111111
47280	13589	414.0	284.5
47292	13589	416.0	285.0
47304	13589	418.0	286.0
47316	13589	419.0	286.0
47328	13589	421.0	286.0
47340	13589	423.0	286.0
47352	13589	425.3333333333333	288.0
47364	13589	427.0	288.0
47376	13589	431.0	288.0
47388	13589	434.0	288.0
47400	13589	437.0	289.0
47412	13589	441.0	290.0
47424	13589	445.0	290.0
47436	13589	449.0	291.0
47448	13589	454.0	292.0
47460	13589	460.0	293.0
47472	13589	466.0	295.0
47484	13589	473.0	295.0
47496	13589	481.0	296.0
47508	13589	490.0	298.0
47520	13589	501.0	299.0
47532	13589	513.0	301.0
47544	13589	528.0	305.0
47556	13589	547.0	307.0
47568	13589	569.0	311.0
47580	13589	599.0	316.0
47592	13589	637.0	322.0
47604	13589	692.0	331.0
47616	13589	773.0	346.0
47628	13589	904.0	367.0
47640	13589	1007.0	406.0
46968	13594	416.0	282.5
46980	13594	418.0	282.0
46992	13594	418.54545454545456	282.0
47004	13594	419.0	283.0
47016	13594	421.0	283.0
47028	13594	421.0	283.0
47040	13594	421.0	283.0
47052	13594	422.0	283.0
47064	13594	424.0	283.0
47076	13594	424.0	284.0
47088	13594	426.2	285.0
47100	13594	429.0	285.0
47112	13594	429.0	284.0
47124	13594	431.0	284.0
47136	13594	432.0	285.0
47148	13594	435.0	286.0
47160	13594	437.0	286.0
47172	13594	439.0	287.0
47184	13594	442.0	287.0
47196	13594	443.0	288.0
47208	13594	447.0	288.0
47220	13594	449.0	289.0
47232	13594	454.0	289.0
47244	13594	457.0	290.0
47256	13594	462.0	290.0
47268	13594	467.0	292.0
47280	13594	472.0	293.0
47292	13594	478.0	293.0
47304	13594	485.0	294.0
47316	13594	492.0	296.0
47328	13594	501.0	297.0
47340	13594	511.0	299.0
47352	13594	524.0	301.0
47364	13594	539.0	304.0
47376	13594	559.0	307.0
47388	13594	584.0	311.0
47400	13594	615.0	317.0
47412	13594	661.0	325.0
47424	13594	727.0	336.0
47436	13594	831.0	354.0
47448	13594	979.0	387.0
47076	13612	441.3333333333333	283.0
47088	13612	441.85714285714283	283.0
47100	13612	444.0	283.0
47112	13612	444.0	284.0
47124	13612	447.0	284.0
47136	13612	449.0	284.0
47148	13612	453.0	284.0
47160	13612	455.0	285.0
47172	13612	457.0	286.0
47184	13612	460.0	287.0
47196	13612	464.0	287.0
47208	13612	467.0	287.0
47220	13612	472.0	288.0
47232	13612	477.0	288.0
47244	13612	481.0	289.0
47256	13612	487.0	289.0
47268	13612	493.0	290.0
47280	13612	500.0	292.0
47292	13612	509.0	292.0
47304	13612	518.0	293.0
47316	13612	529.0	295.0
47328	13612	540.0	296.0
47340	13612	555.0	297.0
47352	13612	572.0	299.0
47364	13612	593.0	302.0
47376	13612	619.0	305.0
47388	13612	652.0	309.0
47400	13612	695.0	314.0
47412	13612	755.0	321.0
47424	13612	839.0	331.0
47436	13612	965.0	347.0
47304	13646	445.0	283.0
47316	13646	447.0	283.0
47328	13646	450.05555555555554	283.0
47340	13646	452.0	283.0
47352	13646	454.0	283.0
47364	13646	455.0	283.0
47376	13646	458.0	284.0
47388	13646	462.1111111111111	284.0
47400	13646	465.0	284.0
47412	13646	469.0	284.0
47424	13646	472.0	285.0
47436	13646	476.0	286.0
47448	13646	480.0	287.0
47460	13646	485.0	286.0
47472	13646	490.0	287.0
47484	13646	495.0	289.0
47496	13646	502.0	288.0
47508	13646	508.0	289.0
47520	13646	516.0	290.0
47532	13646	525.0	291.0
47544	13646	535.0	291.0
47556	13646	545.3846153846154	290.3076923076923
47568	13646	556.1538461538462	290.9230769230769
47580	13646	566.9230769230769	291.53846153846155
47592	13646	580.0	296.0
47604	13646	607.0	298.0
47616	13646	636.0	301.0
47628	13646	668.0	304.0
47640	13646	709.0	308.0
47652	13646	763.0	313.0
47664	13646	836.0	321.0
47676	13646	940.0	330.0
47316	13647	464.0	286.0
47328	13647	464.5217391304348	285.4782608695652
47340	13647	465.3333333333333	285.0
47352	13647	468.0	284.0
47364	13647	473.2	285.0
47376	13647	479.0	286.0
47388	13647	483.0	286.0
47400	13647	486.0	287.0
47412	13647	491.0	287.0
47424	13647	497.0	288.0
47436	13647	503.0	288.0
47448	13647	510.0	289.0
47460	13647	516.0	290.0
47472	13647	525.0	291.0
47484	13647	535.0	292.0
47496	13647	546.0	292.0
47508	13647	559.0	294.0
47520	13647	572.0	295.0
47532	13647	589.0	296.0
47544	13647	609.0	299.0
47556	13647	632.0	301.0
47568	13647	661.0	304.0
47580	13647	697.0	307.0
47592	13647	744.0	312.0
47604	13647	805.0	317.0
47616	13647	891.0	326.0
47628	13647	979.0	337.0
47400	13660	421.0	283.0
47412	13660	423.25	283.5625
47424	13660	426.25	284.3125
47436	13660	429.0	285.0
47448	13660	430.0	285.0
47460	13660	432.0	285.0
47472	13660	434.0	285.0
47484	13660	435.0	286.0
47496	13660	436.0	286.0
47508	13660	438.0	287.0
47520	13660	442.8	286.0
47532	13660	445.0	286.0
47544	13660	446.0	287.0
47556	13660	450.0	288.0
47568	13660	451.0	289.0
47580	13660	457.0	290.0
47592	13660	460.0	289.0
47604	13660	465.0	291.0
47616	13660	470.0	292.0
47628	13660	476.0	293.0
47640	13660	483.0	294.0
47652	13660	490.0	295.0
47664	13660	500.0	297.0
47676	13660	511.0	299.0
47688	13660	525.0	301.0
47700	13660	541.0	304.0
47712	13660	561.0	308.0
47724	13660	588.0	312.0
47736	13660	624.0	318.0
47748	13660	674.0	327.0
47760	13660	753.0	340.0
47772	13660	885.0	363.0
47784	13660	1006.0	403.0
47496	13683	457.0	285.0
47508	13683	458.0	284.0
47520	13683	462.0	284.5
47532	13683	465.0	285.0
47544	13683	467.0	285.0
47556	13683	471.0	284.0
47568	13683	475.6666666666667	285.0
47580	13683	481.0	287.0
47592	13683	485.0	287.0
47604	13683	488.0	286.0
47616	13683	494.0	288.0
47628	13683	500.0	288.0
47640	13683	507.0	289.0
47652	13683	515.0	290.0
47664	13683	524.0	291.0
47676	13683	535.0	291.0
47688	13683	546.0	293.0
47700	13683	560.0	294.0
47712	13683	577.0	295.0
47724	13683	595.0	297.0
47736	13683	615.3333333333334	298.97435897435895
47748	13683	635.3333333333334	301.12820512820514
47760	13683	655.3333333333334	303.28205128205127
47772	13683	704.0	307.0
47784	13683	768.0	314.0
47796	13683	845.0	321.0
47808	13683	955.0	332.0
47568	13710	456.0	283.0
47580	13710	458.88461538461536	281.3269230769231
47592	13710	462.11538461538464	280.1730769230769
47604	13710	465.34615384615387	279.0192307692308
47616	13710	468.5769230769231	277.86538461538464
47628	13710	472.7142857142857	277.42857142857144
47640	13710	478.0769230769231	278.0
47652	13710	483.6363636363636	279.09090909090907
47664	13710	491.0	287.0
47676	13710	497.0	290.0
47688	13710	503.0	291.0
47700	13710	512.0	292.0
47712	13710	521.0	293.0
47724	13710	534.0	294.0
47736	13710	548.0	296.0
47748	13710	564.0	298.0
47760	13710	585.0	301.0
47772	13710	606.0	303.0
47784	13710	636.0	306.0
47796	13710	673.0	311.0
47808	13710	721.0	316.0
47820	13710	789.0	324.0
47832	13710	888.0	336.0
47844	13710	983.0	356.0
47676	13725	457.75	286.0
47688	13725	455.0	285.0
47700	13725	458.0	286.0
47712	13725	459.0	286.0
47724	13725	465.0	286.0
47736	13725	468.0	287.0
47748	13725	472.0	287.0
47760	13725	478.0	288.0
47772	13725	482.0	288.0
47784	13725	488.0	289.0
47796	13725	495.0	290.0
47808	13725	502.0	291.0
47820	13725	511.0	292.0
47832	13725	519.0	293.0
47844	13725	530.0	295.0
47856	13725	541.0	296.0
47868	13725	556.0	298.0
47880	13725	572.0	300.0
47892	13725	593.0	302.0
47904	13725	617.0	305.0
47916	13725	649.0	309.0
47928	13725	690.0	314.0
47940	13725	746.0	321.0
47952	13725	825.0	330.0
47964	13725	946.0	345.0
47676	13727	428.0	285.0
47688	13727	429.0	285.0
47700	13727	431.0	285.0
47712	13727	432.0	285.0
47724	13727	434.0	286.0
47736	13727	435.0	286.0
47748	13727	438.4	286.0
47760	13727	440.0	286.0
47772	13727	442.0	287.0
47784	13727	445.0	288.0
47796	13727	447.0	288.0
47808	13727	450.0	289.0
47820	13727	453.0	289.0
47832	13727	456.0	289.0
47844	13727	460.0	290.0
47856	13727	464.0	291.0
47868	13727	469.0	292.0
47880	13727	474.0	293.0
47892	13727	481.0	294.0
47904	13727	487.0	295.0
47916	13727	494.0	296.0
47928	13727	503.0	297.0
47940	13727	513.0	298.0
47952	13727	525.0	301.0
47964	13727	540.0	303.0
47976	13727	558.0	306.0
47988	13727	578.0	309.0
48000	13727	605.0	313.0
48012	13727	639.5	319.0
48024	13727	687.0	327.0
48036	13727	754.0	338.0
48048	13727	858.0	355.0
48060	13727	991.0	385.0
47688	13729	464.0	286.0
47700	13729	467.0	287.0
47712	13729	472.0	288.0
47724	13729	478.0	288.0
47736	13729	482.0	289.0
47748	13729	487.0	290.0
47760	13729	493.0	290.0
47772	13729	501.0	291.0
47784	13729	508.0	292.0
47796	13729	517.0	293.0
47808	13729	528.0	294.0
47820	13729	538.0	296.0
47832	13729	551.0	297.0
47844	13729	568.0	299.0
47856	13729	588.0	302.0
47868	13729	612.0	305.0
47880	13729	641.0	307.0
47892	13729	679.0	313.0
47904	13729	729.0	318.0
47916	13729	798.0	327.0
47928	13729	901.0	340.0
47940	13729	992.0	361.0
47700	13733	420.0	283.0
47712	13733	418.8378378378378	283.1621621621622
47724	13733	418.5135135135135	283.4864864864865
47736	13733	418.18918918918916	283.81081081081084
47748	13733	418.0	283.8095238095238
47760	13733	418.0	283.23809523809524
47772	13733	418.5	283.0
47784	13733	420.0	283.0
47796	13733	420.0	282.0
47808	13733	422.0	283.0
47820	13733	423.0	284.0
47832	13733	423.0	284.0
47844	13733	424.0	284.0
47856	13733	425.0	285.0
47868	13733	427.0	285.0
47880	13733	429.0	285.0
47892	13733	432.0	286.0
47904	13733	434.0	287.0
47916	13733	437.0	287.0
47928	13733	439.0	286.0
47940	13733	442.0	287.0
47952	13733	444.0	288.0
47964	13733	448.0	288.0
47976	13733	450.0	289.0
47988	13733	454.0	290.0
48000	13733	458.0	290.0
48012	13733	462.0	291.0
48024	13733	467.0	292.0
48036	13733	473.0	293.0
48048	13733	479.0	293.0
48060	13733	486.0	294.0
48072	13733	494.0	296.0
48084	13733	502.0	297.0
48096	13733	513.0	299.0
48108	13733	526.0	301.0
48120	13733	541.0	303.0
48132	13733	559.0	307.0
48144	13733	582.0	310.0
48156	13733	611.0	315.0
48168	13733	648.0	321.0
48180	13733	702.0	330.0
48192	13733	779.0	343.0
48204	13733	904.0	364.0
48216	13733	1003.0	400.0
47784	13746	431.0	285.0
47796	13746	435.0	285.0
47808	13746	436.0	285.0
47820	13746	439.6	285.0
47832	13746	442.0	286.0
47844	13746	445.0	287.0
47856	13746	447.0	288.0
47868	13746	450.0	288.0
47880	13746	455.0	289.0
47892	13746	459.0	290.0
47904	13746	462.0	291.0
47916	13746	467.0	291.0
47928	13746	471.0	292.0
47940	13746	475.0	293.0
47952	13746	482.0	294.0
47964	13746	490.0	295.0
47976	13746	496.0	296.0
47988	13746	505.0	297.0
48000	13746	516.0	300.0
48012	13746	528.0	301.0
48024	13746	543.0	304.0
48036	13746	561.0	307.0
48048	13746	583.0	311.0
48060	13746	611.0	315.0
48072	13746	649.0	321.0
48084	13746	699.0	330.0
48096	13746	771.0	341.0
48108	13746	887.0	361.0
48120	13746	997.0	397.0
47940	13800	456.0	286.0
47952	13800	460.0	287.0
47964	13800	465.0	286.0
47976	13800	467.0	286.0
47988	13800	472.0	288.0
48000	13800	478.0	288.0
48012	13800	482.0	288.0
48024	13800	488.0	289.0
48036	13800	494.0	289.0
48048	13800	502.0	291.0
48060	13800	509.0	292.0
48072	13800	518.0	293.0
48084	13800	529.0	294.0
48096	13800	541.0	295.0
48108	13800	556.0	297.0
48120	13800	572.0	298.0
48132	13800	593.0	301.0
48144	13800	617.0	304.0
48156	13800	648.0	308.0
48168	13800	686.0	312.0
48180	13800	740.0	317.0
48192	13800	815.0	327.0
48204	13800	927.0	338.0
48048	13857	453.0	283.0
48060	13857	455.0	283.0
48072	13857	457.0	284.0
48084	13857	460.0	283.0
48096	13857	464.0	285.0
48108	13857	467.0	285.0
48120	13857	470.0	285.0
48132	13857	474.5	285.0
48144	13857	479.0	286.0
48156	13857	483.0	287.0
48168	13857	487.0	286.0
48180	13857	492.0	287.0
48192	13857	497.0	288.0
48204	13857	503.0	288.0
48216	13857	509.0	289.0
48228	13857	516.0	290.0
48240	13857	525.0	290.0
48252	13857	535.0	291.0
48264	13857	545.0	292.0
48276	13857	558.0	294.0
48288	13857	572.0	295.0
48300	13857	590.0	297.0
48312	13857	610.0	299.0
48324	13857	636.0	302.0
48336	13857	668.0	304.0
48348	13857	708.0	309.0
48360	13857	763.0	314.0
48372	13857	837.0	321.0
48384	13857	945.0	331.0
48180	13907	427.0	284.0
48192	13907	429.45454545454544	284.0
48204	13907	431.13513513513516	284.18918918918916
48216	13907	433.0810810810811	284.5135135135135
48228	13907	435.02702702702703	284.8378378378378
48240	13907	437.0	286.0
48252	13907	439.0	286.0
48264	13907	442.0	287.0
48276	13907	444.0	286.0
48288	13907	448.0	287.0
48300	13907	451.0	288.0
48312	13907	454.0	289.0
48324	13907	458.0	289.0
48336	13907	463.0	290.0
48348	13907	468.0	291.0
48360	13907	474.0	292.0
48372	13907	481.0	293.0
48384	13907	488.0	294.0
48396	13907	495.0	295.0
48408	13907	505.0	297.0
48420	13907	517.0	299.0
48432	13907	532.0	301.0
48444	13907	547.0	304.0
48456	13907	572.0	306.0
48468	13907	591.0	311.0
48480	13907	627.0	317.0
48492	13907	674.0	324.0
48504	13907	744.0	334.0
48516	13907	853.0	353.0
48528	13907	975.0	382.0
48540	13907	958.0	386.0
48552	13907	992.0	385.0
48312	13944	417.0	286.0
48324	13944	418.0	287.0
48336	13944	420.0	288.0
48348	13944	421.0	288.0
48360	13944	424.0	288.0
48372	13944	426.0	289.0
48384	13944	430.0	290.0
48396	13944	432.0	289.0
48408	13944	438.0	291.0
48420	13944	442.0	292.0
48432	13944	447.0	292.0
48444	13944	454.0	293.0
48456	13944	461.0	294.0
48468	13944	468.0	296.0
48480	13944	477.0	297.0
48492	13944	487.0	298.0
48504	13944	500.0	301.0
48516	13944	514.0	303.0
48528	13944	532.0	306.0
48540	13944	553.0	309.0
48552	13944	580.0	314.0
48564	13944	615.0	319.0
48576	13944	665.0	327.0
48588	13944	733.0	339.0
48600	13944	842.0	357.0
48612	13944	984.0	390.0
48456	13970	441.0	286.0
48468	13970	444.0	287.0
48480	13970	446.0	288.0
48492	13970	449.0	288.0
48504	13970	452.0	289.0
48516	13970	456.0	290.0
48528	13970	460.0	290.0
48540	13970	466.0	291.0
48552	13970	470.0	292.0
48564	13970	477.0	293.0
48576	13970	483.0	294.0
48588	13970	490.0	295.0
48600	13970	499.0	296.0
48612	13970	510.0	297.0
48624	13970	521.0	300.0
48636	13970	536.0	302.0
48648	13970	553.0	304.0
48660	13970	574.0	308.0
48672	13970	601.0	312.0
48684	13970	637.0	318.0
48696	13970	687.0	326.0
48708	13970	760.0	338.0
48720	13970	876.0	357.0
48732	13970	996.0	391.0
48468	13976	417.0	286.0
48480	13976	418.0	286.0
48492	13976	418.0	287.0
48504	13976	420.0	288.0
48516	13976	423.0	288.0
48528	13976	425.0	289.0
48540	13976	427.0	290.0
48552	13976	430.0	290.0
48564	13976	434.0	291.0
48576	13976	437.0	292.0
48588	13976	441.0	293.0
48600	13976	446.0	294.0
48612	13976	451.0	295.0
48624	13976	457.0	296.0
48636	13976	463.0	298.0
48648	13976	471.0	300.0
48660	13976	481.0	303.0
48672	13976	493.0	306.0
48684	13976	510.0	309.0
48696	13976	530.0	315.0
48708	13976	557.0	322.0
48720	13976	596.0	332.0
48732	13976	661.0	348.0
48744	13976	773.0	378.0
48756	13976	983.0	444.0
48504	13979	468.0	284.0
48516	13979	475.2	286.0
48528	13979	480.0	286.0
48540	13979	483.0	286.0
48552	13979	485.6	286.1
48564	13979	493.0	288.0
48576	13979	498.0	287.0
48588	13979	504.0	288.0
48600	13979	511.0	289.0
48612	13979	518.0	289.0
48624	13979	527.0	290.0
48636	13979	533.4285714285714	289.64285714285717
48648	13979	542.0	290.5
48660	13979	550.5714285714286	291.35714285714283
48672	13979	560.0	293.0
48684	13979	579.0	295.0
48696	13979	600.0	298.0
48708	13979	621.0	300.0
48720	13979	646.0	302.0
48732	13979	677.0	305.0
48744	13979	702.0	287.0
48552	13994	454.0	285.0
48564	13994	458.0	286.0
48576	13994	461.0	286.0
48588	13994	466.0	286.0
48600	13994	468.0	287.0
48612	13994	472.0	287.0
48624	13994	476.0	288.0
48636	13994	480.0	288.0
48648	13994	485.0	289.0
48660	13994	490.0	289.0
48672	13994	493.5625	288.375
48684	13994	497.3125	286.875
48696	13994	501.0625	285.375
48708	13994	510.0	291.0
48720	13994	519.0	293.0
48732	13994	529.0	294.0
48744	13994	538.0	295.0
48756	13994	550.0	296.0
48768	13994	564.0	299.0
48780	13994	579.0	300.0
48792	13994	596.0	302.0
48804	13994	604.0	287.0
48564	14000	416.0	287.0
48576	14000	417.0	288.0
48588	14000	419.0	288.0
48600	14000	421.0	288.0
48612	14000	423.0	289.0
48624	14000	427.0	290.0
48636	14000	430.0	291.0
48648	14000	433.0	292.0
48660	14000	437.0	293.0
48672	14000	442.0	294.0
48684	14000	446.0	295.0
48696	14000	452.0	296.0
48708	14000	460.0	298.0
48720	14000	466.0	301.0
48732	14000	477.0	302.0
48744	14000	489.0	305.0
48756	14000	503.0	309.0
48768	14000	522.0	313.0
48780	14000	548.0	320.0
48792	14000	584.0	328.0
48804	14000	638.0	342.0
48816	14000	733.0	366.0
48828	14000	922.0	413.0
48624	14015	406.0	283.0
48636	14015	407.0	285.0
48648	14015	407.45454545454544	285.0
48660	14015	409.0	285.0
48672	14015	411.0	284.0
48684	14015	412.0	285.0
48696	14015	414.0	286.0
48708	14015	414.0	287.0
48720	14015	415.0	287.0
48732	14015	417.0	287.0
48744	14015	419.0	288.0
48756	14015	420.0	288.0
48768	14015	422.0	287.0
48780	14015	424.0	289.0
48792	14015	426.0	289.0
48804	14015	429.0	290.0
48816	14015	432.0	291.0
48828	14015	435.0	292.0
48840	14015	438.0	293.0
48852	14015	442.0	294.0
48864	14015	447.0	295.0
48876	14015	452.0	295.0
48888	14015	458.0	297.0
48900	14015	466.0	299.0
48912	14015	474.0	301.0
48924	14015	484.0	304.0
48936	14015	498.0	308.0
48948	14015	515.0	312.0
48960	14015	537.0	318.0
48972	14015	567.0	325.0
48984	14015	610.0	337.0
48996	14015	682.0	355.0
49008	14015	818.0	390.0
49020	14015	1008.0	473.0
48840	14083	419.0	287.0
48852	14083	423.0	288.0
48864	14083	423.0	288.0
48876	14083	425.0	289.0
48888	14083	427.0	289.0
48900	14083	429.0	290.0
48912	14083	432.0	291.0
48924	14083	435.0	292.0
48936	14083	438.0	292.0
48948	14083	444.0	294.0
48960	14083	449.0	295.0
48972	14083	454.0	296.0
48984	14083	460.0	297.0
48996	14083	468.0	299.0
49008	14083	476.0	300.0
49020	14083	487.0	303.0
49032	14083	500.0	306.0
49044	14083	514.0	309.0
49056	14083	532.0	314.0
49068	14083	559.0	319.0
49080	14083	590.0	327.0
49092	14083	638.0	339.0
49104	14083	711.0	356.0
49116	14083	840.0	387.0
49128	14083	1001.0	453.0
48936	14121	418.0	289.0
48948	14121	421.0	289.0
48960	14121	425.0	291.0
48972	14121	428.0	291.0
48984	14121	433.0	292.0
48996	14121	435.0	292.0
49008	14121	441.0	294.0
49020	14121	447.0	296.0
49032	14121	451.0	297.0
49044	14121	457.0	298.0
49056	14121	463.0	301.0
49068	14121	470.0	302.0
49080	14121	481.0	305.0
49092	14121	492.0	307.0
49104	14121	507.0	311.0
49116	14121	525.0	315.0
49128	14121	546.0	321.0
49140	14121	578.0	330.0
49152	14121	625.0	342.0
49164	14121	696.0	362.0
49176	14121	824.0	396.0
49188	14121	1004.0	473.0
48984	14137	407.0	284.0
48996	14137	407.0	285.0
49008	14137	406.0	284.0
49020	14137	406.0	285.0
49032	14137	407.0	286.0
49044	14137	406.0	287.0
49056	14137	405.0	287.0
49068	14137	406.0	287.0
49080	14137	405.0	288.0
49092	14137	405.0	288.0
49104	14137	404.0	288.0
49116	14137	406.0	289.0
49128	14137	408.0	290.0
49140	14137	410.0	290.0
49152	14137	411.0	290.0
49164	14137	414.0	292.0
49176	14137	417.0	293.0
49188	14137	420.0	293.0
49200	14137	424.0	294.0
49212	14137	427.0	295.0
49224	14137	433.0	296.0
49236	14137	439.0	298.0
49248	14137	445.0	299.0
49260	14137	452.0	302.0
49272	14137	460.0	304.0
49284	14137	472.0	306.0
49296	14137	484.0	310.0
49308	14137	499.0	314.0
49320	14137	520.0	319.0
49332	14137	546.0	327.0
49344	14137	584.0	337.0
49356	14137	639.0	353.0
49368	14137	734.0	378.0
49380	14137	920.0	429.0
49392	14137	1025.0	497.0
49008	14145	423.0	288.0
49020	14145	427.0	288.0
49032	14145	429.0	290.0
49044	14145	432.0	290.0
49056	14145	435.0	291.0
49068	14145	439.0	293.0
49080	14145	442.0	295.0
49092	14145	445.0	295.0
49104	14145	450.0	296.0
49116	14145	455.0	297.0
49128	14145	461.0	299.0
49140	14145	468.0	300.0
49152	14145	476.0	302.0
49164	14145	486.0	305.0
49176	14145	498.0	308.0
49188	14145	511.0	311.0
49200	14145	530.0	315.0
49212	14145	551.0	321.0
49224	14145	581.0	328.0
49236	14145	624.0	339.0
49248	14145	686.0	355.0
49260	14145	791.0	382.0
49272	14145	971.0	434.0
49200	14232	478.0	285.0
49212	14232	481.0	284.0
49224	14232	484.0	285.0
49236	14232	488.2352941176471	285.0
49248	14232	493.0833333333333	285.4166666666667
49260	14232	498.0	286.0
49272	14232	503.0	287.0
49284	14232	510.0	287.0
49296	14232	516.0	288.0
49308	14232	523.0	288.0
49320	14232	532.0	289.0
49332	14232	542.9411764705883	291.02941176470586
49344	14232	554.2352941176471	291.38235294117646
49356	14232	565.5294117647059	291.7352941176471
49368	14232	577.0	293.0
49380	14232	593.0	294.0
49392	14232	611.0	295.0
49404	14232	627.0	293.0
49416	14232	649.0	296.0
49428	14232	681.0	301.0
49440	14232	725.0	305.0
49452	14232	780.0	311.0
49464	14232	849.0	317.0
49476	14232	939.0	312.0
49416	14311	454.0	285.0
49428	14311	457.0	286.0
49440	14311	461.0	287.0
49452	14311	465.0	286.0
49464	14311	468.0	287.0
49476	14311	472.0	288.0
49488	14311	477.5	288.0
49500	14311	483.0	289.0
49512	14311	489.0	290.0
49524	14311	496.0	291.0
49536	14311	505.0	292.0
49548	14311	514.0	293.0
49560	14311	526.0	294.0
49572	14311	538.0	295.0
49584	14311	553.0	297.0
49596	14311	571.0	299.0
49608	14311	594.0	302.0
49620	14311	622.0	305.0
49632	14311	657.0	310.0
49644	14311	706.0	315.0
49656	14311	775.0	324.0
49668	14311	878.0	336.0
49680	14311	988.0	356.0
49440	14316	443.0	284.0
49452	14316	445.0	285.0
49464	14316	447.0	285.0
49476	14316	447.4225352112676	284.0
49488	14316	448.4366197183099	284.0
49500	14316	449.4507042253521	284.0
49512	14316	450.46478873239437	284.0
49524	14316	451.4788732394366	284.0
49536	14316	452.49295774647885	284.0
49548	14316	454.0	284.0
49560	14316	457.0	286.0
49572	14316	460.0	286.0
49584	14316	464.0	286.0
49596	14316	467.0	287.0
49608	14316	474.0	289.0
49620	14316	479.0	289.0
49632	14316	484.0	290.0
49644	14316	491.0	291.0
49656	14316	498.0	292.0
49668	14316	506.0	293.0
49680	14316	517.0	295.0
49692	14316	530.0	297.0
49704	14316	546.0	300.0
49716	14316	566.0	303.0
49728	14316	593.0	307.0
49740	14316	630.0	313.0
49752	14316	686.0	322.0
49764	14316	775.0	336.0
49776	14316	940.0	363.0
49488	14327	452.0	285.0
49500	14327	455.0	286.0
49512	14327	458.0	286.0
49524	14327	463.25	286.75
49536	14327	467.0	288.0
49548	14327	472.0	288.0
49560	14327	478.0	289.0
49572	14327	483.0	290.0
49584	14327	490.0	290.0
49596	14327	497.0	292.0
49608	14327	506.0	293.0
49620	14327	516.0	294.0
49632	14327	528.0	295.0
49644	14327	543.0	296.0
49656	14327	560.0	299.0
49668	14327	580.0	301.0
49680	14327	606.0	304.0
49692	14327	639.0	308.0
49704	14327	682.0	314.0
49716	14327	740.0	320.0
49728	14327	827.0	331.0
49740	14327	959.0	347.0
49524	14342	417.0	283.0
49536	14342	418.09090909090907	283.0
49548	14342	418.0	283.0
49560	14342	418.42857142857144	284.0
49572	14342	420.6	284.0
49584	14342	422.0	284.0
49596	14342	423.7142857142857	283.0
49608	14342	424.0	283.0
49620	14342	424.9032258064516	284.0
49632	14342	426.4516129032258	284.0
49644	14342	428.0	284.0
49656	14342	429.3333333333333	285.0
49668	14342	431.0	285.0
49680	14342	432.0	285.0
49692	14342	434.0	286.0
49704	14342	437.0	286.0
49716	14342	440.0	286.0
49728	14342	442.85185185185185	286.4074074074074
49740	14342	445.962962962963	286.85185185185185
49752	14342	447.0	288.0
49764	14342	450.0	288.0
49776	14342	451.5	288.25
49788	14342	456.0	289.0
49800	14342	460.0	289.0
49812	14342	464.0	291.0
49824	14342	469.25	291.25
49836	14342	474.0	292.0
49848	14342	480.6666666666667	293.0
49860	14342	488.0	295.0
49872	14342	495.0	295.0
49884	14342	505.0	297.0
49896	14342	516.0	299.0
49908	14342	528.0	301.0
49920	14342	544.0	304.0
49932	14342	563.0	308.0
49944	14342	587.0	311.0
49956	14342	620.0	316.5
49968	14342	664.0	325.0
49980	14342	727.0	336.0
49992	14342	822.0	350.0
50004	14342	967.0	380.0
50016	14342	1011.0	393.0
49704	14388	422.0	283.0
49716	14388	422.0	284.0
49728	14388	422.0	283.0
49740	14388	424.85714285714283	283.2857142857143
49752	14388	426.57142857142856	283.85714285714283
49764	14388	428.0	285.0
49776	14388	429.0	285.0
49788	14388	430.0	284.0
49800	14388	432.0	285.0
49812	14388	434.0	286.0
49824	14388	436.0	286.0
49836	14388	439.0	286.0
49848	14388	441.0	286.0
49860	14388	443.0	287.0
49872	14388	446.0	288.0
49884	14388	449.0	288.0
49896	14388	453.0	288.0
49908	14388	457.0	289.0
49920	14388	461.0	289.0
49932	14388	466.0	291.0
49944	14388	471.0	291.0
49956	14388	476.0	292.0
49968	14388	483.0	294.0
49980	14388	490.0	295.0
49992	14388	499.0	296.0
50004	14388	511.0	298.0
50016	14388	523.0	300.0
50028	14388	539.0	303.0
50040	14388	558.0	306.0
50052	14388	585.0	310.0
50064	14388	616.0	315.0
50076	14388	659.0	322.0
50088	14388	722.0	332.0
50100	14388	823.0	349.0
50112	14388	973.0	378.0
49728	14400	458.0	285.0
49740	14400	461.0	286.0
49752	14400	465.6363636363636	286.0
49764	14400	469.0	286.0
49776	14400	474.0	288.0
49788	14400	479.0	288.0
49800	14400	484.0	288.0
49812	14400	489.0	289.0
49824	14400	495.0	290.0
49836	14400	502.0	291.0
49848	14400	510.0	292.0
49860	14400	519.0	293.0
49872	14400	531.0	295.0
49884	14400	544.0	296.0
49896	14400	560.0	298.0
49908	14400	578.0	301.0
49920	14400	600.0	303.0
49932	14400	628.0	306.0
49944	14400	665.0	311.0
49956	14400	714.0	316.0
49968	14400	785.0	325.0
49980	14400	890.0	338.0
49992	14400	993.0	361.0
49776	14411	416.0	283.0
49788	14411	416.0	282.0
49800	14411	418.0	283.0
49812	14411	420.0	283.0
49824	14411	421.0	283.0
49836	14411	423.0	284.0
49848	14411	424.54545454545456	285.0
49860	14411	426.1818181818182	285.0
49872	14411	428.0	285.0
49884	14411	430.0	285.0
49896	14411	432.0	286.0
49908	14411	434.0	287.0
49920	14411	436.0	287.0
49932	14411	438.0	287.0
49944	14411	441.0	288.0
49956	14411	445.0	288.0
49968	14411	448.0	289.0
49980	14411	452.0	289.0
49992	14411	455.0	290.0
50004	14411	461.0	290.0
50016	14411	466.0	292.0
50028	14411	471.0	292.0
50040	14411	478.0	294.0
50052	14411	486.0	295.0
50064	14411	494.0	297.0
50076	14411	505.0	299.0
50088	14411	518.0	301.0
50100	14411	532.0	303.0
50112	14411	552.0	307.0
50124	14411	576.0	311.0
50136	14411	607.0	317.0
50148	14411	652.0	324.0
50160	14411	716.0	335.0
50172	14411	820.0	353.0
50184	14411	976.0	385.0
49908	14439	417.0	283.0
49920	14439	417.0	283.0
49932	14439	418.0	283.0
49944	14439	420.0	283.0
49956	14439	421.0	283.0
49968	14439	422.0	283.0
49980	14439	423.0	283.0
49992	14439	425.7142857142857	284.0
50004	14439	427.0	285.0
50016	14439	428.0	285.0
50028	14439	430.0	285.0
50040	14439	433.0	285.0
50052	14439	435.0	286.0
50064	14439	438.1	287.0
50076	14439	440.0	287.0
50088	14439	443.0	288.0
50100	14439	445.0	288.0
50112	14439	450.0	289.0
50124	14439	454.0	290.0
50136	14439	457.0	289.0
50148	14439	463.0	291.0
50160	14439	468.0	292.0
50172	14439	474.0	293.0
50184	14439	482.0	294.0
50196	14439	490.0	295.0
50208	14439	499.0	297.0
50220	14439	511.0	298.0
50232	14439	524.0	300.0
50244	14439	541.0	303.0
50256	14439	562.0	307.0
50268	14439	588.0	311.0
50280	14439	623.0	316.0
50292	14439	672.0	325.0
50304	14439	743.0	336.0
50316	14439	856.0	355.0
50328	14439	992.0	389.0
50172	14529	446.0	285.0
50184	14529	447.0	285.0
50196	14529	454.0	285.0
50208	14529	456.27272727272725	284.6363636363636
50220	14529	460.0	286.0
50232	14529	464.2142857142857	286.64285714285717
50244	14529	468.0	287.0
50256	14529	473.0	288.0
50268	14529	478.0	288.0
50280	14529	484.0	289.0
50292	14529	490.0	290.0
50304	14529	497.0	291.0
50316	14529	505.0	292.0
50328	14529	515.0	293.0
50340	14529	526.0	294.0
50352	14529	540.0	296.0
50364	14529	556.0	297.0
50376	14529	576.0	300.0
50388	14529	599.0	302.0
50400	14529	629.0	306.0
50412	14529	669.0	311.0
50424	14529	722.0	317.0
50436	14529	801.0	326.0
50448	14529	921.0	341.0
50172	14534	429.0	283.0
50184	14534	430.0	282.0
50196	14534	432.0	283.0
50208	14534	433.0	284.0
50220	14534	434.0	283.0
50232	14534	435.0	283.0
50244	14534	437.72727272727275	283.8181818181818
50256	14534	439.90909090909093	283.27272727272725
50268	14534	442.0	283.0
50280	14534	444.7142857142857	285.0
50292	14534	446.0	285.0
50304	14534	449.0	285.0
50316	14534	451.6	285.0
50328	14534	455.625	286.0
50340	14534	458.0	286.0
50352	14534	463.14285714285717	286.0
50364	14534	466.0	287.0
50376	14534	471.0	287.0
50388	14534	477.0	288.0
50400	14534	482.0	289.0
50412	14534	488.5	289.0
50424	14534	494.0	289.0
50436	14534	504.0	291.0
50448	14534	513.0	292.0
50460	14534	524.0	293.0
50472	14534	536.0	294.0
50484	14534	538.0	294.0
50496	14534	550.75	295.25
50508	14534	564.5	296.0
50520	14534	585.0	299.0
50532	14534	610.0	301.0
50544	14534	642.0	305.0
50556	14534	685.0	310.0
50568	14534	743.0	316.0
50580	14534	828.0	326.0
50592	14534	958.0	341.0
50388	14579	430.1666666666667	284.1666666666667
50400	14579	431.0	285.0
50412	14579	433.0	285.0
50424	14579	435.0	286.0
50436	14579	437.72727272727275	287.0
50448	14579	441.0	286.0
50460	14579	443.0	287.0
50472	14579	446.0	288.0
50484	14579	449.0	288.0
50496	14579	452.0	289.0
50508	14579	456.0	290.0
50520	14579	461.0	291.0
50532	14579	465.0	291.0
50544	14579	471.0	292.0
50556	14579	477.0	293.0
50568	14579	484.0	294.0
50580	14579	491.0	295.0
50592	14579	500.0	296.0
50604	14579	512.0	298.0
50616	14579	525.0	300.0
50628	14579	540.0	303.0
50640	14579	559.0	306.0
50652	14579	585.0	310.0
50664	14579	617.0	315.0
50676	14579	662.0	323.0
50688	14579	730.0	334.0
50700	14579	831.0	350.0
50712	14579	979.0	381.0
50400	14580	418.9	283.0
50412	14580	420.7	283.0
50424	14580	422.4516129032258	283.16129032258067
50436	14580	424.19354838709677	283.35483870967744
50448	14580	425.93548387096774	283.5483870967742
50460	14580	427.6774193548387	283.741935483871
50472	14580	429.4193548387097	283.93548387096774
50484	14580	430.0	284.0
50496	14580	432.0	285.0
50508	14580	434.0	286.0
50520	14580	435.0	286.0
50532	14580	437.77777777777777	286.55555555555554
50544	14580	441.0	287.0
50556	14580	443.0	288.0
50568	14580	446.0	288.0
50580	14580	448.0	288.0
50592	14580	452.0	289.0
50604	14580	457.0	290.0
50616	14580	460.0	290.0
50628	14580	466.0	291.0
50640	14580	472.0	293.0
50652	14580	478.0	293.0
50664	14580	485.0	294.0
50676	14580	492.0	296.0
50688	14580	502.0	297.0
50700	14580	512.0	299.0
50712	14580	527.0	302.0
50724	14580	543.0	304.0
50736	14580	563.0	307.0
50748	14580	589.0	312.0
50760	14580	625.0	318.0
50772	14580	672.0	325.0
50784	14580	742.0	337.0
50796	14580	856.0	357.0
50808	14580	992.0	392.0
50436	14587	475.0	285.0
50448	14587	481.0	285.0
50460	14587	486.0	285.0
50472	14587	494.0	286.0
50484	14587	497.6666666666667	286.6666666666667
50496	14587	503.0	286.0
50508	14587	509.0	288.0
50520	14587	516.0	288.0
50532	14587	523.0	289.0
50544	14587	532.0	289.0
50556	14587	542.0	290.0
50568	14587	553.0	292.0
50580	14587	565.0	292.0
50592	14587	579.0	294.0
50604	14587	595.0	295.0
50616	14587	615.0	296.0
50628	14587	638.0	299.0
50640	14587	666.0	301.0
50652	14587	701.0	304.0
50664	14587	746.0	308.0
50676	14587	802.0	313.0
50688	14587	880.0	319.0
50700	14587	969.0	328.0
50568	14622	431.0	286.0
50580	14622	432.0	286.0
50592	14622	434.0	286.0
50604	14622	437.0	286.0
50616	14622	440.0	287.0
50628	14622	443.0	288.0
50640	14622	444.0	288.0
50652	14622	447.0	288.0
50664	14622	451.0	289.0
50676	14622	455.0	290.0
50688	14622	458.0	291.0
50700	14622	463.0	292.0
50712	14622	468.0	293.0
50724	14622	475.0	293.0
50736	14622	481.0	295.0
50748	14622	489.0	295.0
50760	14622	498.0	297.0
50772	14622	509.0	299.0
50784	14622	522.0	301.0
50796	14622	537.0	304.0
50808	14622	556.0	307.0
50820	14622	580.0	311.0
50832	14622	611.0	316.0
50844	14622	653.0	323.0
50856	14622	714.0	333.0
50868	14622	806.0	349.0
50880	14622	957.0	375.0
50892	14622	1015.0	399.0
50652	14641	429.0	285.0
50664	14641	430.0	285.0
50676	14641	432.0	285.0
50688	14641	433.0	285.0
50700	14641	435.0	286.0
50712	14641	437.0	287.0
50724	14641	440.0	286.0
50736	14641	443.0	287.0
50748	14641	445.0	288.0
50760	14641	449.0	289.0
50772	14641	452.0	289.0
50784	14641	456.0	290.0
50796	14641	461.0	290.0
50808	14641	466.0	292.0
50820	14641	471.0	291.0
50832	14641	477.0	293.0
50844	14641	484.0	294.0
50856	14641	492.0	295.0
50868	14641	501.0	297.0
50880	14641	512.0	299.0
50892	14641	525.0	300.0
50904	14641	541.0	303.0
50916	14641	562.0	306.0
50928	14641	587.0	310.0
50940	14641	620.0	316.0
50952	14641	665.0	323.0
50964	14641	731.0	334.0
50976	14641	834.0	351.0
50988	14641	980.0	381.0
50772	14668	430.0	284.0
50784	14668	429.0	285.0
50796	14668	430.6	285.0
50808	14668	431.0	285.0
50820	14668	434.6666666666667	285.0
50832	14668	437.7142857142857	286.2857142857143
50844	14668	440.2857142857143	286.7142857142857
50856	14668	442.61538461538464	287.0
50868	14668	445.0	287.0
50880	14668	448.0	288.0
50892	14668	450.5	288.0
50904	14668	456.0	289.0
50916	14668	460.0	289.0
50928	14668	465.0	291.0
50940	14668	471.0	291.0
50952	14668	478.0	293.0
50964	14668	484.0	294.0
50976	14668	492.0	295.0
50988	14668	502.0	297.0
51000	14668	515.0	298.0
51012	14668	529.0	301.0
51024	14668	547.0	303.0
51036	14668	570.0	307.0
51048	14668	600.0	312.0
51060	14668	641.0	319.0
51072	14668	698.0	328.0
51084	14668	788.0	343.0
51096	14668	941.0	367.0
50844	14690	456.0	286.0
50856	14690	458.27272727272725	285.45454545454544
50868	14690	462.0	286.0
50880	14690	467.0	287.0
50892	14690	470.0	287.0
50904	14690	475.0	288.0
50916	14690	480.0	288.0
50928	14690	487.0	289.0
50940	14690	493.0	289.0
50952	14690	501.0	291.0
50964	14690	509.0	292.0
50976	14690	519.0	292.0
50988	14690	531.0	294.0
51000	14690	546.0	296.0
51012	14690	563.0	298.0
51024	14690	584.0	300.0
51036	14690	610.0	303.0
51048	14690	644.0	307.0
51060	14690	690.0	313.0
51072	14690	751.0	320.0
51084	14690	844.0	331.0
51096	14690	968.0	341.0
50940	14712	460.0	284.0
50952	14712	463.0	285.0
50964	14712	464.5	285.25
50976	14712	469.0	286.0
50988	14712	475.0	287.0
51000	14712	477.0	287.0
51012	14712	482.0	288.0
51024	14712	488.0	289.0
51036	14712	493.0	290.0
51048	14712	501.0	291.0
51060	14712	507.0	291.0
51072	14712	518.0	293.0
51084	14712	527.0	294.0
51096	14712	540.0	295.0
51108	14712	552.0	297.0
51120	14712	568.0	298.0
51132	14712	589.0	301.0
51144	14712	611.0	303.0
51156	14712	642.0	307.0
51168	14712	680.0	310.0
51180	14712	730.0	316.0
51192	14712	797.0	324.0
51204	14712	895.0	334.0
51216	14712	985.0	352.0
50952	14716	415.0	286.0
50964	14716	417.0	287.0
50976	14716	419.0	287.0
50988	14716	420.0	287.0
51000	14716	422.0	287.0
51012	14716	425.0	288.0
51024	14716	426.0	288.0
51036	14716	428.0	289.0
51048	14716	431.0	290.0
51060	14716	433.0	291.0
51072	14716	437.0	291.0
51084	14716	440.0	292.0
51096	14716	444.0	293.0
51108	14716	449.0	295.0
51120	14716	454.0	296.0
51132	14716	460.0	297.0
51144	14716	467.0	299.0
51156	14716	476.0	302.0
51168	14716	486.0	305.0
51180	14716	501.0	308.0
51192	14716	519.0	313.0
51204	14716	543.0	319.0
51216	14716	577.0	328.0
51228	14716	633.0	342.0
51240	14716	726.0	367.0
51252	14716	928.0	418.0
51084	14752	423.5217391304348	284.17391304347825
51096	14752	425.0869565217391	284.69565217391306
51108	14752	426.8333333333333	285.0
51120	14752	429.0	285.0
51132	14752	431.55555555555554	285.0
51144	14752	434.0	286.0
51156	14752	435.0	286.0
51168	14752	437.125	286.0
51180	14752	441.0	287.0
51192	14752	444.0	287.0
51204	14752	446.0	288.0
51216	14752	450.0	289.0
51228	14752	452.0	289.0
51240	14752	457.0	290.0
51252	14752	460.0	289.0
51264	14752	465.0	291.0
51276	14752	470.0	292.0
51288	14752	476.0	293.0
51300	14752	482.0	294.0
51312	14752	489.0	295.0
51324	14752	498.0	296.0
51336	14752	509.0	298.0
51348	14752	520.0	300.0
51360	14752	534.0	302.0
